,px,py,area (pixels),flux (noise-normed)
0,906.4245610959281,3476.37578424038,21.0,65380.73998836287
1,5829.037502165118,4011.004571678693,12.0,40286.12485627387
2,6236.188383620732,6262.193563141535,16.0,34663.08362658588
3,2086.7982979379203,539.3753967193039,21.0,28281.1403249165
4,662.4146480153936,1131.3418160722479,21.0,22891.087161032898
5,2244.6166836789203,1905.1267278899895,15.0,20621.137003819276
6,9054.261261647422,1934.083976209083,18.0,18406.35071137048
7,8435.509628058739,1483.8351510709072,18.0,13900.370505547318
8,9066.103028772484,3646.962986233457,19.0,13279.078688601861
9,7002.944594854402,3264.0784854289986,11.0,11859.800058053377
10,7514.782239404037,2274.5889184220705,15.0,10153.074168434334
11,1475.157645717836,3255.2817417059564,17.0,9488.11466119563
12,9079.85972860331,2693.6706618193766,18.0,9400.363801957858
13,6097.988955635301,3944.6952421470646,10.0,8559.314147397572
14,8451.192077456975,4399.515332694197,16.0,6807.421022854323
15,7465.862937683678,869.2680748227912,18.0,6568.091159821797
16,5649.165247447304,4473.442913139062,11.0,6051.532837480589
17,5454.65307835511,680.7513658386072,14.0,5303.3660743931005
18,90.44810037223223,944.0622646881823,24.0,4994.94570602173
19,6924.124627393207,2929.2729633690033,12.0,4446.0054287101075
20,4363.764186188927,4414.18476715592,11.0,4395.362718647969
21,1631.873845670902,2688.5920618016844,16.0,4391.4658734869645
22,4878.464056914507,6365.207849306769,15.0,4227.756488496829
23,2376.8782715627517,5771.506736595925,17.0,4058.3131316566223
24,7891.550622660823,5026.583765455664,16.0,3865.308467087185
25,2573.2729707554213,1983.6485812967614,13.0,3852.9232118600344
26,6659.056177298065,2200.9767482252737,11.0,3732.634461314435
27,7484.638351745719,2361.9208717324236,13.0,3691.780159207243
28,6527.9717951947005,280.20976693775276,17.0,3620.052006581004
29,9494.94737531617,3223.9366178679943,19.0,3598.866611918823
30,7844.7202561101985,948.027441594494,19.0,3577.854276186011
31,6301.503405389828,2970.5077469879984,12.0,3515.031137423107
32,1064.8976257157499,1232.7321022008678,20.0,3483.301446897898
33,1431.2142858486395,357.4801088994,21.0,3349.8997329945764
34,2581.484831882509,1543.3616379346531,13.0,3329.784376729346
35,4702.7867572540845,381.4298760502265,16.0,3210.461284406226
36,4506.094180583406,3859.264879460409,10.0,3199.861302890788
37,6630.606297756877,4593.577116058321,12.0,3107.897252183545
38,9142.487960264674,1411.9716660331944,18.0,3020.4330856786246
39,1811.8835271510864,2285.128420283328,17.0,3016.6850786922737
40,4700.419565580187,624.5818447389379,13.0,2976.723975362179
41,1965.3963368379245,1042.1353721504552,16.0,2973.857792736796
42,5533.898871757949,4530.474805686048,12.0,2945.3522376280707
43,6109.089413740686,24.07295136638632,18.0,2906.367906035527
44,7404.336597448256,5964.184396889525,16.0,2881.0423844198053
45,7028.203295519458,2016.790718730955,13.0,2867.9337550955916
46,4043.7632972161264,3658.1198818952944,10.0,2843.0313512192124
47,6854.213628242004,4607.194604515047,12.0,2834.112749888153
48,2706.011347041667,6135.328385902571,18.0,2834.0631974586568
49,5461.915533514169,2653.1262648332345,9.0,2824.8799136991684
50,804.7838798767802,3094.5585131357548,20.0,2757.455331652711
51,8381.03916934952,738.3938933151384,19.0,2740.3418131625913
52,6447.829280951963,2438.1919705187997,12.0,2713.0838921185323
53,1851.6665490587689,2491.3999380778923,14.0,2708.0308690393813
54,5261.359616172943,2392.5408842897996,12.0,2706.418574448864
55,7918.023577858843,6149.526270748692,17.0,2683.292875615223
56,4473.0843042605375,1990.9988930463144,9.0,2670.8023487104992
57,1700.2849457028597,5778.427471283577,18.0,2669.5131397300247
58,5724.873710096591,2399.4604077991,12.0,2638.0781927885664
59,6863.511549289874,114.9127563331858,18.0,2588.7417815192716
60,7934.793636575179,4774.559432910381,14.0,2538.636216020072
61,8228.515136692546,3747.036853542871,16.0,2535.303350149382
62,5271.85547731748,5714.576817729469,14.0,2511.217646428595
63,2652.7338636335926,1994.7445689646477,14.0,2499.900191897428
64,4867.418610933635,4159.317867026626,12.0,2483.6836138137096
65,6329.571313368062,3857.7028582027783,12.0,2469.5081042008233
66,7945.831983436196,1901.9344189027313,16.0,2453.8595741712334
67,988.6516706765046,1857.7605848256635,17.0,2383.7167108377485
68,5782.330102260348,4952.644201149918,13.0,2325.3406513830714
69,6199.8204174873445,4339.342007588696,12.0,2317.493576275776
70,4606.2729749612645,5298.720197868714,13.0,2279.6105557288256
71,5066.532560613201,5774.962523668338,14.0,2251.321597673699
72,5265.68956895568,2380.9170618260773,10.0,2195.7188618107093
73,4845.8192462335155,5730.984955760966,11.0,2175.837339364098
74,720.6313130725644,1264.2057234849854,18.0,2142.4881763697226
75,3868.650599844662,4854.144110944686,12.0,2117.355792139083
76,4070.9039074786524,3380.2251097860826,10.0,2087.383089433783
77,1066.3508522257616,5794.168860329157,18.0,2080.364523523702
78,2513.153777618675,4658.981031204532,13.0,2052.9991650119455
79,6198.093495411368,2559.0680919131137,10.0,1985.7084630458157
80,7048.723812566748,5587.446713806961,13.0,1962.5335713260736
81,6495.544317719366,1442.7120929837754,13.0,1940.765051533635
82,5240.964392854109,4353.973336310456,9.0,1932.5417803455293
83,1989.4381226897947,803.7956641931785,17.0,1897.083379247519
84,9356.767041303367,3938.9154110942545,18.0,1881.0549388196068
85,3383.5590529834867,3100.564643749945,12.0,1847.4884441657593
86,3259.6071768461693,5419.679499228246,14.0,1840.1061830793878
87,4978.6593368206495,2685.9561963853457,10.0,1821.7470620417637
88,8145.391240282108,4034.8098708501893,13.0,1743.7075601748438
89,4178.858427545161,551.1308821423764,14.0,1734.097947099759
90,7333.07618875743,5234.096600185955,13.0,1728.9719247065398
91,6683.935710604078,3452.0211580112687,10.0,1714.2858853171967
92,6283.327204822103,5081.609882303279,12.0,1704.9905647482497
93,9099.84478328508,1818.8108594600328,18.0,1700.3409247971992
94,5252.401061126946,2034.8930717010132,11.0,1687.5492562862974
95,6018.532720855062,1680.2521925917526,13.0,1683.3744624599797
96,478.71266238770846,400.3387916210491,23.0,1678.1997671694955
97,1078.1581739362405,4091.213365998051,17.0,1676.1587657759242
98,7267.950933011706,6095.646342358584,15.0,1674.225193158555
99,3219.1914467120837,1742.0102905015433,12.0,1665.0901277607177
100,6441.97994775357,4482.206935303913,10.0,1661.7205864355724
101,6133.798032409219,1209.3907806757493,13.0,1630.208471926388
102,119.6272558009283,3632.8745953994926,20.0,1626.149156266339
103,2886.012914232164,3373.900805273114,10.0,1626.1405391542005
104,4767.247300566974,3584.4074423119605,12.0,1617.9335641784269
105,3558.342270564941,4468.658692352921,13.0,1617.3325902901731
106,2312.8617437563594,3829.773085653548,12.0,1600.8514867442086
107,2690.9523394568128,2404.20373477807,10.0,1562.8415209827613
108,2631.6369009486903,6296.894882500338,16.0,1556.034779078534
109,4652.754640049271,3331.159878249749,10.0,1545.9173999211878
110,3567.86826516734,1408.750708692773,13.0,1541.0931469724678
111,8387.145566417303,788.3549639488472,18.0,1538.5855955926706
112,1662.303483081297,3996.634124558957,14.0,1533.8692457460297
113,1601.8855736764372,4921.0533851760165,19.0,1517.514525186569
114,8980.567692038348,335.5554140245606,18.0,1513.2455424940106
115,2236.5600244545594,1865.8433156113397,15.0,1501.0242748476758
116,2707.0614475655284,449.0169514322669,18.0,1496.9837669321184
117,9293.879609905527,4967.596206742838,20.0,1494.8343694775585
118,5420.176409823935,454.7569854936585,14.0,1491.6444417696353
119,1852.1408564660153,1832.4631210205462,16.0,1474.0911342400511
120,3960.0437620948287,5010.699645297308,11.0,1438.9907688245887
121,8742.508736092943,3156.238291510672,17.0,1435.5856754738015
122,1501.9936540278256,4516.664307713406,15.0,1431.314963001673
123,6071.851672618652,3253.6954059582818,11.0,1424.8841539423358
124,7433.427690890972,6337.511965701408,15.0,1415.442071570701
125,7122.693223796934,4885.817921247623,13.0,1409.23436876075
126,3981.3779745767342,1265.398565494415,12.0,1392.562732773562
127,6345.611611795859,2127.703293821414,11.0,1383.039536955169
128,7310.476361296138,697.2926020698361,15.0,1375.4343715611503
129,2835.0456812975262,2728.9732484357974,10.0,1372.5688284361643
130,3913.724274136311,3879.135468894821,10.0,1360.863925518538
131,7821.382690541189,4033.80466169237,13.0,1359.0154294091064
132,2148.6468470103605,1570.695005809466,15.0,1342.642580125141
133,8071.43840659232,5370.041877336579,16.0,1340.141238252556
134,9349.365584417972,4305.640545292701,19.0,1316.7088621147705
135,6017.575038123473,5869.374461589185,13.0,1288.168213696024
136,8217.327536108229,3924.6544225133694,13.0,1281.422597563582
137,2342.4775327832126,1111.8575144849535,16.0,1221.2363528039505
138,4101.110593563427,3814.552275382667,10.0,1207.689399759072
139,9123.810107416204,5883.733443864875,18.0,1186.7383817385285
140,5405.568156476379,5980.824862747783,13.0,1179.492579829046
141,7865.639220248159,6205.739326934112,15.0,1176.785898077136
142,4546.369495660564,2943.7467679110505,11.0,1174.0283553787426
143,996.2278715459922,242.81368555030568,20.0,1173.297670317978
144,4169.419326474656,777.122884510538,14.0,1157.537084470211
145,6613.735493946217,361.45941475470426,15.0,1147.5996511900833
146,9295.18048152928,3823.300712017651,17.0,1144.4064563228933
147,98.14616103202111,6381.738732861094,23.0,1124.591043750986
148,9384.795183203118,2351.8582318088943,18.0,1112.8623317892088
149,1964.81341618426,1637.7861659332748,15.0,1060.7853263307857
150,4921.845430724773,407.8210670169002,13.0,1045.2081240877426
151,3694.8761900817617,2649.8112704588393,9.0,1032.1964328078764
152,4530.560361612212,4644.156190656752,11.0,1029.8325854705324
153,5219.925885911102,3566.4603246670817,10.0,1027.6093183840578
154,6901.468700649204,986.6820342561443,14.0,1025.7604171623484
155,8508.056468722409,6119.345699819357,18.0,1021.1992340182967
156,7375.7923922770615,1974.2345477894148,13.0,1018.3233115477534
157,4272.624407254491,5658.30484856461,13.0,1016.404385432932
158,6128.794111360016,4023.540389975231,11.0,1012.0705073071427
159,2766.997599399089,4531.367340779562,11.0,1011.7332556435074
160,7726.095458299482,3965.0321106698843,10.0,1001.7004853288418
161,5859.310078422847,1807.6707617423535,12.0,990.0767435639568
162,4029.6153977188587,485.71013043786087,14.0,988.5850827734005
163,4080.6658659637087,5617.877781443787,11.0,974.1983343501126
164,4262.229154580732,3244.358338668516,10.0,965.9671959999363
165,5249.939256597897,4265.196645506322,9.0,958.2282455151758
166,6660.172117384564,5560.209151729763,11.0,956.9267031061637
167,5017.433371905447,3345.1234177715505,10.0,952.8989490770647
168,2529.3651091321426,5412.956318307048,14.0,950.4393687893216
169,8101.444184602675,5181.666418575271,14.0,949.6574906977409
170,9492.856386505331,3655.6520840568246,19.0,945.774608349132
171,2660.054190763402,979.6286284360563,13.0,936.3850142405845
172,1256.1407386370583,4890.021497514458,17.0,931.8454465303237
173,9484.24614997587,4559.030866976455,17.0,928.3945245865461
174,4902.254754550786,5275.4008617536065,13.0,918.6419708325674
175,6336.725140565972,5903.192545769499,12.0,918.1010183937374
176,6866.462226890296,5829.486437478995,13.0,914.7441662825643
177,6768.951493242994,4200.0245728233585,9.0,912.2470207719768
178,3017.68489268658,5932.537398900233,14.0,908.2517954084715
179,1474.057158198416,2147.2262154397527,17.0,905.2447672144591
180,7988.772708915871,2388.065474258414,13.0,902.3254577750263
181,8502.835501733232,2947.1768624372953,14.0,900.9224550331592
182,5770.506237715432,282.62627445585304,14.0,892.5539437794819
183,8554.768788649657,4199.907951268187,16.0,891.0802019796258
184,6168.436703993781,2495.116570975383,10.0,888.1744229751863
185,2135.822949183193,4452.56068830565,13.0,884.3599134873942
186,454.4719633642818,2372.356856009204,20.0,879.1958057803147
187,5974.688347190606,3253.565267753137,12.0,874.6029492965426
188,9182.746565000654,6329.398939475778,18.0,871.5750942445757
189,9565.45722655511,1040.2056799599961,19.0,870.6111282578943
190,4762.219466958301,5943.157471888757,10.0,870.2497883327338
191,7166.1317422365255,1856.005884412749,11.0,867.9384919125065
192,2639.519254689602,4310.320121220607,13.0,858.9622494703037
193,8107.437826947986,2484.479226239998,13.0,856.6908602753272
194,1696.0645877481616,6028.997320895171,17.0,842.5277989950903
195,680.491687984009,1863.101903207862,18.0,841.1984904268286
196,440.69792129248555,2517.4619826362473,19.0,811.9263270832068
197,4931.781754343279,2650.4823329729343,11.0,811.9088964843511
198,4641.825036191124,737.6954602646165,11.0,798.2352211295886
199,7880.579678275035,5023.123727601108,15.0,795.0094402914914
200,333.25681295263655,2221.894100198449,19.0,787.0647827393
201,9154.462745634508,2522.09199272091,17.0,785.6859324034842
202,1754.6106866865948,1550.3776035198864,15.0,784.9363907078135
203,6933.842577910061,2025.8808390884544,11.0,784.9073108257271
204,7302.40242241388,6371.555991877032,15.0,776.4144075631509
205,5134.053544743463,4880.796786108633,10.0,771.9526137286296
206,405.92802511987486,2400.5650444054763,19.0,766.9620869680454
207,472.13607412668136,4696.339742855759,20.0,764.7473401152271
208,6796.724143024392,5383.696154967503,13.0,762.5716090507735
209,8753.885823837267,2927.1037174377916,15.0,758.8899411782375
210,5456.103190047575,2716.112872577664,9.0,758.260794006427
211,2193.0432611342926,1822.5884076141008,12.0,753.0642351953918
212,146.13694733218426,1962.4612585294174,22.0,748.6630043906139
213,991.1143550598783,3324.230323856714,16.0,745.6535837358284
214,9325.36471790785,4564.851363437917,17.0,745.2071857032189
215,1778.6307586841076,1213.4153416631502,15.0,743.2593572964968
216,1378.733449455011,3523.7753860622543,13.0,741.7176755169614
217,8780.599003176234,2096.5344531381793,16.0,741.0392722776545
218,2112.3226317873327,4761.391167687284,13.0,738.8048214547925
219,766.0108818775943,6086.172492526368,20.0,733.1079010771817
220,2648.0909139024525,2615.0466533137183,9.0,732.0553818706142
221,4532.830144285391,521.9874474139993,12.0,726.4891592752235
222,9543.051235352435,3738.4015307486575,14.0,724.374204768625
223,3143.182171788272,1240.7658541856633,13.0,722.1716651416092
224,5160.94811684585,3531.3239737943136,10.0,720.7258525212787
225,8916.876889482302,4131.791170647668,16.0,719.5170065213445
226,6520.011689527528,5127.638938192881,11.0,717.1406000347218
227,4153.148945226179,5931.789523096487,13.0,705.4707742287542
228,2068.2884957861365,4546.114311244636,14.0,705.0856090333807
229,6735.670238241168,797.3484203542141,14.0,702.3006263255072
230,2320.440576904173,2516.6983498870713,12.0,701.1473979468627
231,7057.668711526776,437.94473987958236,15.0,698.2788532715066
232,1476.9581937499445,4060.213860274688,14.0,697.7508749700203
233,2499.9459444212107,2942.814079950419,10.0,697.0027658256415
234,3464.9557167360535,3716.8314627279055,9.0,692.0362829172727
235,3153.9947087601067,1659.760661766931,10.0,690.395071427468
236,5239.704665800406,5228.05095107949,10.0,689.2724657545149
237,119.74192680571218,6044.198323137204,20.0,688.4389399929726
238,8607.953309842154,3812.0265890598685,13.0,686.4693713829956
239,5819.036149524524,4223.001406748036,9.0,682.8255361654756
240,4815.83843203574,15.349691547459384,15.0,679.7420811981361
241,5797.551534696749,3553.9391594520193,9.0,677.0277129522543
242,7100.11383513606,484.44247490078317,16.0,671.2029748613407
243,145.95496443187739,252.15661917964212,22.0,670.1349093740699
244,8953.95466950192,509.9091051997076,18.0,669.068478293315
245,2896.8400105532273,672.251047181805,14.0,668.7284408520402
246,4457.2325871157045,5927.799389573417,13.0,667.8074631616513
247,4931.34456935919,4695.325459841121,10.0,667.1147576340034
248,9277.11663796025,2704.1446115374806,16.0,666.8809094276083
249,1699.1616617044524,6343.553132157497,16.0,666.5728744463365
250,5444.578178528807,5475.819538133876,13.0,665.0275540171885
251,5367.330819294317,5538.2435945578845,11.0,659.8801570185349
252,6226.917629044432,1484.7654280414072,11.0,659.8343656312938
253,9121.21001760207,157.58374949128677,18.0,658.9812155884376
254,7827.305604486152,540.0140172408226,17.0,658.6216118557721
255,917.4334817308023,3492.689395707037,16.0,654.5123683852935
256,3058.369075742892,1808.8302610856706,12.0,653.2715334045787
257,7203.900349801108,4058.0581375500024,10.0,652.4618926936944
258,4487.28250177505,2536.5902683930863,12.0,652.1923405017152
259,5696.324435053417,3114.8102344935596,10.0,647.6766158802161
260,5043.365512126029,3477.969914078916,10.0,639.9969878757621
261,1523.873627348063,6320.9975115704965,17.0,639.0387556381023
262,8066.110909566725,5250.326738199102,14.0,637.8507660349975
263,4627.348208988032,5045.319138970021,11.0,637.2185874101261
264,5667.008790526878,1556.8151240880875,10.0,629.4094856452036
265,5373.7193750228225,3927.3428269941073,10.0,626.2331829661177
266,351.9055773569749,989.3300805321715,21.0,623.9915505940501
267,2297.805476069907,1740.0378735544439,12.0,622.7748526206337
268,8358.690158704992,262.6754793326624,16.0,620.9490343259836
269,5907.564284983148,662.5224342712062,12.0,618.820145328149
270,5860.811849752441,3762.995401039344,9.0,616.8841133165091
271,982.614297407904,552.9583403441994,19.0,616.8094635295123
272,1065.2077245969367,1033.9011755152198,17.0,613.9825621064434
273,5103.4419022336915,2078.849085355117,9.0,613.2804435404549
274,1352.4937651366124,6090.962395433626,18.0,611.7886805631173
275,3088.1766139674974,4212.627578808544,11.0,607.447898187809
276,2938.3490252135252,6178.028974788205,14.0,607.191163052803
277,8202.269465350553,4245.227651518641,12.0,603.1566175080452
278,4386.5698936862755,4105.568689269365,12.0,598.8707636902304
279,1818.7547773064086,4021.548937019068,14.0,598.8632554859148
280,3936.809004940452,3154.4294038904004,9.0,597.3801925005588
281,927.7643758646316,3082.0795862116174,16.0,597.1352413351907
282,6328.1327399425945,5173.1072793435305,10.0,593.3382500998194
283,1843.0471583547164,4495.287304633906,12.0,591.6424814894115
284,4653.6443887457335,2249.3624335871223,10.0,588.4980773468035
285,6209.91491003872,6048.15914493761,11.0,588.4268095141672
286,5855.391157620931,4844.303406032159,12.0,586.922624300038
287,3808.3095844160002,2615.973978377241,10.0,584.9658020501914
288,3345.197504245542,1872.5572319526625,11.0,584.139767072894
289,7044.562866242228,2823.0408921946014,11.0,582.9407981928741
290,599.2620777411336,3644.3474378870537,17.0,582.2057789514607
291,3123.8408819099977,82.73594739246995,16.0,581.2042909020067
292,3268.2537304640687,3133.57378308178,11.0,578.2719393709773
293,8957.182529483218,1630.2332813543799,15.0,573.176601671421
294,5965.692690236499,706.7768415748272,11.0,572.9207070903419
295,6472.933572218954,3846.507861480642,9.0,568.1423054162785
296,1049.269440274959,2444.2753025696516,16.0,567.7015898396619
297,9210.673993717144,283.42416254786474,19.0,566.7965521106386
298,9213.644366442235,3004.513394493826,16.0,562.5577517633382
299,3930.0954906582824,5538.377009254724,11.0,560.3457657743621
300,4370.84127135603,971.8880668385002,10.0,559.6507369809707
301,8327.676844987944,5004.656384631453,13.0,559.3032825427813
302,5005.419934160904,71.34548029100814,14.0,555.2791231344672
303,970.2818075667803,1742.312142639115,17.0,555.0872949961923
304,4981.851670824386,5151.3350810811235,10.0,552.4565177840996
305,6834.394294317802,4156.344913102309,11.0,551.0475836962243
306,6790.738428532423,3352.9035697084237,10.0,548.0601313555514
307,3692.552338515149,4565.55234165602,12.0,543.5332127411561
308,5002.841249654503,2416.73815651208,10.0,540.5368528139785
309,714.5223580196566,943.8262782341728,17.0,540.0494185285063
310,4645.675371757607,2116.4175962835334,11.0,539.9143089300013
311,3578.921605195803,3196.3186277939317,10.0,537.7701530536968
312,5888.401928608804,1443.9915579392746,10.0,537.0129381976392
313,234.7569873692217,5483.211337780934,18.0,536.8625061143325
314,5510.195445131941,2395.0871726637038,10.0,533.6215419586617
315,2515.9012916765655,5606.380704142923,13.0,532.3166876217741
316,571.7599459246613,5514.2521902166545,17.0,532.2432055795955
317,627.8839099958107,2453.9661914078865,17.0,531.5583572568445
318,6815.919734431027,3872.6890599615117,11.0,527.9927400460349
319,586.4604696445381,3775.181417183904,17.0,526.9109682171584
320,8514.09825075003,3774.7357662443974,13.0,525.2717459047071
321,1943.7818762586487,39.92473666643671,17.0,523.7947886068375
322,4009.754110635005,1149.6733050373475,10.0,518.9939205038005
323,1852.7237000825269,3550.5616260786587,14.0,514.2497813530807
324,7018.22866783393,6184.853825186317,13.0,508.50743262111416
325,8271.417924979261,3459.691675361942,13.0,506.83630756235505
326,7316.172551296328,5724.828933485651,12.0,505.84324601637877
327,5269.796987149658,347.3363275221797,14.0,505.84257414821707
328,3129.7001099195954,3358.7626383434445,9.0,505.3201818295497
329,1484.9032626230037,5432.283212432423,14.0,504.8498952917092
330,2642.3271581285762,1042.7667861292005,14.0,504.5385306227545
331,4852.759610831314,3583.9160705007885,10.0,504.24772802587864
332,6897.365093253551,3128.5879233785076,12.0,498.5458840413549
333,8911.520889029405,5983.264308644607,16.0,498.2992291624968
334,2085.5424034892994,4781.495208042285,13.0,497.6715103290219
335,5766.649019155104,923.85353836935,11.0,496.1596165841922
336,7698.694925757581,1258.5546351242904,15.0,494.15522633281813
337,751.7316204561147,1749.6444520438265,17.0,492.0936916273266
338,6745.85826764992,5733.64397505103,13.0,490.4232478946833
339,8188.235141523016,784.8497464732335,20.0,490.1682568047694
340,1441.707888904529,2329.7498219073086,16.0,486.0279007071734
341,8409.222662062977,2100.493815080219,14.0,483.53534250892557
342,4903.654428468241,2687.0031339104817,10.0,482.2634758011328
343,5861.658125574581,5325.667358516805,11.0,480.5474220344399
344,8367.895375779202,5949.367616788775,14.0,479.81226093730095
345,7594.137556001295,1618.761298340324,12.0,477.286399577005
346,3410.940034332137,4311.211596059729,9.0,476.96413823459125
347,4382.258068059982,1335.4871319170852,12.0,472.3515516209718
348,1380.2542728438189,1990.0654730890121,16.0,471.99495961047523
349,4442.071699768291,1949.358496958963,9.0,471.3155033425008
350,3259.0773483006205,5825.435020817571,12.0,471.25800201127197
351,6576.746435686929,239.30594549966816,15.0,470.11865122273855
352,4364.617038904416,2652.793484386441,9.0,469.8789509826472
353,6647.281970483369,5077.885696465519,10.0,468.8555229256701
354,7252.1218197862445,4367.6709213807335,11.0,465.9528791111602
355,1039.3671960651914,1121.4527155919236,16.0,463.8304266117401
356,8442.542823383854,4532.938497550256,15.0,462.54457125425375
357,7154.426257306729,4255.169726355566,10.0,459.4404026763562
358,9433.48585362371,4899.674407969534,14.0,458.1537224865143
359,3366.0174460723742,5526.737195843787,11.0,456.4333522277843
360,4137.981661437315,1481.8669591958258,9.0,454.87173480365857
361,7404.98666658638,2656.497800966429,11.0,454.6302541652149
362,8095.630068570496,1133.2162005076439,14.0,449.8326117857792
363,5907.121391609089,5264.8722893226095,9.0,447.7006557795031
364,1710.60039262882,1975.8196850314646,15.0,446.606092650316
365,3220.6069479752387,5680.20479491956,12.0,446.0410459608406
366,4407.334105590541,286.4389206216419,14.0,445.2855562022502
367,5787.233510016792,5579.5074322062055,11.0,442.17902399186346
368,8301.015206181914,604.8682876980098,19.0,441.88979927669703
369,8310.119398217019,5837.964926870937,13.0,441.79356385272234
370,4667.95457469671,863.932675634777,9.0,441.73121535196213
371,1747.2892664828537,2711.850082338863,13.0,441.4620892622014
372,6871.993352223971,5625.692838239197,12.0,440.67202229318275
373,2303.0716197350257,4358.994213752393,10.0,440.0815609088603
374,9535.94327219861,2601.219607072353,14.0,439.1581572772293
375,4614.020908194109,2282.7480383067814,10.0,438.2560576996608
376,1576.0935372434253,4440.098318150134,14.0,437.5191103228876
377,3365.0539661663706,6224.945822192858,12.0,437.44329334530244
378,6374.339581386665,921.7316314111577,12.0,435.38701614409723
379,5288.2355587090415,3744.6441876721588,8.0,435.3329795383168
380,3586.5387343909283,3981.58503203778,11.0,435.2815942264148
381,9040.019769510358,4182.872952225877,15.0,434.49274304050647
382,3738.4505746111604,3151.1211153425324,8.0,433.02619977778943
383,6224.670219486637,5409.011465387879,10.0,432.6117287372778
384,5288.05064725948,3700.810622006383,9.0,432.4792773720527
385,8795.737352787393,534.7658855735751,15.0,431.8194009004404
386,6027.746417163375,1679.8965813640084,9.0,430.51644227649075
387,4541.732179698664,193.0775192323502,13.0,430.24707160901613
388,8582.685717715065,4239.09379364319,14.0,429.07660156327285
389,3644.168532539286,3499.385529714615,9.0,427.8489633820286
390,3735.111342004003,3785.2753473382168,8.0,427.8094903475356
391,7197.558018682675,6194.81098710658,14.0,427.61036055227805
392,6960.830884653484,135.02739552008285,15.0,426.94559606402345
393,9000.770797043097,1881.0110116435583,16.0,423.70872422466095
394,3187.72179721789,2606.7626026763737,10.0,423.50895020485694
395,5844.574981885058,1976.0567391242428,9.0,423.10391632881533
396,3232.4770736991563,3126.3201894473204,12.0,420.00202406088556
397,5214.987029265103,3123.0948991794403,9.0,419.55248377328456
398,4572.497960773036,3131.1590402194006,8.0,414.5886481557495
399,2588.9330368023375,3026.4830416581403,13.0,413.6547586719374
400,7713.412334081597,3918.580375395967,12.0,413.12054052827443
401,9153.190337418464,608.3770231677194,16.0,411.77158773641867
402,726.9893191898557,1433.6792017693056,15.0,411.7421325351009
403,6876.357687606383,1018.0865388849629,13.0,411.3494927806072
404,8460.099436478005,4172.900888417086,11.0,411.10692242063124
405,9414.97528420187,2810.6344753572257,14.0,410.8067887498879
406,1697.1995527027195,3907.157822436814,11.0,408.2507255197566
407,7308.651343275505,4356.278338477243,10.0,407.41799275249844
408,1125.5112463611867,5541.4449689681305,14.0,406.87491469953954
409,6783.883477104654,3511.177198595309,9.0,406.0855290140654
410,5265.10611077065,1928.7705618003345,9.0,405.6516468803205
411,4351.310594421018,4565.232082545928,9.0,405.3637415221915
412,778.3208711091963,2062.8923447761354,17.0,405.15075387461303
413,3147.3476416508142,1263.817703784458,11.0,404.708152211648
414,4052.6731686225057,1677.6829364199364,10.0,403.68281334189516
415,4627.146927284747,3971.6924137152296,9.0,401.9063872342891
416,5873.794127993956,3920.4655245370996,9.0,401.2551626597045
417,3603.6601524336666,1604.9371889494103,10.0,399.4550942845254
418,5448.44029400317,6086.030536704093,10.0,399.0446493721208
419,3799.670515176939,4937.634783522554,10.0,397.5770860477241
420,6912.4728423022925,3520.8487343568845,10.0,397.4318357329605
421,1547.570305524521,476.63184164672066,16.0,396.99524883957656
422,6413.321984825792,3152.8885587844984,10.0,396.5750468000605
423,6439.480899740398,4379.860666646959,9.0,396.1778549190283
424,6981.0030524854965,1740.822280940186,10.0,395.81400352774654
425,4581.3273058389395,4739.147499185308,9.0,395.3347244618362
426,3140.0189042456213,2897.627636553427,8.0,395.22878405930254
427,417.7125969422148,959.014667373561,18.0,394.7634066620242
428,2575.7745791866078,3351.955667222774,9.0,394.72740159410233
429,6603.9575082679785,4747.274172475936,9.0,394.51953389050385
430,1957.0788719858704,430.9086724895249,16.0,394.19183777278715
431,6999.069318062117,5440.609648970521,12.0,393.7916777290619
432,4071.7810817438076,5261.281523569212,9.0,393.5145261820995
433,8888.477410947726,1178.3681525373659,14.0,393.3396289766723
434,8450.349295938358,2526.257922262601,13.0,392.90953851857984
435,1622.717166310157,5580.677002800852,15.0,392.57350499096503
436,2380.5583700141997,4459.320310871204,13.0,392.38129259034974
437,1239.1828489580655,3989.545073928443,14.0,388.6873893514776
438,8812.909536541487,5568.47231692428,13.0,387.98308501404375
439,8523.897219199978,1356.1840714157313,15.0,387.7152348916301
440,3832.163267632663,5746.811940144363,11.0,386.6030498639474
441,6078.8954531152,5270.801443561618,11.0,386.4607836709548
442,3869.186051247624,286.1578796074197,12.0,384.7928258722793
443,6962.731062025356,3600.0118004853302,10.0,383.5534642016155
444,8195.014057142851,5292.774727819237,13.0,383.5335573278453
445,2217.974697269495,2878.5795392717478,10.0,382.83370520868607
446,5255.66277990235,5285.703485462439,10.0,382.1493295870909
447,2220.7092713002953,1937.2284460684104,12.0,381.3433975320322
448,9427.913142714951,6146.032062458434,19.0,380.64334506674277
449,4209.8306007754545,12.372095082865574,15.0,380.152272312088
450,303.60220144707563,5585.761441007222,19.0,379.8777693796878
451,9302.399322973073,2435.2659163247777,16.0,377.39193027988466
452,383.3853986034816,5867.720905347645,20.0,376.73001712435916
453,3633.2673880703046,3064.058801266919,8.0,374.9530755730218
454,6487.643597182624,5081.898671683872,10.0,374.7943820156102
455,5442.12033557116,5059.7559536200515,10.0,374.3642494797763
456,6394.1417037654255,256.5196528497281,14.0,373.85005369100907
457,5496.915520569292,3125.4233684199007,8.0,373.57128874829357
458,265.12056854381416,987.362005817431,20.0,373.4337843095686
459,3101.4648558432636,5820.7344973190775,12.0,373.2915124627012
460,1439.6706482439008,5249.421711889101,14.0,372.8465068134787
461,1300.3665884603265,859.628926673457,16.0,371.84320137611644
462,1682.6650666078856,5741.531317316122,14.0,371.40695890455055
463,3210.434624665984,2706.3876017939806,10.0,370.8470025370135
464,6168.480212869356,4758.997321357309,9.0,369.6994231283412
465,3634.5399847150666,1634.096629926523,10.0,369.54787508130147
466,8638.685296267082,6369.280270616679,15.0,367.7750617246368
467,4571.910138854183,2037.4581166337316,8.0,365.9829374534104
468,7242.05085363172,1651.171677262489,10.0,365.35214530086756
469,4736.804657212184,5365.206980375604,9.0,365.177333508269
470,7042.8283256938275,341.25692857991237,14.0,363.9355027562597
471,4453.938526243598,994.3287006816304,10.0,363.75206902597427
472,3489.3534632565465,3786.470340856307,11.0,363.7170096858509
473,770.974820591218,980.3417233556138,17.0,362.1578065509285
474,4778.60114279926,318.5713374444363,12.0,362.0816915414837
475,5271.537252369393,2335.6939697421,10.0,361.9804468843115
476,8576.299515302622,4474.141905196086,14.0,361.8638671104353
477,4660.812581888643,68.63970795501005,13.0,361.2643494770838
478,6282.030979622125,5669.5115759235,11.0,360.7232755525532
479,6333.886039918387,938.5372463615626,10.0,359.7188401827543
480,5625.307885343869,5059.34908479902,8.0,359.56776972129774
481,455.82480532203164,1917.6157786044153,18.0,359.3929798247066
482,2091.9598561210473,3468.690020425921,12.0,359.18559346859195
483,804.836631905037,1236.127483854798,15.0,357.9881141122982
484,7349.501252939002,4801.136054900505,11.0,357.45114294329755
485,8028.948273105437,5066.187514107383,12.0,357.3609234764481
486,6501.770150341684,5047.182268449349,9.0,356.32078427211223
487,9540.49250329359,4983.740319874617,16.0,355.99661863803396
488,7117.522108824174,1922.9876675342834,10.0,355.93499458452146
489,1603.3077274951127,5239.824756192931,14.0,355.54482527509543
490,4944.313754540116,4937.268217934191,9.0,355.2348777116184
491,7508.017098654535,1865.9100590252801,9.0,355.11268244653525
492,1488.535715437737,1065.3328994939325,14.0,353.14494291924063
493,7605.1693918131,421.9346005087108,14.0,351.9156184289663
494,2370.432257819744,2016.5478305752513,12.0,349.33148806142617
495,6975.655136959759,1667.1704825716486,11.0,349.2812576294094
496,6599.513301853909,1861.0184931584397,10.0,349.26153716049754
497,1399.7720052125119,52.49660626930262,17.0,349.24232836604017
498,7036.669896958299,5323.951408157236,11.0,348.1535219232933
499,5440.961977569896,3961.7503204864315,9.0,348.07555219052483
500,8862.312283899271,3835.0118257113163,12.0,347.8428553744234
501,4025.305281549221,397.2619169838068,11.0,347.290908626867
502,9216.106014186427,2882.063981302906,14.0,346.8783732776924
503,1837.436144937273,966.5695675902369,14.0,346.8358957996194
504,2011.0238170749917,4762.941505331281,10.0,344.4808258824509
505,2800.5461281640996,5451.286884258814,12.0,344.25441421236553
506,4112.361216265832,486.7972740148477,12.0,343.3545197846308
507,4511.806943475083,2329.3425522524235,8.0,342.8271608111858
508,9152.274526865836,5345.275678635485,15.0,341.1648104498447
509,2525.7347927588935,1927.0565176323437,10.0,340.8462625306099
510,8401.870633479919,6164.3101853702055,13.0,340.2104190809424
511,1322.7109254198656,4089.8526573591807,11.0,340.1497867553247
512,1186.1362328096307,5871.154914340637,14.0,339.9918801433307
513,7866.194027901947,5641.320488484928,13.0,339.94480674175514
514,614.5248235923519,4816.69839849906,15.0,339.90658451915306
515,2377.784146861936,2491.895247781986,9.0,339.50930162912323
516,4125.518260552614,4291.369642444024,10.0,339.4709442472041
517,3773.028510611145,604.4799325929669,11.0,336.57990127367793
518,8834.234132962878,5940.640180180532,14.0,335.66382818622765
519,2541.8711895801844,2000.1384064419694,10.0,334.69881131944067
520,675.1558675624285,1866.2372223065365,13.0,333.83530943144035
521,4063.768984542298,189.44535688458234,12.0,333.3614307796531
522,5463.377349215875,5414.139195304014,9.0,332.9225639029754
523,5707.438377700488,6197.534068427506,12.0,332.61296791466816
524,2656.726985380876,4835.458569678475,11.0,332.56566295266884
525,9350.414140458086,2935.556626534116,15.0,332.52043031910273
526,6332.765300551597,2515.4569088240537,9.0,331.91178143170066
527,6353.731694726132,5369.666508072765,13.0,331.89528089150957
528,1292.198812150565,5249.712899142352,15.0,331.23421987313776
529,9510.911212409594,4835.36897496874,14.0,330.63676244726236
530,5201.118673674892,3489.0104444908347,9.0,330.4842593770685
531,5753.744227681879,5220.007436329748,9.0,329.87939776281326
532,2160.5080948597483,5557.558951924678,13.0,329.2510506672445
533,8369.165762883675,4012.3046429501946,10.0,328.2059448525141
534,4283.370908772897,4131.0472985079605,9.0,328.1581593931477
535,6955.187472588092,5377.548703581356,11.0,328.1459851881433
536,1676.469860648133,5136.116194727529,15.0,327.8981905753417
537,3647.9329553621624,4814.048213993265,9.0,327.8886647172793
538,181.2998630826848,2637.0,2.0,327.0187734394249
539,5137.8190291959345,1302.8900361286424,9.0,325.9229178995603
540,5881.665614480757,5222.02165177803,10.0,325.58286937258936
541,2047.255056059561,1284.6801250896178,13.0,325.09231035781687
542,3997.898417308343,590.8354276800554,12.0,324.3334227194414
543,1442.7204269560582,3721.0151744014674,13.0,324.0647481948885
544,4711.287542975668,193.80853309490598,12.0,323.51729189714695
545,2988.42043142195,5961.42583653615,13.0,323.1102234634168
546,7860.305332080487,4657.315462598024,12.0,321.17473094988316
547,4714.221274094985,2994.252197366,8.0,320.7008356200597
548,7508.3562602635075,4242.17057594746,10.0,318.64383621274817
549,2820.450818257192,3356.76939920188,10.0,318.3057123592571
550,3284.358786960768,291.3588252106292,14.0,317.27960607908733
551,4206.2504481887845,6078.097346217112,9.0,316.88409088383935
552,7313.369954539553,6344.429940115768,13.0,316.51388507404
553,4765.221074027573,4107.413601372329,8.0,316.2035629603822
554,9114.979794066841,3747.9989232018756,12.0,315.98138989535494
555,4573.2214066748475,4926.937990018772,9.0,315.077848851735
556,5262.652052987587,6326.4589192230915,13.0,314.64862755446853
557,1500.918739821131,1417.9387283036292,15.0,314.63832248136634
558,6267.927258997184,1961.9763570907473,9.0,314.5958583894102
559,1428.951417360903,2307.5884339373915,11.0,314.20646663947167
560,996.7395042803121,3116.6016670230683,13.0,314.04084447554146
561,5544.700348151638,4559.983556424074,9.0,314.039697812086
562,9181.402225400601,3039.4711992503785,13.0,313.2840351809639
563,8109.874526405473,754.8326596682707,15.0,313.17919483294816
564,5495.47189928562,5618.769032604729,10.0,312.9662182105802
565,8001.863141274006,4221.774689500086,11.0,311.84903757667024
566,1214.7423692105847,4124.1283507448425,14.0,311.38272438728814
567,4809.452123138721,1185.065156630637,9.0,311.1387788985745
568,3436.2854349475865,2064.2459600890907,9.0,310.3232033222851
569,7658.719633389508,2870.1891568767614,10.0,309.586979283545
570,2886.3809958463007,4507.42239710849,12.0,308.75522180261805
571,4868.101384379241,2453.3873827400894,9.0,308.74848221870275
572,2114.9645401316957,3097.4904152854233,10.0,308.1416473572762
573,327.9639412317285,2448.6283304288863,13.0,307.58625963882344
574,5171.341680617735,4582.84498846481,8.0,307.5346457256293
575,5911.912794985551,907.5263427129036,9.0,307.50786083975396
576,3020.82202113661,753.1401358104536,11.0,307.4928649347916
577,1825.760618709269,5443.35628843479,12.0,307.20650187523245
578,1688.9112750666698,4348.464507051388,12.0,306.8735869671875
579,880.304635012094,3800.8606938517064,16.0,306.8556593584158
580,5977.4709161492,4480.994879232628,8.0,306.82843455035925
581,2109.6495732456624,5530.028650879904,11.0,303.18691423567736
582,7975.311159777393,161.48125238261042,16.0,302.8432004009178
583,8428.535285566819,5177.169119169259,14.0,302.5766559213979
584,4393.999078497145,5827.702039166973,10.0,301.92421852555856
585,2729.040298865754,5170.942929996288,9.0,301.7692712756909
586,9498.453041007317,779.7814243367552,16.0,301.45132586899854
587,4171.754873526146,5730.779510806014,9.0,300.58549450193175
588,8893.90752456039,6280.491221019465,15.0,300.4088770317603
589,1502.148207437753,1180.825562444582,13.0,300.30009475991596
590,4827.369670115089,4065.057415173867,8.0,299.5451066471489
591,3101.7489200130663,6093.4482719010075,13.0,298.394458198507
592,8784.627777359912,145.35496153595676,15.0,297.59305981659685
593,6028.844489838536,924.405273142022,12.0,297.23380398105223
594,3610.728530364117,609.0897926874112,12.0,296.72722240733486
595,268.92179354215966,5800.1143120412735,15.0,295.8195925534606
596,3857.1644550050514,6211.74142605511,10.0,295.75253801673
597,5552.449147417294,4043.375287370666,3.0,294.70408654227407
598,5094.48752370234,3684.791864919176,11.0,294.4257104969938
599,2607.303096811184,655.5648055682361,13.0,294.3678759214719
600,198.74203345742936,3689.765604860996,17.0,293.65980662921856
601,6219.188083698015,34.35027391239584,13.0,293.5468095045418
602,795.4088153868382,179.99489464183264,17.0,293.1292348096339
603,5493.454866165225,1259.8433132521232,9.0,292.9456033537952
604,8118.0049931075455,3411.085887232355,9.0,292.7671317338699
605,533.3760433986388,1909.8461707777521,16.0,292.36848038083065
606,8795.129272705066,2456.0976636583855,13.0,292.08575538351414
607,3825.6095343519273,2724.638791072734,9.0,291.4920604037045
608,7341.105563130375,3452.8947275988985,9.0,290.8779684104293
609,6859.648400796883,3507.0056137267834,10.0,290.2929124649882
610,6123.342760554821,679.4562804376408,11.0,290.2167681257822
611,3256.3351575444462,4331.2667537930965,9.0,289.9966476557476
612,5271.682318330827,227.38368301414687,13.0,289.8658760894253
613,3447.3846553543804,1660.6636897903852,12.0,289.23437727000123
614,8862.626803281399,2014.9198963434903,15.0,288.85088464384955
615,5872.273904690186,5986.50300293274,11.0,288.51952152779296
616,677.0240118408815,5523.092928104117,15.0,288.4202053583066
617,1025.7849858046945,3203.030321775795,14.0,288.3381086062804
618,7270.830169266011,3223.97369905903,9.0,287.4297596244802
619,8125.205468265355,3152.953096962745,10.0,287.01795572285624
620,5265.342693994808,3818.9431870272597,8.0,286.00426287467593
621,1832.4977979819676,5960.182796423434,15.0,285.3779918917415
622,1455.9457759201853,5053.555161257132,13.0,285.17760830567386
623,7121.2763038002095,3871.3322325511476,8.0,284.28921207073995
624,9381.976439627226,3959.7737226036566,12.0,283.81129642462196
625,6635.63552184182,2420.668455465379,9.0,283.2993378709956
626,3857.872432140002,1331.947793656577,9.0,282.7787569430491
627,2555.1426825565104,2615.332602568424,9.0,282.68535816279507
628,4794.769046983581,3130.966070876508,8.0,281.5214509351601
629,9141.676461232442,598.3258540381191,15.0,280.4096211013478
630,3965.845521537874,6374.692109607894,11.0,280.3582012229715
631,9347.085320070366,1685.2263271077943,13.0,279.43171583932116
632,6692.475603751105,14.330177404028444,13.0,279.37123106288783
633,7201.734344366023,3527.6970332175038,9.0,279.00015385648817
634,4075.8449263530065,4279.960961120706,9.0,277.83609762257583
635,7670.204237728118,6103.526551296355,12.0,277.80656982922454
636,8154.397835691329,5663.766214269553,13.0,276.9350679478352
637,2835.7719389084536,3488.046491213105,9.0,276.2936101494947
638,1163.4465510174211,632.9431055771112,15.0,276.25811254972837
639,5906.205233412835,6201.035195821884,10.0,275.86090740513976
640,768.3168918778345,610.993159243434,16.0,275.8407970957237
641,7899.490258416869,6009.3780747099845,12.0,275.54094046472426
642,2865.4183565515186,4181.134769863447,10.0,275.5283493544039
643,364.8363618674565,4980.615172117432,16.0,273.74038189021985
644,3604.4634912733454,338.037587971639,11.0,273.6727681148727
645,8062.537662258134,1153.7138076593114,12.0,272.27097182430884
646,4558.85170161677,4017.1230967786296,8.0,272.1796565304681
647,6269.443003140625,103.95955771761835,12.0,272.06401315973324
648,8871.857210771766,4196.639026566232,12.0,271.46542822424215
649,5210.662258831271,2583.038827259672,8.0,271.3215966197527
650,8119.504610990276,2667.1182397400385,11.0,271.13175255739395
651,8893.031353198634,5862.83886075575,14.0,270.79815769635195
652,4784.13376509978,3450.2360961445047,8.0,270.0449544928767
653,5215.932083392787,1744.096037965902,9.0,269.3706595306625
654,6843.591036658279,2469.66612690806,11.0,269.1795381506955
655,9189.183787959255,6078.798213827057,15.0,269.0704588412153
656,5517.19839653282,2055.039765719535,9.0,268.96141094461734
657,7621.913214327898,1522.262561382449,13.0,268.8088780916266
658,2294.9170027350574,399.3294312420042,12.0,268.4642338340601
659,2901.49309661022,5909.005637072462,11.0,268.23778553394226
660,4816.723841092272,1707.0486900848125,9.0,267.8290668185942
661,1502.6078964665917,5958.347684784268,14.0,266.93407630423843
662,4744.656865756909,1077.6710965222417,9.0,266.57966718082946
663,5246.419450333969,5394.659162735139,10.0,266.0269785568195
664,893.184309232434,1355.496615476696,15.0,265.01381223354724
665,8174.1956661916,1193.9381058740403,12.0,265.0034277612914
666,7098.548960455256,3524.0095117835917,8.0,264.9861369093049
667,1886.7766257671035,1552.1120091220437,12.0,264.73659489816725
668,372.4422187996158,4228.272404951522,16.0,264.62873724952374
669,8794.94260025535,2649.521092269321,12.0,264.4690121500432
670,847.4344149786706,2430.5428408510265,14.0,263.70224236257167
671,9154.396647065663,3765.9536001304864,14.0,263.55578961002084
672,4898.76977850064,5153.489071013308,11.0,263.03488366298075
673,2811.7099662184382,2066.611233165984,10.0,262.44116491435756
674,6609.125441148632,1922.7573205060962,8.0,262.01305132999425
675,6571.706531589678,4371.093603221264,9.0,261.30237928249994
676,4345.823019699507,5474.150266982692,9.0,261.10629837498624
677,6208.389607753033,3301.3044146878647,9.0,260.8317177674287
678,2783.2782230622493,3078.9797629042932,9.0,260.5260148172133
679,92.07564112811774,3246.547938861289,14.0,260.5087180836154
680,3992.8376521975943,1968.0916485403307,9.0,260.38701394812335
681,3714.9896361027154,3781.935239213746,9.0,260.2744033257935
682,163.66683468405424,2881.246469995328,16.0,259.9160742630381
683,5513.517639142599,890.4532075457408,11.0,259.42117489637315
684,8957.33600265877,3542.6288215634927,14.0,259.00884988019135
685,1080.688062914068,3178.354218013986,12.0,258.9144679571126
686,4749.991068507046,4952.566202933437,8.0,258.6796549789408
687,1988.8118958820498,3777.499513451681,10.0,258.33810420592823
688,3977.9009483228538,666.118190219307,10.0,257.4745352445186
689,8069.803637183471,4997.560819683199,14.0,256.85560981285687
690,8127.666205304332,6339.097424379154,12.0,256.07321670163867
691,8275.30079181161,2008.5487774679068,13.0,255.39409407876025
692,31.671952287206413,817.5948889473367,19.0,255.36257367851283
693,5131.716275473925,5225.904766837837,8.0,255.3267802542465
694,1263.4141786814255,1653.8594638829652,14.0,255.0720128512926
695,5755.558261888913,1206.0741516233923,11.0,254.9357265972647
696,7436.154670775172,1503.191471680134,9.0,254.59133486990612
697,2167.9706214333582,1234.848890155782,10.0,253.84207524159982
698,6637.839850489922,587.3911717066356,11.0,253.4317319854582
699,6232.884645028209,3756.4914809926267,8.0,253.4270620062789
700,872.3874047861239,3608.050420607077,14.0,253.19003471178598
701,193.71221568925455,2807.650446247022,16.0,253.17069627245084
702,931.9914449666772,4988.423957657993,13.0,253.15336040602318
703,2852.541830931628,4501.768866854948,10.0,252.82953266544072
704,361.2659284505624,5338.086784419009,14.0,251.58792147280587
705,4336.427881220575,4639.911720734742,9.0,251.01430664712916
706,2584.549582045929,3808.6645199604873,10.0,250.42277326521491
707,6633.913429080868,812.3785914719502,12.0,250.20568554343492
708,6390.906365847976,6320.307520668848,9.0,249.53866749366208
709,281.5073198766687,663.5065155232784,17.0,249.33868605811222
710,5770.331175949038,4583.290915065535,9.0,249.1372707902152
711,463.1899766938041,6095.098206645609,16.0,248.10285844683946
712,8652.187741990028,5461.798556362222,12.0,247.96948107313986
713,6249.7185923310435,3688.4894011457573,9.0,247.69821218793527
714,7590.951618064765,4361.9827320066315,9.0,247.67360965748023
715,7356.853078962216,271.37908737558905,13.0,247.5715650260769
716,590.0132073175397,2654.186245210365,13.0,247.48886015333767
717,4615.591263071338,3731.853017545393,8.0,247.26600171011364
718,584.2644641665111,2691.2406923334747,14.0,246.78214922078047
719,6442.94557853862,796.6431765052924,11.0,246.02393503839818
720,2910.8024293789495,4890.927943038396,9.0,245.92835930019712
721,3984.5945755871817,4710.6097254527995,9.0,245.153721654761
722,2182.9689311869774,606.6904112611574,13.0,243.6426067713178
723,928.6835675544787,4257.6249725364505,14.0,243.18025736724692
724,1457.0917653615638,6255.314350203618,14.0,243.1020743250373
725,2734.880248214702,5008.139642788647,9.0,242.94160911910302
726,4026.799141467877,6008.7490221259295,9.0,242.42020489324946
727,7174.222356115313,4185.808401154757,9.0,242.40881339059612
728,1998.862807935763,1725.5365356462141,11.0,242.03583234135928
729,822.8774668716792,4991.038556400567,15.0,241.33481787026253
730,3038.9083328235297,5319.258757205925,9.0,241.15278697317277
731,7778.72631863738,400.34880907214443,14.0,240.65058144402593
732,587.27319361309,2207.1890275528235,13.0,240.34123600580025
733,4060.671970379092,4970.052451136116,9.0,240.27716972807454
734,6428.273573578138,199.13604345953487,11.0,239.86734223163438
735,1297.2940364961291,2253.7001165151414,13.0,238.9570861410503
736,9204.33564845104,4616.8214015685635,14.0,238.8988040433923
737,8940.112352245045,4075.032271946846,11.0,238.88969536442292
738,3779.1605705072766,1860.5048469500216,8.0,238.61504314083413
739,2878.1599630584774,903.0098015702072,9.0,237.94512617023332
740,875.2472583013084,3065.249021564667,13.0,237.4594842601894
741,6782.908153075244,3489.3782625672197,7.0,237.43094585787358
742,6001.686150689648,3694.392258591007,8.0,237.07283133370737
743,4401.267442688674,1377.0907080296047,8.0,237.06808504274755
744,790.0300858852833,882.3625412001838,13.0,236.85971918244235
745,1952.2861233814112,4435.6251534360645,10.0,236.32580385977624
746,1517.7474118411305,3525.181296830841,12.0,236.30746048051375
747,9292.18348445913,5998.170485400543,13.0,235.72787829266125
748,5851.848582034244,677.516247944653,9.0,235.40197882999894
749,3112.597242299509,2110.675336844883,10.0,235.1032144536012
750,6540.367822997745,3849.1396675213123,9.0,235.03893256002246
751,8632.951499630697,2778.1039739502517,11.0,234.9327498290126
752,2131.6631501947304,1878.4541018623124,13.0,234.7138603596368
753,3644.810279425208,6173.018756149634,10.0,233.7563489940778
754,2492.6112119094387,2368.9246444741116,10.0,233.69446991184267
755,3659.539403779172,3127.3945054932983,10.0,233.21542893796624
756,2679.5821700253737,2162.165265381677,10.0,232.730117368942
757,194.18186859132126,6247.861695842102,18.0,231.93396174930035
758,4848.1184366384,2702.294924103596,8.0,231.86306796101184
759,8936.977616626853,2453.546985648782,12.0,231.82563156055554
760,7383.231857823576,3876.5841426196403,9.0,231.72910793362914
761,6833.883848989859,5493.0556228494415,9.0,231.69218991017354
762,512.4409207415548,6380.356177141707,14.0,231.5651034112562
763,5145.502444825899,46.34518716529448,11.0,230.3177226458027
764,4498.4171059207465,5704.461990530885,10.0,229.84245018646695
765,6287.508149557971,116.82238118585065,11.0,229.81016581132428
766,5378.604230289909,3422.996989085791,7.0,229.5693253561434
767,3984.9666363622664,6134.234966072866,10.0,229.1218757738468
768,4027.2619541136332,3595.027237770761,7.0,228.98476344990436
769,1391.5886649212237,3951.42863466942,10.0,227.98513637083488
770,5662.866900984659,6333.729745948724,10.0,227.76158633929992
771,2123.302862624861,5025.430711593905,12.0,227.68376709899587
772,4216.472506808944,5981.352366229202,11.0,227.4696478940827
773,1067.396444400557,1898.4508085615616,13.0,226.69109858253353
774,868.1504493199723,2623.067357773579,12.0,226.32933762330634
775,508.3361590439792,3093.00069061446,15.0,225.90930795974865
776,452.16899114029826,1328.4378287828708,14.0,225.69306681914668
777,1361.4475325269807,112.4707754728515,14.0,225.28355801997887
778,8412.520952107965,5313.618881752765,13.0,224.8455059741461
779,2230.4293037943057,3453.903251378773,9.0,224.82169736337107
780,3099.109934094565,4815.46721898327,9.0,224.02500947350404
781,326.3504877029303,2143.821854972039,16.0,223.79606738372422
782,5789.156678189074,3280.8937685119236,8.0,223.78920467339657
783,1739.1057753849911,4539.874264904936,10.0,223.50566681703705
784,2029.179662689848,6051.10922937381,12.0,222.98444276351202
785,3511.068241884275,782.2928463469099,9.0,222.94658868967002
786,1199.8939899861791,6168.950265310168,12.0,222.35331024459276
787,4929.710496396127,4529.6361291358,8.0,221.85375872986162
788,2559.028593136785,800.0054262537528,9.0,221.82179922558913
789,1089.1310649749269,3170.3806148485487,10.0,220.38730156707913
790,800.1406646868531,2051.88352871203,13.0,220.15470511632856
791,2634.3482863206714,1373.1762749162626,8.0,220.14094812732554
792,9204.424738791302,4325.343386003011,13.0,219.89771409796424
793,6439.128575911418,6232.427922749976,10.0,219.64651551203193
794,1254.1053751461998,629.3641641962954,12.0,219.56754235676692
795,5086.762591216666,3682.655206349195,8.0,218.8001517792348
796,3023.198414148873,5731.753180871697,11.0,218.65708628373736
797,2551.47814198917,6065.537588577728,12.0,218.4585892820706
798,4492.653419677561,3948.847989533938,8.0,218.2913458543382
799,491.5774453571815,1874.8794517905344,14.0,218.14128587055876
800,437.90928406204455,4313.81335622069,13.0,217.79876078656335
801,6460.222974776526,1952.1864219191907,8.0,217.52051944040585
802,7481.250441837592,2225.970827879412,9.0,217.4246538346164
803,2522.033516684794,2126.8875854822295,9.0,216.7848604871715
804,2924.8875215816106,90.49235840734505,11.0,216.6545540492552
805,8021.112641700842,5621.427908864036,10.0,216.42928399500022
806,5112.971035891706,5066.573890229341,8.0,216.25316926817675
807,2415.492748297789,1435.3009061190378,12.0,216.18290302123825
808,7193.354973241544,3812.274296745224,8.0,215.709639890137
809,9411.049635798114,2704.827372836311,14.0,215.42686092470484
810,4401.14224779528,2789.779245235859,9.0,215.0951789185522
811,8774.22576755633,1667.2422999404516,10.0,214.11005235481738
812,2552.472132197483,2232.729185601686,9.0,213.12856964685227
813,5034.458170261572,1107.6793185519816,9.0,212.92054865741105
814,6973.036595921281,2659.1340092484425,9.0,212.75618941428252
815,6513.072010875775,2940.2962420184044,8.0,212.28757084115193
816,4119.526541222699,5017.2650454939585,8.0,211.08612005074306
817,1798.5268928495066,2173.311430074733,12.0,210.76305006052561
818,9030.334039101055,5378.1046716465535,13.0,210.54042309408203
819,2978.388878262614,2287.985938782357,8.0,210.18565803668113
820,4446.538702190988,4719.895207671704,8.0,209.89064824346158
821,4479.371190924749,1829.956893477636,8.0,209.8144926886001
822,1620.501134135979,1222.7682920102923,13.0,209.43125296951996
823,698.062228079433,377.39858634290454,15.0,209.35537587053747
824,5585.087544591914,4574.8036207820005,8.0,208.0145860273815
825,7125.839086122615,972.3081304177961,11.0,207.87926073590748
826,2587.9284767732206,3242.2332786640154,9.0,207.57600521459298
827,7686.097569241465,5886.584559673982,11.0,207.29136923549365
828,4839.231864312318,1104.7517400261522,9.0,206.6368449177399
829,3698.2431215577803,3379.2815743198694,8.0,206.15209288904015
830,9279.221279798547,3373.8931039991385,13.0,206.14323399476788
831,5572.841057724064,5011.173750853079,8.0,206.0921163192452
832,4836.718766543742,96.77930685137211,9.0,205.96039104732506
833,717.5287088945494,4233.65549756489,13.0,205.80738626048787
834,919.0397748390864,4237.810769393783,11.0,205.75356690263553
835,8290.515519026287,2879.4581744731104,12.0,205.57941690128968
836,6752.125766641483,125.57656185137397,13.0,205.44689177010912
837,4499.304951253523,928.251128409415,8.0,205.26782530317354
838,8534.200378952535,4645.750880908698,10.0,204.89722419358543
839,5632.714633217651,1936.7800292228508,8.0,204.60225154013
840,1139.5310106047566,4592.363274873464,13.0,204.5488393304793
841,2659.1144104114296,5981.200917410841,11.0,204.39781370881093
842,2010.2272072335725,3644.2446796220174,8.0,204.11864178836788
843,3385.2259876442395,4303.97573028181,8.0,203.99200092135217
844,382.57580771744,5664.068723470601,15.0,203.95369556631962
845,7798.755086546665,2342.5067359833515,10.0,203.86426576831713
846,2187.0523722393864,5125.068752963283,9.0,203.43183250923636
847,2718.9837358977115,4230.8681086030865,2.0,203.32112664555007
848,7198.094184124474,5081.420589854896,9.0,202.85018188881628
849,5345.873775756774,1535.75404313159,8.0,202.8398322947377
850,4563.21756171075,252.8472202112651,10.0,202.75010515570918
851,9525.168585604568,1049.4699874978833,14.0,202.68110565087358
852,8458.71005775117,2766.3094441981625,11.0,202.29795445111046
853,5362.932191797363,2786.5831248700924,8.0,202.27987109329837
854,6490.697759460574,3849.014794162108,8.0,202.015494058417
855,826.5550318822817,745.9239025216259,14.0,201.65889878728396
856,7530.521520333988,1743.5950103454159,11.0,201.53154793337865
857,2863.254364871987,4361.4113501469665,8.0,201.41928781648718
858,4197.152420991874,4147.611245668946,7.0,200.3412374706057
859,8722.577844427651,4782.669983038603,12.0,200.07639630076326
860,4804.8891723702745,3405.7757315641093,8.0,199.8908511829853
861,4911.965643312707,3774.1300783414267,9.0,199.14817458647704
862,8695.594549689,1401.2778298199298,13.0,199.0813868694926
863,3605.7098767766806,4814.623418635655,9.0,198.95578107102105
864,8088.974964879492,3268.2802188557966,9.0,198.4519626703059
865,3923.679489762467,5682.064277104238,8.0,197.73436239146065
866,1339.7127946308651,1405.4044822939225,12.0,197.69205209534323
867,161.01277412574993,2733.2284696389056,14.0,197.59937484879282
868,3091.2970714547264,1609.0140166528931,8.0,197.22437033494924
869,2719.6260626197663,4854.207598281817,11.0,196.91045125941437
870,3055.1706295684767,3332.0846580727357,8.0,196.8238426742946
871,3674.636984222038,1598.3948524643972,9.0,196.60630740958763
872,13.760531973569542,4226.9697823406,14.0,196.59952692509137
873,5691.005567409119,3544.1769333502607,8.0,196.00763098976824
874,5803.302493791555,5736.139495700216,9.0,195.71712099239082
875,9152.156411807591,2993.214179799868,10.0,195.25990262573026
876,7154.264052639414,3233.1627949512554,8.0,194.91658458364535
877,5168.529351447368,2313.0393874672786,8.0,194.6632805901962
878,4938.522610700606,2899.910756535212,8.0,194.5770249699628
879,3306.925448909438,5437.295314903795,8.0,194.54634553232597
880,6324.1535129122285,527.2736155481012,10.0,194.4771015157371
881,1976.545959028403,4031.8308991367144,8.0,194.25929715150664
882,6600.827651423352,2476.043957717928,8.0,193.9457183581247
883,5712.13125430546,671.6958776688958,9.0,193.60156378003944
884,5457.816279292305,5050.1438505029955,9.0,192.93218029037763
885,8610.379797160876,5798.479372563983,13.0,192.74567160646944
886,2814.811229087975,2699.947359636673,8.0,192.5176358632511
887,1117.5592088976173,2661.8482611642303,13.0,191.67672819562307
888,6009.263682133665,717.6930518010096,9.0,191.6079673254597
889,5976.196032739614,3768.1011345196302,8.0,191.21904770166145
890,4428.592327175422,1852.6130307904389,10.0,190.69113428399365
891,5498.457413991692,2813.085077060087,7.0,190.24442593376332
892,8483.01555315221,5241.402546563126,11.0,190.06621983694208
893,894.5103251064447,74.46909371014566,13.0,189.91794776654143
894,2020.4087297545116,5734.872709710563,11.0,189.13606056148805
895,2594.824299946454,3166.50823136352,8.0,187.40992901274598
896,3438.6255490657895,259.7432786004768,10.0,187.2118081909568
897,7716.987946208937,1585.8024282618962,9.0,187.12861640006616
898,5298.950463955343,2291.502016799406,7.0,186.1183660550307
899,8630.655333431712,6357.440514486783,12.0,185.92961372385284
900,2711.820444330695,6346.188912282822,11.0,185.8195531118665
901,3004.1999212010655,5041.833295043227,8.0,185.74219392729805
902,8215.044184675744,2403.0100192285445,9.0,185.55868099158243
903,9261.657007832739,1058.327493258766,13.0,185.51296756015824
904,1984.2609078857593,3637.3142280973366,10.0,185.50621697123097
905,1490.5290936639,3950.9565679199054,10.0,184.57256914871806
906,6613.052747362209,2456.0199278783093,8.0,184.26748250063736
907,3070.963451815906,4559.283765508168,8.0,184.16405808683479
908,544.0353015813944,3650.4440427503064,12.0,184.11065464969252
909,7533.76966220665,977.2858919754174,11.0,183.87844642929807
910,7192.805411710367,2296.8316891631675,9.0,183.80811138718948
911,8341.511216382463,118.23033535163533,11.0,183.77701040902755
912,2562.9834113110815,5504.187929589562,9.0,183.66826774477937
913,7952.540100797594,38.54380978067007,12.0,183.32075735702716
914,2525.5935575224153,3107.5681050310423,10.0,183.25094190905287
915,3941.0151216860695,2589.1154136506407,8.0,183.22870251058168
916,7556.399827291753,3654.618233906433,11.0,183.21584157069788
917,7317.275806600721,2926.0,2.0,183.00413369101997
918,4906.3259427323355,851.7666428330608,8.0,182.7830363125356
919,7805.953603887482,760.6389527922511,11.0,182.55448918858622
920,4338.547631463981,2909.0808370353316,8.0,182.38135993147915
921,4717.362701989291,3352.9446519513285,7.0,182.35436494771278
922,3128.1760999858398,2645.2771970696417,8.0,181.86384600839892
923,3802.061563824538,3785.6015043912516,7.0,181.652573795722
924,4193.418020368604,2424.954415549683,7.0,181.52076246794357
925,5231.927839269728,4919.899215101212,9.0,181.41809997640877
926,8623.65030486298,1145.7375824145377,13.0,181.4180045338847
927,500.5119210649428,5296.600955699195,15.0,181.40361544431207
928,1502.1605571908644,5205.229982887728,12.0,181.26742476798236
929,3435.236892357199,554.1586402713732,8.0,180.1028635594741
930,7346.442956767607,3414.3232932949913,9.0,179.7954509462483
931,7023.922324133053,4056.2570016196105,8.0,179.56553170885974
932,2337.424345738747,4975.061255719149,10.0,179.01775951322392
933,2223.55081843645,1126.1546849934439,12.0,178.93456007130868
934,7627.713125694128,2068.579343728166,9.0,178.52725875536643
935,484.2473693201282,4856.8701500446405,14.0,177.92813414425189
936,6977.140502749437,2288.9496810877736,8.0,177.84146176818814
937,1475.1041560241247,4926.302589540994,10.0,177.7549184616605
938,5810.353486152158,2421.433297585613,7.0,177.72899253540547
939,9486.886444729782,4078.0649467906437,12.0,177.50976285668776
940,7814.271618977827,2850.8666232231567,9.0,177.13491462363203
941,6503.643695256329,3967.9568331954088,7.0,177.09385319057148
942,3529.1583082916127,1427.629338423982,7.0,175.2696859774562
943,1271.215366237168,1519.7227526540723,13.0,174.9713241099413
944,361.02412169598114,5205.651713120251,13.0,174.95946537539234
945,7220.251071069239,3693.646636120551,8.0,174.94656128067896
946,3795.167394828074,470.08560604272566,10.0,174.83218947626438
947,908.91935258492,2400.9638846822727,11.0,174.30000093011054
948,1660.6333238480581,2455.1834005371607,10.0,174.08765399883708
949,2712.2867532542577,2857.6094128912505,8.0,174.04745732583206
950,4870.133783967396,2155.476999331836,6.0,173.97851927670104
951,3451.6883387200373,1745.5739499660958,9.0,173.87140408608104
952,2040.2955279111761,481.137048077369,12.0,173.20316466790712
953,2862.2584765752345,593.6173965174889,13.0,172.8817830434724
954,8972.05073074287,1184.1344705345923,12.0,172.6742446532987
955,7583.249475671698,76.12437482536176,12.0,172.10100679483585
956,546.6156757546635,2813.698510526338,11.0,172.07529674182382
957,754.8195387247919,5624.813880265604,13.0,171.98999899207806
958,5839.865967630991,4930.665790898821,7.0,171.82467205264697
959,6915.495473629411,5410.6991919378215,9.0,171.73638462495222
960,2841.3819324416454,5163.998027911646,9.0,171.55200087998944
961,4317.687396536686,5780.181975274612,7.0,171.54306601196575
962,6157.965108067944,1221.5401771271472,7.0,171.3856321534516
963,7743.8718614133295,1356.5345214698991,8.0,171.07810805936793
964,8138.752997888274,3626.2018192532214,9.0,170.9928078294262
965,1113.7691764550455,798.8394180221799,13.0,170.96265483865818
966,6172.9372165571485,2758.650790051755,7.0,170.8457266181133
967,2440.1052764370525,2370.765225963918,9.0,170.77587363214877
968,8926.678393812685,2835.7869490704584,12.0,169.99972036683266
969,5240.657796060018,863.2402229456268,6.0,169.97859519239123
970,7730.358171569533,2305.0052104763486,9.0,169.25948662449923
971,7305.061069135734,1666.8558285025088,9.0,169.05205127231886
972,2529.5051667705898,4408.874130055772,8.0,168.82570308461254
973,9240.686829796554,5025.547706758232,12.0,168.69914766227194
974,3702.280244826194,635.0033633061045,9.0,168.63522108708912
975,8934.042952124244,4110.225622193265,11.0,168.21954634103625
976,8882.220652518208,4397.976333505622,10.0,168.06185254306084
977,3447.678660796869,1968.3906544843323,8.0,167.928164596434
978,2368.5084603461814,4260.127013419855,9.0,167.8492011813969
979,1224.0824565627497,5660.422763129689,11.0,167.11552693026704
980,4118.416070568384,3258.2741991924854,9.0,166.8805027407035
981,3260.2312166233432,6045.699201267741,12.0,166.836813349001
982,8539.04924003954,1453.9766296782277,10.0,166.72602130862705
983,3231.2903819628095,1307.339829392639,9.0,166.64018226908235
984,457.8815263769154,4582.993910876663,13.0,166.38305000569537
985,1971.2527575489255,3072.994762570401,9.0,166.14798599528703
986,8272.11126029416,1905.2323273945458,9.0,166.041584235093
987,7691.900241769055,420.7864649839895,10.0,165.6576746084036
988,5808.924668086855,4412.434449476247,7.0,165.49601442774357
989,1030.9713436629052,709.2327243670703,11.0,165.041169496206
990,5850.937424267198,2724.4815715756063,7.0,164.89992043864896
991,4424.9086612411165,4186.622292857845,7.0,164.73060091109983
992,1351.885220628379,2895.5921089505946,11.0,164.62859235893177
993,63.66410311969253,4845.629967486172,14.0,164.61014718239687
994,4022.5087654682306,5246.584605703848,7.0,164.46604286988708
995,3246.260089660405,5951.811945124709,9.0,164.34416464980143
996,1511.8364100242948,1900.053255759675,10.0,164.19418419847523
997,852.2278626122786,1722.1413110915869,13.0,164.03754519176687
998,658.8962777846193,3749.187458319543,11.0,164.0153286279017
999,4840.5446817171005,5825.41166599359,8.0,162.9916939136662
1000,5226.045824856809,5348.357788565721,7.0,162.82000902398184
1001,2461.311023036539,3657.388727468444,8.0,162.64776330090407
1002,6160.201081825284,1533.8058110029522,7.0,162.56880380788812
1003,5636.857884977162,318.9079957226951,9.0,162.3098759131208
1004,6831.710139080337,4857.150508445106,7.0,162.19273373543234
1005,1669.4940544813066,1468.091975790188,11.0,161.9494646482799
1006,5951.487278382397,1146.4179085094638,8.0,161.84491150806653
1007,1018.3919622932552,3140.6405667691533,10.0,161.82855017463032
1008,5488.089725276166,5793.804360212108,9.0,161.71884571823102
1009,5765.019374046935,6001.741455427801,9.0,161.15960688398386
1010,8648.903630523602,5696.070339974167,10.0,161.15860160423193
1011,2645.654740466678,5194.798019538073,9.0,161.0433690288044
1012,9120.206178155777,522.152712925018,13.0,160.9957417952132
1013,9059.383846157894,2921.452454566704,13.0,160.43022649952775
1014,7034.656453042527,5813.383396250488,9.0,160.37916063238316
1015,3899.918478702674,5403.537642231065,8.0,160.27964670676346
1016,2396.8666500326017,1168.7496728877081,9.0,160.2651983976429
1017,5996.775291689043,4682.881217989955,8.0,160.17930999805085
1018,6868.966739380953,1139.776002303248,8.0,160.13770668438835
1019,7317.595406928276,4872.467691242928,8.0,159.8997866453544
1020,6064.247527945781,3893.1152942647973,8.0,159.75566568491448
1021,343.56522400921966,1996.4634318799378,11.0,159.5739847831738
1022,5235.294651709975,5294.405918805429,7.0,159.4835414806211
1023,3965.0581423350145,1401.1638796809527,8.0,158.93697279332812
1024,8404.092651802144,4709.183165041019,9.0,158.78257582904845
1025,9372.131821904652,5545.399051524523,10.0,158.66080362481065
1026,3546.155485011623,1121.9076808919785,8.0,158.2390355617564
1027,2796.3804767302468,3194.7462028135274,9.0,158.15066876426124
1028,4678.203078164297,335.1042269726572,8.0,158.0461982843952
1029,8105.651920982958,4396.812580220074,9.0,157.72117931895963
1030,4930.505888384584,6108.621442979073,8.0,157.39897114329318
1031,4717.3482688086515,2921.9281709142747,7.0,157.32618976563566
1032,513.4068268161983,3400.9753507450696,11.0,156.98068067966742
1033,8841.57814143088,4303.29771855799,12.0,156.65955636227562
1034,4464.864295044073,4489.366018523532,7.0,155.70910540150828
1035,1514.2447427475029,2612.2235608312253,9.0,155.59219633631332
1036,2026.9854249634818,2292.0846966654617,9.0,155.5652633325214
1037,5582.2216229050355,4169.654346881516,7.0,155.45987850923586
1038,2000.6677955603993,1992.0180772188328,9.0,155.20289844597144
1039,7298.694974410222,4162.566894277043,7.0,155.1514405414527
1040,142.83060424766668,3883.2460543107336,13.0,154.9353048264515
1041,174.14806678821338,5822.6969718049195,14.0,154.79062763283136
1042,4943.624661088511,947.6239740772612,8.0,154.75312250972863
1043,332.0448873382598,2004.0780226300074,11.0,154.5159847825876
1044,4335.703336860642,5413.390349086796,7.0,154.46846661664276
1045,5765.032702608111,2431.5873728987704,7.0,154.02612346310866
1046,5279.80146443094,2780.3654282028074,6.0,153.92581430374452
1047,78.12041113883038,2812.3896460023475,14.0,153.420678401118
1048,8679.974373452162,5881.004389330202,9.0,153.35724012710108
1049,3189.576049686422,1392.125408037284,8.0,153.27170596030376
1050,7167.683705688593,1288.711777223267,10.0,152.80090909799972
1051,8123.1641367753255,5438.639682320991,11.0,152.73307179838966
1052,1599.5386017198573,87.31240886178763,11.0,152.00078970028312
1053,3955.57045712812,1460.9247692031024,7.0,151.9505708246967
1054,5272.559707369217,2368.6270284765415,5.0,151.64971200762824
1055,5706.427034211875,956.3189057050135,10.0,151.59258725300316
1056,2448.845411833548,3310.9469319163827,9.0,151.39639293449233
1057,9328.36042809748,4087.026131805057,10.0,151.36329878163383
1058,763.7258638519199,247.42519794702923,11.0,151.06556760104726
1059,5175.855134094003,3558.435367286795,7.0,151.03078272190353
1060,6543.699126058265,708.9404659020925,9.0,151.0053085613088
1061,3874.525437831555,502.59750182146536,9.0,150.75062523605948
1062,534.315260998059,1862.6692546869658,12.0,150.370111537764
1063,1774.118734066153,1419.5008567005084,9.0,150.34271171622757
1064,1593.2354372870122,3295.4299734178076,9.0,150.28671383037516
1065,9352.337484267495,3793.6053820247207,12.0,150.2637197314153
1066,6030.190844378711,1246.2151706804525,8.0,150.15713206289476
1067,7024.130907641653,6194.959873808511,9.0,149.53624910967304
1068,1674.1799511401407,2684.041524370175,8.0,149.5259743788666
1069,4043.8620867976165,2004.0649280151965,7.0,148.95763598989922
1070,5978.681264869676,2250.7291846361595,9.0,148.8773343796812
1071,4063.034949632649,4304.538657655856,8.0,148.7800003779229
1072,3983.2170245361044,619.984795162697,9.0,148.68367341866215
1073,9468.110722924452,4490.197842766253,11.0,148.4392160370513
1074,3702.651261626313,4026.755174343749,8.0,147.92683657323263
1075,9466.056694103067,1669.899639878775,12.0,147.91587550992142
1076,4717.45598577538,513.6196243989704,9.0,147.91202653174142
1077,4314.3866744187835,64.56514625934986,11.0,147.84908010226346
1078,5828.731874122499,5151.73704231641,8.0,147.54557079214075
1079,2618.706392722736,5826.923280832122,10.0,147.43027889430115
1080,4127.875015643274,6302.908762693176,8.0,147.4127513963012
1081,5614.808787814556,4070.0165766884566,4.0,147.38830338554627
1082,6190.323604687096,3592.4219624439934,8.0,147.10738569700288
1083,6683.639095789271,4518.763442116524,9.0,147.0030519460704
1084,472.2422417998491,2632.1134826913667,11.0,146.92246802151269
1085,8332.893072742629,1903.8789740972186,9.0,146.86066974463904
1086,6362.7942558144505,693.0869330733997,9.0,146.7942806286436
1087,8254.381279827327,2365.2999864664757,9.0,146.59584489685798
1088,5615.935408551744,4167.88534068469,8.0,146.54906052103502
1089,9154.74645539535,763.4957022701403,13.0,146.21912724833317
1090,6269.8928017661965,3156.9163922800403,7.0,146.03369550661418
1091,6625.655091028713,3553.476045569291,6.0,145.86933329928954
1092,7230.671643701152,3561.3030338655917,7.0,145.7476741543547
1093,7297.021492017642,3536.4166069165462,7.0,145.7083243918193
1094,5827.258276802815,2964.901571400943,7.0,145.4846370019727
1095,7537.3468018064705,4192.156783176081,8.0,145.46492935644162
1096,8034.035192560307,6154.153176988838,8.0,145.29994488601352
1097,7238.555932940131,5886.098952152223,10.0,145.00743336494662
1098,7306.084669827908,3525.083617168472,8.0,144.6427986394313
1099,3625.885581229518,4627.136711428154,8.0,144.48819198168007
1100,5963.426006860378,2697.8280970539895,8.0,144.48034347160564
1101,8882.288351283556,896.8077065278796,9.0,144.30434919592827
1102,5523.253191610707,316.9755622744363,9.0,144.23742944040774
1103,1073.3433035131718,866.6097129592966,12.0,143.83340777686317
1104,2128.603132653256,5973.849198002953,10.0,143.67965397804522
1105,3196.0633215554562,4260.965179944506,9.0,143.46042126043378
1106,4125.5829339456595,832.8575634633088,8.0,143.13621955309526
1107,3502.622013772329,1053.817645340098,9.0,143.0470618974644
1108,7745.952469270614,3196.5902739501803,9.0,142.85087329080724
1109,8240.993898585262,5829.1212138522205,9.0,142.83805483077504
1110,8855.372518115726,1413.4702147822354,11.0,142.66604756271997
1111,6649.335191400991,6088.186111988556,9.0,142.59464518839195
1112,4813.927990683672,305.3296923476081,8.0,142.27569749795168
1113,5308.537699886818,2181.0694233205536,7.0,142.23123151155147
1114,890.7673908197226,4086.8704415854404,10.0,142.19945071907986
1115,6921.789822706606,2228.140025128559,7.0,142.15775065454554
1116,2950.102328172398,1542.6624100446263,7.0,142.15703955702023
1117,4689.191762002157,5575.989092223202,7.0,142.0956054344457
1118,7187.433313829511,775.553406363787,10.0,141.720805558039
1119,9482.160540965893,2718.5955262761254,11.0,141.51107841157454
1120,7068.13495918423,5475.462864909383,8.0,141.19410423451632
1121,5977.0864702024355,2123.7608347679115,8.0,140.85525955029362
1122,4162.726784853523,604.8087072529202,8.0,140.67274367971552
1123,2432.022902477162,4535.120390170776,9.0,140.6377971164689
1124,5464.455996734085,5359.293003522991,7.0,140.3963007465115
1125,6799.663753579772,4870.110872001149,7.0,140.31501687948332
1126,3173.8543988446395,5589.870377121856,8.0,140.23794672743992
1127,3314.793968553128,6134.354027900267,9.0,140.16342197891151
1128,2531.490963473055,1256.8538585730173,8.0,139.8709499500812
1129,3905.8906512634353,3669.8784316460315,7.0,139.33636432851554
1130,9074.919573081997,6284.099483884739,10.0,139.18622808478233
1131,3137.5288756019486,1659.3948496394944,6.0,138.84250839539786
1132,7618.542727350838,1933.0970078930304,9.0,138.6499304249918
1133,3700.708827142987,1314.7881780240386,9.0,138.62339418407487
1134,1743.2899198989342,4220.803200053569,8.0,138.48649671294817
1135,2936.179822726394,3659.4301172647565,6.0,138.48383830809112
1136,1848.5549903956685,2426.4558849917835,8.0,138.17948247730743
1137,655.5083083719355,2655.735871302592,9.0,138.14501847238031
1138,6548.346066816373,5537.097172186683,7.0,138.144849642895
1139,8087.517556548586,5537.849176472434,9.0,137.96528105606248
1140,6431.052852053493,4043.0238747579806,8.0,137.94231626166595
1141,9187.908174676151,2961.403918479728,11.0,137.75233881976715
1142,1075.4462147858471,1706.9475978248422,11.0,137.72200263449713
1143,9434.780343476265,4640.413863047043,12.0,137.54297240600562
1144,3307.207280310755,2246.0061095636747,7.0,137.5178451394071
1145,1460.4774381606692,3884.5456244561183,11.0,137.3810572846929
1146,8191.884035485445,4343.236147011165,8.0,137.2764039282563
1147,3240.2083844846698,2082.2547089954464,7.0,137.02579598346026
1148,3250.784299387682,1075.3943758388186,8.0,136.94489712009
1149,7847.910129169124,2809.7761914634243,8.0,136.85512119099528
1150,3980.952648978269,127.40843223930189,8.0,136.53358288894378
1151,8484.63594549915,1085.8411543747663,12.0,136.41014178295214
1152,5216.566554395566,3073.524248131164,6.0,136.13017699787235
1153,6262.03599310591,1938.551349757896,6.0,135.7844624159816
1154,8487.909960286932,1944.842395735913,8.0,135.76001744593347
1155,213.7952860773088,5464.386748395417,12.0,135.72590498188916
1156,4740.835540452566,1985.5656547930623,7.0,135.71075993252305
1157,9479.592911258373,2258.1945719345804,9.0,135.70703858215688
1158,8168.641733446059,5324.92397532676,8.0,135.41297283124499
1159,4499.201599898905,5930.834325719304,8.0,135.41167598037708
1160,2255.2702092667487,3275.5651424725534,7.0,135.33273193805408
1161,5035.953782530615,4865.596029962375,7.0,135.27845217406065
1162,6931.76147808455,2708.590989914175,9.0,135.07632806805267
1163,7416.440409034848,4865.1138022545765,9.0,134.54238262444417
1164,8955.709234411954,978.9302297275759,10.0,134.2375878455195
1165,8716.019285104372,2491.258007283074,8.0,134.09721010373218
1166,8179.723551242429,5328.825397544179,9.0,134.01021952620138
1167,3198.6739087284573,3257.8749762216403,8.0,133.87202863045638
1168,683.0069323191134,6322.98630585174,13.0,133.61517314489632
1169,2226.2420371149046,376.06119498976335,10.0,133.57190523098402
1170,5970.757976450533,3045.911120876899,8.0,133.54205551577218
1171,6061.588958694228,2351.081524848765,7.0,133.30433051438354
1172,2473.5509797622262,3657.131677714352,7.0,133.2291917939075
1173,1464.3339666945599,1337.344454514119,10.0,133.06498798836617
1174,2921.22482511856,2655.002777754841,8.0,132.96392089531923
1175,2537.325961093655,1861.3666269590883,8.0,132.89838391329565
1176,1366.564550765638,2590.6595618990973,10.0,132.80581832940754
1177,5705.806108497669,4173.649879993527,7.0,132.78409807798744
1178,6904.115943776046,4396.922895549944,9.0,132.12549599763435
1179,3850.2184272414383,5379.060170370067,8.0,132.06341252351706
1180,5610.559633618994,109.85956566646757,10.0,132.05753271756794
1181,6673.239554439645,5560.744205940921,8.0,132.01267854607372
1182,7009.818229284288,5401.2721165800485,8.0,131.73036125782696
1183,9111.72616465174,4839.509022862121,10.0,131.6129819309061
1184,1286.4326609278628,5113.274861237784,10.0,131.5827553348766
1185,2447.8773166151786,1821.1818253081879,9.0,131.4659338885839
1186,9111.032062538185,1652.074192872551,10.0,131.08450881833787
1187,8430.433852702658,4180.541723410769,11.0,131.05094371031973
1188,245.9809110516104,4148.899318973973,12.0,130.99754659120455
1189,141.72615765731882,3351.104692683994,10.0,130.89171826621038
1190,7915.606349182739,1050.0847469957394,12.0,130.80170247087128
1191,8110.739584592808,4380.0358761467405,9.0,130.39074618971642
1192,7201.481844351566,5763.127678330409,8.0,130.02742064321382
1193,5811.503000617608,5639.502661262185,8.0,129.83774026732402
1194,2232.845246531941,5720.259196817521,9.0,129.82019842761056
1195,9286.654839352745,758.628417443717,11.0,129.82015355603542
1196,7642.3378281669075,3161.6837086613673,7.0,129.80312798474756
1197,6758.972089910942,1981.4480100187357,7.0,129.72945984870367
1198,4834.395103790901,754.8713192813325,8.0,129.51930831181087
1199,1152.4824849231477,1226.5019293210307,11.0,129.40602526762186
1200,6822.909382775685,2540.2763973377514,7.0,129.07651833320276
1201,491.3273869514084,6032.520188857672,13.0,129.0699874336504
1202,7873.108573908233,2524.925551220399,6.0,128.9338639532971
1203,2115.2039163508907,4958.9545204511805,9.0,128.62808609725386
1204,6298.397578883987,679.5277463429853,9.0,128.6276983032167
1205,9164.038741696104,5168.396270370869,10.0,128.53780223058914
1206,270.88153948094896,2530.086838627938,12.0,128.45301542213076
1207,5013.745758469257,2317.0254311119816,7.0,128.22656429165247
1208,6753.03898565618,5969.223564102875,8.0,128.16021484009906
1209,4805.591819362069,5444.4325674373595,5.0,127.92922537085104
1210,7914.509118986694,1959.6346987584775,7.0,127.87590900137641
1211,7202.525839858776,973.5537909944345,10.0,127.86537336826409
1212,3073.175833560214,1408.7148788763964,8.0,127.86249100003224
1213,2595.9221396910543,1884.9351425003763,8.0,127.77636948547126
1214,7992.874710831352,2381.966399489136,8.0,127.59519247874937
1215,5780.666202230775,3774.8707302124544,7.0,127.53120378934354
1216,143.2417651527562,3279.2154198381313,11.0,127.3783086408415
1217,2016.045498969047,3243.8179816161514,8.0,127.35471989342858
1218,5586.089156305357,1927.0822287468295,8.0,127.20110684777048
1219,4207.225610487085,5555.487873179606,6.0,126.94549511466761
1220,8316.018417594189,3812.2818737863295,8.0,126.77237439690424
1221,7117.3564193696175,5628.632677244945,8.0,126.72490456877938
1222,3092.7023115548877,5779.8390835876635,8.0,126.72057083690738
1223,2453.0559629605655,5452.407551200498,9.0,126.6608597432007
1224,2892.724518763513,1360.0638492640687,9.0,126.5930435760098
1225,2555.5652693510096,5975.342191086509,10.0,126.46822438505534
1226,1219.5104152859924,1953.5141423209902,10.0,126.33872514679912
1227,8813.009120580886,172.8147227950363,12.0,126.31235885767089
1228,8988.279655759696,1358.559905008846,10.0,126.17811912716893
1229,714.5780159016905,5986.57132637447,13.0,126.11102479060736
1230,2071.3300496516604,3417.483562480877,8.0,125.80986599461144
1231,2493.165804487838,2002.971016039616,8.0,125.77717390769342
1232,6354.690557194451,5269.217295157567,8.0,125.76593959486223
1233,6752.920896792496,3652.6777788692557,7.0,125.74061270944523
1234,1210.6824432480446,5701.633618298607,8.0,125.50904062718838
1235,8212.263894767133,1734.1134233085752,9.0,125.29024568961803
1236,6120.880493999883,2527.915448537031,9.0,125.094044947994
1237,3239.5517010135877,1374.300336406264,8.0,124.73828437475878
1238,3813.785130921848,3018.6026483614096,6.0,124.61212025502876
1239,8150.854147857407,3684.2362339811143,9.0,124.49110267946607
1240,8344.571395769766,3929.001752914715,8.0,124.48601387145554
1241,5257.820406701328,2565.4068342591454,7.0,124.06401787204284
1242,1937.0658306547843,3262.73066884945,7.0,123.90666180603948
1243,4325.185506782129,2336.118842000246,7.0,123.90661438099491
1244,8263.086722858276,3780.6137429186247,9.0,123.74387093033181
1245,955.6230493657888,6079.334714036705,13.0,123.60424477014355
1246,833.3759262279302,66.78039354073704,12.0,123.37759727559515
1247,5495.961244001222,14.053985568641874,8.0,123.13951676786459
1248,2937.790380890934,208.72182735669062,9.0,122.98152636136311
1249,5652.222690898195,2794.435232990252,7.0,122.97032360345348
1250,744.5117793082569,5642.4852145743125,11.0,122.79664603295477
1251,5912.189014903492,3133.371999770518,7.0,122.53067377367427
1252,4651.691878162293,1173.4461203739659,7.0,122.46199383076494
1253,6629.39651825398,4017.2726399631674,7.0,122.33657095157714
1254,2814.3759634404746,527.5028610044908,8.0,122.21111142816272
1255,7792.093529937134,1964.580411071856,6.0,122.1261928193178
1256,849.6111256823324,2081.385149776748,10.0,122.09858221017349
1257,3941.985356908737,5785.552029911969,6.0,122.09099735515099
1258,1530.4039278904127,5504.817393221452,10.0,122.04933563409645
1259,7261.7095929253765,2917.698921925274,8.0,121.9798029504836
1260,5309.6317426708265,4123.730217180134,7.0,121.85134024658431
1261,19.56230847960819,5642.655321857397,10.0,121.48243406816194
1262,3990.866621129748,1934.877674372426,8.0,120.98229633961711
1263,1507.6738275348519,2435.5521905457754,9.0,120.91604841637013
1264,3526.911268682545,4933.526018844024,7.0,120.7889212743239
1265,7895.819821966529,4611.17375931182,9.0,120.70435946097491
1266,7051.738367947778,3741.1313578205595,8.0,120.5435316825691
1267,4841.777636398908,5715.591288427436,8.0,120.50228341700675
1268,8854.402467934562,5360.763253893838,9.0,120.4266396970472
1269,5029.6652110924,6045.750337599504,7.0,120.19333501638889
1270,5994.78925518518,6020.290954148726,7.0,119.88531244684934
1271,7435.2498223967095,566.2573847494501,9.0,119.64594015660062
1272,5009.810382301645,6200.265330685943,8.0,119.63061892373675
1273,1545.1657675128397,1886.8164161136988,10.0,119.35862266309967
1274,648.1884902327234,4555.677441721894,11.0,119.26697100652247
1275,2964.867182389115,5740.986193646967,8.0,119.15574524430215
1276,2268.279378584829,573.9150569621629,11.0,119.04333974925702
1277,7477.184689600826,6376.334178799813,8.0,118.85320477956714
1278,4464.170944127903,3704.2906608131652,7.0,118.50901088752126
1279,7742.910726080813,3176.0472865068605,8.0,118.44591402855146
1280,9069.637835696958,1265.326482832432,10.0,118.22140933543942
1281,7772.685541003559,610.2460047677281,10.0,118.14403563971442
1282,6050.817171603839,457.0339503743268,8.0,118.08501485599407
1283,9343.166508587028,3561.4794475080653,11.0,118.05304063431095
1284,7213.723581012607,2238.110434294629,7.0,117.81741409671078
1285,2581.786361002949,1731.5405724065608,6.0,117.8008913896646
1286,3880.5367565576535,3971.3988040740724,4.0,117.47929997555426
1287,3777.236128643778,4490.068205983543,8.0,117.42389029947233
1288,6346.475063592331,5876.955839481322,7.0,117.26441217603734
1289,3849.620279509366,664.4657485550437,11.0,117.13299774896018
1290,1634.147027312133,4374.385949747016,9.0,117.05429882694551
1291,3652.205327414333,4510.985602911471,7.0,116.87253114264536
1292,4812.982484215042,3784.1037757449444,8.0,116.83937406247799
1293,362.20856957943226,1294.9174275422777,11.0,116.77564082424472
1294,3779.2385081443454,3362.327422932311,7.0,116.7333197167926
1295,7545.311005832517,3731.1675738132312,8.0,116.20470593101037
1296,7534.433498986594,5857.80164838247,7.0,116.19182572446522
1297,2563.4114837275624,5858.81040921461,9.0,116.08283307056763
1298,6640.241226004783,491.4176387248572,9.0,116.0601741769088
1299,6887.709225266091,5550.001395938719,7.0,116.04665469545668
1300,3165.2793324987383,887.401971246239,9.0,115.94059993091622
1301,8940.484804451513,2481.977698277688,8.0,115.9337234377296
1302,7959.032964686158,6310.996941515864,8.0,115.86781019201295
1303,387.4114547298963,6365.70306164387,10.0,115.83481480845437
1304,3467.656850935849,5391.717083411131,7.0,115.7654139004502
1305,2655.789908269412,1962.032452824551,8.0,115.52083011837013
1306,8076.379240388754,3991.1050954159837,9.0,115.3850000302275
1307,2361.852926878799,2410.2185895016414,7.0,115.22939892557741
1308,970.6227491250509,1735.131857781125,10.0,115.1815467000801
1309,8349.46125111438,5457.59773038302,10.0,115.06927313420006
1310,3448.599833393179,1183.0267992322727,8.0,114.97452098360387
1311,282.6936394428161,3745.703152592099,10.0,114.5740080217175
1312,4667.38365800594,2195.337950339324,6.0,114.48006535728483
1313,6598.596352749914,3311.2740055077666,5.0,113.93906738710606
1314,3347.436150207679,1304.246498120954,7.0,113.7181860109919
1315,7391.173692501657,5726.909460816517,9.0,113.52293136723755
1316,7495.502871989472,5531.7227468055235,10.0,113.29761525365502
1317,2742.8607159695894,3826.6193889116375,7.0,112.86018429093204
1318,6816.413576516838,5487.942408736487,7.0,112.81906459068662
1319,4257.137001653298,4479.514850781227,6.0,112.81709714792126
1320,2755.7292011272066,2710.7276179395703,8.0,112.79200498589105
1321,101.9597822196925,4321.943383929914,12.0,112.70583100532215
1322,2241.969896087154,5200.594939174668,7.0,112.39996978524664
1323,5744.771057509368,386.13152292423206,8.0,112.39489824648868
1324,7456.5442300585,4256.1520443862355,6.0,112.26041119806122
1325,7763.984214453809,3383.441893111692,7.0,112.20403414261658
1326,7821.168645122084,4341.130833098966,8.0,112.19720838206527
1327,2191.0540233606803,6374.635258856468,11.0,112.14330067837723
1328,5470.228511646193,1438.4259579078687,7.0,112.08009225660683
1329,8642.588419297334,1475.8962708348731,8.0,111.7908342187913
1330,2076.4717995579017,5082.037947930946,8.0,111.71098941288788
1331,9446.84747349326,2130.6238918974213,10.0,111.3069794749232
1332,5142.088020267853,229.80159512893061,8.0,111.10103734845538
1333,5280.357240442505,5051.318520644191,6.0,111.08240760869549
1334,8031.534465669965,4295.978934551278,7.0,111.05537175412432
1335,9158.380482234936,4813.018572432088,9.0,111.04934371395372
1336,7293.504321052039,1703.521987270564,7.0,111.02042787601766
1337,1276.1668033799533,6328.964353457955,10.0,110.73963083563322
1338,2467.20855299482,64.55925561687812,9.0,110.59887920552094
1339,8019.614161368918,619.3804802986632,10.0,110.46215599331848
1340,9068.385712321806,3429.7462520443114,9.0,110.18099978196189
1341,5325.757120998716,3298.3384927366283,7.0,110.1335226556811
1342,7443.889471793827,1464.5178008048765,8.0,110.12800913120688
1343,6641.008587490863,4046.347016909931,7.0,110.09636875813743
1344,2868.846909130992,3425.787726417825,7.0,110.0923789840407
1345,9178.30184797072,6190.7688878681865,10.0,109.99042469585778
1346,2495.7883410058835,2470.756723026292,8.0,109.75061727717244
1347,9547.15382393236,410.94225311425896,11.0,109.6016607777031
1348,2776.4862932913866,2218.8043064568824,6.0,109.54922651244266
1349,985.9353615343275,2958.4168123145723,11.0,109.50609784388874
1350,28.649793347258075,1934.421870446646,11.0,109.47010564009406
1351,5778.2699702345735,1141.8116338798498,7.0,109.45420831513498
1352,1647.6716983309632,778.5287605446413,9.0,109.40654067175747
1353,8409.983174159355,6281.261108184336,9.0,109.36692540845209
1354,7681.53471685585,1035.1157442148308,9.0,109.28564351931604
1355,8970.724783289083,520.2399782695261,11.0,108.8728994382859
1356,4059.466238914921,5418.848978457768,7.0,108.70556052151379
1357,2617.674191625439,2863.6696108985816,6.0,108.69334833025601
1358,3301.4031066236093,4236.791785586552,7.0,108.67317744639777
1359,930.3295984396277,1159.9416451854547,11.0,108.62169245652147
1360,6148.354550342691,4027.8238109185736,7.0,108.5406048616851
1361,3206.881425597851,3718.398867125976,7.0,108.47982706114693
1362,3963.8722895719993,615.7307904176909,8.0,108.37779957284351
1363,7685.922232480891,228.29142610587553,10.0,108.19729851275518
1364,298.79029859071136,3475.6093052924025,10.0,108.12400791639888
1365,678.5455079691448,6046.277257394485,10.0,108.11811812704131
1366,6006.290173078321,3689.178389594417,7.0,108.0386659594446
1367,527.1243007226352,5123.7254596123485,10.0,107.99275342452388
1368,6351.383288254055,3578.16660324505,7.0,107.948186670854
1369,9308.239354209807,4471.403824522406,9.0,107.582747954579
1370,2228.783640896835,5888.967783155291,8.0,107.1306621090425
1371,2298.455773299301,2300.574553573425,5.0,107.01315837298655
1372,6403.850786253678,5181.9228710613725,6.0,107.00220992729376
1373,6634.185568769756,4244.580753101686,6.0,106.94467319665947
1374,5246.537469369314,1882.3353690531899,4.0,106.92624122468222
1375,2389.578592577301,18.558052653670316,9.0,106.8209222723598
1376,1789.620864558004,5657.2587650075675,8.0,106.80501070040071
1377,1880.918545576205,3387.939681850405,8.0,106.6740819032772
1378,1848.6576041999206,2777.326568558189,8.0,106.65792104359952
1379,3356.70068346709,2067.267271733779,6.0,106.5181330563754
1380,3732.8584986752085,4347.096871450573,7.0,106.3059928717628
1381,7052.37071279547,6108.185014076352,9.0,106.29803041878593
1382,9263.570063151212,4282.55512068167,10.0,106.22345262097411
1383,1802.6500486294099,4143.5705676409325,10.0,106.21561749390179
1384,8561.669128966294,6098.431736045449,10.0,106.20377222077275
1385,2733.838058563885,1757.3519296511583,7.0,106.0278748188259
1386,3800.0274831682086,4407.899104706884,6.0,106.0196475859976
1387,3927.6469785015106,4568.105490760019,7.0,106.00195080186892
1388,6862.511529608118,475.0794327301635,8.0,105.74067167902189
1389,3966.129776280008,5242.998428607848,7.0,105.54343050409646
1390,8384.73279785354,5084.375394804263,8.0,105.46433628647269
1391,3369.0504366927476,4570.800846461527,7.0,105.21345252412173
1392,39.3648055959303,1678.669783543738,11.0,105.15441451084347
1393,8785.230963925947,2750.6765304338796,8.0,105.11129781764024
1394,843.0963710894773,3007.959330935435,8.0,105.02722950912172
1395,5306.843332875183,4397.018234667888,6.0,104.99341204448349
1396,2801.080874119811,2686.4064106953106,6.0,104.96770260205471
1397,2979.3758963223204,1613.9145896688854,7.0,104.94148637619182
1398,2573.8568982634683,5414.405505020108,7.0,104.8512998169355
1399,4841.4606157691305,3508.165541370334,6.0,104.74405195873452
1400,1415.7886947601612,1098.9087326278698,8.0,104.69832297084034
1401,1654.4743938290876,487.5522532687339,8.0,104.65538511433991
1402,6268.0417538106085,5196.513902337515,8.0,104.64781235303596
1403,3061.703604231331,6192.148786470315,7.0,104.63499154391191
1404,6169.711026237938,5064.285985646559,7.0,104.48027363120401
1405,8761.154095550288,6287.910706449244,10.0,104.45905422826526
1406,196.13477276478395,4495.616681466712,11.0,104.45277711692886
1407,7817.45110596631,6365.790835106436,7.0,104.36395356668824
1408,2881.7658938182244,3856.314880661339,7.0,103.85301728497765
1409,4336.25999350923,517.7142625327984,8.0,103.67188565352231
1410,1329.9527917950043,3667.1825296669863,7.0,103.65514205442462
1411,5010.812521234917,4844.165006337042,7.0,103.53314852309224
1412,1281.0143216747122,3812.2747426566193,7.0,103.44383127951677
1413,38.24348425152335,1740.1359396568917,9.0,103.1685881372018
1414,406.3199467097029,5069.075550828588,8.0,102.76807413824875
1415,424.40222578765,5319.964888952584,10.0,102.76114722872134
1416,4932.656771970901,3030.573403326933,5.0,102.74307275905382
1417,3970.3613589531165,2430.3106826577505,6.0,102.70365698818749
1418,1029.2921095629174,4648.168730905164,10.0,102.44400297225918
1419,2589.0804485683952,300.54576335169617,10.0,102.38559201958778
1420,3007.712430774918,1673.7809755043522,7.0,102.1112675345168
1421,31.841367002152342,1558.2456478817635,10.0,102.02534157447485
1422,3486.568579716139,518.4491722810545,5.0,101.74720949891586
1423,3124.975239715623,1499.57119071215,6.0,101.61585726539036
1424,8981.147742240444,2665.1103978261517,8.0,101.47864115845678
1425,9559.332782153366,1111.8304994386103,8.0,101.16335909012547
1426,5303.2166140776235,2224.742350004153,7.0,101.14282852636823
1427,2968.163107949596,1546.7071380123637,7.0,100.97157093472588
1428,6685.356755438176,5990.7083184023595,8.0,100.96712511201396
1429,1972.8540486394108,6296.582872012792,7.0,100.95759315547052
1430,5665.643372886569,5919.331582950107,8.0,100.84338851706634
1431,6094.360403822579,1020.5931874067041,6.0,100.72171015826385
1432,3697.3035688007135,1675.6718759341027,6.0,100.66733179906595
1433,5745.262315443767,6067.021797268159,7.0,100.63611335437102
1434,3689.963200980816,2256.7323565637926,7.0,100.59845141055108
1435,6523.920260373105,6125.7511053717,8.0,100.58562705500859
1436,1335.8798260623187,3045.3747196883005,6.0,100.24989134571284
1437,5988.070401015465,5803.739743952403,7.0,100.20318788299046
1438,2347.0700098975904,6087.849736147776,7.0,100.20310523373895
1439,611.3005466165363,1669.6293267274248,10.0,100.18097873188056
1440,1548.6921491453936,4727.1125743090715,8.0,100.1129577383812
1441,128.31695279025715,1717.0541195607836,9.0,100.04582898814562
1442,2515.808386766017,753.6638138799292,6.0,99.94217165579477
1443,6259.563020591879,2422.8348330160816,7.0,99.91259978765434
1444,6735.39903838855,24.480548884587844,8.0,99.89226249273695
1445,5381.895957642105,4309.5312775707425,6.0,99.78410068921782
1446,1382.60907051299,3433.162355186875,9.0,99.78179914633736
1447,8143.09890460361,4193.969028507771,8.0,99.76495440729592
1448,6934.922500770559,3018.5770120487655,6.0,99.12522637741777
1449,7187.70704930417,769.0513751422435,7.0,99.09043727258806
1450,5620.4096394065145,4237.249113599277,4.0,99.03164552693562
1451,3379.5695882156456,2996.6438034517882,5.0,98.99713900538718
1452,1284.9565534694489,5799.4022650571005,9.0,98.93722480380343
1453,4186.853431963888,1704.7747373754175,7.0,98.85710394337372
1454,4981.17802638756,4468.468446481294,5.0,98.76343991655297
1455,4522.968824789154,4686.468125008696,7.0,98.54449323178447
1456,7720.977699926911,1580.186421144833,7.0,98.53205546956718
1457,9062.352729527418,5992.897969121351,10.0,98.16343008260031
1458,9070.9659815749,3960.6591123476414,9.0,98.16197903978464
1459,2072.34263751179,5007.455638351228,5.0,98.13383257784892
1460,7283.83911913839,3068.365216732739,7.0,98.02107221278312
1461,6638.039669348037,5182.0292482040595,8.0,97.99309274180021
1462,7334.75870923744,5758.025163259175,9.0,97.97440378866958
1463,4728.141668950728,2123.8333913325914,7.0,97.88102379046789
1464,1327.8269242290314,4977.326720672631,9.0,97.83881761572113
1465,7567.166519829227,1689.6172266168703,7.0,97.75737520279445
1466,1604.905156450759,5415.044332622759,9.0,97.63707529400921
1467,9041.972767077516,65.16658218447452,11.0,97.39626412099636
1468,890.693684187499,2442.0557801801797,8.0,97.20150735793605
1469,4837.876584684331,92.59521890957136,7.0,97.15389494866729
1470,7717.876167182955,1023.4382524111359,8.0,97.0678668723717
1471,2294.0046460187864,1136.7990600657724,8.0,96.9835950090106
1472,8276.734651695433,3796.085964637967,7.0,96.80553757569567
1473,4847.052784067607,3491.534650659647,6.0,96.79091247852165
1474,8813.495377971296,4447.61391623689,7.0,96.73425420962886
1475,8488.014992537925,3442.2181162484167,8.0,96.66750143013873
1476,8988.030093395437,3365.447667428311,8.0,96.58960059435327
1477,6849.313617114868,3071.543087575283,6.0,96.44884292842872
1478,6434.402031217789,1743.900837751043,7.0,96.4255615697009
1479,8282.661316040576,5278.288031080645,8.0,96.41770036938175
1480,7303.296071157592,920.7084378903252,8.0,96.26595621304443
1481,2903.7188300993307,3215.9456392613324,7.0,96.26050013771774
1482,5407.176093408074,3444.2899102029983,7.0,96.21624786944284
1483,3388.0353541286377,4287.55310518989,6.0,96.16616627786522
1484,8506.221275888498,6000.262859494502,8.0,96.09405144872211
1485,4993.48724790465,309.3507320930919,6.0,95.79647114308548
1486,4692.2108952822155,1860.8850260412069,6.0,95.69730050810405
1487,9001.01479519606,1258.919992546517,8.0,95.67938904942324
1488,7955.0328692718285,4891.870301807008,7.0,95.54958356502203
1489,4206.059084587902,4423.94447927191,6.0,95.44734816672317
1490,4213.33646145304,5098.096253511619,6.0,95.3947214727977
1491,1435.2506643039694,313.10254006615105,8.0,95.35371591371171
1492,7790.25084698615,6100.287563910816,9.0,95.33283692787369
1493,5843.079924029245,64.1611007912115,7.0,95.25210437747583
1494,229.07415286769725,3051.72517176619,10.0,95.06113041052778
1495,30.762430114873588,4599.899758370608,9.0,94.99514791554554
1496,7740.2824759510895,1277.5178100313046,6.0,94.97675212610726
1497,2823.989281688824,3746.8172831400248,6.0,94.96949755090428
1498,5310.7073768639875,4933.055098257247,7.0,94.94274740969341
1499,5171.792227855214,1869.893979378998,6.0,94.88288647917683
1500,4898.153743089002,6347.502401945198,8.0,94.88271113721007
1501,4536.525432606857,2316.0849747426696,6.0,94.80636688529897
1502,6257.4523549763235,4989.624220370899,5.0,94.70864358570364
1503,6257.733913871439,337.47683528848876,7.0,94.55275772164954
1504,9039.915494021461,3566.7522802767694,9.0,94.5112480838802
1505,5865.630436968525,4499.675453083594,4.0,94.3843320242665
1506,6810.129413390003,6068.992890608334,8.0,94.36028214166731
1507,6666.691545823592,1340.1696404741385,7.0,94.21231989876918
1508,7935.566356257028,3858.960830371417,6.0,94.03518350753964
1509,5620.997929569188,1951.1173051144328,6.0,94.01215820186732
1510,537.2670318728024,4211.97698247649,10.0,93.90808466231965
1511,2544.4723411601217,976.3519604754883,9.0,93.89494487086087
1512,8634.21005200394,5352.890024178677,7.0,93.89250788870665
1513,2538.30827679411,2490.9743445601816,7.0,93.58799164704472
1514,7969.692083372157,2074.272334053998,7.0,93.4206108107556
1515,5773.747086117386,1959.7238023666066,6.0,93.35551333946535
1516,9136.98832277577,4274.045515892581,9.0,93.26659672368027
1517,4119.706483494322,3163.24539418568,6.0,93.26161788684884
1518,6129.330697464119,4670.025219266406,7.0,93.15582032172912
1519,7404.924967845048,6292.836189988168,8.0,93.10508524764273
1520,3483.783432424471,120.79677094754916,8.0,93.0703933103236
1521,6303.817015414381,3067.803682470416,6.0,92.95214113780442
1522,8534.652967094104,4615.017456245721,7.0,92.84327832792302
1523,7335.765084918372,1452.4800227990509,7.0,92.76570239222198
1524,1095.240408606284,745.4967239350619,8.0,92.5596986917135
1525,1293.344396746649,3271.571005692315,6.0,92.47519999431023
1526,3469.5839063778894,3593.5186917936326,4.0,92.30903895992375
1527,3243.509754144562,5398.196696113074,7.0,92.28930122892238
1528,2313.9901448096457,1842.4533169358979,7.0,92.1039866622651
1529,5402.343925137792,180.73166385774877,6.0,91.88409631523587
1530,774.6332324114335,2810.442690548236,8.0,91.87632507793231
1531,3882.123881881454,5402.839102538018,8.0,91.86384787055205
1532,682.1083718182875,1429.8266078344207,10.0,91.79572096360927
1533,4200.291328539846,1376.8402328077245,7.0,91.78316510608728
1534,3285.9692281398898,4397.623644520757,6.0,91.7801602182586
1535,1677.4339274083266,3725.3764742396593,9.0,91.70373773865285
1536,207.27081478267954,2488.8170350636415,10.0,91.6315925569783
1537,3351.4870391482464,547.4679099413132,7.0,91.51903541231029
1538,2006.9445002483924,5062.426712008979,7.0,91.47221639481896
1539,7424.037733453286,5233.517567459351,6.0,91.45825119526553
1540,4593.33868724135,5361.633524669088,4.0,91.42628349237474
1541,1011.3463877625509,3197.9396995617503,7.0,91.3746787325842
1542,2188.7440891832516,3335.561796480292,6.0,91.20664808484429
1543,404.98400414224693,1436.1014352615498,8.0,91.18767133267416
1544,1285.1841982586745,1529.6164880917074,8.0,91.16689675554935
1545,3611.1331045683164,4315.822942972368,6.0,90.99434928028447
1546,4929.09278214136,3272.739009755411,6.0,90.99315521829217
1547,1862.3279192790374,5512.67268809182,9.0,90.7943558988819
1548,8115.33348873367,968.6468755813434,8.0,90.71320383686565
1549,5548.14140248018,3748.4409931125156,5.0,90.57403059878209
1550,4597.127190523867,5726.523865819635,6.0,90.54090553312236
1551,4040.8058591647023,4475.7066944268645,7.0,90.45291201626927
1552,6600.047499706912,5575.064392279698,6.0,90.24565216387758
1553,2230.538531125224,4581.500616536177,6.0,90.20314850838487
1554,4025.2474043930742,4923.51993275774,6.0,90.18435537620037
1555,7741.299235830971,6301.792727416097,7.0,90.00069108299313
1556,1986.3197813983495,4113.354896388697,8.0,89.85865512044909
1557,6405.434315906687,3114.7519669433223,6.0,89.72077811004826
1558,9184.701367032105,4428.894546112567,8.0,89.65581979036959
1559,3542.4325291893742,2421.7668409525245,5.0,89.64591785263606
1560,5314.149502270814,5381.234780760789,6.0,89.54095061563027
1561,3517.494978129832,5271.184968166323,6.0,89.44304418496739
1562,1118.020346247537,270.04682738300346,8.0,89.28210584821798
1563,433.15063993574336,1379.123515606965,10.0,89.23078402805949
1564,6112.751835458067,3783.707079893738,5.0,89.11560133858305
1565,700.2223142480395,3662.6507289534165,7.0,89.08290292280984
1566,768.002572947753,4615.907053018937,10.0,89.06019436699721
1567,7438.054483220371,1924.2302054519414,8.0,89.04846187071306
1568,4062.8449179547824,3517.7696979828397,6.0,88.93608911463869
1569,388.84647821110195,4202.27098654048,8.0,88.91411419185165
1570,1359.5679810223226,4682.278299260653,8.0,88.82293225665089
1571,6140.325309678957,4132.192353893136,6.0,88.73492825398108
1572,1204.297448833546,1277.8838541310138,10.0,88.69737220561444
1573,5487.963921011282,1075.7639106391973,7.0,88.61471961242516
1574,2778.976775973259,1843.1303198160613,8.0,88.56128927920318
1575,8167.800971374087,1341.016513618056,7.0,88.51927349742569
1576,7389.1886514195485,2034.4894826036982,6.0,88.51495167443944
1577,3419.386453964609,3958.914344198775,6.0,88.50867168487156
1578,5385.556613430066,3402.211261357635,5.0,88.21129726226359
1579,8632.610812781471,3867.9316373593774,7.0,88.1334643751406
1580,6462.741457143081,4594.312667088937,6.0,87.96739327364845
1581,390.83007051196387,3294.235923041337,10.0,87.81977380796494
1582,7409.690141775055,6269.019905917672,6.0,87.72233494168539
1583,1406.0016010961842,2141.7284145164936,7.0,87.4481054343588
1584,3413.9962575267286,3572.503699322961,6.0,87.25219566645362
1585,8494.925372340846,1288.5632178079868,8.0,87.24036079067282
1586,969.9058508038586,2335.988915789189,9.0,87.16480691941148
1587,5357.713647377125,1681.0012977890915,7.0,86.94989868491723
1588,865.366940897005,2443.149787780088,7.0,86.78983850705332
1589,7945.541873220134,3331.110949551073,8.0,86.74690602032871
1590,4871.1541071063775,6219.104488364838,7.0,86.69017975053463
1591,8156.103982769803,5552.319112529843,7.0,86.6361427893571
1592,3671.556505800988,4489.860002486985,5.0,86.58034691129544
1593,1834.7173662209925,1116.901330717026,7.0,86.54769994174954
1594,2451.1560632201445,4629.32529912605,7.0,86.46837762810932
1595,5140.045159257274,3857.6019444924077,6.0,86.38217088015912
1596,3988.9091116987443,3555.614548744363,6.0,86.22170613983641
1597,4663.943388135901,4094.5568052003773,6.0,86.12402184251742
1598,364.6361329557485,2391.547709418184,8.0,86.07755090640686
1599,4545.0483068259155,3131.268215712803,6.0,85.93973176276238
1600,8866.709637290922,3318.2989101799117,8.0,85.92459805395163
1601,5793.061391733393,6257.498504056134,8.0,85.8887138488595
1602,4526.519382510871,4377.541257532577,5.0,85.87104193253435
1603,8605.161047493239,335.99987896464415,7.0,85.84385248971357
1604,974.67346419523,562.1081321063064,8.0,85.7920555563174
1605,3450.6328115258702,3413.7406239262127,6.0,85.44528463232588
1606,5074.335839266692,211.7893649251794,6.0,85.43339289952601
1607,6417.957296496801,5175.944551876492,7.0,85.19301909707289
1608,7773.074699569556,3511.1645108060006,7.0,85.17458480298846
1609,7057.864825617694,2422.60660309424,6.0,85.1396519086606
1610,685.0983304541151,1217.8030808443102,9.0,84.97325643057916
1611,1861.4183895352844,4290.455929047467,6.0,84.94165795773785
1612,752.1428384032557,498.6296457183797,9.0,84.9365544111452
1613,375.09720560290543,5705.314781626275,9.0,84.87389796968145
1614,3585.0774001224013,5771.5982069892425,6.0,84.86645641877188
1615,5139.631446269085,1833.1645029076408,4.0,84.81644442865183
1616,6019.3746571100255,3056.8111873702005,7.0,84.60689290027709
1617,4800.384104835779,5123.813715989788,6.0,84.56017487951739
1618,8925.173455893015,5680.053008329866,9.0,84.53374776546687
1619,6661.054968597125,5768.563565511988,6.0,84.42489815229463
1620,6694.299346828721,1329.4951553560038,6.0,84.30124481402977
1621,2773.6232922484805,5905.905509620053,7.0,84.22095810771894
1622,247.28067915710818,3757.299549661176,8.0,84.21508582322342
1623,7801.879183162528,782.8722308282026,9.0,84.17117033878205
1624,7095.647347525918,5683.518270581197,5.0,84.05210985975991
1625,5058.128871468121,4364.106924285883,7.0,83.91389368370278
1626,2914.7407886942315,3526.841779099158,6.0,83.77339402175929
1627,8907.92084422433,776.5342550609729,10.0,83.58470596017679
1628,5032.492306365086,5895.598852314225,4.0,83.45933767660313
1629,9247.812429349011,1247.8904768680763,7.0,83.39604107302985
1630,4816.263695575543,5346.85017926992,8.0,83.37691283710637
1631,7256.78025962218,2543.3575627531627,5.0,83.30275961485108
1632,3891.0006498009798,2534.0915057374405,7.0,83.2839984377517
1633,7978.858130823913,3801.154999078812,7.0,83.14787985254004
1634,2628.002778086342,4616.068504147351,8.0,83.01471349633313
1635,3945.8942204070427,5601.935824497363,7.0,82.98773491904342
1636,889.9631704329945,3509.1911684807415,7.0,82.81032782495461
1637,7877.598888692507,2477.062220121011,7.0,82.68535832426578
1638,3800.3218120207775,5132.6350626621825,5.0,82.58656572939839
1639,6383.228098789318,2098.275061253035,6.0,82.49424209083841
1640,7236.772373000814,4084.194547574169,5.0,82.44204464425746
1641,8568.087352520739,3642.7541407026233,7.0,82.41434220697396
1642,801.0817216993261,5452.105249210711,8.0,82.40031569558795
1643,4447.15566177422,6351.1467654871485,8.0,82.33828131837859
1644,8696.337160096275,745.782789505001,7.0,82.24153812294729
1645,4914.621328667735,3147.375385991995,4.0,82.21976104591724
1646,8013.76408781216,2610.8648091844143,6.0,82.15055912847527
1647,1551.8298729970522,5598.211914908816,8.0,82.06905452274465
1648,6304.139843259873,5391.796393387906,7.0,81.91683588616038
1649,3912.705382957545,2855.4605688306456,5.0,81.79838819016351
1650,8759.179434192285,1993.2144694664905,9.0,81.67644868247203
1651,440.29941703294276,1788.1652798529494,8.0,81.46965692102675
1652,5649.55441332027,4128.760075353527,5.0,81.40557924653211
1653,5831.248087595458,3442.6544684508217,5.0,81.06356679805724
1654,9230.078216874366,708.577063072894,8.0,81.0362443232895
1655,225.7031389975892,342.79429006751104,8.0,81.00093688205712
1656,4366.965780413135,5101.523047913786,6.0,80.93505150426762
1657,4153.093700803934,5036.911333220885,6.0,80.83650648291618
1658,8317.95660033187,1870.2581790925908,7.0,80.79731225602342
1659,3136.8327109619,674.921168904705,8.0,80.74530513498647
1660,8387.326691584,3645.7891276278806,6.0,80.73560473215338
1661,9076.284388697846,4701.862931320778,7.0,80.71012738557013
1662,7032.7010842496575,27.41346571478691,7.0,80.60950891547024
1663,1131.7264505718492,1342.6393714477153,8.0,80.5932980924176
1664,2620.5060744839884,5845.6748761014405,7.0,80.55645267499492
1665,6439.947252358536,2728.4917113922384,6.0,80.50476992548305
1666,5797.139860368642,5010.845817835979,6.0,80.33466884331416
1667,2812.125101543832,3979.2890113231024,7.0,80.2991105982684
1668,8392.359596260176,322.395281819773,6.0,80.14410465887279
1669,3635.019463743746,4319.426981698455,6.0,80.06267774592114
1670,3134.5895874858256,1248.5541275949934,5.0,80.05783336863442
1671,9502.91665981719,2946.2397314671944,9.0,79.98542256740977
1672,1565.916166003184,1874.1110788918375,7.0,79.90555897752527
1673,682.0713335966186,2336.406305990974,10.0,79.89104139593421
1674,5589.305835872307,4379.718397162689,3.0,79.85091136507451
1675,7824.7802630569695,6381.968909152282,7.0,79.82997916604462
1676,746.8540222871987,1491.7176606884364,8.0,79.72837760498412
1677,5654.589180173776,4278.591281762771,4.0,79.58841234218309
1678,6895.327213738872,279.1212960505906,8.0,79.5841098424112
1679,3730.88813458461,3391.87664128148,5.0,79.43027342765511
1680,657.973187509483,3873.9750277185162,9.0,79.39426530807867
1681,7616.587391578237,1307.9659820402849,6.0,79.34795562939642
1682,6686.799932851299,3681.0971562755767,6.0,79.30374363230143
1683,8867.51420084696,2569.073201209536,7.0,79.20812983819067
1684,1440.6601416090127,2412.3039938960487,6.0,79.1722653206125
1685,5435.015678433561,1755.7676099095575,6.0,79.10681588303663
1686,2006.2708726147196,6150.190576628739,7.0,79.0551364834785
1687,5817.848845778625,1626.4113114288116,5.0,78.97644054943814
1688,4964.998506385574,3914.558284708861,7.0,78.94439556538816
1689,3409.0171293890266,4899.221426184909,8.0,78.92806361827682
1690,3364.4037682754847,3183.4387348061523,4.0,78.89581416029313
1691,3482.5187523924938,473.7714121077318,7.0,78.80873513888992
1692,356.8589885061457,3017.3882873226858,10.0,78.80559635425762
1693,6199.561148025945,516.4145777988024,6.0,78.72446333059742
1694,1184.7227872136193,5539.010906587729,6.0,78.72050259992777
1695,637.9593220911298,5423.226423205096,10.0,78.65765373900409
1696,7044.9155558067105,3233.957226710207,9.0,78.6452346968964
1697,5959.2112193224575,2985.561271556176,5.0,78.56519492011633
1698,7416.814150697597,3431.475041341017,5.0,78.55276394038818
1699,5962.90425267015,4523.7287571706665,6.0,78.36432345039546
1700,113.77947612860791,2956.430858118876,8.0,78.26179056240409
1701,4491.180695356078,332.77130003022677,6.0,78.12362364562883
1702,1686.8594519248734,1754.7954267233044,7.0,78.0688822375333
1703,6223.183713325083,5318.753777547371,6.0,78.03917636227312
1704,4770.646364284213,1635.3944462795735,4.0,78.03699029355198
1705,2896.649769303574,176.4779103338396,7.0,77.75722745664692
1706,3276.90570575784,1297.9919896577774,5.0,77.71226079245241
1707,1442.2672944303984,3823.313836393955,7.0,77.64195489424648
1708,4984.179704588174,1998.7007170683416,6.0,77.6393860329842
1709,1185.155784165034,3637.226827742069,7.0,77.62559685729862
1710,4079.829949996165,5338.0411416411725,7.0,77.62110067351085
1711,4051.8872203116684,3862.5730621394955,5.0,77.5780500522106
1712,9352.000164445573,4011.547094547197,7.0,77.57471400969038
1713,2275.860801111547,1572.5183280550857,5.0,77.40483682770912
1714,7477.171122336502,3214.037488851103,7.0,77.32335398675947
1715,4644.966093159845,2037.162408304098,6.0,77.21594081550056
1716,5507.357088457975,3445.999886401727,5.0,77.19256245967573
1717,7781.795158334756,1739.1427524086132,7.0,77.1746147214056
1718,2678.0890759491795,369.0653970524903,8.0,77.16388236626264
1719,3505.273422411128,2230.0350168764066,7.0,77.01586449047787
1720,7262.3550315420025,4557.739710438916,6.0,77.00526046240282
1721,3201.6309599258443,3685.2094180262093,5.0,76.68008961910903
1722,2248.7350552387315,6070.095436925314,6.0,76.62426319143218
1723,8791.501198763448,2873.284261366484,7.0,76.57630025179881
1724,8433.56362761262,5029.224836716806,6.0,76.45440699913708
1725,5901.037692230389,1533.248636365134,6.0,76.37190070112536
1726,1874.0539698442399,1723.7210980147206,7.0,76.36962811820342
1727,3352.5384219345347,5021.642608454372,4.0,76.23378270800768
1728,3235.7366038270693,4978.322312046279,5.0,76.2065795073661
1729,9097.03538982818,4210.088127044341,7.0,76.16853744110708
1730,2494.0457526194,1057.6491497425238,7.0,76.10295669072447
1731,544.9610840772043,3467.024882890687,8.0,76.06545796794316
1732,4122.067767130335,3273.491147313279,5.0,75.99531553310244
1733,2105.229664726227,2037.5932285748147,5.0,75.86950906505908
1734,1443.9166868692598,3536.2603239356417,8.0,75.80800902870746
1735,1205.253021787675,3483.083823931094,6.0,75.76883758673279
1736,2920.019262434433,2769.8046910249464,5.0,75.68837786201784
1737,8057.288933405489,4110.470008953896,5.0,75.63528104964229
1738,8332.115383292024,1940.5597184161904,5.0,75.62639246282505
1739,6548.868100829045,1691.3001177555764,7.0,75.53105377234108
1740,7489.195722875384,5242.344996276625,7.0,75.44538079753617
1741,6511.270276097461,5529.9687092126715,7.0,75.44393982473058
1742,5871.323031067621,4913.206912511366,7.0,75.3399176121246
1743,6312.619977503835,1724.0022152031252,7.0,75.32597308799438
1744,413.76348674664325,3070.572672255226,7.0,75.29209086195286
1745,8351.586790779966,1085.7689611033481,7.0,75.27723718049555
1746,7615.0215611000485,5957.4648861251635,6.0,75.2163774299381
1747,5800.815609671168,4471.464245240101,6.0,75.18100927303506
1748,4562.921180235142,3687.2471055990427,5.0,75.08242804123599
1749,8435.908455527438,5020.664378319231,7.0,74.98840849224487
1750,1055.6731299982368,2975.104344891158,6.0,74.89932826213743
1751,1322.749361004346,3811.522091849289,7.0,74.8343895888402
1752,2662.737641012366,5238.309281235017,6.0,74.83315287535183
1753,6977.8629140071425,2303.4113275379636,6.0,74.7880668504777
1754,7650.036657464114,5403.872282836884,7.0,74.71932387300042
1755,8715.996921093123,398.0073546255332,7.0,74.68856390199747
1756,5517.079834933999,4742.477014427343,6.0,74.5821672186569
1757,8727.185362350197,576.2296951015802,8.0,74.45917686298134
1758,986.5112390911455,1243.2092646141014,7.0,74.45046650574676
1759,6980.104992276483,2337.2861246924876,6.0,74.40516077078566
1760,5832.597647304608,5539.929649915342,6.0,74.36144681249023
1761,8402.83868622136,5254.686095839508,6.0,74.31514374303548
1762,6799.504285499735,3432.365083637708,4.0,74.19524734262329
1763,5587.129257151488,1221.445966125804,6.0,74.17430028272403
1764,3240.9078783508467,3657.0763116816834,7.0,74.14115760476955
1765,2998.2440144025054,4560.822952524556,6.0,74.1193645636962
1766,5738.281913261707,2936.7192889108237,5.0,74.07240225107317
1767,8076.1456457223,1463.184486863848,6.0,74.01009194972907
1768,6863.489152164093,1325.1564496174026,5.0,73.98130276711515
1769,1447.0432808769415,347.3254238459087,8.0,73.89461416959017
1770,4546.507366919796,3724.5356566053674,4.0,73.83108712288609
1771,8841.631461039382,2978.48025167414,5.0,73.64817153625998
1772,5211.918006731314,3982.9293117575226,5.0,73.61201434808882
1773,3139.9766750784474,5807.35248466795,7.0,73.4970284366934
1774,9444.469406222595,6343.943343445995,9.0,73.43633121503098
1775,555.4410391643653,3751.379616556826,7.0,73.39465575683806
1776,785.5762591700905,2887.1774882256454,6.0,73.28578790196077
1777,8207.286353655123,4804.830533490126,6.0,73.0331420940039
1778,7419.799233736638,802.3806681573591,7.0,73.02953493950983
1779,8934.647808459833,1485.6038634586391,6.0,73.01809037105404
1780,1777.8971897055822,4601.407086442494,6.0,72.94376712007787
1781,1200.1668222758333,2339.460330808193,7.0,72.8358170180144
1782,3991.7839736922833,4398.339746226315,5.0,72.72686925837664
1783,7766.311192316251,529.808821421601,7.0,72.60694504280438
1784,4692.066673983066,3664.9149441948325,5.0,72.58927795264452
1785,8291.379968934742,4086.8343786372425,6.0,72.51509947002914
1786,443.7574259472685,5657.99706978686,7.0,72.39485370702444
1787,3613.8790055408726,3026.6396115446723,6.0,72.38301141208967
1788,8285.220278126391,6201.290210765438,6.0,72.36810125957298
1789,2592.3426889325215,2670.736277990437,5.0,72.2983423891102
1790,6179.277200152575,2039.444767339917,4.0,72.27641656920446
1791,1399.4105930182563,1149.0050748974809,8.0,72.20708391792228
1792,3765.8096164031035,5503.664831397862,6.0,72.19270896735338
1793,1434.0948513715489,3527.153310455255,8.0,72.15716545530145
1794,9526.00523605732,4580.964451928433,8.0,72.13170190671246
1795,7954.9291690899545,5314.276814165451,7.0,72.1222560231063
1796,3091.644377676359,1391.6310188563778,4.0,72.06828151652343
1797,3569.996367972286,5817.610210171581,6.0,72.06388118035052
1798,1819.6963413525718,2362.7927835097985,7.0,71.93032058000172
1799,2863.7798485585877,4026.8256707360392,7.0,71.8562154142221
1800,3619.8818908340686,1179.7035115974757,7.0,71.80046301604003
1801,8521.825628090643,1574.251999883498,7.0,71.75031174915539
1802,5657.774099981547,1500.9691920412697,7.0,71.74587331676955
1803,2188.573158824351,491.53144527650215,5.0,71.69964935838938
1804,7987.40929488597,2659.4971435783973,5.0,71.69621931411699
1805,3403.682998350594,3143.404304744499,5.0,71.65178616476076
1806,5349.672525327111,672.5743114757582,4.0,71.63424691514425
1807,7441.6342876314075,1875.8291669591774,5.0,71.62415358771568
1808,8549.163936170271,5187.184479913613,8.0,71.43251751362324
1809,5394.720316416387,1198.351871628431,5.0,71.3996351473399
1810,3297.5068431561735,2606.325452192302,4.0,71.35928449887585
1811,4881.121725990854,4787.3149797077995,7.0,71.3201248808916
1812,7717.381988648811,3003.3893432618133,4.0,71.31911580476944
1813,7079.860737553528,3365.0304328702737,6.0,71.25191893171632
1814,4431.082984173358,4350.094495581098,5.0,71.17377490770203
1815,5744.159819039153,2063.3508975708633,6.0,71.07178515325975
1816,7182.875366028857,1506.095938599577,6.0,71.02116617291229
1817,5375.450224461364,353.92805226519897,6.0,71.0198138384021
1818,4330.655957796978,4847.636887935958,4.0,71.00181614072967
1819,1261.7243163474834,687.8286977480534,7.0,70.98988456117118
1820,6163.3817927872515,5336.985035334483,6.0,70.83523768302322
1821,9170.248073794462,3065.3271115353846,8.0,70.8240777463683
1822,9113.505934935603,5870.847198760129,7.0,70.78734157626563
1823,5288.598477694339,4936.078735213455,6.0,70.72860655730237
1824,5998.374189102143,5397.789519868446,7.0,70.61311477536262
1825,6812.285763861908,5669.891811916918,7.0,70.56911027410011
1826,3006.8208895725693,2738.654221981801,5.0,70.55528770672454
1827,1686.3560003567463,1444.8330982524715,7.0,70.49451048446022
1828,4296.868234216416,2109.851450612926,6.0,70.49326936839478
1829,4940.274901475667,3269.6358338014693,4.0,70.46330067860139
1830,994.1318065948993,3659.691807663972,7.0,70.40267262629625
1831,1986.2768912072945,461.21610521705213,6.0,70.32502588971634
1832,7006.747684573367,4293.407051176154,6.0,70.25732762114697
1833,9429.149390626753,5217.490426196329,8.0,70.17582847274257
1834,1791.3623622938346,1997.2925035517508,5.0,70.14238030964567
1835,1286.9458209061281,2706.8114010499285,6.0,70.09584107352457
1836,3606.988545252396,426.10687206524454,8.0,69.9873990534709
1837,6226.054984637272,3536.3134067743563,6.0,69.93862414029469
1838,5235.1981250738245,2100.3102042148876,4.0,69.86091731984011
1839,5459.112444259385,291.21294821478824,8.0,69.73196957192512
1840,5780.3653607319275,2813.57389091037,4.0,69.72445736963374
1841,6923.978166885119,2970.6169372667496,5.0,69.68346204729818
1842,8563.840153470603,5378.6121898382935,6.0,69.63558941480991
1843,7203.27050354798,597.9444116718108,7.0,69.59897194716167
1844,4669.914990622431,1054.7694704151106,7.0,69.59574916142608
1845,6771.009553863631,2714.6995152781315,5.0,69.56931800500928
1846,2640.076006099223,3206.711243872991,5.0,69.52561141126087
1847,6007.668010586157,4190.681504178572,4.0,69.4766775906107
1848,4006.372609670969,5916.347415406183,4.0,69.31178596332643
1849,2449.3888601770486,2503.1275852154517,6.0,69.28693373256587
1850,2615.0594829108936,1765.033794845617,5.0,69.16925840955398
1851,6791.614417443905,5455.406322348738,5.0,69.11394703512876
1852,2298.062038526382,6030.778690925531,6.0,69.10250359422265
1853,2219.1096570322725,5430.452869362393,8.0,68.99612622798156
1854,6353.259494568743,6252.68808627408,7.0,68.74319365701979
1855,2938.711651309055,4811.642234805638,5.0,68.7244600559606
1856,2582.189409153727,4943.382160173528,6.0,68.67062458865853
1857,8349.454663703302,3728.0414157843584,6.0,68.65561883635496
1858,5920.549305775601,971.9863186435579,6.0,68.64943061668266
1859,9114.12402759758,4007.8425354297347,6.0,68.64546978550705
1860,6730.8384547781225,5684.513332443924,5.0,68.63610780037213
1861,194.00315613999894,5426.690177962259,8.0,68.6234512825592
1862,7156.159996179615,1252.0182794215232,7.0,68.41883658147137
1863,2508.6536001076893,4616.841184300733,5.0,68.31376345018347
1864,7756.0012393662855,1285.3764330627837,7.0,68.2583653483177
1865,6394.453082138184,3701.7216245611066,4.0,68.22349931088809
1866,7070.372129807321,4255.490982629571,4.0,68.10677124721263
1867,2581.6483678659156,4414.1270805414415,5.0,68.08832059732134
1868,5852.31268651403,1302.8312678241807,5.0,68.02589078814005
1869,2366.8607209306333,3452.5830127410213,7.0,68.01047461225401
1870,3820.194687048416,1353.5042259626443,5.0,67.90850236128955
1871,3613.206374810198,536.0142725633372,7.0,67.78213647769257
1872,1969.7684887082012,4134.073344942833,6.0,67.62830812613227
1873,5671.772709810078,3155.4110230764245,4.0,67.62401512363078
1874,5619.891060644733,5088.34525340346,6.0,67.55560181129874
1875,1635.44657052715,3439.4399449189727,5.0,67.48656680813782
1876,5134.637019472182,2370.828780007999,5.0,67.4354216577999
1877,980.0727553399894,1739.1378524397583,7.0,67.43462131577424
1878,4371.624597884775,26.60003015925754,5.0,67.4075983375297
1879,5946.495584266797,2971.2615018252086,4.0,67.34329608455315
1880,7291.651173310538,4291.106330733753,6.0,67.31527680436048
1881,9209.507685407003,3446.310043205579,5.0,67.18903205430888
1882,3549.1705200212073,102.55460002325098,6.0,67.16250620130717
1883,1285.4255002811467,6289.813141848103,5.0,67.12493422955929
1884,6263.575677377897,791.554829827744,5.0,66.88395453593891
1885,3122.2312332648203,4388.516898749732,5.0,66.81364833668692
1886,8378.926379304581,6024.371200278022,6.0,66.73795567005824
1887,6923.143207125761,5360.254643407858,7.0,66.71463040425962
1888,2067.8318166501026,2820.6922157515296,5.0,66.54140900468859
1889,5268.259895538683,6242.504992877736,4.0,66.49815913913736
1890,5527.457008617295,3323.6609980852054,4.0,66.47950656600989
1891,9148.925444632792,3575.991661207434,6.0,66.47257518472514
1892,7040.373654795015,6287.960514854883,5.0,66.43555825172434
1893,2479.6699465228203,5865.538848522683,6.0,66.38737845198067
1894,3869.044525626431,1222.708448522337,5.0,66.23676272313628
1895,5571.49047256919,3595.2924766692913,4.0,66.14448138032641
1896,7778.865639258501,5037.105206213664,6.0,66.10537419338775
1897,4743.843559416973,4823.400185637388,5.0,66.06172986403246
1898,6630.757284779582,5682.0683260660035,6.0,66.02091488447438
1899,8808.660199665263,5710.4587329197475,6.0,65.95692667203785
1900,8972.546930270077,3333.540657130258,5.0,65.92983952206689
1901,670.7647404103033,3039.0326244682237,6.0,65.91722668170665
1902,1741.7344647260722,5252.413235201089,6.0,65.91540453953475
1903,655.575623636656,5643.287521540808,5.0,65.90746887282882
1904,2043.1892828058012,5829.425529239759,6.0,65.81177007477443
1905,1676.1372656492879,1069.4935225696552,7.0,65.73051305311974
1906,2124.449636297477,430.57883465720334,7.0,65.71309003063239
1907,6349.569070755575,2781.5824279264634,4.0,65.69762784293751
1908,3028.324772370941,6353.772574695539,6.0,65.54292203960495
1909,5112.1497034628555,2256.944695882939,6.0,65.49604281460735
1910,8021.15881109029,5605.014503362755,6.0,65.44324944754636
1911,6844.203363310533,5507.833739491253,5.0,65.37879886917572
1912,7849.7630425312145,3918.3400354154087,5.0,65.23982114087208
1913,5658.608750663424,5746.889827737485,6.0,65.20234327886848
1914,3542.9735860896258,232.01747331916962,6.0,65.07704136987242
1915,4577.497150381351,241.36284736738125,6.0,65.0425556586879
1916,4599.324717207852,4552.880836414212,6.0,64.97691207588457
1917,6627.183253494336,2845.47980890405,5.0,64.88384745787607
1918,3891.368474543323,3081.3746117514306,4.0,64.73270421910323
1919,9114.535223075614,2952.202128023505,5.0,64.72427149305334
1920,3964.712894873538,4486.349994467176,5.0,64.63341833617733
1921,7387.048088199279,5913.138787630502,7.0,64.62118017728251
1922,3447.3281018306457,4237.600644332862,4.0,64.5474320630679
1923,9295.938510513142,6280.092995343732,7.0,64.5376014821718
1924,146.57127426566387,6100.520496280253,6.0,64.48692065384303
1925,1728.0614283679577,3811.1551278216484,5.0,64.44147406685627
1926,3033.1944494792447,4360.789256292145,6.0,64.42967167579489
1927,4797.743382040525,245.73688464852646,4.0,64.31373931411265
1928,6731.663153318682,1809.8196478689774,6.0,64.26806383927095
1929,289.56042928423085,5476.39955322515,6.0,64.18888220157007
1930,5767.53412444158,3681.731589506128,4.0,64.1860629066211
1931,5753.111173539972,3694.6405035452462,5.0,64.13020149011491
1932,3553.3033646596355,2775.8948168084357,5.0,64.1083181906894
1933,6590.903413067655,2809.229527238051,7.0,63.98496356970085
1934,6778.616482389774,5515.88598323271,5.0,63.94211933456765
1935,6042.6374496799435,391.0194075345565,6.0,63.91400692053411
1936,792.1948906304223,5647.1324462260845,6.0,63.904828939406045
1937,4953.754704043085,723.437620184481,5.0,63.89911673715395
1938,1343.6947280053319,4308.942947787497,7.0,63.84885775600308
1939,7042.3210896533155,5404.8722449463585,6.0,63.622973464291434
1940,9484.90604670333,4895.518178201616,6.0,63.578991349182886
1941,224.51647049241012,1056.8160756965922,7.0,63.477931835545995
1942,8313.184143484455,2239.0652027646606,7.0,63.39404983678197
1943,8928.310212935967,230.59538606721014,7.0,63.332184728687295
1944,7163.59296595455,1969.4589823329416,5.0,63.27641136251492
1945,5194.134171631949,4329.846678507119,6.0,63.093497089795974
1946,4652.681068947658,4470.055949498112,5.0,63.054493020288525
1947,9511.067336708573,2782.265291343745,8.0,62.90888272536961
1948,6052.847975472441,1738.6885808739776,5.0,62.73275385116022
1949,761.0259783351421,1706.4530993998721,8.0,62.693756206141586
1950,9264.348985933215,180.3040054868479,7.0,62.690739448468904
1951,6885.168138039218,4871.988941056262,6.0,62.67051707352034
1952,8210.859167976521,1475.9454673252894,6.0,62.6671025941325
1953,7193.722819135533,2552.8532079757547,4.0,62.64932840145716
1954,953.4868212557036,4457.867496959749,7.0,62.562873072774266
1955,1032.0102088211981,3784.8721828970797,5.0,62.56111576509164
1956,1197.836900709789,3243.6004446691595,6.0,62.560933320582954
1957,683.5768705546436,4828.4791867584545,6.0,62.47115534984077
1958,611.4708685238228,2984.60633009894,5.0,62.40257598870484
1959,7941.027358945021,3311.978165355452,6.0,62.38096077138449
1960,7142.033072137112,1502.570230411767,7.0,62.339280397459916
1961,8315.443130901478,5710.976765039047,7.0,62.331993991069936
1962,7927.395252033137,2914.464953343688,4.0,62.17308472595303
1963,513.0170796347678,6270.758305483989,7.0,62.0051797595149
1964,7329.15559792245,3889.822935417071,6.0,61.982707272768124
1965,5927.8974339759425,5622.696398847999,6.0,61.97443377932545
1966,2386.9096204924695,3050.111557828768,6.0,61.789144213707715
1967,3262.767110014735,2699.0696892199285,4.0,61.68475242712802
1968,5206.461255354051,3367.9700830485554,4.0,61.68414706496971
1969,6610.488543634521,2266.417820539136,4.0,61.66953027136636
1970,6562.648251644539,318.65526654170077,4.0,61.602993750804345
1971,9432.68257615108,415.00634502321964,5.0,61.5832080331714
1972,1919.509429575974,4850.405708687927,4.0,61.568174897221205
1973,4165.574602820686,5805.249953254585,4.0,61.514092103798106
1974,4722.277697530916,4464.569965142085,4.0,61.39393553377212
1975,2597.438337890482,4737.832803277395,5.0,61.359933294696745
1976,174.40394495940174,4325.954127493824,7.0,61.16934865956248
1977,9517.479595343288,3240.8036383828644,6.0,61.15098566258051
1978,9543.727233027368,2951.4450364991408,6.0,61.14604060300126
1979,5742.972361886046,2862.3266506026544,5.0,61.14459144064111
1980,4683.231083935048,1287.3569816343036,5.0,60.98144726657123
1981,2619.5724197791696,2967.58905259824,5.0,60.895732593643196
1982,815.6527797773408,5731.046095558798,6.0,60.83836402332395
1983,3247.9250655165993,2980.2682546610363,4.0,60.81903009734097
1984,8178.167927557799,4864.949182557129,6.0,60.81624814500942
1985,5104.537040213259,4397.02289961603,6.0,60.77915655940936
1986,8085.381317590793,2059.498015177631,4.0,60.77221635253761
1987,9402.728918594432,3218.050486898319,6.0,60.761910759134715
1988,8206.254116792465,5039.3405580228045,5.0,60.74261235289731
1989,7222.034654627175,3403.3218264299426,5.0,60.72575351673643
1990,8066.931540527172,2154.4617718065488,5.0,60.72183443082018
1991,1127.1263518292603,3647.574576580566,5.0,60.660860299873924
1992,3604.354505967732,3353.462178990041,4.0,60.656518763500856
1993,6508.643452345154,3262.4094221259725,4.0,60.59898187969907
1994,310.94331784786874,1592.9030201835249,6.0,60.57632862963614
1995,7968.798279914634,5973.8663916948035,4.0,60.570748939757394
1996,5936.025046610601,288.9069466354896,5.0,60.54888017656256
1997,9103.236364818154,678.9798364175573,2.0,60.53705169716107
1998,7498.093002307421,2572.2508963665414,6.0,60.502569138187035
1999,2436.483661887049,3907.7977177918074,4.0,60.48208127102093
2000,1786.4172757060803,3792.505957339639,4.0,60.44344913535817
2001,2901.4453045092955,4683.356672093596,4.0,60.40918585686282
2002,1221.635546180497,4976.904430345036,6.0,60.3818466170342
2003,8133.291714755481,2740.349929648438,7.0,60.37784685720238
2004,1001.3155954444003,5563.076211022664,6.0,60.356457878656165
2005,3857.96690688599,3144.249355184634,4.0,60.34822128824501
2006,2736.0385322116676,2627.654577537374,5.0,60.301158815889195
2007,7236.878971561769,5540.888362524742,4.0,60.29780915642051
2008,8629.547787557807,2920.9168966876214,5.0,60.27366021166649
2009,5018.050579969389,2919.7185508606663,5.0,60.21918483503044
2010,3018.1457557860113,664.8353823729091,6.0,60.07437594972139
2011,9197.316364119362,3378.1220082793543,6.0,60.06373794317457
2012,2919.643133089696,5543.0188873289,6.0,60.05727269271451
2013,3792.9631201124694,1238.8308112813932,5.0,59.98616530118833
2014,2713.3286489483867,2150.2364114346974,5.0,59.970636222080216
2015,4670.366196667882,1166.0734754886223,6.0,59.946652604020905
2016,4360.629193700561,4843.83356912547,6.0,59.86679650861329
2017,3318.2442576345675,4627.628148998177,5.0,59.815404009193244
2018,8161.874880352963,1732.6369122177764,6.0,59.729257403191816
2019,5909.418297584522,1953.7393073769867,4.0,59.64720347909238
2020,7636.273980984244,810.967475749601,7.0,59.60491917792894
2021,2625.5771798384385,5033.1265652886295,6.0,59.60049093190654
2022,145.91697866586412,1942.824303698735,6.0,59.48908442507988
2023,5725.196372005497,3678.9050327255245,5.0,59.26790182831903
2024,7470.78901922182,2523.514704124799,5.0,59.195364115371916
2025,8597.407684053542,3649.6087222658875,4.0,59.18815609839814
2026,3379.7574990008907,3687.1650118763378,5.0,59.17235524056342
2027,5320.885019159208,588.0491123826167,5.0,59.12443911022777
2028,1323.4093488349902,4281.645773954376,6.0,59.098371760174125
2029,3480.444731227444,3414.7980436496005,5.0,59.023032405431465
2030,1701.304378881404,5622.880081737491,6.0,59.01671432146001
2031,3888.195431126157,6060.1245139203775,5.0,58.96232536082286
2032,6269.677812688119,3798.723056567053,4.0,58.95228458997724
2033,3279.736973842221,5112.549409034441,4.0,58.92116401222422
2034,2871.8452609214837,3820.116446226538,5.0,58.916550428405294
2035,8508.833872156612,1399.079500186693,7.0,58.867373222087366
2036,4229.610643329344,2763.820791162544,4.0,58.80600135805693
2037,5659.313137198175,2322.5947273925344,4.0,58.678249450555825
2038,5451.065997719835,2374.096714520596,4.0,58.632716489250136
2039,2632.43485341747,793.0103235783714,6.0,58.56742132960812
2040,1458.6191903411977,490.8910320121216,7.0,58.37600560693773
2041,4214.736191539429,548.088881663283,7.0,58.3205952462411
2042,4653.271340060236,1902.035493201853,4.0,58.30459217626901
2043,9472.424930585583,5703.928286867691,6.0,58.291889049495715
2044,9525.142904408014,1591.653255655429,5.0,58.184692559821045
2045,7419.59232715901,1388.2930557914287,5.0,58.11415898053292
2046,5298.044620915502,1835.2422992724642,6.0,58.088170293670764
2047,7237.156886378818,2567.116762111179,5.0,58.023522220381516
2048,5598.73527345125,1211.42147569204,4.0,57.98537542892539
2049,6296.19200418188,5595.670080548388,6.0,57.98136713446988
2050,4179.954938853819,1303.765311659168,4.0,57.926176084024576
2051,8055.033537122283,4987.605514004367,5.0,57.92294469544365
2052,4270.052869035899,295.2108036437931,7.0,57.884465847485025
2053,8833.769844642693,2865.8342829585977,6.0,57.854159083734274
2054,3249.7959935956696,4938.556116234316,7.0,57.83252457343798
2055,1942.419229397294,5699.94636679943,4.0,57.82604201744271
2056,5968.447237582185,5326.918611596498,5.0,57.7671803049521
2057,1586.4390240572175,6194.290809720518,7.0,57.71259831593592
2058,2731.597542341799,4054.546356773999,4.0,57.686867763400016
2059,1630.092094520737,2499.9069377414608,5.0,57.63194730231706
2060,7484.036755660613,1794.5579765297925,5.0,57.59939886090558
2061,4385.505461743002,2211.523532883992,4.0,57.58199681633342
2062,6493.847821344275,6218.9517783193405,5.0,57.44594284352494
2063,8148.855946951829,270.4778350556593,7.0,57.39188569841791
2064,7564.41342958984,1045.8609081090929,5.0,57.364030416661485
2065,1153.0532612927454,3940.0500720071127,6.0,57.29268535462657
2066,3803.1716072596296,5945.807478477264,6.0,57.288132482610166
2067,7133.679962305424,6245.910281367373,7.0,57.118282486440954
2068,7651.817530701142,1092.5659546184622,5.0,57.105019625717055
2069,8857.274826019348,1074.238502562185,5.0,56.951893793388784
2070,5527.2209021364315,6017.766805174213,5.0,56.85384954198252
2071,5369.08106643142,3096.2234470259095,3.0,56.82168615251166
2072,4609.166465636724,6326.168061218398,5.0,56.81588667192844
2073,7727.042683238648,3647.6586516418415,5.0,56.75724271870371
2074,4652.456090096628,4198.246837484911,4.0,56.74146362923244
2075,8024.583260707059,4193.132321902368,6.0,56.71454594546817
2076,3406.0542539704543,135.39798828503635,5.0,56.67432995550341
2077,5229.984065204472,2937.380852620347,5.0,56.5793201552024
2078,3017.5865453870756,1376.4415900364659,4.0,56.51880938744014
2079,4356.485699343349,4487.758339273035,5.0,56.514614004939475
2080,6035.118403051801,4769.160814655738,4.0,56.40689285458474
2081,4280.587597291961,701.2092719936796,5.0,56.353891168391435
2082,4117.144654368821,1967.9930356163495,6.0,56.342154895813046
2083,1033.4179442554628,3890.713680124211,7.0,56.257623839699384
2084,5684.021661987662,2603.2333168706323,4.0,56.241331895053605
2085,1145.0899594678217,4086.204146387721,7.0,56.20651043333229
2086,6169.098460542804,73.96230523581117,6.0,56.05568573157535
2087,4388.67788812906,372.2658992013826,7.0,55.92788806825706
2088,4976.242242148239,3297.350638330864,4.0,55.76526914462292
2089,7087.365599801944,4017.5195113758623,4.0,55.67525968722534
2090,8967.872313282245,3895.9126465841637,6.0,55.52040020471373
2091,8148.197890349715,1527.753881678501,6.0,55.48521373045628
2092,7380.95250754632,3345.739059069459,5.0,55.46017138780298
2093,2880.8516291256915,5261.936930637273,6.0,55.45661248362254
2094,3028.6070068204167,3969.6107061492885,4.0,55.43520244937906
2095,920.5528033206739,5074.088219914307,5.0,55.43113201439391
2096,1664.6487994746412,1664.2681403613497,5.0,55.42528993706093
2097,5332.638726288255,2893.654991335754,4.0,55.42290546801662
2098,9159.363511243533,3742.2583702060515,5.0,55.358800247061005
2099,2127.5057040693305,3993.5723977257067,4.0,55.304250307419174
2100,7602.818944818945,3931.9517168492835,4.0,55.25778487527642
2101,3659.1098321418967,5783.23512067351,6.0,55.209443853334086
2102,1378.6692456196815,4169.295529011341,6.0,55.08833457370313
2103,6455.960895235288,140.01931529777818,6.0,55.08083507985742
2104,4690.668793444607,160.83437071446323,7.0,55.073114857194284
2105,842.6352545565647,3003.0521343984014,5.0,55.06420284908115
2106,5093.49459059593,1215.779675673049,4.0,55.02267164444275
2107,8482.104806818912,1963.0156319167074,5.0,54.983060888029335
2108,5740.727922552553,2754.2369579858814,6.0,54.97822632574805
2109,8214.667893755193,5567.096369266072,6.0,54.96509739996174
2110,319.30657409306144,2416.17643898991,5.0,54.9270155000232
2111,8288.176544020664,1107.4295300137658,4.0,54.90336781389532
2112,4040.941957343881,4746.42054394895,5.0,54.897701807384465
2113,3026.754287582424,4547.249327203781,5.0,54.8331222873121
2114,7473.569408962787,5192.854073102488,5.0,54.80626627900721
2115,548.2315464872695,3920.0297890673455,5.0,54.79916501188286
2116,5819.4282526209,6120.931970493167,5.0,54.55708903609337
2117,5545.725704833056,83.28212601266083,5.0,54.542200597719294
2118,6665.667859298554,1665.1492307691994,4.0,54.486683951489475
2119,3696.9961214558457,426.47961135906456,5.0,54.41371722320012
2120,4689.970039872494,4787.418290692442,4.0,54.410272662991474
2121,7114.92389138845,763.5352132836151,6.0,54.375932854099894
2122,3769.674687706728,972.6463442555571,4.0,54.32593861981253
2123,3440.461026399066,4266.306993898306,4.0,54.321573872629045
2124,6938.895299106958,4657.536188426675,5.0,54.2988512632001
2125,1194.4901481085842,1720.2025491778425,5.0,54.298043881590196
2126,6412.367503775061,2186.28570792641,4.0,54.20495398280487
2127,4211.612764154288,3672.90662067341,5.0,54.14861166824209
2128,2413.000393583843,4556.050656479966,7.0,54.0407833961425
2129,8670.285549984783,4988.0080977132175,6.0,54.03906427300369
2130,3859.9599157232537,1640.1667632144824,4.0,54.00455421273656
2131,3643.3961865703563,5245.735979833469,4.0,53.92026548441672
2132,4226.434674222832,1984.3867298449206,4.0,53.89549750700841
2133,3643.682782318355,4965.4196752738035,4.0,53.83584485806523
2134,4609.41587534178,4846.225506375404,5.0,53.82347922445503
2135,4820.232466779465,5633.156158369774,4.0,53.816581827982894
2136,537.4978651183656,4448.646426413024,5.0,53.75418488343373
2137,4165.65156615279,1025.4650423771445,4.0,53.654236177636236
2138,8492.356279655261,341.08091224110825,6.0,53.54289380092761
2139,3193.2397817086603,4231.555657406439,5.0,53.48542333736018
2140,1183.5843541504184,4475.520458195389,4.0,53.44406575170764
2141,3673.184322388322,1445.2067192550007,6.0,53.41510616818005
2142,5175.058164230586,3481.7344390570606,4.0,53.39195782145046
2143,1388.7198792168454,3451.1794812916096,5.0,53.34260415596806
2144,5616.477462063466,6011.468859492643,4.0,53.33288099495201
2145,4787.266019550935,4020.3227672956396,4.0,53.308134543454
2146,5197.630748901453,3222.521955837611,4.0,53.263842142400506
2147,872.3798505170028,270.0377620143018,5.0,53.23502938273816
2148,2121.8247239217912,2689.5302742876984,5.0,53.21970522285038
2149,8839.967406082782,2601.4484230953844,7.0,53.156444772989204
2150,3013.9898516378144,749.0148458817845,7.0,53.15328754808702
2151,2769.008876427856,2042.957643910544,5.0,53.13765869544591
2152,9350.681470067573,1283.0668662212447,4.0,53.130134955370984
2153,2534.838759299845,2707.9135289951755,5.0,52.974535573747325
2154,4181.651889776087,5992.475318878712,4.0,52.97225846432286
2155,8897.870540393507,6254.738274837485,6.0,52.882563684601024
2156,4001.664117295376,2191.3181354127328,4.0,52.87033716150772
2157,6591.966307560667,1729.9702149820646,5.0,52.77036397326708
2158,456.65443786285437,2041.9358998012813,6.0,52.709101554887354
2159,2813.575538698337,403.5765087385009,5.0,52.68050462005264
2160,48.04283765243143,3266.0419466995727,4.0,52.6274737756127
2161,6722.543916003813,1212.4198046253898,4.0,52.61117626820433
2162,8717.72048645907,5840.160057719408,5.0,52.596614757314526
2163,9120.756988913558,632.2693469741631,6.0,52.539325535980474
2164,2657.8018361301515,5931.252490474309,5.0,52.510611022017315
2165,7111.635928571477,6249.301966773608,5.0,52.473059310741476
2166,5226.676064408762,5118.656478168459,4.0,52.457138198684774
2167,8631.424158334834,6238.714942661085,4.0,52.39558243790778
2168,9197.56642020644,5080.213002121816,6.0,52.25064211074476
2169,8315.310646653028,2490.90841297182,6.0,52.23205017062244
2170,6023.724394431241,5594.256033977281,3.0,52.10024355874928
2171,418.1612056512871,855.8869967470062,5.0,52.09599793408363
2172,957.7203824381039,1642.4072123261676,5.0,52.08973191129787
2173,3957.3786222360495,5606.030774752191,5.0,52.05819645121583
2174,8923.932912523253,6118.6807790130415,6.0,51.96431546877174
2175,2406.788497395937,4290.787510378265,6.0,51.903378464629114
2176,5065.3735432570475,3325.3539323110576,4.0,51.88708969978982
2177,5802.623005535742,3657.3711559766084,4.0,51.84746601526873
2178,8135.914988552119,4810.535052574482,5.0,51.82542391511699
2179,3574.3410758204695,3602.255020617783,3.0,51.81373311541026
2180,791.0976312911594,649.0401962955084,5.0,51.8036165075288
2181,4628.407770087838,3170.3856606460713,4.0,51.78522538809172
2182,932.785959545268,6262.665375959075,4.0,51.73219441624825
2183,3902.806785066831,174.53802662934456,5.0,51.71960084357126
2184,7607.678012261486,1689.0055080332513,4.0,51.66808249950355
2185,2741.776653875074,1350.396804389786,5.0,51.64106520072143
2186,5759.78096369223,1310.963478145688,4.0,51.54604947645433
2187,3385.52429632838,4379.424235904713,4.0,51.51406719644854
2188,7792.061124974712,3491.6267616888326,6.0,51.44500993225284
2189,6225.935447425555,4088.9982720680937,4.0,51.39362597156492
2190,2494.4336089178864,485.4081236646282,4.0,51.31469393337255
2191,441.8306305530683,1239.0312506394146,5.0,51.302287611433016
2192,4419.09407861132,5027.931763816582,5.0,51.29036604318088
2193,6159.109685151613,3292.8634869879265,6.0,51.22058872604167
2194,4284.765013144901,1005.8235415124911,3.0,51.205118523940634
2195,4773.6487154913875,1781.084171695297,4.0,51.19478117732287
2196,7944.973137521892,3541.2295067384803,6.0,51.18000485235142
2197,7333.610628960154,2978.482827840119,5.0,51.11075631465709
2198,6673.830778103448,6123.396034926363,5.0,50.935298440351126
2199,765.6295737272982,4893.124952325463,6.0,50.91991325255297
2200,4172.482644558606,2936.9692989406267,3.0,50.899438651404225
2201,1093.3130414510397,3422.75411057836,6.0,50.89042876293267
2202,6610.724197468482,3848.8457993802,4.0,50.850877614909166
2203,4421.530450572271,2444.645050430579,4.0,50.81557291142109
2204,3945.739634472018,4753.7313098425,4.0,50.81237917253192
2205,2301.4280779919436,3199.9984236530736,5.0,50.76903725659832
2206,6510.869061865202,4436.123948687941,4.0,50.695316897772265
2207,5255.928322776261,6057.793217213412,5.0,50.683642902883044
2208,8832.572582591773,4158.8580589892135,5.0,50.55719537176335
2209,7426.085191423039,5143.0035689985425,6.0,50.53421251567596
2210,6838.087495109314,26.072520839374544,4.0,50.52102962843457
2211,4844.100982705889,1611.4226504354983,5.0,50.508553965530346
2212,2524.0791733970536,4313.948638423349,5.0,50.488278111134164
2213,5078.706818962029,1610.3331459719382,4.0,50.40656081884852
2214,8174.639775692783,1008.563644270185,4.0,50.40469056328198
2215,5601.8743964909045,6177.351928919302,5.0,50.35386774608391
2216,1150.1242829192015,298.09864160025063,5.0,50.29439521503982
2217,7565.996628723575,3842.5864330591094,5.0,50.280807089190645
2218,4291.149875634368,5575.242073009952,4.0,50.26992744495311
2219,3538.559988283012,2753.70056804338,4.0,50.24044298027881
2220,9090.314082632005,702.0335968728946,2.0,50.21940088252285
2221,2760.0007926229455,1992.12747808264,4.0,50.17557159865572
2222,8161.85352940829,4516.70869227915,5.0,50.15658985036694
2223,7052.530610363176,2312.309440395002,4.0,50.14990628208377
2224,3406.935218228062,2147.6367786949713,5.0,50.11626292668344
2225,7817.288635031878,2502.2006399134416,4.0,50.109546904069056
2226,2058.285077505067,2724.5645170127827,5.0,49.990663027011585
2227,7902.183507853543,1172.8764006412234,7.0,49.97685056203685
2228,479.5080874873531,1256.1233670796112,4.0,49.9199931151465
2229,3538.034211835505,5654.585238783398,5.0,49.91546181533154
2230,2647.4313661181955,326.04075552830153,5.0,49.91011370525448
2231,7038.347244027084,3912.0712291645727,4.0,49.8602559403911
2232,6446.501784945483,5649.042506591881,4.0,49.85644886664876
2233,5030.123794754003,3250.5323206673006,5.0,49.79216347093032
2234,4237.999577683949,1510.4860849733568,4.0,49.74359890565326
2235,5041.160243505133,1387.131579576796,5.0,49.4764946161551
2236,6669.617831479885,5309.43751874702,4.0,49.474701706859165
2237,6770.7135941031,2500.5454147605255,4.0,49.41358592108496
2238,6282.989106186693,2923.618169436061,4.0,49.36281689595846
2239,8533.12377240019,5398.648900611123,5.0,49.34399549290089
2240,2587.062083234167,94.1333288079746,5.0,49.34136359696309
2241,1754.5778797007677,4247.068594693547,5.0,49.21399447641317
2242,1304.020180037345,1840.1596488822017,2.0,49.21127323920954
2243,9109.96137307912,6098.925126936655,5.0,49.21081207489147
2244,6512.3888839641095,4284.076792472885,4.0,49.16553327238229
2245,4991.906861198763,2316.802943070652,4.0,49.157483812155675
2246,600.9264406996307,2513.1159430729163,5.0,49.10534097395329
2247,6993.5603605777505,1819.9747046949876,5.0,49.05414733948613
2248,7650.90255667563,2639.7982686529804,5.0,48.99961310565234
2249,6891.535961077161,2722.5435963146188,4.0,48.98315162056823
2250,5936.1637726670715,4831.266934621702,4.0,48.86222162454966
2251,599.717965487442,5794.043864779254,7.0,48.826534295338874
2252,3949.270937998951,447.7851651076259,4.0,48.7580489268372
2253,1182.7165581315342,4470.629845510742,3.0,48.70614532275776
2254,5320.391879600274,5871.132543858262,4.0,48.594655866245944
2255,7093.969286596672,1165.201294335425,5.0,48.58445980155535
2256,9407.8139139148,1419.8057492863907,4.0,48.580909973686445
2257,4326.207138829535,109.34214470488051,3.0,48.53689318871591
2258,2809.481042408256,1081.0607107262124,4.0,48.490212718009325
2259,9230.351782913107,140.2627399988465,4.0,48.48903818676373
2260,1713.9902279877592,2111.888351374989,5.0,48.48813436056508
2261,6249.6823376048205,1764.8416558277556,6.0,48.483889860260575
2262,2399.661755041953,1871.7797572267325,5.0,48.480419810534904
2263,5638.272339848321,3684.0013127579336,4.0,48.43100999268355
2264,2881.999928623323,6047.802746684745,4.0,48.38702701808714
2265,1423.5949321559212,1249.674926895586,5.0,48.37222182930317
2266,6459.830285713491,4854.228851431512,5.0,48.26754812549427
2267,6804.719549053393,1193.237247403354,5.0,48.23648735527977
2268,9289.750017906461,291.2956736845899,5.0,48.231451523763795
2269,5835.075980816574,3233.2038270691737,4.0,48.19699677423975
2270,6066.908811179259,3221.4954056886645,5.0,48.117717227386635
2271,5585.929821676784,5944.962828387694,5.0,48.11304094969922
2272,2270.4315075653053,2163.7795808721953,3.0,48.11058737900827
2273,2422.4202641506354,916.2018812754277,4.0,48.10873850931804
2274,3499.875129304471,2177.60035459999,4.0,47.992652950984194
2275,6013.4303919128615,1712.026013844267,4.0,47.9832296444506
2276,759.9309922229362,4467.706022253329,5.0,47.909362677654414
2277,7036.539605521506,3257.8354232045044,3.0,47.80253942424552
2278,5154.39423433959,2212.892455447433,3.0,47.76091526595447
2279,5819.597392229122,2743.462908616198,4.0,47.72570966863665
2280,6887.362317095113,4286.275381288301,4.0,47.71177172195609
2281,20.45304073796231,2938.286978287257,4.0,47.66153173647042
2282,5294.365486776168,1093.222807856371,4.0,47.5617813114884
2283,5018.414937905591,889.8866249728112,4.0,47.520949212493804
2284,4678.094184081079,1967.753942363836,5.0,47.418710125616926
2285,766.7300502848312,5634.073503137579,6.0,47.37953230582559
2286,6590.596463584914,4979.70334903228,3.0,47.36950902391948
2287,8249.070873641935,4208.162797336511,4.0,47.36416595561434
2288,1920.1100329145993,5450.7218073533595,5.0,47.332125277809546
2289,6020.305834643372,1323.6276989593568,4.0,47.302506811445326
2290,4053.6085467709686,5409.374965875167,4.0,47.15073608565331
2291,8078.840353137632,1766.3525757523296,5.0,47.0700483201962
2292,2173.7383558178003,2661.3785945444097,5.0,47.031362340985666
2293,3589.233854005439,5053.820088746406,4.0,46.91499274489705
2294,2060.219513627104,1260.3879863119844,3.0,46.89178354773043
2295,3194.147033619279,3003.109897798052,4.0,46.86054750163782
2296,7244.410305471528,5345.128857949483,4.0,46.82540646027271
2297,3320.89404085022,4985.331464106933,5.0,46.723465444738274
2298,173.97641745774672,2898.968386892445,5.0,46.70134414400018
2299,4991.4300705337355,909.7980879641622,4.0,46.62992186294127
2300,5411.529889501545,2511.7803629001187,3.0,46.57353464947817
2301,7965.55946363922,5480.363487180456,3.0,46.556718953093146
2302,3229.7518836314107,2317.728909024345,3.0,46.46165602681295
2303,9359.268262794041,1781.785872389949,5.0,46.43124669511381
2304,2382.825424305817,6332.3769518553,3.0,46.40852745974861
2305,5858.502321937528,5563.672030496686,4.0,46.33681176133219
2306,9201.867828597773,3887.739448158825,4.0,46.18848051688906
2307,996.9925057422201,312.3642772200648,6.0,46.13471496410018
2308,171.90876090848056,5012.336554996628,5.0,46.101290647801974
2309,2940.7389261581557,3644.4281761613533,4.0,46.03296212918969
2310,2962.6947236056903,5188.194123476905,3.0,46.009812000207006
2311,2307.89828057761,1444.2614646904442,3.0,46.00143959292917
2312,813.1747378774598,4640.120438346678,4.0,45.97094155397461
2313,6125.254908829888,5574.015166352291,4.0,45.91420086267824
2314,3596.213423687595,2948.1603833386794,4.0,45.88564167109138
2315,4551.67548458367,4037.276464558956,4.0,45.88206783687591
2316,320.2558044846535,2317.219776377071,3.0,45.83851382165507
2317,4999.207826423522,105.25590138206948,4.0,45.791534334633944
2318,5401.649011227792,5126.380008669473,4.0,45.780868980544454
2319,3595.855875500164,4853.474436076049,5.0,45.77772997642654
2320,7916.419334800834,371.7156608835737,4.0,45.76229666920763
2321,3613.412190088941,4406.213149451061,4.0,45.67073773844588
2322,2762.6164669270156,728.3170636353758,4.0,45.66402596542777
2323,4540.761581318174,1914.3813723951127,4.0,45.620645446350736
2324,1371.2867932023448,5821.455413359556,4.0,45.617210588597956
2325,7814.949601734536,3178.918381622783,5.0,45.57393206695763
2326,3992.621882036967,4459.309093232063,4.0,45.522658341672255
2327,7908.03819977565,1987.8313206812275,6.0,45.49838431305238
2328,5700.484810645982,5456.723356611356,4.0,45.41844993153738
2329,4308.264563061924,1963.997698621646,2.0,45.40741033683992
2330,9529.296090337968,2386.6370171778635,4.0,45.3461130147491
2331,4813.092842521525,1752.4952954869113,4.0,45.31300278329052
2332,6041.077289754896,4698.971097350769,5.0,45.19035796913852
2333,7898.962617491296,6127.632768492243,4.0,45.186128769970146
2334,7755.1308199675495,176.5065510251619,3.0,45.17644090580231
2335,758.0207042907235,3402.9793140027873,4.0,45.15646551841635
2336,4877.283960691334,1950.9615762374895,3.0,45.1393047572885
2337,6824.706724413079,936.4207717249336,5.0,45.13169263337777
2338,4119.945893994862,2016.2218830872714,4.0,45.102389861627984
2339,4519.399700994584,1916.7139373976,4.0,45.078973141003885
2340,8230.956108467408,3620.8867206605814,5.0,44.99978254606808
2341,2973.9805479631013,2507.078498681973,4.0,44.97407067097745
2342,797.6894472966824,3022.4236663603187,5.0,44.97367406245201
2343,6657.407624887907,2757.0340287136332,3.0,44.96783715679344
2344,8359.337263191797,6337.43285156077,4.0,44.94318788990588
2345,7957.175175324485,5629.429389316932,5.0,44.930738271746215
2346,4982.368557210466,5072.698080362532,4.0,44.92587025419157
2347,4695.347283668705,33.07552557985426,4.0,44.87828077248682
2348,7975.135169134788,6348.377975895645,5.0,44.810321125813935
2349,2139.0380748509147,1204.2252620226607,5.0,44.80985994599905
2350,9115.688274749278,1140.128408822303,5.0,44.79644927801303
2351,1979.8728379861725,3270.5962418909266,4.0,44.70277583625476
2352,6243.546058988262,2891.567908016535,4.0,44.68568746367501
2353,5547.906907276297,5029.508362239008,5.0,44.684141553092694
2354,4642.860457178337,778.264561283119,4.0,44.60544432927683
2355,6512.0265884535465,1560.9970804525512,5.0,44.59869245576133
2356,2744.5264503705293,2556.499372934923,4.0,44.58720959500158
2357,5601.387208135638,1873.0972192063387,3.0,44.57995379266412
2358,8693.621584879662,1619.3613714328174,4.0,44.572814743823066
2359,3694.221900571007,3782.5904719963537,4.0,44.56876224852078
2360,2248.2577712555976,5532.986768049974,2.0,44.541354297390775
2361,4944.614664874335,5870.11944537223,5.0,44.45782143307554
2362,8263.95955251004,1285.1803439990679,5.0,44.45601388684635
2363,8202.286575080723,5023.753127336847,3.0,44.42259328680612
2364,7407.767943587595,261.6369949778153,5.0,44.39577363454807
2365,5799.183840212181,1473.9191944129418,4.0,44.335153878298236
2366,7364.24264647508,1069.7321691537782,3.0,44.31993451114509
2367,4959.299973078233,295.40411844952905,4.0,44.30716095447137
2368,9180.571888181827,5944.370726192699,5.0,44.29384691381402
2369,1029.3104577104777,4673.000289109084,2.0,44.28380091584648
2370,5535.347516293594,1228.6593219638385,4.0,44.27604904230046
2371,2132.339710360146,4678.368678851432,3.0,44.25597735278928
2372,1675.4986819099006,6211.8310635040525,3.0,44.17748766792816
2373,1935.3398627705583,4141.577720857677,4.0,44.14747278253671
2374,6500.134387139208,1100.4717841817553,4.0,44.08114414995078
2375,2626.1388160683236,2859.4203572035713,3.0,43.9984520203228
2376,4751.852282935434,5493.702218480671,4.0,43.986728024060156
2377,5223.335527424704,6198.03444229673,4.0,43.96338632834614
2378,5739.67458480918,1108.8541885024715,3.0,43.95717837083443
2379,4882.756827265503,1955.1969993703328,3.0,43.888801393707
2380,5459.477238392744,817.0159232317602,3.0,43.792959272633375
2381,8597.66958635402,3115.740735051615,3.0,43.760742708023955
2382,8241.665477344639,5322.250788119748,4.0,43.65730194841078
2383,2480.416965782351,3633.2249183048916,4.0,43.608591157010785
2384,3399.0815552463896,2688.5920216361565,3.0,43.60064659231244
2385,8799.866238268549,1422.894117625577,5.0,43.591316158252624
2386,7232.486217149578,2437.1413663026374,3.0,43.564797876228255
2387,1234.2224933940954,1083.3496708778314,5.0,43.54760292172599
2388,8083.744649707572,4818.399663132499,4.0,43.517962211999205
2389,8226.350615344974,4051.559868309398,4.0,43.50781590300883
2390,3231.404522903113,5478.374757265571,4.0,43.41077509574491
2391,7883.105784076416,4751.828886795528,4.0,43.40289136989344
2392,6204.960797276936,6032.24473495246,4.0,43.391897155445655
2393,2763.6971172847616,2887.334375828601,4.0,43.35463959889769
2394,8481.130886148123,4586.790334461649,4.0,43.34747781550131
2395,7623.537097408934,3911.4392067999215,4.0,43.33736748635135
2396,5751.292377407729,5458.802326064475,4.0,43.33594809442897
2397,6035.778371032749,3425.781750497976,3.0,43.24172369802203
2398,8370.603334829186,786.4116637561352,3.0,43.21681053932301
2399,8156.520559721405,709.9641024223753,4.0,43.20246736524021
2400,7331.231326559986,3517.7370978954573,4.0,43.1349042566998
2401,6479.787229000024,2429.7041675865203,3.0,43.10595653161765
2402,8210.4976431188,3890.647524851895,3.0,43.06765602647608
2403,8291.652606101523,379.62808858373705,5.0,43.04200376651643
2404,5477.744231726387,2106.367243975528,4.0,42.94379081267382
2405,7887.373796777759,2498.8571318621703,5.0,42.908993948836255
2406,8238.663441633535,2537.600487604699,4.0,42.882747840770065
2407,2103.7443847333666,4736.92069645774,4.0,42.832723999802184
2408,3922.8771135646543,243.3587331853315,5.0,42.82868038445303
2409,7062.747133041902,3166.7082016485383,3.0,42.789747271165695
2410,6799.108802010099,935.676296097318,5.0,42.76433931035959
2411,5661.87377899506,1148.8442181375508,3.0,42.73335884826436
2412,1883.2425376155584,1013.6576983141506,4.0,42.722013112924174
2413,9545.924407743094,4167.504106042271,5.0,42.70825131698859
2414,3205.540841547748,1192.4268317354363,4.0,42.70170639792693
2415,4505.611670928681,4356.798630401555,4.0,42.69117992587748
2416,7722.159723965114,2074.3339380467996,4.0,42.6449134766444
2417,8387.730890827823,4541.533363507821,3.0,42.62714386573413
2418,1337.0530903100962,5303.615235486019,4.0,42.61709549130354
2419,5325.807556584726,3050.241411478203,3.0,42.60373348539178
2420,8093.589193209537,4160.322557547307,3.0,42.60153966372116
2421,4282.428139117583,854.0875408963173,4.0,42.582765345302036
2422,6494.411540616134,806.7404572164564,4.0,42.55694245881763
2423,8149.178099353708,450.78878545045745,4.0,42.52839255140567
2424,6948.119775087393,4231.453677933373,3.0,42.51416626386445
2425,3808.721148965894,2263.074973528403,3.0,42.39761942332704
2426,7606.771926343925,3328.942125558428,4.0,42.385874131432146
2427,738.4741196856663,5454.563832215666,4.0,42.360578959651804
2428,8591.818299129527,5378.424579777919,4.0,42.26753149911636
2429,4394.609007061815,4489.124836819845,4.0,42.266135887069346
2430,1668.1059107936094,4206.266163120999,5.0,42.18276567864326
2431,5260.604574099295,1261.583351324322,4.0,42.17540215214548
2432,5004.6390482033885,3921.012963320829,4.0,42.13213688454267
2433,3239.471503757962,3244.6087491354774,4.0,42.081768049152224
2434,7283.97680994932,6298.152600109361,4.0,42.056090477607874
2435,5277.425013793669,4622.645577209484,4.0,42.05399032390841
2436,8491.967054470568,4201.658126070886,3.0,41.90899565357613
2437,7210.468007373299,5732.476605547652,4.0,41.854556695161136
2438,7203.408595045921,5738.446569297591,4.0,41.84855358504525
2439,620.103011308237,5255.709028296787,5.0,41.83506067860898
2440,6455.198740396081,2957.53151019381,3.0,41.808388047734226
2441,4191.853670483555,1517.328090849297,5.0,41.79964094728446
2442,4744.36614417981,2328.5879613777092,4.0,41.77932984905087
2443,1945.4422540429448,5998.094353622009,3.0,41.761138534228316
2444,8124.551765582084,2095.4736062269335,4.0,41.60563784885286
2445,3616.104867569211,4077.8765596604167,4.0,41.5923462289723
2446,1146.9861991654327,3933.369597382709,3.0,41.492298292365255
2447,7283.413809580637,4465.5495342812155,4.0,41.44883919261543
2448,3433.252411808622,2591.444458104028,4.0,41.42883634942076
2449,7997.286762825318,6173.604417668102,4.0,41.402018700863714
2450,9563.224144897204,3172.349481430329,4.0,41.393745498984316
2451,6750.924514915112,4029.9328644040315,4.0,41.354699774774474
2452,5653.596311046892,2578.5117360604304,4.0,41.35047083172942
2453,7429.977540018458,3159.715689735376,4.0,41.341656515104894
2454,2791.03777253157,4729.717902607455,4.0,41.32232552659383
2455,3416.2076546878257,3058.9436111645496,3.0,41.308063849207855
2456,5558.974511822309,5712.08591922087,4.0,41.29616187305782
2457,6938.206827528069,4405.352633847638,3.0,41.28855858113763
2458,2262.4237166667954,3643.4320909578314,4.0,41.26938090248131
2459,1945.7724034327189,3503.37131591822,4.0,41.25532551216685
2460,2784.8269119611737,3449.111979891668,3.0,41.25265634815709
2461,7171.3579123624395,1228.6230993908655,4.0,41.24267781560859
2462,4709.12795040252,5543.73123590724,4.0,41.212981287482215
2463,4855.612033175899,5857.499785577485,4.0,41.195163961208515
2464,8190.878075906337,2656.3250591700285,5.0,41.190922090276594
2465,1943.502923099293,3403.0560836682503,5.0,41.13164907463056
2466,3108.3746460057755,3622.428260544038,4.0,41.05577178655059
2467,434.65532176312996,2992.9402210785547,5.0,41.032614690541145
2468,4937.214240981635,2943.4859591392224,4.0,40.99061975911314
2469,1419.471082417978,4728.276461361078,5.0,40.98635378179531
2470,3089.6015796502115,5693.200787015239,3.0,40.861660510845496
2471,360.65677638905305,3873.373912335402,4.0,40.74129644917238
2472,6975.923551629331,625.719085553229,5.0,40.7153344771762
2473,6334.0405211523175,4641.2231114767965,3.0,40.70980381475905
2474,4836.436859692193,4515.123613338726,4.0,40.698857961871084
2475,4776.7585171589535,4689.316271026887,3.0,40.69290508151344
2476,6199.525864753352,681.7694154170875,5.0,40.61167287610931
2477,8378.358303793882,874.2270135877468,3.0,40.60879545464133
2478,5397.164927130182,5418.175778589933,3.0,40.602385084269805
2479,3852.946295093412,6033.787980524513,3.0,40.58184201622647
2480,7276.981635630659,2124.8011545519294,5.0,40.541922693041904
2481,5952.152334555581,4429.580274687933,4.0,40.49151189397173
2482,1174.3874324394244,4818.2888489795505,4.0,40.48465228924804
2483,5807.238424052545,1455.4227719888088,3.0,40.452875498539385
2484,9202.188604173176,5097.809109876883,4.0,40.433302677758476
2485,6010.651297152843,1376.8858106188013,3.0,40.396770717328025
2486,392.2256844045336,6138.949270592689,5.0,40.31363217699666
2487,925.1622313602169,2113.690660981873,4.0,40.29512783621331
2488,2033.45569429125,4013.0022821585762,5.0,40.273651350850294
2489,8821.778922197558,4909.426109395896,3.0,40.26408553983528
2490,1119.2608478183827,1598.4526445877118,3.0,40.24385058747471
2491,5932.61733755443,2473.4708337714583,4.0,40.23497133158726
2492,9166.302616181589,5413.5554372033375,3.0,40.18621633447133
2493,7909.430066481275,5619.8900187023255,4.0,40.17822836130274
2494,8036.619684034053,2846.4738822464747,4.0,40.16707933922477
2495,2274.3281200868923,4811.058035686284,4.0,40.15236222194117
2496,268.0914517522378,5282.45745028668,3.0,40.131924934696556
2497,1789.5228282141982,5299.876350215884,4.0,40.10237084174436
2498,534.6896841659974,4969.0958425708195,4.0,40.09385955031113
2499,2497.940139111735,5451.650223419664,4.0,40.06064098349816
2500,7279.576298333222,6283.7591034013285,4.0,40.04092651337841
2501,750.9235941689267,650.3080004974381,4.0,39.938406019318876
2502,1665.8978712164449,6221.690789420473,3.0,39.93835215837348
2503,2992.607561897377,887.2409663102611,5.0,39.93241363431333
2504,7056.707008824673,1294.2515388736433,3.0,39.90026364806314
2505,4720.32744967204,2472.987155578066,5.0,39.883146724685744
2506,2394.667481589146,2329.5856543983946,4.0,39.86141484335741
2507,3129.763835918357,5042.522377381037,3.0,39.83577939227686
2508,5957.32421114706,5305.2906342033875,3.0,39.8284410506632
2509,6308.231736829176,3056.173094167732,4.0,39.81397853791197
2510,5238.819591689794,26.46849293514453,4.0,39.809610416641796
2511,8062.593880413233,5971.005513871758,2.0,39.757426531783985
2512,6980.652218386963,3256.802548483005,4.0,39.741142683389675
2513,9010.547849799712,4196.881471814928,4.0,39.73617950720555
2514,8620.722704649777,1622.2635943320674,3.0,39.67764848244507
2515,1570.1496298216723,2693.9817776017635,3.0,39.60723803971056
2516,3755.2354576764956,5974.249622847182,4.0,39.593529860402114
2517,4022.785563221909,1312.5097111372727,4.0,39.59086295316427
2518,8338.2474586623,4735.304903749561,3.0,39.58175441094796
2519,1815.1184572246395,87.64514856790312,4.0,39.561669080289334
2520,114.23399685882892,4616.964227007814,4.0,39.54936792994493
2521,2478.3707251820256,5542.834591912762,4.0,39.473359093281125
2522,1129.2381542376718,5657.962453288991,6.0,39.40355929171277
2523,2499.439491235782,4993.903477735951,5.0,39.33536810886956
2524,3558.125468550292,5022.692879815874,5.0,39.28893523546932
2525,5219.4574933698095,3692.9742986255246,4.0,39.280911132800455
2526,4070.5803017934704,2729.7097485616555,3.0,39.26663415042284
2527,6700.407528359412,2730.4823623627017,4.0,39.26345436639194
2528,3255.6879767254804,4841.272247335738,4.0,39.248409786454516
2529,4590.432419180828,2550.8114221568526,3.0,39.24225721836806
2530,162.13230277510615,230.73944510511598,3.0,39.2413391494954
2531,5697.718149704891,3032.53551788448,4.0,39.23987920562886
2532,6678.578074703442,1014.7589149415262,4.0,39.218782971819124
2533,5635.7102612592,3901.728414554198,4.0,39.21348497085134
2534,3370.0547830561472,5935.917678617678,3.0,39.20865593224718
2535,3193.8391715098414,4161.857883222191,3.0,39.204781103003555
2536,4868.778119937504,2040.0763537914052,4.0,39.20181131587423
2537,6154.495660613049,4256.626886824095,4.0,39.200577645165254
2538,8172.122413896069,5844.105613892661,4.0,39.19798248530954
2539,6916.554900107705,510.843712904806,5.0,39.1249140679334
2540,2145.597153740547,5558.552590186919,3.0,39.098324790703174
2541,1468.5044484982616,1825.6722596652255,3.0,39.09709547612033
2542,1799.048774531691,3451.4118078691877,3.0,39.00628284014402
2543,6442.836231090103,5443.578336799459,4.0,38.9646766863372
2544,8241.79990472602,3218.368265718367,3.0,38.9489550954522
2545,4531.279338084831,4437.719721302544,4.0,38.87398670930524
2546,728.2941761530644,3588.1195703896256,3.0,38.86420389073363
2547,8468.618706989531,2382.390427407932,4.0,38.85618747938307
2548,7613.468554384041,1557.8711113771287,3.0,38.855432988848804
2549,6334.199421198926,1194.6508883746417,3.0,38.845523633881015
2550,5968.276951426525,4310.572070669548,4.0,38.81657530209449
2551,8236.451153521988,6207.139708441734,3.0,38.79110490612934
2552,8916.416236295114,2901.44146983792,4.0,38.73707574711251
2553,374.5659131567523,431.07068197980516,2.0,38.721193551834105
2554,9329.73980138951,4812.389313798011,4.0,38.7122328127969
2555,8916.400761556577,1654.0290525086823,4.0,38.683798972360194
2556,1470.086064383929,2207.7835449101835,2.0,38.62408960474752
2557,5066.303133862396,4730.543019204577,4.0,38.61436296449052
2558,8155.0686627259265,2247.857654261061,4.0,38.60221236005998
2559,2300.190369488546,5388.038643403667,4.0,38.588731126309405
2560,6538.160954254947,1846.2125442737397,4.0,38.57899382283328
2561,4216.305659323198,6265.94648476014,4.0,38.56314020078009
2562,3373.0702405585744,4254.311419976625,2.0,38.49023289586752
2563,686.8815852595802,893.545795145682,4.0,38.48918305273987
2564,2441.602253254098,4392.290476386112,4.0,38.46532823041224
2565,3278.680064064776,661.9156260129387,3.0,38.32146479568676
2566,766.9167434566173,2745.257741690304,3.0,38.30584865302485
2567,1218.299592380715,2799.6108618330454,4.0,38.28534370529884
2568,5422.495534288781,409.26370096716363,4.0,38.266692577690776
2569,8781.646619438803,3045.557021664524,3.0,38.22151128045116
2570,8400.588915628434,1774.7855669862781,4.0,38.215570511518024
2571,7313.915440357223,2566.759984423212,4.0,38.189510189782894
2572,9418.732987735219,4727.594770168345,3.0,38.15754288149404
2573,194.41188557992987,782.3333401444659,4.0,38.12054290859552
2574,6457.312832393245,4246.15378076572,3.0,38.09625517082074
2575,5500.340152281437,500.53122268773893,4.0,38.058929912409226
2576,6057.052746480796,1211.150544293668,4.0,38.049432127095066
2577,8133.013190833236,891.5397079941088,4.0,38.041498651386206
2578,2577.7676098996767,1223.6795722929717,3.0,38.03562486361253
2579,3629.8813672774504,3095.1248191725003,3.0,38.016354103877035
2580,9320.63063987348,1775.5802340151727,3.0,37.99013791451447
2581,8265.156429933453,2935.0014685309184,4.0,37.98859392759203
2582,8838.397570032592,3995.783738182353,3.0,37.96169219976542
2583,4083.7816253159535,1726.4891365855317,4.0,37.95920110157749
2584,6320.173865713303,1992.8246773621324,3.0,37.90661549179679
2585,5608.65304376658,3826.288805632729,4.0,37.9042725185639
2586,4109.480575173506,5749.593195123248,4.0,37.89580379518759
2587,3449.229536716819,1533.5146433899563,5.0,37.86973190169534
2588,9384.822621838559,2687.1718270520446,4.0,37.83201807491571
2589,9015.124487726762,4144.277169657512,4.0,37.780943668744264
2590,7689.8362918998555,2918.580239413693,4.0,37.762040030477294
2591,10.812119285523696,3633.373941174637,3.0,37.72793179965434
2592,7826.970155379012,2845.4512601730385,4.0,37.710178599146154
2593,8696.177503632693,4324.240471926063,3.0,37.66374666876547
2594,6409.304582769754,3606.462625487518,4.0,37.63702219114159
2595,3285.225869082094,2802.7574600633866,4.0,37.63162731912277
2596,5793.627172125534,6187.070060266671,2.0,37.62507584038275
2597,6085.4840327001875,2954.265482638007,4.0,37.61058445915537
2598,4042.653922563615,6151.744618410752,2.0,37.591219015214335
2599,4062.670566112207,1589.5182097902139,3.0,37.566355312311174
2600,7521.977009433927,4387.751965517358,3.0,37.54920161835908
2601,6914.448698547658,3956.03174450185,2.0,37.5410719344563
2602,8156.354729894971,362.1674449961656,5.0,37.521682368293874
2603,9189.365756852894,3748.675415887618,3.0,37.52042707941936
2604,2396.671687590538,2054.6105801542276,3.0,37.519862496635454
2605,3938.550046415942,3794.1789235049355,3.0,37.49283903364458
2606,4193.341989439115,4983.445505941445,4.0,37.46059687821824
2607,4385.1246644896155,5366.452949218147,3.0,37.45393544733392
2608,174.64306022805096,4106.65517795398,4.0,37.45248971130259
2609,7988.316813590677,1009.6435912052195,4.0,37.446961492091724
2610,7488.827229129995,1459.4678922016594,5.0,37.439342463709934
2611,6727.651207170701,5839.770938440841,4.0,37.4327943249792
2612,3952.588821014814,2005.4533394901885,4.0,37.42543854930483
2613,6558.370845635529,3388.155459201372,3.0,37.386055979792175
2614,2497.270257232665,5030.146303452625,3.0,37.38094465583516
2615,7454.523362698256,1284.6616982021878,4.0,37.33407666535389
2616,4729.092723790414,723.1482205274604,4.0,37.332516215256845
2617,8322.746985886608,1160.0373289756803,5.0,37.3191244180115
2618,8859.66110646462,503.66242163009053,4.0,37.27043841556568
2619,3921.5087418994203,2095.8196114836696,3.0,37.26958626327702
2620,9315.182198154176,697.1398688153328,4.0,37.25684793795015
2621,7261.136053201571,701.4160889468891,5.0,37.22313130619425
2622,3801.5148395689766,2834.6421230231863,4.0,37.214682724370164
2623,2564.6799591894196,5803.43273192801,4.0,37.20163214902523
2624,403.0427544133235,6145.179564949508,4.0,37.11882111827446
2625,6159.837885852738,3625.5185266316807,3.0,37.07364627943924
2626,2802.6116773139056,3499.3239442203985,4.0,37.02594530742694
2627,4545.234918904686,2523.495683349032,4.0,37.00876646529056
2628,9029.368913717535,1979.8595464357397,4.0,36.96416533620419
2629,2502.8519240218166,2087.321997108936,3.0,36.929028694600774
2630,6581.297300148021,1132.9608547133366,3.0,36.92025681368252
2631,295.2733357903703,4701.4748772482635,3.0,36.895788875798836
2632,8611.680887662656,1432.8731333952103,4.0,36.88528309896262
2633,1159.0042322545478,346.75485827339463,4.0,36.871828382150746
2634,4776.790273558203,5228.9600223613415,3.0,36.86731721691125
2635,5406.962347710335,3610.241920619981,2.0,36.83685873730103
2636,2330.531712588187,4439.0208292556745,2.0,36.82355940704467
2637,5546.133353870226,3121.7116464220126,3.0,36.81391255061572
2638,6161.114537615535,6340.268497588286,3.0,36.789990255950094
2639,2033.5702214117102,2852.6816357992475,4.0,36.70961819686151
2640,4481.9779928659855,1552.4578403054268,2.0,36.679263643271625
2641,4450.746472005214,4367.0781569023075,5.0,36.67776991037368
2642,2747.764749718078,2600.24550412148,5.0,36.67560031349427
2643,625.9780620484624,1332.424330895053,2.0,36.64406940383864
2644,4795.620885558684,4253.73786776363,4.0,36.62633585705794
2645,468.095004123296,178.04694025799296,3.0,36.598363720647946
2646,1597.187815346165,4159.681698494123,4.0,36.57352890110667
2647,3934.281488366135,2640.530788177768,4.0,36.541075132988496
2648,1872.6532653580073,860.5422778500007,4.0,36.48397996331549
2649,7471.378603569929,1046.8574357913533,3.0,36.46119042211964
2650,4311.133901183879,424.78019813733374,3.0,36.42881359898494
2651,2360.7248941987186,4411.182061965524,3.0,36.33018591633702
2652,8546.342593336934,4564.47339435474,4.0,36.301218554279046
2653,7185.014443466833,3831.5483679100776,2.0,36.25965555597916
2654,7019.070575880959,1163.4723762683104,3.0,36.24829857699563
2655,2606.3354952587265,6380.494715515919,3.0,36.24453092461067
2656,6648.856910980581,2316.1160814832065,4.0,36.22736421179945
2657,5338.979808202391,415.76251564934654,2.0,36.191028013608275
2658,4158.889481253381,2753.7390546551387,3.0,36.12569040340928
2659,9220.0,2479.375065778475,2.0,36.08372646586242
2660,4975.145922526244,3944.6120678641673,3.0,36.0611622866017
2661,9440.78417600796,1054.9437965246761,4.0,36.04578985753714
2662,4061.777791373042,5612.495396441543,3.0,36.033662050064265
2663,4399.548203290899,3021.723829164813,3.0,36.01394684466212
2664,7950.173434105706,6002.65734374443,3.0,35.98987290826747
2665,6955.699386323887,1873.5459734901726,3.0,35.96740870208193
2666,1597.4040825725087,1568.5955515975422,4.0,35.95451670535941
2667,4647.608964229383,33.524039214725235,3.0,35.883698817108375
2668,7422.2415045293465,5416.5758279270085,3.0,35.852440475393536
2669,2048.8565240146263,2808.5450377976595,4.0,35.79555053063562
2670,5455.909147394599,3539.680797068302,2.0,35.69150589630581
2671,920.3255967201651,780.3674346159889,3.0,35.674839552760254
2672,3786.3008386363576,1363.396218875029,3.0,35.656708913780896
2673,3221.6868395794977,1802.7900744885885,3.0,35.640825174070585
2674,7964.2414076514515,5745.2148189252175,4.0,35.635833411933255
2675,721.3231363686341,4485.6642949928555,5.0,35.63156147977298
2676,5517.089565705026,1325.725867357506,2.0,35.614774897478654
2677,3193.2162722954995,1344.982849384825,4.0,35.61358719917826
2678,2450.1957059275796,3902.350021355657,3.0,35.59742732592605
2679,8391.248112970528,2434.299789594985,4.0,35.58744736148727
2680,4192.399570699456,4015.8895557397896,3.0,35.57225219331139
2681,6134.2402245964295,6084.01261806837,2.0,35.521483297291994
2682,3992.525810054589,5093.062377156008,3.0,35.505308562094115
2683,5275.861884734386,4159.245312683001,3.0,35.4871480711404
2684,9130.798318230716,4842.499455028502,3.0,35.47185410201841
2685,4406.56784401929,3121.2401778836443,4.0,35.44338283293287
2686,3912.1130840437822,5125.163871870732,3.0,35.40610544047182
2687,1219.7757247497077,1655.0720732510954,3.0,35.38903507480226
2688,6400.39406881592,3364.1331611694764,3.0,35.355499962663146
2689,2046.6555118459078,1194.394395330748,4.0,35.34095835561608
2690,6915.681462744453,799.9641537125658,3.0,35.29075257442367
2691,961.3140637009566,2836.0855557840623,3.0,35.25804728789178
2692,6444.449531459344,2714.8256720722175,3.0,35.24305984186112
2693,8747.748501731965,2354.7777896977045,4.0,35.20121714003381
2694,5583.740290326154,5940.723500730083,4.0,35.191396278204245
2695,8067.991570940844,4232.687212471249,2.0,35.188442262049406
2696,7218.89910932805,563.2336721492519,3.0,35.17305935664812
2697,69.68921401225569,1920.1488884725322,3.0,35.16872436570604
2698,8581.277798680929,6265.364560288995,3.0,35.16004972101594
2699,7242.471784342923,2970.373849704775,4.0,35.15648644127333
2700,4082.265361277302,5218.416733529715,3.0,35.107087720557615
2701,123.36804687945744,2004.8926755261014,4.0,35.019047194105816
2702,5721.811173031173,2594.458407927646,4.0,34.98953247412936
2703,1786.9475069685284,5327.499755839862,3.0,34.9675102650228
2704,7323.403074286065,930.5410152761632,3.0,34.95072413346364
2705,9264.001312963592,5048.315462061909,3.0,34.9479910711769
2706,1465.371152788809,1191.5840582536432,3.0,34.922258406370275
2707,3408.8264603310454,1770.4031712334001,3.0,34.917447873118796
2708,1040.5804942790276,1315.4868725861138,3.0,34.90567099627817
2709,8430.064645676357,4361.466652841529,3.0,34.82017140603917
2710,4621.910960255647,6248.428733819686,4.0,34.814696438654586
2711,5547.865965781801,5241.413834570138,5.0,34.78999552072216
2712,8785.37621874056,2870.350806135401,4.0,34.78372336603768
2713,1906.7004285989458,6202.097307407835,2.0,34.71316466770353
2714,1919.331733535662,4309.509317992734,3.0,34.67515029208576
2715,5971.424374178319,5503.492263032269,3.0,34.647710596104304
2716,449.6393006711336,3139.4865271445015,4.0,34.60645806068301
2717,3620.8613868269254,3344.0112751283855,3.0,34.597098665555805
2718,7889.457364775281,4905.421385512314,4.0,34.587706616097236
2719,5985.3907860334575,2451.515727460106,4.0,34.57922038905171
2720,1846.2889709699036,6306.297018570811,3.0,34.57615319433915
2721,8769.432615028261,218.54878413192145,3.0,34.57568050508357
2722,5715.678145312138,623.0058293715894,4.0,34.537001281511664
2723,6216.587366224716,5590.386486250029,4.0,34.531821404712986
2724,4404.343082385599,5112.367826547083,3.0,34.52173525647698
2725,7429.434690390691,4427.462777813337,4.0,34.50489990383714
2726,6980.919868223976,3960.595555742787,3.0,34.454530577044096
2727,790.5162416104622,3778.692056176257,3.0,34.44979762160778
2728,2965.5311321250747,3999.018138344447,3.0,34.43366055964995
2729,5913.677523034372,1508.7617099493532,3.0,34.42749672767371
2730,18.216484119035947,4385.404452089064,3.0,34.338438187394225
2731,7718.317064710631,373.8192407965065,3.0,34.327853822780625
2732,1491.194683823039,5235.488422554608,2.0,34.279792607415686
2733,4242.440968920325,2099.5061564347548,3.0,34.26888272922045
2734,3971.2507657223273,2100.074546439096,2.0,34.236665160794956
2735,2509.2126813870436,873.4227453114424,3.0,34.205970351552054
2736,4311.284513909,1800.3366012055862,3.0,34.18995913659687
2737,2756.8001727847095,1586.593134963154,3.0,34.18803218905646
2738,5511.744455314976,1346.7729390956097,3.0,34.148415483593894
2739,687.3701987266691,1200.6532578353874,3.0,34.13194024149298
2740,5957.570290175553,5931.582006257135,4.0,34.10952011421945
2741,4276.266296525763,2524.5071087335205,4.0,34.10548539285964
2742,6162.389202416148,5820.662044200206,3.0,34.102979101018164
2743,7152.128244997576,3530.173106562188,3.0,34.09842873546429
2744,7816.082433720306,878.41797774496,4.0,34.092122644372665
2745,976.0977604690638,1232.6680267169,2.0,34.035229795343405
2746,5976.489173728766,5167.269718266806,3.0,34.019511875667575
2747,6078.021556351668,4949.0741041855335,2.0,34.01431584185125
2748,8638.309000337804,5184.995557221255,2.0,33.987840146119645
2749,6016.47674174609,5366.791375493339,3.0,33.98629043886659
2750,4023.3814368146554,3799.746297693928,3.0,33.98200697229244
2751,2126.837265730248,5359.7717067321,4.0,33.98061605176488
2752,2070.434119362595,3127.519646518695,5.0,33.97110786131657
2753,529.0361442890413,6032.400073460737,4.0,33.94910159517319
2754,6556.249434576169,2655.3997349084357,3.0,33.93936482830197
2755,4935.361792887413,5224.044654631761,3.0,33.911728268117194
2756,5127.6428365795955,2163.5073874147006,4.0,33.8841620068918
2757,6267.997726783049,4746.223796988117,3.0,33.830209992019604
2758,3316.693387540567,860.6732752052994,3.0,33.82409429483194
2759,6055.578646436153,4234.012063493691,2.0,33.812043651300165
2760,6256.050535659176,1377.5370107353012,3.0,33.80004816610541
2761,9308.617507378787,97.22708122790443,3.0,33.78693404528338
2762,3272.4898146121964,5998.474707612626,4.0,33.78007298069194
2763,3302.5411897289355,1890.6674654695014,3.0,33.76074711581097
2764,3821.435199449371,3120.4746274228924,4.0,33.68524244041343
2765,6245.331698647283,6014.494620033478,3.0,33.67340585144058
2766,1466.97838283862,1074.9393479733924,2.0,33.64688746785309
2767,2278.5310108843,1180.2851245772354,4.0,33.62618946416397
2768,1113.6439646894496,2784.7356411567703,3.0,33.62209388127292
2769,9119.492479162378,64.94140819777954,3.0,33.58715608787311
2770,3170.6327570608205,1186.6682582295978,4.0,33.55013693711864
2771,4351.518687577009,6225.1390466728835,2.0,33.498865828046156
2772,7848.874894029624,4835.714718884898,3.0,33.483402148314156
2773,3435.118410155255,2194.898788047208,3.0,33.467509188892684
2774,2708.6899815927563,2497.7465885769384,3.0,33.44509061638992
2775,4219.824941336267,5253.176315204851,2.0,33.41659043333479
2776,6778.646080019932,1084.5062645561388,3.0,33.412100953526185
2777,9357.09311575015,6103.698310938528,4.0,33.39620247449149
2778,3017.89511856056,339.02673181166506,3.0,33.37683840005227
2779,2109.217433318071,5113.0275966849895,3.0,33.37246944082058
2780,9507.044814850502,4907.891947848312,2.0,33.34909503066789
2781,2411.117135914222,6137.025898336938,3.0,33.314268315898346
2782,511.44487133947723,1333.3979027822677,4.0,33.30169487866139
2783,6526.713248632777,3634.199167312645,4.0,33.291839332638816
2784,6300.089642603984,225.71568215871844,2.0,33.28337026398125
2785,5903.389963450451,3291.2643862516984,3.0,33.28150482992849
2786,5735.777151339394,2571.6776482166188,3.0,33.27062013746427
2787,4789.857166499399,2704.8800547437254,2.0,33.266775995084544
2788,5091.0852605821,6100.948236310936,3.0,33.25097950802054
2789,1168.08684547748,5218.616548509047,2.0,33.21552036307758
2790,2766.3321841667253,4168.973259442534,2.0,33.20318733067777
2791,1813.6589585088418,3351.2800308681803,4.0,33.16478478655378
2792,983.369049492762,3442.607957950397,3.0,33.15634150801052
2793,2557.90279400858,138.17616023814605,3.0,33.13866527415392
2794,5088.237630296511,2681.187744407811,3.0,33.12572342429365
2795,1872.0045079911736,6050.885633906358,3.0,33.11746505189829
2796,6495.250102029036,4884.67345219974,3.0,33.09986303423216
2797,2125.1463144280215,1433.02353485975,3.0,33.09890600010165
2798,3909.624198988351,5459.733002504073,3.0,33.07748510963908
2799,6204.106447854984,3854.325793596657,3.0,33.041894564972516
2800,7666.37748240235,2736.0477444460334,2.0,33.02217043364125
2801,4816.4088811784795,4684.115377564933,3.0,33.01790389729442
2802,9332.070658564024,1255.043150056811,3.0,33.01402556816656
2803,4532.363438118471,5160.8197395735815,2.0,32.99568571105697
2804,3419.4932021661007,4604.7065820486605,3.0,32.95734420105314
2805,690.2293424778496,2323.160770105697,2.0,32.9387722763574
2806,6793.535438033499,1264.5104494460545,4.0,32.906510344370204
2807,3538.6827405894314,5998.32660963924,3.0,32.901050671662176
2808,5719.433363359611,3417.3985074812294,4.0,32.87413261195117
2809,3578.344109654927,5774.653721250908,4.0,32.85859900032362
2810,4151.377627604986,6049.748275101824,2.0,32.85782188383329
2811,3517.835375465962,2390.319585086019,3.0,32.83398744978126
2812,3605.3417187536743,2697.346050178448,4.0,32.82457847941922
2813,5450.932699937312,4480.511602250443,2.0,32.78942270936895
2814,9330.68216801802,1075.9047469361212,2.0,32.777629469612556
2815,6394.068307408225,4420.407728185055,2.0,32.76878833356755
2816,716.1464841335387,1035.2874005775113,2.0,32.761378660182594
2817,1922.443954872187,96.45739711552939,3.0,32.75514351828114
2818,2397.1831414900066,5904.9405669191265,3.0,32.754119067111304
2819,1560.4976438423976,2842.6303004440815,4.0,32.70312281719492
2820,8560.567139817751,3019.340910868957,3.0,32.7018470900875
2821,5615.294100609181,3317.4884582816985,3.0,32.658320737335664
2822,2222.970517621077,5967.764625162239,2.0,32.65076890799682
2823,5259.640136152974,4100.476991574522,3.0,32.648012443413016
2824,4263.476528989104,5126.81273965324,3.0,32.574878357426
2825,4654.400632275083,3021.2388324278077,3.0,32.55544066454843
2826,7490.192843718468,48.3339199104755,5.0,32.54962507717087
2827,2629.230358904291,2156.0976627184273,3.0,32.539266291712856
2828,5887.377189534341,5699.528677723742,3.0,32.51612260514837
2829,9099.197742932702,1902.8761151114418,2.0,32.51597442612241
2830,4032.3521804640086,5897.1249733491695,2.0,32.505196969230376
2831,5060.267968523345,440.1958726179228,2.0,32.50362855840377
2832,4128.044315739926,2049.6162075308016,3.0,32.50302285161058
2833,6333.709699924527,2011.876035101154,2.0,32.49436816593328
2834,2356.118747814481,5623.194020628527,3.0,32.47690088423052
2835,2645.402624715171,5242.827837379551,2.0,32.46119932984339
2836,4436.564369365733,2359.996327961927,2.0,32.437559381913374
2837,6740.251030675576,987.5178183205951,3.0,32.43569722931375
2838,5427.133422642912,2461.045888138672,2.0,32.41097623907424
2839,3244.4985038579716,3565.015048285163,3.0,32.374458120158565
2840,3484.8331711062197,2853.1098361424615,2.0,32.35540404782242
2841,758.9981342722706,4285.175281765986,2.0,32.32816394465289
2842,2406.449314905331,2176.4509626946387,3.0,32.323991283110914
2843,7879.916511182833,413.5670418404276,3.0,32.31393951690856
2844,2442.1875865501147,633.2419882804279,2.0,32.286725124411376
2845,4150.533027711738,1581.738521551532,3.0,32.24106852497559
2846,2499.9829823786627,1647.6669079072565,3.0,32.235737665419315
2847,4571.712353471199,398.59878833905856,3.0,32.205056696726906
2848,5758.35355928603,2757.244207962558,3.0,32.16870143753557
2849,5348.513484321005,259.8039034784378,3.0,32.16576223405724
2850,918.7565750090455,2517.4929114051433,3.0,32.15853615669178
2851,8565.309071570264,5021.397910373578,3.0,32.13466636302071
2852,1044.901062518792,722.152506393731,2.0,32.1142134425358
2853,7709.298471583877,300.03858500624256,2.0,32.05221862062465
2854,4139.7681052684875,5189.425373471858,3.0,32.025086780646255
2855,6968.008648849761,4171.43023478388,2.0,32.009021741646514
2856,9009.67774676344,3581.815055368483,3.0,32.00157648722927
2857,6350.316148331943,3294.432191461991,3.0,31.988443432356487
2858,4415.052485786242,365.70162611689574,2.0,31.963987639520454
2859,7762.129312400011,3994.5950739048444,3.0,31.951304781865115
2860,5464.648434902054,3530.5972566045325,4.0,31.949422773876968
2861,5331.166785102251,4773.399572820125,4.0,31.917273319375596
2862,6518.225195349692,1136.8421338436397,2.0,31.915337273977656
2863,9032.428731321277,156.2812240831808,3.0,31.91401343820876
2864,6539.148795421865,5092.624331193624,3.0,31.91013497278459
2865,6429.054667468916,4510.896616110324,3.0,31.889300170125527
2866,2280.596804389791,5495.800380017512,4.0,31.87943367462695
2867,2879.710431432323,2148.748593497916,3.0,31.865420938297646
2868,7555.458828397461,5028.827173984884,3.0,31.862181517997527
2869,5663.607548937438,3329.337644521058,3.0,31.811044579086293
2870,8920.134304472771,3407.4275478607583,3.0,31.779261854325156
2871,4044.379568367751,1474.4616442052968,3.0,31.76987873742237
2872,7683.958030620636,2785.757378543763,2.0,31.768954589854097
2873,8728.12821593788,1041.3893489893626,3.0,31.754263921434738
2874,2543.1377858181067,4591.576696286332,3.0,31.738971574747044
2875,5169.412494024107,3204.7484261631453,3.0,31.731722381510323
2876,6620.4855231504125,4388.722255591258,4.0,31.710924868120337
2877,3680.7690769065503,4252.721186868258,3.0,31.70487082713287
2878,1635.108418433834,4932.761512388894,2.0,31.68049411113335
2879,6613.366855846077,4144.181595764221,3.0,31.674338302231668
2880,6910.496734000055,4193.698059563653,4.0,31.639199968032806
2881,7591.85274582494,1015.4178527894678,2.0,31.637306209980814
2882,3679.8792966086885,4803.292636052488,3.0,31.630827882372483
2883,1784.2220377890044,1603.621406746841,3.0,31.61322593018711
2884,7476.385284111785,3670.429226470513,3.0,31.611700456151738
2885,7422.069222218768,1621.6008087233083,2.0,31.6068272146752
2886,6827.117162609843,422.4636337839991,2.0,31.59233167738589
2887,457.71607932486404,5988.318306776639,3.0,31.54547190437378
2888,9103.894301736858,447.34317185912283,2.0,31.543392792775176
2889,8900.64936249468,5671.182821246693,3.0,31.538775282412498
2890,6951.934944146405,2167.1367600688172,3.0,31.477333055858185
2891,2750.3717249502643,2953.7891954754746,4.0,31.47320690063835
2892,4898.115119806536,1889.4734804323512,3.0,31.439620563874584
2893,3005.3397166409186,3595.5104523758278,3.0,31.424327270715594
2894,9107.48947380081,310.52786316727236,3.0,31.420574810787322
2895,5689.557072621285,6276.6015264485995,3.0,31.419589333304668
2896,9469.371224070326,5701.733451065042,4.0,31.415264470457963
2897,1517.1542548371651,4867.875552277911,3.0,31.378468772478897
2898,4648.399074685635,2919.6785838755086,3.0,31.377860838939593
2899,8520.060935191212,3607.5134081515425,2.0,31.3707882637662
2900,3050.503279895008,4099.811694758515,2.0,31.358693323274817
2901,3881.8227012308807,6063.201476108562,3.0,31.314955528322383
2902,7603.46511086438,5799.670540978921,3.0,31.312359103603885
2903,6046.569868879097,1345.0467725930664,3.0,31.30563381480715
2904,2787.914702154585,3352.7431574305465,4.0,31.298237616995372
2905,727.993449319966,854.9105930405201,2.0,31.295350245940316
2906,5228.503874033536,3460.1679915152035,4.0,31.282308493255613
2907,7420.935449611162,2599.558967301605,2.0,31.20274205378127
2908,3162.206570237112,1053.7070432991002,3.0,31.182022106131804
2909,2085.4260530418564,4951.722993259342,3.0,31.18063233089117
2910,6440.324340780002,1954.0548420845485,2.0,31.148516494243164
2911,2753.7977234402024,694.3301444169609,3.0,31.140757291587423
2912,6787.386872786115,4525.808861999,3.0,31.09490407289681
2913,4057.867478202747,1004.1650182664391,3.0,31.08228585328755
2914,23.426806468423134,1787.759823540713,4.0,31.071983993676703
2915,7612.459105676766,4225.341750014313,3.0,31.060600009130575
2916,650.2708741624809,2333.4753000212772,3.0,31.060429784443265
2917,717.4219163120102,2237.1302356846686,3.0,31.05522916942418
2918,2115.2633298506316,1329.1146129552833,2.0,31.026120825978335
2919,2080.8073436883355,1130.716754081267,3.0,31.005910134027165
2920,2947.135157395614,911.9183303246095,2.0,30.993435460153222
2921,3334.325895024226,3387.233103994138,3.0,30.9722825114068
2922,5349.380210614932,1047.9504864034072,3.0,30.970907851248157
2923,5931.397681471028,629.9402068903233,3.0,30.950549702823437
2924,7430.32544169556,5257.011946206528,2.0,30.930214896895233
2925,8484.42330733042,2233.359557909493,3.0,30.929142690760695
2926,2263.3589509104854,1613.420571472606,3.0,30.92361147029107
2927,6747.886058967143,5713.690536750528,2.0,30.922760358456703
2928,4939.248350542676,3162.0155652325766,2.0,30.91094703541759
2929,6581.967109185624,4004.7606348446197,2.0,30.887786583577807
2930,1142.1951441035378,2981.2526217399363,2.0,30.882872051022936
2931,7166.758305258013,3703.130113373103,2.0,30.8440145387482
2932,7551.605923340889,5467.491594799245,3.0,30.834886045117145
2933,7519.519390015234,787.5818827128584,3.0,30.81628493404795
2934,4566.706610336316,5643.674629461104,3.0,30.80850793892091
2935,4199.664239773853,3898.885243318013,3.0,30.80030891409641
2936,4058.63117679225,4620.411142567732,4.0,30.790531024984524
2937,6559.341502984828,5186.459611136197,3.0,30.778605761720716
2938,5144.495730735228,927.1465425887818,2.0,30.767137207285778
2939,7225.020649623298,4721.388024313528,3.0,30.730593875362434
2940,2773.322923964954,3169.6465189789315,3.0,30.717202283795416
2941,8965.91013546824,4634.7360627249855,2.0,30.709585485277447
2942,6585.528109691362,2893.8563390590725,2.0,30.699797401427173
2943,3039.8958131286854,6310.279958690033,2.0,30.681811141625968
2944,4082.6484474019508,3549.7536791732623,4.0,30.664452029544094
2945,1722.058387208756,3120.6977133925607,2.0,30.643903253452326
2946,4778.511284922746,625.6753509392344,3.0,30.620549880561086
2947,6623.690526899544,3787.0281032069183,3.0,30.619366713661478
2948,7370.585083650862,1658.2633878776608,2.0,30.564079896327282
2949,2305.406338302107,2338.800234060869,3.0,30.525082805856826
2950,7651.550016861861,4576.8790772411285,2.0,30.51395812436226
2951,8617.896157664652,4710.566927545207,2.0,30.495846434162303
2952,517.5699896663157,6221.5120988086255,4.0,30.483021499012438
2953,222.57056211745447,3339.5629959679613,3.0,30.47648149934695
2954,4403.011705228545,4443.802723574643,2.0,30.465670813887645
2955,3668.0935956399644,1673.7127211528086,2.0,30.464777978399145
2956,8466.475840973022,241.4956237483591,4.0,30.462025665964
2957,3531.954395592205,5819.506538006129,2.0,30.454877853380605
2958,1280.2109769225153,3028.3035619440006,3.0,30.428287094511113
2959,5362.957169139118,5472.383607480471,2.0,30.42000107908607
2960,6192.568673399879,4526.5716012994835,3.0,30.396189461616647
2961,6507.042672668031,1869.4222010385583,2.0,30.37335054118038
2962,1487.5824597121748,5718.322117337441,3.0,30.367355235276825
2963,9017.81774214941,892.1279427202871,3.0,30.349334633032264
2964,4156.670701787033,4327.494211484351,3.0,30.32281492077762
2965,1349.1608156385644,4245.7457971900185,3.0,30.320738051144918
2966,9003.751235767508,2941.3497842302527,2.0,30.3133769806459
2967,5185.923289886797,540.720012105214,2.0,30.30754281111944
2968,2038.061663269967,3035.6622261417324,2.0,30.283299755992132
2969,3653.350308228591,843.219826291749,3.0,30.23241152018559
2970,3562.7252899685573,2293.6453774441025,3.0,30.213894827037254
2971,1181.091809325337,293.5197953974752,2.0,30.1965023486392
2972,7881.324521387638,4909.768022674794,3.0,30.19553574996925
2973,2386.351549574496,4543.997475788079,2.0,30.193333047209393
2974,8882.763163692542,3164.2300514216795,2.0,30.191430412364753
2975,5308.664348038679,3212.4206205657915,3.0,30.18414481798889
2976,8249.709365638084,2485.603986089967,3.0,30.164284115256663
2977,5827.26884091367,1283.607562506695,4.0,30.161275189189745
2978,2033.0243355796326,3283.4413523092035,2.0,30.149960489082062
2979,5431.91076190973,6243.276755155423,4.0,30.14395813647645
2980,4693.980469500696,4883.7932633034425,2.0,30.122197726301913
2981,2188.790985209442,3210.304606165241,3.0,30.119214144578148
2982,8970.144451978504,2767.421143222986,2.0,30.103940704129965
2983,6396.182692826236,3064.898260570998,3.0,30.096880474418626
2984,5660.833147051887,3611.905550832891,2.0,30.06434943911824
2985,4539.306543370712,4822.20497914007,3.0,30.024119481731127
2986,4411.136471162518,410.44949424108114,3.0,30.008019841498925
2987,2372.1900433890464,1129.2498289693983,2.0,29.990830090993043
2988,3227.6467783470894,2404.783679820887,3.0,29.98912968085385
2989,6820.598686557879,3429.1935807031605,2.0,29.96807315247108
2990,3397.3549281134997,1199.2071553891756,2.0,29.965782010740423
2991,2339.9734021784575,3442.2866932560887,3.0,29.947211254657628
2992,2087.008877298723,6299.228560599267,2.0,29.944784744322195
2993,2670.0473886983573,4662.882994949321,3.0,29.926253657332538
2994,1524.8723266501147,3405.4752896888326,3.0,29.904272670085277
2995,5887.478512427789,3831.1798214476985,2.0,29.86826978724009
2996,5284.218968741804,3049.406564138128,3.0,29.854983630978825
2997,6638.3281703474595,2635.1771032045117,3.0,29.853299358477692
2998,5356.864588043206,1504.9610932192513,2.0,29.849368558404848
2999,2294.148835171577,3109.658675228074,2.0,29.847472776597584
3000,1413.4087476230366,4330.428709045186,4.0,29.818012956265687
3001,2753.3655040297353,1517.3758941095139,4.0,29.74602692595572
3002,2648.6012754427047,3203.7171778747343,3.0,29.714532576884853
3003,5575.091727079964,4877.65481231771,2.0,29.711720605782705
3004,8787.382400361761,4139.52304506501,4.0,29.704318508569052
3005,2011.7599229028556,3259.4663413090534,2.0,29.702657871017667
3006,3314.140622175887,111.50549440253063,3.0,29.700490819908698
3007,7129.849500160649,5894.166938129948,3.0,29.68847624291895
3008,3729.503643330498,2694.025688124577,2.0,29.633082291206364
3009,2696.6595185912925,6202.170117949796,3.0,29.62980092286545
3010,1528.281358648643,2269.4480755940044,3.0,29.62066978389649
3011,7499.491481657101,407.47330350240486,3.0,29.597270972620063
3012,5184.240484322254,5404.096244248102,2.0,29.573027605329713
3013,611.4129077035394,1066.9647359380274,2.0,29.56093819604893
3014,6966.317491002276,1326.7650508920938,3.0,29.54973086083296
3015,7731.3234702826285,4290.536178013927,4.0,29.544844531593
3016,2127.393602696633,1505.4950027678656,3.0,29.49206872850582
3017,1870.7854918273583,4183.555657487859,4.0,29.484461100210773
3018,3318.3855683548345,4379.8183736083365,3.0,29.481463179061834
3019,8346.35079238628,1323.3104344332455,3.0,29.478360642347962
3020,5453.912127504528,3759.7314276978177,3.0,29.46010050063111
3021,5947.569545132035,4005.2422808735278,3.0,29.424198012425883
3022,6726.033074237784,2774.534910880962,2.0,29.41047544108175
3023,8933.345878287184,3747.0375498612498,2.0,29.404147312646828
3024,8785.394803985932,6237.557153395499,3.0,29.379889593444332
3025,4055.204277678534,3593.588911159373,2.0,29.376137001477385
3026,5500.617097086598,1780.7274381514237,3.0,29.374655029567734
3027,3595.435239019978,5101.643843173789,4.0,29.3509765382807
3028,864.4908101726691,5539.909401154668,2.0,29.297300241644542
3029,2214.6777645647862,3676.940606101309,2.0,29.28951472724821
3030,5950.064307763425,4230.03210537903,2.0,29.24912798368654
3031,2628.6333335420395,3678.17664012045,2.0,29.24535266087389
3032,9092.976020110234,3491.651030799778,2.0,29.222061092749595
3033,6150.100154782067,5173.276057789727,2.0,29.183297493180213
3034,2616.5994683670965,1674.022121334432,2.0,29.13882640643025
3035,5474.8888303240965,2797.690513066508,3.0,29.133929952930167
3036,5859.543959348513,4514.21702089133,3.0,29.116827740088624
3037,2231.134663343456,605.5966502653571,4.0,29.1146244819804
3038,1991.6653116565155,6242.689838590847,3.0,29.072209072057298
3039,2721.0065033898,5510.312773720902,4.0,29.064788084335238
3040,5675.496985248352,2870.1534687757653,2.0,29.062421658517085
3041,2744.050659019475,4254.889485443605,2.0,29.028958567616012
3042,1402.8098948977283,4913.745609533535,3.0,29.026598661067563
3043,3441.2775571011607,4791.677769118783,3.0,29.02448447533391
3044,1175.078148816144,4771.264731375676,2.0,28.998557317483417
3045,1325.181863985245,1671.6042604315705,3.0,28.991704664393296
3046,633.4981208185602,4666.096227310124,2.0,28.964430160240227
3047,1202.4541625765492,6015.935204150467,2.0,28.95932070626422
3048,2134.3152263224606,651.5798706470056,3.0,28.951059685760036
3049,1327.7691344661705,2226.0179199909157,2.0,28.950934234247132
3050,5829.082403133618,5132.671197544269,3.0,28.931692298508764
3051,614.5111778204273,5385.596250571096,3.0,28.8580174051894
3052,3878.158222135432,2637.0640282697373,3.0,28.843740710859766
3053,1655.9367007668384,4615.245149130811,2.0,28.84000337067603
3054,5996.977138628887,500.81721244426814,3.0,28.821810745471225
3055,245.92704352766486,578.5039991647841,2.0,28.820021904554213
3056,1517.5183974734032,4084.974426254377,2.0,28.819906365387613
3057,8395.44964511676,133.03586589177146,2.0,28.78393329641297
3058,1893.6683191706616,4303.003052592866,3.0,28.758868730945697
3059,7843.55868570331,1054.9727376439657,2.0,28.754809582374435
3060,416.20585181322724,3043.2893676676654,3.0,28.714960246474963
3061,5866.142774795793,2974.9034233352927,2.0,28.71211417063376
3062,3735.3532466672527,4960.200412893094,3.0,28.71121595145808
3063,7157.90449689945,4157.467674152519,2.0,28.709114544163437
3064,8237.412269978868,5363.767380557378,4.0,28.703400069711797
3065,7785.661240692699,3517.3476186180546,4.0,28.693830866230048
3066,7731.30002398337,6211.571099671708,4.0,28.680726817743157
3067,2962.873131424091,2135.044754333075,2.0,28.63974271850669
3068,3238.0464019508872,4916.519711718456,2.0,28.61379850029972
3069,3991.210975959355,1333.408729701188,2.0,28.612124074173806
3070,2261.454992556668,2726.3688860700045,4.0,28.593001556312984
3071,2286.810722308365,491.3189796444303,3.0,28.592976607949392
3072,9546.412482457179,4784.072045467544,2.0,28.58394934034033
3073,7540.200987235555,1957.5220266097388,3.0,28.563437708992268
3074,281.5262783308419,4233.890570847057,3.0,28.55915893637517
3075,6532.277674244372,5023.178196583136,2.0,28.553002220811933
3076,4176.413019137671,52.8048151801077,2.0,28.50307176025991
3077,6205.421270932738,4429.8974667805005,2.0,28.482395217959958
3078,4438.028948537774,1105.4355011365685,2.0,28.464991599103353
3079,1018.7274059510856,6159.807929044862,2.0,28.415484608284522
3080,8540.610998818947,583.0613458809236,2.0,28.408097668859686
3081,7378.292327133338,4219.0635338303955,2.0,28.404352819422684
3082,6006.726388292577,2996.586577141183,3.0,28.34754593394991
3083,2532.9831596204417,3547.837638204476,2.0,28.34148336831531
3084,470.0078656886453,316.79611846942794,2.0,28.332273610747887
3085,7203.437309168698,2432.5597517824062,3.0,28.318872975607412
3086,5789.572612112535,804.0417410606509,2.0,28.307774693641292
3087,4002.075062300648,4168.047261537954,3.0,28.290189499461036
3088,5250.9117072657755,1787.5280747499069,2.0,28.27399628792439
3089,6185.019477754107,4553.594700422264,2.0,28.258641022678663
3090,7727.36360223932,4208.122613727944,2.0,28.2478600241227
3091,4070.0736529208934,3785.7544235709943,2.0,28.245371844215633
3092,7699.117341183556,53.56706968047012,2.0,28.244000496452124
3093,3679.4774013472825,5064.863064687658,3.0,28.238606989434796
3094,4176.0534183364125,2112.4198457348884,2.0,28.230121852256854
3095,6750.039608186957,5069.500959834736,2.0,28.22031416021408
3096,6621.419740140937,5602.03918603967,2.0,28.219666503524472
3097,4223.326634159717,2383.591473057157,3.0,28.195022033775217
3098,7301.723090744924,394.9898269098378,2.0,28.16460880806363
3099,1151.199326082426,5969.627089352592,2.0,28.14383167837887
3100,4206.282699423157,2765.9186322090613,3.0,28.138740428379396
3101,6162.684972714779,5266.075263683498,2.0,28.13257744515472
3102,6333.729211620274,3925.7153469254945,3.0,28.117924942136263
3103,5926.403824289846,5550.683724568656,3.0,28.104696839393064
3104,1180.6336979962148,6137.624559590872,3.0,28.083319414038787
3105,8320.263496115846,2303.144394157081,2.0,28.08046511394061
3106,6285.59675143447,2558.456346921181,3.0,28.06423715182201
3107,4628.354531495362,4675.785107963977,2.0,28.045169519750445
3108,4966.086763164529,2212.723771419489,3.0,28.03046077417707
3109,6510.230188868248,4128.059542822263,2.0,28.02604579125826
3110,9083.953384961604,5450.592621845403,2.0,28.025889728870304
3111,6801.307281236873,2892.4889301368917,3.0,28.00975048986326
3112,4025.5184808661184,4299.142512108212,2.0,27.971474085663353
3113,2482.704380859797,2193.392660960139,4.0,27.96361057973418
3114,7160.775887780519,5010.338587573529,3.0,27.941218332344437
3115,2656.2185150839014,737.215216621864,3.0,27.940431811173134
3116,5433.824692037029,4038.6182874847705,2.0,27.938809013840128
3117,8424.938984906907,1291.2685807879673,2.0,27.935007617861086
3118,6319.570372776541,2271.1123533801797,2.0,27.925259169041635
3119,1407.0442631844473,6303.620248578377,2.0,27.892986665630087
3120,4218.2132873502915,1743.772586997625,2.0,27.874238706290672
3121,6014.3594161983165,3250.5481699955785,3.0,27.85504536759719
3122,1959.4038723559393,4571.146722699187,3.0,27.85038328754093
3123,7733.659811546782,3504.1845638715045,2.0,27.847086653064235
3124,8648.934593384536,6090.1534509962285,2.0,27.84538336282554
3125,7210.886650031809,5214.928502334146,2.0,27.82840963825287
3126,509.7260925773182,1860.0136322044373,2.0,27.826537864810888
3127,7068.971422409497,4111.608044581739,2.0,27.821746915705695
3128,7459.472968363657,3901.7052893306045,3.0,27.808547187564255
3129,8232.982031621776,3103.3782459765707,2.0,27.80577685335782
3130,8868.08646905253,4481.861942946697,2.0,27.79774098584492
3131,3508.404035737805,4392.429119201053,3.0,27.7833214728787
3132,989.470467695024,4702.990633868683,2.0,27.78085053440014
3133,7143.7253403951,1281.65150851194,3.0,27.75943910939653
3134,6923.408971278446,4271.247315396836,2.0,27.744595615025684
3135,4257.535737539139,2019.2341284002116,3.0,27.743821411691023
3136,4868.386766054629,4955.117478174436,3.0,27.742828382688202
3137,1595.7412250966026,4638.732579321027,2.0,27.727437418018688
3138,687.4783012693928,1300.5540240093078,3.0,27.71689188529669
3139,5497.346041183493,3936.7863524285503,3.0,27.716145421672934
3140,3901.428022263276,3342.203110798252,3.0,27.711465348037944
3141,8657.90956928216,4328.716300436793,2.0,27.70702032667639
3142,6595.14054988743,5570.820236160038,2.0,27.69390805096333
3143,6047.058757316514,3990.4533308160508,2.0,27.687178202555554
3144,5061.128334970888,6361.87534758075,2.0,27.68220607625895
3145,3198.3468854373086,1465.0291536849186,2.0,27.678345082299305
3146,4114.850412329215,2454.3719316086745,3.0,27.652697449419833
3147,9530.259121249372,2561.369116380429,3.0,27.637755713144568
3148,6164.803074017229,313.1617642658866,2.0,27.635664406925546
3149,6153.587215412345,710.0751302053412,2.0,27.62704398148568
3150,5898.392566015879,5110.053447350201,2.0,27.610402048159916
3151,3149.668190463101,6380.734885597972,3.0,27.606384654927925
3152,627.7417284499493,1725.2912478493156,3.0,27.6053837879442
3153,3437.1347810907573,2149.3914499424286,2.0,27.600087347004262
3154,4578.390665919525,5101.121727054768,2.0,27.585028058779617
3155,5966.716594695068,5594.776184772416,2.0,27.572040070427427
3156,9198.734794327527,5057.269532661013,3.0,27.569723050919524
3157,5134.671424375483,445.90648914488844,4.0,27.567346745037266
3158,5593.776185544899,4007.4389909219367,3.0,27.561111152197586
3159,488.4586538574097,459.13363302883147,2.0,27.560970155937103
3160,5627.3634688847105,2572.9774468787664,2.0,27.55869205515256
3161,4399.03340283532,3905.4521867126305,2.0,27.54675880204554
3162,9098.195332123618,6217.527013758012,2.0,27.527860659845135
3163,688.9945209635785,6231.3594565295925,2.0,27.526208825299864
3164,6857.6204123354955,1593.907460288165,2.0,27.514756806070437
3165,2285.5393181280415,4804.083171878656,2.0,27.497757024253783
3166,5568.521284524128,6363.855422508484,2.0,27.488861050691124
3167,2828.3540721279846,5511.974497573045,4.0,27.48265264615057
3168,3372.026711826002,2203.222163458594,2.0,27.466720379938348
3169,4977.407985289695,6293.260364292011,2.0,27.466667666754745
3170,1759.4052540561472,4449.1014783214105,2.0,27.451563248686657
3171,6782.489016769202,5109.203550337308,2.0,27.443814060136344
3172,5652.466067248749,1927.393784318083,4.0,27.438496381036206
3173,1116.2035201364204,1655.7321194099632,3.0,27.430664408227504
3174,706.055873483424,5842.707257385589,2.0,27.430468017323633
3175,2918.4209471066324,6319.019947959032,2.0,27.429671614114845
3176,5171.4082098640765,975.288404822189,3.0,27.41313378254223
3177,5025.002666313959,1447.7422605518516,2.0,27.41251381540907
3178,4673.303572775136,2752.34132783604,3.0,27.396339286804977
3179,9154.697354855489,1591.64457677011,4.0,27.394800195871724
3180,6949.364301014216,5695.512105535995,3.0,27.39160350574723
3181,8649.342188893279,597.520648353152,4.0,27.38670413298018
3182,1811.3153933474036,4724.535688647407,3.0,27.36092405955844
3183,6181.783120926796,3057.806880623598,2.0,27.350274453502372
3184,5365.164886280435,5636.744555959188,2.0,27.337259916087195
3185,7107.606177198604,5749.031461351036,2.0,27.33668299297885
3186,7265.314562779716,3619.511317493772,4.0,27.32408630431341
3187,4877.666158110587,5951.569966524018,4.0,27.316520599299526
3188,7427.391465532821,1573.3860538075505,4.0,27.307621312836567
3189,1446.3554661231774,1397.2750906834524,3.0,27.290210978980106
3190,2735.019368000413,3714.2196955827517,3.0,27.283699838048726
3191,4049.486563871038,4693.03586751019,2.0,27.280110635664116
3192,7638.9344744333775,5683.699814478142,2.0,27.26802868046561
3193,2422.065651907802,4593.570553824666,2.0,27.255361252369447
3194,3678.6446675687744,6280.270477354352,3.0,27.231180396026055
3195,7430.442713403546,2864.020068950857,2.0,27.227096937071906
3196,3185.00640954135,2930.3951151050733,2.0,27.220624720632493
3197,6021.4974479413295,2542.124216326345,2.0,27.170334829377097
3198,6634.991174341146,4275.5001352461795,2.0,27.168982480634565
3199,8454.410806832135,2214.3355149601566,4.0,27.164362920275188
3200,7586.5729111906,5859.537463367841,4.0,27.162009579735347
3201,514.3010907962025,3461.6052053975473,3.0,27.157772143528277
3202,192.27718842273575,2369.1575016216434,2.0,27.154584346379185
3203,5791.831215207903,3510.0704347205774,2.0,27.14210489349747
3204,5755.8765373344595,4971.138754691139,2.0,27.135664673457114
3205,2038.6242042196418,3364.149671503383,2.0,27.13548978438407
3206,3885.5199293025175,1921.1745096378363,2.0,27.125574753417144
3207,66.3162543797466,595.5142178189017,3.0,27.11804068395145
3208,8119.318103887754,1031.1909155405872,3.0,27.11058646309391
3209,7947.240947225475,4985.461217258584,3.0,27.110214514914933
3210,3275.1443291489195,1798.6607270757181,2.0,27.09704230251592
3211,4073.0903495627704,4029.614355766931,2.0,27.0938232580524
3212,7236.225177737515,5029.4024236874175,3.0,27.089596228512846
3213,3646.6601192797007,6361.887591403559,2.0,27.084515355257953
3214,8114.950945777417,3659.5917898584307,2.0,27.076438186985083
3215,6179.30633019943,1818.7532773293076,3.0,27.04382559768028
3216,3849.9335528924903,3718.1113407899343,2.0,27.043038114692354
3217,8688.837836031673,2949.6456343403165,2.0,27.041667589318696
3218,6427.519063291627,5480.860818899466,2.0,27.02016367530351
3219,8096.0919467399835,2437.662403803813,2.0,27.0139595331713
3220,9543.219961527566,47.72520881416574,3.0,26.985337086038587
3221,204.345346994909,4349.182146048363,3.0,26.98263862480358
3222,2203.456144385556,56.19048915312182,2.0,26.94961009636897
3223,1610.590673286507,3455.867774637383,4.0,26.94419898594378
3224,6023.253826720234,5070.843365831192,3.0,26.940367936558328
3225,2216.275470190426,2619.3150945382067,3.0,26.928489501143513
3226,2954.1303589118584,1195.9004468931623,3.0,26.905672549755398
3227,5385.377628066492,2326.933295795069,2.0,26.905541517086473
3228,6271.227933517391,1130.9563910137185,2.0,26.89354443598547
3229,5027.295405704433,2741.3606453832767,3.0,26.88513962884052
3230,8122.04714275785,6163.495675270083,2.0,26.866807737831515
3231,2378.036740088505,5060.466708341659,3.0,26.860608409681742
3232,6172.5147021975845,4265.013606939226,2.0,26.859421208548714
3233,8606.14563889724,5060.596226217063,2.0,26.851597394208735
3234,8985.454036836058,1273.7810678218032,3.0,26.8356794248636
3235,8135.8552061077735,5313.854811835002,2.0,26.83241302734749
3236,5728.366004726643,1527.6098713742247,3.0,26.82202082987612
3237,8524.075971331691,5861.318148945308,2.0,26.811204542317228
3238,3136.1825251581545,4275.212476957786,2.0,26.810019142716563
3239,3074.3836615516766,2900.773602865753,3.0,26.806910153827463
3240,559.2320760744558,4066.9969184443976,2.0,26.805618709375256
3241,4333.074113915682,4361.810517865451,2.0,26.804827395105207
3242,2690.562938401127,4817.271258295726,2.0,26.798539865253147
3243,7329.703507368659,1277.3378185130343,3.0,26.743472704546697
3244,4816.451295315075,3964.4971528496235,4.0,26.74034282486596
3245,7324.081294809268,4755.615087337962,2.0,26.719457738433977
3246,8714.289892426537,4319.388833749412,3.0,26.704852136390112
3247,8426.588256577264,5294.746887328779,3.0,26.703204762132753
3248,4699.7534216234435,5732.477793597961,4.0,26.696999702526455
3249,7843.465894330882,2034.1403247970202,2.0,26.69023484823115
3250,1662.0251878491054,4107.568359683925,2.0,26.674326522778667
3251,4244.7121306974805,5441.246238824108,3.0,26.665677535469637
3252,5409.15452005401,1934.905650259295,2.0,26.66276891762162
3253,5542.568510349273,2935.870827234758,2.0,26.662197753360427
3254,6359.217662680667,3035.34307397454,2.0,26.657272673965835
3255,8571.354422406259,2577.0053439789626,2.0,26.655184715280622
3256,2775.1648716735863,2778.5371320171794,2.0,26.63165981471442
3257,2582.333279270317,1931.3366131841476,3.0,26.628795893163808
3258,6269.226501334805,2268.4450249266274,3.0,26.627022421453145
3259,334.96315486963755,3973.527737372048,2.0,26.619756337782263
3260,6886.505487839418,3872.3019022404956,3.0,26.616968158721825
3261,6863.375251684221,819.6753947981617,3.0,26.60426273580982
3262,1103.2907036229728,1675.606491605424,3.0,26.593132964524692
3263,8004.14332910297,6013.3230149032,3.0,26.589583888365198
3264,4156.573742977865,4231.516127414261,3.0,26.585930264203395
3265,8001.632202765447,5463.198167885575,2.0,26.58415821433588
3266,5604.333359121497,2165.269893172852,3.0,26.58026199269154
3267,3526.1678255678316,4727.405949454308,3.0,26.575156229045756
3268,3315.368987713623,4521.056913522697,2.0,26.55008314835654
3269,562.6073348090201,2433.663192673377,3.0,26.54717245822153
3270,4198.250434828015,5215.652108323511,3.0,26.54619303680657
3271,5900.496351413109,3728.4663917118505,3.0,26.532651020610814
3272,7758.68568972845,579.6737626336313,3.0,26.532567102892592
3273,5447.950391631911,4615.483815071996,2.0,26.529168294903748
3274,5761.245480681989,1128.9761741899185,2.0,26.512460156722522
3275,1629.4081460002049,3861.089988772307,2.0,26.500067865172404
3276,5887.438754142677,2235.3053357864296,3.0,26.498866755838012
3277,4250.272475792157,1769.2873442838552,3.0,26.4955970273523
3278,6686.381393302278,661.9596673952511,2.0,26.47356600999509
3279,1636.4306870266028,5737.058509218194,2.0,26.457124663681014
3280,3971.7730259447776,1914.3901159752459,2.0,26.442603593585932
3281,3827.137757221356,1169.4220813418704,2.0,26.44170133866215
3282,1878.0649848164874,4013.6640634043088,2.0,26.438481671218398
3283,1227.0928171494968,3457.6759429836275,2.0,26.43215334691579
3284,4233.986855207845,4023.6011898840825,2.0,26.4310334198718
3285,9051.941991096444,4505.713606117657,2.0,26.424422279629024
3286,8259.000231760696,1185.2536683121655,2.0,26.420251444607302
3287,6708.227732742046,3376.8701587698115,2.0,26.418037695626452
3288,2933.710003893507,265.86322370440047,3.0,26.41220447119289
3289,6278.210301970801,4281.104201869275,2.0,26.404533365848053
3290,6883.01973361477,3522.5430490831045,2.0,26.403806124099535
3291,4510.012277845638,4733.164782304638,2.0,26.403534264580685
3292,1793.3585700694855,6369.392426902917,3.0,26.389305891785416
3293,739.5029560108687,3583.091219983922,2.0,26.38403288533351
3294,7427.060795374317,5460.777259511024,3.0,26.38379172974626
3295,7978.342794006411,2119.6702532429795,3.0,26.377868990402423
3296,3693.2523289293504,2047.4797498481712,2.0,26.376789998840096
3297,3146.9519396504515,4671.469397565083,2.0,26.36362281358023
3298,4754.329168892542,5403.415220576361,3.0,26.36037570893381
3299,3943.328208901097,3063.023985109292,2.0,26.35607383896276
3300,772.2775605308187,5111.550816679465,3.0,26.335527194132382
3301,69.5721393491195,6008.045313364213,2.0,26.332583356685433
3302,6988.443871411798,1869.5749380400562,3.0,26.323040116973967
3303,3024.570134449325,1841.3862253717252,3.0,26.30672078589227
3304,3779.4075563331558,3761.2869970454262,2.0,26.296764265950518
3305,9185.145946823957,2691.6347676994205,2.0,26.29307965847159
3306,3549.9983626414937,1503.8720209806447,2.0,26.28989498283691
3307,4520.051325822958,2347.3995649990675,2.0,26.286377656360305
3308,1078.3019007151306,5433.139886602187,2.0,26.27149344040223
3309,2292.5893548633635,3005.4446549081536,3.0,26.251428435409707
3310,6172.063025000014,5103.409811990517,2.0,26.248255018873632
3311,2380.1642420094904,4547.492214783139,2.0,26.242309319835396
3312,8123.883900493003,2154.2890510670395,4.0,26.23837263764937
3313,3173.4629357139565,4877.652563485253,3.0,26.23426211197459
3314,8686.922459625364,2703.4910377154747,2.0,26.227384648113276
3315,5143.673632347601,2309.165548411954,2.0,26.22666209495871
3316,3779.397329710072,4695.9168549639235,2.0,26.203708191021395
3317,3149.474733500715,629.7405788493371,3.0,26.189182692760564
3318,7637.687580726879,6219.522460753445,3.0,26.181192276686218
3319,1097.331494491899,682.0461660204758,4.0,26.164232098123026
3320,8939.406788661536,1733.7951145134184,3.0,26.16010487566011
3321,7121.507988759751,3494.108657210386,2.0,26.159015648141033
3322,6015.787449760352,2999.4004751718253,3.0,26.144396015689466
3323,8846.852960028542,4377.480171922193,3.0,26.14103888738956
3324,5342.95899321651,5497.387161711267,2.0,26.113080501770064
3325,3822.6178624075987,6363.479308822396,3.0,26.107867434762706
3326,1076.2877900518833,6057.863759547623,2.0,26.09400023618269
3327,341.24330989886386,1331.493844960126,3.0,26.047703519958187
3328,4250.405656271522,5405.214033762246,3.0,26.039948508629127
3329,5301.579315915613,2170.012423755375,3.0,26.01270203807992
3330,7868.628804011705,5197.166637044072,3.0,25.99996733833682
3331,3105.3060408453593,6221.219228425125,3.0,25.99125307187351
3332,3994.4228439035023,1372.8693880969754,3.0,25.990018881051398
3333,110.14949967877473,5599.66609840027,2.0,25.985183563836642
3334,1304.2915449721188,5870.142383027586,2.0,25.96939389412058
3335,7295.002640258696,6088.652660494366,2.0,25.966824650834226
3336,3232.239301302886,2815.6248718956153,3.0,25.966401457472138
3337,5347.013660297469,1259.2869954146508,2.0,25.940648110923288
3338,7874.429439980251,103.59534167669023,3.0,25.935723661713133
3339,7047.410340904317,3286.9407336133795,2.0,25.923179837299315
3340,6708.3293012242675,4005.58586251348,4.0,25.919447144109952
3341,6311.564487092467,1122.9972227596913,2.0,25.918510373030294
3342,3677.7842285966826,5529.904435427054,2.0,25.915497801762278
3343,5314.349849764239,5779.606635133354,3.0,25.914414435511045
3344,9034.820670381812,559.9688699082103,2.0,25.912178872075778
3345,4387.408338142851,2179.2564678732806,3.0,25.911865306941746
3346,6721.28613298957,3711.1448214577194,2.0,25.90413677932177
3347,6498.165946721501,3577.1567152900147,2.0,25.890766991226506
3348,4334.5137829962505,2506.0158800425256,2.0,25.8850407263297
3349,3049.71254998494,4673.401280836825,3.0,25.884193495310658
3350,7670.039820315626,3744.573133697188,2.0,25.882682022785637
3351,1662.3258448106046,4871.384836489484,3.0,25.857198587734626
3352,3083.424010147481,1635.1133845318802,2.0,25.837987083365444
3353,5847.462552972676,3256.1547776715447,2.0,25.837487687629277
3354,2171.473492733303,2160.929362361163,2.0,25.83735260235646
3355,8647.290147415259,3222.0444637145188,2.0,25.814097922296337
3356,1342.3596376379508,2658.0368216025904,2.0,25.81068534702955
3357,9139.235052098984,1291.74668527237,3.0,25.778355037230675
3358,6969.277819798522,4977.71974460418,3.0,25.756573589074964
3359,4379.291926211718,2147.786074824493,2.0,25.748506248077433
3360,3679.2858491429665,4091.8743422991415,3.0,25.733670678395715
3361,6033.910586036801,3489.3468197865063,2.0,25.721622794856692
3362,3505.574189051995,4591.200672577905,2.0,25.717588582056187
3363,5581.608384694205,6373.009752671799,2.0,25.71597708674818
3364,7000.103771986804,5515.705591402137,2.0,25.708678631569878
3365,4000.4869229116166,3695.3778660600565,3.0,25.70221323260478
3366,4690.318536484068,243.52978508457372,3.0,25.66094236409715
3367,9532.330830124183,865.2898265593576,3.0,25.64513576061862
3368,9499.04229588769,793.5760645610374,2.0,25.634037442014826
3369,6772.065240104118,2183.2613800700874,2.0,25.63145106471968
3370,8587.164664531656,489.72711700223726,2.0,25.623344374974153
3371,3660.09340355042,5669.53395700261,2.0,25.602678314667926
3372,331.70569593293965,1658.6960900737238,4.0,25.58443736316703
3373,5374.952658043827,135.38474328609024,2.0,25.567816678271868
3374,3318.513246238164,1039.5022351880161,4.0,25.554929470803394
3375,2548.428637357672,2199.839153063261,2.0,25.554696061679017
3376,7008.760955877155,2930.1637835132183,2.0,25.549123914736814
3377,4995.298204882615,5529.43939734134,3.0,25.544126211998048
3378,5052.0186671340525,5947.412320310401,2.0,25.536362070305977
3379,6675.412886141358,6238.366156030284,3.0,25.525404038720776
3380,3576.0936251957537,263.5259444183983,2.0,25.52044124430582
3381,232.0793782190461,5140.606055647452,2.0,25.51856055413878
3382,5860.164775774868,3223.061135821821,3.0,25.50434759945429
3383,6356.315271946128,1337.7416281973256,3.0,25.490727244728614
3384,1615.2642753849689,2335.567693730905,2.0,25.489802526791703
3385,7930.115687589641,2923.3054947283044,2.0,25.476729435379692
3386,3924.640219262607,2703.721672536629,3.0,25.476352098743202
3387,9050.480690457873,4625.012713298834,2.0,25.474811934943883
3388,4155.370435788774,1963.6955721754248,3.0,25.45063674788228
3389,6441.5340750749765,2071.5348902498126,4.0,25.44147479607353
3390,1496.4445537887225,1219.3249133242148,3.0,25.439196161225535
3391,8154.0330641448845,1079.5192342897105,2.0,25.437904625505713
3392,4615.030608474962,4002.84441771256,2.0,25.435563952068332
3393,5622.962788050019,1910.3114026815656,2.0,25.42883486833178
3394,9381.549569018367,1628.9493988188065,2.0,25.426693842207452
3395,8703.058601943147,1785.361579188696,2.0,25.42427654146647
3396,1143.4702660980338,319.47106240569104,4.0,25.419517091856118
3397,8865.336478303907,5443.0120093420155,2.0,25.417028468889793
3398,3524.016362191567,5049.522479044209,2.0,25.414287566094718
3399,8127.013866517495,4239.4722718900275,2.0,25.40740402314012
3400,2944.051216562787,5680.461625644769,2.0,25.406163282281977
3401,8910.636410584182,4675.345529585414,3.0,25.402112108321724
3402,9407.225432233865,2059.0778782839266,2.0,25.400201277599884
3403,8750.365732582051,3555.0714842487173,2.0,25.396329200787164
3404,4140.273986963894,2399.3663373675045,3.0,25.338763340686448
3405,887.52295292142,4756.859461175008,2.0,25.338692000755604
3406,667.2255294906716,1325.198178823866,3.0,25.33623605457197
3407,5004.2997383381535,1421.3948163190873,3.0,25.32014475924208
3408,4311.338455206029,2313.839001088607,4.0,25.314116731508477
3409,7403.940793693335,1305.7498530248997,2.0,25.31229955759129
3410,7839.601368303544,1346.9155690163018,2.0,25.29349697409826
3411,7115.740421777965,2761.941436022881,3.0,25.276031253975688
3412,9106.361872337671,1683.3567138725882,3.0,25.270852815519326
3413,6994.262141958284,1783.297358644428,3.0,25.265534212472247
3414,2830.5091372172687,2981.641211397808,3.0,25.25452222529557
3415,3725.037636315031,5044.59052342993,2.0,25.253683713237663
3416,3512.931175726715,2340.0884123748633,4.0,25.24776709191754
3417,5105.295865892421,5035.221178913724,2.0,25.247699476516594
3418,233.13853569046375,3275.3697208504523,2.0,25.235314187338442
3419,8222.932797233603,3111.3979893502587,2.0,25.225698105060196
3420,5610.175331224902,5767.642041298641,3.0,25.223284575451054
3421,5675.372190406859,4691.349954232217,3.0,25.20483888317793
3422,952.4289673955205,4187.227435439398,4.0,25.199717221506976
3423,220.16140764570116,3213.751334692202,2.0,25.193554190154437
3424,8219.042604500843,3436.4020566771587,2.0,25.183773651361843
3425,3144.2121813650388,464.0144397608094,2.0,25.179796769473956
3426,518.3511841832434,903.4871017054805,3.0,25.177216122846612
3427,4973.14481583429,5693.658429132155,3.0,25.175521886130067
3428,1908.2010659161385,1298.9564313931312,2.0,25.166973919387807
3429,7449.29482499121,1957.537329731939,3.0,25.165398283339382
3430,5498.954961649114,1941.9705883748688,3.0,25.16529360622814
3431,1714.1063549094436,1793.8096639133244,3.0,25.164425190825792
3432,8208.618039353067,2107.6489042872963,3.0,25.160635710031695
3433,7386.440850961791,586.9038746226037,2.0,25.155614160542854
3434,1540.1040305140816,821.2874675094001,2.0,25.15460678574428
3435,2450.358429283143,4724.968382979776,2.0,25.15335090887381
3436,1672.1803491048433,183.14460624922017,2.0,25.135272294835072
3437,2215.1993083443576,3985.1334335997763,2.0,25.129278551208493
3438,5195.978959435258,1292.4208719679268,2.0,25.09444245779736
3439,5176.336999378035,4621.8674679885235,2.0,25.092390621440387
3440,5897.936381337629,829.792973555413,2.0,25.088529829495307
3441,4851.722759733308,4294.463020899657,3.0,25.0774524197136
3442,3254.7600842674015,2033.3415860664197,3.0,25.075133207695664
3443,4533.267282652134,1186.5788799835545,3.0,25.071658002518213
3444,7485.221126877967,3411.585340270606,3.0,25.066018840400343
3445,5890.943375718863,3441.6457487457574,3.0,25.06438683228535
3446,6191.973401818964,5291.296830027676,2.0,25.058354782820565
3447,9441.12656307188,49.64240506063964,3.0,25.05053552770144
3448,7505.559542595278,6281.467701136196,3.0,25.037555303713162
3449,9110.409077003584,1341.7197442223808,3.0,25.036036926997724
3450,3984.658514622436,2963.0944329970484,2.0,25.025917213947253
3451,4113.031302958306,3857.392432973953,2.0,25.013789676067642
3452,7795.258114986543,5659.535321207223,3.0,25.011278195714688
3453,5969.3676114063455,2797.88028513684,2.0,25.011047317361353
3454,6233.086798577509,4981.4414902333565,2.0,24.98849528590563
3455,885.9236941071576,5987.230222694813,2.0,24.979299123040192
3456,4716.54951972137,5195.608355301902,3.0,24.962268422002264
3457,2042.6170300089639,1329.4816993325599,3.0,24.952290677273762
3458,6778.716075342893,259.8578626991844,2.0,24.949730606107174
3459,4371.913236217468,2017.253760360689,2.0,24.936306156747712
3460,3427.674164854295,1101.1201306888508,3.0,24.93368225669269
3461,5508.087399988862,4161.253765747081,2.0,24.932796011383406
3462,8951.328417758614,1949.8303068918585,3.0,24.93236699268135
3463,8480.735100320799,5640.634501031267,3.0,24.930699861684623
3464,8525.264612732226,897.7168004344896,3.0,24.90727575871672
3465,3207.956136964028,3785.1842063042054,2.0,24.874879209758976
3466,4092.407424603265,4598.871241248895,2.0,24.871975130223326
3467,907.5651026164572,6004.350398184284,3.0,24.860076884039852
3468,864.2790963733235,5607.2885469094645,3.0,24.84448391992266
3469,6187.271633591467,1077.4258162968579,3.0,24.84183183228167
3470,3011.3835225087555,384.9735759917049,2.0,24.838323960397233
3471,2099.4080652002312,1247.444627797275,3.0,24.821692897064725
3472,9049.219675483686,823.0086388390647,2.0,24.803611393756572
3473,5444.120192743514,349.36646669594205,2.0,24.794047484400597
3474,2769.11972882118,6097.449015088989,2.0,24.768474151039783
3475,5696.109437823767,3917.34154590147,2.0,24.76464349434054
3476,4202.557319833244,5220.55785699056,3.0,24.753759383046845
3477,8058.425343363018,3064.973919539019,2.0,24.74227490429387
3478,2719.345025199351,3852.5977079506742,3.0,24.739389763490717
3479,4443.7083182524575,2445.0668907699514,2.0,24.73187876948288
3480,8233.353473899748,3781.142491368598,2.0,24.730282086339237
3481,3116.1047020367123,4811.655641106497,2.0,24.722847614384687
3482,1179.311894262231,903.2670125496196,3.0,24.7098417493888
3483,6451.858027490046,3818.1967695074254,2.0,24.708515410755524
3484,5314.126900854345,4489.498501155624,3.0,24.705220502070294
3485,8166.253430563232,813.3308501678425,2.0,24.70477202784512
3486,7431.727022772986,2495.390081523664,3.0,24.7001113394988
3487,6995.431905485792,2933.088481539102,2.0,24.69988350631162
3488,8697.006343936628,4439.338023010036,2.0,24.686478539605574
3489,1105.342815765258,2241.6217505938207,3.0,24.68298341496743
3490,494.9026841509906,1556.1581453924568,2.0,24.68060564010182
3491,8235.611325125548,2891.091563975866,2.0,24.672029114586817
3492,9304.426229024197,716.0314950212277,2.0,24.669591801797452
3493,7303.314613512027,4575.241803333452,3.0,24.664179708582072
3494,3085.21164801547,651.5275079249433,2.0,24.63861404377181
3495,6043.389807908072,5336.200521376824,3.0,24.638537357474025
3496,6565.150673413516,3106.4830957335284,2.0,24.638402620402644
3497,1834.41047155143,4741.054032722174,2.0,24.62669025403866
3498,9229.664182450402,2156.722364944239,3.0,24.62531773544765
3499,3098.2796928846856,4533.440183048064,3.0,24.620091992732696
3500,2870.288329246335,1306.0243126608887,2.0,24.61888303161778
3501,8759.026198058342,4887.383535757365,2.0,24.616827641568634
3502,4192.59208756,6038.4483315803345,3.0,24.59635930560789
3503,544.1628713541954,1313.6540153498518,3.0,24.57194812659244
3504,8074.315241038021,3923.044465750663,2.0,24.5607936710337
3505,7995.556648748348,2726.0191175694717,2.0,24.555278801886466
3506,4618.5716995638795,4904.033548408636,2.0,24.54737741624054
3507,1179.1324396918371,281.5306501521669,2.0,24.542710633928877
3508,4612.85709830017,35.63890676125984,2.0,24.534580267392602
3509,8646.365901506504,5959.033746297598,2.0,24.52727223302928
3510,3535.26488677345,1941.9101219316226,2.0,24.525441768062212
3511,5506.956801812542,1205.023998659653,2.0,24.521866723933307
3512,846.6776353419285,759.0976193210004,2.0,24.507566527561856
3513,2454.3526999319442,5164.297998279038,3.0,24.50689285251606
3514,2581.4474541017266,733.2566045211836,3.0,24.50373668249783
3515,2083.2868097410333,4885.013592475833,2.0,24.50343778750668
3516,7245.567975175632,4021.0079088274115,2.0,24.49610347157625
3517,7649.554058630646,5011.544934492078,3.0,24.4911586892241
3518,5749.169011398272,4979.488992246401,3.0,24.489379759782807
3519,6582.307058696835,4920.967168287028,2.0,24.487562294316703
3520,8331.664121817612,889.3236988739739,2.0,24.473841220288598
3521,3835.6182915586687,5173.112600037432,2.0,24.47104100128995
3522,6630.112987062619,42.19797066858923,2.0,24.457920612563523
3523,1386.6780682716746,2666.8046914076244,2.0,24.457563910262508
3524,1472.2254659931953,4303.330427012188,3.0,24.45402896681232
3525,7805.707819344603,3457.8078109200496,3.0,24.44719858855489
3526,4358.335515446915,1863.319323489429,3.0,24.440679638394936
3527,6471.549873641238,3173.0395587577577,2.0,24.431309714275528
3528,5691.94028701341,2212.1933161198976,3.0,24.407909280094348
3529,9074.107099514511,2969.204391684548,2.0,24.396637603627955
3530,4003.7893188626444,4790.350772927461,2.0,24.3937296764979
3531,3693.52897973536,3425.022716186636,2.0,24.387416764755795
3532,5333.865647214006,383.20374029629966,2.0,24.381325523014564
3533,9416.112035181177,5443.438192672162,2.0,24.371786631349785
3534,1471.6129586536117,3695.590326485383,3.0,24.371346605968892
3535,7085.351164957309,5295.306871707769,3.0,24.36780465066644
3536,3674.4497385078794,1724.9594323402985,2.0,24.35699120421776
3537,8866.182959452019,2845.698933500451,3.0,24.337501427851524
3538,3396.7954618783892,4771.890614372546,2.0,24.329971147144718
3539,413.1295491546095,4629.420386530402,2.0,24.323434315263597
3540,1080.2784403654514,5661.41875249398,3.0,24.31574720126268
3541,1908.0465578041665,6271.9073494622735,2.0,24.30702064387038
3542,9395.5778920615,3371.4458384766294,3.0,24.30653281090228
3543,2011.5975522361146,3893.7148099011993,3.0,24.3059908927003
3544,4643.357259830192,1039.3211593405356,3.0,24.302632693156948
3545,4120.103806554039,4599.2074842125385,2.0,24.296965451527594
3546,9459.94059891382,5975.151362970877,2.0,24.296030899533203
3547,7758.221770513386,3695.54215723344,2.0,24.285529776621388
3548,4933.427315000405,4044.4226184732065,4.0,24.283365196464366
3549,1244.1228823841097,3327.1505224856232,2.0,24.281017547713063
3550,4536.682999953797,1672.845994229749,2.0,24.267777429715327
3551,4774.809312938722,6193.661498722119,3.0,24.266719754298023
3552,7295.466272270403,5339.682525502804,3.0,24.24308433011127
3553,7597.061815056812,4427.580990470747,2.0,24.22266599056328
3554,8415.024462684587,1831.653766328646,2.0,24.220250071954695
3555,5840.468622342372,2305.416431483415,3.0,24.218739500536493
3556,2288.109588352171,5541.565242613436,2.0,24.199707368647893
3557,414.3593627881663,2091.6101532020384,3.0,24.1962865865278
3558,7097.489046112645,954.5716237106487,3.0,24.182513450901588
3559,4332.738368041028,3831.4182202698867,2.0,24.16873372011119
3560,8349.047296373681,6219.310708787892,2.0,24.160596181401115
3561,1224.3574464890662,987.2970841495353,2.0,24.155879750519485
3562,100.64422980114557,6007.112153336265,3.0,24.146935890043757
3563,8421.481265850869,347.03669306791863,2.0,24.14203290623887
3564,643.118914343262,5935.4029520919785,2.0,24.138616253085818
3565,61.227102226563325,2869.6478176786127,3.0,24.138530415950274
3566,8261.646630918982,4015.7664132488844,3.0,24.127633285068338
3567,3039.3194413775286,762.0,2.0,24.11695240345806
3568,5507.306477971883,5497.644252994914,3.0,24.105432043114636
3569,3642.816254186204,4437.565886115274,3.0,24.099698077263376
3570,1497.342231460535,1265.4631709072141,3.0,24.09855508927454
3571,1441.5632522235207,2107.089221537219,2.0,24.09514437993113
3572,5419.408132654691,3559.553427718748,3.0,24.085458771766707
3573,8800.99776292275,2587.7225553836265,2.0,24.084679062417
3574,6642.0,3665.60241406805,2.0,24.07404457649513
3575,2730.007648500748,1791.4208259055777,2.0,24.07045564092627
3576,4728.165463050021,5560.065558124794,2.0,24.065926356747063
3577,6508.144507163883,1299.441305860089,2.0,24.065201645003015
3578,748.8026069972457,4101.361549849868,3.0,24.063356622878835
3579,3424.05539493992,4743.216360463725,2.0,24.060410473256894
3580,4332.505388146399,194.96867481105508,2.0,24.060105699939804
3581,1908.480946047528,3059.409725066494,3.0,24.03554685090802
3582,2747.1018938214906,2842.581266038231,3.0,24.031420388955176
3583,1744.3833998259236,1757.0065797715404,3.0,24.02518584882817
3584,4814.40271333235,1921.3442530192738,3.0,24.0240690317627
3585,2802.495991795758,1799.4848502536638,3.0,24.013224158004885
3586,5142.337710573982,3255.433028561626,3.0,24.009447993102214
3587,4530.021132705173,791.5926074011843,3.0,24.00682456632597
3588,4084.506757747634,6185.01266828624,2.0,24.001472308836192
3589,7787.683518739812,1070.0926975762052,2.0,24.001036868376247
3590,5517.326447704486,981.942895671978,2.0,23.998774513436924
3591,5426.3635730044325,1664.5517563941391,3.0,23.996878468863454
3592,2379.2699138080557,5631.256864900877,3.0,23.995621380242156
3593,7481.244146425701,3115.8576324700807,2.0,23.993496050184937
3594,5242.345254171928,3766.1076889492615,2.0,23.992574348086535
3595,3328.504602519059,4199.201154148433,3.0,23.989160959024325
3596,4205.111143207947,5939.197060947144,2.0,23.980465144754632
3597,5947.063053469659,5996.3997053771545,2.0,23.978611974667537
3598,7093.0026124744645,3595.457275681929,2.0,23.971194662242446
3599,8225.055956317545,4900.951737438395,3.0,23.967907771572296
3600,1946.0917091392214,6249.194869477985,2.0,23.956353191388033
3601,5523.660514324135,4071.210541204217,3.0,23.94937818886246
3602,7482.8840372188515,5031.289281983793,3.0,23.948698534956698
3603,8400.511747616221,3850.8046624937037,2.0,23.93498112016098
3604,8948.299479104617,2651.520735690873,3.0,23.92896164798394
3605,8122.868727247333,4450.994276286118,2.0,23.928336284572016
3606,7615.28307046487,525.4390359700384,3.0,23.92709802309407
3607,4889.16578795163,3821.477758700755,3.0,23.924766007551494
3608,9367.964898670592,135.28242257111253,2.0,23.906393091975424
3609,9199.447903779599,559.9522607458651,2.0,23.902437520549867
3610,8726.341328512244,3719.9622185284575,2.0,23.900103386726887
3611,8658.091051637242,4955.568751947961,2.0,23.876124297208882
3612,1890.5295215871663,1278.8976759795314,2.0,23.873331489310104
3613,6624.042366113656,3235.3607799591273,2.0,23.86823397512198
3614,1733.5717047991664,4699.9531146763375,2.0,23.86171623907851
3615,768.4601537435286,695.7799738060569,2.0,23.860402260672462
3616,5615.223955997008,1965.2601575072676,2.0,23.850914792397116
3617,961.2311210694837,3781.4273729826114,3.0,23.84788316515055
3618,6474.397565266093,4753.420594509464,3.0,23.846890525340697
3619,9020.350362016172,393.55275217446,3.0,23.846386515173695
3620,4646.088725293434,3537.536208808385,2.0,23.84581615729212
3621,8673.336906407181,3541.4461639606816,3.0,23.820702752969872
3622,8659.769385265692,263.6020287224692,3.0,23.808825516461212
3623,4484.432732423893,2901.1772269473777,2.0,23.807894241442153
3624,7964.612185713268,3200.8869821635803,2.0,23.80521329049054
3625,4756.827288633242,2267.9266275033983,2.0,23.79777395033866
3626,4739.397368393978,3889.0123759149656,2.0,23.797150246247345
3627,6738.535725593309,1166.9941814422268,2.0,23.794937532403033
3628,9349.031071854626,3053.0274112499897,2.0,23.79472713773726
3629,8157.994116066263,1732.0357363297692,2.0,23.78447276977776
3630,7229.740092639099,129.3567782215562,2.0,23.776575826141347
3631,137.50865542452127,487.7903163553953,2.0,23.771017938866432
3632,1322.4689878325082,3777.994210604179,2.0,23.766893098037116
3633,3335.6221800391436,4697.449292541421,4.0,23.766373901904256
3634,3596.1958423911724,3097.6594036758647,3.0,23.75879066328362
3635,5644.382425544294,597.0623196317031,2.0,23.75380392698148
3636,4100.03896597369,1965.650608649093,2.0,23.75170975680128
3637,9548.575538209747,4276.947322381823,2.0,23.74889900979564
3638,7281.277972335542,4493.561953988083,3.0,23.736714495794427
3639,969.435434428991,3139.1859892823218,2.0,23.73410377088657
3640,1560.085848861688,2117.5206235128835,2.0,23.73278784191299
3641,6405.328954857707,517.2632853636957,3.0,23.730415205634294
3642,9501.264167719142,4165.411289241194,3.0,23.72913026537294
3643,7758.078920344008,5643.662316738658,2.0,23.726691180480188
3644,8063.018346457947,279.1791226200324,3.0,23.7258481700671
3645,4047.5842002907575,4639.333383553971,3.0,23.71652210129029
3646,5921.368315909953,3247.817196873387,3.0,23.69937207408111
3647,166.2214972604148,5043.0470976124025,2.0,23.69909507202411
3648,6755.717933241974,715.3472008140641,3.0,23.697825504988934
3649,3929.6044376164277,1771.9896650493422,2.0,23.69046255500716
3650,7004.96549138839,3443.544061258172,2.0,23.688928908397973
3651,5277.485782049447,3339.4050135256125,3.0,23.688172381656326
3652,1033.2334619113901,2517.0186089090844,2.0,23.683986180594946
3653,1123.4198965671267,2556.0182824674594,2.0,23.670915610980444
3654,6463.39024964835,1817.9608461044993,2.0,23.6695462748541
3655,2753.0196494795196,5833.538572095,2.0,23.66753062643844
3656,916.2953258843387,3781.35730362071,3.0,23.666803707061018
3657,5564.547434613716,5712.901509836119,3.0,23.666279702445
3658,439.2438431608093,2213.4720639959296,3.0,23.663852752004907
3659,5523.4941708153965,2966.8928284755907,2.0,23.663714754149677
3660,3657.615924051522,1553.2681701364465,2.0,23.65023848860572
3661,5608.190760835736,2223.631996879172,3.0,23.649923297023523
3662,6992.304728780475,891.1626945490857,3.0,23.643809551866823
3663,420.3673202719535,4492.990066352129,2.0,23.642168980152906
3664,6877.083823495397,808.6424922189859,2.0,23.639819568002434
3665,7643.911439320228,4111.295331273532,2.0,23.63806437443742
3666,8013.385061313436,1808.9875335438144,2.0,23.631444207423858
3667,3097.2300674176895,2813.582829900403,2.0,23.622733286519704
3668,4118.361345728713,2080.129091169786,2.0,23.617002754655797
3669,4638.328077559924,2449.752054883466,3.0,23.615308184962398
3670,4746.558171328565,2799.588466550974,3.0,23.609552649308664
3671,1916.4158062722297,3545.4307094242977,3.0,23.593974402615697
3672,7710.558779865304,2978.9609375461764,2.0,23.588267696353586
3673,1307.5642818709825,987.8625259569253,2.0,23.58544379566192
3674,5651.281143998156,607.3828101939293,3.0,23.57714970963392
3675,2627.1637206466226,4041.2942543119707,2.0,23.573538259109245
3676,3899.0,1299.7913374111977,2.0,23.57046379599482
3677,2514.439851494391,4504.809068007622,2.0,23.568153851254973
3678,8626.095329901815,5721.600146908586,2.0,23.563211155279536
3679,5264.204004335352,3945.2146758280646,3.0,23.55756801008103
3680,1359.4194095232258,1426.0407322912483,2.0,23.538542361811125
3681,5283.082875741164,207.31711989060287,2.0,23.529524134950254
3682,3513.3364290741247,713.3543657835296,3.0,23.504513263649272
3683,1584.4961516579945,665.828182349554,2.0,23.502903020049416
3684,7251.339296670983,439.4424142949429,3.0,23.49740105612063
3685,62.25796384642787,2403.2227734282887,3.0,23.496596484560236
3686,8306.177040291595,191.42049100291138,2.0,23.49279996421498
3687,9505.016449451849,3758.861213064703,2.0,23.47782758200514
3688,8008.063164054559,3889.3687821159915,2.0,23.47622878876412
3689,2145.8235934644335,1939.4494171880408,2.0,23.46863379972081
3690,4678.87315306774,2731.4346864269432,2.0,23.45984970625466
3691,3894.3371047436467,4582.057726380197,2.0,23.458088728796522
3692,9105.53072695227,5022.9839464276865,2.0,23.455419194487884
3693,6223.761529145716,5078.870123323528,3.0,23.452648083379113
3694,925.5521687120788,6099.691857838432,3.0,23.450163290939468
3695,4338.399277761418,1605.0084829332818,2.0,23.445036864176895
3696,3252.1983738888553,4687.601538552228,2.0,23.444116188861635
3697,3028.4078831088723,5698.958239385706,2.0,23.437640601995753
3698,8746.016276564356,2232.650130525108,2.0,23.43630078519438
3699,9379.44563329473,367.00178985605316,2.0,23.434123854432528
3700,4973.34301959055,4012.963875791219,2.0,23.423778912640763
3701,4408.06486477115,2193.340337053972,2.0,23.423198333671507
3702,560.6816513174404,1917.2995004295888,3.0,23.4220630466271
3703,1095.2280757440424,5890.7536224292535,2.0,23.415371701654497
3704,5454.359087083109,1914.850282264285,2.0,23.413748862021272
3705,6993.496510251503,1107.4085099394413,3.0,23.413318753429152
3706,470.42470092656583,5691.503104772363,3.0,23.396836596163944
3707,8131.276898283032,4751.474462931536,3.0,23.393641100468077
3708,513.6603342493221,6123.511225160935,2.0,23.388992749568363
3709,5488.022436435927,1159.3661653565807,2.0,23.375385726460056
3710,9427.462995135515,3179.084285808683,2.0,23.364599912017802
3711,4356.628958943329,56.96386274518228,2.0,23.362894657274314
3712,69.51789314424194,1469.5893614392412,3.0,23.35857044514288
3713,3853.964535151128,2622.6746387979038,2.0,23.344925424472162
3714,481.0320084396028,3433.349434195245,2.0,23.33923125137987
3715,1986.1171378451997,896.4624911048581,2.0,23.32799898534457
3716,3499.3643139548535,2129.0491263235367,2.0,23.322335430107106
3717,1969.372565517579,509.30112536045357,2.0,23.31886936056618
3718,2088.95743908951,1115.705746781034,2.0,23.309681611957874
3719,5024.212991593435,2025.2430946125858,2.0,23.30595944304409
3720,7253.690525221801,1579.0269477387455,2.0,23.30209723653368
3721,3179.1218571167615,4163.577245963504,2.0,23.300953561845517
3722,8715.078475155859,3853.0522183435723,3.0,23.286985952240617
3723,3140.166131016897,1808.184051914922,2.0,23.28354868329147
3724,7943.341000709357,2477.320789295388,3.0,23.271821026023492
3725,5419.329707970459,5653.658074360112,3.0,23.268398945671752
3726,5231.535657610469,4813.4448873590745,3.0,23.26101127617744
3727,3754.955648322674,4894.208750870686,2.0,23.257355769634618
3728,7866.966289618237,5207.6445822312335,2.0,23.255092388506007
3729,8245.163213013058,1243.441796323035,2.0,23.243061694845068
3730,1289.4184555460952,1463.6292503161997,3.0,23.240541669978477
3731,7634.228683170647,2443.2947130259085,3.0,23.221613740157252
3732,5525.3213225369855,1373.4072395968808,3.0,23.220573763413157
3733,5942.427410624513,3579.340804016472,3.0,23.21749371342194
3734,7820.0593085320925,2633.6100595775915,2.0,23.217082306094643
3735,8513.158683518672,3929.1670382117554,2.0,23.210616945928766
3736,5291.054986787968,2979.3705880068214,2.0,23.203674503007857
3737,3529.57881469201,3043.844767468473,2.0,23.189379466908964
3738,6103.391555550201,1649.57723353246,3.0,23.184147285712086
3739,5650.075975182169,3359.3025865407985,2.0,23.181641746398856
3740,6753.1403370387425,5673.5196546879,2.0,23.18149950454606
3741,257.80694612003003,1487.3412469519817,2.0,23.178290533189717
3742,1081.1230116647357,900.2451813973624,3.0,23.177820216567206
3743,2491.960617400858,4465.610829964052,2.0,23.176155497479808
3744,5431.048026343914,4755.545123169196,2.0,23.175114438132876
3745,7321.837400603375,843.4901004469029,2.0,23.173973367139098
3746,5883.351681350436,3099.4474619011526,3.0,23.166938953229128
3747,5105.855615095414,5665.704987466034,2.0,23.164903595272918
3748,4158.841769904003,1248.1545466040202,3.0,23.158490885928725
3749,3472.4227057445114,1397.5506548191213,3.0,23.15508883236404
3750,6945.969827916834,4627.536035817035,2.0,23.133240539518102
3751,87.56184741709495,6149.9704287420145,2.0,23.129361076461684
3752,781.0711266262999,3988.349105653388,2.0,23.12704090402947
3753,8744.259014505771,979.5761644802739,3.0,23.121140833135893
3754,2359.0935273268656,2123.640289718222,2.0,23.120310878951035
3755,3769.340820742647,6036.8749747540205,2.0,23.11373199715124
3756,6072.274989181473,4348.8628317061975,2.0,23.105179141348227
3757,2186.0614595978986,2797.4607493692974,2.0,23.09784889392261
3758,3463.2655905888864,954.1072822553438,2.0,23.095278197824133
3759,2940.6637682101277,4701.687552673363,3.0,23.09403478807487
3760,382.08375357925115,5153.590877826781,2.0,23.088591530766138
3761,3305.5637716435294,997.2738884499298,3.0,23.081103368574837
3762,3808.5338596148795,5173.666738975446,3.0,23.078758903431584
3763,4845.405420236896,2975.5141848854773,3.0,23.07559643458128
3764,7373.026640538646,4001.5281058721007,2.0,23.0746920817953
3765,3220.9854299402537,881.3727151402444,2.0,23.072794499183537
3766,3525.2770869064097,1302.027778359534,2.0,23.070439802808064
3767,7264.2747875961995,6169.419802018461,2.0,23.07039443015253
3768,2919.0596016955647,1164.37063780348,2.0,23.06873765895422
3769,4570.956943451762,221.64973717345924,2.0,23.067704646785337
3770,5632.484653236268,2333.421055023224,3.0,23.063819898376945
3771,3128.754841894604,2150.5308530655843,2.0,23.060439097009052
3772,9224.403517134688,3429.785129833601,3.0,23.045033083536516
3773,9149.929033642422,3665.225351829337,2.0,23.042296382018158
3774,3484.2457605205614,6185.639566481807,3.0,23.041580000147615
3775,2000.19300157384,3651.326806538215,2.0,23.04090160995478
3776,3406.3028491913096,4073.8113824437696,2.0,23.03952953269461
3777,9451.319904142525,4387.0489641683735,2.0,23.036581688015048
3778,5858.143871793952,4279.415522615303,2.0,23.033864494392226
3779,9523.599572411158,979.3836301716839,2.0,23.03225189911218
3780,7748.486387170757,1995.35282235697,3.0,23.02921687402138
3781,8993.2088888543,4176.976553853,2.0,23.0283133877687
3782,1137.4166065927407,5471.676978085205,3.0,23.028118936341535
3783,7015.519608672706,571.7027140569443,3.0,23.023938635982585
3784,6323.294999319521,874.9447817795243,2.0,23.008700819457882
3785,7831.430790237873,1642.8250053037123,2.0,23.00838667840182
3786,5641.875112543206,655.6815820347715,2.0,23.000346895496964
3787,5827.930393836547,6083.487660967489,2.0,22.99182226585365
3788,3091.2511738153744,5233.057597123634,2.0,22.991021340867178
3789,2089.319073109348,4239.777652448835,3.0,22.98988935407229
3790,1321.0744979368797,2483.664446668471,2.0,22.988949654236126
3791,1169.8496744459926,6329.539653847647,2.0,22.988043194632848
3792,5947.241127164622,1315.795783676208,3.0,22.986999054616103
3793,1955.1198262197045,2331.5388234503657,2.0,22.98325136688034
3794,1331.2399596610674,1076.99127864239,2.0,22.9817732661751
3795,1500.5516915875316,351.05654188549903,2.0,22.9785139024158
3796,6197.959278410522,4049.539115811029,2.0,22.97637460720265
3797,2598.913405956708,3889.414446845737,2.0,22.96233471498056
3798,485.51632866835274,1757.7080434790864,2.0,22.952501084645622
3799,2761.384430887392,2963.396861155251,4.0,22.950746923331362
3800,7583.1556817917135,2901.5471683616347,2.0,22.94998556846574
3801,701.2928008321616,1727.2888302459924,2.0,22.943922589226766
3802,7335.280314022512,441.7913381238991,2.0,22.939909360777197
3803,7979.821732283663,4568.407287003692,2.0,22.939173700064128
3804,6433.0474471696025,2041.174430083058,2.0,22.932417498579376
3805,5826.240779080981,5701.614550821331,3.0,22.930749737031345
3806,1174.067653607691,3878.5103820300496,2.0,22.928919735285128
3807,777.0947074724742,3643.5292386428864,2.0,22.928529301503882
3808,2720.9359421710174,877.4669895294553,2.0,22.927864002228535
3809,2162.046964492116,2241.365456570498,2.0,22.917080451970225
3810,4159.628348934945,3303.375778499705,3.0,22.912334038457352
3811,1225.623627251214,2769.4765459401324,3.0,22.906293292885774
3812,5453.9374516094795,2452.472878155427,2.0,22.90039214474558
3813,3085.756583541771,3611.5863111500425,3.0,22.89526967124667
3814,115.07751226804076,2359.5352214720083,2.0,22.893850300503146
3815,5581.373177413942,5789.47382472328,3.0,22.892945466571337
3816,3952.0355814747404,4465.584449961553,2.0,22.892117794757713
3817,5176.338758111069,5288.986765622476,2.0,22.88324095104682
3818,6905.983210407552,4303.391091715918,2.0,22.880270288738775
3819,7706.187588278535,1139.628844270591,3.0,22.86610814538848
3820,2544.663654068024,4934.304887173378,2.0,22.856543133958255
3821,4196.38663589199,3825.4664281137334,3.0,22.856326728152265
3822,6092.187870483064,6139.55776464426,2.0,22.853678048964596
3823,5173.558464280381,4401.180514096302,3.0,22.852208133103932
3824,178.4462293477606,2063.456060789544,3.0,22.849137967686264
3825,8322.099882582455,4897.414219379005,2.0,22.84576079107732
3826,1518.4826982820414,5603.151925491974,2.0,22.829493356079904
3827,9248.827434561288,189.73648966722033,3.0,22.814238484110913
3828,4401.656710921334,4755.08587150833,2.0,22.81403224553255
3829,3350.113901547633,537.1861005805092,2.0,22.8126337119255
3830,2389.6177070381323,448.51532023197876,3.0,22.81220422825508
3831,3469.373089246671,5581.732196258736,3.0,22.811330305199373
3832,7347.049453481646,2673.445950396836,2.0,22.810732594879802
3833,7034.627617315671,4695.785065265769,3.0,22.79991694578974
3834,282.755445226721,5391.423016588481,3.0,22.796220726190473
3835,6549.000315872897,607.4269340887157,2.0,22.779317915563176
3836,5480.229432463125,4623.046927292636,2.0,22.777710721798133
3837,239.25748134100647,1374.8803118203089,2.0,22.77769278937967
3838,5202.8938583109375,2763.444444046811,2.0,22.76844896437535
3839,7020.574868967705,5275.792329125923,3.0,22.76531097084237
3840,8124.443742034983,5634.969662795839,2.0,22.760844764024238
3841,9371.274298618706,243.50059556188023,3.0,22.756116313908777
3842,8049.61883980198,431.81146993477967,2.0,22.75363747619661
3843,4204.055728024342,5813.284332449281,2.0,22.745847232360777
3844,6629.625222791654,2954.863325443328,2.0,22.74480851997506
3845,7832.787719804737,1882.5711910630675,2.0,22.734409582575505
3846,303.5922615280116,3487.741114845602,2.0,22.73351283462161
3847,2037.6557858162196,2273.519756014975,3.0,22.722761103168036
3848,7537.481724214247,453.02997413607466,2.0,22.719217341996316
3849,2692.5513858703052,1340.8940067980056,2.0,22.7125839773754
3850,1727.0109381032287,5813.516374144431,2.0,22.710063216734675
3851,299.5176779051716,4195.211128632587,3.0,22.705407713662225
3852,6545.866714541439,1271.9002840913236,2.0,22.696795052751796
3853,7568.777129438068,1191.540497811038,2.0,22.693017645502024
3854,234.79093291933327,5964.781304922654,2.0,22.69099905317668
3855,4664.461312513566,4377.012150918987,2.0,22.690360289101875
3856,6011.195444696707,489.3538245727672,2.0,22.68998954697244
3857,4554.587742928386,1273.7282185503086,3.0,22.68993277200279
3858,1096.4599176569816,3722.9338497217977,2.0,22.684116206640144
3859,133.19403671755077,5349.442833860706,3.0,22.683595286002493
3860,1680.6009206960905,4145.582019285979,3.0,22.682292360822625
3861,5933.611743639646,5389.659056933001,3.0,22.669425161862506
3862,7174.306627094184,2004.8622637965657,2.0,22.66353786944477
3863,9038.217870961693,2919.491547313069,2.0,22.653485881687416
3864,6582.706348029521,3766.520396192782,3.0,22.652701461044774
3865,8061.253492767748,5745.766813950765,2.0,22.652527615188536
3866,6204.45045693982,2430.0594737580636,2.0,22.646217822145655
3867,7233.0076657296895,3467.611559052813,2.0,22.645245546811495
3868,8110.346833587972,2941.8103025420114,2.0,22.62415220003778
3869,5096.244136990456,3328.9873711285823,2.0,22.615005608797446
3870,2554.0407415150453,1053.4489033005327,2.0,22.61484841013687
3871,9388.893834703003,3217.10438507451,2.0,22.60673042103915
3872,2872.3262790750623,5060.336327388429,3.0,22.604314707195474
3873,2964.3979825459974,3907.649097159705,2.0,22.60362067382969
3874,879.2755802524628,2293.7000332430907,3.0,22.592858665430747
3875,2947.4129880501237,1529.7603474186444,3.0,22.584049685669367
3876,7829.997688905384,1209.4463773385926,2.0,22.579799822662164
3877,1341.2507769713416,1661.4937501921106,2.0,22.576625643948027
3878,6340.816122166538,3639.0131066586628,2.0,22.572028554462367
3879,2556.2192027579954,3697.990265844679,2.0,22.56882433350544
3880,4604.018958932888,3405.5204956608404,2.0,22.557807615277376
3881,1031.7033877227361,4411.593235425351,3.0,22.551546537737412
3882,356.5237907880527,1121.148681448115,2.0,22.551407387046453
3883,7275.035969730833,4633.692760364776,2.0,22.548709720696966
3884,1137.3989084780912,513.0340627987997,2.0,22.54533003485986
3885,5259.172255385799,785.2962426853385,2.0,22.539420047872717
3886,2175.412699771805,1351.3653804635267,3.0,22.534775905349115
3887,1328.2288095012232,4761.926404606984,2.0,22.534320467674362
3888,5533.972652646483,1531.5889817751702,2.0,22.53050579269268
3889,7290.277393350503,2683.4011554312983,3.0,22.529589445023934
3890,9168.3283014625,2659.737108834335,2.0,22.528612295533858
3891,4011.7696882448945,1483.7705552950936,3.0,22.523978071214806
3892,7940.30558876657,2727.3588814014283,3.0,22.52206094227247
3893,375.0889567578697,4775.565372346458,2.0,22.504933788202404
3894,728.0081253957193,5033.417114241923,2.0,22.503692683126985
3895,3518.327143164308,5317.124768103246,2.0,22.501173376403564
3896,8109.1704439574005,6317.242450668712,2.0,22.49622127063116
3897,4924.112652926635,5363.599740330212,3.0,22.495375106652983
3898,8970.665272065224,833.8430622850286,2.0,22.491937523031453
3899,7756.92316814473,847.3451553638303,2.0,22.491466215203207
3900,9096.366870396305,4870.745632381205,2.0,22.489468803452368
3901,5338.044254368069,327.26451754399557,2.0,22.482297080871845
3902,4746.4164066031,1419.181227841708,3.0,22.480346938939903
3903,6581.121095274136,3305.38958274562,3.0,22.475685671105612
3904,1178.957962872648,1111.3180366066122,2.0,22.4729333692793
3905,2111.2144674251012,2685.08235154001,2.0,22.471622281140913
3906,1007.3800286306054,2569.216311855445,3.0,22.47033968757616
3907,564.7917198901556,4619.426079790878,2.0,22.46735163644399
3908,2536.5666854938863,767.1077853651192,2.0,22.455319360595936
3909,5479.466460999016,4039.1107159512408,2.0,22.438600444129897
3910,7221.463368690806,4787.396738005177,3.0,22.43301703936157
3911,2843.029138524579,169.4592132568802,2.0,22.43217358408472
3912,9022.375176068856,3507.9384396809937,2.0,22.428398968267622
3913,7702.431938111369,570.8039997935376,2.0,22.415170591704396
3914,6559.042085036027,4045.446057373273,2.0,22.40811756444401
3915,1277.0374312263668,3945.4686350387733,2.0,22.40595430815511
3916,4898.22955133121,1067.8282524387598,3.0,22.4034549167434
3917,6350.75967583354,1250.915137105192,2.0,22.40054120784987
3918,8095.408908632069,1075.714023406536,3.0,22.398544692669823
3919,4490.714578129298,5013.016710836865,2.0,22.396569562853976
3920,6397.974251255393,453.5459527055074,2.0,22.386679481627723
3921,8658.207213670994,3066.0202232614174,2.0,22.385174200974
3922,3588.293357809999,2009.2598033505994,3.0,22.380150497703
3923,6845.015565538845,5285.413158777335,2.0,22.37836001642104
3924,2705.556472327102,5170.032057820046,2.0,22.376533563915427
3925,2244.0225390653427,4729.477992976294,2.0,22.370505397700285
3926,6494.558618348656,5961.520122301173,3.0,22.360448547257185
3927,266.6741556384153,1297.4173525592184,4.0,22.360281385156924
3928,6756.233834577988,1183.567980196759,3.0,22.358006733717424
3929,6163.986707600003,3005.2929586851315,2.0,22.35761464606526
3930,3304.342606678338,6107.570435503455,2.0,22.357204680628467
3931,7080.10263220847,5314.066250504957,3.0,22.344319159307265
3932,8837.225191274556,1946.0221049737822,2.0,22.331704716880797
3933,2254.805343673389,3428.55277473586,2.0,22.326368547792114
3934,6415.334670529922,1187.024161857117,2.0,22.325830841393927
3935,3710.6037086158744,977.9621314774831,2.0,22.323892089060354
3936,3625.1322622045,2511.5636697406685,2.0,22.320683204442055
3937,2243.71662591404,3883.438875564286,2.0,22.31638947173039
3938,7698.652717904272,5981.98636400952,2.0,22.315034813801635
3939,8353.851441412411,4637.2822663168,2.0,22.30752991794713
3940,777.8050081843365,3488.851103039964,2.0,22.306271165037163
3941,9275.571961150456,4728.816950180349,2.0,22.300746657669155
3942,9226.19523738765,721.3345154305424,2.0,22.297294533625546
3943,7711.407065409805,3779.7481365264944,2.0,22.292824277823026
3944,1855.3114031036096,1631.929166467013,2.0,22.28594925733217
3945,6224.402921483723,1061.3602050554227,3.0,22.28039693659466
3946,7331.298800146854,531.4904025597215,2.0,22.279976263872722
3947,7422.2899033171325,133.49904614474448,3.0,22.274808745964584
3948,6200.260300329067,2716.9184718285933,2.0,22.26271975541524
3949,1217.5387225255254,6044.863170841394,2.0,22.26127452897839
3950,5720.895006877954,2136.580447701026,3.0,22.25306868126293
3951,7911.605645863757,5236.091842934589,2.0,22.250756764450053
3952,1564.5238404042195,5863.9824698264365,2.0,22.241800193321467
3953,9455.416827767154,2311.4777132206227,3.0,22.238270976472048
3954,7259.243137358214,3443.853464630186,2.0,22.237795440291535
3955,7804.729875506368,3445.379397980999,2.0,22.228027399088514
3956,5458.158650767426,1782.1271797140905,2.0,22.227988161368884
3957,9345.58575239188,5420.249801731799,2.0,22.222904187258532
3958,121.52222585589055,543.5118965585275,3.0,22.222417032712908
3959,7074.542694596024,5245.205152440731,2.0,22.21745063088034
3960,360.3188350555198,1581.3553469639317,3.0,22.214508635829134
3961,4307.347446394823,3339.117143148124,2.0,22.214015046943512
3962,502.6455766219741,5391.507666195849,3.0,22.21293833407889
3963,5777.292559296744,5799.93213253493,2.0,22.21178915119998
3964,6519.228758960866,5703.742708083678,3.0,22.209546421347937
3965,5785.192643488184,5835.744504571905,2.0,22.205492975756563
3966,3593.4598627152604,3608.2055880408525,2.0,22.204997961079236
3967,7634.056327397174,4711.078905252882,3.0,22.190473026029007
3968,1393.171144659314,5465.462539866592,2.0,22.18981237746008
3969,8080.003401415439,2017.468673696518,2.0,22.175315353857282
3970,2380.783509310137,4379.165715960198,2.0,22.17333630514371
3971,2559.515083083055,3533.4115251667254,3.0,22.17091142565466
3972,4203.383513039592,721.6197744181768,3.0,22.16278690767629
3973,8921.264108542522,4379.4837624542715,2.0,22.155425427332943
3974,5104.851509165029,4521.637292183704,2.0,22.148944707860434
3975,3174.475364694575,4521.097163002826,2.0,22.141390670552077
3976,2168.679464796612,353.73953608554547,3.0,22.1343103474223
3977,4600.148499284149,3613.393946722789,2.0,22.13250810702306
3978,2840.6443928473823,4979.26913103105,3.0,22.12829896998844
3979,6979.395547138059,6311.1597697370835,2.0,22.127756443593114
3980,2528.768770137023,3843.2260724895896,2.0,22.125358452346735
3981,61.33921107634382,480.22694588302073,2.0,22.11890207475127
3982,8995.145463040202,3907.005347100235,2.0,22.118512570861597
3983,345.2659417847271,49.46327372613831,3.0,22.11435223674985
3984,7364.482861520776,1456.9760342004802,2.0,22.11214049462056
3985,4562.637558237033,5894.920940899356,2.0,22.11170249515268
3986,2264.2032589374853,4293.426357102401,3.0,22.107490657746045
3987,4298.429842465924,5405.833945134772,3.0,22.10497278906982
3988,5715.666653165747,5089.126150690318,2.0,22.104699615620337
3989,9182.469873218024,924.9361522617342,2.0,22.100658404919738
3990,9037.326784940902,613.2051951709839,2.0,22.08221968301364
3991,4323.183191872411,1627.5599279375408,2.0,22.068289389340396
3992,8804.113414033407,4983.525173399997,2.0,22.065403086292267
3993,1968.4066004165252,5902.016612777216,2.0,22.062195591649534
3994,343.5762819670314,73.02521986928366,2.0,22.061720268513895
3995,2908.4679450535423,5765.8029101496495,2.0,22.05848598782204
3996,7538.419233716131,525.5363172965143,3.0,22.057540583627024
3997,1837.4911353676341,655.2602678005198,2.0,22.051042980745382
3998,2194.500058446657,2844.1040347967523,2.0,22.05072889314495
3999,8482.350144856602,1592.4008900327044,2.0,22.048213147000578
4000,7215.956444236754,4627.4200232795465,2.0,22.046422284746512
4001,1862.208073009807,1009.7899481806616,3.0,22.045498029001234
4002,2305.480907317645,2739.053055108869,2.0,22.035823983278636
4003,8685.300668668353,3807.1209416742076,2.0,22.030545867664035
4004,3381.343681649578,529.875410836732,2.0,22.02613399129757
4005,6300.098518718618,1555.2578516950377,2.0,22.02263989773055
4006,8506.942563401126,5431.498502285509,2.0,22.01756624356598
4007,5884.05426090498,1095.2949959659402,2.0,22.013330646566686
4008,6116.49412190909,1421.7362684804557,3.0,22.012068609153406
4009,9067.148599834854,2765.557723590487,2.0,22.008982190229304
4010,3717.6359409031734,5221.695322765689,3.0,22.007516585871503
4011,9321.374284936524,4007.546872846229,3.0,22.000823475777697
4012,5590.079285754895,1841.8345734107054,2.0,21.99823896297556
4013,4092.15987427985,4150.065139378706,2.0,21.9949673444443
4014,586.2326817405102,823.4476881715077,3.0,21.99393645493378
4015,2299.1841383799756,4475.596298615468,2.0,21.983669592864295
4016,2096.5965053856876,2860.0284702338968,2.0,21.981172385746536
4017,7292.140534941084,1735.9041817009286,2.0,21.98090049879014
4018,3718.2168341301003,2349.43743248558,3.0,21.980264999122145
4019,2434.053331925985,6239.638940566256,2.0,21.978308768991532
4020,7885.401265568186,521.7256318957974,2.0,21.974962201063047
4021,1846.4135102835894,4647.3775738596,3.0,21.974821153071876
4022,1037.8212810609684,2223.3591270761103,2.0,21.96655684860052
4023,7701.164107774682,1716.9492274233019,2.0,21.966540687378572
4024,5401.216153829216,2466.9039927752137,2.0,21.96473002377912
4025,4960.040725099368,1221.4214415173212,2.0,21.963836057243025
4026,4373.4572439835865,2691.9985984681825,2.0,21.95658820833966
4027,6055.9453328982445,5058.177853863217,2.0,21.954488460739075
4028,2996.3889808904137,3779.963041441785,2.0,21.952209945092616
4029,2236.1953776554406,2545.5833348199008,3.0,21.951806856164744
4030,697.927181300884,3295.4096879639624,2.0,21.949846497477555
4031,4750.139389108916,3471.382607265171,2.0,21.944929033106373
4032,7774.272920992901,3482.9287739111614,2.0,21.94129389952013
4033,8778.250295265685,72.9404819093057,2.0,21.940533170215176
4034,1936.3573432661503,1613.164614410812,2.0,21.936321227206655
4035,9249.23704376746,5753.738853560215,2.0,21.935778963950796
4036,8371.406403230609,6376.994654118648,2.0,21.93454349829076
4037,169.1515301247449,3839.760372780492,2.0,21.934432416678618
4038,7950.7171864501215,4037.721007496783,3.0,21.9325629695661
4039,8607.106640722823,620.7483883983052,3.0,21.931260832496108
4040,2107.1625093143675,3125.476696211456,2.0,21.919455462225358
4041,8956.275824700708,2975.753759453305,3.0,21.91425522973137
4042,1360.137154363994,5851.453258469235,2.0,21.913702677958497
4043,1061.451920824282,6269.669966480252,3.0,21.912962281220864
4044,454.4033996153064,653.1290490376288,3.0,21.90849537223434
4045,4935.509577828868,2375.0229803879506,2.0,21.897850976906962
4046,2987.328786567347,275.02036331023106,2.0,21.89612132140775
4047,996.3446138808551,2125.1069923432674,2.0,21.88548750659235
4048,1905.572107696249,610.0501929163105,2.0,21.86214443798708
4049,3160.271966913166,3047.4145514073125,3.0,21.861539080163222
4050,1005.8479061962024,3200.5350003473873,2.0,21.85557386980975
4051,1650.7717229496304,5948.821225058105,2.0,21.83726813183538
4052,9185.288559683817,5484.637209274913,3.0,21.8292180816955
4053,8585.45507140368,4947.025337745108,2.0,21.82841034334168
4054,6496.198367462694,6293.304206018707,3.0,21.823678479087203
4055,508.30508217202373,5662.097631815973,2.0,21.814248996569187
4056,7956.4888463878615,402.8884945371353,2.0,21.812182238997387
4057,4937.822706945517,3580.793198222446,2.0,21.809311760705025
4058,3501.592462858353,368.05238482464415,2.0,21.806118340845433
4059,8186.46720623759,2353.94681836697,2.0,21.804909179300516
4060,1253.137415593663,89.42838805736277,3.0,21.801879781880743
4061,1464.2068890186267,291.6127441041508,2.0,21.799970001102515
4062,2513.498999790385,1009.449210234533,3.0,21.792720145303655
4063,6570.159625353224,1031.6305131906677,3.0,21.78721271946315
4064,2885.0049271471385,5151.0169295224105,2.0,21.784112873281106
4065,6109.336638612911,1793.9970598568807,2.0,21.783504368539987
4066,9371.135465494373,2425.4953302500667,2.0,21.78180752026615
4067,230.1689460669481,4521.277104030554,2.0,21.78164830677934
4068,2482.0491301602,3879.4460001253155,2.0,21.77797215276548
4069,3812.962231192095,3527.5597853577483,2.0,21.773758875776586
4070,30.215189549540074,1383.4303528842079,3.0,21.77287441851081
4071,6644.4387477269765,3584.8814040000984,2.0,21.7708901028679
4072,8669.989820615208,2339.3563361865313,2.0,21.764429258052395
4073,4116.060590778193,1673.1988223741469,2.0,21.75920408940192
4074,538.7465169077917,5773.294248167727,3.0,21.75140645469627
4075,6376.289579166422,5282.9918195058635,2.0,21.751044302236505
4076,7116.9599751956175,3647.290897769454,2.0,21.741321639513476
4077,2533.4427178091887,5724.0457063048725,2.0,21.740623126402216
4078,6096.593823235697,5413.010694790447,2.0,21.736653539460143
4079,2484.699737561913,4557.369230464368,3.0,21.729872928871476
4080,9034.254345498459,1753.6700936450247,3.0,21.72573440227935
4081,6777.583795276902,725.8142866091887,3.0,21.720611177937165
4082,2918.239606509595,461.75162914790087,3.0,21.719821505424505
4083,2287.386112331425,173.0338931855687,2.0,21.71699448680885
4084,1615.5989210820508,6073.663995502895,3.0,21.709104998858635
4085,3343.4816044886634,1505.2831538284006,2.0,21.705625556335036
4086,2163.2090596519083,427.0949066877397,2.0,21.7046880131439
4087,1494.710334273597,2947.323091387054,3.0,21.69967442253543
4088,3142.241370586423,4351.350704042849,3.0,21.698911938004443
4089,4677.180657942774,2588.774010019666,2.0,21.692679730159302
4090,5813.0371050283475,3717.447407642297,2.0,21.691092496851798
4091,4243.772859975341,3765.656733988999,2.0,21.68817075477822
4092,7838.060507565463,803.3065519908735,2.0,21.680307723653282
4093,9078.160473608294,4315.675949524201,3.0,21.674144840215387
4094,6574.407042327807,5667.180077674669,2.0,21.666692510319475
4095,9260.095093984617,2665.2357993647493,2.0,21.665509440650716
4096,7702.067515539368,6116.729103904291,2.0,21.651413234969482
4097,3038.4670746841807,2951.552900445445,3.0,21.6488234434581
4098,7262.210911634188,1923.2837238696063,2.0,21.648458656101695
4099,8168.503765229654,4962.809601930207,3.0,21.64311102805777
4100,9010.282167455109,3630.9850839428805,2.0,21.643024245546727
4101,2996.415428635206,5843.445369295913,3.0,21.641931018379168
4102,2038.1335796311764,5041.520793879766,2.0,21.637678008398996
4103,5599.1090804581845,3571.4918335993466,2.0,21.633388807469146
4104,217.15920827505008,867.5264690056802,2.0,21.62839143018897
4105,995.2448989252562,2941.6245813674477,3.0,21.625593592664845
4106,5619.087656954698,259.61200290836723,2.0,21.622405350862717
4107,1110.9736714987134,2199.3992451817203,2.0,21.61984836574761
4108,5331.269761124282,801.580330152343,3.0,21.61638345547481
4109,436.16637957569776,3537.247452172101,2.0,21.615080976401305
4110,2041.662901620435,5025.398546345726,2.0,21.612584701773017
4111,1936.0308900378886,2881.1903023149744,2.0,21.605866389558948
4112,478.3162990477607,3365.212384106326,2.0,21.604236722600717
4113,9348.089433253015,723.1215472859878,2.0,21.60314014519265
4114,5547.534434111579,5209.816141870133,2.0,21.600156081826878
4115,675.2294176757714,2367.6233901085857,2.0,21.59274802839327
4116,4662.264475347758,3711.2616848505254,2.0,21.59174809644108
4117,7690.04822114959,491.40388181901767,2.0,21.587701840429173
4118,8120.486556595449,32.1247690185709,2.0,21.586408763443828
4119,1890.0236696721342,4105.3599812540215,2.0,21.58173519826491
4120,2060.017036025519,427.4033739653609,2.0,21.579580122500914
4121,6837.662066648381,4442.599189979224,3.0,21.57846447308504
4122,1156.2928100069132,5530.987247421593,2.0,21.577366487670442
4123,1010.9583942765681,291.7805503952269,2.0,21.574775534304855
4124,1564.1478350161665,1112.3116831978784,3.0,21.574503750864878
4125,7912.5278733791565,1518.9383743425842,2.0,21.5742906925167
4126,1833.2944075579594,2779.6099667179315,2.0,21.570378990490546
4127,1285.4391170127744,3959.838506308569,3.0,21.569936727805935
4128,7796.453110302879,859.192779729132,2.0,21.563684035698277
4129,2128.3136775888543,3652.9824425891643,2.0,21.563421733117977
4130,7808.033822411205,161.6540525106937,2.0,21.549587481406814
4131,340.08780681756525,5312.454941828813,2.0,21.547043073848368
4132,7139.612585588021,338.0471078675704,2.0,21.545575436837847
4133,795.2946191853501,1493.13542457342,2.0,21.54234701506802
4134,918.9988185165959,949.3110032085773,2.0,21.53430330689963
4135,2140.368152874348,187.96152295467496,2.0,21.524279528962982
4136,8985.205999389642,673.485391375093,2.0,21.522334298694467
4137,1364.0163783667424,6173.538810544323,2.0,21.51952359589033
4138,5817.364505592748,813.6136153525599,3.0,21.517166138537135
4139,1417.2048598245897,5845.549297310643,2.0,21.51026463917029
4140,2936.2684789276555,1315.5030885834863,2.0,21.50340990183715
4141,253.1416391039402,4725.751938887175,2.0,21.50197717807512
4142,2366.1580453796096,4383.460440345076,2.0,21.500692791632417
4143,3943.511246852516,136.83211154338315,2.0,21.499592722521093
4144,3124.096947310372,787.631265040385,2.0,21.4965085467621
4145,3829.560612471618,3839.559786115742,3.0,21.491795130001467
4146,7220.544410863255,2045.391010682313,3.0,21.491442139973355
4147,9013.780415975327,2439.349802028196,3.0,21.490988461023683
4148,9133.44494328573,862.9999937310454,2.0,21.487138510572027
4149,677.2024706383111,1001.482157288589,2.0,21.485364874103105
4150,9046.500795933116,177.66887317851103,3.0,21.48511731805964
4151,833.7266897593621,3691.4363524919936,2.0,21.480024709108513
4152,122.10281924814161,4649.964993132852,2.0,21.479507035216024
4153,9028.0609806772,6123.1113125843185,2.0,21.47510137240633
4154,7759.765398032492,2003.6201723080094,3.0,21.472838115326116
4155,3430.107478824112,1137.4490871673006,2.0,21.47120673733581
4156,7161.381332776472,851.6355752774301,3.0,21.45367058973304
4157,7985.386433233973,4777.696898700171,3.0,21.450411764235387
4158,1178.3668011866484,2263.540106834389,3.0,21.447919473527392
4159,8618.589392498403,5279.5058058741015,3.0,21.44197205873379
4160,8242.392005612388,5463.154171871333,2.0,21.43996625772714
4161,2841.7581393497917,2073.2599390661894,2.0,21.43803958840217
4162,3745.543377603084,247.28030316144873,2.0,21.432194166254632
4163,3734.914784994864,1535.3866720522412,2.0,21.41748623735638
4164,4166.150588543208,1297.4647282137757,2.0,21.417106029910748
4165,1980.4334485241156,3265.8570450641114,2.0,21.412970460744273
4166,4943.941997060322,5684.101627764958,2.0,21.41212175934073
4167,7915.483123353349,2045.0713571495207,2.0,21.41120191614774
4168,5827.163103331244,3467.548365755791,2.0,21.410951921831565
4169,4916.484768678342,4487.727555158345,2.0,21.40247711526294
4170,3511.3702126485946,4741.523128148915,3.0,21.396451819925154
4171,5468.28106316957,4165.417037104045,2.0,21.392745479954925
4172,9428.469792809186,6351.403256078135,4.0,21.38831529286062
4173,8416.675309218315,2211.160096490688,2.0,21.3849136592983
4174,118.97593471572685,23.566576115807944,2.0,21.383482495364376
4175,4973.026377204293,1658.0144616487662,3.0,21.382785789338758
4176,3696.2779400954996,3747.7482649209314,3.0,21.380031420134227
4177,5665.742844720124,6205.682929230674,3.0,21.37782655901457
4178,4722.360033823237,4636.729575708171,2.0,21.3751759831937
4179,4379.3579329532295,6281.339513127854,2.0,21.370470446431124
4180,5964.054566163226,5061.450032909048,3.0,21.37009955502841
4181,6796.295083345442,5221.653569369022,2.0,21.364187844627146
4182,8423.425616248485,4107.144743643145,2.0,21.363057314859805
4183,8157.538824413079,2361.5431243104567,3.0,21.352350035700503
4184,6449.576336132382,4837.098467572417,2.0,21.351969219615683
4185,4553.802539920989,1194.5352734202872,2.0,21.34485424688094
4186,5980.699258116453,984.8280606841555,2.0,21.34415787990632
4187,8221.451388475545,3073.3531218527937,3.0,21.342544670884052
4188,81.63129982876629,5547.088982443388,2.0,21.337055015460628
4189,626.3237725935743,3513.5284733553112,3.0,21.335000452471238
4190,868.9975699000069,5129.584463847714,2.0,21.334766231024307
4191,2034.9474156692675,1593.6531078644612,2.0,21.33170346441053
4192,8142.476582257484,4357.024368410304,2.0,21.328892555945355
4193,4433.066548348552,1626.766988971888,2.0,21.321812955444575
4194,9403.6387500479,235.43350724357964,4.0,21.317404554803005
4195,329.38490547500305,3711.4555537518218,3.0,21.316006834699166
4196,6166.453072796299,1945.215601987234,2.0,21.295597544302122
4197,6756.013873813102,503.63021541641706,2.0,21.29519344539693
4198,8752.374229934037,1248.988008950724,2.0,21.294762757259257
4199,6802.266892837733,4877.094374319839,2.0,21.29172696167984
4200,8721.359941579438,5055.656409738934,3.0,21.291559913483855
4201,3556.4053718854225,1662.9670513598953,2.0,21.291096364721966
4202,5531.561862622204,4926.179429591749,2.0,21.286708452668865
4203,1986.1274867494742,3497.434188341764,2.0,21.28669445070226
4204,4829.117357751318,2463.3807572214523,2.0,21.28493071568901
4205,5917.65785839424,3857.18573894645,2.0,21.284505753566226
4206,8501.228181534614,5087.750727273422,3.0,21.273089364600477
4207,7498.633411877179,3993.9270801309685,2.0,21.27149381188466
4208,7976.3922643545875,1435.8122656515238,2.0,21.26225197593958
4209,3566.532945432191,4873.138664218459,2.0,21.261812621362623
4210,4663.987828821318,4173.276463142784,2.0,21.26176920923436
4211,1644.4325318890392,2643.8709239250275,2.0,21.26091488326732
4212,1022.0232971106374,5397.859981594438,2.0,21.260749842190293
4213,5438.184643509148,3343.5801166310434,2.0,21.25761360947591
4214,5907.953700785856,5751.466369644108,2.0,21.25611632563137
4215,5689.878252156598,3429.652110523824,2.0,21.250800503086854
4216,4932.1250206975155,1823.90067270649,2.0,21.248925483272764
4217,2325.8514342895974,343.5108478811739,3.0,21.24702431930602
4218,8546.488964532435,2522.02101971335,2.0,21.246012611448602
4219,2117.5022336463544,445.74676505837175,3.0,21.243145559559235
4220,5536.963591800854,3637.4741033903474,2.0,21.238780346609634
4221,5089.408435971149,79.89612934424504,2.0,21.236818674616583
4222,5830.1355156968,1578.930249941728,2.0,21.2368177711876
4223,3342.9931364456893,4277.157580209567,2.0,21.229462929215693
4224,6899.602880307781,5507.288890049387,2.0,21.228832226733278
4225,8230.022785527073,6145.361717323426,2.0,21.227606163203625
4226,2190.195353260165,147.43494647698012,2.0,21.226887698154336
4227,2804.468066588264,6255.32701079889,2.0,21.22211805183119
4228,8021.595771069792,5879.190836594514,3.0,21.2186598217916
4229,4471.108930391629,3686.507959004133,2.0,21.213690738895792
4230,6098.007946829577,1841.4754400478014,2.0,21.21170334032843
4231,576.6442818564399,3369.2289134990165,2.0,21.21051516718493
4232,9081.608353484271,991.8594785727258,2.0,21.20952167468333
4233,9189.529964301862,4377.292250700744,3.0,21.207930954766212
4234,5512.178490454367,1879.5181465792919,2.0,21.205469684989943
4235,7369.311074844393,4054.602242057758,3.0,21.19974338624223
4236,1001.6347332107807,1362.7106286654737,2.0,21.19943229759111
4237,203.5376893809847,2170.051145452774,2.0,21.195732549385117
4238,8758.302532166688,4094.936758742749,2.0,21.19398364225971
4239,5591.518776970975,813.8303775219514,3.0,21.193713469661468
4240,8434.18489539146,2807.4189549199978,2.0,21.19089288219773
4241,3910.7462135488413,67.5040596994948,2.0,21.18816276405394
4242,870.6395286435555,5719.417414849794,3.0,21.17496559947501
4243,17.79319720364365,991.3519556945431,2.0,21.170674414939615
4244,4154.443086405115,5363.903432388336,2.0,21.17046772235693
4245,4104.797618204288,69.02151378483428,2.0,21.16763958781916
4246,9176.517910192582,188.00599326975524,2.0,21.165479387887256
4247,6252.148003951392,5355.263460011711,3.0,21.164969579858038
4248,3410.5532984798306,6215.706740098208,3.0,21.163757330187334
4249,2600.3690622779923,351.9601729751941,2.0,21.158381846523945
4250,5668.089067589525,2207.6071866169996,2.0,21.150849597291007
4251,8783.198607759701,5367.368628526517,2.0,21.1505215079172
4252,9243.454571004333,3634.994129626492,2.0,21.15019449305319
4253,3110.3518294965975,4552.734649969534,2.0,21.14882092573916
4254,407.6959859958337,701.9809163194701,2.0,21.14341970662808
4255,7660.737346789277,4373.768534141742,3.0,21.134562778276276
4256,6369.391138633068,6340.97684711409,2.0,21.132426314521933
4257,4261.780213851571,5273.052730270012,2.0,21.128294544712944
4258,452.62434030603686,763.4613804653667,3.0,21.108201857347105
4259,9464.523015909901,3925.1578681537208,2.0,21.107507937733068
4260,5453.036373035579,5285.427455272991,2.0,21.106940509206957
4261,8102.605555142297,4872.071995871177,2.0,21.10602901858471
4262,1302.8216152080113,4311.220510810381,2.0,21.101788323611544
4263,2327.4491902920913,3363.6322645932178,3.0,21.100241541375084
4264,4225.568432633557,4626.098269415754,2.0,21.09581901641194
4265,5138.543426347732,3403.3939255663763,3.0,21.09163060514795
4266,843.6109172259515,1668.0363331179067,2.0,21.088686899237498
4267,3467.3777308858516,2955.4379775788725,3.0,21.08866143093303
4268,7800.337971920055,4707.328478540998,3.0,21.0873310685323
4269,4093.7643420986683,4390.513830373035,3.0,21.08352892267262
4270,4768.230531719569,6157.522917363447,2.0,21.082673460667152
4271,8639.639916065547,2013.3305160737884,2.0,21.075000470377738
4272,8406.459257798911,3071.49442359303,3.0,21.07333832002822
4273,8104.178291788206,2287.633684655872,2.0,21.07047028775425
4274,4415.3809094070375,2793.348817092313,3.0,21.069570584499665
4275,138.25142386377917,5884.98944790303,2.0,21.063857954550357
4276,6233.7156290342255,775.0724435238017,2.0,21.06197343768467
4277,4986.452196645766,4525.1205183403445,2.0,21.059534027264046
4278,989.2513893444332,4573.761004895929,2.0,21.054019337356515
4279,1075.321366695167,4467.967045641876,2.0,21.051429514232755
4280,143.25943825786618,1045.3037411993005,3.0,21.050722001538823
4281,22.497108064850767,3784.0936333524487,2.0,21.049575939338435
4282,1486.4932849472211,756.075051489431,2.0,21.047648082906793
4283,3480.4591352762104,1418.0387993150143,2.0,21.04408637657413
4284,8804.836980441874,2081.8246886508323,2.0,21.041696715244296
4285,7560.352068192161,6116.984078489646,2.0,21.04148279475308
4286,2504.069792518373,4461.693604633002,2.0,21.040257746302682
4287,2775.2061002229125,2301.2969176366246,2.0,21.03791970504081
4288,7812.072653122909,112.410672523203,2.0,21.037533044087553
4289,1179.1204983527493,491.46159943788035,2.0,21.037084081630866
4290,1964.7102130662242,237.82709708822006,2.0,21.036320903701064
4291,5713.375723463762,179.40614413778204,3.0,21.03468058311693
4292,4241.811083053844,4821.235928832728,2.0,21.030438516115684
4293,685.0144062181529,4887.652215164212,2.0,21.029847124554152
4294,4096.9339645735545,2327.6073861600185,2.0,21.02954173589796
4295,992.0435782789507,652.0191480673011,3.0,21.028781238340517
4296,7755.308771908815,1401.427248807848,3.0,21.015722986778307
4297,5763.583282739318,2257.3116100886737,3.0,21.009268509287605
4298,5092.43815760715,2043.0034717619426,2.0,21.005805740524103
4299,5162.455590099851,2365.189052735443,2.0,21.003484019262924
4300,8134.0453130629,6105.847906901127,2.0,21.002416723253933
4301,9053.24116606379,2059.1669203467873,3.0,21.001494729370577
4302,929.2332181210484,5755.45467365063,3.0,21.00126819470748
4303,3168.9806347340004,5603.3546422336,2.0,20.997749712045245
4304,6835.536729253682,4059.8531973455015,2.0,20.989086911838207
4305,1548.3692961988147,4114.048148248568,2.0,20.98718147997032
4306,5262.257404537424,1167.649438168729,2.0,20.9830357514248
4307,1205.7749268137045,5955.933455844957,2.0,20.97109539695266
4308,5794.620522234618,1823.6683619614876,3.0,20.95923284386281
4309,7218.249511666889,3269.492237712897,3.0,20.95407129600125
4310,5482.562044752791,4674.906254400599,2.0,20.953937711879973
4311,1277.087035617552,6297.767445498096,2.0,20.950639730217514
4312,8144.146176159579,1606.9061775836087,2.0,20.947413700969623
4313,6110.166700562459,2291.6193082119376,3.0,20.944966387487337
4314,2827.4801694614393,3822.623635777066,2.0,20.941877719620773
4315,8835.736420836565,2073.3029809869604,2.0,20.940863496189774
4316,4938.580254128162,1756.9539511080513,2.0,20.940516210566958
4317,4292.833212161611,3203.5128943087257,3.0,20.929592892455197
4318,7443.942223640187,23.40939601636853,2.0,20.927102760482633
4319,1196.6708921983952,3292.936242305225,2.0,20.92511587503627
4320,7078.3169445908115,749.046369592156,2.0,20.923956268489295
4321,4365.973582582756,783.4415476338429,2.0,20.90528883180168
4322,563.460573599639,2133.464531683766,3.0,20.905063390313927
4323,4248.244800141839,4195.254299775401,2.0,20.903184265771795
4324,780.159689086377,3436.0354603132528,2.0,20.902257357950656
4325,8464.1566583613,4693.251899842248,2.0,20.89686673263187
4326,8303.824089227066,783.7134203988213,3.0,20.891885823961463
4327,3525.3427754402314,973.488341023478,3.0,20.88577231909113
4328,1956.4318069752767,4611.099770627881,2.0,20.8757968834339
4329,3178.0047953894687,2991.4198706066345,2.0,20.873143216325445
4330,2019.0934632110475,4563.628372322836,2.0,20.873108983156023
4331,6773.13973043667,2379.4258100170127,2.0,20.870552229969395
4332,7468.052857243667,4747.753197746663,2.0,20.869122844425164
4333,9192.166165741575,4957.294438427605,2.0,20.86649942028563
4334,6414.992078957707,5447.510093348797,2.0,20.86211826412303
4335,2746.067724299571,4455.462247054674,2.0,20.86011607251418
4336,720.0193822410964,4833.34571752927,2.0,20.86010692623861
4337,9465.075565256479,525.2602627571733,2.0,20.855517961181356
4338,522.385206898436,4245.051700177829,2.0,20.854848664167793
4339,1935.209500977389,4447.309111414423,3.0,20.85195666446783
4340,7133.377458675578,91.1056140237366,2.0,20.84864322428169
4341,846.2808423398059,5092.970474454178,2.0,20.842245743597307
4342,7364.465905541661,939.1785670681056,2.0,20.841936345105214
4343,7887.08467412205,3843.4934247784804,2.0,20.84033914597715
4344,8006.403950985457,5365.801482721783,2.0,20.837154855189727
4345,7087.319446575289,185.65569498653616,3.0,20.833365655039263
4346,773.0143645351601,2369.3121488898173,2.0,20.830437388167095
4347,6781.181768850888,645.3317776849566,3.0,20.828965986059913
4348,6000.583772971029,3035.5943284482964,2.0,20.825056008486865
4349,6101.955306433841,3145.254540378222,2.0,20.824029318759763
4350,866.2143995763465,4601.728870467488,2.0,20.820509954183436
4351,1576.2288414805237,1775.8809086110277,2.0,20.817883889859676
4352,1143.4244923404628,693.2285736606358,3.0,20.810957691487214
4353,4032.6555460162094,2873.860646048539,2.0,20.81033418502769
4354,3091.1608486518003,1921.2389322660154,2.0,20.809096984723595
4355,2970.8381205470437,2892.1796502198463,2.0,20.807975205746416
4356,2050.6387235727293,55.532421001457934,3.0,20.80140038512389
4357,5515.600922211436,365.6335034928061,2.0,20.797169370674354
4358,8346.430301078928,5037.333275391546,3.0,20.795222618572428
4359,2331.482730777587,4809.450525202653,4.0,20.793554051408492
4360,3653.083197805972,4999.503979884968,2.0,20.78556056594139
4361,6801.027693825518,1272.5667333987062,2.0,20.781016041623598
4362,6818.593465632048,5573.26501035675,3.0,20.77284708114623
4363,1559.115301101142,997.6298722035654,2.0,20.765438760816796
4364,8539.532182998893,5013.114814166619,2.0,20.76438808941013
4365,5250.979710853604,3264.810417348829,2.0,20.758841301280345
4366,7667.42999225542,6345.561459596549,3.0,20.75875294166277
4367,845.2371796268593,1711.4418082217032,3.0,20.75608781143633
4368,9435.015688844542,629.5731040400473,2.0,20.75035876816838
4369,1590.1495955634857,3869.686241099167,2.0,20.74879341793379
4370,1480.4350516522231,5509.636313034021,2.0,20.746481509078
4371,1190.1678979977692,1097.152654931718,3.0,20.74610657564464
4372,3791.494920034842,3869.1314341442517,2.0,20.745924014869043
4373,5736.516646594328,4663.291360154907,3.0,20.745898298098084
4374,2104.434487963317,4989.367278514538,3.0,20.745573873625954
4375,1380.1914541511367,357.3207935951941,3.0,20.74509491964804
4376,1616.2088618720632,5133.413191135888,2.0,20.7448007311075
4377,6771.419005088291,3126.8593644538196,3.0,20.74073112518285
4378,2757.4528541834734,1783.1941691520808,3.0,20.740548541863063
4379,4173.448497140783,4405.887159308498,2.0,20.738289847431293
4380,7969.1052286353815,953.4247347766985,2.0,20.7370838172877
4381,8239.5962312578,271.0840272542931,2.0,20.731904955321482
4382,5987.346007051978,4281.566946594464,3.0,20.72771518455898
4383,2674.3187533282776,1585.1413969391924,2.0,20.72743259999941
4384,2762.7108291728864,376.71296610992647,2.0,20.72423187386109
4385,1840.1382941924894,1879.49357087036,3.0,20.723126938166097
4386,5598.608659791456,4331.543359962415,2.0,20.72288901992639
4387,1065.0,835.4247690958182,2.0,20.721765591820294
4388,756.5581173681633,5085.270630410525,2.0,20.720713011148224
4389,6542.460408142272,2886.9205718946164,2.0,20.720241332608452
4390,7833.303733515517,1039.410101978515,3.0,20.71791151998963
4391,3397.8371605960083,5083.425822773648,2.0,20.714830100903015
4392,5907.131994290711,4409.664136379556,2.0,20.704928999108592
4393,4386.855935739037,4157.936814304137,2.0,20.703754866442114
4394,7089.465497406498,3826.107296226109,2.0,20.696595906220157
4395,711.6013761656244,2635.3947526393813,3.0,20.691627399858532
4396,5861.111303283624,4111.090692400164,2.0,20.68747308818715
4397,5001.855351370172,245.1797809483448,2.0,20.683508993211152
4398,5472.381840289223,4995.520763848679,3.0,20.68165005526829
4399,7974.4497361044305,4155.30656631996,2.0,20.672603132080013
4400,6227.938271671945,1679.5842731201687,2.0,20.671340912863155
4401,8511.386634863555,219.12446474870208,2.0,20.670515500903715
4402,6223.587501691981,6183.152428527328,2.0,20.669783219380644
4403,7850.145702484616,1543.35617092931,2.0,20.652003091863126
4404,3930.4680553208327,2495.0905097302607,2.0,20.650365042208062
4405,4306.518514624985,3070.2372819407724,3.0,20.648801756459793
4406,5627.399540859447,1273.286563603548,3.0,20.648216728376312
4407,9329.99136198196,4371.499186283021,2.0,20.6476444078499
4408,1387.4286717941109,565.0062323558456,2.0,20.64549183442407
4409,1195.161914508611,4211.527963611707,2.0,20.644250533328567
4410,4361.330635234275,5507.7660059716245,2.0,20.642475133606762
4411,2346.091285864491,3015.471119367087,2.0,20.642457608519198
4412,5682.67840809512,743.9980662094646,2.0,20.63936999619119
4413,5461.472820652909,2793.239062936802,2.0,20.635818221342095
4414,9013.291350273072,1988.8630119851687,2.0,20.630361284405847
4415,7282.984514630876,171.61576152748404,2.0,20.62008834038849
4416,6243.112164035072,5461.529962336314,2.0,20.620069704524475
4417,3317.689725844462,213.08129078057624,2.0,20.61371087675618
4418,4190.36751463743,3999.049559109962,2.0,20.612875648414114
4419,9566.060512812328,5941.682915177737,2.0,20.606616346440223
4420,6521.576637646506,2501.5413622542587,3.0,20.602762004494046
4421,3814.2796362847985,3333.714465363521,2.0,20.597764952963203
4422,5929.4383893258455,1161.95678894105,2.0,20.597693762099574
4423,1610.8180875130063,4875.499355875992,2.0,20.596392315427863
4424,8992.414199147717,493.1125211932517,2.0,20.587758812426667
4425,9532.6323276813,1819.4604163433967,3.0,20.587697338689466
4426,5302.207313914908,4246.775862850209,2.0,20.58636426508894
4427,229.55505661040436,509.0217515995314,2.0,20.583527525332133
4428,6790.739471287504,63.40832126594257,2.0,20.581990684632064
4429,5617.1653785792605,4473.6318443240225,3.0,20.58124223631643
4430,3021.357965386824,5529.413157502535,3.0,20.578401661702216
4431,7863.070152022717,347.5136984515537,2.0,20.575168319881648
4432,601.151572092652,2371.785256028441,2.0,20.57278915674525
4433,341.35435240701645,3879.171148721431,2.0,20.566402022954648
4434,2337.3616387513434,3745.9632732316477,2.0,20.563217810275553
4435,258.3387914174101,1335.024118463143,2.0,20.5612793009177
4436,5001.172613256457,2607.418754229861,2.0,20.55977580898987
4437,6147.838234315785,581.9027697233614,2.0,20.551883857174005
4438,7611.832842570232,2555.406130345309,3.0,20.551261657097832
4439,9454.115250691124,4813.445081500933,2.0,20.543811031332048
4440,6111.293529032907,2554.9631858660896,2.0,20.54299914796494
4441,8158.022733269583,3747.5460888260063,2.0,20.542010235381717
4442,9326.337875134997,2623.9154298484837,2.0,20.539992480793337
4443,2259.5420821833004,6151.559078996321,3.0,20.538057510018813
4444,5373.089520310841,5909.594301687865,2.0,20.53290568007418
4445,9212.15035675732,5229.321147227184,2.0,20.528655280161498
4446,3412.358409767591,5949.140091010989,2.0,20.527813272352308
4447,1601.054049275273,3683.6082182603973,2.0,20.52009819091419
4448,3065.0846011962826,2323.1431341776106,2.0,20.51863440507982
4449,5498.22305042107,4336.889590659504,2.0,20.51795404429958
4450,7574.222947292467,1229.3277154567995,2.0,20.51774219428177
4451,2825.3326011402264,2221.1801910505565,2.0,20.51597072205658
4452,7052.279647099737,294.96002520918387,2.0,20.515261091686494
4453,8695.609228558049,3965.6757219106353,3.0,20.509589069026067
4454,8345.173469716165,2691.554827619458,3.0,20.500031585015964
4455,8931.326006219104,1889.212627435702,3.0,20.49959633536452
4456,3949.338633218436,4319.274710671284,2.0,20.4964988113594
4457,1763.983336566987,2507.767847105426,2.0,20.496287080377535
4458,3173.218273178035,5481.673262505006,2.0,20.496106764563375
4459,2118.108933336837,5490.983635002807,2.0,20.493972973155568
4460,8131.6776910276885,3807.809243521556,3.0,20.493279633381622
4461,3143.2047593939897,4755.737694964677,2.0,20.492993372304174
4462,4220.613933884235,3970.9876902322726,2.0,20.491231481905846
4463,1500.1001668660315,4179.4008017690385,2.0,20.490051662537784
4464,1383.6318868312196,2869.4650898734308,3.0,20.489543741679086
4465,6269.064313144144,4933.444857657698,2.0,20.488086237537967
4466,2187.121360710827,1187.6252807098922,2.0,20.485652291822916
4467,8319.294044306718,2353.9265835108763,2.0,20.481946765159606
4468,4715.145599313562,832.1052275998812,2.0,20.48016847178384
4469,7137.4007114591,3625.2329915331857,3.0,20.47971586015744
4470,6035.214773141347,5939.599291912876,3.0,20.478271654014968
4471,1054.0924857016298,5707.584836391907,2.0,20.470366136694583
4472,1914.3833902130712,2725.0023307280603,2.0,20.468947548370284
4473,3753.5269394407865,1959.9216900320127,2.0,20.46276505536041
4474,1927.5058138112277,3271.192557063113,3.0,20.462698423701
4475,4665.253076229466,4715.121771349482,3.0,20.461253713017967
4476,7517.347026006714,4057.13697440955,2.0,20.4605628683181
4477,6110.282222191134,4819.352700451893,2.0,20.458782778064375
4478,8145.169840465204,2508.5250093082373,2.0,20.455928163250082
4479,8056.68642753406,3077.4333064154416,3.0,20.453648869187663
4480,8725.209071855557,80.03323873178164,2.0,20.452450771786186
4481,8096.0,5807.326366188032,2.0,20.450463936764173
4482,1241.476189777603,6101.239846893396,2.0,20.44794269792575
4483,7478.214139617158,1093.6641235347297,2.0,20.447210790961396
4484,6681.338050271213,4135.984006648502,2.0,20.44115357844442
4485,4113.066732221818,2755.708526442353,2.0,20.433157290455597
4486,8979.555637511601,4937.224795218842,2.0,20.4309276899129
4487,6750.414606642002,2014.6405308391325,2.0,20.428681017882564
4488,4218.210925626982,4307.454201928178,3.0,20.42633973616143
4489,2410.545705039667,2784.0409195486664,2.0,20.425672987872456
4490,9076.832215967881,5331.597838431758,3.0,20.424601322945264
4491,3950.608138093521,973.2230446313735,2.0,20.42456928400361
4492,557.6377894748467,5615.067728540949,2.0,20.42379546343235
4493,7559.324478685073,2501.2765356066757,3.0,20.41558861047942
4494,6843.956945446774,4683.236084835101,2.0,20.40918177155016
4495,4294.370864550698,6201.118152908473,2.0,20.40380207458849
4496,1973.9707436073525,4973.511810063044,2.0,20.400408653102428
4497,5863.271365193163,171.61515665204357,3.0,20.398717681606048
4498,3553.517811589578,3738.9818992985915,2.0,20.3976917660229
4499,2711.926204680229,5677.271994707392,2.0,20.393352719746783
4500,5093.676071326789,6127.026412467551,2.0,20.390110423873153
4501,3098.2672192143546,6044.7114256475425,2.0,20.389538831081957
4502,4283.390983990222,4735.957774948579,2.0,20.388132166532557
4503,6219.253611242632,5095.451889567411,3.0,20.383448070932193
4504,5572.479694914405,3523.311958982913,2.0,20.379207399548836
4505,5549.472366026379,1487.5829778734496,3.0,20.37883833608749
4506,7224.509181739914,853.0521548993762,2.0,20.364786667189883
4507,9172.127091614035,4185.625725742929,2.0,20.363457248984307
4508,6999.444914864775,3694.956249131361,2.0,20.363364225134266
4509,99.0,189.54626692309608,2.0,20.362794210218624
4510,7687.500602238161,1205.8533444629304,2.0,20.358164114469997
4511,818.4915949291292,4777.007791572806,2.0,20.3572939702059
4512,4021.5217607893615,3964.96293555939,2.0,20.352581267715422
4513,642.2274722331548,2413.3546342341983,2.0,20.3525251968409
4514,1664.4313591187365,1211.47937132249,3.0,20.35221789676497
4515,3172.3390866600994,809.0903315919633,3.0,20.35190243487145
4516,992.0229657379708,697.4858269991388,2.0,20.34486667675447
4517,6067.226574228659,3869.3574972175193,3.0,20.344134513578112
4518,2135.948612851516,3145.262318691643,2.0,20.3428833536325
4519,7186.712816475603,4967.189608203013,2.0,20.342350000682472
4520,8064.012105487578,4533.577697651898,3.0,20.340787167969516
4521,920.4043933127949,5873.508602456704,2.0,20.338076272957416
4522,1167.6291266006099,3899.573256563542,3.0,20.337058739990667
4523,6647.241594813221,2995.5146648097793,2.0,20.33028217928572
4524,7392.589967849429,2256.8430410823876,2.0,20.327911954246286
4525,3808.9912604665096,5037.635626644115,2.0,20.32074674638626
4526,5966.688439002586,3951.831818673339,2.0,20.318872569205723
4527,3592.744778411211,284.9113591269609,2.0,20.317027409704792
4528,7208.106615488896,719.6683957433902,2.0,20.314499301904974
4529,1209.2330237898054,4535.43819736926,3.0,20.31434492825943
4530,3556.9837753044562,4091.403527150735,2.0,20.312607695105743
4531,6579.358081830972,1065.0609836893436,2.0,20.30965386073263
4532,9413.99673926591,3678.846507337911,3.0,20.300956455962286
4533,1678.1200469222988,2153.482491073988,2.0,20.299800710095948
4534,6216.517408170429,3446.0369933545435,2.0,20.299660858333375
4535,7385.990258928135,101.36803586537852,2.0,20.29513425910682
4536,2175.122918340044,6192.389989748607,2.0,20.29393930003962
4537,5406.046047650821,2253.377829899748,2.0,20.293551095279746
4538,3112.132248256631,347.51218674881363,2.0,20.293016246079624
4539,4389.3344311805395,3719.1950453042114,2.0,20.291771377839925
4540,7933.180427924769,603.4030777042792,3.0,20.290980243797357
4541,2528.3561700272585,5831.555418891469,3.0,20.288913420309427
4542,56.44243874553944,1105.2775266209965,2.0,20.28745885950942
4543,5110.669965173627,1075.0826120769211,2.0,20.284369549842914
4544,7704.458976649745,6081.109189610184,2.0,20.283708907519525
4545,297.14454189609535,6349.78149226103,2.0,20.282997958158006
4546,2768.374074826242,5865.265151908994,2.0,20.28056141253094
4547,448.5114969344298,2129.5141928706507,3.0,20.279013131273462
4548,195.66973266379142,231.5601842867981,3.0,20.27874756362192
4549,7781.870285464291,3907.2046764384436,2.0,20.276957728059607
4550,4374.758419386989,1801.195988802861,2.0,20.27281454665116
4551,3017.352880480485,3955.5785791827248,3.0,20.2685200273429
4552,4994.207395236038,1883.6826387914937,2.0,20.265685934174844
4553,6581.321422585316,2989.2521888968226,2.0,20.25984718138789
4554,1633.3553128428896,1282.9446426672348,2.0,20.257922545675388
4555,5958.70916176728,2010.9625900924327,2.0,20.257111977724318
4556,2717.1242905331897,771.3760580668308,2.0,20.250240621298804
4557,958.0264078702646,3833.359088451247,2.0,20.24334568575974
4558,5376.3462445175155,2679.110586559337,2.0,20.241882131667662
4559,3404.876140627879,5141.525826336161,2.0,20.238314912333472
4560,6695.459445301267,1953.6057993272327,3.0,20.237555771484555
4561,4832.158001840845,4912.08637316343,2.0,20.236648920653916
4562,1869.3705013690371,4759.188765699608,2.0,20.23548614619832
4563,4275.309008707768,2845.3304366325356,3.0,20.234575684241623
4564,5212.366761732096,2407.2498060986986,3.0,20.23251026011095
4565,2320.921336301604,1401.9310857718642,2.0,20.232040149216235
4566,7237.793970831012,87.57918876174273,2.0,20.230279248551245
4567,792.1134792459349,2225.237062855331,2.0,20.227868679083866
4568,1493.3550037396574,1994.893247197242,2.0,20.225544839969
4569,5245.149529701098,2999.8456282200987,2.0,20.222553082881557
4570,850.0870989717762,1069.3996579452835,2.0,20.22236244982049
4571,7374.14098803021,1099.4780287462993,2.0,20.216519939742344
4572,9240.314277032712,6173.105138976231,2.0,20.215389190075996
4573,3823.3034113881636,3751.8019902108235,3.0,20.213822031315242
4574,5399.487481463139,3254.8013053812765,2.0,20.210774447613268
4575,1274.7607152516455,5968.00809644748,2.0,20.209074102999526
4576,4924.256822029658,2088.369125320882,2.0,20.20903148866082
4577,4905.633830428475,1847.1782418503988,3.0,20.203618623230575
4578,5451.158723356601,2233.97205599801,2.0,20.20337596158996
4579,8056.915240723404,1851.7736383669696,2.0,20.194261448651506
4580,2536.4277767073795,3475.591176269464,3.0,20.191972826011405
4581,6368.422606011636,1446.9858332216497,2.0,20.19183901684811
4582,2212.0965110443926,6231.88792005408,2.0,20.191825795727983
4583,5189.248967866981,2885.399567496208,2.0,20.189145010283415
4584,2558.38836162995,1785.5976869480714,3.0,20.181824225501604
4585,8770.501982107495,5799.912028065845,2.0,20.17824244420501
4586,8878.058597477022,395.25517756378633,2.0,20.173882638784455
4587,3693.295889826306,2702.99708681108,2.0,20.173559219870995
4588,396.56467133882774,5014.909935223189,2.0,20.167113963621166
4589,699.824231192567,663.020871333002,3.0,20.16673862283368
4590,3242.0533103107314,3765.359124572084,2.0,20.165514198652392
4591,949.3520045904692,935.7106929899204,3.0,20.154130461333196
4592,2743.1908874206933,1623.6138020439791,2.0,20.153665809494058
4593,2638.2242496346403,5865.301285571319,2.0,20.151820623435764
4594,7698.640349060197,2709.779247694596,3.0,20.147131646924183
4595,3744.2558130146017,3871.0139936563505,2.0,20.14248890881531
4596,195.30128671618795,6341.06673342937,2.0,20.141807654455192
4597,9224.50728958544,2835.1195277046613,2.0,20.135360113632043
4598,2106.046618428847,5089.451913669369,2.0,20.13391052382024
4599,2204.5092481283264,2567.156512868127,2.0,20.128619917594474
4600,4811.646560955273,3080.0082204423757,2.0,20.123165177351684
4601,4644.122521410779,1241.374085106941,2.0,20.12089657836921
4602,854.1476502161624,5435.662071070651,2.0,20.11890961130323
4603,9208.640753528174,2510.8907906079676,2.0,20.118414055438773
4604,5802.180856426193,4145.2596757295305,3.0,20.116812409209793
4605,8513.177507144022,1739.2873379946868,3.0,20.116327628810474
4606,6717.108834588482,1409.6254148942687,2.0,20.108281539497323
4607,3804.308034783494,5458.820013410832,3.0,20.104137444611272
4608,7720.063440606736,611.482116403516,2.0,20.103006425124942
4609,3050.416944126412,2677.2953348345504,3.0,20.102542296961072
4610,6933.588239079032,2886.151739480604,2.0,20.10228247028763
4611,6743.3588476047535,6115.712873711264,3.0,20.102156379588415
4612,1598.0281833201461,2443.5026829489234,2.0,20.098559010553885
4613,8387.258618721378,1403.5525877619998,2.0,20.096975367448227
4614,1796.5812272831465,507.17071137260183,2.0,20.096650934343124
4615,6571.529949700924,5125.4164010502855,3.0,20.094226801495218
4616,4411.706986532188,6005.435618830348,2.0,20.093213702008487
4617,3518.444086427275,6359.053711587285,2.0,20.091478698876227
4618,2353.1462775715363,1055.5846538972717,2.0,20.087430271198304
4619,501.2161897621877,1155.4603346782685,2.0,20.087139622920628
4620,1678.0889463633662,5275.256025599434,3.0,20.0834985466457
4621,4753.099979480503,5699.711188639499,2.0,20.081633850154823
4622,8746.179484691824,6119.478854044732,2.0,20.078145040715327
4623,3430.0180860356704,6280.506490811596,2.0,20.077737650105327
4624,3719.1717692890593,4956.797378060754,2.0,20.074749620515632
4625,5459.089363623457,2373.590163610563,2.0,20.074219591703706
4626,1505.5122335113454,6185.070938641633,2.0,20.071063563671416
4627,7517.920968231422,3059.6478180345775,2.0,20.068488642731726
4628,1469.0382118485277,5371.531977214034,2.0,20.06811660302334
4629,4147.9551581052865,4071.783625101179,2.0,20.065167502131345
4630,1700.465891683694,3811.0279391094264,2.0,20.064928382777573
4631,3230.118858123958,5321.3194306515425,2.0,20.063980676699703
4632,3611.3327294404376,4648.989028812023,2.0,20.059871240338587
4633,5994.075596875349,2129.202945213929,2.0,20.058729946876365
4634,3985.9753041126614,4229.558576285299,2.0,20.05546781274612
4635,4914.098734103343,3057.4979382427673,2.0,20.050494681987967
4636,2116.2819204875796,5593.64664478071,3.0,20.049819176587967
4637,3703.030855383045,3279.64580952205,3.0,20.04863605728145
4638,7970.392449274251,3074.0085965564276,2.0,20.047751806740653
4639,6369.794721479071,2262.0986209113057,2.0,20.04522623852952
4640,8082.526748442485,5985.789424844793,3.0,20.04182502488196
4641,3882.91453859401,4769.576869554336,3.0,20.03883701269319
4642,8940.384181592512,5699.949370956369,2.0,20.03856360240156
4643,5371.621189092911,187.78346470700953,3.0,20.036661788120732
4644,6655.85257293525,2940.769244911222,3.0,20.036503286855364
4645,663.3539556273348,397.20109376305925,2.0,20.036277623390887
4646,5649.821209820183,6177.62587445524,2.0,20.035635388079267
4647,813.2546357549762,1673.8641640904382,2.0,20.031479325498065
4648,4851.205810195769,1235.9318422714343,2.0,20.03117549896066
4649,6427.064978192391,6160.23293793485,2.0,20.030434205945863
4650,1261.4333379486427,3051.892866952127,2.0,20.029322620242024
4651,4615.427179860105,2923.5772774690745,3.0,20.023685271436186
4652,8107.3096235357925,1246.9016959688129,2.0,20.01722838146335
4653,2142.250463696429,3044.035326793027,2.0,20.016475489711656
4654,6810.2006624888845,1419.6411847734164,2.0,20.013293233491765
4655,8868.932614677438,5559.429877084008,2.0,20.012793591334198
4656,392.4707129065522,925.9696476984037,2.0,20.01031026954825
4657,8297.223803642455,4471.496710225004,2.0,20.009027564008704
4658,4054.439404320186,6315.702935170257,3.0,20.007702138477324
4659,3207.503567476129,1284.2572105539825,2.0,20.00681928617007
4660,3331.9565156643134,6097.357491922017,2.0,20.005772783462575
4661,2308.316749711976,4421.726960338228,2.0,20.005271522901538
4662,5932.260031629023,1403.309112952477,2.0,20.0034879684373
4663,3172.1745471021572,3559.531864889438,2.0,20.002421055724138
4664,9561.948900836062,4689.216255717684,2.0,19.997634772042733
4665,2797.3257281773695,3438.9673479426133,2.0,19.990495873954426
4666,3425.2791562495113,3089.1568527305544,2.0,19.989180271847104
4667,3095.085277957347,2229.3156357675907,2.0,19.98719022467801
4668,503.51731363825206,987.1455723173306,2.0,19.985273823543224
4669,4029.530116223041,772.9665556206312,2.0,19.982772671164046
4670,798.3267887236549,6123.452215568549,3.0,19.980831527120248
4671,7479.93379713924,5869.496822071316,2.0,19.977707000592904
4672,1322.0040059697458,5399.533624466439,2.0,19.966811915192345
4673,7052.813812232798,4569.308360847709,2.0,19.963614635492046
4674,8393.587769247753,1076.9356202241474,2.0,19.96183832041708
4675,1032.1946315637751,6155.487797669761,2.0,19.960578585524637
4676,1693.1514680496975,663.3938597886901,2.0,19.95894547144838
4677,2848.1498325839134,3199.5178999076534,2.0,19.95714522513983
4678,8836.193157049069,1159.5520220042654,2.0,19.95695631096416
4679,3106.478367189322,5703.110216893704,2.0,19.954894049609106
4680,4882.449954160354,3493.6084548168387,3.0,19.954168369559394
4681,3785.982281341834,5407.045110741054,3.0,19.953633492844617
4682,58.272886919406595,2626.921035736536,2.0,19.95150425638612
4683,1703.2905816846878,6137.991847660479,2.0,19.947765041848065
4684,9388.219325788234,2785.4304325033872,2.0,19.942098329580674
4685,4083.6159841389394,4607.093645638501,2.0,19.9384515452209
4686,1378.229397090293,3241.4891907594692,2.0,19.93096187495276
4687,8748.162794156011,3118.4884843735917,3.0,19.930239171844068
4688,2455.004440157041,2723.71784161015,2.0,19.92668162359449
4689,6908.550598042816,5073.101439887984,2.0,19.926324773932176
4690,5632.273793672539,5375.6897327691695,3.0,19.92176139436554
4691,2014.0688742036057,1620.8194614793463,2.0,19.919165841158296
4692,8607.687624528506,1831.3504672622735,3.0,19.918074302146465
4693,8917.073460753323,2103.7065489151405,2.0,19.917318270523463
4694,186.9897824890481,519.2675965323833,2.0,19.915867240227424
4695,6618.473944290278,1172.0229080170652,2.0,19.915362249725348
4696,5841.378864306439,3284.9837834466152,2.0,19.91519251807712
4697,7082.536161000936,4219.41552621469,3.0,19.913953922841948
4698,4964.37095531477,20.99955576664217,2.0,19.911874520749357
4699,8317.934656676935,2599.6703021867693,2.0,19.909070349935213
4700,7545.2757007155415,2958.904595545202,2.0,19.90816286604302
4701,2851.518544969493,6159.151439853461,2.0,19.904789165404555
4702,8670.386297574123,5353.060510690179,2.0,19.90228244478457
4703,2736.100457629085,1822.5757062770185,2.0,19.901263071299116
4704,1474.82907772365,4259.550904728747,2.0,19.897578035838148
4705,7645.8208354307935,4453.722978206598,2.0,19.896231110411296
4706,6792.2850132489775,2283.0557743443956,2.0,19.892420489001392
4707,9214.144326716487,3385.5410454163175,2.0,19.890365071243057
4708,9547.459460403014,3703.11962612632,2.0,19.88956060436368
4709,2140.390817670763,4863.188485783644,3.0,19.888717108532646
4710,9027.051665417406,1827.6723635402666,2.0,19.885367783854885
4711,6778.9262378866515,3579.633926639618,2.0,19.885189511814346
4712,2879.5078902859213,2205.311036543781,3.0,19.880187677075106
4713,5286.151333116611,2155.5441157486953,2.0,19.878180879492593
4714,2950.1083021146555,4380.746483231512,2.0,19.870973232044363
4715,5310.93066938739,4471.495748491669,2.0,19.86495132266925
4716,5315.476042729068,6329.832916621258,2.0,19.85944017321711
4717,5197.544356066727,2193.07918184585,2.0,19.856491389367825
4718,820.4005941935843,1810.0312316598847,2.0,19.856308181700065
4719,2338.9647186804336,3671.431625215476,2.0,19.83976934584764
4720,5909.636899515319,51.37744049751384,2.0,19.839628111328693
4721,1843.883001332516,3515.472556891416,2.0,19.82558236247034
4722,9083.1445154483,1593.5009926992586,2.0,19.824390976253426
4723,4219.003713109088,175.43807798397125,2.0,19.824274917341548
4724,193.41497926184852,5397.119599482049,2.0,19.823564160213785
4725,1627.0688424669024,801.6482421481232,2.0,19.822949664055923
4726,9359.318667929854,1811.5003640244515,3.0,19.822797334633997
4727,4885.224804460293,4117.483881626266,2.0,19.822212409141706
4728,7643.207116531675,41.40886842336577,2.0,19.81768457264983
4729,8160.127486460401,4673.3656464805,2.0,19.816194258459124
4730,1415.216609880239,2780.1968627720053,2.0,19.814897283012684
4731,121.81524150967137,2804.6223034901145,2.0,19.81472596701912
4732,4011.296281996024,779.5455299878696,2.0,19.812984300223242
4733,5228.330129183874,6083.372472827973,2.0,19.809331650253107
4734,8160.236822548977,2029.950403869736,2.0,19.80862389957222
4735,3934.4889301708863,2771.85901581957,2.0,19.804115962717677
4736,1709.9425830605592,5097.549571288272,2.0,19.8038915674819
4737,1472.022013558081,1429.5985748965481,2.0,19.794272209776324
4738,7765.113745429282,1163.2999461141674,2.0,19.792183329122885
4739,4724.390742516311,575.1007723111243,2.0,19.79069663874643
4740,6580.229663738907,2453.097603405391,2.0,19.782199013251837
4741,2019.924794906496,2935.1645801329482,2.0,19.781199385072668
4742,5790.246442626893,4375.042379131109,2.0,19.780210034523165
4743,1790.124168739075,5916.949875216883,2.0,19.776004095767085
4744,6846.0976437379495,1651.3656625228518,2.0,19.77490784845355
4745,4782.966015436051,3249.5671700538346,2.0,19.7733707713521
4746,7807.990474542027,1319.3017043508978,2.0,19.771213134629367
4747,5299.232766330996,4613.098662909142,2.0,19.768790093672223
4748,9200.068204213825,51.55879634324401,2.0,19.7682855283311
4749,3508.7428365766427,5886.078925426651,2.0,19.76710600397281
4750,8995.712925623238,931.0948321179065,2.0,19.766455311565544
4751,5466.854778628294,5127.680173789607,2.0,19.75968608138863
4752,1212.241140827176,5355.83207302988,2.0,19.75598840541464
4753,6748.929111920219,941.364862465849,2.0,19.7551973438044
4754,1109.1436556448807,605.3481911457026,2.0,19.75122885100707
4755,2566.9329873109045,6231.23709544938,2.0,19.74885487711237
4756,5001.614239843352,129.45587810396177,3.0,19.74855786316407
4757,5054.562293089052,2967.0366662239257,2.0,19.7474591882438
4758,1204.5331578134578,587.0301004464362,2.0,19.74487417441484
4759,2176.065172048745,2543.376399370026,2.0,19.743916390967684
4760,1560.9773322319045,5455.607565557521,2.0,19.743703392182567
4761,6949.519145326332,6127.564591905034,3.0,19.7416039054347
4762,3408.8851639746113,4435.709266884743,2.0,19.739273090468423
4763,2888.278932438206,955.6376633172443,2.0,19.738855181389628
4764,2143.4975319499763,1877.442326545402,3.0,19.736126571156724
4765,6869.052802961118,2501.7165974788136,2.0,19.7355657352735
4766,6207.91707333773,3167.011088594912,3.0,19.733041360149887
4767,175.08808895761854,2355.5393224446316,2.0,19.729235889103602
4768,5691.079076870854,3673.42926091493,2.0,19.728232579010626
4769,9050.30294166783,5065.59477521014,3.0,19.728117069736104
4770,2163.005980266196,1793.3500808398512,2.0,19.727184674121403
4771,5169.125482585014,3633.3443432234058,2.0,19.72421747313039
4772,4048.2193184888915,3724.263732769711,2.0,19.721523497895166
4773,1649.3557039800476,3895.2390691296855,3.0,19.713283639656964
4774,81.2434706217796,255.46555291220116,2.0,19.71163922309591
4775,8160.652394948776,3543.2033611343586,2.0,19.710130716805597
4776,7274.563856108102,3144.9788828782066,2.0,19.70918000470361
4777,2476.041619173236,1975.5326020998518,2.0,19.705472281886554
4778,2782.1203731819933,2277.334633038692,2.0,19.70509128453088
4779,287.875243554228,4601.459830397218,2.0,19.701816079903114
4780,3475.603222411963,3055.3469646314684,3.0,19.700589625120813
4781,7330.354066069982,4252.956720783877,2.0,19.698745567696946
4782,6358.256788986152,3083.44647454994,2.0,19.69808786088746
4783,2815.0883264783834,4527.508241554358,2.0,19.696070881551773
4784,3691.9246089593294,4795.512317393069,2.0,19.695098245080032
4785,4269.951039069639,1613.4040380936194,2.0,19.69310310608442
4786,9292.615321819258,1039.4308041304855,3.0,19.687211742550264
4787,4250.342629155761,4699.621180969266,2.0,19.686220767492134
4788,5521.442779865326,777.8877946049753,2.0,19.684573958019744
4789,3745.1003166895516,2503.4201688958433,2.0,19.683921440781265
4790,5172.0792523573755,2620.7953847138697,3.0,19.68182561775122
4791,3398.4167808017437,4770.115893851359,2.0,19.679758821115723
4792,9548.311473905003,787.6516764156215,3.0,19.679661895508875
4793,9112.517929300424,1741.534363707864,3.0,19.67530452680418
4794,8587.708956949147,3989.195169869781,2.0,19.674759279030287
4795,8602.68358991875,5609.362707144962,2.0,19.673646130732365
4796,2901.1715606415055,3725.438651968005,2.0,19.672601008383626
4797,4007.3352753363974,2671.281951940051,2.0,19.672391585390386
4798,5069.337896194382,3289.3410545118363,3.0,19.67157388586264
4799,2707.4454186871685,2611.252344040888,2.0,19.668363683952645
4800,9569.653943492047,4297.065466864433,2.0,19.661901612523657
4801,8937.632737117552,1265.26674144727,3.0,19.65950595775015
4802,8292.589143797602,735.4258554612138,3.0,19.659333211033353
4803,5477.556003183687,4953.7982889504865,3.0,19.65902765019936
4804,4633.9135595947755,1803.6423008070856,2.0,19.65223565240321
4805,1420.5028626182525,6351.1639419064495,2.0,19.648701627652837
4806,6247.03608481814,1184.287622914863,2.0,19.642015880516855
4807,5895.203903935475,949.5184056702312,2.0,19.63979447401067
4808,3466.2914844340344,431.5470114550204,3.0,19.638328772440868
4809,4533.335863254336,4841.165262150179,2.0,19.638106684697817
4810,8943.054214968335,2793.416976215681,2.0,19.636462450477847
4811,3043.3255791573215,1284.9671385243266,2.0,19.635183926747455
4812,7148.1056528427225,2123.4337581715395,2.0,19.634752589980998
4813,5020.127529711288,1979.26391838467,2.0,19.63441241906611
4814,408.38152906385534,4836.103617772236,2.0,19.632529619362455
4815,3869.8554612737635,4655.197801712798,3.0,19.630805097466915
4816,1287.1533203318581,5005.512938392871,2.0,19.627685378282745
4817,1503.279737931783,5663.038491325559,3.0,19.62730143192072
4818,4157.988205396072,5663.568537060207,2.0,19.626798774660358
4819,9128.240577740262,5744.904038922765,2.0,19.62458589887385
4820,8397.45094086576,4341.014708481723,2.0,19.62311854977753
4821,2604.5550197207904,4543.080687047372,2.0,19.621364301520945
4822,9254.380520403394,5863.448111449818,3.0,19.616906846792418
4823,3614.6357525647404,5291.198171906251,2.0,19.614007347976678
4824,205.07054449412925,2205.3795026164407,2.0,19.613532089031995
4825,9263.211766482582,4147.312663257356,3.0,19.6077260098406
4826,5083.288717183387,2291.2858922449223,3.0,19.6064788199564
4827,9433.365431329608,4277.049946167302,2.0,19.606318480631913
4828,4327.1274722325525,45.64524745155535,2.0,19.60094842949298
4829,8961.247547728268,2077.786482099322,2.0,19.60017564432379
4830,9423.875111943149,1851.3522960185426,2.0,19.596108540951086
4831,1308.172701097064,3525.689264054367,2.0,19.594675468964592
4832,7037.223674340023,4388.705472293195,2.0,19.59215951231989
4833,2699.1874533941614,3994.9072039149287,2.0,19.590965118670763
4834,2943.4816065684413,3954.908778873475,2.0,19.59058376462034
4835,6568.235337401318,5919.329039556587,2.0,19.58980145347108
4836,7448.69914658769,4705.498405674262,3.0,19.589719783236095
4837,5957.168888677313,5657.542541709476,2.0,19.587567222737775
4838,4752.731238640113,926.9934318265838,2.0,19.587224612892648
4839,6056.575248857945,6349.295065359568,2.0,19.58451485808598
4840,2461.726576972483,389.157394625499,2.0,19.582452558939
4841,6333.311075069479,3332.13987235954,2.0,19.581926242317014
4842,6566.0349712577545,3407.843459137295,2.0,19.577909477236958
4843,7336.945114369687,5827.616519701962,2.0,19.5758121579549
4844,1559.0705097878338,5691.133220905184,2.0,19.5748887634842
4845,4402.428437196325,3637.598236476228,3.0,19.573265848710356
4846,8000.828556121883,5784.852074936073,2.0,19.5677121033009
4847,3821.0661689826425,26.166271474924486,2.0,19.567078375689853
4848,5318.160251013448,4649.498259304111,2.0,19.560275397111162
4849,9375.387794851184,1497.1286053350138,2.0,19.557078064701013
4850,9506.15403904454,6331.3934102269095,2.0,19.553255827990903
4851,4532.926001001067,3399.3735977363667,2.0,19.55076533157097
4852,8584.282847559754,2453.884690231877,2.0,19.548384230705317
4853,9215.499062935942,3075.96158188519,2.0,19.546142333410927
4854,9118.386909281095,4191.638620954818,2.0,19.54163305594419
4855,9432.765056447606,6289.08172513269,2.0,19.54096485046593
4856,4516.537980978426,4351.323724153327,3.0,19.539888216139374
4857,9272.66201093356,1519.8752305074609,2.0,19.538431128937518
4858,2856.8024609147856,5322.215805860991,2.0,19.5379534869816
4859,782.102142966722,1157.2583536322345,3.0,19.537390356330356
4860,9235.252370391305,5593.521884540089,2.0,19.534880110479797
4861,9237.9804572014,6091.3783679777935,2.0,19.529084810768484
4862,7211.208196867794,2051.0166564315737,2.0,19.524044867526502
4863,4565.466215312203,91.2103329240593,2.0,19.520648324399172
4864,6930.06630752949,5121.463985349986,2.0,19.519461997578397
4865,5500.422754901569,4431.099035070374,2.0,19.517016364640234
4866,7384.4323483567,793.5328306523719,3.0,19.516400803100517
4867,189.60022796097678,363.1997723079661,3.0,19.514558746386445
4868,6526.986125089188,3107.054664571127,2.0,19.511972478580702
4869,4407.458748053674,3581.9296113939768,2.0,19.507236149696308
4870,7694.088022408321,4245.619592241659,2.0,19.505848643245862
4871,8366.014251432216,1563.3748886371782,2.0,19.505671960737807
4872,2998.783362795778,3715.595007333102,2.0,19.505347582892448
4873,7559.573423593594,4373.953606980733,2.0,19.50148536605469
4874,8303.443494132258,6039.605460421432,3.0,19.49789167660551
4875,3522.8797201066595,4165.584554680961,2.0,19.49670893404185
4876,745.4500282123097,349.2156396981516,3.0,19.49598923203623
4877,6692.485877249136,3399.920465069548,2.0,19.495178793442047
4878,3185.1829370467594,4739.688948128165,2.0,19.49379189647215
4879,5528.321123807416,4818.1265414645595,2.0,19.491850868438643
4880,463.39573284765333,334.0699333915345,2.0,19.488351716015963
4881,3536.1832592194787,3747.9982873688705,2.0,19.486783724149383
4882,5608.559456538291,5711.128792996418,2.0,19.48504277466134
4883,7080.969830812568,5231.550059886774,2.0,19.47618772901449
4884,7472.810562541062,2677.164064734191,2.0,19.474308503353374
4885,9111.100602889612,1991.4420118378744,2.0,19.47394745824056
4886,7220.166950135882,763.7455172808086,2.0,19.471712731870337
4887,1557.5089747700356,4041.0301449465687,2.0,19.466108849107602
4888,6656.5227822218185,120.9539520151794,2.0,19.465109569132874
4889,2815.610532989832,2541.276300261003,2.0,19.46346615634306
4890,8258.388165761638,2234.014868387212,2.0,19.463255615499328
4891,1781.6111962613907,4937.259228650317,3.0,19.462144575307033
4892,780.1993244161771,2757.3806870371623,2.0,19.458774455345527
4893,713.9810117356641,3537.6719764918853,2.0,19.458598624940002
4894,8987.048268139084,4965.55433146106,2.0,19.457503117869326
4895,938.9324290674306,4547.255690389396,2.0,19.45591428655774
4896,7313.007204898242,6001.278746922937,2.0,19.455897613711517
4897,8932.81795308106,2881.441728068941,2.0,19.455640931710583
4898,7519.674123069058,3006.9802483217495,2.0,19.45362791396483
4899,8888.015646889593,1881.4060669781868,2.0,19.453459534828372
4900,6143.24057793957,3173.2675436501017,3.0,19.45271181028796
4901,4264.105681566625,5985.634493028519,2.0,19.452423511240173
4902,3106.064443707776,6173.463154070611,2.0,19.452091632209335
4903,7015.665405320421,1145.6505868231632,3.0,19.45186010449164
4904,668.347959490247,378.0079899574866,2.0,19.450025179598775
4905,3146.2443251631566,2013.423622104815,2.0,19.447459441048952
4906,8725.135560771037,2505.803402624602,2.0,19.444744529661055
4907,6444.6947367141765,4554.441790587941,2.0,19.44221102101493
4908,1646.3296818337483,3423.0,2.0,19.440396560233438
4909,7875.449911665754,1249.122581677309,2.0,19.4397576953631
4910,2817.169609773814,2641.392859344772,2.0,19.43720845924853
4911,5083.257110012972,2475.468033056318,2.0,19.434715038381867
4912,290.6838150417021,5355.8359157866,3.0,19.427809309348948
4913,4571.455006622057,1032.7835000145815,2.0,19.42750964272863
4914,7311.181976747791,26.946227653849924,2.0,19.42577337496764
4915,4304.231748363848,4347.407299039338,3.0,19.424876188035167
4916,4538.727631171376,4339.115434448009,2.0,19.421141954257944
4917,5853.295650937925,1351.7994577139473,3.0,19.41875882882352
4918,3366.0679853779266,2925.503204080975,2.0,19.41590440371563
4919,3377.5472084476023,5071.01932905804,2.0,19.414630622162385
4920,5371.014744411934,1417.4199307110778,2.0,19.413715389002913
4921,1487.5115226500238,459.0768542605882,2.0,19.40378430708065
4922,3409.9980376493845,5958.339394997018,2.0,19.403336465772444
4923,357.1581048203129,195.46115972455146,2.0,19.402977927410245
4924,314.281299682958,599.6316662416345,3.0,19.4019545749537
4925,743.1126846213316,2721.471754597367,2.0,19.40147000462388
4926,6071.559750880401,374.9596290801711,2.0,19.397721261117507
4927,853.9390434060392,3903.4875392161434,2.0,19.397397488559726
4928,4863.225382065799,979.4518781794791,2.0,19.396843606290464
4929,6782.313291706355,3282.0115054739244,2.0,19.39232286430197
4930,4931.0685229943965,1983.643313457167,2.0,19.388774840582386
4931,3827.477700290497,4477.801660183283,3.0,19.38777335749581
4932,2390.455223941355,2055.218407080202,3.0,19.385834618443184
4933,7468.181449512027,4789.613398780264,2.0,19.383545541304816
4934,1847.4918317775955,2527.2172815365006,3.0,19.38350580822843
4935,5444.043498041349,1615.4199494541645,2.0,19.382108145108273
4936,6021.29681881582,5204.970626603843,2.0,19.378713632891582
4937,367.62106923977456,3295.89996181788,2.0,19.378176976422132
4938,4211.082993241795,6119.510735454836,2.0,19.37361841415764
4939,8821.30292069051,6298.954561792895,2.0,19.372843888168568
4940,276.2761393406361,4071.3960573415197,3.0,19.370908371112982
4941,8037.988292631632,3204.522842424299,2.0,19.37065573317359
4942,8756.357230800753,4536.967346304335,2.0,19.369789001314075
4943,8852.084709771994,1735.5591085844408,2.0,19.365629351599043
4944,2373.2692677806563,2820.564814459695,2.0,19.36427576582343
4945,5022.264130130636,3974.9868643252044,2.0,19.361794053431307
4946,3750.2084034873337,225.43205376890774,2.0,19.361103167605314
4947,1686.9928596312363,6159.487524812347,2.0,19.3583360187109
4948,5877.668550932275,3127.5852601702154,3.0,19.358229429678886
4949,8780.216918864437,3467.5513001949557,3.0,19.356904042803187
4950,4064.430369261427,4453.128606653719,2.0,19.352892369267803
4951,4635.549819778012,6202.528648509154,3.0,19.349089230829776
4952,4358.10144876636,5247.127376917725,2.0,19.34695646527134
4953,7619.449120662702,2803.013694810102,2.0,19.343365195260247
4954,6285.143039637429,3765.032917498951,3.0,19.3400062952048
4955,3014.5311511982677,3916.9072377632833,2.0,19.337947615100664
4956,8668.487445793604,6043.15095519939,2.0,19.335456462027874
4957,542.4727007293702,5642.077788898229,2.0,19.333872464896046
4958,7892.330534799718,5797.7447103752265,2.0,19.333479585646153
4959,7877.068438316924,4961.6781821664845,2.0,19.327073673341793
4960,5082.465540594891,4849.4011183101675,3.0,19.32703932977573
4961,6933.119717266497,3435.4301317302106,2.0,19.326479590164965
4962,616.1778379815743,5705.6942043639665,2.0,19.324684876893095
4963,8944.08048446995,6023.366200733523,2.0,19.32445629199045
4964,2129.294631843882,5649.709881858648,3.0,19.32424380940381
4965,8562.769118206477,3365.342793673078,3.0,19.318076538167137
4966,9028.05941960422,515.7521585736106,2.0,19.31464854400071
4967,4164.075956455052,2225.5779839068123,2.0,19.31261007401881
4968,5155.435615729815,655.1618107428288,2.0,19.311656270569557
4969,7389.199248309756,3469.56713453967,2.0,19.30814776126057
4970,8334.06841953643,83.76995193224245,2.0,19.307144159530417
4971,207.48535897560683,5701.763825196736,2.0,19.303889492515587
4972,2702.78796084576,4936.968140707689,2.0,19.30206190734195
4973,3124.2772713134436,6028.974571310007,2.0,19.30083572290148
4974,3647.299359336852,1545.7668806999477,2.0,19.299205822164723
4975,272.07786698792347,2235.6716345761492,2.0,19.29676696718338
4976,4571.281833291903,63.35130203777477,2.0,19.295758288993373
4977,6518.140921210516,5881.574660338346,2.0,19.293824435433887
4978,7446.945560062095,1815.5190565094158,2.0,19.28910380643535
4979,9169.208428547738,5297.054012613371,2.0,19.28695945063285
4980,1107.5586922132272,3972.969532958491,2.0,19.28299139251256
4981,6553.887882755815,449.51139088235436,2.0,19.282988164690753
4982,4112.1744495697385,779.5939841559191,2.0,19.28213734306338
4983,1157.1969194954877,2456.9056468366,2.0,19.279233586376602
4984,4114.375300591553,4963.0562921952605,2.0,19.277262563463267
4985,8118.206803593083,4359.905850474099,2.0,19.277028486308865
4986,475.18075583734293,4769.404500789424,2.0,19.27525938661398
4987,3594.3799194600356,842.9779911643735,2.0,19.274310351074334
4988,4227.501710058493,6039.8879137854565,2.0,19.27368719543769
4989,1915.2299866243548,2953.4574915626877,2.0,19.2693363252719
4990,4236.251007313553,3445.033056335632,2.0,19.26832315449863
4991,3087.500535920863,5733.100410676332,2.0,19.26751162552898
4992,9198.65000056516,4601.754894441137,3.0,19.266135049667035
4993,6374.330282680439,3895.02643805471,2.0,19.26352129099595
4994,670.6349676043251,703.0404465275934,2.0,19.261525007091137
4995,660.0625105955127,3925.3231208693423,2.0,19.260739837330036
4996,4935.421417314904,1045.840072598532,2.0,19.259096781228166
4997,8102.072357517901,4065.31867807948,2.0,19.25873538401485
4998,1018.8219864098103,2909.527441293669,2.0,19.258003202783403
4999,2426.026100167512,2939.442667084046,2.0,19.257398166847995
5000,7199.940230518984,3691.6701756477605,2.0,19.257371104540915
5001,9305.412920955423,139.11813017407954,2.0,19.252033158738556
5002,2049.4750086143467,5984.8886649930255,2.0,19.250584605364516
5003,7247.261450449478,1221.2788287736446,3.0,19.246524411978175
5004,5811.091120856478,3385.8898033980704,2.0,19.239433809502486
5005,6986.837485704803,3660.901866777087,2.0,19.237268838772913
5006,1005.1233038200597,3937.4070726310642,2.0,19.235001385160476
5007,4424.435337231573,95.30850532853964,2.0,19.230652190051412
5008,8206.472580547366,6165.0325758907575,2.0,19.229531766892734
5009,3504.312215286078,2611.568599477479,3.0,19.227637331932762
5010,4675.050937158064,3687.7691610139004,2.0,19.22679458808139
5011,1914.3103325176428,2523.1643461625763,2.0,19.220196739720915
5012,5417.680230630739,3836.5738375440833,2.0,19.219797027962162
5013,8735.677170858671,315.17229986566883,2.0,19.219116595404614
5014,2542.3928424691403,207.0025462673518,2.0,19.21589250934218
5015,8100.6132335728835,2250.221174366561,2.0,19.214553979907276
5016,2787.2075706273754,3635.116675239629,2.0,19.20922589574467
5017,4376.047915706561,2733.776427717088,2.0,19.20860225711618
5018,8109.796650491724,2435.8387932316778,2.0,19.199452726453963
5019,5727.929724331684,3445.4516863885233,2.0,19.199172174285366
5020,906.7710149303336,5763.063089066656,2.0,19.19792631230618
5021,1273.9573940722096,4299.481165687589,2.0,19.197407397776427
5022,2574.332683200242,3215.34323824841,3.0,19.19596235621108
5023,3749.121456035579,2653.527637065397,2.0,19.18832678405432
5024,241.11900843156482,417.5504703992296,2.0,19.18639660106863
5025,8741.460472369967,2057.1170338616275,2.0,19.185108828319038
5026,9156.42091986851,502.8488615643158,2.0,19.18336615858776
5027,1078.0704859703985,5557.631205802743,2.0,19.169898374492178
5028,3918.084413032561,4178.139042202663,2.0,19.16768161906429
5029,3139.5196295912606,1413.9024932088935,3.0,19.167579182512075
5030,5851.350976608923,3336.976321691429,2.0,19.164993272676426
5031,3919.282608659268,1233.1466281456833,2.0,19.164886500930443
5032,4508.625677308869,429.19273275809115,2.0,19.16483585241135
5033,8913.721564705775,1545.2111549999354,2.0,19.16020669787662
5034,5406.472300337604,769.0063943547,2.0,19.15841848219578
5035,7412.432536163586,2885.2129659605735,3.0,19.15787234531543
5036,6042.92942464758,1917.5267024849045,2.0,19.15554420405461
5037,5047.494189782192,1812.0013828916556,2.0,19.15382533840836
5038,337.21831642743626,6285.59429176656,2.0,19.153175821672562
5039,1855.5805487470034,4013.8814003597918,2.0,19.1518330716968
5040,2921.483932881903,3182.9305887073256,2.0,19.150921121120014
5041,880.7756055746039,727.4671965551609,2.0,19.14885450869096
5042,6577.577032285101,810.9210924043483,2.0,19.148626567623495
5043,6982.0722951250455,2097.455142012094,2.0,19.144980502144204
5044,8246.243404187046,1782.142560698886,2.0,19.142969283938175
5045,6758.1534374161165,5629.462067877457,2.0,19.1390439045381
5046,7304.509780021609,143.05927231397297,2.0,19.137904402501402
5047,3863.210392058672,1983.024665047353,2.0,19.136201990639343
5048,2678.5279919184413,5655.044059028032,2.0,19.131125582524724
5049,4681.149205125495,145.75635837227813,2.0,19.130915124954747
5050,3895.128340146569,5879.553492382713,2.0,19.130687552399607
5051,5490.408977877998,2052.7441990238603,2.0,19.13027354300335
5052,6944.293560161143,5643.249252342886,2.0,19.12390127465922
5053,4967.7418752835465,4967.485474041442,3.0,19.123389548720137
5054,9118.566790056067,4468.987897222327,2.0,19.12321596209682
5055,1279.370987545491,743.6160746045877,3.0,19.117777825485444
5056,2492.8582918017964,3883.2733760511564,2.0,19.1173211903369
5057,3747.3483348646423,1754.9388740475665,2.0,19.11070826706047
5058,7853.43894485615,5979.304759023918,3.0,19.108058343032337
5059,2087.448252351904,5743.753561520027,2.0,19.102988331101567
5060,9475.104925380594,1467.3310963623978,2.0,19.09511319593479
5061,8332.745804700102,2746.8800248409552,2.0,19.09098781206147
5062,8634.258810307956,4370.913405542208,2.0,19.08390451801979
5063,157.32727759325496,4714.975452401712,2.0,19.08145220093424
5064,269.1642640255386,529.6220265053549,2.0,19.081133046397245
5065,1183.067411914094,433.4935230542383,2.0,19.08079810821011
5066,5867.295898078747,1940.9617361980859,2.0,19.0802842669636
5067,7465.17600458073,4303.2455352611205,2.0,19.078109819198705
5068,3994.1489204109057,1821.1606695405858,2.0,19.074922928076184
5069,2629.542248356867,3963.1947263628426,2.0,19.07456114630937
5070,9386.108476738298,4347.652992783096,2.0,19.0716506262192
5071,744.470256856746,4555.586876725951,3.0,19.070284831935073
5072,6988.258020122738,5593.398348806299,3.0,19.069935993592402
5073,1856.5245267073647,39.14773077600878,2.0,19.06767899564245
5074,3291.5373183568813,1483.186772918767,2.0,19.063420887232564
5075,5151.443892526947,1340.9651123980318,2.0,19.062306832777345
5076,1964.9777517569362,1907.3092106228664,2.0,19.0604420097938
5077,8128.894423865327,221.4554432105371,3.0,19.058477919694084
5078,5504.1920107445785,4089.6977637162836,2.0,19.05754270561338
5079,2086.0129444014106,4637.5103009433205,2.0,19.05634505256913
5080,6741.016781623329,736.4823546887194,2.0,19.051658522484786
5081,1274.463319453946,2460.9319707576683,2.0,19.050044195450177
5082,6753.00446309514,543.345528163701,2.0,19.049864926492916
5083,6847.4952515740215,4650.986927832305,2.0,19.047018175556033
5084,3188.506347437606,4511.0244729900805,2.0,19.04685724042255
5085,941.4246165581962,1395.7670001198303,2.0,19.045413469196337
5086,6389.0938023769895,761.5250333850016,2.0,19.04382267083411
5087,2872.2337322739245,289.8810584223779,2.0,19.043701634785613
5088,7813.582689220447,3159.2564642069246,3.0,19.042443425371815
5089,2230.2127025212844,5756.916035214594,2.0,19.042195565141707
5090,5492.2570427615865,247.28265644928518,2.0,19.041786267521992
5091,6859.572255052349,4845.003351924499,2.0,19.04036420385178
5092,1168.6669701968085,6209.022297896463,2.0,19.034748974648416
5093,3274.4422317819913,3415.259586700736,2.0,19.029914896819122
5094,3897.470604407678,5325.328536622519,3.0,19.022509183705655
5095,6512.356940118408,4755.118935994635,2.0,19.02203642471472
5096,1598.5257157933265,1317.7880910368401,2.0,19.021954543425643
5097,5546.386378379386,1848.1285945341876,2.0,19.020759623232617
5098,8548.604920277761,491.21510416926236,2.0,19.01939506488423
5099,6053.621362545734,2455.3314238626,2.0,19.017712322775527
5100,3736.3709909801023,3365.0389854977584,2.0,19.013492304402487
5101,7275.245916458005,1850.9171140599417,2.0,19.011473844883998
5102,955.6978737045781,5807.94012417758,2.0,19.00950384351667
5103,9410.16704614748,3053.60715534082,2.0,19.00936130027734
5104,5345.508279987294,2895.2295169232634,2.0,19.00826280524199
5105,2159.4636866693863,973.2047152010172,2.0,19.002468662758076
5106,7578.120067417779,5169.480784884064,2.0,19.001135826940253
5107,6520.982836003579,3307.7120995777477,2.0,18.99937807815067
5108,8253.445608218182,499.089047522814,2.0,18.999186869574995
5109,6877.412516093524,4389.605613683527,2.0,18.997857141570247
5110,7181.469853094032,3011.0228576456047,2.0,18.996861026482605
5111,1016.3884258279336,559.8821187439428,2.0,18.996837420031117
5112,7936.220770283515,3695.059039142556,2.0,18.994357054811662
5113,4930.471686898328,509.0401448348665,2.0,18.989393160883665
5114,7896.96732417795,3491.350443808243,2.0,18.989382151513865
5115,2391.6033677494265,1213.5359886974722,3.0,18.98695915585717
5116,7320.01333161238,2639.5986307551425,2.0,18.986277815530674
5117,7784.985860753112,4447.567982118533,2.0,18.979771662360875
5118,4831.947064172705,4331.565858629491,2.0,18.975300956173683
5119,661.2850158544163,5913.549709692669,3.0,18.967348416296357
5120,1831.0947493322021,751.5000558267063,2.0,18.96668944125613
5121,1436.3613413038495,2968.9314830582052,2.0,18.966406928513457
5122,6527.363190719128,2389.138354535527,2.0,18.96163208111354
5123,5883.174713191672,4103.319962355524,3.0,18.960955777843314
5124,1290.1651260123535,2755.292936146011,2.0,18.95407857901399
5125,6755.531611990169,219.32584475239992,3.0,18.95362725877831
5126,230.4472847755658,4902.10270583212,2.0,18.952073223489485
5127,6367.949845431802,5733.304782843039,2.0,18.95195241379279
5128,6331.396806128267,3945.5134235934233,3.0,18.949552354129832
5129,4510.376625909381,5522.907150914574,2.0,18.948710356620023
5130,6404.170190457604,2263.164329721132,2.0,18.945561572910854
5131,7593.224782024797,1291.3157602085619,3.0,18.944660973887284
5132,6933.910439052351,5093.499520909972,2.0,18.94292777803607
5133,4486.750685877318,323.9029180811099,2.0,18.94209941303384
5134,936.9060176882494,1182.7796592989666,2.0,18.941314060447844
5135,9532.167060683192,6131.2995280256155,2.0,18.940531719720735
5136,7929.60716876483,184.9491363541035,2.0,18.933085911774697
5137,8730.613604688018,5206.861401912402,2.0,18.932770482406692
5138,845.8262919605704,1566.7974965775966,2.0,18.93193762557876
5139,4600.541268288388,1495.8791216514894,2.0,18.93146618056269
5140,2406.0260112357005,101.52204923990557,2.0,18.931427199670967
5141,823.5340886795728,1393.0682620414461,2.0,18.924488050264188
5142,3918.5995873764546,774.9679224185109,2.0,18.919713973977263
5143,4691.476487019945,2630.167309322252,2.0,18.919443037374663
5144,296.454298913984,3261.4043671212926,3.0,18.91743894925664
5145,5972.444535695515,2412.945131947064,2.0,18.91724923408129
5146,7259.05735134802,5923.495059211316,2.0,18.916513578757396
5147,2202.6739792068756,1899.1968271243168,2.0,18.91350349501877
5148,9234.233921453282,3143.3246383027868,3.0,18.91334816971932
5149,1290.467188495239,4472.171880492848,2.0,18.912987317239313
5150,4761.913806845556,2101.5520781734863,2.0,18.912530201145184
5151,1106.4664896182899,5014.8087744191635,2.0,18.909613606400157
5152,8252.268612068361,4303.907954594907,2.0,18.906094288425766
5153,7139.942726920504,5497.49254049047,2.0,18.905024078606314
5154,940.4118968770164,2504.8711303901055,2.0,18.90370580702429
5155,7225.654365669448,1205.8744431933835,2.0,18.893388117388618
5156,330.3565059643128,5207.330925044196,3.0,18.889976998167082
5157,123.35597133512022,4587.445265442321,3.0,18.889023550491626
5158,1594.6719800523135,5073.184456555344,2.0,18.88894105190225
5159,9002.386761829111,2811.8369745079854,2.0,18.888219059422294
5160,8467.120325324051,4049.572329663635,2.0,18.884219236933117
5161,6591.580980287757,5384.97369981948,2.0,18.883750271062116
5162,6640.933969241557,2589.6461043485347,2.0,18.882888051175037
5163,4119.5295767483985,2689.0176293343047,2.0,18.88217586651211
5164,5435.5197879604875,5803.048101747909,2.0,18.880500337465932
5165,209.93823093845614,3999.4814476241177,2.0,18.876566416989792
5166,4859.1310425644515,1437.4951430910364,2.0,18.87360647132856
5167,1641.1907356678919,5087.320446539736,2.0,18.873444539225854
5168,5116.23370006897,2619.415360545924,2.0,18.87326051293858
5169,472.43225041068644,2742.2834762314683,2.0,18.872930330602912
5170,7609.326474192156,6103.06474176068,2.0,18.871822104591253
5171,5524.86217886019,3157.6390645903202,2.0,18.871527847720966
5172,7540.502134465327,1065.0459326683251,2.0,18.870140478726906
5173,5668.526228425801,1611.1733021996497,2.0,18.869675656253364
5174,3331.0540863003816,4131.615079947224,2.0,18.869624224496068
5175,2425.9620681705073,3958.4183287801748,2.0,18.867030531038893
5176,6201.040585420094,377.66233677425026,2.0,18.86597966001043
5177,6943.380261803439,5507.1684790387735,2.0,18.865702093502033
5178,335.3798348036999,4246.995014771259,2.0,18.86101228873466
5179,6687.045056936477,2283.3576053540337,2.0,18.860844779946174
5180,2262.2549255412887,517.5795366369528,2.0,18.858733553045894
5181,8715.286617213438,5759.636336292071,3.0,18.854448644398857
5182,1344.290136246688,2133.3810362502577,2.0,18.854036823185535
5183,6323.282704371268,3465.060699752652,2.0,18.850013052287334
5184,1869.331000816602,4648.871324462102,2.0,18.84940347744591
5185,37.699399083929,2005.0873257413662,2.0,18.84786492897883
5186,4401.0793459495035,4187.425795450903,2.0,18.84745506350895
5187,7096.400561364184,4262.986011440611,2.0,18.84699416915014
5188,3213.3150324885464,5849.975667284559,2.0,18.846866220100445
5189,1521.058161249708,3621.654502251643,2.0,18.844849849740374
5190,4182.730216662642,249.08339920045907,2.0,18.84087285838856
5191,7845.329686792797,2906.9275511721876,2.0,18.835853933621777
5192,7761.107387620929,5687.284122805084,2.0,18.833149123587674
5193,3638.2494819869635,6321.379858913016,3.0,18.828372496007972
5194,2352.2767891121853,1167.6222332890557,2.0,18.828102940219953
5195,264.0503160645712,2563.562711148721,2.0,18.827210993348643
5196,1161.2919362822079,592.9799365987161,2.0,18.825418675120282
5197,3750.2035512952025,3568.1093211284183,2.0,18.824805532224843
5198,6193.115846263174,6199.520155684396,2.0,18.82393323410252
5199,7642.485223478504,2237.3482680383995,3.0,18.823626990774844
5200,203.25255278287895,6109.524535906412,2.0,18.819658135228316
5201,3020.4686975350614,5656.96771069888,2.0,18.817705864111645
5202,4607.5737589416385,4030.0769156007345,2.0,18.816617638741732
5203,4097.816453947717,4909.251505522764,3.0,18.815814901547636
5204,3057.4771946852884,5397.156477429338,2.0,18.814093769631885
5205,5802.225781325506,4339.520672207632,2.0,18.812981337744823
5206,6743.315291638356,1743.0477294259435,2.0,18.810406409990353
5207,7476.239220231153,1467.3821865876646,2.0,18.807697112454246
5208,8331.107239750845,4551.658527802548,2.0,18.807460248514936
5209,3305.6365915225433,3779.0582036806168,2.0,18.80469126177365
5210,1895.041017773003,6131.535623290475,2.0,18.800680810965492
5211,4387.600751940264,555.8479818254186,2.0,18.80007872753474
5212,2400.154109946517,6301.7817348221615,2.0,18.79784903343554
5213,4485.631941781521,4345.041529531561,2.0,18.79641969394372
5214,866.5028974354889,6295.802691131552,3.0,18.791629339679304
5215,1007.0138213888958,6095.5916134231475,2.0,18.791507421524795
5216,9079.487515821646,3173.975085055407,2.0,18.790633766922276
5217,3776.85324752597,869.6058717083378,2.0,18.788829724420804
5218,6042.166152443559,1923.4108900606834,2.0,18.788736624797234
5219,9441.220573785382,5645.572243872419,2.0,18.786772302478106
5220,2838.423812467416,1478.9025854983493,2.0,18.786551054939594
5221,995.4146120199786,5325.197547010957,2.0,18.786231645681177
5222,8690.176997313782,3285.875277723678,2.0,18.78277684584972
5223,6687.104846644797,1679.5356338197216,2.0,18.782572071640033
5224,5007.655753705936,4584.136015496901,2.0,18.78122487314937
5225,2606.1386842136594,3897.700685293773,2.0,18.777224693078693
5226,3700.477608054514,2533.9358521378967,2.0,18.776067940843483
5227,4458.878914957205,3953.468373527595,2.0,18.774996325523844
5228,6211.145583495439,1651.5304062398263,3.0,18.774215355779283
5229,7367.4950443568,5131.972203889964,2.0,18.773540343227726
5230,9153.798871390005,3685.0632951058765,2.0,18.773175162996598
5231,8795.501047319074,1939.1526491155134,2.0,18.772792838542905
5232,5590.847620233277,1157.4485295474844,2.0,18.771784853073996
5233,7076.324712460369,3163.0412267976694,2.0,18.77119495948529
5234,4498.322529623477,6077.967677797624,2.0,18.76092519217928
5235,1210.784440242177,895.1635383038407,2.0,18.756052455758383
5236,4213.197895586811,2327.396329028521,2.0,18.75439420302084
5237,6794.059818395448,4319.580622764272,2.0,18.752461630691368
5238,2355.3465982285184,664.8904684285761,2.0,18.7518203502959
5239,2812.376074342222,5489.553650044308,3.0,18.74867170849259
5240,8881.417954765086,4552.000372284758,2.0,18.74800442938121
5241,5918.298188151953,5075.847763265546,2.0,18.74660739905315
5242,2284.072368125165,3111.630620329794,2.0,18.745629826472214
5243,4867.059059929447,4517.623392257426,2.0,18.74412165154446
5244,2783.1991341821545,427.48398919135917,2.0,18.742511865608197
5245,3771.2006891403953,5363.335019845695,2.0,18.742263539545135
5246,3042.259917899305,5985.350765805617,2.0,18.738572478790193
5247,5274.2495952042,3056.1982241723053,2.0,18.736412074650048
5248,9459.22514089401,4143.058525467841,2.0,18.731968873690985
5249,1039.2929288382823,1303.003144705221,2.0,18.731869495115436
5250,8886.28225131603,4483.171671037986,2.0,18.720717896518515
5251,7810.152346956102,4867.538594564512,2.0,18.716203054872476
5252,6651.085880656409,1767.2664045257986,2.0,18.71404434561709
5253,360.53013033428397,1562.7793147511852,2.0,18.702689120553384
5254,8722.568965383885,5177.4487927309965,3.0,18.701226430484446
5255,2131.7684158606216,3781.25536851388,2.0,18.700227887063463
5256,3254.349933125239,197.25584597214169,3.0,18.700173410062195
5257,5350.892974634184,945.5568148660622,2.0,18.699519220977596
5258,1861.9814773891494,4597.439879209837,2.0,18.69293850169265
5259,1241.388810584623,3126.104113756576,2.0,18.69032853178254
5260,7763.592492485973,4027.0307957830682,2.0,18.689462332056348
5261,5391.5413642304975,2529.028492114942,2.0,18.687987540256895
5262,8308.976805478896,5279.4740770524695,2.0,18.68792411036725
5263,3686.3934817152012,3746.8391037297347,2.0,18.687206670104644
5264,4987.574954471483,5941.817999502364,2.0,18.677110436766846
5265,9183.022577301568,5303.171242933646,2.0,18.676082513304365
5266,4720.568037906095,450.9078082788604,2.0,18.674913995159486
5267,2068.2106027625914,4685.2703173103955,2.0,18.673347081691595
5268,1299.1180039222945,2609.4391294449356,2.0,18.672171562143014
5269,5163.984384474905,2697.6060642914385,2.0,18.670765193632775
5270,8474.237830723156,2881.5455977280963,2.0,18.67050418226888
5271,5757.376241873059,4936.995538620591,2.0,18.670225862445214
5272,7319.967403603895,2237.6361703522593,2.0,18.665012271809537
5273,8929.242792119056,4607.491186030397,2.0,18.658842130050157
5274,1692.1050401307714,5563.75926078974,2.0,18.65794762658002
5275,7299.485120292153,2591.122021831229,2.0,18.65726407343871
5276,2144.5726930318647,1759.8282575569053,2.0,18.65476158966414
5277,1026.10566171235,3539.3248044970305,2.0,18.653809870420766
5278,3829.2485242094126,2545.4464161618466,3.0,18.653594403187167
5279,6087.205853904805,2305.5674109500424,2.0,18.653026117626496
5280,4986.152030711081,5179.522138659071,2.0,18.651745386365533
5281,6321.438382979087,1957.069156888931,2.0,18.64785855539455
5282,8805.326524950857,3555.593601551887,3.0,18.64739047565005
5283,4890.361991670256,895.0944892423679,2.0,18.645345627768027
5284,6186.211759869059,3441.3991640704626,3.0,18.644361204077438
5285,7356.327649018024,5981.780945052958,2.0,18.638143238659698
5286,6983.1921238842815,1255.434142407496,2.0,18.636083694288967
5287,6544.970494046263,4041.2561159813904,2.0,18.63391031102377
5288,8172.5198065568775,994.873413228038,2.0,18.632257571144482
5289,5138.178606946644,522.9776948279404,2.0,18.631739699306877
5290,2213.937880211115,2226.958280156101,2.0,18.631125495939006
5291,2007.379161848104,5594.114839305624,2.0,18.628776735227625
5292,9423.87105722188,4771.26948633653,2.0,18.62563551645565
5293,7468.4870767398825,1317.8191874687093,2.0,18.621028806504153
5294,7566.329155212254,975.0042040187478,2.0,18.61263186303186
5295,5404.397033362707,1742.9899318549951,2.0,18.612354193903524
5296,1281.6254961704292,6358.973947516153,2.0,18.612186375387072
5297,7608.584484081363,5923.728719578967,2.0,18.61106711597025
5298,7697.206477864499,4001.56356027326,2.0,18.61007837125428
5299,676.1628754722822,6265.415099123558,2.0,18.60996944398931
5300,5213.448926172113,1037.1353351934724,2.0,18.609744824574996
5301,4409.54203159955,2835.4811833759027,3.0,18.60782356994548
5302,944.7055457881844,949.4996103069118,2.0,18.60704192408134
5303,7883.556877177696,2401.448818038961,3.0,18.603591266434137
5304,9432.676441073347,3521.298771146799,2.0,18.601858784142905
5305,4665.004781876197,2602.101333825154,2.0,18.599575671279315
5306,7628.262757359028,3991.7483817765396,2.0,18.59707306305532
5307,6205.150838617248,73.52048960548379,2.0,18.59556254369121
5308,2359.0345196115095,4731.558933105219,2.0,18.595065254656134
5309,4280.419375677022,527.027007346564,2.0,18.59473372070206
5310,7019.1016888139275,5481.9161044926095,2.0,18.594024198646473
5311,1203.0658133472712,2339.1963185619215,2.0,18.592287801479625
5312,3736.087831268238,4059.460990406275,2.0,18.58544945798488
5313,1531.0041036672133,3649.477331551406,2.0,18.584882660560307
5314,1028.4137825699017,6073.878284167142,2.0,18.58453576134322
5315,6846.297994421173,6339.451495793129,2.0,18.58205081256502
5316,7253.212972016811,6013.160548576968,2.0,18.581923893428566
5317,2748.1698491605594,1116.9132565754664,2.0,18.58010830720148
5318,5368.9699617686965,5975.305771147117,2.0,18.573993154607162
5319,4854.6942165395385,5615.746447511626,2.0,18.573776430885026
5320,5595.60159304395,3783.8662630839135,2.0,18.573364306443114
5321,3012.3644095118348,995.4776943594721,3.0,18.572760834981924
5322,1744.4907297879165,3097.9362702103904,2.0,18.57152614831126
5323,1418.2294265834107,2649.5989454728556,2.0,18.56645706487256
5324,7492.296034646624,6127.491144067034,3.0,18.565868551493388
5325,5728.975067111991,2439.5296909984186,2.0,18.562749368233415
5326,3855.7406180169373,4415.434539538993,3.0,18.56213291680315
5327,5067.322368703927,2980.0372171935132,2.0,18.561590180730544
5328,913.161735607781,435.4921114617105,3.0,18.560324348967775
5329,7429.980706895439,2111.726029382795,2.0,18.559375654598018
5330,371.43059523173577,1170.9256839343277,2.0,18.558771362350964
5331,2863.393445034439,3743.6537743876484,3.0,18.55798618971673
5332,4443.121761139107,150.58891900994095,2.0,18.557410093899204
5333,6958.646496013562,1062.9941075265315,2.0,18.557312012197865
5334,7262.334552211566,1756.7338411524256,2.0,18.553904115208958
5335,6711.393981106383,5261.547729677694,3.0,18.552879196660733
5336,5460.970035158246,2754.7252679775033,2.0,18.55178069057829
5337,7404.069536751756,2697.3034951690397,2.0,18.549893572826626
5338,2255.614483088663,163.35890896660237,3.0,18.54663022054509
5339,1912.045884715012,6173.713893880656,2.0,18.5438875076975
5340,2660.206221542251,4847.541604234397,2.0,18.54145556480787
5341,2941.5405697914066,3556.2397595274288,2.0,18.540122043959382
5342,1016.0054087444748,6209.431378437668,2.0,18.53728249913816
5343,1206.3249522079668,5575.637033652248,3.0,18.533906326862702
5344,6185.261150870758,320.9849070859291,2.0,18.533506585729498
5345,9438.199385025862,4007.4589497774805,2.0,18.533089212474867
5346,5736.299793418908,1513.1186513077364,2.0,18.532753497365206
5347,3132.2480643039826,5379.75956813856,2.0,18.530365493153386
5348,5958.677647641685,5872.818774535588,2.0,18.530164056409898
5349,8532.681317081564,4057.0048325827697,2.0,18.527558650213603
5350,3549.1267820232547,1256.9827777330668,2.0,18.526622142692656
5351,8206.080649617632,1949.3529840927092,2.0,18.526573255384168
5352,3125.177458374441,4983.474621331301,2.0,18.523362415547638
5353,752.0143828473847,1595.4370577514462,2.0,18.52230737947818
5354,7923.055760178309,3359.2762519134753,2.0,18.518056387872562
5355,6210.481046661906,1641.049457050818,2.0,18.51711882416155
5356,7031.900038241113,1359.0711155464967,3.0,18.512896696781723
5357,4414.963953824056,3263.555804568592,2.0,18.512834025070532
5358,5800.1222739218265,6035.451972285417,2.0,18.51280906715413
5359,1192.1739197047477,3533.631165873089,2.0,18.511078955092138
5360,7637.590381599984,205.3792376257509,3.0,18.509605362953785
5361,7748.836427019029,3883.338280247199,2.0,18.50670431494037
5362,1508.3151566897134,5119.280202262017,3.0,18.504109609659718
5363,4333.1850990766025,173.45740715488677,2.0,18.495973875372275
5364,1813.0033009223866,3345.4038525445876,2.0,18.493992793633456
5365,9215.476845494275,4505.090978718949,2.0,18.490856191537958
5366,8196.32351513128,677.0479187134284,2.0,18.490473054083587
5367,525.6123116025027,2537.087274973171,2.0,18.489327751455203
5368,6330.159771019386,5033.566983089626,2.0,18.489268079928586
5369,3070.4998377206753,3857.9289244821516,2.0,18.48719693407262
5370,2216.122137480305,3950.1775174346485,2.0,18.4861048679008
5371,23.434756393506103,2845.5859607793304,2.0,18.485378191070076
5372,4045.766560823624,6137.495946358574,2.0,18.485346249894654
5373,8469.388015662013,5921.374429918069,3.0,18.48316305880888
5374,1724.4022705705306,5000.918482863973,2.0,18.480421543296593
5375,8360.253824338035,5427.285192346764,3.0,18.479564101615512
5376,6297.4358344269895,5707.233859870669,2.0,18.477226584703093
5377,8655.461856207574,6103.023394930114,2.0,18.472492606917164
5378,1167.4920127866162,1567.1392585840679,2.0,18.470884025581018
5379,6825.197644114955,3709.5304143715894,2.0,18.46794653790446
5380,1453.7189450833835,6219.609526321433,3.0,18.467180253524244
5381,3519.13167028031,4663.274494159326,2.0,18.463990171797146
5382,9408.18607935746,653.422560608602,2.0,18.46135661785005
5383,6936.849812051817,2423.515301520866,2.0,18.456598772029785
5384,5553.377017434097,4165.233923382456,2.0,18.453914456241318
5385,4806.404607948647,2159.046099656816,2.0,18.446800039525243
5386,6315.113267204584,2525.2048854059935,2.0,18.444647221996153
5387,7375.490225664664,1451.3284263127775,3.0,18.444533208071793
5388,5628.690487747643,809.3290398984583,3.0,18.44039780756502
5389,686.5020471500125,2745.002862707478,2.0,18.440023461508762
5390,3277.1183592470848,4639.644040492536,2.0,18.436473959958757
5391,3869.0540069137,2895.7348803803275,2.0,18.436235981217397
5392,6068.052783011898,3399.4093057992354,2.0,18.43545413355425
5393,3028.356834460603,3075.2624760247186,3.0,18.435087119223887
5394,3862.10716674919,3625.8050617507397,2.0,18.432498053149914
5395,6201.985944184254,1371.9199927611992,2.0,18.431521116039626
5396,4336.263539701026,4057.9851278767114,2.0,18.430888426135308
5397,2422.1482036544903,5903.186032653218,2.0,18.42998307277647
5398,3291.6792055336587,4935.113843303623,2.0,18.426689657571156
5399,9094.66284583039,2989.219230337931,2.0,18.425348986571073
5400,4459.632655250429,4873.756966999374,2.0,18.42380485010994
5401,8209.2642761574,5207.316157219101,3.0,18.423689091770015
5402,2652.05359066473,5327.535323161552,2.0,18.421920229167206
5403,4801.0541210140755,3603.560541931325,2.0,18.420423368504935
5404,687.9742571317489,6285.612884117706,2.0,18.419275518706137
5405,7287.857960119005,1515.1655016694933,2.0,18.418858091922054
5406,9346.540935791898,1299.0827023749246,2.0,18.418050009641313
5407,8061.356102119412,1713.3695914072118,3.0,18.413858577826034
5408,8850.858368290119,5089.693027048075,2.0,18.4096027730807
5409,1988.3715274792346,2741.718250571566,2.0,18.407659835450904
5410,4196.002964066915,3735.583360951052,2.0,18.407472519653947
5411,4307.046564307505,4498.947146852482,3.0,18.403063745706902
5412,1438.2318357194788,1377.5850780402588,2.0,18.40120156637286
5413,1010.671827845907,14.222466128790742,2.0,18.39863720744828
5414,1869.8462246060765,2239.4278849455786,3.0,18.398252445480605
5415,8554.260192810929,4168.995675514541,2.0,18.398009758240548
5416,9257.437780201857,5263.1121656486375,2.0,18.395976322323747
5417,3081.6164678785767,1103.6491248662173,3.0,18.393079931681847
5418,9039.146982423035,1171.6939881121518,2.0,18.391992756445735
5419,6031.282970612539,1597.082668019537,2.0,18.389248187436273
5420,7481.203526564485,5625.3621502099595,2.0,18.38779008497693
5421,3530.965662898018,3563.5636055049476,2.0,18.387302234138232
5422,129.23226656680896,4731.000036082869,2.0,18.386020100547814
5423,6152.546272621715,2628.0598846928074,2.0,18.38413376156249
5424,2950.278794612434,117.40613867637983,2.0,18.382409638692266
5425,1350.9746607051206,4921.939687996625,3.0,18.378490515403804
5426,6245.367263086344,4957.003713345754,2.0,18.37529741712667
5427,133.60691995057095,3095.7861674887085,2.0,18.375239861814293
5428,8954.173032715295,5753.640434545445,2.0,18.37318230374508
5429,8144.387559787551,2443.7875400827033,2.0,18.3729353754171
5430,7408.207626804958,2027.073275732614,2.0,18.370266368039275
5431,3699.1421791190282,1451.448098533727,2.0,18.37004947979831
5432,3096.999308707064,393.5588130499612,2.0,18.36855412344917
5433,3042.732393119675,2558.5746196112673,2.0,18.367718365233145
5434,5362.501879122532,5367.931193146808,2.0,18.367649803617315
5435,1511.363816317118,145.06871929753683,2.0,18.366768600272284
5436,8225.909517844022,6325.261268199794,2.0,18.364196679234563
5437,1006.7930213185439,1819.579884729012,2.0,18.36153561925315
5438,1494.4372971458379,1503.1435070448758,2.0,18.356619874353974
5439,4457.979966900803,4569.726068250073,2.0,18.356593989866678
5440,6023.362302715848,3609.2139633027177,2.0,18.356169957075156
5441,5801.98113783119,3027.361491011358,2.0,18.355525082634628
5442,3557.9035745468505,2205.198255296315,2.0,18.355001219774405
5443,5680.074550675861,5439.684308348048,2.0,18.35296270720667
5444,8404.81266208007,3685.670848194833,3.0,18.352778038174662
5445,5929.461202530894,46.88828298413965,2.0,18.35012746124741
5446,4700.471762346433,3881.9500877474757,2.0,18.34706518261495
5447,1774.1175049034478,4281.826770157839,2.0,18.343407841440516
5448,8580.462776735203,3533.1037971350097,2.0,18.343331240307037
5449,4777.415667864946,3003.0294742980836,2.0,18.340015909626448
5450,5329.934540166747,833.5729314507239,2.0,18.33961778995483
5451,6578.554347597733,2197.457130973215,3.0,18.33769890695457
5452,839.6662211664817,3959.9141775113158,2.0,18.337149976032098
5453,6481.452614468273,4214.032694250866,2.0,18.336336877836278
5454,7650.191887792,745.9020880680979,2.0,18.33544306524044
5455,399.1454468079421,3983.558528379165,2.0,18.33449021022039
5456,1001.3768809686372,2547.940104545308,2.0,18.33448136108759
5457,6551.061964700451,1776.5533751984913,2.0,18.328091901332872
5458,2262.873827746131,5843.558508150973,2.0,18.326935123159664
5459,6094.248162450241,3177.0299414685915,2.0,18.324837943332568
5460,8241.280670198914,3857.0687598549225,2.0,18.32456674527051
5461,9152.17675020338,2865.5591782524907,2.0,18.322757677998773
5462,3458.063279620394,2791.854787342691,3.0,18.319206912174074
5463,5757.260397467854,1566.0264827550852,2.0,18.317168783213823
5464,3110.545513329522,2197.1304422009116,2.0,18.316921038473485
5465,9286.291656181049,4855.9474926600515,2.0,18.31666305435565
5466,4743.007625687664,1879.5831533779037,2.0,18.313445486359477
5467,2125.9769685615965,3475.541207414076,2.0,18.312809041595784
5468,5006.867774392772,5013.667686215878,2.0,18.306279628919732
5469,8780.655893504063,1533.2951725784037,3.0,18.29843770766138
5470,703.0897598034833,2109.5033034829125,2.0,18.29575912419928
5471,1901.8474613731041,1641.8438302595491,2.0,18.29218074924871
5472,3565.1215844658086,4721.424768711891,2.0,18.292179115488935
5473,8004.460525809188,719.8700237446445,2.0,18.29027054566077
5474,9472.12782422089,5091.519295379435,2.0,18.28545336923832
5475,2941.49660527481,916.9813904591643,2.0,18.283810928763444
5476,7421.116886842771,895.5507830551243,2.0,18.279714666692755
5477,8544.910435426998,859.4553834528847,2.0,18.278127442458302
5478,2113.0919808776007,1423.9538201873916,2.0,18.277839567805916
5479,5858.002272262427,3969.47397491826,2.0,18.276999814112113
5480,8629.116405521505,2221.8039120663716,2.0,18.275758500949284
5481,5214.328980794328,3829.5690557340135,3.0,18.274082632578068
5482,7321.359327813684,330.89790614498867,2.0,18.273896622168497
5483,8169.20035023454,5061.3626400025,3.0,18.272859681696815
5484,5459.318449472047,6149.777947719094,2.0,18.267643966328507
5485,7321.227774021079,1749.4885476892791,2.0,18.266509838851906
5486,1358.1081510413428,4335.389016026431,2.0,18.263850565049395
5487,8484.09901317474,101.63459539643952,2.0,18.263718342768907
5488,4902.4083794243625,5856.915893415523,2.0,18.261646063992124
5489,7813.942418707061,423.30624056849837,2.0,18.261393446953424
5490,8637.288866894058,2267.2443752681424,2.0,18.257949538117213
5491,3036.389147053225,4993.60641123075,3.0,18.256743936023323
5492,7351.925711202173,3713.4993188398494,2.0,18.253678847859785
5493,830.1897467216975,2155.714025058082,2.0,18.253033210300675
5494,6778.282981491144,4481.660690816216,3.0,18.251723899825443
5495,6229.512796608465,5037.753343380839,2.0,18.2514633425004
5496,6724.983346718659,1996.8282680497227,3.0,18.251234658270217
5497,8316.101105732112,1551.2264343363152,2.0,18.24854749672274
5498,7348.47928292415,589.9504079833893,2.0,18.24628680593991
5499,5940.8483220752705,4007.4614652611554,2.0,18.24551154807323
5500,63.42137406261531,899.019351990978,2.0,18.240890575434573
5501,3676.0921159549894,6086.787588803253,2.0,18.23980855398401
5502,9309.049805929933,989.2167358942769,2.0,18.238519787673894
5503,7105.08622822555,3987.505563106521,2.0,18.23575339692439
5504,7299.969573981119,2049.834262196648,2.0,18.235094471552973
5505,6664.167121888683,2969.4694621094686,3.0,18.234571212153142
5506,8421.404611510934,2640.128391699039,2.0,18.233555541286524
5507,7435.274361754134,504.90249186075084,2.0,18.233400878211768
5508,8851.38806030711,6059.670954369509,3.0,18.229597661294648
5509,5556.134446840065,4613.479245262019,2.0,18.223721950461417
5510,7656.828320169504,4585.287140849076,2.0,18.22342537609635
5511,9083.336207003073,297.21391261238045,2.0,18.221490106229282
5512,6170.441977294124,1143.075107445407,2.0,18.220480782370934
5513,99.96483728616457,4047.317867904263,2.0,18.22041286859144
5514,1329.4947632786484,5631.887110079851,2.0,18.22027553458614
5515,7608.493765128771,3529.1650148212225,2.0,18.21810486655155
5516,3551.7049150792886,5065.701582104699,3.0,18.21674774569976
5517,876.8415110739743,2971.9248985371387,2.0,18.216519656686035
5518,6328.534149405362,4538.974438860293,2.0,18.216151828066856
5519,9150.26890822769,4335.239103303414,2.0,18.21501186936992
5520,3294.4240894133923,1961.0695638144018,2.0,18.21304044565076
5521,673.5235707312697,2395.0109121473824,2.0,18.210922227954544
5522,6425.533614753093,2123.74165190651,2.0,18.207569778029097
5523,6124.496329406121,523.9309041138326,2.0,18.19751914652136
5524,3609.5642514120627,4857.135166092668,2.0,18.196215069931846
5525,3060.3815316694045,6373.9834697330625,2.0,18.194316573604745
5526,5828.346760080286,538.9937199670859,2.0,18.19368816934309
5527,8465.273086247253,3233.5078670851985,2.0,18.191887230452274
5528,7768.990689719183,4732.445935155947,2.0,18.187280489683914
5529,7328.625875103076,5129.124882648089,2.0,18.185233459234933
5530,1635.3844787516405,5243.004192961162,2.0,18.184455083282216
5531,2270.494959065166,4995.803794901184,2.0,18.18210253391009
5532,2152.1129765605174,5013.717279246541,2.0,18.18091391715651
5533,252.3226756190121,4353.100901023,2.0,18.179374516235406
5534,3682.160217961214,1695.8880213600405,3.0,18.176969912747968
5535,9147.355842593715,371.3913710630498,2.0,18.170975795394355
5536,8513.287320081618,1901.560209942846,3.0,18.168086217814793
5537,1060.1366682413086,6035.6074758236655,2.0,18.16777456686861
5538,6953.0314472881755,3443.2303945148533,2.0,18.167572399884307
5539,2590.817109761983,1419.231827400956,2.0,18.166481758456154
5540,7498.704786032749,5067.115170454573,2.0,18.164553394594236
5541,4432.4345623309155,4930.014377975628,2.0,18.162888704114152
5542,1132.4813068443295,5951.081483841627,2.0,18.160612799868392
5543,6496.365842478884,4833.163929595894,3.0,18.15830493381751
5544,5706.259631209418,3563.67956914656,3.0,18.157467711291023
5545,8915.973194754799,379.38945451238544,2.0,18.15698269218158
5546,3407.1592944935182,5879.558666659188,2.0,18.15582554494318
5547,1598.220014315195,3247.5278937657363,2.0,18.15478697072711
5548,550.6049531453299,214.91039197510455,2.0,18.148297277029904
5549,7502.322775133935,4953.094496080539,2.0,18.147740961341352
5550,9285.366307375056,1709.7232516359122,2.0,18.144733698732587
5551,6135.432515047221,2339.2740170214124,3.0,18.14460115671566
5552,3363.175547150279,1603.4347934773198,2.0,18.141623841169235
5553,5132.143799953327,4735.861984997053,2.0,18.14149549768816
5554,1599.3545660230766,6283.0977331883505,2.0,18.13939070338838
5555,9133.781949033953,2586.253540171953,2.0,18.138246398252708
5556,171.42181670683502,4236.978488995586,2.0,18.137373843924074
5557,6042.489098758287,611.3427180591236,2.0,18.1370594498661
5558,261.3324058180686,233.06021090405338,2.0,18.135860206574577
5559,1443.2861037145622,4995.448550892858,3.0,18.13469687055649
5560,3621.4036962915566,4859.829384247186,3.0,18.13161228838817
5561,4919.1696734728075,5019.518806333406,2.0,18.128440089288954
5562,8689.192103640404,3179.0908910376666,2.0,18.127687802427968
5563,9479.06766959443,1945.6467502528674,2.0,18.125604625961305
5564,4335.4069678571195,3416.963848015276,2.0,18.123853729215558
5565,1232.9654071427296,4707.290169735129,2.0,18.120908391170754
5566,7929.793856489981,2991.0616480575577,2.0,18.11988273854649
5567,7969.234973975227,6120.032276577256,2.0,18.118335955951387
5568,3309.1745794314756,6377.429234585246,2.0,18.116363599873605
5569,4026.8163011119937,4185.352051363831,2.0,18.116154849908288
5570,1373.3254588601612,6037.544312489922,3.0,18.11469298561716
5571,6036.792318371806,5514.318923188414,3.0,18.114685092573723
5572,801.9199846970205,6345.3446790293065,2.0,18.113939162697353
5573,1301.424683916289,4909.4736434721235,3.0,18.11116624617414
5574,2447.104707652895,2993.5106484031376,2.0,18.110813395118214
5575,8004.995121757057,1083.3495916688494,2.0,18.108442581615964
5576,3401.317543689712,1060.9741821762289,2.0,18.105981823238558
5577,570.441734795991,2505.3570640334556,2.0,18.10530321178804
5578,5237.968392490036,5874.913739593333,3.0,18.10291196899127
5579,1689.9460246850144,3015.189609511532,2.0,18.101329994432145
5580,8489.967974183508,1551.2284092966245,2.0,18.100965458438022
5581,3864.431505768329,6219.014046286891,2.0,18.100630107237546
5582,817.4399282017323,3749.891859664411,2.0,18.100109653919574
5583,9569.20474832832,3429.685125124756,2.0,18.099040003180008
5584,6598.0831441299515,155.4609776034873,2.0,18.09459716054336
5585,8662.15759969212,1173.5688125513536,2.0,18.092502396937583
5586,9437.220225004248,3526.980639047695,2.0,18.091870515074326
5587,7123.451566547262,6341.840572399801,2.0,18.08998136348471
5588,5294.8554416158,3133.4901096253034,2.0,18.086725948968283
5589,5641.14426342013,4647.6464276237,2.0,18.086233512388908
5590,2205.184757900236,6229.520508628373,2.0,18.08543077633148
5591,942.8694412735425,5614.958879096911,3.0,18.083951993389952
5592,4377.000174653796,2311.166521390579,2.0,18.083946675056378
5593,6436.995605157519,6161.8334822800425,2.0,18.08378024377325
5594,3678.597341565569,3584.911180794909,2.0,18.082954436148924
5595,7956.026770502523,3643.377679679595,2.0,18.07628639946768
5596,3022.8449794804865,5095.430063422278,2.0,18.074353805402506
5597,4308.0064382593955,5367.418752641451,2.0,18.07225375742393
5598,5975.57457404972,885.7054830346904,3.0,18.071619620391647
5599,6214.562799623026,1681.1644112738713,2.0,18.067039404140623
5600,5270.026244270707,6138.608580531513,2.0,18.066836259550566
5601,9504.227430068002,1363.7131004021105,2.0,18.065574044357952
5602,5328.24838840943,5103.93736885919,2.0,18.064746451635678
5603,437.52752263296645,917.1272701905926,2.0,18.06149905395635
5604,4932.434579071132,1154.1251772762646,2.0,18.060955526505047
5605,4109.628434803771,946.8509679859102,2.0,18.059993065141644
5606,2496.2765523279268,4207.5743546842505,3.0,18.05773984203696
5607,9351.394896604574,836.9993759786743,2.0,18.05573491353161
5608,5252.2888328872195,1693.447736821887,2.0,18.05530217213939
5609,8244.225956855622,1485.7834841944168,2.0,18.053267008867483
5610,1605.105457807397,2949.696793177213,2.0,18.051522018632777
5611,436.25660534850573,6349.284313575091,3.0,18.050063143459504
5612,7489.761144516716,931.6268231428572,3.0,18.048423004591097
5613,7442.47533499487,1129.0787342064064,2.0,18.045627021732127
5614,2348.2639529221,3174.931680663444,2.0,18.044469841329875
5615,5702.593606587785,362.9529638716881,2.0,18.043793554625456
5616,805.9411325965519,3005.554878320395,2.0,18.040584901614597
5617,9228.413642997119,3522.963831877694,2.0,18.040081243697827
5618,8426.105978866788,6211.664458680801,2.0,18.038373146440644
5619,1210.3349641506777,3043.1373088945566,2.0,18.03827437557805
5620,7266.44643428513,1430.033846238647,2.0,18.03537094152874
5621,250.64388113725337,3595.417442474101,3.0,18.034156398362953
5622,2742.496703914367,124.0,2.0,18.032053747361513
5623,5546.483060727261,3101.823989745181,3.0,18.02885129062806
5624,6689.239366756968,3156.831105500483,2.0,18.027367142751345
5625,2660.0800425794855,637.5080435238465,2.0,18.02111626294645
5626,384.2983492513327,3061.408577095151,2.0,18.02037478743065
5627,995.42165999807,4994.973617051738,2.0,18.019481814489836
5628,7999.666031487406,3117.602466527498,3.0,18.018738796646385
5629,5128.145793403761,5151.4219726089195,2.0,18.01623362540964
5630,592.3924906116916,3077.1922549640844,2.0,18.011604268463
5631,5288.4321007356475,4899.088664011325,2.0,18.008756050083058
5632,2780.008923774202,3565.47853805079,2.0,18.00778895597087
5633,1096.0189154931873,457.59011710446356,2.0,18.006219881795577
5634,2862.913270426792,3263.489915798224,2.0,18.003982093970084
5635,4108.096465218993,5013.436337037654,2.0,17.999897194939138
5636,9487.118103196553,1363.498857811391,2.0,17.999810955188583
5637,4461.096701001817,6021.423420808833,2.0,17.999310582590457
5638,8917.05898437028,6367.635560873443,2.0,17.9954761837744
5639,7066.619192291632,865.3400756834785,2.0,17.995310318297303
5640,4055.4132313258037,4709.7041421844115,2.0,17.993146118357554
5641,7592.423133668929,5175.892573056913,2.0,17.990311766909812
5642,4037.495381743618,2609.04405533562,2.0,17.99001780780959
5643,6476.592505910489,1308.9461232239255,2.0,17.98955503684418
5644,9365.156982099741,3711.4675007520914,2.0,17.989196699086214
5645,5528.235371652097,3423.486031978003,2.0,17.987452168486058
5646,5286.972802695831,5279.700534982661,2.0,17.98683802540628
5647,9559.433607212386,545.9939451159892,2.0,17.984293494030087
5648,2050.49227786096,5703.158757157125,2.0,17.98275388091569
5649,8807.62204464654,1373.8002715075659,2.0,17.976657028178284
5650,6366.23914316471,637.5522565482689,2.0,17.976064494243996
5651,6749.168568737098,5837.453040149677,2.0,17.975606450009437
5652,2097.517655223594,3494.9545913698385,2.0,17.975342374647916
5653,2385.691253897358,1784.100477319754,2.0,17.973897924638745
5654,6844.224552810355,4735.371880560357,2.0,17.970591525826986
5655,5743.073652984398,3221.724680138894,2.0,17.962149585442354
5656,681.9842159815986,2025.577968086568,2.0,17.96174858173559
5657,8155.710229122207,5967.216078571104,2.0,17.96023238269682
5658,4203.610844638732,4717.532956663422,3.0,17.956197409451875
5659,9147.011484322635,5977.049552385185,2.0,17.95376691534195
5660,4135.579471244233,5331.934332555201,2.0,17.952186378611362
5661,5146.176620791986,1599.845586570321,2.0,17.951714667939182
5662,3702.228893746505,4240.9264440588595,2.0,17.949031165185765
5663,1207.1329625648884,2203.9986838758305,2.0,17.943420704728066
5664,2343.708592015774,155.34544473378492,2.0,17.941608154982262
5665,8074.481490583715,5417.011701888493,2.0,17.94102518565198
5666,7814.008130058694,1699.5522361757537,2.0,17.94062763716509
5667,8403.834443011618,450.9270034220356,2.0,17.940313037337773
5668,6876.908373589025,5333.452801060906,2.0,17.935916624045277
5669,8658.116574034044,5625.354600441288,2.0,17.934925410998765
5670,9482.98960829119,6223.300436485765,2.0,17.93393377253219
5671,7140.752127308336,3399.0262542649075,2.0,17.93389469219374
5672,4383.019285460517,2421.261589225133,2.0,17.9329539751234
5673,5040.200805030887,2507.358183460503,2.0,17.931950911397546
5674,4800.915970398619,3047.3857306235154,2.0,17.928946188912466
5675,8622.997083247192,3953.5379965999336,2.0,17.928726240057514
5676,7285.487117082229,565.0429584101859,2.0,17.926858751380475
5677,613.0471849643114,2031.4367930623412,2.0,17.924468705930675
5678,1124.4571851118944,5775.213624527646,2.0,17.920220427890627
5679,3728.9437162644276,3405.660611514815,2.0,17.920117930687464
5680,2067.532954212044,5289.25080877357,2.0,17.919572055542496
5681,7817.263330790296,5125.753667156708,2.0,17.917274747170758
5682,9262.935569156873,1721.4442237598232,2.0,17.916588960259208
5683,9530.12825412919,3241.3794716480206,2.0,17.91654315175541
5684,9199.49507221789,2715.5312204644947,3.0,17.912409982459923
5685,6345.059472488207,2683.497279828361,2.0,17.911721654652602
5686,8651.31453998449,47.95835480090361,2.0,17.909135109298916
5687,7417.346508522582,2990.9266762328994,2.0,17.908404030809155
5688,5666.150940134899,2273.424122518736,2.0,17.906949170823065
5689,6871.104123390934,657.6127557226845,2.0,17.90684880089282
5690,6691.557121812672,5234.017725967454,2.0,17.904755176807743
5691,4079.120990473349,2225.4854424337414,2.0,17.902163180063255
5692,1591.1337663666188,3495.5084904611012,2.0,17.901038203834837
5693,3481.207619365914,2653.402614166747,2.0,17.899323032412653
5694,7631.5467088947735,3055.9465327035755,2.0,17.898595705774877
5695,4457.849199149653,4029.329328960063,2.0,17.89554955443878
5696,2619.5743527487994,3629.1988575278724,2.0,17.89529597675222
5697,1360.4025768916756,4393.360796847154,3.0,17.893940095259072
5698,6126.075761215441,4723.493781033237,2.0,17.891429001253613
5699,1183.035439527855,1068.9084582157686,2.0,17.891009647905705
5700,602.4075715682177,2763.2170619958447,3.0,17.88856243236918
5701,3942.385693533282,2627.858634549638,2.0,17.886822667397155
5702,8810.316490134757,5751.39699188184,2.0,17.885757588772428
5703,6070.151935068547,2397.565388687381,2.0,17.885579195341162
5704,7367.94920130289,3521.4457663180774,2.0,17.8849346558355
5705,8469.19027166756,1369.4800615260917,2.0,17.882348342439588
5706,5486.537691040216,3967.001305604018,2.0,17.88143533671699
5707,2279.1270407227257,6019.470106403683,2.0,17.879540799720814
5708,3051.1839995841615,4187.412652017275,2.0,17.876301119542433
5709,37.095556816782576,4625.320053928975,2.0,17.874275887834575
5710,8452.597757598109,2700.955103816521,2.0,17.870192499727693
5711,7013.892236323305,703.4150229190413,2.0,17.86990955140049
5712,3457.005299902123,5031.398795436936,2.0,17.86874081246481
5713,8334.094615503707,6023.278443664766,2.0,17.86582867543461
5714,6296.970388417202,2613.3636609164405,2.0,17.865422098916966
5715,4663.879083178047,1477.6688278858635,2.0,17.865264748529487
5716,5058.021037362553,4689.608290727398,2.0,17.86519330477091
5717,4805.280623470841,409.56099330844467,3.0,17.864763619038072
5718,3163.5797115615655,3163.80922969369,2.0,17.859682103986998
5719,501.02058832215727,4753.522250323779,2.0,17.85520913614631
5720,597.0343889779838,1095.1805453166144,2.0,17.85148544088482
5721,5541.321484869119,3249.75431195934,2.0,17.848652029393744
5722,456.3562752177496,2154.303255421291,2.0,17.845748236810618
5723,3067.586051761768,3301.0577434212305,2.0,17.84564121808617
5724,5188.624709623834,1855.1468604662766,2.0,17.84474833292665
5725,7007.491302018139,4959.229474230702,2.0,17.84384808532066
5726,7788.080432966227,3165.5528664500584,2.0,17.843653791674452
5727,7221.390618761759,1009.1392800692252,2.0,17.842378908905044
5728,5400.6871482710985,579.4043340274512,3.0,17.84117505606037
5729,7869.40069198772,321.90251539467454,2.0,17.84081045301516
5730,6935.713009072282,4571.836996366464,2.0,17.838481906712843
5731,1438.4894181657694,1931.8579654643866,2.0,17.837111910673293
5732,6081.897422677619,5545.645762721536,2.0,17.836224958781305
5733,2510.4732431823677,5835.948225281703,2.0,17.835364073755013
5734,8251.092863377185,4889.879777004328,3.0,17.835269508864116
5735,4469.836708483738,2786.4132626963856,2.0,17.834444497229843
5736,4161.470327610677,5369.933095828057,2.0,17.83166684908947
5737,7890.021496810077,4497.211690014675,2.0,17.83143343130379
5738,9239.684172195566,45.128602110259855,2.0,17.831300450652872
5739,253.46583320745526,3353.321309552548,3.0,17.828998734935926
5740,2666.4741210921497,2785.972731086831,2.0,17.82499987150528
5741,15.308289104148248,3227.04319221119,2.0,17.824187071732492
5742,6093.591487789598,939.1579238725541,2.0,17.81847999835472
5743,6528.012298195644,4573.524655413656,2.0,17.818023576934966
5744,2334.1014301742402,4155.282616816664,2.0,17.817058645896665
5745,7874.456338355802,3516.9430570427744,2.0,17.816311933871955
5746,2125.438224646131,1805.2501876582103,3.0,17.816063440051305
5747,7799.036547082395,1251.4109312644594,2.0,17.81565388209945
5748,46.67607227388253,3333.556368904341,2.0,17.815350607021053
5749,2937.1778512220917,2067.404313231898,2.0,17.815237070541894
5750,8262.250273386775,703.4539816064989,2.0,17.814965485658742
5751,995.4180790119171,5493.046646897536,2.0,17.813531926926725
5752,3794.3024758720185,1633.9473337069287,2.0,17.81335864938399
5753,7964.30724151728,5219.445642678862,2.0,17.812234360363515
5754,547.1673438940072,4597.394392723223,2.0,17.81126977720859
5755,3906.4137477496606,684.9859544034833,2.0,17.81109250917655
5756,6608.367076064167,3363.001410596575,2.0,17.807113517582412
5757,4148.32601911263,6094.946156048532,2.0,17.805420880623164
5758,4057.023059807477,125.57731364801488,2.0,17.804655212413056
5759,8584.291991799606,3227.070504581542,2.0,17.804195391687692
5760,3051.212140641247,5805.292825501652,2.0,17.80400434429173
5761,8417.237696538265,2795.164358783806,2.0,17.80154322898155
5762,5020.522831698269,3903.9895266672734,2.0,17.801446360494914
5763,6168.087702631101,6035.524765732948,2.0,17.799279680936067
5764,3343.7015781222576,24.113808821742413,2.0,17.79781016885736
5765,7939.709595805789,3671.8328300611397,3.0,17.79659440165178
5766,6320.304538396544,1553.6487350532818,3.0,17.794587120042305
5767,7248.250760738171,5055.41371430983,2.0,17.791959267348993
5768,9019.262850595256,596.982760568226,2.0,17.784429187968918
5769,7242.51027533524,704.156602720282,2.0,17.783607868477766
5770,2746.242114500915,4545.507750559471,2.0,17.778585933237466
5771,7378.041172124635,6313.533482083993,2.0,17.776309617440933
5772,2268.1012209793944,4599.521503233564,2.0,17.77520530194951
5773,8760.502562433783,303.33101367398535,2.0,17.77458956901004
5774,8740.287616695816,5061.492965767699,2.0,17.77433406407598
5775,882.597301981495,315.7179049162404,3.0,17.77321228853396
5776,4343.111253556084,5804.889152165049,2.0,17.77178572979427
5777,2876.0457182848118,4135.202515486533,2.0,17.768028959050103
5778,7423.880686643937,6117.307916319549,2.0,17.76787347731105
5779,5700.571576207384,6366.8988536280995,2.0,17.767778743104223
5780,2413.6031531942604,519.6676610094896,3.0,17.76623939037364
5781,1257.4534400165696,5943.07604098626,2.0,17.764124262281452
5782,8608.364242355796,4735.9924988557605,2.0,17.76397790826018
5783,4035.4177055763794,6271.762436969786,3.0,17.763042437314603
5784,5935.332442281647,5549.149453902124,2.0,17.75978872557325
5785,2780.9825913316863,3807.3214420660474,2.0,17.75890604056891
5786,8629.11961167609,1881.3925280626504,2.0,17.75864581339377
5787,3603.585625192509,5247.614776464544,2.0,17.75429333188618
5788,522.5102799979898,5585.9662206472385,2.0,17.754228174650077
5789,2036.436283783626,1609.087427365786,2.0,17.75253263005844
5790,3032.1631883059827,161.0077144477977,2.0,17.747711902665063
5791,5832.376426389541,6309.716038069591,3.0,17.745801190851477
5792,2627.8197525945075,5697.222866883346,2.0,17.743650595226427
5793,7871.135475899834,4687.715203741638,2.0,17.731950464209998
5794,2948.645394470722,5441.7965382356315,2.0,17.730481274310808
5795,5960.862989828019,6275.523657086981,2.0,17.728460503810165
5796,5316.064092904308,521.6705237199537,2.0,17.725789138439737
5797,648.3692359988806,5259.067382337316,2.0,17.72363344199298
5798,7132.350223540324,2517.0332042650184,2.0,17.721335304117837
5799,7722.349893841573,4152.063811946685,2.0,17.718968000023818
5800,4088.6894786304742,3927.415398301896,3.0,17.716809440995444
5801,5091.178989229032,1469.874733875259,2.0,17.71580597370613
5802,4719.582183527513,4697.267911177801,3.0,17.715770922412087
5803,8642.531675629096,1521.1502391423305,2.0,17.71575862717525
5804,2127.0379473711914,2419.1703123459524,2.0,17.715061764338913
5805,7426.599981779467,997.0187101074902,2.0,17.71367847329251
5806,6304.0450728524465,1755.4152343091162,2.0,17.713399920420514
5807,7685.993603206316,969.8852763125054,2.0,17.712034320433727
5808,4758.754755590692,5047.834935762736,2.0,17.70808555970477
5809,7747.035279636985,3149.4476419278844,2.0,17.706551027564828
5810,6491.995891005524,2213.531219570258,2.0,17.704783709038242
5811,4207.442790723318,1905.7067473368697,2.0,17.70116418186352
5812,5830.116268289753,3873.8189734536118,2.0,17.700042978115036
5813,5555.215972793438,5407.5900669191,2.0,17.699199436983115
5814,1845.0146845777792,5861.659650146854,2.0,17.69809113043425
5815,260.0731831183395,415.68230736505996,2.0,17.693000656151227
5816,2942.961192784656,3471.1781808098967,2.0,17.69266691952321
5817,9190.685442028278,2080.077288454495,2.0,17.691560284257044
5818,690.4298319610394,5059.250571204833,3.0,17.688756622249223
5819,203.33144017029815,1493.253266779216,2.0,17.686588853711257
5820,8678.485820488593,2009.6431885973095,3.0,17.68496343453238
5821,2189.134342078405,3201.5828600658924,2.0,17.67853214406019
5822,8830.902582254348,1867.2463106766643,2.0,17.676798640652162
5823,4101.085021633485,2891.50853954462,2.0,17.674116186723463
5824,525.2454001163069,4105.6342768404475,3.0,17.67211643366037
5825,8364.709649899341,5968.876362576492,2.0,17.671898825406043
5826,1148.1362140106187,6377.445576298116,2.0,17.670274607654697
5827,7282.253755254308,3167.1802278076675,2.0,17.67018264418816
5828,6507.1017818292175,1662.9692034452066,2.0,17.669573649621398
5829,3653.5982128450114,130.8930019799787,2.0,17.66551252416929
5830,3296.2419790805443,6309.663149314484,2.0,17.66477055218273
5831,7685.223278457035,4490.969906361348,2.0,17.664505660417177
5832,3224.796605514943,4745.226893517962,2.0,17.664348410634396
5833,4923.996536390757,4099.66165746773,2.0,17.66246574791681
5834,2289.5523103044793,127.00900239888603,2.0,17.66232352185902
5835,9302.017234562694,4619.36212831603,2.0,17.661709223581187
5836,5004.3612708114715,169.8238644888612,2.0,17.661706664204118
5837,3140.4401921434546,1829.0880556667298,2.0,17.661666150637878
5838,2321.9839317069086,4469.371990694438,2.0,17.655877693527348
5839,2353.5238196110054,4200.85448618163,2.0,17.65275934424047
5840,8366.742092864892,3561.310405480479,2.0,17.65173830415496
5841,2996.31906681039,3167.8954866968534,2.0,17.6497582829166
5842,8539.265790957166,4943.459749013493,2.0,17.649718084059074
5843,6267.275817812106,3839.120893666245,2.0,17.64966539612716
5844,6770.298634500359,3705.1245568337727,2.0,17.64923573023804
5845,5899.087543505242,5784.367597388873,2.0,17.646294346331338
5846,1203.8785031420157,5980.926519165411,2.0,17.64581914232772
5847,1280.6022503513643,5757.077831469992,2.0,17.645282146846558
5848,6551.213214001369,961.5908600635045,2.0,17.645195843360916
5849,577.6461552620854,3269.0598713696636,2.0,17.645027425993298
5850,9236.98809204954,399.3359851851313,2.0,17.644795030430338
5851,3891.220001842942,1361.3023786712565,2.0,17.64237767121609
5852,1427.085676682971,2535.401016178288,2.0,17.642020625737004
5853,6470.648342521601,5415.800310490331,3.0,17.64106078631619
5854,5931.123851104242,5515.544109522352,2.0,17.64015125499419
5855,3781.2554832009682,5619.269315325127,2.0,17.635275243343372
5856,7150.697148341434,1724.0534184713974,2.0,17.63334100631331
5857,9426.523316858422,4483.9689036730915,2.0,17.630471016159103
5858,7408.855638635219,4617.7895367515375,2.0,17.630040782936305
5859,3186.4278943313207,3945.9662012143535,2.0,17.628347997961615
5860,4003.2422387214397,319.0527833976769,2.0,17.628219013976917
5861,3833.589784867571,5993.038632512236,2.0,17.626098405326747
5862,4314.990915849061,5929.591444786367,2.0,17.624677221842017
5863,9263.23544010687,5981.89792130727,2.0,17.61973668294367
5864,8962.309944650897,6157.023166524274,2.0,17.61969060330294
5865,5172.149599930871,983.6010224512592,2.0,17.618477841019807
5866,7120.8236053988,5059.403602367073,3.0,17.6140084914284
5867,9361.41252230695,3188.9933709815878,2.0,17.612648082699497
5868,2209.4079255900538,2843.0066775029736,2.0,17.612273958545913
5869,7520.131933309214,579.4992494422409,2.0,17.611758260858085
5870,8245.306933109017,122.94796708233143,2.0,17.605787163427873
5871,5955.5102403794235,2176.9377886511033,2.0,17.60383634909056
5872,1308.5808351792764,3387.038642378789,2.0,17.59793442522649
5873,3025.3569810266267,1183.1745631206818,2.0,17.596200431868514
5874,8381.127170391746,5379.53621885068,2.0,17.59206869661333
5875,7917.237270509419,4523.328723836179,2.0,17.59045200606878
5876,2671.8636723598183,5387.876307292192,2.0,17.587876256071883
5877,5413.198627514269,2723.6866246920013,2.0,17.5869118039629
5878,7412.519997512532,421.751062985407,3.0,17.581400499039596
5879,4835.921653211887,565.6189809710368,2.0,17.580951775222672
5880,1086.3154903135899,1433.0228099266908,2.0,17.576087466721024
5881,2411.2452522883505,967.4170050967922,2.0,17.573345846670584
5882,4817.130469663008,5531.358510315197,2.0,17.568289814540705
5883,6432.575078693408,663.0040188044484,2.0,17.56821137113222
5884,5104.345754186911,333.6360375089743,3.0,17.56184273048376
5885,5299.277797970913,3861.78047669954,2.0,17.561840039207983
5886,1791.1912844182245,1059.2668146233252,2.0,17.56156313679211
5887,3515.217088164157,4435.145765250143,2.0,17.561052934343895
5888,8941.317966623481,2149.157357750288,2.0,17.560680659603207
5889,2263.2402115815953,2927.409888815441,2.0,17.56050902250649
5890,4024.007882729634,2405.2360612714983,2.0,17.55888871136351
5891,3545.571399101078,2907.8290282824273,2.0,17.55820800837979
5892,7988.462326965732,591.0203772465949,2.0,17.553991189242826
5893,219.989711013168,929.4650805771023,2.0,17.552493739910254
5894,4976.020392818684,1307.397902738225,2.0,17.551619522374054
5895,5902.390228809409,5817.259838804496,2.0,17.549945319304367
5896,1018.0549171608499,5985.379722581031,2.0,17.54948112967395
5897,3383.5390211281333,4775.652854256148,2.0,17.5494050345847
5898,2093.9803229492177,5225.631521885235,2.0,17.54688562409337
5899,4066.640022208381,819.0208591353897,2.0,17.546885198878734
5900,2236.2692082007975,5174.720691405693,2.0,17.5455798557631
5901,790.226370574563,6297.494566185972,2.0,17.54460689038549
5902,9181.658435558038,375.03879624340976,2.0,17.541859212968998
5903,2604.4384986394048,4417.233014836566,2.0,17.53993869622426
5904,8938.645942464746,4753.2391565590415,2.0,17.53503868797666
5905,8114.211348478416,3471.3018166281786,3.0,17.534453928883455
5906,8951.32231163706,3378.880392883274,2.0,17.530498837464584
5907,3835.86656996858,795.3151578475732,2.0,17.530095835472917
5908,35.417586578317284,5185.235649301377,2.0,17.529503355030048
5909,7925.084117662257,3928.6742023969264,2.0,17.526649428391316
5910,2206.3700254592723,2015.2156282249227,2.0,17.522714615686716
5911,8964.930014448943,6309.656203652931,2.0,17.52262554406094
5912,6445.048033452942,2609.1635073040525,2.0,17.522564508858288
5913,401.12240142491316,3461.388207013182,2.0,17.52219168632421
5914,9289.501035451556,2278.9183001375036,2.0,17.51885893707464
5915,5740.641278733799,5335.270542626148,2.0,17.51883204432029
5916,4828.494643620813,2902.0161805359276,2.0,17.515573829042633
5917,642.8084018344271,255.63824848616665,2.0,17.514771838057467
5918,5056.01859439652,4447.465626732073,2.0,17.51451838823052
5919,6777.461873594161,5192.082855965994,2.0,17.513075951404556
5920,9159.561522991007,5155.003842751676,2.0,17.511272356989494
5921,9361.34718976951,463.53129110275233,3.0,17.50898048582918
5922,8685.445983139984,3392.08809970432,2.0,17.508775356768997
5923,7392.160160678168,4819.712624960065,2.0,17.508402853223892
5924,8134.195343189815,4759.549542708197,3.0,17.50731547797839
5925,6533.21397146472,3317.566464417017,2.0,17.506061408541147
5926,1892.524189615674,3374.9592147214353,2.0,17.50392236067724
5927,8744.919542216014,451.14684032015975,2.0,17.50348983610794
5928,6676.120199095103,3665.607697495964,2.0,17.502680635300496
5929,7741.231622466503,2753.461296503783,2.0,17.500945252786646
5930,4884.124802433574,5403.720148538758,2.0,17.50064762422253
5931,8628.629142883985,4278.9655302821475,2.0,17.49781959444509
5932,5955.122225665252,4677.330021899295,2.0,17.496041106010008
5933,8781.79180754555,1862.019021278157,2.0,17.494461711405233
5934,366.12132633923034,1971.4941862657624,2.0,17.494116792390134
5935,1244.1882503432287,169.59704229237985,2.0,17.492597264355766
5936,7772.557371902883,5865.0,2.0,17.48715968724006
5937,1756.289212794941,5932.975145563455,2.0,17.484294172415048
5938,3206.8670120795314,85.45358741225542,2.0,17.484220419189825
5939,3797.3408437899743,6217.650216331177,2.0,17.481185706365906
5940,6666.038086399846,2623.484222717013,2.0,17.480661160440892
5941,5072.127120335241,2629.111952275577,2.0,17.480266360052795
5942,363.1042326911645,3739.349998766839,2.0,17.47997144538172
5943,2782.0398646867475,1729.2610182771364,2.0,17.479428187604782
5944,9065.420508246318,2633.063500167091,2.0,17.476522325142366
5945,4373.357117234755,1933.009185075058,2.0,17.47649336672574
5946,758.3106867604308,4670.349794940352,2.0,17.475339434036897
5947,2475.215561122177,2694.0592142116407,2.0,17.473749212208197
5948,2653.6316845774013,4381.310348080379,3.0,17.47133824001253
5949,3778.094145901396,909.3732103727195,2.0,17.46590685829246
5950,5114.759339941877,4244.018533824762,2.0,17.465726971404877
5951,7975.0239645121865,5981.396453771587,2.0,17.45867376385959
5952,1398.4208430504793,4590.026795980182,2.0,17.45665735787433
5953,6398.245244199588,1896.8635941682426,2.0,17.454676791695828
5954,7709.033070481534,5171.299491979633,2.0,17.452879714771484
5955,2852.028838488711,945.4940719380048,2.0,17.452657142279556
5956,8755.254634313607,5091.526705083659,3.0,17.45255994372932
5957,2300.6084032593512,5585.5822343057725,2.0,17.446732921670467
5958,9370.545570040453,6109.454738503697,3.0,17.445112088580647
5959,7093.810759853022,1754.9139063484347,2.0,17.44381591281304
5960,8497.32986660921,5027.997552927773,2.0,17.442431451446055
5961,6397.2221722390495,1166.965365325313,2.0,17.440971695901577
5962,5273.3761808251365,1283.1681924007846,2.0,17.43983852772537
5963,6948.017717860066,2481.573661707261,2.0,17.438985503957934
5964,7293.538189765085,1142.9610387082537,2.0,17.435737009080782
5965,7444.049976553933,4934.706372446935,2.0,17.43311965152633
5966,4118.908483833828,769.7716675909666,2.0,17.432398534885255
5967,5941.245933877936,4811.616854088906,3.0,17.431776695271093
5968,3878.2742170952693,3197.797697686438,2.0,17.424981045010167
5969,6390.13987702863,3561.0599304047028,2.0,17.423213717242433
5970,6494.116629302605,5947.59062760077,2.0,17.41637793593429
5971,3641.0916028646025,153.82665560404698,2.0,17.415846607625166
5972,1956.930474535084,2717.468896892825,2.0,17.41577868977716
5973,5430.317052651963,421.2031730484083,2.0,17.415586776831308
5974,1613.6038803259364,6298.964068805356,2.0,17.41544855001721
5975,8656.449974414205,3107.334837420776,2.0,17.412523693957077
5976,1699.4849424767137,5463.172311286046,2.0,17.412277344259824
5977,3492.194381697577,1615.3664448902216,2.0,17.408128917230627
5978,2671.9116013294715,3655.9794310402817,2.0,17.40694545237993
5979,7299.041433473144,3303.6268353249943,2.0,17.398342084376115
5980,442.59164645099247,2235.2225354147286,2.0,17.394856153711
5981,6944.6704106209945,13.372458955959146,2.0,17.394349079167057
5982,7872.468810912582,2647.2137408842423,2.0,17.39323074217721
5983,1063.4710449253798,2365.685231123219,2.0,17.39127595320516
5984,6262.696262301574,2024.0740872397594,3.0,17.390877072481906
5985,836.5160008181291,3710.8700576421716,2.0,17.389901571710126
5986,6749.145852176791,439.5417302974947,2.0,17.38746179309313
5987,8431.479833879399,3911.1203069621056,2.0,17.387117765693286
5988,7540.173658702927,5985.440748408674,2.0,17.383836230208207
5989,7589.435145886356,4926.967894300571,2.0,17.38353921744676
5990,190.3014966011928,5455.417896828229,2.0,17.38274125187127
5991,1609.3134135020118,5732.94044387042,2.0,17.38192395341545
5992,6736.979680956058,1715.646629053559,2.0,17.37952027644874
5993,5260.5543826027515,2075.0873955754637,2.0,17.37825765747158
5994,6852.375824843012,3316.2549484978613,2.0,17.377901679328556
5995,7409.840310595576,351.489290435538,2.0,17.37731497370415
5996,6278.060040130185,5633.4416803873755,2.0,17.372997892148437
5997,39.574660803993346,1074.9506382898792,2.0,17.371129508867647
5998,7479.26910674705,2679.517014515948,2.0,17.3701185183826
5999,255.54841915756748,5576.097369593541,2.0,17.369513964686426
6000,3413.630717648853,1524.9887728947253,2.0,17.365733755558985
6001,6364.3966419958915,3211.9529087328,2.0,17.36536058328684
6002,5332.981833820319,649.4901704234733,2.0,17.36266080083769
6003,4593.929612331361,205.12320394079674,2.0,17.36188072213884
6004,8089.13676807565,6287.726470233476,2.0,17.361082560113935
6005,9513.931569441529,514.9223338204796,3.0,17.3592557014982
6006,3488.1745638690927,1163.4261834655501,2.0,17.355163828376973
6007,6114.319394839952,1670.0856860310014,2.0,17.35424904190783
6008,3280.126639865869,4187.6757276396565,2.0,17.353279113371975
6009,2661.7338625411044,3553.363029901229,3.0,17.352505282455944
6010,8487.037562998104,4629.457642346628,2.0,17.35156126462581
6011,2951.551396637725,3122.918888481766,2.0,17.34994689672865
6012,8044.254476821098,1477.5724140421803,2.0,17.346976378409124
6013,6535.637957992938,1077.1583418117673,2.0,17.338843305883664
6014,7351.342706733729,4159.1341366718825,2.0,17.33831306713735
6015,3140.7915842614248,4449.954581939847,2.0,17.33393596510357
6016,9069.546977253794,2255.314006609897,2.0,17.333787370792283
6017,9187.015028051139,4913.427568933026,2.0,17.333545194616754
6018,4860.488912728037,2619.1249535405436,2.0,17.329606425371402
6019,2683.4340257497643,1156.0858824578495,2.0,17.32886029328869
6020,4967.175838925078,3239.0485486505227,2.0,17.328590729274985
6021,8055.275233764851,2435.5248003003708,2.0,17.3279165824493
6022,6809.444789760171,956.8571478821997,2.0,17.326663048474707
6023,7206.257111963205,6069.470108307012,2.0,17.326602141692025
6024,6561.109056618458,527.4787368236822,2.0,17.325999917216684
6025,3922.89712783146,1695.3780960390818,2.0,17.319680093616807
6026,55.06113391950992,5989.575479999589,2.0,17.31931307124922
6027,2821.326073132074,4938.985844627975,2.0,17.315832837668427
6028,346.34680177089564,5724.937229875371,2.0,17.31571688754499
6029,8122.105523933197,4229.313592825675,2.0,17.315226831921695
6030,3378.631641373591,1766.2115489258183,2.0,17.31413792218122
6031,2626.158356454538,4749.694329555987,2.0,17.312114684148042
6032,5239.44061950601,3476.9155700820515,2.0,17.311735517359825
6033,544.0,41.44921757733066,2.0,17.311672234232613
6034,1255.0304775019742,2293.2211275609084,2.0,17.306283132332062
6035,2359.044230777047,4743.637301355311,2.0,17.302128495796026
6036,937.6059446260184,3410.834097869506,2.0,17.297223891991067
6037,9169.63408520277,2193.6720754762237,2.0,17.29661999964775
6038,7703.539200911698,4440.920725561701,2.0,17.29614654021455
6039,2908.2227038063756,719.0119596252799,2.0,17.293808858013442
6040,8270.157457637422,299.6269378918178,2.0,17.290710221671365
6041,3776.06116572168,2089.3865674375265,2.0,17.289393886497407
6042,8755.213465061166,4461.605329792259,2.0,17.28653402114675
6043,7932.156527989758,5061.527733589561,2.0,17.28491115057743
6044,1469.1794453499901,5341.378317482111,2.0,17.28381910992471
6045,8297.001375864576,1501.4248997848633,2.0,17.282701847248546
6046,9368.308032450826,5993.043086272819,2.0,17.28229232323726
6047,1995.3993834203595,3421.002021091874,2.0,17.282245435631616
6048,6265.470165600768,2225.205304031746,2.0,17.28076031241152
6049,2101.9352509724545,1439.4627920281162,2.0,17.28027456096206
6050,7684.096206314659,3450.523420156279,2.0,17.277975239302094
6051,3374.1241184042497,1435.707884470402,2.0,17.277389991148198
6052,2882.5070397187624,2792.987839172783,2.0,17.277288290710747
6053,5957.1891136731,4537.566293960652,2.0,17.276970965566225
6054,3831.9766672938877,5591.42206634514,2.0,17.276229110776324
6055,9161.563337545555,1915.9612261113077,2.0,17.27568395906669
6056,5461.131246954841,3477.5743020363775,2.0,17.274961486249808
6057,3199.5506082438155,4133.216512922682,2.0,17.273982875696603
6058,7784.596605893484,2719.9108694815195,2.0,17.27267285123513
6059,514.4429505714595,376.9367880052194,2.0,17.271013782895555
6060,1279.9277012142236,2675.5233997406726,2.0,17.26882368682123
6061,1227.1299072748639,1491.7015927286097,2.0,17.267179385621894
6062,8185.516306924928,503.507678587982,2.0,17.266678977363014
6063,2301.756511146726,1677.4504391341488,2.0,17.266271741332424
6064,3765.1724305350567,4143.637041246919,2.0,17.265175491739374
6065,4074.3879782628906,4514.924153033165,2.0,17.264068888740386
6066,9295.890226760892,4195.582593054389,2.0,17.26347606952948
6067,5575.923843676768,5169.654848603551,2.0,17.259181915450522
6068,4029.0339333770225,6111.632815434544,2.0,17.256763284989994
6069,7152.550991318631,3005.009161346081,2.0,17.255424347344036
6070,7226.600532261303,91.02584199929699,2.0,17.254768012323588
6071,4830.512560080855,3639.0757657516424,2.0,17.253846746648005
6072,9077.092298082158,1067.3718395239762,2.0,17.25331954572402
6073,2965.8195629739193,5551.513391381796,2.0,17.25102470693274
6074,3750.469381852931,592.0631278052823,2.0,17.247573776714518
6075,9055.489199100046,105.27621120877271,2.0,17.247479055461657
6076,8390.373997958512,5827.218612024345,2.0,17.246100463404897
6077,2193.9912496705906,4943.616301585921,2.0,17.23711672167491
6078,2316.301660849723,2207.692707198202,2.0,17.235238582971075
6079,5657.056959489554,2509.4353132120013,2.0,17.234873431992106
6080,7882.370508504453,2673.4127032812066,2.0,17.231032014171934
6081,3454.970200547549,5253.747698131773,3.0,17.226036059720837
6082,3867.098466488302,353.30252820416473,2.0,17.224831792925794
6083,936.4439127097456,3333.13761686351,2.0,17.22349843689419
6084,4472.526407370743,4193.247722869262,2.0,17.222957696053076
6085,4407.7714462327685,5018.084135788573,2.0,17.22282315885525
6086,4801.042552869851,5485.622605213698,2.0,17.220882475091283
6087,2052.081223222901,1957.6635618375128,2.0,17.220470418192708
6088,5750.430925790123,5081.45692681559,2.0,17.214830905944737
6089,69.01463456601658,3365.0992329657033,2.0,17.214019318421027
6090,9256.265501317295,632.9909397741806,2.0,17.213957566179
6091,4204.498203181832,1141.1065579258238,2.0,17.21120765393245
6092,6961.808606463338,3092.8489831379943,2.0,17.21067599262386
6093,4290.391197696126,3478.110220820589,2.0,17.20674414359656
6094,888.112823025804,1933.6262452239966,2.0,17.201543003391734
6095,209.42342098092104,345.7742856356518,2.0,17.201211593998277
6096,2199.36552962402,2251.0527281810596,2.0,17.198591685368246
6097,6026.383260848302,3455.7892753980477,2.0,17.197988750115
6098,6373.4172279657005,1665.0496862742632,2.0,17.19356800459259
6099,3819.767322408743,5241.441597256346,2.0,17.19310054420158
6100,3793.4085254552847,2979.8064788065967,2.0,17.19283352415944
6101,5544.152922096551,159.30140817341027,2.0,17.1869597320493
6102,3786.5810637639333,6023.846636241596,2.0,17.175733225551184
6103,3020.368430066991,4385.0322481065505,2.0,17.175621435631385
6104,928.1616916088074,6148.45666535238,2.0,17.175483015867687
6105,5132.312731747417,4827.59514818178,2.0,17.17159381006226
6106,7710.354316889872,721.9282919585922,2.0,17.170198128080386
6107,8361.522735648567,194.91592790774183,2.0,17.16811152452822
6108,5979.022772290831,2349.478089664183,2.0,17.1680970446724
6109,7276.942536260568,6203.471247135057,2.0,17.167937310678745
6110,7731.162499926197,5935.019270863739,3.0,17.166468818477725
6111,1206.5122948381443,2059.0536891298143,2.0,17.16529880917209
6112,933.3929836213922,1317.8027069032414,2.0,17.164948397678753
6113,9270.386646905525,601.0190817571729,2.0,17.164169335696368
6114,5081.48760008678,3951.205175294014,3.0,17.163826729420638
6115,4839.146075979803,4183.305950758963,2.0,17.16231596559093
6116,2715.196677525392,3941.497047650352,2.0,17.158907632873827
6117,3991.2299099574648,4686.939758322099,2.0,17.15876092572499
6118,895.3079298978315,4773.428411598119,3.0,17.156486412152745
6119,4607.185185735406,4456.420914446027,2.0,17.156433737397432
6120,5221.356168361747,1544.9407125770908,2.0,17.154453144753983
6121,8820.446406988895,1217.6613327893108,2.0,17.15233768463705
6122,9420.169289449323,5283.445562649588,2.0,17.150382856612595
6123,4835.119552981116,3027.7102973138844,2.0,17.14419959883433
6124,1289.3084396258703,6102.894517772054,2.0,17.14280187974609
6125,6223.332320841865,1522.9992476643795,2.0,17.140613622331202
6126,5532.735580063272,6333.36790638441,2.0,17.137750197870552
6127,2031.1284379485037,3958.9635333863853,2.0,17.136107683388527
6128,1336.5132647037035,2018.9037588098633,2.0,17.131778219911563
6129,7844.495755265347,5393.036232236039,2.0,17.130220780631284
6130,3997.2777165364396,3065.718016243897,2.0,17.129640172195604
6131,1106.3718612584419,4805.385256681632,3.0,17.12938359491309
6132,3418.3557306003045,2880.024728484344,2.0,17.12922828468284
6133,8712.535307004362,5854.741687707359,2.0,17.12562403857266
6134,5127.326395731542,1219.9054719048372,2.0,17.125286938121096
6135,5608.51593842024,3504.9005846670298,2.0,17.12340402030242
6136,2005.0937360173334,5887.503945065035,2.0,17.120635663128738
6137,1970.4921541640965,3053.3062026041057,2.0,17.11931294235687
6138,4397.215918811639,715.0424434618448,2.0,17.117573288405506
6139,2896.1862070418742,3319.5621139083873,2.0,17.11729377131167
6140,8521.205599955743,3259.466753222224,3.0,17.115680965889286
6141,6399.903943445373,1041.5071628011294,2.0,17.11169263538797
6142,7512.102029045931,5339.615455817834,2.0,17.111436984459473
6143,5423.368477511088,4842.932042060051,2.0,17.110848796419635
6144,6209.044870695194,227.40122687382922,2.0,17.109723146774826
6145,5558.1429691939,2185.88476141566,2.0,17.10762625963192
6146,3250.2288257267096,5443.01268314522,2.0,17.105931865716403
6147,6354.278362474677,5466.032269339341,2.0,17.105500515502403
6148,5373.914088366052,2489.596310658345,2.0,17.10234749099975
6149,6795.1652680454235,4915.3500695529665,2.0,17.099823693783573
6150,694.044677824134,3554.1906391494654,2.0,17.096540179698238
6151,7345.37484569093,4573.278929453254,3.0,17.094859114416334
6152,5635.292777596436,5243.540310680571,2.0,17.094708210249983
6153,5847.025909252363,2621.5225751179637,2.0,17.093483409331956
6154,5327.823422001696,951.841464240531,2.0,17.09311612294695
6155,4124.319310343993,5807.300559735673,3.0,17.090596535597804
6156,8423.472887624068,5760.022372256528,2.0,17.08646225106758
6157,5998.398040131639,6259.276186005804,2.0,17.08632282249337
6158,2455.9244908369524,1681.5724159348765,2.0,17.085188524779785
6159,4623.498812875414,4057.251189888332,2.0,17.083745233210433
6160,2814.3770636030354,3857.2244283392497,2.0,17.083285000315424
6161,9495.778815314194,2167.158435463505,2.0,17.08224286461971
6162,6010.6710820978105,1190.9459462188263,2.0,17.081333971296385
6163,2601.38316457826,5663.118822952604,2.0,17.078530538349497
6164,5334.585424263389,5839.149874693082,2.0,17.077923011056097
6165,4747.674012456989,768.7904197944318,2.0,17.07717761985064
6166,7095.296528907094,1997.4294299510068,2.0,17.07540415955621
6167,4077.0710256159286,4771.4670951464705,2.0,17.074834596294057
6168,4981.475862703933,3830.0021090565365,2.0,17.074357776829686
6169,2945.2865705473873,6321.21208105774,2.0,17.073501464457152
6170,2494.270634757451,4419.414739568928,2.0,17.073204894340204
6171,4580.426364750427,5612.965041927868,2.0,17.071365714536704
6172,7549.359481360452,6149.955502966918,2.0,17.07049070266039
6173,4346.137205159525,649.7233218633874,2.0,17.0692366115284
6174,6128.468071131722,6183.970962799981,2.0,17.0655740480576
6175,5790.5080937827615,4709.438387162094,2.0,17.06386093895866
6176,3583.602853938872,6345.069500289374,2.0,17.063053352257665
6177,7701.084250140556,315.5185319914735,2.0,17.062631626672566
6178,3844.0493221139104,2723.4240224353753,2.0,17.061496042003274
6179,7454.705022143203,2097.9017722745257,2.0,17.06053644706382
6180,4108.896001152767,2009.6916908876572,2.0,17.05682000375894
6181,3300.657422199225,2263.376638084973,3.0,17.05492544261191
6182,3112.629941312646,3417.84506991552,2.0,17.054668264601183
6183,342.16223571320705,2255.0923431536885,2.0,17.054115022444098
6184,3454.832819249793,1945.3288442421235,2.0,17.049702511709654
6185,2268.0031606867524,1369.6045155669126,2.0,17.049313406276834
6186,4924.464625609619,1348.950148303002,2.0,17.04738811681452
6187,2291.2103146628474,3071.5814463698985,2.0,17.047225844680202
6188,3396.231335966911,99.57245075283451,2.0,17.04638923473214
6189,2099.259786191682,2171.996349495587,2.0,17.04231291205979
6190,8872.30231792484,5217.870589238186,2.0,17.041830205680238
6191,1415.6260224221103,4879.071380986343,2.0,17.03784316314332
6192,2363.03950548549,39.48790707012344,2.0,17.03607636800412
6193,6880.774223643023,1083.2067720367643,2.0,17.035873356460318
6194,8406.072720700739,3169.560396354993,2.0,17.03581806542942
6195,6933.151407583191,4011.7471417505203,2.0,17.03509375592939
6196,7036.487900389707,631.2412555823457,2.0,17.03508853286575
6197,6432.0598862119705,6002.247866904902,2.0,17.034870879619824
6198,1145.1801165887048,2069.509452023631,2.0,17.02746473705612
6199,6174.439294574625,3611.198203934662,2.0,17.025907297187175
6200,992.0762154392164,2499.4311231564247,2.0,17.02551592923816
6201,3041.5300190351645,2093.152232930325,2.0,17.025344762736292
6202,2224.6033877130144,4077.683370530579,2.0,17.02419776716116
6203,7106.918136407928,5015.2521027459425,2.0,17.02232419103584
6204,8562.187484701506,4393.450710723,2.0,17.019697427551563
6205,435.650754362091,1449.013027890529,2.0,17.013434639327667
6206,3039.9822693859724,1055.5941971345649,2.0,17.013187951836983
6207,7993.448718549653,1610.839302396865,2.0,17.012476273548025
6208,4183.008991769582,1157.682780161968,2.0,17.01201859798788
6209,1603.8810203324101,1867.3323159400543,2.0,17.011478357568766
6210,3344.2422197650144,317.6075979147602,2.0,17.009811978392225
6211,6120.103432383168,2263.467801764866,2.0,17.009529147785987
6212,1487.5206466795373,5901.817758637415,3.0,17.00801107584683
6213,6402.439929483005,5978.064618611082,2.0,17.00248060811223
6214,6615.934555381204,3859.378542508829,2.0,17.001705162497814
6215,8455.612763678819,5201.028471560313,2.0,16.998158340225594
6216,1887.131925861301,1781.2037322607755,2.0,16.99697471081733
6217,208.66992434595372,1657.1304381576542,2.0,16.99112804915942
6218,6136.080713744738,451.5887107256138,2.0,16.98998580816991
6219,1609.4818979982754,1063.2623031987446,3.0,16.98844457675506
6220,1977.0759542343903,705.3021021541898,2.0,16.987124612416526
6221,2805.215434400735,1863.385173423421,2.0,16.986604299207276
6222,197.55731526593448,5281.803681383415,2.0,16.98573590289053
6223,6242.087436975392,3775.4565774057146,2.0,16.985419265037073
6224,7553.261571377068,2747.404777888721,2.0,16.983427786672433
6225,14.894400670588412,221.69448527353165,2.0,16.980058344061696
6226,917.3611438032392,5783.745256666985,2.0,16.97976761086923
6227,8542.647996617896,3397.7795606877094,2.0,16.979646367206204
6228,7597.437215909973,931.068006509583,2.0,16.97837681143753
6229,3403.1934896708453,2375.034493225565,2.0,16.976246413254767
6230,2368.8746587376927,1451.4380200278024,2.0,16.9739112824596
6231,1806.8063670528234,3213.25687151527,2.0,16.969603398543942
6232,3267.2051870560394,5387.871958302556,2.0,16.968901043508968
6233,3183.2005902335936,3951.6437672748216,2.0,16.968867190900998
6234,6194.426492475186,2346.075562659121,2.0,16.96722303158465
6235,1626.1078645314408,2479.523731778996,2.0,16.965160571613065
6236,2066.6474559980256,4391.120055092194,2.0,16.96329798536996
6237,7299.350998970157,4605.144525758248,2.0,16.962993340253757
6238,165.62346798316173,2550.9538988272016,2.0,16.96226841694722
6239,5770.117225118597,5515.6118376898985,2.0,16.962219090431407
6240,5625.2955438942845,5393.027053471149,2.0,16.959886460500133
6241,8916.727831506132,121.24275920784083,2.0,16.958449608258757
6242,198.03223072504875,4395.749355081938,2.0,16.95813686028302
6243,2904.5179658029047,5120.1347537862275,2.0,16.955002576995497
6244,4971.440314893567,3003.95522927383,2.0,16.950905543078477
6245,9366.117404235465,4739.507076412074,2.0,16.950203558175502
6246,6515.26731824369,3221.2769256696115,2.0,16.94822463134106
6247,318.85719836907896,2386.917625427121,2.0,16.946378135846146
6248,5143.20715429943,380.02444189530684,2.0,16.94279546984141
6249,8412.67915592298,3879.226553725039,2.0,16.941303605199604
6250,2439.474430897806,5973.333882196084,2.0,16.939303977966233
6251,8740.227567806593,3867.4509071437565,2.0,16.939104820331263
6252,7491.23639820371,1937.3083631855377,2.0,16.937087661168484
6253,6623.401514221948,2461.099256108798,2.0,16.9358395152745
6254,6510.893082390863,367.53375229454406,2.0,16.93240771434271
6255,110.23575086994748,5067.946369258498,2.0,16.92850294466838
6256,913.4783807422504,1630.071131474862,2.0,16.927941998976483
6257,4365.380079557996,1377.4796768822441,3.0,16.927706646155265
6258,8183.33923751403,3325.9770459989477,2.0,16.926822952961153
6259,5185.561646191472,2262.9473031006687,2.0,16.925524778918504
6260,126.58665196405977,1422.8926653143117,2.0,16.925516547284193
6261,7855.297336601767,4643.442318469777,3.0,16.92533442437948
6262,2077.163454236307,1973.5492796121275,2.0,16.921843180085514
6263,7095.158995931572,1375.4151654121288,2.0,16.921247070285375
6264,2805.9979514180764,4277.222868240768,2.0,16.920935627164326
6265,6408.350398761939,1977.3302411396853,2.0,16.917237870735423
6266,5181.531915025657,5949.724907261773,2.0,16.91463178926479
6267,8671.809506938678,4649.031893187599,2.0,16.913324663114256
6268,2486.942706730981,459.80889647071297,2.0,16.905118809919557
6269,8261.187386612663,4257.2744260656,2.0,16.903782364511923
6270,7518.093587098234,4949.292203177439,2.0,16.902516212469862
6271,2294.011102555435,5629.4170185053035,2.0,16.902429725125835
6272,3825.8000191404903,3619.7019119516417,3.0,16.8994700776677
6273,6618.569874195064,5277.902957472155,2.0,16.89934490763665
6274,2850.5186981230463,5333.154071780994,2.0,16.899148480453622
6275,6819.345828323068,6053.885897574782,2.0,16.89814914925059
6276,6713.693009269246,2347.0482960191994,2.0,16.89781581011278
6277,9248.10324612185,1571.5475881449456,2.0,16.897485817425874
6278,7629.184887020712,5615.472425467586,2.0,16.896098382371743
6279,1142.4777336860059,1858.9940260169678,2.0,16.896050534785903
6280,6252.299719749736,1875.5403678854184,2.0,16.89548527969722
6281,5763.397313312294,1139.7648261937359,2.0,16.894997735883564
6282,9396.365922585754,978.9984586228052,2.0,16.893391179866132
6283,5194.432188341464,6277.866853288054,2.0,16.89258169911565
6284,5420.017866670711,6363.6625926521,2.0,16.892444700111007
6285,2611.286730179493,3269.230893349565,2.0,16.89235391807527
6286,9568.553010248157,1006.9118134406832,2.0,16.89120791766863
6287,652.5917973885561,5856.934174221424,2.0,16.890788296458265
6288,7755.264554087659,627.5645442561963,2.0,16.888996701039492
6289,1269.2070285524708,1589.4388417870543,2.0,16.888933885090257
6290,7676.5033918791205,2487.619255129575,2.0,16.88835982371024
6291,9547.073909766641,5171.662574596713,2.0,16.886743222839446
6292,7706.790718018631,2793.41696163339,2.0,16.886726782135693
6293,6284.577301919679,1199.0612947845696,2.0,16.88420003315321
6294,501.0000797622558,4345.609843598573,2.0,16.883597738162457
6295,3782.4107021670784,791.5585419791305,3.0,16.883556539067314
6296,8838.177711368582,3466.6735743466793,2.0,16.882643878417706
6297,9443.676851187343,5007.952197571311,2.0,16.881722001409415
6298,4250.024287131799,5431.408429995415,2.0,16.881136480399665
6299,1841.36777680876,1968.9388694081388,2.0,16.87806598171563
6300,5337.200212351911,4847.670532345845,2.0,16.877186619834266
6301,851.2975397351709,5965.208549481708,2.0,16.87647054850591
6302,7928.637223207093,1566.8312596677622,2.0,16.875542729216235
6303,518.7885185077567,349.81425010720193,2.0,16.873597304318917
6304,6607.317410250344,5519.316481986806,3.0,16.872053575632894
6305,5124.521363978246,2445.372666473735,2.0,16.871334333717265
6306,4457.258018290137,3776.975967130784,2.0,16.8711812109793
6307,1575.9651660596076,6125.460168227915,2.0,16.87099967862614
6308,9189.520594972157,6242.887402497356,2.0,16.8708806052323
6309,7280.422843282255,4967.451664441513,3.0,16.870416083035614
6310,1026.9557658231824,4901.566573653039,2.0,16.868391875258872
6311,1805.4924851801438,1283.8564964581867,2.0,16.86728461283308
6312,1999.434103017322,2248.0169614309248,2.0,16.858411852802995
6313,9433.2213906064,4239.211198235172,2.0,16.854634508668884
6314,4759.3584241786175,3801.0743405231033,2.0,16.853343106926737
6315,3420.331782681814,347.0476044759347,2.0,16.84911411094032
6316,8103.609237375622,1452.0634670484349,2.0,16.84880394894549
6317,2805.089076563233,2017.3693075428246,2.0,16.846403058761567
6318,1739.2842046672683,2635.1946583663616,2.0,16.846091829270634
6319,5490.094979249228,2007.4275109554005,2.0,16.845583859622526
6320,7449.437665090322,5842.851873880863,2.0,16.84527935909633
6321,222.34184194252194,999.0215608615575,2.0,16.843333469649714
6322,382.37924210082645,1690.8332067624356,2.0,16.841712008595394
6323,5805.132234404451,2241.000166884145,2.0,16.838499535011298
6324,2141.292578790513,1167.8927970788325,2.0,16.834853258812856
6325,4769.370715179087,498.0902663139174,2.0,16.8319637952182
6326,7243.324516466792,1549.569942804009,3.0,16.830392912233748
6327,3212.951624971723,6115.348587727067,2.0,16.82985971654335
6328,1821.1735495721052,4579.653892001129,3.0,16.824481459222188
6329,8420.107110386989,5301.311755502817,2.0,16.824295774117516
6330,1660.6364107214888,5361.134195186875,2.0,16.82411542086025
6331,6764.479996464736,669.7401986336217,2.0,16.822418034903233
6332,2168.606130034332,1001.2904170589635,2.0,16.821786864843048
6333,3764.13319098735,1135.3531772665574,2.0,16.820858591547143
6334,2732.7544789097337,4455.046490258847,2.0,16.820188776424462
6335,3394.786117324324,5401.274187866136,2.0,16.818100588677083
6336,7198.258636099591,2655.293874084382,2.0,16.81516013304344
6337,6027.3555873369,5203.223238914218,2.0,16.813704097735908
6338,1581.5369876652153,4013.034787664467,2.0,16.813482294706766
6339,4756.13805688804,5855.2872358907425,2.0,16.812722282145252
6340,9058.430986422101,4413.148692469925,2.0,16.805305224882687
6341,4637.301380367983,211.9026601343012,2.0,16.804405241578568
6342,8722.588112940228,4946.960118490472,2.0,16.80233479130161
6343,2962.346467564793,4315.9645691561,2.0,16.800126831863928
6344,1716.2864541987528,3085.1795698353967,3.0,16.80008169276129
6345,7996.937892913989,4183.445312894837,2.0,16.79747685397564
6346,9229.027122509215,5707.442043181641,2.0,16.79623778519124
6347,2769.392169447639,2422.800382205318,2.0,16.79528232242539
6348,8587.128673213809,2623.702881209816,2.0,16.79458040548741
6349,3478.065103738046,3167.437882438275,2.0,16.794548688009623
6350,6786.267751489516,6083.367946392276,2.0,16.793738490590542
6351,2365.3894982799884,827.9438661627136,2.0,16.793306867562126
6352,4924.245196487211,347.8691983769248,2.0,16.792841051184787
6353,884.1648761077107,637.6231918214806,2.0,16.79233663764699
6354,6154.147435095876,3817.6914438715085,2.0,16.78679691767822
6355,4615.425584991561,5337.18094454389,2.0,16.786594907848656
6356,6460.687196022497,5520.127212611799,2.0,16.78541901933053
6357,9319.314291425082,5379.3491002202645,3.0,16.783788362696534
6358,9062.99986878146,1649.5279420631646,2.0,16.783558822134857
6359,8688.193578799972,377.7194601557186,2.0,16.781027219982295
6360,1980.510802369045,223.0552704161547,2.0,16.779535678144835
6361,7392.343249768182,4128.056208380406,2.0,16.777437561306787
6362,2717.32699368538,1980.9904207681507,2.0,16.776395835983816
6363,4054.055506482257,2753.5306312237767,2.0,16.772685236742426
6364,8140.103869507032,1759.5875361757385,2.0,16.771219080125963
6365,6186.063735025491,3733.6708860702756,2.0,16.770831505036107
6366,6618.170986593695,5749.810782181659,2.0,16.770096728458697
6367,462.37843476648544,5421.881529412743,2.0,16.76829340888215
6368,7685.092056173748,653.6221496692905,2.0,16.76610449925566
6369,1591.9178375963454,185.77759517324395,2.0,16.76340819120673
6370,3937.9999466919644,1329.4315502201214,2.0,16.76322910288949
6371,1145.0948953174204,539.5498711751145,2.0,16.762556771913378
6372,1931.2026582074686,1295.6051096537713,2.0,16.762388364522835
6373,6254.607121507662,2500.63479815008,3.0,16.76179177490977
6374,4671.5797723979595,5252.007251411227,2.0,16.76058624306568
6375,5863.407316875293,4719.766274293017,2.0,16.75979922424392
6376,8252.648866377605,941.8126778014101,2.0,16.759532538461933
6377,7188.074119783841,4459.478106856435,2.0,16.75902963622314
6378,613.067486699773,155.4234102614161,2.0,16.758819994715335
6379,5952.3347379727,4585.929559684782,2.0,16.758164149828804
6380,1907.0477227486667,337.4237850811903,2.0,16.75755851620333
6381,7428.779434679633,1196.0612240860607,2.0,16.75571157968113
6382,4688.332855026536,4577.13223260369,2.0,16.755159976061876
6383,6897.5182398656,4603.845359049636,2.0,16.753778777920243
6384,3591.36513393392,1753.1352772106602,2.0,16.753514473273633
6385,1595.7153646070997,1976.0534304331366,2.0,16.749461228785684
6386,635.3891897383816,2393.6329877415046,3.0,16.747751090187887
6387,7208.9921829151635,3155.028196601317,2.0,16.745958306071437
6388,5926.144603494522,1049.6173559140773,2.0,16.745399244541893
6389,806.8513124824532,2959.5661075816056,3.0,16.744579645077973
6390,2695.414267454585,4591.932219270977,2.0,16.73881916371839
6391,4416.477505712835,1061.9366277880836,2.0,16.738219521679543
6392,1247.9610090392425,1395.6214843181745,2.0,16.735473079494437
6393,5802.37900402425,2811.9246277260168,2.0,16.73473913518567
6394,8088.805898615659,3563.4811195487005,2.0,16.734356378876686
6395,9307.367114296661,1912.0817712349915,2.0,16.73230983451186
6396,3982.71676528281,5140.864979366243,2.0,16.732190815698686
6397,5193.286623094586,6011.421176329464,3.0,16.731996166004187
6398,3731.5882980370147,663.8138456336467,2.0,16.731033230074445
6399,266.3824697029566,4943.389262061587,3.0,16.73025479204943
6400,3254.7841816404857,4799.088256232914,2.0,16.729178508584926
6401,1640.177907570546,4361.429307109327,2.0,16.725954566759725
6402,1554.48831423164,1927.6798663639165,2.0,16.72588756419426
6403,2349.6102450431526,804.9847540434109,2.0,16.724830990814645
6404,3913.3798386392345,4312.996957536515,2.0,16.724679963075854
6405,7841.030655585334,1285.323721388137,2.0,16.72347632580883
6406,2933.0287519059066,3301.3621604422624,2.0,16.723328293318577
6407,3546.8019873872922,2257.1328895504826,2.0,16.723117301427546
6408,6933.976166289592,6186.59150312757,2.0,16.72257594570206
6409,4434.440198530104,3189.1124409804193,2.0,16.72248417229432
6410,7325.6335736361925,2712.1151103180314,2.0,16.721385716273204
6411,6619.703109641795,2347.5280820838093,2.0,16.71988285581408
6412,4930.234529844133,3535.7581720079493,2.0,16.716557925152635
6413,7120.125120818725,4287.5420961000855,2.0,16.716456397205974
6414,1661.1568686978244,2447.775627185245,2.0,16.713832499311557
6415,8882.545052750813,4318.937262314513,2.0,16.712878255102183
6416,5029.515849068547,1519.9639063824488,2.0,16.711090432922617
6417,2235.3204431446557,680.9318851026061,2.0,16.710054934072044
6418,4970.888849839661,3485.2139379732716,2.0,16.708638899988134
6419,6298.514547596541,5909.208662924127,2.0,16.707316978972386
6420,3588.5198301181977,3540.187471156622,2.0,16.70714166552953
6421,326.5119764895039,2608.2567991663814,2.0,16.706832874030997
6422,7332.234500419589,3633.376734466442,2.0,16.704352883206205
6423,2897.5801431950404,2849.207454131972,2.0,16.70290135102658
6424,5298.291922225359,879.6231103288397,2.0,16.70178525075083
6425,6295.748195547078,4629.217977956444,2.0,16.699413981182808
6426,7841.5084242894745,2235.29172867749,3.0,16.69927093059396
6427,4820.895189386397,5087.427966165155,2.0,16.697998170095605
6428,3526.352587639478,1952.9379153373836,2.0,16.69647462251313
6429,4589.104178533836,2987.463778561148,2.0,16.69629692778702
6430,6273.512940465492,1185.207573347651,2.0,16.69614297887599
6431,3318.972374708563,1971.4935755043311,2.0,16.695417151229524
6432,8059.4892763549715,3657.8597979406,2.0,16.6921752986403
6433,2162.7151354008515,1917.626907281707,2.0,16.690639813375437
6434,8272.359943539017,4962.843225801722,2.0,16.688233346380304
6435,1408.1225500732075,3345.4956253872265,2.0,16.68522070340287
6436,3449.0937516275153,3779.471858942968,2.0,16.684212898210458
6437,5740.474247678813,3829.6696403125507,3.0,16.684158369452234
6438,942.9600389486834,2385.2562168952863,2.0,16.6829609752484
6439,7988.6628009727065,1647.173369515435,2.0,16.68076034577764
6440,7579.685787353727,3711.7892080343963,2.0,16.680064924633303
6441,7497.790090656344,6337.803395302219,2.0,16.678307181937683
6442,8391.059577650345,1833.4459944734226,2.0,16.677792029649073
6443,6999.33998468663,5335.3652093089095,2.0,16.677441232822158
6444,5950.384815641242,1333.8530314579837,2.0,16.67435111793531
6445,4434.824830337924,4417.122770208015,2.0,16.673501109645027
6446,579.9161991621688,2511.504061379185,2.0,16.672378415937754
6447,8023.870259835782,1317.3830287853239,2.0,16.671641128466426
6448,4207.025717908045,4007.4250705722948,2.0,16.670788482173013
6449,4736.275528609533,4537.373875328322,3.0,16.66910620252561
6450,8371.22455968519,2903.44280465512,2.0,16.668799297375855
6451,4784.572262656498,79.57497361785506,3.0,16.668210657572484
6452,5797.397052033899,4723.912383719915,2.0,16.666757082361304
6453,7340.773914047687,3890.038284458176,2.0,16.66655995227271
6454,7306.579779190379,6226.100687909795,2.0,16.6665481606189
6455,8551.557367171747,1879.9600894673829,2.0,16.664883667099378
6456,1685.4351647150495,4189.139000919411,2.0,16.6645668407368
6457,8976.54503928205,2830.984019472399,2.0,16.663326400961058
6458,2527.387582700429,265.45164580796524,3.0,16.662230880628314
6459,7322.05317957005,5833.6655040672495,2.0,16.658362279558336
6460,5882.494220173741,2829.1383612590976,2.0,16.657809481356857
6461,3390.376689548822,2469.6437226550133,3.0,16.657303657585246
6462,8361.307955306798,2071.7128033362387,3.0,16.657299011837264
6463,3096.415496904874,6015.44908745193,3.0,16.656443917687064
6464,284.0305071886107,4295.365220845751,2.0,16.655584526253843
6465,2090.170819543601,3447.702180829906,2.0,16.653981268647918
6466,1690.4434355011585,2179.0670065951067,2.0,16.65393108374134
6467,3625.6987480238195,713.9397068800841,2.0,16.65390163413254
6468,8777.298117400907,4030.083991185401,2.0,16.651102917913438
6469,5050.076643429118,615.5067837242526,2.0,16.650712850313926
6470,1947.572614272131,1743.9814925779533,2.0,16.648178856546092
6471,7320.079939048817,3865.4291291092154,2.0,16.647869605958867
6472,5980.364540284685,1685.0195117058101,2.0,16.64628193242228
6473,504.5543944837872,819.8148973892788,2.0,16.644780307394484
6474,9008.316707480546,3837.539530618948,2.0,16.64426666017343
6475,1790.6867997839004,3249.0091546841336,2.0,16.641168763671125
6476,194.0503571507661,4057.39967330929,2.0,16.64111356082314
6477,1187.2532608463732,1424.967640495625,2.0,16.64033503272494
6478,9215.862071085292,605.2685567710255,2.0,16.638800986373454
6479,436.8170271727405,2727.2713728117815,2.0,16.638466857838257
6480,958.420817788922,602.166887206246,2.0,16.63657403675912
6481,8388.545114715578,5369.1175380720015,2.0,16.63570740178354
6482,5731.5154904477195,1555.024805797041,2.0,16.633439730431096
6483,5705.996552225041,5153.430179208795,2.0,16.63261499453601
6484,4486.17049749816,247.48335698305846,2.0,16.628975974357335
6485,1525.3422313505437,5326.30550393808,2.0,16.628660497846155
6486,952.3300434128976,4251.004814254796,2.0,16.62667423714202
6487,1221.1251641520323,873.3681466573076,2.0,16.625148445041205
6488,4558.284073087166,2757.341615308408,2.0,16.625101678425217
6489,6596.855151105388,753.3044270182739,2.0,16.624592515997442
6490,2373.5414323927553,1928.0521509454309,2.0,16.62295169307199
6491,5316.644628776868,140.12943923475527,2.0,16.6215187197435
6492,628.1936899286147,225.25111165945043,2.0,16.61934171130445
6493,9150.543145459951,5464.906415275269,2.0,16.61847450481391
6494,8981.295542917162,2741.016806053905,2.0,16.61537919868028
6495,8881.980079459478,6187.355192187962,2.0,16.614421828258024
6496,8340.304920533157,3849.213570853736,2.0,16.61261069931463
6497,3102.4257353940816,2976.027051328451,2.0,16.61182135261199
6498,2257.536846009094,1268.9768962668663,2.0,16.6089326152377
6499,1791.9878674144747,5691.43265021213,2.0,16.608730647527995
6500,6834.007678473854,4080.9339048310108,2.0,16.608700847473045
6501,3695.9522575902174,5733.4910514103,2.0,16.608596202427726
6502,3581.2913337499895,5430.925258827191,2.0,16.608540968688395
6503,3279.301504064219,2388.9736571726207,2.0,16.606065907651566
6504,5802.34723906421,3865.3966988762386,3.0,16.605759705890787
6505,1006.3744978855544,1723.7459007478194,2.0,16.60495999748809
6506,1814.9804079222445,5525.55253003236,2.0,16.603186423060826
6507,7373.65642567326,5324.997835624015,2.0,16.601176648788016
6508,8802.960086285899,6233.333928455424,2.0,16.601141014667718
6509,5752.280817197631,3723.95175018011,2.0,16.59670050225664
6510,1742.223302883313,375.41558044999164,2.0,16.595682853467085
6511,74.15957532620882,589.4945595799888,2.0,16.59286410575994
6512,9451.881773144063,4535.560219396322,2.0,16.590299876027494
6513,8871.414732393292,188.98985800748426,2.0,16.589509502362894
6514,2277.3498635880305,2555.1033214474933,2.0,16.588780943782194
6515,9071.479211646514,2978.022985963276,2.0,16.588601694327323
6516,3389.4871454746126,4498.032719219315,2.0,16.587083935559928
6517,2571.270772268765,5869.628611851375,2.0,16.585860686114735
6518,4922.0812836324,807.591167365892,2.0,16.581741245364142
6519,7974.761660229088,2939.046729596643,2.0,16.580690593065363
6520,5400.658215771071,1295.8067961980064,2.0,16.58021380667347
6521,349.12111525640114,187.39140989463627,2.0,16.578014407102934
6522,1273.1173554087559,133.33071177018215,2.0,16.57792533381738
6523,1047.1011325358495,5085.491975791566,2.0,16.57767425719208
6524,5290.9681791980565,257.6924795931815,2.0,16.573460462916167
6525,48.98001100711748,5691.563301147334,2.0,16.57213544171476
6526,5192.58990896957,6362.855854650358,2.0,16.571535183669866
6527,8466.513677850822,176.0535365236074,2.0,16.569971821597758
6528,3588.3395510674454,3905.452796411328,2.0,16.56987570422216
6529,6070.056395940041,1809.4217404067895,2.0,16.569505848468005
6530,1535.8556149235903,3402.097710977079,3.0,16.567551104425455
6531,6855.055626677344,2450.152150046962,2.0,16.567039264690592
6532,888.264891558617,3103.3170330550865,2.0,16.56190897678229
6533,7241.965893587398,4775.45944075431,2.0,16.561738093193892
6534,1355.4951557800746,3639.8887981867374,2.0,16.56147359364473
6535,1931.5836103433476,1827.2368781737102,2.0,16.5607594336094
6536,3556.1812486490244,5777.772186700932,2.0,16.55977878560276
6537,443.1960264047872,3869.6215284651116,2.0,16.558455189881926
6538,312.8382187872683,3401.3432389988693,2.0,16.557089635340255
6539,785.4123112882733,2763.6915620919744,2.0,16.556428837523857
6540,1063.506826730993,2379.0969070370925,2.0,16.55465866440949
6541,6471.558199351988,385.8626141994309,2.0,16.553906749249464
6542,2641.0825074200875,4657.495922126564,2.0,16.552763451665793
6543,735.2901099964453,5467.035876936018,2.0,16.549450385388656
6544,7013.38020355878,612.0270915870651,2.0,16.549074984634284
6545,9349.27173024095,4909.489693907091,2.0,16.545376111096008
6546,3497.522344960266,639.7971665880815,2.0,16.544314562160668
6547,1443.4126917286228,3747.773970608109,2.0,16.543741022422452
6548,7676.860501587716,3913.3245529380997,2.0,16.54263178805668
6549,6447.642484608406,5882.978190530625,2.0,16.53976224073894
6550,9093.201343015651,1699.217475624103,2.0,16.539331467449237
6551,9143.984212450314,4899.706311703286,2.0,16.5391533612724
6552,1447.3195372710163,707.2249121237088,2.0,16.536245158288214
6553,2192.106459209214,3993.702664960888,2.0,16.53602636040584
6554,1288.3393503987586,1415.4393040497305,2.0,16.530881352675877
6555,8664.087344468677,1065.2025127487716,2.0,16.52952581930214
6556,6156.162634556092,4637.581386317427,2.0,16.529445674909443
6557,8098.104032120698,3179.5609739405563,2.0,16.52858265940808
6558,2059.0321618737316,339.5683905437134,2.0,16.527943466637964
6559,3535.3331067840827,3433.1357964648523,2.0,16.526396257422114
6560,7197.478417586789,1989.906913366304,2.0,16.525890067038148
6561,2943.0539375206317,4509.518962373994,2.0,16.521551889890358
6562,4311.406763938187,2660.922453570905,2.0,16.52097584236813
6563,566.3238534894878,1913.9793652130447,2.0,16.52038955800442
6564,430.87028818035424,6333.616372299065,2.0,16.51615172271355
6565,1958.3482978278632,3147.167597952178,2.0,16.515997708529813
6566,2334.376000987644,2794.0287686465576,2.0,16.51543620260565
6567,8814.150758960208,4387.704586211712,2.0,16.514010749144454
6568,3976.4778235396498,5789.838050323721,2.0,16.512986570237626
6569,9551.598558318481,1506.0369338479609,2.0,16.512888742378774
6570,3460.0395944163697,815.4137636533602,2.0,16.512464889540823
6571,6522.563699069941,3139.781455103395,2.0,16.51222945011491
6572,4024.5496402930557,2951.7902054354386,2.0,16.508909619211103
6573,4522.129856075925,1894.5640444504768,2.0,16.507523618372545
6574,9172.462021535619,5928.939400081055,2.0,16.506428596868
6575,4375.903427243647,1967.6524576426934,2.0,16.50470309020258
6576,3250.051004013579,5000.949426451822,2.0,16.504140891394602
6577,2410.9796057545855,3960.353135952648,2.0,16.503426765121894
6578,7620.453378731852,2537.952158430941,2.0,16.503156935043084
6579,9515.888370124318,1379.491285905696,2.0,16.502246243071657
6580,5906.895804901172,5083.181895521544,2.0,16.501820085825788
6581,2990.150138485303,3452.950653536167,2.0,16.4991252854456
6582,700.5262580718759,3953.2082839759005,2.0,16.498999203982294
6583,6389.173565014261,4443.356208283629,2.0,16.496299538798745
6584,9478.999624155187,4613.530117703943,2.0,16.49467161874235
6585,475.5335693992462,3234.9077194876913,2.0,16.491368795551892
6586,7684.1435075270865,3807.5273844986436,2.0,16.490542281941543
6587,7606.124207696863,4431.419913709251,2.0,16.489756769562874
6588,6232.6233805862985,2671.0,2.0,16.488282024940546
6589,3418.2897916916418,3309.0111534285843,2.0,16.484401669921482
6590,2345.380127500257,2625.9013158557505,2.0,16.483359355736606
6591,7162.808005051905,933.5637156535994,2.0,16.483019625433045
6592,1834.628754975633,2750.10490625373,2.0,16.48190890059388
6593,6104.265394935869,2069.0858580693625,2.0,16.481742434553357
6594,6037.400509042788,6037.2107011655025,2.0,16.478454081035817
6595,1684.4550509594033,2688.019945775078,2.0,16.47796549297289
6596,3601.4220932702483,6113.022303595822,2.0,16.477277845125894
6597,9157.210968278236,5053.226215189635,2.0,16.476017670821328
6598,1838.163402228023,4359.647927891447,2.0,16.476010424982725
6599,6178.163205201249,859.7061339281512,2.0,16.474939579911595
6600,3641.653417033143,5676.81594152946,2.0,16.47156676595165
6601,764.461675070341,2543.7570196129686,2.0,16.47113645646971
6602,4046.2413761948583,5473.713590919143,2.0,16.469670170199436
6603,3319.4970837946835,2317.7641500719396,2.0,16.469068422446085
6604,5986.068014150745,1551.4041121420523,2.0,16.467856163649284
6605,380.11643631666215,491.4934181290991,2.0,16.467143416761505
6606,899.804190265352,2699.4206125354167,2.0,16.466095300503188
6607,3213.1762871343476,1709.4840256333703,2.0,16.462383795362356
6608,7925.090484339423,3485.6798587337676,2.0,16.459647689941736
6609,1090.5488871074892,3450.942033956633,2.0,16.457977419747063
6610,3139.1045942973765,6303.455458382942,2.0,16.45797306991496
6611,1220.4087209068973,2820.901213836068,2.0,16.456993344424745
6612,4925.324536348176,3008.975081681969,2.0,16.455128059110365
6613,5105.386222033766,5280.826533008109,2.0,16.45504816592638
6614,7716.416102518208,1359.8579157506658,2.0,16.45416294236199
6615,3890.245864749939,5027.1602396191465,2.0,16.449044150283033
6616,4848.310499872646,2671.416168311017,2.0,16.44794075292037
6617,1102.0644618898164,201.5244021292565,2.0,16.44659281969513
6618,9068.004714141156,4613.68517145746,2.0,16.44638418372291
6619,9207.016546836403,4437.626630644505,2.0,16.445936530147325
6620,9509.22396472305,173.67321346461247,2.0,16.445309349988225
6621,6625.292710031882,4851.514135489925,2.0,16.440766695277738
6622,3784.416472051425,1961.2127144562687,2.0,16.436862706820914
6623,2560.0135309718694,4756.688736236952,2.0,16.435845067261578
6624,37.2870479845703,5835.554628479475,3.0,16.43523639443824
6625,846.4904066052327,3509.315523537582,3.0,16.434219748313666
6626,6133.445741392299,2307.791521329837,2.0,16.43276546202559
6627,5102.422785306981,162.02146467121142,2.0,16.43051922526332
6628,1664.9755890829122,3437.345205071618,2.0,16.427757668980465
6629,762.0985996886845,5839.523191645084,2.0,16.426487594968222
6630,306.6573397096457,5213.581883752811,3.0,16.425669418280517
6631,8757.3523868737,2973.4545069732585,2.0,16.423026142328233
6632,4985.444449125174,1716.9570124065167,2.0,16.422228578897126
6633,8660.911581570914,2821.540084508688,2.0,16.421702110097904
6634,7365.892663521324,517.6652994548938,2.0,16.420285926463453
6635,8002.107501431063,5161.284919745278,2.0,16.41555194984857
6636,6712.906583457823,2965.141656196125,2.0,16.41424724948239
6637,2412.684561071519,2419.0757198203987,2.0,16.413341236227964
6638,6940.223728778649,2869.7591495639135,2.0,16.41176256816501
6639,5773.924362060872,4109.400029200122,2.0,16.41115745954599
6640,6333.403926638167,1239.1383816577415,2.0,16.405321482784785
6641,5402.214021127675,2273.224989379042,2.0,16.405149723538994
6642,9008.352684604652,916.9221934589245,2.0,16.402764432290024
6643,34.018935285053,1809.5446265003554,2.0,16.401805067827578
6644,3913.1545091793228,4487.245937792722,2.0,16.399830209429428
6645,8795.047943037836,3807.6445876293337,2.0,16.39688584411879
6646,6910.635022921002,2768.9348495647014,2.0,16.39664011469931
6647,9010.095637190074,357.1745279264856,2.0,16.394067148509052
6648,7310.290176496305,2974.248797785488,2.0,16.393687499094966
6649,7259.7246244899,4731.06285885368,2.0,16.393206149324605
6650,6932.330106152094,966.0233177985524,2.0,16.393075047788862
6651,495.79006692019277,332.05149518729434,2.0,16.391615724561312
6652,6173.060852373393,5241.282313308499,2.0,16.388914230551205
6653,1291.42959249996,793.0019136292722,2.0,16.387881411707752
6654,6888.4511150668895,3581.2516146646844,2.0,16.38769161073534
6655,2387.9781665668197,3087.570184213302,2.0,16.386804105388354
6656,6095.593841158958,2116.9171595759385,2.0,16.38658377286008
6657,4105.0798290371395,5515.720322739829,2.0,16.386136026112066
6658,8342.432104925983,5263.905058775678,2.0,16.385684827205434
6659,8935.535508019213,4302.0584540619375,2.0,16.38484118481276
6660,91.21354151568005,851.9739467607732,2.0,16.38360104342128
6661,2772.2947806011757,1379.8981411071518,2.0,16.38322528494021
6662,3322.4605686259365,2396.3046108704957,2.0,16.38197656623911
6663,5369.209101471615,757.4790827177768,2.0,16.37902994154863
6664,8122.1349191115105,257.3447113667478,2.0,16.37897622705908
6665,5066.420149369156,404.99938849169155,2.0,16.376772392258246
6666,5596.507292546883,3161.0906589076258,2.0,16.376275858008075
6667,6765.174054791448,5823.640709829289,2.0,16.376138985558327
6668,8161.598763061193,5115.698774403187,3.0,16.37585485961987
6669,7319.437237926996,5600.773257357409,2.0,16.37560306646727
6670,7642.947819426542,2523.581393003683,2.0,16.370798608544252
6671,8208.500291579514,5830.928414481486,2.0,16.369446026012845
6672,5801.825515155419,1265.4084862985108,2.0,16.36740563153322
6673,2762.7501801067383,3705.1115306149377,2.0,16.365090012111907
6674,574.4291816779993,657.4864135503868,2.0,16.36440808195423
6675,6681.050281666792,2481.5736781112278,2.0,16.363485673150265
6676,8634.558150097319,697.0535177703435,2.0,16.36039056801166
6677,9131.556675700698,5940.950426706748,2.0,16.36017544975784
6678,8861.903456810136,2215.4489501960684,2.0,16.358821605692043
6679,828.4231992925519,2608.99124018336,2.0,16.356835929445815
6680,9454.741601839187,717.7414580731612,3.0,16.35678793145971
6681,28.94626024344452,423.5183923535989,2.0,16.356031059622982
6682,7086.343352152695,3217.9655193347244,2.0,16.35533538259912
6683,4171.90860430431,2765.159511896771,2.0,16.354449174778967
6684,8133.392552807781,2133.8653603375633,2.0,16.35374475085441
6685,8945.362796822319,5993.642399990455,3.0,16.346906811485066
6686,2644.1366359476633,3615.4439974677766,2.0,16.34685655449463
6687,916.289240746073,1829.6684108961922,2.0,16.34606364295027
6688,753.9546963983775,3927.480193584538,2.0,16.34335351563399
6689,1673.1431576553691,671.3749422972551,2.0,16.342694123544824
6690,1938.5995214653888,1729.1798810376936,2.0,16.34069728687547
6691,4515.810239212902,4859.2935698994015,3.0,16.340015279324533
6692,2845.1869262112173,4575.8964612882855,2.0,16.336697965061283
6693,816.3658887991515,6252.941030572964,2.0,16.336422550737133
6694,7743.283227450034,6099.182136566646,2.0,16.333191328057154
6695,4115.579265391378,5666.969972941131,2.0,16.33305716293362
6696,3414.258559107365,5551.036788252945,2.0,16.332988509565713
6697,7124.305296904937,4425.138094407179,2.0,16.332181799525124
6698,7061.721024722208,5866.285977805119,2.0,16.331884599478045
6699,5626.237067299256,3615.5074446512704,3.0,16.330459569106292
6700,7315.313366912071,624.9581569748025,2.0,16.328122105994574
6701,2618.5563826367743,1334.8161982113972,2.0,16.327649724274877
6702,7678.4414397746505,924.0621041920684,2.0,16.327093693977616
6703,6927.255549990028,92.91016662292706,2.0,16.325633618822955
6704,6262.014724454388,1085.5346525725636,2.0,16.325190774883833
6705,1624.137035835422,1013.3138069777888,2.0,16.324982634922208
6706,3899.5536580704133,4372.958086498792,2.0,16.324424204654946
6707,3198.5562247184107,1778.8602519191377,2.0,16.324127838477654
6708,6441.579825947915,2688.065975524331,2.0,16.32336233200172
6709,3203.261897515416,3327.0296049362014,2.0,16.322918072947658
6710,107.54633369206113,4132.949721734465,2.0,16.3226040781946
6711,2371.6337986438994,463.217541627867,2.0,16.320801470733393
6712,5361.761556680293,1137.421053543617,2.0,16.320077725180447
6713,817.42236213747,217.06512383836017,2.0,16.318130263510536
6714,224.36622843407397,4661.056322819971,2.0,16.317625514252317
6715,684.3033731155166,1374.897623245084,2.0,16.317563762812057
6716,3668.6244181203883,829.7882334988584,2.0,16.316883566317838
6717,4843.089542836506,2187.4499372795217,2.0,16.316729799856713
6718,4398.4304145137,3935.108571526322,2.0,16.31609111903561
6719,3642.218844974133,4445.55868969217,2.0,16.3111130362303
6720,5332.949589055884,3765.7447431273004,2.0,16.311064377559433
6721,632.5205076286418,743.3136890434694,2.0,16.309655206427678
6722,7900.645843435055,2188.955642716056,2.0,16.309204270034268
6723,9357.287066619896,3552.068540306588,2.0,16.30655358136137
6724,7891.160990266111,3751.513399955967,2.0,16.30578628516643
6725,6526.23281553169,4133.932218091817,2.0,16.304391333689964
6726,6483.946005631105,1155.8119296764971,2.0,16.302171154181426
6727,8604.227250495125,3360.0045175787104,3.0,16.301712925865143
6728,7575.45412869111,5531.150074475702,2.0,16.301693807606352
6729,5404.73465357233,5253.161356071906,2.0,16.300665831333017
6730,1812.328137551711,851.7785242171198,2.0,16.299902571976325
6731,3898.1108642285367,5673.640893157213,2.0,16.299705837039337
6732,3111.8979208945693,1253.6887268224536,2.0,16.298548675491936
6733,8622.4544095991,1750.0622235592607,2.0,16.297219605069394
6734,1993.698831672697,5806.079711560516,2.0,16.296499878738324
6735,9360.408538981581,86.94481914386934,2.0,16.295600074943792
6736,7558.109835192525,4817.723980260097,2.0,16.29306145048518
6737,2606.191617669144,797.0211811956787,2.0,16.292817158437384
6738,4952.457604851431,3685.0983022781957,2.0,16.29252259316682
6739,2085.4320685398266,4228.887778866234,2.0,16.291943331332106
6740,8497.43589452309,3571.92444453924,2.0,16.290719104692073
6741,9220.24882702159,1281.6399603125537,2.0,16.28812663404293
6742,414.4485860656887,5097.859389180287,2.0,16.287719160034765
6743,65.28444249130308,3522.9164779050197,2.0,16.286033524305196
6744,9370.311796487518,5613.4869678302775,2.0,16.28546774820074
6745,640.9874020520734,5791.3810436930025,2.0,16.284999318232895
6746,1831.2879863470705,3467.174993488334,2.0,16.284788846461637
6747,669.2440315457313,3079.394517150007,2.0,16.284502293736317
6748,59.291640597929614,3175.1270964986115,2.0,16.284072556399646
6749,3863.6859751678444,3226.825405411614,2.0,16.281990215691017
6750,9024.116097548711,2463.633579821488,2.0,16.281161361526603
6751,7365.9594815297805,6315.470288637458,2.0,16.28110905161219
6752,3531.3951464575175,2789.0157624887925,2.0,16.280859107073585
6753,1998.8264277488447,1902.891107864715,2.0,16.279402240070443
6754,6352.273930181499,2939.5169824970544,2.0,16.275709950329595
6755,1314.8722100044286,3257.4443481744975,2.0,16.271488904573424
6756,3877.527730067311,3109.0925164231394,2.0,16.27114339577067
6757,4291.929633417503,5039.571941375457,2.0,16.268582615115605
6758,6977.155553787001,647.498943774825,2.0,16.267828895123568
6759,6255.248318033263,1073.1227530375595,2.0,16.266630243857307
6760,8002.7402327065865,3092.0041575156183,2.0,16.264301108048905
6761,1847.4310028946031,6001.93349295409,2.0,16.264041826445848
6762,922.4120470061731,4413.039767066887,2.0,16.2634513952679
6763,6529.571281140152,2692.942886099381,2.0,16.262228866586835
6764,2128.340932008308,4839.773480966662,2.0,16.26046463746635
6765,5312.7932923347835,199.68397640880173,2.0,16.25934600366834
6766,2192.1917765627154,4427.416779882238,2.0,16.259110869917958
6767,4846.114697238928,4689.429315664634,2.0,16.25831135350256
6768,6972.871345411088,4737.809254684518,2.0,16.257421786253605
6769,5240.051600594091,4901.433297802163,2.0,16.256155675766315
6770,4939.9329113445065,3941.435360565582,2.0,16.254829436277355
6771,6674.801223710737,461.007397729985,2.0,16.254668292553557
6772,1672.998177209866,4783.76860681766,2.0,16.254344732356035
6773,7324.347940015687,6043.03165119118,2.0,16.254029661927003
6774,2285.887628792517,4083.174973969913,2.0,16.253485379901672
6775,1436.8899507593612,1095.7789066550993,2.0,16.2518710695863
6776,7160.498984928336,1410.7807720086084,2.0,16.249705838519255
6777,5919.356547700433,3495.8229263167145,2.0,16.24861384179149
6778,9257.257934855845,3258.899903794681,2.0,16.248438344087173
6779,3262.721436273118,5468.99795544773,2.0,16.247634861735882
6780,678.0157677957784,5359.383721229444,2.0,16.24706481738327
6781,8127.190765252829,6065.746945436692,2.0,16.245916423026245
6782,6618.9017669906025,4022.123683275877,2.0,16.244110057307946
6783,4314.474492046299,2415.234900798494,2.0,16.24328219893882
6784,8768.40754993202,290.96175776126057,2.0,16.24223586048548
6785,6346.557151153042,5627.799450425636,2.0,16.239470693185336
6786,6774.6558554703315,6301.088905765755,2.0,16.237599257121374
6787,2885.963233131141,5187.487627198748,2.0,16.23752115115524
6788,8865.500609862462,2524.1400138968384,2.0,16.236969983730553
6789,6828.425929941396,862.968561873021,2.0,16.236576723677814
6790,8444.45101486055,2119.1416247522357,2.0,16.23646379872668
6791,2523.0386574764107,1750.9473647577238,3.0,16.234838984381586
6792,9518.489164692844,5193.227794690486,2.0,16.23366354217473
6793,3737.2866911159845,715.0886356645166,2.0,16.232898826521613
6794,1127.175360308301,3863.4327880358733,2.0,16.232897427607703
6795,1784.059557032877,152.78019230380576,2.0,16.229913769117907
6796,4355.074424332833,402.86409670414434,2.0,16.22956872052611
6797,2722.1751280997364,4053.317636626266,2.0,16.228441851944908
6798,758.8866429959403,5529.230426861933,2.0,16.228020684348266
6799,9390.985527515044,867.5450298030412,2.0,16.225644923077972
6800,9151.356390884639,3929.2350955137936,2.0,16.22357562416699
6801,5594.101835136259,4503.461513210183,2.0,16.223411597926525
6802,4393.091280923051,3635.421556214189,2.0,16.223002979229324
6803,3503.511734301173,3341.078029070007,2.0,16.222796001549778
6804,7546.046292261362,3425.5814337404295,2.0,16.22160664825595
6805,9530.954930606684,6013.770947855252,2.0,16.220756111733117
6806,1825.3313529793186,290.1528551928132,2.0,16.22007397053245
6807,6224.0552657011785,2502.515841901205,2.0,16.21926432270954
6808,2201.0999264833567,5359.427234750028,2.0,16.218362630349585
6809,7174.14409326609,959.6571892982093,2.0,16.217992492441336
6810,4025.1281318215665,5543.581455049997,2.0,16.217036200062296
6811,4649.004064562672,2401.390204465316,2.0,16.21647785016303
6812,2941.423785171513,2482.0664634589193,2.0,16.216124489283818
6813,4413.186617391673,4639.451677176545,2.0,16.214855947269996
6814,9456.563510736765,2608.11313893833,2.0,16.212732862778125
6815,8372.701291163135,2929.325829848489,2.0,16.209540319536274
6816,7745.737967117939,5241.835230440065,2.0,16.209483854446418
6817,6573.089520966579,2501.2845752355684,2.0,16.20926859662276
6818,2764.9147390341027,4003.581564961951,2.0,16.20889559911831
6819,8843.015455798633,2433.4711093336177,2.0,16.20878574243181
6820,5618.091192367467,1811.496351993503,2.0,16.2084908342967
6821,7932.000324945905,2837.488286371412,2.0,16.208014418813192
6822,4776.420975694463,4496.083561182154,2.0,16.20593667164167
6823,5229.260971123839,1198.113610686761,2.0,16.205575389806093
6824,1255.9547530112252,409.464119307226,2.0,16.202982751199734
6825,6007.568557073418,798.8989398023288,2.0,16.20229592224916
6826,3474.371061343708,2373.883696489643,2.0,16.201952054050796
6827,3890.510648649643,4455.619214479597,2.0,16.20114045127959
6828,5622.649500534616,748.1993394361157,2.0,16.200309666831092
6829,2594.3132031619634,2425.8829428947365,2.0,16.19978232368563
6830,9550.974611150032,289.6155365410708,2.0,16.199680588794028
6831,790.0989955388757,19.505033635005613,2.0,16.197014649394003
6832,6790.484419334948,5506.95357370249,2.0,16.1959226176658
6833,137.1417716067586,5413.139682531102,2.0,16.194652073090055
6834,2743.7196402153877,5763.80396456525,2.0,16.19395431543386
6835,7806.595900527557,2268.809289021866,2.0,16.19114015406154
6836,5247.951599755912,1155.3057379360537,2.0,16.190471577286207
6837,8233.10170136669,765.9890122404225,2.0,16.190080010789494
6838,3672.278007698,3969.447921144255,2.0,16.190071949389957
6839,7839.183832625562,4775.719705377497,2.0,16.189859784302104
6840,7596.984919211346,5807.455414805417,2.0,16.18752363129902
6841,3289.3470980670772,5415.447745020045,2.0,16.187174888018266
6842,4455.628324198224,6257.8313921703875,2.0,16.186312385251906
6843,9540.214028185464,3555.360748256423,2.0,16.18549339433912
6844,7901.7892770258595,374.83893924234025,2.0,16.185330225622582
6845,870.902787024519,369.40446585812794,2.0,16.184828324599682
6846,5563.30607680874,4809.442810344939,2.0,16.18460811267305
6847,3852.6901154419174,1259.9793329070305,2.0,16.18357717387344
6848,671.5383491898735,4774.975856983138,2.0,16.183334354907263
6849,6900.113959913841,4369.554010175001,2.0,16.182245190066336
6850,740.4497386157119,3063.258876373382,2.0,16.176173299844283
6851,7909.391313133439,4129.965966930743,2.0,16.175287141894675
6852,7779.350701858414,675.0189485248746,2.0,16.171273912111467
6853,6057.017705296507,1137.572782092749,2.0,16.170895782626058
6854,5067.045977088733,3151.3900332992635,2.0,16.17023982086856
6855,7352.829059477743,1641.2540428365915,2.0,16.170167265072482
6856,7715.153604236361,395.5317838654894,2.0,16.169698852445084
6857,3418.838998060753,914.9221718757263,2.0,16.168378346541672
6858,1024.1093750750526,5291.663273713454,2.0,16.168377494217385
6859,8839.512240971528,5620.852224284392,2.0,16.167787000705882
6860,4037.707681717813,4231.706734938125,3.0,16.167064410852607
6861,1815.1646905898763,3397.7283738288875,2.0,16.16657693503462
6862,6475.083767337107,218.6321735055283,2.0,16.164602677866753
6863,9002.870304149203,1129.7569948528692,2.0,16.164280113366548
6864,4992.807578982768,421.5492452751481,2.0,16.1623354104677
6865,9400.512242877427,2645.978543887158,2.0,16.161642480301506
6866,476.814399972543,4895.788174689422,2.0,16.16033758368344
6867,7485.243113603476,4047.5072000272867,2.0,16.158668844233013
6868,4204.058314586956,2265.6019839918977,2.0,16.158645321667976
6869,315.3042738397004,2069.8195004765416,3.0,16.155850165144738
6870,3110.256934027514,5307.579640356232,2.0,16.155031690177783
6871,6141.314780214588,1017.3326969283468,3.0,16.154389426557625
6872,3253.4137143025578,6215.120205643362,2.0,16.154247164600402
6873,5227.415092460658,1913.12958298447,2.0,16.15274008209117
6874,4114.049632010863,4121.321446340516,2.0,16.15200779367188
6875,5593.95083831575,1377.4802131937574,2.0,16.15133617269618
6876,2779.0725516837524,3963.6977948642434,2.0,16.148809923701513
6877,9434.960633993918,6043.36931737773,2.0,16.147766143244365
6878,8700.46690925729,3616.0258291019036,2.0,16.14758528641451
6879,2281.1895957104925,2903.3993169024957,2.0,16.1466354840729
6880,1450.310489578741,2025.217806565614,2.0,16.14651989029435
6881,5181.543372570665,3238.0467831216533,2.0,16.14446784724204
6882,5519.1794747136755,3441.3158096549228,2.0,16.144325398086405
6883,4613.184222107469,1985.5357907286716,2.0,16.14282202804439
6884,6942.517673246065,5901.125010646311,2.0,16.141986100016883
6885,9235.79459529844,3336.233518217977,2.0,16.140686111232636
6886,2408.5585584905825,678.8768371587248,2.0,16.138985177938743
6887,3889.3730797916655,1105.31339503015,3.0,16.138738785117077
6888,8538.458056207073,1900.0629925785531,2.0,16.138389782862532
6889,3131.3618287338627,455.21627479023465,2.0,16.138183999054053
6890,8778.416591007634,5027.285252545829,3.0,16.137103364341975
6891,7128.233811943109,4753.443507813695,2.0,16.136880272273952
6892,4338.0390011796435,333.61751154512444,2.0,16.136812985213187
6893,2399.9547688527696,899.3820399926169,2.0,16.13098730547168
6894,6158.454948788075,1609.0590162457509,2.0,16.12802738270216
6895,4059.306712946252,1725.5698989079035,3.0,16.127328605785493
6896,5711.239243630944,5545.847208596608,2.0,16.127326511717598
6897,7727.494569593731,487.070038223241,2.0,16.12519896807473
6898,8430.073004175823,1299.6186426556008,2.0,16.124672959831543
6899,769.5982928748152,2697.050473338912,2.0,16.124149932567644
6900,1679.38791437009,2135.783829882726,3.0,16.123434614381868
6901,59.533301768556214,33.71216996842433,2.0,16.12214877725553
6902,300.4650820337516,4713.026902617806,2.0,16.121396733854564
6903,8956.268034315926,5363.9273278925,2.0,16.121016775829396
6904,6635.2512793043725,2871.846703033108,2.0,16.12031385185294
6905,2442.440277972089,4060.9552284736105,2.0,16.1189582968556
6906,7039.557720530462,1429.1497178893758,2.0,16.11767585359951
6907,9368.903548083197,3094.6119840280767,2.0,16.11543122918271
6908,453.5396838480467,975.9822029334158,2.0,16.11421930162184
6909,4542.871883169277,1103.235416057862,2.0,16.113707155179753
6910,122.17161465315274,2237.503140270175,2.0,16.113201285314428
6911,6269.290068947359,4603.032462939093,2.0,16.111131473049646
6912,541.8720700744161,2981.1210334217963,2.0,16.11075147527828
6913,3788.0057670763795,3013.4032999649835,2.0,16.110639665479276
6914,4067.8873145779276,2325.4193161544895,2.0,16.109918784304966
6915,2097.3826320340686,2808.077518749277,2.0,16.109583137760964
6916,6706.4550725483905,1851.1365768576366,2.0,16.108368725948534
6917,2035.4556995086875,3985.373817429718,2.0,16.107757016764413
6918,7355.019441444442,5305.336439433435,2.0,16.1074548201933
6919,4896.521920590924,2941.0735011547677,2.0,16.105643922020516
6920,3597.1230854498294,5605.415556344494,2.0,16.105632526309375
6921,4290.503620295818,4271.793571311087,2.0,16.099100493086684
6922,1409.3669944195703,798.0126008389424,2.0,16.094745683078965
6923,144.2130908784028,6149.680187198497,2.0,16.091247153166552
6924,5564.067023901211,3651.400805850584,2.0,16.090560933036166
6925,5177.82307859052,2063.5156613624836,2.0,16.086750796883724
6926,9386.027964382554,2383.565739411228,2.0,16.086536423322613
6927,2178.061716985413,3663.4729636875945,2.0,16.08628126666945
6928,6701.588802950128,951.0927970698224,2.0,16.085451749120963
6929,8649.483361643048,5250.102488827652,2.0,16.08510124447986
6930,9278.226679277359,493.32085775742195,2.0,16.084872646400836
6931,6291.122845046715,1303.574689809586,2.0,16.084214880629204
6932,6501.393810401187,5577.037815061424,2.0,16.083877918078798
6933,6595.170651764249,2737.291835698903,2.0,16.08330824796639
6934,5913.6857288863885,2368.6141000709445,3.0,16.080498639005576
6935,947.3396927648612,1912.9832244621625,2.0,16.07869731234181
6936,5199.05084783251,131.51606998579464,2.0,16.078693413943164
6937,1629.357868796135,3275.5886510152177,2.0,16.076619011546107
6938,2262.47371033292,3369.8199908191036,3.0,16.073615962863315
6939,1059.5915234408485,1453.2802296011735,2.0,16.073414491023073
6940,975.9682939529878,5019.598402819699,2.0,16.071383055854888
6941,6754.476555962987,2414.094429748057,2.0,16.071165684139185
6942,85.03880111134491,4545.61796985809,2.0,16.07080468297084
6943,4443.405552334013,4887.167644620049,2.0,16.070724279142283
6944,4334.394047792356,787.0445816225338,2.0,16.069239303307405
6945,1557.2520587482534,6373.004395943001,2.0,16.06850586022595
6946,5033.447756544566,2374.0961394541696,2.0,16.06626066946029
6947,5857.445757391652,5260.964695274986,2.0,16.06478589142069
6948,8892.596878059518,2455.7271953601635,3.0,16.063852435859125
6949,9099.245273310913,2267.504397187748,2.0,16.06377423627204
6950,1386.112896306552,1567.9074218032617,2.0,16.06270775368832
6951,2141.039700777914,1379.4238205695997,2.0,16.061624761543165
6952,6571.581998778094,5925.295693262788,2.0,16.06136113044105
6953,2611.6782291929494,3333.739221942265,2.0,16.06067590464183
6954,6207.296625478653,3919.8423846696937,2.0,16.060195209879907
6955,2205.3396557221463,519.3718742188059,3.0,16.05864194021949
6956,3989.0202709043933,3491.2874296621517,2.0,16.057183161673624
6957,4263.542252478693,5365.074599592056,2.0,16.055472809527718
6958,7081.935078069486,3492.8463510321267,2.0,16.05516217621882
6959,3996.3115763063483,2166.9465952444284,2.0,16.054722400449258
6960,2642.9759275121482,579.2567006267951,2.0,16.053582710791375
6961,1053.45032761085,4297.931679710114,2.0,16.052864782538197
6962,8572.53737282041,4104.997061295252,2.0,16.052596305293036
6963,8892.902048345928,1353.0383657919617,3.0,16.049815814571065
6964,7481.189400002309,4605.377642091094,2.0,16.049758964109575
6965,4414.3076715609295,3441.471600433402,2.0,16.04750417347718
6966,8792.98728367548,591.4848356638322,2.0,16.046133453534782
6967,5051.733279483122,3411.9487246394347,2.0,16.044908725956788
6968,5892.361748957238,5616.810851581163,2.0,16.0445656242524
6969,337.9507703687051,3583.356984450962,2.0,16.04311398169045
6970,2318.077818588433,2303.490248245096,2.0,16.042474042546225
6971,3058.2336661733398,48.11776324211414,2.0,16.042379879581777
6972,2457.6081332773965,137.12657375180578,2.0,16.04049491836109
6973,7730.540253604765,2427.7728066149366,2.0,16.039814537874754
6974,4610.400767707058,3322.801690668265,2.0,16.038855083697573
6975,6323.386742812858,4851.793706777948,2.0,16.037794904019506
6976,924.3955181990715,4581.851473268476,2.0,16.03734604824563
6977,967.6935845222156,3099.8623347091852,2.0,16.037128894004677
6978,8048.117330513226,1434.8249315427017,2.0,16.032718895093065
6979,9088.341579852178,1303.2791156747571,2.0,16.028498121827397
6980,3496.0213693726123,1935.5819199269774,2.0,16.028106405399818
6981,1330.0194421407962,4623.456601524959,2.0,16.02431424393059
6982,2790.464514892592,3877.8840078231015,2.0,16.022266793447848
6983,4260.146941463373,1493.3455824831512,2.0,16.022226019264522
6984,4589.784962279018,142.42911876866992,2.0,16.02183855907162
6985,4375.3362752986695,3943.0,2.0,16.018590025608216
6986,8823.278719484082,4653.473654929624,2.0,16.015871437813324
6987,9476.533734133098,4045.002294324153,2.0,16.012474639493202
6988,4855.234317976064,5035.407215497807,2.0,16.01033016512738
6989,5848.528957767942,5671.6924056888965,2.0,16.009619440783286
6990,4461.519710606745,1250.9559309201195,2.0,16.00864381804261
6991,1282.419587904981,5465.839909825606,2.0,16.00844539925724
6992,7495.047212067772,251.0768477586048,2.0,16.00789801643454
6993,4601.472685059384,5250.90021164929,2.0,16.007761572379653
6994,7119.3058613878275,4189.921659691838,2.0,16.001731375382533
6995,5791.246232375771,4731.590161067776,2.0,16.000713675620425
6996,3299.2806623195706,5577.0,2.0,16.000167850659423
6997,9371.635836688432,3551.140570180518,2.0,15.999962362500348
6998,726.4063978976319,3159.0797866735134,2.0,15.998967776755698
6999,4369.003412443462,1403.3518204967716,2.0,15.998615469507849
7000,4561.093826064093,4587.368143284124,2.0,15.996638678915406
7001,3834.343720624556,5168.987020023737,2.0,15.99659115323182
7002,9099.62851649592,1743.9856043358923,2.0,15.996249031258277
7003,3151.0952162223634,1493.4226076144273,2.0,15.995467271141159
7004,1661.0815590642299,1361.7508754938044,2.0,15.994990136391458
7005,6158.33984381453,5039.030109186836,2.0,15.993203528035036
7006,8311.172178245473,3045.5197327908395,2.0,15.993120823018684
7007,4920.034780798834,2859.240717994288,2.0,15.992536306744032
7008,6791.401638411055,5053.478172846908,2.0,15.992140842529803
7009,5637.822071837123,3945.9084839984093,2.0,15.990956157207789
7010,851.1629708736573,2537.4475110310295,2.0,15.99027285563091
7011,9534.448912117869,6275.172942642104,2.0,15.989391879779637
7012,7483.541306915503,5539.82037019393,2.0,15.989273012516362
7013,7284.960339054382,5065.73725471025,2.0,15.98877790588631
7014,276.3493907815252,2185.426091073219,2.0,15.9877061015231
7015,4139.58370072835,1951.045934139552,2.0,15.986063237934365
7016,3833.127742228587,3543.581557529405,2.0,15.98370835082581
7017,2316.1790649849345,2857.501570296659,2.0,15.982842797170274
7018,5880.443856917117,584.8384046845716,2.0,15.982414722567658
7019,4257.631225711356,5807.835368083856,2.0,15.981236789944482
7020,6356.538713950344,3972.23596737339,2.0,15.975434092327394
7021,1953.4402773375411,3956.974365887548,2.0,15.970136490678284
7022,4025.0818267509817,147.3132185276172,2.0,15.969083828729248
7023,4431.045054038045,5183.567348033115,2.0,15.966002629877387
7024,3943.8008167934345,3669.3699809148047,2.0,15.965649635120306
7025,6398.089331499222,989.2693158508233,2.0,15.963554768730651
7026,1467.0957109060157,4321.373343755718,2.0,15.96341285684674
7027,4645.061269938632,377.4548804787095,2.0,15.962446100452723
7028,7313.069805354725,4093.4543036046584,2.0,15.96209645595302
7029,9036.86471307907,211.02978898690074,2.0,15.960149998549362
7030,414.0944123126827,4005.4307111070502,2.0,15.959507321484944
7031,6032.028456536757,3091.5317114541576,2.0,15.958486488851683
7032,3824.6140161229114,3301.0847851424332,2.0,15.957269389953247
7033,5926.0136083678835,2441.3823315228387,2.0,15.956534480378417
7034,1155.4976265353662,4402.858428337522,2.0,15.956009908119164
7035,5013.968358004668,5781.772027495865,2.0,15.955951947694272
7036,915.226782604305,3576.161600904956,2.0,15.954259704238085
7037,6974.918405429679,1609.6753668972476,2.0,15.95423960867757
7038,6382.045504130347,5847.413152526185,2.0,15.952772786779814
7039,5437.236738445982,4144.309991450421,2.0,15.952309499496765
7040,4721.309874776541,3873.944765775176,2.0,15.952263605713577
7041,3222.0230657988955,5911.4449082050105,2.0,15.95189134237672
7042,3731.2126033343316,1742.1918702402515,2.0,15.951043727557765
7043,7222.419639345151,2979.0304894181268,2.0,15.950778304973152
7044,7824.023965218312,5877.492500985726,2.0,15.949067970429963
7045,6892.475366650937,4953.004546190313,2.0,15.948809581281274
7046,6007.063401092633,1901.665132557584,2.0,15.947475736136013
7047,9303.052474741424,1421.4598734935025,2.0,15.945877421346719
7048,8468.682901875793,501.53721961357166,2.0,15.94551842309048
7049,8123.859362184181,3271.6423863962004,2.0,15.944075812125629
7050,7457.600684532553,2658.1045700308705,2.0,15.943918485555493
7051,4446.664260426149,745.0810671481092,2.0,15.942605670300901
7052,2231.177346602407,4265.492662303191,2.0,15.938805310438621
7053,1980.3319320234662,2877.242238347905,2.0,15.937329849827394
7054,7276.437127891042,5649.962530317104,2.0,15.936123249038044
7055,2244.2443379193674,5955.5721245650175,2.0,15.935860761365944
7056,1764.0268720364672,2749.4887083399367,2.0,15.933029260389473
7057,8559.049122537028,5501.305188501254,2.0,15.930364708853974
7058,8621.510110219431,3595.0352545823944,2.0,15.928235364600566
7059,8467.359041704498,2800.9252736430194,2.0,15.927012105102913
7060,858.9380240972034,1041.758233437096,2.0,15.925207156085378
7061,2153.4933868131325,215.829488893722,2.0,15.922858189037852
7062,2264.464635622308,5407.016196548047,2.0,15.922352128147548
7063,6406.075673611996,21.440076671882718,2.0,15.917430625379332
7064,2750.4180123351725,1126.0835554353014,2.0,15.915470883673086
7065,7630.424981895144,965.834645313243,2.0,15.909621225679446
7066,7921.267593091579,1295.141239668616,2.0,15.908547832087196
7067,9355.305132926238,1238.101803567303,2.0,15.906775284825592
7068,6636.3086059709185,3271.4945661585452,2.0,15.906763420999104
7069,3083.3115645145413,1404.847802786535,2.0,15.904527747588704
7070,8188.060846249613,3537.6079126944073,2.0,15.902966756382874
7071,4746.179994053323,287.41871766229735,2.0,15.902669468237697
7072,18.33552179790603,6327.024025626142,2.0,15.902060190029738
7073,3134.593950787588,3943.090210567998,2.0,15.901264078405092
7074,3698.3827965505893,2545.0719187602676,2.0,15.898720141682965
7075,250.02238054650604,3897.3983837116684,2.0,15.898414975960527
7076,2376.94134148719,2667.4408438585024,2.0,15.89680581528255
7077,7956.25256366174,5935.309757090212,2.0,15.896535569976574
7078,7478.66987415228,547.0602286468061,2.0,15.896260967265697
7079,2948.403420053312,2581.2058361136565,2.0,15.89555730945991
7080,3669.1738729463236,449.739215367674,2.0,15.895005454743393
7081,1884.2917788846648,3441.630049039334,2.0,15.894300541208404
7082,1039.8723222076994,1769.327658682986,2.0,15.894134975364535
7083,5451.296152901661,4851.049305117712,2.0,15.892593130649484
7084,4611.462619637535,5759.443189245289,3.0,15.892443331310123
7085,5885.624758353349,2808.0744974643667,2.0,15.892354387831102
7086,8599.142775588227,5269.439153113129,2.0,15.892116343692184
7087,6409.315118398975,2525.586127429572,2.0,15.890204662787358
7088,3089.1976667800527,3971.2396655911693,2.0,15.889054110669829
7089,240.95826036526486,1941.4379560999714,2.0,15.888758567055467
7090,9316.36630110597,2305.4434528588245,2.0,15.887544299119623
7091,4184.066517141711,5463.362121167474,2.0,15.88649170740063
7092,415.97093256196115,5443.0193534528125,2.0,15.88304529191124
7093,7346.976629182313,5613.606800337747,2.0,15.877717875009385
7094,5284.473192878097,2093.027797591911,2.0,15.877671090820657
7095,355.861755875994,6233.514572233057,2.0,15.876461736872884
7096,1339.6715076465148,4719.130390448985,2.0,15.875884915737435
7097,7600.107271415046,2561.3878724869714,2.0,15.875465252428222
7098,6983.263845665653,5531.58903457827,2.0,15.874833727578194
7099,6507.669064707817,1256.9341641858498,2.0,15.871918805566006
7100,3672.7689018551973,1371.6027971778383,2.0,15.871462070028208
7101,1492.7740541277174,1777.9025387291633,2.0,15.870845636563875
7102,2219.3265365383654,847.6715006572806,2.0,15.869792152961951
7103,7710.233042591979,373.85130678056134,2.0,15.868694881827258
7104,8963.490612499132,5539.149839802543,2.0,15.867265129905626
7105,2314.3029939007347,113.04686929065537,2.0,15.867026836370265
7106,6096.974600451155,4209.39708284043,2.0,15.86696424135272
7107,3519.498104185441,5795.9851574039185,2.0,15.86616611298789
7108,6706.997851574115,4917.127600853822,2.0,15.86532081649657
7109,6078.630272516491,2196.7210040377395,3.0,15.864888255785013
7110,1588.4277261259483,3693.0631067919358,2.0,15.862231075703697
7111,368.12211336719946,339.5671782276363,2.0,15.862118133254024
7112,2253.9555115278386,1471.4583427633636,2.0,15.861837585413582
7113,6642.399834099859,4654.990776797726,2.0,15.859913428519967
7114,6669.509510945527,118.0649435718437,2.0,15.85667837113654
7115,3810.4145476957606,137.0256680734119,2.0,15.854940792514821
7116,3829.6197559066286,4954.956065355198,2.0,15.854864464800928
7117,7402.483221302607,5774.805648948471,2.0,15.85313130494023
7118,7775.116847163081,2840.9041661620786,2.0,15.852007022160912
7119,9213.419552249135,5745.70899457474,2.0,15.85088461174804
7120,5398.178459288757,1767.4390387224666,2.0,15.849536482437305
7121,4078.344744669029,5828.897666388863,2.0,15.84927002346387
7122,4098.197278090824,6229.763178981075,2.0,15.84912485414062
7123,4229.9732648326135,4223.415194618152,2.0,15.84597599310874
7124,9442.884374657511,4811.411281783632,2.0,15.845535046279215
7125,398.326591676532,5045.013276046696,2.0,15.845523746802991
7126,8923.431752826897,2301.062024861607,2.0,15.845402472953772
7127,496.97735732328766,5751.569667146651,2.0,15.84402210203426
7128,6564.451907786551,4776.9101985838915,2.0,15.84290298409015
7129,345.06676750241024,1849.6989820947852,2.0,15.841703344178292
7130,6413.378765792256,5782.910900498945,2.0,15.84098902371538
7131,8755.992536396438,4729.321756635723,2.0,15.838301728646295
7132,8378.715085065516,4191.152129449358,2.0,15.83703072197726
7133,8037.057132250093,5643.314537110985,2.0,15.83522797655639
7134,3722.4783745383456,5733.961014640293,2.0,15.832893326409332
7135,6278.435404509966,4170.975854429634,2.0,15.832080786916093
7136,6089.881535347651,2661.5869478036993,2.0,15.830348176529824
7137,1214.2014379935863,3779.429221484127,2.0,15.82736664843479
7138,1494.85789231103,3429.3688650203703,2.0,15.825727775411927
7139,419.58801830769977,3686.0151336718286,2.0,15.824975652458264
7140,1124.1851717999307,5587.699979399833,2.0,15.82419519842842
7141,8785.23190037758,5645.9436315024495,2.0,15.824000714361242
7142,1658.0371645830633,5189.546476565677,2.0,15.823044058264484
7143,5761.469464086702,1515.866948169672,2.0,15.822995261605975
7144,6970.971969420878,1143.3035450040354,2.0,15.821925849090013
7145,6378.128162160635,4910.741455392093,2.0,15.821196496833679
7146,5192.498503751226,1916.9155613269033,2.0,15.82045469025384
7147,367.4153860477538,3987.1461012450677,2.0,15.819483073767582
7148,4839.070661705378,1579.365200376332,2.0,15.819370906833523
7149,7654.492706467093,4337.91539018255,2.0,15.819291201565722
7150,296.0445803978761,2405.3722971272164,2.0,15.819154052732893
7151,3824.2415111566534,5161.374286900607,2.0,15.818503886704615
7152,2564.360309010408,1308.1555555562256,2.0,15.817880247589784
7153,4845.83438219017,1773.4242464060246,2.0,15.81782219577383
7154,5237.0659643906365,4113.627328263059,2.0,15.816912298269031
7155,422.0951260261643,2473.2857269896317,2.0,15.816486569867648
7156,8152.979432663314,2715.17937432632,2.0,15.815424936376282
7157,7532.116721479972,2931.7362548667115,2.0,15.814425554314433
7158,7318.278914042224,3472.154855599998,2.0,15.813863680943836
7159,988.342963501248,5408.995821977,2.0,15.811816500897951
7160,1147.3748838018876,231.81781028720738,2.0,15.811403564824003
7161,1128.0263669223923,2625.538291488089,2.0,15.807185661082912
7162,7873.251314011308,2469.3388397798594,2.0,15.807061837679205
7163,7296.090767560419,6039.782435495639,2.0,15.805331788523816
7164,7713.564326812984,4203.097685370013,2.0,15.804806412883257
7165,4740.236940337198,2069.199341127352,2.0,15.804520445886387
7166,7132.0478752238605,3121.6329462245167,2.0,15.803409006148096
7167,3315.4195425205967,6160.93397996947,2.0,15.803307130748873
7168,1039.3508184138122,3541.0064327112063,2.0,15.80219941446955
7169,4750.451554462569,4371.96895405145,2.0,15.801466120176373
7170,500.4477086970596,2397.006548137158,2.0,15.80124098065438
7171,1629.1462993639211,4687.632131913815,2.0,15.80066126387907
7172,3225.237240826835,420.15934127751837,2.0,15.799686561681714
7173,5409.995953318782,6055.574130470457,2.0,15.798852844611883
7174,4814.024342258288,2807.3997586719465,2.0,15.79804548752063
7175,150.2033125836062,905.9966222754294,2.0,15.797104880493354
7176,4361.408835925396,3970.015591328828,2.0,15.79561001702179
7177,4171.266304443914,4121.5881264068175,3.0,15.794723991833283
7178,8968.483992045463,5765.935719277434,2.0,15.790330727516345
7179,3051.0907749040684,2187.567389391397,2.0,15.787230768488202
7180,575.331098990942,2801.8529007912825,2.0,15.78527411295574
7181,5358.915390901638,2913.544497877063,2.0,15.783873233568603
7182,2374.9883192708894,3803.6943699231197,2.0,15.783384308726694
7183,8079.208978685787,2153.5018241652197,2.0,15.782605289115043
7184,2339.4610555105623,5260.911121705418,2.0,15.779125544648824
7185,9306.775767065003,4639.215258542898,2.0,15.7786178274279
7186,2480.4241837692307,5272.89488540534,2.0,15.77852899279304
7187,2182.1452691982845,2443.5070648712053,2.0,15.776763604667119
7188,1231.524244608935,4957.06059226018,2.0,15.773727998703162
7189,587.4732331743993,6129.163022407558,2.0,15.77358878570386
7190,575.5909032413234,2401.849000263169,2.0,15.772403924357251
7191,3727.598085408069,3843.222160160534,2.0,15.772380162928592
7192,5861.42808523271,3379.1251670767774,2.0,15.77098279169827
7193,4203.05616778417,2783.5761047811266,2.0,15.770744730291236
7194,891.1044811045043,1193.6565597840854,2.0,15.769463639428588
7195,4787.182946898082,1537.9158131206339,2.0,15.769318194689584
7196,6020.584198852946,3467.8017430870964,2.0,15.769142179462705
7197,6015.564614705822,5230.850700540981,2.0,15.767892710552395
7198,8174.877411074791,4935.636037182966,2.0,15.767538000300195
7199,621.9208376078112,3209.7088107500895,2.0,15.767403402314274
7200,897.9234151411509,3679.3533235391656,2.0,15.766364950529116
7201,301.77311936087796,1325.7545959418471,2.0,15.765890914202693
7202,2857.5513664374466,1933.8234349148215,2.0,15.765666508115677
7203,7775.393757154881,3152.9936656016434,2.0,15.765587003242985
7204,1745.4156195890034,263.00349256060053,2.0,15.765524755540829
7205,4273.936060464243,5963.550692445798,2.0,15.765516840725656
7206,8003.822246897155,4311.6266296936965,2.0,15.763708730875841
7207,1067.448581107709,800.888061015263,2.0,15.7635911654
7208,2447.988323415382,1045.5300339993926,2.0,15.763390345846124
7209,6699.991366269984,2929.2201171798483,2.0,15.762818540905418
7210,8609.408279320969,3217.084075849152,2.0,15.76267681812092
7211,6658.507013079532,456.88292869623666,2.0,15.761912955073559
7212,4550.121564600696,3619.5262398024415,2.0,15.761291739999953
7213,8445.965011930793,4823.4500671906235,2.0,15.759028054521725
7214,3578.659223315446,4301.120991122752,2.0,15.755561336896672
7215,3124.039135492505,5255.248105580664,2.0,15.753113216341525
7216,3390.0419619852537,6047.388875144025,2.0,15.752363208392675
7217,2011.2746228472101,2795.2208397857657,2.0,15.751259417483798
7218,279.1747984100655,323.59341263482895,2.0,15.75104532621018
7219,2601.150971921459,3985.7177857493425,2.0,15.750480301467793
7220,8660.180003647123,4161.492948151465,2.0,15.74996484720505
7221,5645.955437772504,347.5202683018003,2.0,15.749855414127246
7222,7578.013069075108,4189.346674561454,2.0,15.745589755724598
7223,7703.1526275498645,5207.442468378304,2.0,15.74501808106898
7224,5163.544325325391,3366.027567217529,2.0,15.744894982314275
7225,3163.3485424034216,2720.820707527922,2.0,15.743513209998843
7226,4481.794088837504,3591.014338226869,2.0,15.742761607367015
7227,5329.32644138629,5135.097510583107,2.0,15.74144624853203
7228,1791.0167967778227,5495.695649011095,2.0,15.740607773610703
7229,5722.98304328487,1337.44579592284,2.0,15.740595715460492
7230,1660.276543174061,231.3885394869723,2.0,15.739523378992992
7231,561.7266603833326,264.98217942568056,2.0,15.736277104874935
7232,2235.3207725908155,825.1344140114209,2.0,15.734309507200562
7233,2196.506803865589,2466.987655284091,2.0,15.734034489926593
7234,3913.3655144127288,2669.036201726349,2.0,15.732394117422194
7235,2376.0065793871745,1969.410815055887,2.0,15.731645433924719
7236,1574.0291266022173,2185.6208175572665,2.0,15.730685333677021
7237,417.1741870083669,1466.7912907180869,2.0,15.729222673568913
7238,981.5095434397174,843.96736408155,2.0,15.72921992608544
7239,7932.356617438302,4852.124847810495,2.0,15.728501015702836
7240,7384.0873078032955,5193.619648727808,2.0,15.728045644244323
7241,9129.679429180242,5594.058425936288,2.0,15.726824305922657
7242,7327.387788596148,3624.252392843567,2.0,15.726234195801398
7243,682.4656462706618,3799.8783067340614,2.0,15.725743464977882
7244,7696.584989964748,4087.0595340502555,2.0,15.725096294813492
7245,1933.9838285728372,5045.571298120596,2.0,15.724948575693162
7246,269.051424375819,4633.633153665472,2.0,15.722172610809965
7247,4929.5443871154885,1965.032987171581,2.0,15.718648021776664
7248,5505.8733494932585,4569.385178437285,2.0,15.714046232946522
7249,2160.3310483720998,2887.0103986349673,2.0,15.711530408724993
7250,8086.382357569061,4737.69735985701,2.0,15.709963383062995
7251,420.4638883975048,271.8514723996729,2.0,15.708060355165019
7252,1017.3451572308652,6083.275847433223,2.0,15.707837456243688
7253,2753.37755135496,1561.0401338895997,2.0,15.702540425019807
7254,5807.600603118078,473.6121434805723,3.0,15.702448872646308
7255,3692.3331738457628,1999.4783734734228,2.0,15.701675641502522
7256,7848.1529682348,5841.577888898192,2.0,15.700679957554385
7257,1845.9631850504952,2121.5460122384684,2.0,15.698733035585649
7258,2738.011038535251,2407.6628031204846,2.0,15.698404780218782
7259,6666.940252439688,5297.706473610887,2.0,15.69588361535541
7260,4946.6092099578955,3559.0081665621447,2.0,15.693566514564875
7261,5608.45952340649,4745.076930491707,2.0,15.691699818630962
7262,3353.398398038785,483.6244410344722,2.0,15.689071953397269
7263,6032.611032820045,5363.024438189465,2.0,15.688802684851646
7264,3604.5673408998214,5063.760863184657,2.0,15.68754045413871
7265,5461.45588663024,1026.9484264269702,2.0,15.686808810870966
7266,2417.055263975301,5941.437234212018,2.0,15.685687941646984
7267,100.17342222432329,79.41132374804754,2.0,15.685619319623978
7268,8457.281457234632,5895.922799600326,2.0,15.68560109187476
7269,679.11711745727,3725.71093822896,2.0,15.68539886695747
7270,3897.9198097245544,5415.324795348725,2.0,15.683397162068838
7271,8775.573362185156,964.9839085602288,2.0,15.683203779346039
7272,5565.536945566623,5809.951592353382,2.0,15.68181776214743
7273,5651.403375114954,1871.7524525321542,2.0,15.6802231959121
7274,7998.011668424235,5599.481652836209,2.0,15.679571039713002
7275,3620.542612551628,5865.018769716341,2.0,15.679077456261663
7276,90.27537136271762,5507.040399916949,2.0,15.677788250870446
7277,5433.456761823967,6285.677413660673,3.0,15.677473355823176
7278,1732.924212681825,351.7468386710078,2.0,15.67655815014858
7279,5933.471287538175,488.917128971305,2.0,15.676087371647773
7280,2156.5571878711276,5095.80397857638,2.0,15.675670959159223
7281,8111.944649799989,515.3998230610689,2.0,15.675222849437661
7282,83.37814274914814,657.1657542809982,2.0,15.670273771833731
7283,9553.524500155587,355.8605565804295,2.0,15.668320071288862
7284,4028.417143294397,3028.006832248726,2.0,15.667142735318947
7285,160.2495375840475,3229.978249596068,2.0,15.667132954376498
7286,8470.126125871557,1554.7725288246145,2.0,15.66634346862182
7287,9540.142277177865,161.3682963246827,2.0,15.663250979932705
7288,931.573713423219,3608.847695299744,2.0,15.662504913201733
7289,6420.251308273397,4832.054475394312,2.0,15.66188852673627
7290,9129.181770623143,4877.0491827754095,2.0,15.660824183251641
7291,1710.0956234114192,4619.388140881859,2.0,15.660767306504072
7292,9304.261086331733,4903.048329709764,2.0,15.659552043421657
7293,3328.5972378416177,4150.002665079634,2.0,15.655931289191397
7294,4100.511577738035,1431.0674478287697,2.0,15.654055257389063
7295,6656.795870182074,5375.501881676562,2.0,15.653727772299947
7296,8029.115212364263,5408.929091942211,2.0,15.65372165769254
7297,6495.8572466108235,4487.409134278494,2.0,15.652436330181619
7298,6386.897343739475,2965.395805418193,2.0,15.652013976303037
7299,6724.43574356369,5777.705544776536,2.0,15.650408255226871
7300,6696.654021119728,5590.047912668912,2.0,15.647628600008689
7301,8041.640246743006,3487.877804400522,2.0,15.647545943536471
7302,7149.2134949599795,4247.525371295923,2.0,15.646186006479626
7303,5035.376611158676,1308.9027087846118,2.0,15.643872823304948
7304,4489.079835027192,3415.7435929366693,2.0,15.643778472945236
7305,2024.2086487860238,1193.943502313558,2.0,15.641291925865543
7306,6072.460905378835,5149.040406624079,2.0,15.640380525161428
7307,4873.319282417852,3379.938912162556,2.0,15.639247278560648
7308,4093.061066454848,6155.336723683088,2.0,15.63889211329522
7309,8512.123114453225,1799.285432672284,2.0,15.638365136056558
7310,9304.176540266857,5853.384116731009,2.0,15.6372158296596
7311,8569.483937934036,133.91846321269279,2.0,15.63703719577274
7312,5191.313494719864,3017.5932381982484,2.0,15.636204097937288
7313,6874.23301559787,221.00952343329394,2.0,15.633021794810123
7314,2051.5161555266286,1875.192777191567,2.0,15.632297862101751
7315,1811.0273198179657,1763.4885466624232,2.0,15.630766670293609
7316,3263.191571917605,6153.502415399585,2.0,15.624949193311414
7317,4283.139346309342,805.5658975862278,2.0,15.623063418937532
7318,7662.583650222063,700.9752812672572,2.0,15.620584815980669
7319,7149.56295118412,1212.9141027461917,2.0,15.619662489844387
7320,2305.3208972343946,758.836415502811,2.0,15.619432272623614
7321,5575.091635630681,1633.6066003128626,2.0,15.619071598204584
7322,2356.438166816286,5513.22982144658,2.0,15.618812014402998
7323,2535.3987925194488,1754.8790474347804,2.0,15.61535008493555
7324,602.9575724445352,3249.8843562588254,2.0,15.611279566980153
7325,1167.1251995778682,2587.2627849866853,2.0,15.61113959412014
7326,6763.230878835023,3075.637647235917,2.0,15.610728106202254
7327,4762.347035887072,5337.493100319993,2.0,15.61021774609296
7328,5592.43565826536,5310.978623325651,2.0,15.607916487578231
7329,5001.9980855008935,5827.395695437199,2.0,15.606906558773282
7330,6384.2493191929,5195.2799601100805,2.0,15.605444348894427
7331,7449.605005149632,3803.7373286181332,2.0,15.604587960168669
7332,4676.112499769672,2586.8964453490444,2.0,15.604377900512656
7333,4759.464384845765,5156.9063557843165,2.0,15.60347006676917
7334,5315.4589533345015,4196.905659341228,2.0,15.603381486582926
7335,3765.109372040489,5187.213037348227,2.0,15.60223973283202
7336,7192.0627023898,419.5028130845508,2.0,15.602215535448416
7337,2618.078129394194,4279.450027881753,2.0,15.600882377281394
7338,9482.120393402736,6243.641254009032,2.0,15.598885975710848
7339,6240.59444199608,6069.869093630346,2.0,15.59838071384618
7340,3382.9920295623288,6343.61868047657,2.0,15.597284068660876
7341,6393.460911451325,3367.3019626777896,2.0,15.595750789476789
7342,7618.974444428965,3219.4872778967924,2.0,15.594707246609396
7343,1942.9662327135482,5303.600851747002,2.0,15.594630732232686
7344,5199.4044430259955,2417.6084051273206,2.0,15.594601478146508
7345,7895.3046926464685,1341.27902830231,2.0,15.593909236291038
7346,8752.332222151575,4439.250112618854,2.0,15.593761451736352
7347,7241.429567725782,247.09820821628622,2.0,15.591488831060273
7348,493.2103086603222,6315.188614465688,2.0,15.591181995436084
7349,871.5794645268904,2175.120987178747,2.0,15.590680904546897
7350,6098.120191091624,61.288922683129094,2.0,15.589763525810103
7351,1544.3975026794328,6291.109744919854,2.0,15.588902854522011
7352,9569.631302945638,4794.9983295755865,2.0,15.588689469272106
7353,3625.274614547529,1496.1361182934754,2.0,15.5868909403521
7354,8277.417454138058,4678.991991739241,2.0,15.584737785220716
7355,8253.204702498206,5625.537501416919,2.0,15.58400102027684
7356,2263.9981990456263,5021.687582087517,2.0,15.583558284409392
7357,7697.112197059378,264.2204932285683,2.0,15.58314865647229
7358,5588.6474598880895,3821.002748505212,2.0,15.581906128063657
7359,7198.114654168331,3619.5961746969356,2.0,15.581564784153011
7360,5792.477669564742,6021.1064216387285,2.0,15.579750669464415
7361,485.84731055798176,165.39598005073614,2.0,15.579675362766075
7362,354.06792484707836,5601.496938421375,2.0,15.579481106912654
7363,8547.559857532975,531.7984977730706,2.0,15.576392466707137
7364,1276.5962512336387,2209.589943415146,2.0,15.57451602034617
7365,646.0997384966497,993.4253395727433,2.0,15.57059441535056
7366,2324.6602393122093,2983.947069722129,2.0,15.569486527989342
7367,1064.077478756877,6123.323687151947,2.0,15.56948599201195
7368,8924.288373753141,4821.159161778143,2.0,15.567450655262203
7369,7933.31053864072,1846.9329825373381,2.0,15.563249126013615
7370,7672.254162896263,1599.4891519821124,2.0,15.562174036431552
7371,3266.126916435683,5620.932507745142,2.0,15.560652926760447
7372,6837.936553354331,872.8503203828944,2.0,15.559276292563279
7373,1692.44731612755,168.95840874814465,2.0,15.558942766935361
7374,9487.105527395528,677.1874208918335,2.0,15.558574599163407
7375,1592.333324574533,4733.157564495359,2.0,15.557311720253468
7376,2062.9521306122515,2461.36846382347,2.0,15.555096300029293
7377,3683.878696749054,5927.220627210017,2.0,15.553585423186817
7378,2108.506670351713,933.0633549548571,2.0,15.5535081298597
7379,6289.433242975706,2852.879596717996,2.0,15.552964636183457
7380,1446.9349596605025,2591.545460746137,2.0,15.550976016997996
7381,2603.3438780498,919.2083136361363,2.0,15.547809177619056
7382,9107.958952030773,2337.452261598132,2.0,15.545761024902335
7383,8126.476127397049,5712.062201238599,2.0,15.545346205997522
7384,5964.045566420178,5487.3747530160845,2.0,15.544806385046034
7385,8023.177751343048,753.5585249090299,2.0,15.54308550374223
7386,4966.200465017064,1019.4515889633788,2.0,15.542923630102832
7387,5132.581098971791,683.0436242523873,2.0,15.541013262322199
7388,8151.384429952356,2356.901086608367,2.0,15.54056604393666
7389,6942.517662625125,4873.044647732996,2.0,15.540184896270306
7390,3270.806152032395,1249.9852260528992,2.0,15.539363138684351
7391,4413.082695704616,4519.729822861934,2.0,15.537796818667866
7392,2611.638438479716,2263.226296603722,2.0,15.537773324137596
7393,6597.154183953037,5439.313773761752,2.0,15.535534075203394
7394,142.06540737454787,637.4358818817241,2.0,15.533541705761282
7395,3241.577238292095,6227.950389287588,2.0,15.533404778165476
7396,3958.9238074641075,4257.5452823640335,2.0,15.532612402690138
7397,2139.1548076934846,4181.705763716579,2.0,15.532020645185185
7398,6683.365453207327,236.24353121204388,2.0,15.530475705998365
7399,7842.080876444726,3211.5474411015216,2.0,15.527604032485446
7400,864.567587512889,1987.0266571685465,2.0,15.527098783895772
7401,1221.2107436549172,5739.641612332327,2.0,15.524910300820052
7402,2312.26095808211,896.0316601048456,2.0,15.524432654896046
7403,438.28226116151353,6204.966141698589,2.0,15.522071332470873
7404,986.4023536092336,4153.9987476470915,2.0,15.521184646027226
7405,8910.366275588844,3356.959887953683,2.0,15.517812648770738
7406,4220.574098188443,3883.3991817418655,2.0,15.516731364817824
7407,8856.166891622282,5587.46423416979,2.0,15.515522564872303
7408,1311.9532232931338,3427.494478979252,2.0,15.51473121806038
7409,1478.269290668145,6055.419187303916,2.0,15.514704449455184
7410,4805.493733776589,836.9848391817573,2.0,15.511927280414135
7411,9124.14144435691,3227.7615808751357,2.0,15.511809841235838
7412,5230.656675431295,2322.069978116668,2.0,15.511770403797101
7413,5272.45314321198,2458.8530142026766,2.0,15.511580837664912
7414,8136.494617152994,4981.75336478584,2.0,15.508598618311385
7415,6340.673136497106,3949.003350530184,2.0,15.507889888043902
7416,761.7891809267275,5567.129228755259,2.0,15.507703974655595
7417,7731.787492790128,4609.45580927662,2.0,15.505397638470487
7418,183.76716590555228,711.9149219073099,2.0,15.504780476273826
7419,9246.680708056518,3955.831437070279,2.0,15.503902168034768
7420,7259.878449981343,5949.532582813482,2.0,15.502838520981744
7421,2322.0968045782834,4791.362062244722,2.0,15.501562565511014
7422,3564.549498194037,4942.12548663565,2.0,15.500565694952437
7423,2119.6306514322114,671.8280359236883,2.0,15.498638450433491
7424,8364.454677895978,1155.8821245132556,2.0,15.497625691785643
7425,6900.717798555678,2600.7883875204066,2.0,15.495763100112782
7426,7723.02490508903,487.60498297980354,2.0,15.492705165536178
7427,1232.1640541661106,1453.429319459595,2.0,15.492200311716774
7428,3912.1433180500976,4681.174406514042,2.0,15.49219110393227
7429,8017.673607655667,3874.8986365606843,2.0,15.491458899611892
7430,1722.2189468293996,5653.314000395447,2.0,15.490926955575084
7431,388.3601627203124,681.9475959430222,2.0,15.489475880032376
7432,3277.1267411355625,2121.3497647305694,2.0,15.483358306967817
7433,5821.049438503484,4447.418733599876,2.0,15.482280480158275
7434,6883.487744005969,4552.862549916638,2.0,15.48022588295643
7435,1701.5114727694543,1341.0543051623958,2.0,15.479637099628082
7436,1734.6394720485287,6159.299237521696,2.0,15.479619847613542
7437,6633.380490438949,3371.866880371575,2.0,15.479612301097186
7438,6885.813812712083,1975.476262730546,2.0,15.47847142897116
7439,8500.121321357035,841.0895406163937,2.0,15.478298356526004
7440,5465.518363643999,4291.306413280771,3.0,15.478276216489562
7441,8533.121071300773,4389.519366039906,2.0,15.4771593332575
7442,8091.991055043423,5521.687277952921,2.0,15.476769769304298
7443,1821.0912267480767,531.5061150452167,2.0,15.476104218320208
7444,3473.6381677774402,3876.9948492453063,2.0,15.472843040437269
7445,3313.418395932269,5795.187443403321,2.0,15.472471281614597
7446,5014.241734230714,5187.268971698,2.0,15.472090654155663
7447,6377.092807100244,5553.524098360004,2.0,15.47155920898525
7448,3325.787723379986,4370.833931197926,2.0,15.470047485669838
7449,1643.7291238705886,1272.8169176789354,2.0,15.46688627912743
7450,4629.469961860368,888.9496490106334,2.0,15.466484736887633
7451,5312.370999032858,978.8341118814202,2.0,15.465327502489187
7452,4341.029653450538,557.6029403985505,2.0,15.465025308564828
7453,7501.905192948821,5061.385117302436,2.0,15.46446626201239
7454,8884.239312986154,6039.583812546191,3.0,15.463771962484394
7455,4334.361156483282,3136.9972413581067,2.0,15.463474543555728
7456,9568.029719022608,4681.431560251043,2.0,15.462828536364206
7457,853.8505797350272,4989.699643028023,2.0,15.462091126089714
7458,920.5237493936038,5417.769306236922,3.0,15.461629319294937
7459,2927.697425883818,2922.307397148886,2.0,15.460563324155167
7460,7295.55314013308,162.97002213223234,2.0,15.459500913992546
7461,2143.490513680178,2228.9953710652267,2.0,15.4590555701665
7462,4129.382875229873,1274.0756391688342,2.0,15.458242832398165
7463,6733.973239480422,3849.3887899677547,2.0,15.457906766694274
7464,6846.670692837052,2005.063093999211,2.0,15.457892650766544
7465,63.520695923497385,2381.708335098246,2.0,15.456220777498046
7466,1129.7605703814693,2795.2962049000053,2.0,15.455107452507029
7467,1612.503768588738,3047.02206044546,2.0,15.453762682071234
7468,4862.520296374301,1984.9953224880544,2.0,15.45375628747602
7469,9128.472310892126,1579.90642503486,2.0,15.453165507610601
7470,69.25049291930452,4371.598364837837,3.0,15.452359735180913
7471,1419.268806106869,2221.8856256980494,2.0,15.448754880333205
7472,6928.384754311431,1440.8223880835512,2.0,15.44511959215682
7473,7495.494671966874,1930.0192257596045,2.0,15.442158597595867
7474,2047.075847883821,4921.6428358242365,2.0,15.439756856332483
7475,7114.824224921925,543.3730952855483,2.0,15.438824919552415
7476,1120.0660964594915,6093.473986913321,2.0,15.43700686110675
7477,8458.715555160623,975.9907949547865,2.0,15.4306894133385
7478,4224.453836429205,1817.1598539634756,2.0,15.430022442179455
7479,7775.2439048826855,3851.46392767821,2.0,15.429371222990712
7480,7818.377815138434,139.12971918548777,2.0,15.428098579029886
7481,8186.918588447098,2025.7454462549722,2.0,15.427445445555538
7482,4061.256254422211,4262.951242320481,2.0,15.426413320410395
7483,5136.274143801886,5826.9850185704345,2.0,15.41708759975044
7484,9568.160500977732,221.01036648408555,2.0,15.413546288955258
7485,8178.645487495289,481.7684223668985,2.0,15.410126693467502
7486,9144.017518102017,3451.4459780819793,2.0,15.407606796399325
7487,2831.4666888204247,5860.159225128913,2.0,15.407573566712896
7488,9481.365431615935,2883.433663040876,3.0,15.406860982976747
7489,1298.9137159146305,395.7697826794135,2.0,15.406202604176888
7490,3505.1977293159352,4487.645041733751,2.0,15.405602373226932
7491,1794.1622609535864,5897.622481231834,2.0,15.40517298590654
7492,3282.4997836197913,1231.7469214477449,2.0,15.404109761566588
7493,8739.309904865557,4351.510659124117,2.0,15.402210450196614
7494,1151.9042219237224,3467.723136152458,2.0,15.401526929840434
7495,7572.235199160408,2143.519470067469,2.0,15.401391301782011
7496,6334.855284545914,5425.501951639526,2.0,15.400634130886528
7497,6933.158530360498,175.34804578831958,2.0,15.40021162640828
7498,8493.048810133985,3729.5448062565447,2.0,15.398386980616367
7499,1874.540221969881,2173.926797637548,2.0,15.398193888748073
7500,7804.382727672258,4746.055285952128,2.0,15.395727413370787
7501,1207.5241963602841,2526.979990220809,2.0,15.393502368191061
7502,4243.423584493916,2559.305375745083,2.0,15.384449803874794
7503,8387.124539992194,4707.23985204595,2.0,15.38202226351956
7504,6175.392211713745,1395.258172102429,2.0,15.379069760078602
7505,2940.809371298108,1123.5389887343856,2.0,15.378571198010393
7506,7599.375369317811,3474.026695780239,2.0,15.374466419828469
7507,8419.225092830891,4455.894438744981,2.0,15.37409471505599
7508,5355.284220535547,5686.991631295202,2.0,15.371512360672744
7509,1892.6502323630186,3107.8898866256695,2.0,15.368635959776032
7510,738.523864917471,6183.049292251423,2.0,15.367539604481165
7511,5337.657364338125,2818.9710747450854,2.0,15.365198675160727
7512,7321.304232844001,1762.9733933234606,2.0,15.364681296078894
7513,1078.2942881124827,4749.830315513281,2.0,15.36272794969541
7514,8614.13686077636,4549.624798039467,3.0,15.362356885739677
7515,2029.3529934700805,4519.005711492232,2.0,15.360171279808807
7516,1727.0548480718942,1631.674908235783,2.0,15.360120788932173
7517,2622.1351894023837,5486.939798199711,2.0,15.359879553346527
7518,7244.051908295066,4587.31614915327,2.0,15.358448341050693
7519,1072.8282709268517,2409.364001457718,2.0,15.356444846265244
7520,5895.223044553782,2219.2166077574234,2.0,15.356018858377947
7521,9558.699046636251,4219.096106475808,2.0,15.35540905463309
7522,4244.632706000694,6331.978276935837,2.0,15.354998773829472
7523,4644.426859242967,4314.063702204801,2.0,15.354937769316097
7524,4658.279728782461,1013.1526714083858,2.0,15.353494427984572
7525,4947.680629796162,1235.2568850481755,2.0,15.351991627261249
7526,5285.268507794948,1739.8727056461491,2.0,15.35092599706957
7527,2969.1763561090925,4865.332933229433,2.0,15.349674228404455
7528,2632.4039193403346,1447.8968442666906,2.0,15.34653614827049
7529,8256.967597791701,4303.455693205343,2.0,15.344217568190002
7530,1287.4238920336331,5414.8530448960855,2.0,15.343949431036542
7531,9057.22575314929,6247.265316484653,2.0,15.342652317938306
7532,9013.281121433023,5156.87932124999,2.0,15.342403657533897
7533,921.5639682303802,3685.082068366007,2.0,15.341370009695316
7534,2356.196037229743,3057.2182152172736,2.0,15.341010289050965
7535,931.5690283625514,3847.282598218169,3.0,15.339798253964466
7536,7152.356182631151,4217.256579106727,2.0,15.339185774696677
7537,1114.45744278572,4516.011071491993,2.0,15.338846145558932
7538,3730.2940319488466,1143.8113944739548,2.0,15.338420707135732
7539,5188.113159641906,4793.575594394632,2.0,15.33582193703736
7540,1634.2808694384883,1995.6988852356212,2.0,15.334832240424388
7541,4081.130869607057,721.6300337464235,2.0,15.334159593920365
7542,5984.294359086147,1616.9856037114112,2.0,15.33403945761975
7543,4384.4987910028985,5760.854520359068,2.0,15.333516679499523
7544,8586.639130139216,4443.145523432297,2.0,15.332983834396424
7545,8218.198372746105,5393.531173366259,2.0,15.330936530226758
7546,4329.313860593841,4509.950134063252,2.0,15.330185430005667
7547,4402.461022868794,5642.046381560094,2.0,15.329951014697201
7548,27.086038601747962,1845.7122592799612,2.0,15.32885863030837
7549,8143.106462790128,1317.6951499885554,2.0,15.327815997659645
7550,6086.227330730091,1202.0913419464373,2.0,15.327656698289111
7551,4720.424629978803,1757.182462455494,2.0,15.32528988123277
7552,6131.111416818043,5871.498874237057,2.0,15.324450376016804
7553,7373.534541923746,2519.2748410746794,2.0,15.32358257231366
7554,857.512120977957,657.0043309023447,2.0,15.322311072898534
7555,2061.5619830980904,3953.864360251551,2.0,15.320781130590417
7556,4309.990784623078,161.47428481311897,2.0,15.320724624321453
7557,1300.0532219310646,1619.4786549274356,2.0,15.319310980040607
7558,7043.9103073662445,4775.668770818796,2.0,15.318481661405265
7559,7735.679358828427,4886.966413540433,2.0,15.31729731314562
7560,6934.137569918262,2659.3972571434647,2.0,15.315166347220977
7561,6370.435083458093,977.0281277726355,2.0,15.314515717796874
7562,769.2639497117545,1189.8426010723904,2.0,15.313828899455789
7563,58.01596688232453,2473.4135279989755,2.0,15.31332505401137
7564,3972.2498315939897,5349.637144044107,2.0,15.311110643350121
7565,3703.101528846454,511.4051220753802,2.0,15.309559573154722
7566,8504.93717190972,127.46103206960947,2.0,15.30941057169016
7567,7660.051143073991,5875.591219146632,2.0,15.306904732071844
7568,2642.9502660647295,35.48926015170042,2.0,15.30606461699967
7569,6813.609722611297,2961.773143109506,2.0,15.3043935317184
7570,5529.111144164379,2467.466925211553,2.0,15.303635565093968
7571,1549.2176549150342,2185.539384286222,2.0,15.303278684796918
7572,965.2050431108806,3815.569791291605,2.0,15.30309559247963
7573,9316.64583381385,751.9437485894472,2.0,15.301362063681433
7574,6670.104135621093,2957.671397272474,2.0,15.301236998830605
7575,3036.964729753467,1462.703312148363,2.0,15.298962709185993
7576,1713.8951572475314,3309.3422313343785,2.0,15.297865533136799
7577,849.0213919511704,1099.5243827619156,2.0,15.297556388554181
7578,2370.462898844122,2877.000296351879,2.0,15.296210370642996
7579,7165.243219099962,3981.1458411470176,2.0,15.29482083410253
7580,8044.2567374391065,6183.639634999623,2.0,15.294038953007318
7581,2309.0,1057.5840302664765,2.0,15.293990197910414
7582,3692.176624945111,4049.7860223766506,2.0,15.293754298591764
7583,4228.188975891975,67.28067456593165,2.0,15.293567471427789
7584,3775.680428457302,3395.0698362827475,2.0,15.2931249545562
7585,4353.209740667547,2933.532691332447,2.0,15.293111301536992
7586,6852.180665940462,2799.918319690834,2.0,15.292803832372321
7587,2910.4000119934217,812.9491465467977,2.0,15.291101922829375
7588,133.21624840804213,5625.59952319592,2.0,15.290525096872711
7589,5460.487981698369,751.1036447834596,2.0,15.290327627845958
7590,7292.857504559344,2145.370420269846,2.0,15.290241734568221
7591,4356.406281126551,2555.875676536274,2.0,15.29011879842908
7592,7083.468871455317,3033.040155821616,2.0,15.288007209512013
7593,8234.535203346239,1923.0000333316987,2.0,15.28536295411614
7594,7242.806384680864,1590.9942473389694,2.0,15.285244483009755
7595,9041.469283962153,3772.9771162019406,2.0,15.284973240467071
7596,2029.545397905837,751.1186021317418,2.0,15.284819061052902
7597,7930.968883254613,5121.635097636998,2.0,15.283184246682017
7598,3207.378945316877,1705.1911066947953,2.0,15.282239615704963
7599,5579.914470482253,833.5423467776087,2.0,15.280601110238253
7600,1080.321831374125,3265.852625690178,2.0,15.280380376998682
7601,6134.980165245259,3191.7340143115257,2.0,15.279400750499493
7602,1617.0337227733946,3535.4992190224557,2.0,15.27933173425721
7603,8368.07303889838,6197.5662808666375,2.0,15.279028596610557
7604,1740.2477785635772,3158.9750041432108,2.0,15.274496912265368
7605,1549.382880532162,3467.7537322641474,2.0,15.274480720619174
7606,5491.360404447256,6204.00706436006,2.0,15.27164506956021
7607,9251.167878177062,3443.516974826971,2.0,15.270244413443516
7608,1375.2925195632201,5177.579554733791,2.0,15.269986847284214
7609,6403.163612738417,997.8415456143869,2.0,15.26932896034332
7610,2529.262748524781,723.327802292863,2.0,15.267467313360449
7611,5950.446541781557,5711.112835390938,2.0,15.266823980915335
7612,4547.284064731086,4555.509489079278,2.0,15.265773170316786
7613,7059.456145292413,5873.784307889295,2.0,15.264538068402862
7614,8885.964068242218,6213.448045989376,2.0,15.262461192868304
7615,7458.242901299405,777.786702463171,2.0,15.260627676089387
7616,7230.992110818678,4371.591853779016,2.0,15.259583790273364
7617,398.13236473006333,907.5340688880375,2.0,15.259123116393141
7618,8227.008270063041,2627.3693161090696,2.0,15.25896565088142
7619,1722.2690618714296,4101.412546979394,2.0,15.258333700983323
7620,4545.121441080307,5049.446779680588,2.0,15.258223520761856
7621,4745.16126679696,5739.558984012738,2.0,15.25787248571823
7622,9435.44758641472,1882.8697472927881,2.0,15.254054477374293
7623,1469.6542117284534,4849.040648756339,2.0,15.2538335271112
7624,6991.757765737635,5959.902068956265,2.0,15.253207883152552
7625,77.322046172046,2003.7745803114456,2.0,15.251362152372531
7626,4783.449790463044,2737.281699741325,2.0,15.250991950071533
7627,1687.4841378394065,1797.4433392880749,3.0,15.250445121168083
7628,1376.206960425252,28.98565921125624,2.0,15.250121330391499
7629,5847.531455480895,1335.020173770011,2.0,15.248846829686954
7630,4199.209081358572,6271.830088062066,2.0,15.24880484748224
7631,8679.35210344469,1581.0587210862363,2.0,15.246860778035932
7632,5541.185922293516,535.5417435915963,2.0,15.246714956504887
7633,1028.871817341578,5239.362463256614,2.0,15.245998542652009
7634,6369.45786213121,2595.1181152221648,2.0,15.245441025215793
7635,7442.337321952304,2621.89036463555,2.0,15.24205222472603
7636,697.4182839055736,3699.057094047209,2.0,15.241494633603974
7637,4815.402594036309,2147.2380885732696,2.0,15.241439226054121
7638,4297.570887521239,3869.8894390587825,2.0,15.241427719620741
7639,988.9069902549583,6301.37707661164,2.0,15.241016986755103
7640,1727.4673314515921,2088.309240574501,2.0,15.239443361310839
7641,1321.4989049344135,1065.0033288216696,2.0,15.239190010915978
7642,7115.95895421013,1233.4388135886613,2.0,15.237627826073284
7643,9216.975420948145,3585.6731907158332,2.0,15.235783302694474
7644,6924.873900867695,3629.4114560627704,2.0,15.23395933133866
7645,8455.554618591632,3354.996276755101,2.0,15.232301721981232
7646,3115.5865671502243,5566.134556715757,2.0,15.230652488071836
7647,5216.646969931147,6247.581820949207,2.0,15.230160816225919
7648,6850.742716376634,4407.082587206134,2.0,15.229717349844437
7649,9077.016841212375,137.71706158592445,2.0,15.229644564898946
7650,7759.408075016617,4657.857382372278,2.0,15.227649788406396
7651,7541.984303137702,5489.72577611715,2.0,15.227517623936128
7652,515.6008059225145,6160.923962228407,2.0,15.224904711648447
7653,2821.3722136536653,1679.8408818135517,2.0,15.224745349194057
7654,3486.7954125503556,1149.1812410678046,2.0,15.222427426356868
7655,1701.0364182364992,1603.6628218263363,2.0,15.221974954306722
7656,4075.3764997096446,5409.602691472588,2.0,15.221877824408176
7657,7188.549217040964,4270.817435809814,2.0,15.221654122523098
7658,4043.166056166573,2473.7243700140352,2.0,15.220560078121695
7659,5060.920419227472,3839.5035985359573,2.0,15.218212656134074
7660,4694.989110765169,4693.512660095221,2.0,15.216441886496302
7661,4223.081584487683,5303.74813437252,2.0,15.212340514764895
7662,5113.611217125249,6034.946212723177,2.0,15.210589315753495
7663,2740.810101451928,3024.0492907023668,2.0,15.209527538160247
7664,3657.6771964112,695.4278066229489,2.0,15.20741698672699
7665,3433.964727364948,2929.7952161770127,2.0,15.206820458032016
7666,162.79611401209567,356.01884197930127,2.0,15.205915315344608
7667,1405.777587783605,5919.00217543303,2.0,15.203576235919124
7668,8415.453243635933,4566.109363478366,2.0,15.20230666602314
7669,8803.468701249854,1519.9212511186681,2.0,15.202125646377667
7670,7392.7588134043,5413.483016199811,2.0,15.200759767546932
7671,4783.163499537836,3011.610697148498,2.0,15.198649970490246
7672,7071.160918773349,2365.632100903088,2.0,15.196561780219707
7673,3253.102170900248,3173.402259334168,2.0,15.194072271144389
7674,8173.670229961941,879.2264007856421,2.0,15.192763985079157
7675,4016.957378054415,1391.2386661623873,2.0,15.191148420104495
7676,7056.95686507891,407.47942072991793,2.0,15.190544326077386
7677,6692.880050689826,2387.6011386911364,2.0,15.188593355940858
7678,6964.352153894856,5072.154904889494,2.0,15.187663772839898
7679,6220.568361791356,4548.659406629394,2.0,15.186255298794151
7680,9014.765841514823,1807.4584125107458,2.0,15.185565858745147
7681,5165.847935720571,5861.600227049463,2.0,15.182749561565327
7682,1623.544871113234,2742.9529930855656,2.0,15.18264489877113
7683,3618.4342679961487,2369.105828352771,2.0,15.182555100052006
7684,2857.154378475904,2987.548697807928,2.0,15.18142763403106
7685,6138.4811748751035,4107.011687467855,2.0,15.181326805614711
7686,8270.010303480052,4059.5668100188072,2.0,15.181105481730407
7687,829.5524821678072,239.89846240723827,2.0,15.17945277629685
7688,7538.53406296186,5722.86456224941,2.0,15.178989045415975
7689,9011.517674458015,4479.191425344262,2.0,15.176164380813475
7690,349.42000422389907,2049.248508808073,2.0,15.175807789943107
7691,2940.4381857935937,72.84539978777943,2.0,15.17303741920833
7692,9239.285657939192,2709.944633339192,2.0,15.172858001481897
7693,909.2660811103086,5511.574346781097,2.0,15.171229657779941
7694,8124.5211295837325,3057.627146441707,2.0,15.171116347377277
7695,4155.980484508846,1329.109491605951,2.0,15.16795297951175
7696,6979.504548126154,5610.125367967315,2.0,15.1648503596803
7697,1886.706009992735,932.9349840141562,2.0,15.164664537382151
7698,4566.370650569938,413.27274070619023,2.0,15.16464548073424
7699,4472.15940343657,4573.604364559461,2.0,15.163426709385869
7700,7935.139660483832,5869.417579878475,2.0,15.163337450723859
7701,4614.456367260562,3481.8963302696607,2.0,15.161579081603087
7702,8535.403175150977,3331.141268772984,2.0,15.161017521659819
7703,5046.8250576711,3231.4239637674896,2.0,15.159670155716238
7704,5725.122307821073,3874.870275174254,2.0,15.159276576470267
7705,7015.508444597771,1467.0930221255562,2.0,15.159077119238683
7706,2828.2462794716303,5005.538514241869,2.0,15.158638733093634
7707,6453.670828918225,25.520984550724673,2.0,15.158141642453064
7708,8616.271529937287,1731.970215616904,2.0,15.157992451945226
7709,5131.294210096045,3351.535352141946,2.0,15.154345081960543
7710,5818.183739216608,3001.8440564390635,2.0,15.154093045408896
7711,6674.349296402583,5247.098547671772,2.0,15.151437619718003
7712,8938.300754556707,796.0845767285856,2.0,15.150396350434713
7713,1069.9171830793134,3729.5344159890087,2.0,15.149624452791235
7714,7301.066426626476,461.68112879090705,2.0,15.145932595035037
7715,2389.07027716942,4993.277265681293,2.0,15.141251590938888
7716,7200.051930991739,2321.504104468811,2.0,15.13639662316464
7717,9117.237515445464,893.247475637466,2.0,15.13495945772637
7718,5023.37067504501,323.16738896541125,2.0,15.133910324049268
7719,3202.343813163885,5023.378273688409,2.0,15.13344203820186
7720,888.5752566381299,3161.156332369183,2.0,15.13325118478693
7721,7214.559450322146,3877.879697971902,2.0,15.132088824808742
7722,8688.637731370007,2451.8516129471705,2.0,15.131979139274643
7723,3084.715129439511,5641.977462536214,2.0,15.13042834519857
7724,8665.491502381905,2157.022019377535,2.0,15.128871912750883
7725,3373.0232138704664,1873.3945945529808,2.0,15.12672557395877
7726,4081.2448097553556,1567.8011411942555,2.0,15.126654439444518
7727,7980.341727354447,2615.1713484973193,2.0,15.125283879936195
7728,6578.181798350364,6143.503079263819,2.0,15.124991194453045
7729,6060.393403527614,4146.845178751958,2.0,15.124575176349925
7730,1965.5022957584088,4019.0464306748013,2.0,15.123781361454173
7731,8583.215630384331,4783.655277981091,2.0,15.123680261920674
7732,1749.4587376082507,3596.93053148722,2.0,15.123316141958986
7733,7932.2748090284285,195.80731850245155,2.0,15.122191366321372
7734,4240.373359271588,645.8261378866027,2.0,15.120471213530172
7735,4662.5860174504605,6321.841419524526,2.0,15.119967230176146
7736,6561.116288070347,5009.556317897955,2.0,15.119671915520787
7737,5658.752668621902,6230.945699725481,2.0,15.117171277824456
7738,7146.973251010529,1483.5109507607317,2.0,15.116888189868371
7739,2811.707542781861,727.6470449855552,2.0,15.115667193693273
7740,1206.1020317920568,473.7356404459311,2.0,15.113995811998901
7741,2231.186440555944,283.26695694299923,2.0,15.112119633038912
7742,3673.562409357564,3022.1851872398533,2.0,15.111886206236797
7743,4317.490744191524,2603.8076697785946,2.0,15.110843210189316
7744,9558.842736116603,2321.8504968929446,2.0,15.10917349446647
7745,6267.845804593231,1280.3360401304565,2.0,15.10674198708206
7746,9018.34106894836,3020.1410627125388,2.0,15.10647643667985
7747,3040.261320942331,4413.740707547813,2.0,15.106357200569658
7748,335.5307376364184,3018.901768163656,2.0,15.105899655204936
7749,1338.3949919330043,5344.190911439218,2.0,15.105869106087424
7750,1071.5803108008367,6182.9332957525285,2.0,15.104687007856148
7751,5829.147280302517,5015.384601854366,2.0,15.103280456729028
7752,8783.033729013317,4111.515108672968,2.0,15.101303322496372
7753,678.8432249906019,4719.304570136111,2.0,15.10129456159499
7754,5676.09120495345,1365.251401803156,2.0,15.100437012035368
7755,5612.969132017424,1289.504632140244,2.0,15.099551075485588
7756,4050.0958058147567,4487.400228861697,2.0,15.099177768947602
7757,4812.563084588352,5561.198649569168,2.0,15.095743958095127
7758,5400.648466134086,5262.941513794025,2.0,15.093480746556526
7759,4672.161825704931,3001.297592032842,2.0,15.091168139235814
7760,5771.924379347772,3031.613431460252,2.0,15.0909736478368
7761,4179.395620041957,2202.0234982493785,2.0,15.090854987594264
7762,2646.793355174073,4149.079867164104,2.0,15.090266281896294
7763,8739.136984616825,5167.855293612106,2.0,15.089808584241494
7764,5860.2038703063345,127.66688379558504,2.0,15.089558712839546
7765,6389.127893763749,955.6193478985409,2.0,15.088453436026839
7766,5088.348822076148,453.1172589642377,2.0,15.08457775105785
7767,3229.7803708779325,5871.715947910374,2.0,15.084387656224532
7768,4592.363385964692,5825.111948796146,2.0,15.084187310218914
7769,4755.541151537811,4972.000679499655,2.0,15.0823806647619
7770,8383.504353055827,110.8640508121254,2.0,15.082253683473738
7771,2866.3896249136174,138.961211196809,2.0,15.08179194641718
7772,2199.5821836205155,4210.075859174982,2.0,15.081007954268987
7773,6586.391649637191,6293.903646210453,2.0,15.079092170614087
7774,6391.531610130754,6117.0,2.0,15.078502351103307
7775,73.3057564973918,6229.085161680328,2.0,15.077664165506555
7776,8034.47270835492,646.0332401115876,2.0,15.077064749181167
7777,9073.36549858517,1389.9422298665645,2.0,15.076554476146343
7778,6183.640530314696,699.2438632095082,2.0,15.076305498785162
7779,16.087277354331746,4681.439538390994,2.0,15.075247535506815
7780,2549.3661721301596,5510.976978573799,2.0,15.074899833127283
7781,3644.764383209936,4253.406753386955,2.0,15.072089282234284
7782,8495.605068631108,2060.8955265503914,2.0,15.071810727768263
7783,7143.320960872084,852.8839600480502,2.0,15.070916159991055
7784,3598.594405320324,4371.7560120027,2.0,15.069607489782019
7785,6824.068281144355,1599.2807944976014,2.0,15.068232739309313
7786,9174.184257090095,2379.569845307419,2.0,15.068126624735624
7787,3514.980372719387,5011.2174925769,2.0,15.067265366330735
7788,4798.23155123449,2444.9466134566046,2.0,15.066651749043222
7789,2472.1612714824755,6139.415892167755,2.0,15.065607562826127
7790,464.2127202649459,2000.7672292416833,2.0,15.062968303613923
7791,646.5304405408201,749.0238993961708,2.0,15.062395489598499
7792,247.70975305016884,207.89674076087698,2.0,15.062374568618432
7793,7501.577110011685,374.0845925680079,2.0,15.061221360138209
7794,1070.0128812600017,1613.6570432821293,2.0,15.060340357408986
7795,8836.850687268536,6187.302942655364,2.0,15.058967990579486
7796,3027.355740540333,3493.0847482367876,2.0,15.058812591650781
7797,6369.218690682219,789.2839747166548,2.0,15.058655845957084
7798,8301.979860004341,5597.748007578513,2.0,15.05799621083876
7799,2957.483509467317,5310.077783283923,2.0,15.056160716582248
7800,3717.2025079631967,4805.355832153734,2.0,15.055878683249237
7801,5429.85528192545,3555.1306882570902,2.0,15.055288953610573
7802,8868.28659342562,4607.579832397639,2.0,15.054504486819928
7803,1558.570333846168,3241.9646830057845,2.0,15.049008392410194
7804,28.1617898474865,4821.471640374583,2.0,15.048286143730069
7805,9447.389539827791,704.1094765081583,2.0,15.044700864956543
7806,7197.55777268582,1938.7736004626308,2.0,15.042932020014248
7807,2636.4388578018807,511.00319900021725,2.0,15.042599243735808
7808,4648.308028038242,1406.0576750934026,2.0,15.042004210573353
7809,187.6525093203933,4029.1348539524715,2.0,15.04161507761005
7810,5400.554759743999,4659.951594075531,2.0,15.038331773529066
7811,2657.18506652453,904.9229561388127,2.0,15.037797909252376
7812,5454.90083510734,3871.8306550393977,2.0,15.035274557064804
7813,171.64554578608553,6206.787580256222,2.0,15.034990663906969
7814,8823.420128662363,5767.983334986122,2.0,15.031102335484574
7815,6025.118848110628,5703.512888975286,2.0,15.030284710719569
7816,2416.1332777133207,2209.514017273709,2.0,15.028628416620345
7817,4121.365484641988,1792.1292588972133,2.0,15.028042077550422
7818,4131.896297270784,857.4383171100858,2.0,15.026783462173311
7819,3091.2147154547924,3312.665172956795,2.0,15.026492912815284
7820,2714.276586298163,3221.2087592066036,2.0,15.025218105171538
7821,3172.524958483855,2737.020579183677,2.0,15.023523630630493
7822,6214.2234370108345,187.42676812848455,2.0,15.020791839487323
7823,4961.995041907848,5712.269018892115,2.0,15.018836759932093
7824,58.13641894325399,2055.327267040818,2.0,15.018797152302792
7825,9111.447242483337,31.193638631616242,2.0,15.018415212307268
7826,5137.33534810613,5453.777007839176,2.0,15.018325611753177
7827,9244.146279399416,4299.671598525892,2.0,15.017587097231562
7828,1256.2901298341576,5863.170433081557,2.0,15.01629190491467
7829,9207.392644991287,4786.940560478375,2.0,15.015544518969309
7830,1775.7647781866597,6185.346813404381,2.0,15.015072104813331
7831,7354.172867142318,4329.498768141998,2.0,15.014185880524073
7832,418.09599456747145,5027.493931981776,2.0,15.012641651050158
7833,3470.978438340736,3833.5570715026124,2.0,15.011642360541309
7834,5513.0857375357855,999.498200260849,2.0,15.011624026612926
7835,1115.574652718825,3722.894772214841,2.0,15.010028824355652
7836,8932.207077105993,1013.2426523330665,2.0,15.007520187247893
7837,5474.572493463053,4085.8546559539604,2.0,15.007320426963124
7838,9260.741767189355,3409.8050678521113,2.0,15.00602073809428
7839,1298.8837019047214,6221.376698357009,2.0,15.004640938427773
7840,1163.333623955084,3781.0052212957185,2.0,15.004427827752746
7841,1376.258325723647,4458.966124439327,2.0,15.004125996930533
7842,183.19911315480323,260.77034654664567,2.0,15.003827767787907
7843,6328.090728397886,1097.642703152577,2.0,15.003816404247083
7844,538.8730638211671,3845.749538027968,2.0,15.003423824030435
7845,6790.538937563597,855.1663426731072,2.0,15.00198414246415
7846,5292.012344032381,6055.586992917401,2.0,14.998731201451065
7847,8193.914985146015,487.2967686464296,2.0,14.99798082211234
7848,1993.1050998380442,1597.4001319658853,2.0,14.997197790628352
7849,1128.2107526926186,1014.8167526669289,2.0,14.992194787271373
7850,505.7786513700025,3161.8838050352992,2.0,14.991910170203326
7851,2642.478490285045,3919.947834104015,2.0,14.990890565789792
7852,5668.337864841557,5013.009292574811,2.0,14.990543013919313
7853,8129.137992629212,4537.666645311341,2.0,14.990255456226777
7854,820.0092413608351,1029.4950618395558,2.0,14.989894788209142
7855,6905.349513381592,2034.9515917366368,2.0,14.988785031303534
7856,7167.32834452826,143.44813324365407,2.0,14.985644433021939
7857,8457.921053380764,2919.6941235836343,2.0,14.981135742369151
7858,8385.975765285773,1567.4311643609742,2.0,14.980507222825791
7859,6238.542971317985,5770.9447041065505,2.0,14.978838296512338
7860,8720.887829729108,2647.5292386560754,2.0,14.977321779997736
7861,2456.6985769648113,74.99339231169851,2.0,14.976707885947828
7862,9206.001310529286,4925.55771573846,2.0,14.975559539119597
7863,2942.8499996445676,401.54435442685144,2.0,14.975357044963959
7864,4715.449028119212,5467.146553006108,2.0,14.974640530838228
7865,3818.2125714319177,387.55489822714975,2.0,14.974559254788417
7866,7831.4636137605485,3847.1490557265474,2.0,14.973600881618584
7867,1612.2585385201992,5882.053849002314,2.0,14.97350673943236
7868,3403.4822488413374,1142.1740694594573,2.0,14.97349249895215
7869,8551.580395716885,4680.941557373523,2.0,14.97292888164151
7870,6683.952238302017,1647.4796642964793,2.0,14.972068284347003
7871,7254.165338136974,3717.6187919692575,2.0,14.971213245352324
7872,3856.063622701959,29.59950560661829,2.0,14.970716011121954
7873,2991.242341256359,2157.9575277672757,2.0,14.969811870268853
7874,5715.565942698216,640.0608072553047,2.0,14.969201158800422
7875,555.5703400875163,2169.3531230210574,2.0,14.968999683223585
7876,8113.167991338059,164.86935623269216,2.0,14.968532288629515
7877,9354.347427628012,2291.2184060637906,2.0,14.964708529328297
7878,1366.1860692179346,2713.588551339133,2.0,14.963461829597515
7879,174.81970433267995,3765.416527213615,2.0,14.960598589451832
7880,8763.310489269512,3647.149060295765,2.0,14.959731688034928
7881,4910.199491539255,3239.729270069215,2.0,14.958563335629481
7882,4171.051541464625,4735.520954128114,2.0,14.958407532814094
7883,6439.247824320309,5005.5271034702555,2.0,14.958164784834572
7884,1120.7436290024748,61.491287600729734,2.0,14.955634547405333
7885,5827.01868382054,55.83515520038432,2.0,14.954419353565784
7886,5069.9710718343795,6187.4023266462045,2.0,14.954248650479887
7887,3408.1045243373865,2119.348732943417,2.0,14.95227840634393
7888,348.32416501107497,6164.802546638937,2.0,14.951801545835309
7889,4865.492649131226,81.21118094233212,2.0,14.950690268247092
7890,1694.6015534116548,5551.301003635092,2.0,14.94737232274743
7891,146.10826090889364,5739.812453473622,2.0,14.947319564379919
7892,7596.0048732982195,2911.468183196499,2.0,14.946755464215942
7893,5658.269820940192,4358.766337685653,2.0,14.94606180037198
7894,5822.973855505106,5481.287872930466,2.0,14.944417837080808
7895,3442.5619013486034,5182.986347518586,2.0,14.942072928430198
7896,7525.764433957977,5451.891772377125,2.0,14.940473961611865
7897,4922.928306781818,1137.8278290846415,2.0,14.9388303175556
7898,1611.6584762534058,4239.914724583665,2.0,14.938120932124706
7899,3942.011926924221,1871.6111777858189,2.0,14.937439677712996
7900,7433.956138542449,1847.4778763308366,2.0,14.936718316730618
7901,3782.1760002605083,5249.629920918139,2.0,14.934463148647833
7902,1319.8304521796713,2999.7478789990505,2.0,14.934258224131096
7903,6848.093300315047,3113.5432153095376,2.0,14.932435416557503
7904,8374.144000001414,2183.5834890538554,2.0,14.931765611456862
7905,90.28513777628281,705.7334696241784,2.0,14.929259897497936
7906,7779.428179951014,1581.905819787642,2.0,14.92901970606699
7907,4116.865844957751,1203.250548776914,2.0,14.925108204996443
7908,3172.988320018191,2009.6539649516515,2.0,14.924930044068336
7909,4432.471915138215,1579.3023461830549,2.0,14.923037077547384
7910,1623.6939701420433,5747.24362165237,2.0,14.922034409749504
7911,1087.983379894641,1819.4974053206195,2.0,14.921903073473208
7912,9079.544299806876,3094.9661951233006,2.0,14.917625735864494
7913,3176.999305354814,61.15693958001489,2.0,14.917495958225844
7914,4201.283359068051,4708.921066144254,2.0,14.917283618227541
7915,675.0079447502224,237.30268739210885,2.0,14.91551088877782
7916,5206.945462076521,343.51029152860895,2.0,14.913555347069998
7917,1611.5207136050458,1852.9279486167777,2.0,14.91274891692979
7918,4657.424972355147,6369.7264727402235,2.0,14.91151429326968
7919,7198.0052030462375,4381.882831182768,2.0,14.910641435589941
7920,9311.097760827603,5897.28962433106,2.0,14.906121182885892
7921,128.67374336777468,2902.9800901564604,2.0,14.905124787084723
7922,4034.467898364152,5139.723993078127,2.0,14.903294382255707
7923,1005.2995691742972,822.1009268255947,2.0,14.902979093028767
7924,2069.604132726842,603.8363439200378,2.0,14.902788277603515
7925,824.3893700526968,4046.980230886772,2.0,14.902787206264387
7926,1556.6882040414405,191.23447489664915,3.0,14.901889289203105
7927,6213.473259700911,3438.149277936581,2.0,14.899709295408117
7928,6086.946068306921,2585.8009542457753,2.0,14.896745492401354
7929,9449.653628879978,4860.924681525925,2.0,14.895209921587782
7930,1697.0201764473293,185.5072906047894,2.0,14.894684654544129
7931,3669.600609903672,647.0989743275981,2.0,14.892666000471614
7932,5136.16805005499,1717.626030200975,2.0,14.892531954287442
7933,3402.970453642842,5243.507834866268,2.0,14.892292332854925
7934,6558.493262443206,3797.0144711417156,2.0,14.89177012073126
7935,2146.034034399896,5647.423385864065,2.0,14.890844202576043
7936,1713.6383076839265,1636.8632004012807,2.0,14.890634792662679
7937,3906.9733762371065,241.43836233303878,2.0,14.889942387714289
7938,8251.082865715336,2887.3931210427972,2.0,14.889027397078552
7939,3231.781072899457,2673.9281472039115,2.0,14.888563401897581
7940,7640.0602665156575,4623.502740597253,2.0,14.887843728991477
7941,6048.223601869824,601.3241202347299,2.0,14.882918088850241
7942,1134.2688655540837,5401.080812441797,2.0,14.88193263013696
7943,8847.162131284193,6025.737343440037,2.0,14.881100422643165
7944,6000.923932028991,689.395303656336,2.0,14.880228530589427
7945,3448.202234750723,485.36946941832826,2.0,14.878903328047794
7946,131.0111517430118,3311.3248274821663,2.0,14.877853468635106
7947,8031.36371569326,1818.98640457359,2.0,14.877541051154827
7948,2404.5355798405158,4433.2450775442685,2.0,14.876033183066166
7949,252.54790601167036,5081.730489606915,3.0,14.875869530412595
7950,6159.397357065915,5601.89578671082,2.0,14.875712347340446
7951,8677.321280095013,4975.021850413797,2.0,14.871994229789767
7952,1045.1365657658723,4197.86853302047,2.0,14.870259347185616
7953,1525.3850297972758,1873.1882106435821,2.0,14.869535814713833
7954,330.30154175971603,56.0,2.0,14.868604555437955
7955,7434.544794716371,4228.846196746114,2.0,14.868437231859827
7956,3417.6125523888572,5379.866999971401,2.0,14.866954554871601
7957,714.3386972759879,6073.4373583629795,2.0,14.866882591854193
7958,3051.0669539817372,6069.609434943158,2.0,14.865970067049387
7959,2678.0394108265364,833.5314171892115,2.0,14.865573077073599
7960,2364.3217791822544,1961.0171298855275,2.0,14.862225243182838
7961,409.4825852857703,2192.8083698008822,2.0,14.861083923162795
7962,1850.3831631193202,5784.946375127552,2.0,14.860312389820036
7963,4736.202979387674,2961.5741032586707,2.0,14.860086530533763
7964,4351.886833471416,1763.6179526872286,2.0,14.859540421929946
7965,3330.1305721177914,3099.6151242652045,2.0,14.858964558495899
7966,1395.7459384275169,2072.8689929291677,2.0,14.858680032188708
7967,1725.8999035296347,3675.6626062308505,2.0,14.858013298786659
7968,8643.052463816957,2123.5913932381704,2.0,14.85640432489026
7969,3777.7056318162554,170.98448353265113,2.0,14.855270942032773
7970,1654.2993547661695,2757.5456763683037,2.0,14.851419091147385
7971,350.0702728948724,1091.5681842107958,2.0,14.851408497960609
7972,863.3029753277782,5257.727219756583,2.0,14.850631185903532
7973,7792.922099528843,4403.323933901423,2.0,14.850453153637478
7974,2096.5290380707893,851.8479202343157,2.0,14.845219945633566
7975,3862.9630132065854,1975.4799959023262,2.0,14.844537475060068
7976,5117.103496852376,847.3176594559044,2.0,14.843666520260848
7977,7505.853545692021,2225.4724148186206,2.0,14.843559135935608
7978,9413.399158672972,4418.0863264906175,2.0,14.843377201101838
7979,3945.5650545072285,5657.885397654912,2.0,14.83880902872893
7980,2915.470769535628,1251.7262548199894,2.0,14.838435431352286
7981,2484.1566993332117,3410.766934853956,2.0,14.837059261029452
7982,9383.14150892806,617.2432681820403,2.0,14.83684067034741
7983,5441.2245601571385,2257.600596845003,2.0,14.8365105247029
7984,6871.563719760964,1213.2203487927475,2.0,14.836404828722523
7985,9441.05111550325,349.6250700227956,2.0,14.834899357139108
7986,6494.576719612547,5433.717156517895,2.0,14.83456866726481
7987,8203.72436996261,2777.7596603174056,2.0,14.831143634764212
7988,2820.2830434185557,113.4241776826796,2.0,14.83015916330351
7989,8768.214163675626,923.8197455539874,2.0,14.82970198640521
7990,987.2695193553134,1187.048260132618,2.0,14.828229105497023
7991,547.2046286675834,2469.397081979841,2.0,14.827818497806469
7992,8299.162830396188,4021.5406436746184,2.0,14.827059586048195
7993,3860.0035383839167,5271.156469951537,2.0,14.82464213035519
7994,5817.645876422093,5431.904577140608,2.0,14.822717315336435
7995,4352.414650219816,2165.0124833835735,2.0,14.822454518946973
7996,2768.4713618964497,5945.163366274687,2.0,14.820070343176294
7997,4443.034251429067,1917.5834051029842,2.0,14.81975817957095
7998,5450.35430845433,2179.1660421359566,2.0,14.818931215869013
7999,7736.0155408597375,3701.4230746484063,2.0,14.818668582330664
8000,9375.022701222708,3775.5472330654916,2.0,14.818337268448271
8001,86.56906783805017,2708.984530220465,2.0,14.815963312964925
8002,5178.157740388342,957.5900557524126,2.0,14.81524108482966
8003,4681.950504612416,5667.491652806884,2.0,14.814466929358916
8004,2633.6071026335435,4017.079646263295,2.0,14.814241676564045
8005,8531.236694875777,1516.9761803412975,2.0,14.814230835795405
8006,4978.406738683291,3648.8679391594364,2.0,14.813826970710952
8007,2943.4241791572176,759.9635657874603,2.0,14.813105799542589
8008,3612.0251808011535,5589.599910084407,2.0,14.812714030782448
8009,7071.968504484284,279.7298352613034,2.0,14.812620597606806
8010,5011.905317189191,197.18976282370528,2.0,14.811065543437381
8011,107.16282317232665,2113.512555652544,2.0,14.80915366831941
8012,8771.562912724798,3973.029263565025,2.0,14.80812659976964
8013,1767.0678139394652,1061.463185334422,2.0,14.807829666378382
8014,8189.575120731139,5409.088595850033,2.0,14.807388184912499
8015,8437.498245755527,980.899258427503,2.0,14.807292896704464
8016,8634.471872097602,4405.091183715907,2.0,14.803932759911959
8017,7600.361135460075,1002.0850336358396,2.0,14.802923920653758
8018,8499.838095253075,6212.018375745684,2.0,14.802707163885051
8019,5196.054740383467,4341.605255508252,2.0,14.801994210790781
8020,8760.096154276405,5105.112169688617,2.0,14.801741080553747
8021,1252.9314007892126,3257.322798730021,2.0,14.801629924662874
8022,8207.162586664093,61.427805657342766,2.0,14.801598711476888
8023,5740.980484809515,6285.405723973203,2.0,14.800226445436365
8024,5418.673125043351,3679.21468018477,2.0,14.799326819324568
8025,523.0409865231089,595.6002208755878,2.0,14.799053149125479
8026,6132.9918706308135,6173.707297465562,2.0,14.799033916092428
8027,9313.297742423036,5379.815137349252,2.0,14.798901372872937
8028,4012.9613574447458,807.4209130542523,2.0,14.796813238202455
8029,2890.24815841379,2315.555682046941,2.0,14.79597417711918
8030,446.96037645940817,3259.3738588393217,2.0,14.795097582664617
8031,5739.251760309541,6031.209706591363,2.0,14.794966358776309
8032,7209.777119028597,5815.686932261389,2.0,14.794302891234295
8033,485.7900227821399,777.9045322364632,2.0,14.793264025902369
8034,4491.874806908837,5005.658507667563,2.0,14.788716438285153
8035,9295.326198697354,5275.731602833063,2.0,14.788301776724316
8036,1306.653350957419,5537.046445022243,2.0,14.787974325539597
8037,9496.109469345125,253.571908996648,2.0,14.786958775406871
8038,8188.583820142725,4079.2563437242393,2.0,14.786408729082414
8039,1447.752916158381,5551.36929793272,2.0,14.785857013416122
8040,5012.618775295046,4415.970334557877,2.0,14.785774526741877
8041,1158.7029887854535,4251.21808470637,2.0,14.784664744012607
8042,4096.54134970552,1418.784522646954,2.0,14.784583487537535
8043,8947.97351849846,263.4713530158111,2.0,14.781441231070795
8044,3341.2557462266223,4247.566932607126,2.0,14.78091686331215
8045,2718.4085086933314,2476.9149826887124,2.0,14.780100851452325
8046,4198.467530999866,177.17452286173645,2.0,14.78001089113198
8047,5154.252357947356,361.6080625489486,2.0,14.780003658994119
8048,4239.356293693886,2330.972036588853,2.0,14.776763932208517
8049,8898.984099685127,445.4528509720621,2.0,14.77615225264978
8050,4544.976571736351,4485.336285291107,2.0,14.775396457584495
8051,8118.174276588763,5347.332333247886,2.0,14.775340262973295
8052,1418.465360256247,3117.991472065554,2.0,14.774683789838045
8053,4636.396359500282,1027.2044066339447,2.0,14.774560268515636
8054,7089.349006541354,919.0406649057326,2.0,14.772784799850417
8055,1727.8225548103712,5103.609220294148,2.0,14.772699885982822
8056,7534.290962610725,1515.922193813996,2.0,14.771634383189912
8057,6507.461623402995,731.0175670457518,2.0,14.76896140922202
8058,774.3785007321977,6301.756317270195,2.0,14.768660930709427
8059,6608.087708384583,2761.198953043706,2.0,14.768570613691963
8060,6964.337574926268,5627.17786298078,2.0,14.76587925904495
8061,7219.412772720304,1855.2106223535786,2.0,14.765809958576762
8062,4252.039710682326,1537.631452897402,2.0,14.765541801374455
8063,2613.4143754672864,134.93568694939546,2.0,14.764435377705768
8064,5822.5230879330775,2871.8748815980366,2.0,14.763831378766485
8065,5202.010340834454,4057.5190074884686,2.0,14.762025350416499
8066,7505.861840049381,1139.4609291340712,2.0,14.761384488090844
8067,6200.971620552053,2181.1916832770066,2.0,14.760938004480384
8068,8119.3206670035315,5042.986093305372,2.0,14.760803341082289
8069,9263.608146094448,433.1666008988387,2.0,14.759388839523824
8070,4043.879959166801,5689.626335308545,2.0,14.759376204324319
8071,3998.070031162797,5333.6827297830705,2.0,14.758567911016915
8072,1546.3794224808812,2961.1355080076473,2.0,14.756922746301184
8073,8913.757286354934,2389.459144295202,2.0,14.75435414023259
8074,6485.73732722071,511.17340138714303,2.0,14.754153501693473
8075,3868.354414791904,4787.165397343471,2.0,14.75375974646935
8076,1875.2247641008325,2634.136024809094,2.0,14.750118065364536
8077,5897.109673080856,963.4594573486786,2.0,14.749694908299741
8078,5236.4305575252065,5427.070272741414,2.0,14.748640006248195
8079,9071.641322350839,6050.7665412578,2.0,14.748596066226154
8080,5872.354307901221,5604.976837268388,2.0,14.74607865791105
8081,117.07237547522189,5947.445238863698,2.0,14.745732446366855
8082,5518.05006352722,3461.2775105345995,2.0,14.744820221962978
8083,8099.013783614121,6377.461604331268,2.0,14.744400950121374
8084,7438.527872343614,4457.03862441231,2.0,14.743711337512217
8085,8074.455548979262,38.9880098334802,2.0,14.741926382682422
8086,5719.4168371306,1532.8969946412192,2.0,14.735285528114261
8087,3974.0627049379355,5751.713126131408,2.0,14.733136643379288
8088,6535.333381014634,737.1666926037907,2.0,14.730197293207583
8089,7226.11896380061,3701.3101432062977,2.0,14.729959586587846
8090,2616.8613710345653,1315.8031560947643,2.0,14.727346601258702
8091,7775.776886792408,3309.412862935311,2.0,14.726817311807288
8092,2638.226564481528,929.0747983880422,2.0,14.72353756671848
8093,5292.095607222193,5229.390558937542,2.0,14.722929646292162
8094,8843.358898025022,6279.40851038102,2.0,14.721308034733829
8095,1669.1106956043368,5511.282087596711,2.0,14.72123629713856
8096,9016.19693001505,3891.9871282690874,2.0,14.720278751152373
8097,2968.3387916198235,804.9226890934634,2.0,14.719355514946571
8098,3152.9546809809635,6135.394516492074,2.0,14.71872660636973
8099,4636.325812106481,4035.8173641399303,2.0,14.71825939173101
8100,8695.016974413886,6137.6910436882135,2.0,14.713472251180628
8101,8864.371679036129,4225.03057155464,2.0,14.711749884406556
8102,6240.549785157274,5505.062104468905,2.0,14.709188704341608
8103,4105.539259307849,4427.791013401407,2.0,14.706206680526526
8104,5123.452090214538,2315.2514005415755,2.0,14.705663509365266
8105,2664.541672235989,1493.0697165223771,2.0,14.70457722627518
8106,3553.69030924968,4691.974915484827,2.0,14.701993864752618
8107,289.39332237882957,339.0568902035909,2.0,14.701938318817138
8108,3408.7482967903443,4089.694259195142,2.0,14.700041242546952
8109,1251.042230954071,4703.4227765953665,2.0,14.699217869711132
8110,4668.937706748261,93.83507452591341,2.0,14.696664538146289
8111,360.40321166802545,2999.2585189950782,2.0,14.693367610632002
8112,771.2730793488766,3488.0196396328665,2.0,14.692917384076845
8113,6014.106563299818,345.42641054355175,2.0,14.692328698873823
8114,8308.051426779015,697.2934354720056,2.0,14.691924618344599
8115,1386.8897442023879,4845.199238249353,2.0,14.691346629194648
8116,9419.64237641185,5471.8024378559285,2.0,14.690435828046164
8117,8486.922041683294,2251.7458543996704,2.0,14.689637704636963
8118,2595.15570434729,125.32456772843456,2.0,14.687451593897732
8119,1636.0550727645734,1767.4481571718165,2.0,14.687302500368446
8120,9440.72636665224,1367.7251538607673,2.0,14.687127684140794
8121,1762.387164891888,2401.993678122578,2.0,14.68670402619048
8122,1188.331035435787,512.9784116374776,2.0,14.683705439055846
8123,3152.393808755271,4702.913158495798,2.0,14.679021126399244
8124,590.5029760530903,4674.881462140326,2.0,14.678616395290367
8125,2415.327559329144,5692.9758646376595,2.0,14.678198585698837
8126,4114.439654065536,886.9844704084305,2.0,14.67694154382794
8127,5608.694536947821,1483.1514490627374,2.0,14.676504019892121
8128,629.1374386405728,1279.5125887279128,2.0,14.676065914154307
8129,782.4431647986012,1093.2252364557871,2.0,14.666156903405732
8130,7642.504588747239,3862.9507765579087,2.0,14.665753688693725
8131,180.90728014472964,1695.7267091039794,2.0,14.664393350653636
8132,8752.434588851544,2885.997128442883,2.0,14.664031029049946
8133,6613.097746564881,2467.396240808469,2.0,14.663622203424985
8134,5306.994191054631,4669.789384524758,2.0,14.662788304525161
8135,68.75698625722931,1241.2449225498704,2.0,14.66268586507184
8136,2840.4445737399215,2192.033655161629,2.0,14.662347053186625
8137,8969.012869759386,4751.614093816769,2.0,14.66123684661412
8138,2055.9302977792117,4433.689204229187,2.0,14.659610639297597
8139,7570.4182951663,3927.0539973708874,2.0,14.659605460263936
8140,3338.3539436709066,4867.104646579092,2.0,14.6584574848908
8141,7264.028381627273,1687.4714168174369,2.0,14.65808600178222
8142,1902.3597993546468,1799.0177206047588,2.0,14.65545589100823
8143,5973.54270328628,1902.9864966125601,2.0,14.655138765623027
8144,6997.061639732752,5313.618074154929,2.0,14.654139917886601
8145,404.80482364669695,5549.603440874086,2.0,14.653155289175265
8146,6088.243480793285,4799.304599309778,2.0,14.653117832564938
8147,2605.8593451064307,5641.523419968793,2.0,14.649049562956861
8148,763.5554855018488,3516.0107609134093,2.0,14.643873402826381
8149,8086.231597783461,1049.22188647251,2.0,14.643403664559015
8150,7328.837850911979,3318.96442740361,2.0,14.643375014270962
8151,5722.719418254072,6018.924151401028,2.0,14.642303150017181
8152,9557.08194074376,5603.389313005215,2.0,14.639976873049006
8153,9408.657745620238,919.2582446689063,2.0,14.639637360388576
8154,5648.085557517116,1201.6657086977652,2.0,14.638312578914888
8155,5399.188560873249,4929.384537095337,2.0,14.638090358827757
8156,750.3760627938718,782.9408441115019,2.0,14.637298389556603
8157,3875.6942956385246,3470.175380618385,2.0,14.637149259092062
8158,13.814548158696526,6321.328936825353,2.0,14.635008458515268
8159,2766.572839031436,5052.988654537642,2.0,14.634293470226316
8160,261.155839801575,2182.6138112263397,2.0,14.634207398086904
8161,5304.297305291254,671.8621737984096,2.0,14.62971792410864
8162,6694.325301671002,5990.982717445335,2.0,14.629289595268464
8163,8968.413196667929,5578.9461179177415,2.0,14.628299663182458
8164,5698.2572312449465,5852.904217916117,2.0,14.627104790661985
8165,1154.1501307333258,3129.481166411192,2.0,14.627077219993181
8166,4938.610286673164,1694.783436973001,2.0,14.626583534883489
8167,6585.141090991601,3843.4565244816954,2.0,14.625585061469156
8168,5387.492509970529,4640.052613802587,2.0,14.625408587998171
8169,637.6292214665377,2055.031038363668,2.0,14.625292276336094
8170,6827.397411248526,5935.024388891044,2.0,14.62528253080377
8171,8912.329999140842,5899.832527369657,2.0,14.624849786499935
8172,7535.42480034124,4543.952026174069,2.0,14.624533090603663
8173,6209.455992983009,2080.078310964497,2.0,14.622489206279688
8174,2794.9022875039977,4299.318166564315,2.0,14.620647073874524
8175,9376.395688144352,2685.834020818913,2.0,14.620419000761068
8176,494.88867300028676,653.7644948243203,2.0,14.619617036464525
8177,7010.538937218254,2375.9412327235304,2.0,14.618088050514787
8178,6129.41966833605,2344.9041217831336,2.0,14.618058405930281
8179,3086.155737341043,3633.6731256619228,2.0,14.615190625996899
8180,4221.93894871134,143.62967314774153,2.0,14.61271946199486
8181,3648.0381282606254,3693.538368760563,2.0,14.61014389012525
8182,9227.944589534793,4547.559867143767,2.0,14.608091787203628
8183,8842.018684544591,5181.584790389959,2.0,14.607946761990029
8184,8781.016324054679,3903.2562874833316,2.0,14.607907862579946
8185,3439.535234446558,1469.8984767674833,2.0,14.607872099951274
8186,1050.1174496043286,3641.656881608432,2.0,14.607294841826619
8187,255.9713366349007,5057.599806902206,2.0,14.60650575926399
8188,8673.657696685395,2883.1908663696304,2.0,14.604200060133962
8189,1015.1054627144127,2053.143806824798,2.0,14.603000773321234
8190,6449.5084772344735,1307.92735179227,2.0,14.602378412163025
8191,7167.716700844253,6373.795687583152,2.0,14.599182980203057
8192,5643.361126304872,4277.0,2.0,14.59826738827568
8193,8350.621381588066,2726.2050389581705,2.0,14.597922299520647
8194,2784.846337744165,2603.660943821861,2.0,14.596992190860037
8195,8879.511125983112,1961.1469367825305,2.0,14.591060492488692
8196,6056.996035871242,6309.5114576685,2.0,14.590468837106421
8197,331.4877274475449,3666.8501118407203,2.0,14.590460524543701
8198,3757.3318479674135,5437.01763734024,2.0,14.58852829180596
8199,5026.4286975429295,1726.2656655977642,2.0,14.587514206595607
8200,1653.4877737763127,213.23964839723376,2.0,14.58601005827818
8201,6363.892676943045,239.69625707353757,2.0,14.585748711062356
8202,5154.658174282288,4513.832563377198,2.0,14.584188702211904
8203,4777.36841232722,1241.0151425247157,2.0,14.58382983638831
8204,5797.949669777012,6125.600151022223,2.0,14.583056814457986
8205,9133.700768719127,3209.7477338722847,2.0,14.58231758038237
8206,4248.058774014856,5909.664279933608,2.0,14.58150920099787
8207,5967.958437945071,5159.520782228258,2.0,14.581397901634125
8208,7950.273959686556,2889.4745292098273,2.0,14.579228109800338
8209,5621.359463258594,1209.9288463057983,2.0,14.577249572518994
8210,6793.527325921266,1284.8944810928242,2.0,14.57686227209404
8211,3747.934298517352,2521.4539864945405,2.0,14.575590375966977
8212,4532.794851144363,3501.4866087651926,2.0,14.573898434028564
8213,288.5122754155824,3604.918704026089,2.0,14.57244207304559
8214,8926.360696085438,183.2220240757717,2.0,14.572234186057859
8215,4365.651670558397,5698.1059092673495,2.0,14.572053004272613
8216,500.20178016261906,3783.567885106585,2.0,14.571708003938125
8217,756.1984923314768,6141.225584574323,2.0,14.57160051745628
8218,2554.9751627828114,5965.449367796072,2.0,14.570715412573815
8219,2047.3350235476937,1768.950060508392,2.0,14.567678074268265
8220,6781.082638761229,1342.173261613953,2.0,14.565658630523329
8221,3282.7918724179276,5995.507857803541,2.0,14.56560409648979
8222,5504.024038374365,1867.6172128160013,2.0,14.56272595562926
8223,1339.364620422627,1207.9651400187413,2.0,14.559664404291581
8224,2906.2149364580428,5613.4025979439375,2.0,14.558975444405819
8225,4964.931711407478,6215.579750337563,2.0,14.557844170852551
8226,8141.13327196298,2684.0245361281477,2.0,14.557785430921044
8227,1250.0182365592532,303.4016876976335,2.0,14.556909737525597
8228,2706.435367265881,6006.053309892534,2.0,14.556137277124334
8229,5620.991453725761,2153.5237764400563,2.0,14.553837011735444
8230,2969.5200965353692,1087.0602198977729,2.0,14.551536423492452
8231,6888.196395537903,1131.5281761055555,2.0,14.551363875380018
8232,1716.4756168909867,3958.937382256971,2.0,14.550754839089583
8233,3186.63905136964,498.1377424491908,2.0,14.54935773554083
8234,6955.057565863498,1479.546746554916,2.0,14.54798835156499
8235,6415.186975395505,1295.277377443644,2.0,14.547850745020712
8236,930.0755226451168,919.3894475592467,2.0,14.546557979459887
8237,5734.366428867605,1761.171980082809,2.0,14.545747537881976
8238,7455.744932718704,4275.949759857598,2.0,14.54498742866673
8239,4192.9951067518305,599.5312135882667,2.0,14.544703543926829
8240,1251.1353177619835,5323.613384913082,2.0,14.544327300696839
8241,9379.440918747321,1047.1561480970627,2.0,14.543091937977074
8242,7422.467606397452,2635.0048827068513,2.0,14.540118235445982
8243,5359.45012160128,1341.6558335415223,2.0,14.537705395312283
8244,7407.479547865724,6228.058929419151,2.0,14.531906954616728
8245,4610.222682065476,4110.945506886425,2.0,14.531691403130283
8246,1720.6073010119128,306.91461960565175,3.0,14.53165620488183
8247,8506.427310152765,5327.091825615027,2.0,14.528607843605585
8248,6659.5372699564505,4260.929583858184,2.0,14.526432592706072
8249,5151.930840199106,6007.361139045192,2.0,14.524926652938461
8250,2677.843101358731,2773.158257240313,2.0,14.524307138409572
8251,2186.575556755575,835.1787033286746,2.0,14.52314462860529
8252,5300.909845886161,4279.543560640505,2.0,14.520320723790276
8253,2925.105568520583,1701.5227535465897,2.0,14.517924076750095
8254,6059.046678704742,5059.5785732626055,2.0,14.516032978159249
8255,5818.000071756814,2567.837796719301,2.0,14.516005971828951
8256,5307.444002721964,5459.802386740686,2.0,14.51514882581027
8257,8423.460597379368,3102.088958132546,2.0,14.514726519518614
8258,1903.080946011351,5963.42290585812,2.0,14.513782693369967
8259,2531.4442160006183,1134.9657079100418,2.0,14.512811381808499
8260,7530.793076993756,5085.491820595607,2.0,14.512260874818317
8261,4156.556046165518,5681.206306344085,2.0,14.512014176497276
8262,1770.5266589748999,3411.996927975795,2.0,14.511873997878244
8263,8327.013520290626,403.6791752171728,2.0,14.511871097144287
8264,7672.556008744473,1209.7549829042912,2.0,14.509208726506074
8265,9367.297333735838,232.11628223690272,2.0,14.507490431541259
8266,8080.150823994348,4095.640801804212,2.0,14.506374175230402
8267,8090.510990759081,4089.006055738034,2.0,14.505885655477531
8268,4347.769724318155,1958.0710780802842,2.0,14.505202384734519
8269,3331.9412924373705,5493.719263483551,2.0,14.499223355658826
8270,2005.0198136347747,1459.6181101845807,2.0,14.498625732199313
8271,1576.0556702861388,4120.079452584011,2.0,14.497599767453673
8272,3517.4324414993903,3690.9214652579394,2.0,14.496877687823694
8273,2641.050253057129,2197.581505349841,2.0,14.496768871325784
8274,2037.0481680702683,1101.6911895532419,2.0,14.493788274757952
8275,4298.227842006865,3801.320859472969,2.0,14.493039521210926
8276,1333.1737645410221,1001.1553585429358,2.0,14.492342679150099
8277,1043.4016052895313,5105.762327653681,2.0,14.492221308210924
8278,8876.087400094775,3405.7160495731923,2.0,14.491412763916284
8279,849.7923606036024,786.448873226124,2.0,14.491392222839732
8280,1862.31808802387,1450.9824923688384,2.0,14.49076259630152
8281,5700.887964747088,3815.55364834707,2.0,14.489605974615191
8282,9569.132971184617,2203.6886108434246,2.0,14.4884461521918
8283,6913.136944416853,6173.48293942291,2.0,14.484384935624984
8284,1517.4242818467762,2552.990028098298,2.0,14.482236243052833
8285,4889.440355844149,603.8164893518309,2.0,14.480306736617223
8286,3836.3641398973755,2039.7911888552985,2.0,14.47833866710277
8287,7345.9130264072355,781.3089080200305,2.0,14.477997640578737
8288,2010.3442609000926,1619.347302468353,3.0,14.476530440405865
8289,4139.131889278262,555.5543632689348,2.0,14.47648413651036
8290,6302.945641556708,1129.4901066630985,2.0,14.475755700570602
8291,534.1935564851473,4663.4240917311245,2.0,14.475578109716414
8292,3601.9040852258527,5033.600979540163,2.0,14.473399280886582
8293,2576.4995200592216,592.9808916678052,2.0,14.472038709261074
8294,5162.195380706537,4097.763233111439,2.0,14.4701354276566
8295,1236.0244164307753,5337.611079287921,2.0,14.469765246765144
8296,905.5233499076644,5478.913474695418,2.0,14.469627149967867
8297,9420.895243881308,6191.471617908794,2.0,14.469448337227732
8298,5672.414326353432,5449.258995840463,2.0,14.469117446221146
8299,1395.357994333867,1723.0074174054062,2.0,14.468040101121629
8300,1548.3574327191325,3041.0100981049736,2.0,14.467066339220011
8301,5494.186116075407,2191.4477503117864,2.0,14.466250467505109
8302,4683.888105062402,4221.507821627638,2.0,14.46411381784295
8303,8036.789627350944,843.6116928642622,2.0,14.462519118403408
8304,7715.036246300382,5903.654916067605,2.0,14.462025069094064
8305,2733.4946742286083,4816.8999671641495,2.0,14.460566439225724
8306,7101.4938993793485,2325.832823285753,2.0,14.459927809486015
8307,5583.118666133055,2067.319156120577,2.0,14.459770893926116
8308,4127.3233743714845,5959.108967968108,2.0,14.458157269511966
8309,5043.453042601619,279.1505455705156,2.0,14.457376027126227
8310,5396.109459841596,1947.6057779495898,2.0,14.455792688228964
8311,9556.40552466339,3687.8779717490315,2.0,14.455179605163538
8312,1133.8519178682366,3041.499427813027,2.0,14.453479251883456
8313,4349.1101537225495,3317.563758253215,2.0,14.451180013157018
8314,734.2795217831493,5999.648097020961,2.0,14.451033187801501
8315,5132.394617600049,825.1262576142198,2.0,14.450542340872078
8316,2211.2077585223096,4491.64555344082,2.0,14.448046062070471
8317,8506.336807192514,3022.939226872911,2.0,14.446474339697971
8318,1372.24748961528,2313.125104555047,2.0,14.446261043189159
8319,161.23416183480018,1821.3922610404657,2.0,14.444551286432082
8320,4864.086154275962,597.9148373691852,2.0,14.443652916426595
8321,5025.4062211693845,3426.889555484496,2.0,14.442091908433426
8322,8993.211756168352,5891.638244815985,2.0,14.441997523473972
8323,927.0034692134534,3291.5751318919406,2.0,14.44076220840083
8324,9205.437436573424,3732.0166841842774,2.0,14.440345637648827
8325,428.6415933016877,223.7739511272068,2.0,14.440173770625767
8326,600.1041075465812,2337.352153576104,2.0,14.438540531258752
8327,7123.937296422999,5853.561506696762,2.0,14.438144988070214
8328,8515.512974708565,3463.140279743835,2.0,14.437792925778455
8329,844.0956120401252,1405.4814437673776,2.0,14.437562215972891
8330,1618.0163439459502,4575.6305916215215,2.0,14.437206873327789
8331,9290.186776818025,4889.5649410269725,2.0,14.437003648134885
8332,974.465889370552,4559.273720090622,2.0,14.435425984988818
8333,9195.194692717734,4017.836122989244,2.0,14.434076796645446
8334,6140.039171200557,3409.6486933192573,2.0,14.432275637761554
8335,532.2302184578197,6265.172466164335,2.0,14.431446345493974
8336,7409.0143979507375,2927.404485881483,2.0,14.430663381108708
8337,7599.614122037484,964.8423979852839,2.0,14.429419918469671
8338,9525.609023425688,4007.8960465642663,2.0,14.428250812989727
8339,9343.2109575322,2358.9819726912033,2.0,14.425711116822637
8340,9080.00854855147,4715.383369308494,2.0,14.425218164093033
8341,1030.0469784178829,1317.4797778500495,2.0,14.424793155661217
8342,1872.2555641894085,348.80251287003966,2.0,14.423632592193535
8343,5068.233464930008,5017.912873916815,2.0,14.421808301148756
8344,4291.654226151838,1406.9612545523635,2.0,14.421060770826472
8345,7547.441941902667,739.1972388404247,2.0,14.420901130392703
8346,2225.3076649444365,2078.9966584276794,2.0,14.420818453844063
8347,192.59233011552035,3121.019318150247,2.0,14.420277192425477
8348,2248.3615812393596,5128.109684224092,2.0,14.419898109792904
8349,4765.5384515485675,1707.7601313491734,2.0,14.419796607083486
8350,8837.607262499669,5241.949824265334,2.0,14.419718175236163
8351,1182.6522540040735,5228.011242533848,2.0,14.419129559098252
8352,8833.236723937422,1135.4128338405078,2.0,14.417634802017586
8353,7348.2638069507,792.0347619258138,2.0,14.417607145057936
8354,6954.627824434693,1002.9156761485707,2.0,14.41719855785481
8355,2327.9567607565536,5601.594237810223,2.0,14.413627795414437
8356,5943.357866110798,1633.2330678638773,2.0,14.413263915000508
8357,5248.645019306921,2181.867486666801,2.0,14.413239352050972
8358,2666.5162567500875,4656.954406537836,2.0,14.411458070000887
8359,6004.204763969159,1585.442125538153,2.0,14.41117585354778
8360,236.52669390083648,4089.899670650009,2.0,14.409747732704542
8361,4126.098594622684,3373.467535119802,2.0,14.407958829001357
8362,4044.06652381897,5423.581268883705,2.0,14.405143497118464
8363,6130.2554967211845,5930.988955112631,2.0,14.40407965683901
8364,4536.0200040234295,2495.4296313158334,2.0,14.403947666703578
8365,8205.832941071343,3139.543578218842,2.0,14.40092897619153
8366,7955.241618645824,4921.719538912146,2.0,14.400736973363577
8367,6396.8486102538845,2353.5522961179145,2.0,14.39987142126234
8368,1652.553546549723,3208.0628238843256,2.0,14.399284192311676
8369,337.8588393881994,4911.597974505285,2.0,14.398622237723627
8370,1363.4310484564728,1887.9897797760884,2.0,14.398592569155088
8371,9125.033357151704,1853.4631486851163,2.0,14.396886470777437
8372,7592.451395323158,573.8916524663599,2.0,14.393897660623374
8373,1421.4621956117937,1803.8056665728864,2.0,14.393391861098857
8374,7987.088522481513,4441.32684532414,2.0,14.392117237638459
8375,6829.563513771878,2618.8850396048774,2.0,14.391607953018298
8376,6876.350586493592,4666.075216763147,2.0,14.391415004187895
8377,8694.71909960249,4360.908140372012,2.0,14.390522940369195
8378,8248.39343747153,3291.080493614348,2.0,14.38934712358878
8379,3458.1140395210045,5165.294372088314,2.0,14.388110563750656
8380,645.5356575668387,5506.847169787577,2.0,14.386692779427626
8381,2644.472077543914,371.9295230534241,2.0,14.385651927056513
8382,2446.434756739776,540.9725672739999,2.0,14.383625400462012
8383,4379.960748310525,5131.651624159471,2.0,14.38317425706363
8384,3438.4034141316815,1015.2332746550878,2.0,14.376204917397242
8385,5775.496887825251,96.88827259202469,2.0,14.37619243143903
8386,4484.172232627105,5241.7836531389785,2.0,14.375190135081317
8387,5941.864415897759,5453.452507069038,2.0,14.372255211173828
8388,5275.297957469821,1533.1550588439263,2.0,14.371462780635472
8389,8391.284709476267,1883.1480781006599,2.0,14.370880913954553
8390,936.4066843423772,4609.022331804166,2.0,14.370878525620885
8391,748.2331199025125,163.52015322957112,2.0,14.368946053243686
8392,539.3678209389301,425.3807438020996,2.0,14.36873435785319
8393,5755.203069676837,3841.0675561844723,2.0,14.36591857502819
8394,2916.0938079408625,4487.544574165801,2.0,14.36386353289564
8395,5815.031812015871,5633.479244133873,2.0,14.36345778025383
8396,5147.415304283366,648.197160985783,2.0,14.359799224289022
8397,5767.289706310574,4341.131260734892,2.0,14.359072673266477
8398,6580.61464842209,748.0382663105173,2.0,14.35902934632371
8399,7169.971081658334,6363.578635126177,2.0,14.357761027777336
8400,6143.038302771673,5747.6491339468275,2.0,14.35773202193079
8401,4967.323854142349,2070.0698780650737,2.0,14.357688415206965
8402,197.2299489222344,1257.1383818707864,2.0,14.355888343741464
8403,2086.1309930932166,3891.6090105724807,2.0,14.354294003264988
8404,9540.625199081747,3532.037730969595,2.0,14.353187756520436
8405,4682.440062980757,5680.1149844277725,2.0,14.352400772666702
8406,4179.529542574586,178.07376657230742,2.0,14.3521069282984
8407,2078.1099824991147,3243.590835993315,2.0,14.351769257399916
8408,7671.925727742161,2279.647886184283,2.0,14.351545797212315
8409,9263.685613296622,1169.931144618206,2.0,14.350884227809878
8410,5689.963851093301,3661.590121890755,2.0,14.347373436284279
8411,9540.026256005453,3139.6050521509233,2.0,14.345398556017251
8412,8568.117601252996,4559.482335280861,2.0,14.344883730905927
8413,7900.964318207902,3108.642282126046,2.0,14.34459045217826
8414,2771.769507411987,4465.217237150285,2.0,14.34458647203595
8415,7052.308263912819,6046.984640444805,2.0,14.342559099385943
8416,6450.475498216306,3591.0617759794245,2.0,14.341090384369283
8417,2671.0575886955166,5589.511630219271,2.0,14.340333717647924
8418,474.3153941758006,6181.056697934445,2.0,14.34004946650746
8419,2787.459717487304,4049.8126886725445,2.0,14.339268160294505
8420,8177.252777844417,4257.420200001137,2.0,14.337927191643367
8421,2477.3610346183323,1161.1784357938802,2.0,14.337553980977042
8422,8690.302722823553,3713.7335931507473,2.0,14.33737696910722
8423,6343.4288017683875,5801.887114853765,2.0,14.337176321323144
8424,3828.344091451014,2779.1681282586624,2.0,14.334415466225018
8425,6433.281466116531,2770.8773577473066,2.0,14.331299257488661
8426,6358.595940601792,5689.772277133463,2.0,14.330945995887529
8427,1837.8165158480415,1068.8982455570729,2.0,14.329931869190203
8428,2193.2998903447065,4519.0778734251835,2.0,14.329725948562906
8429,4021.1050483336603,3941.443614492722,2.0,14.328849678007426
8430,4012.4813941609873,5899.882119876187,2.0,14.328599585536411
8431,5702.274115051348,5774.994481792119,2.0,14.32804351906862
8432,7586.052595721327,6295.498940956419,2.0,14.327892999122781
8433,7746.352082152633,4696.965572628929,2.0,14.326810375011828
8434,2186.2444777432465,2223.160994207724,2.0,14.32651783627663
8435,2866.495861167463,1613.1944111211074,2.0,14.324545693592105
8436,4453.110653685906,3395.722080597314,2.0,14.321471051482597
8437,3365.935136378564,3325.5278009535036,2.0,14.318792549934201
8438,4922.533787034863,6061.1043946827685,2.0,14.317607925484893
8439,955.1827567020231,2181.3705559439727,2.0,14.314887149845985
8440,9340.413026626595,5477.865064692493,2.0,14.313736811926008
8441,2197.5164848838003,4923.175079214214,2.0,14.313538371490065
8442,7002.308916625542,1978.851911332792,2.0,14.313166016850284
8443,5873.156576216541,4923.310874269237,2.0,14.31274806868532
8444,6714.017692633094,2745.505235502624,2.0,14.308531505530537
8445,2281.0860325465947,2227.6085990818324,2.0,14.30684156927312
8446,2133.549874890837,5865.018265782049,2.0,14.30682596643037
8447,7878.895257247175,1455.6094537651463,2.0,14.306090701705532
8448,4059.767189882814,5347.123067324799,2.0,14.305971456317327
8449,7271.814585634513,2948.175909521125,2.0,14.305160934615952
8450,5440.075232139654,4153.378268448925,2.0,14.303355644212393
8451,9291.241876636921,3425.7522500573386,2.0,14.296642367428294
8452,8726.20520360028,585.4813013608871,2.0,14.296599873868772
8453,2318.7010275062066,6192.947113242476,2.0,14.295834429613034
8454,6921.380740324981,1853.9974926080606,2.0,14.294781871137415
8455,1703.1304848914956,5319.784737705501,2.0,14.293858173281642
8456,2984.280573195979,838.876366213807,2.0,14.293816690785787
8457,4428.889283263871,1683.9261026027427,2.0,14.293544177909737
8458,3785.661715343332,5979.006582556666,2.0,14.293525552635916
8459,1111.9964620124406,4725.368884194924,2.0,14.293127554533232
8460,5125.154111555929,1743.6900844192728,2.0,14.293115119786197
8461,5220.444749740199,2124.024570255433,2.0,14.291710887332757
8462,5679.090553089138,4373.3491208050855,2.0,14.290530526931496
8463,9053.428947558405,954.9735853829718,2.0,14.290330068686831
8464,3795.4407718694147,807.0070975670553,2.0,14.290254935824034
8465,7502.352620330527,6201.13893001753,2.0,14.288998764589683
8466,9562.073694993189,1359.8712213932247,2.0,14.288359292445493
8467,9170.365800311294,1778.9660166464853,2.0,14.288350581256903
8468,4114.975859221514,4515.62077345562,2.0,14.285284220348474
8469,4660.975465952382,2901.5679793068994,2.0,14.284752834977832
8470,2466.4983966559976,321.01191905001434,2.0,14.283187981005115
8471,252.55577505984326,1042.8929044565239,2.0,14.283063465457646
8472,7138.408350860736,5671.145135656625,2.0,14.28300543738202
8473,3259.771530214019,788.0498581036431,2.0,14.280639337105436
8474,842.4373351745476,1343.0709406401343,2.0,14.280626263055952
8475,2717.2984606212185,1078.1711030465078,2.0,14.279421521242597
8476,7333.664544344083,1675.1637026616793,2.0,14.277789685847676
8477,1465.7307577669135,3088.366448602717,2.0,14.276428275949122
8478,5996.804993842119,2663.215910125221,2.0,14.27614542158584
8479,2276.3855143951264,42.10252716910083,2.0,14.27225164377418
8480,543.2901978974242,4053.8409425928053,2.0,14.272184827519178
8481,7013.397439565358,1448.1655002394107,2.0,14.271897936913582
8482,1611.9279195047213,6025.517515978392,2.0,14.270862615633916
8483,5828.586804416169,5660.961701736324,2.0,14.269815916988497
8484,5334.283792384485,1174.9760616063074,2.0,14.267374092596793
8485,3327.967177246261,1105.4012377945198,2.0,14.264137363750798
8486,8805.146075297656,3181.4114639026848,2.0,14.263921025434142
8487,992.2242543248212,4851.45453874322,2.0,14.26106093055827
8488,5758.084118543781,5611.348729209671,2.0,14.260937911219116
8489,4122.240327127495,103.0,2.0,14.259309776172357
8490,8359.473095710444,1391.8805079752112,2.0,14.25791464400972
8491,1188.9124299018545,3003.690448919007,2.0,14.25779273643466
8492,9304.502784718288,3340.817300632267,2.0,14.255219902742256
8493,5729.547078670477,5223.025347908209,2.0,14.252940098197094
8494,1274.9024036408016,989.8967322658023,2.0,14.252773170975223
8495,6450.326094686744,625.9895506153312,2.0,14.252548890168724
8496,2685.8327591832544,5976.77678037092,2.0,14.250876902709352
8497,7904.271106485898,157.00873809892394,2.0,14.24851332736014
8498,9369.53359531772,556.0018669993337,2.0,14.246995355430197
8499,9442.03939544805,5097.506552185557,2.0,14.245347414303618
8500,8342.689309150937,725.7806919929976,2.0,14.243719727800226
8501,6087.313570266405,1113.3390516699722,2.0,14.242581106456184
8502,4843.565144425246,2773.2085090020073,2.0,14.24014936252367
8503,5667.941914067162,129.42468647158668,2.0,14.239908134172605
8504,4410.148552822514,543.3821909232563,2.0,14.239650055307578
8505,4897.861736457275,893.6496829524829,2.0,14.239138243900546
8506,4716.562290429727,3969.283889501837,2.0,14.239062448162406
8507,5380.327739482316,5916.950903278941,2.0,14.23839457849299
8508,8153.63077527597,347.07805994377975,2.0,14.23830053129619
8509,3042.354059324596,84.88690438765104,2.0,14.23770734335752
8510,7639.33946670882,6075.93653490111,3.0,14.23624287802492
8511,894.0173504788181,965.2920241177306,2.0,14.235812478729962
8512,7582.676770456537,12.990912623999572,2.0,14.23495632820735
8513,5595.318165327854,3651.774426578915,2.0,14.233680075199302
8514,7649.469377099196,4498.988055973491,2.0,14.233210649306278
8515,9433.609906245307,1089.0302520766515,2.0,14.232788458384347
8516,7048.223789089801,2485.5920121699223,2.0,14.23234733292501
8517,9037.967132231595,873.5079498090076,2.0,14.232179215240585
8518,956.555680369926,1359.910051383626,2.0,14.231136906532438
8519,2356.5180968797067,6279.052278252147,2.0,14.230534679632493
8520,8524.40426905423,4229.062640343792,2.0,14.227081503125486
8521,6012.05066778555,1757.3880184611419,2.0,14.225089532257165
8522,4790.094034184536,1163.1836713301605,2.0,14.22462132955149
8523,1741.1056696924795,1475.538346492504,2.0,14.22442326964218
8524,4822.420629791822,4462.0020404766465,2.0,14.223856974075867
8525,8545.529346783347,5819.805497418673,2.0,14.223163976003109
8526,6243.26649801798,2986.9921900472714,2.0,14.222862741319545
8527,4353.354856564516,386.07282247535244,2.0,14.222816371063104
8528,6575.455077429617,4599.304951653222,2.0,14.222767299251334
8529,552.3972650933657,1618.8898565855131,2.0,14.222128027051056
8530,4522.297020019839,3411.041914703092,2.0,14.22095266954289
8531,4266.277169311431,4793.246016864695,2.0,14.219630269380232
8532,2713.946106301586,4647.706143390395,2.0,14.218025444779578
8533,1861.2192041927246,832.9032195112943,2.0,14.215995148174644
8534,460.2147264472592,6191.603517227444,2.0,14.213516500707398
8535,4897.551791968277,2720.948241567094,2.0,14.212922563489872
8536,5909.3619035326365,1633.2812137726755,2.0,14.211722916683211
8537,8849.421453046996,438.9202736764756,2.0,14.210285476194894
8538,2051.193235905516,445.3196207511004,2.0,14.209713621847229
8539,392.1924641412407,3135.509607917776,2.0,14.209596331641448
8540,7888.096496292674,5175.53524440626,2.0,14.209299913168923
8541,5313.43546376006,1993.8864553899768,2.0,14.207953015400314
8542,6737.374984655536,2536.048171109128,2.0,14.207481279551427
8543,6979.947931351342,2595.6367814076257,2.0,14.203800755954399
8544,6698.299798274594,109.21735694754888,2.0,14.201810333079749
8545,9324.363331896071,2711.1318058589613,2.0,14.200815548040566
8546,2179.4192638748973,3486.921889702151,2.0,14.199837452479878
8547,1511.1688814433307,1850.0128938936903,2.0,14.196570064868084
8548,6275.058277309085,1017.3727202695762,2.0,14.195929375379631
8549,283.7382107520234,3341.5226889520536,2.0,14.195711014031446
8550,3206.3734248787014,2405.0287218222534,2.0,14.195598978920493
8551,631.5632825845981,2548.0504254651996,2.0,14.194800271112621
8552,7391.1726172741755,2783.5431382886236,2.0,14.194728049585473
8553,4705.4856815358735,1829.1994786045886,2.0,14.192409250724209
8554,2016.4115109588574,583.063501014909,2.0,14.191989956001189
8555,1038.7166528379573,3053.005974858081,2.0,14.18879899883175
8556,4449.963286057184,63.08671625393809,2.0,14.18153882552668
8557,6500.548453480504,5714.845862389421,2.0,14.181488615561438
8558,6860.435793167858,4032.949114286607,2.0,14.180641925753607
8559,7150.554214496038,5852.9888209764895,2.0,14.179389498499763
8560,8648.420926429211,264.9894087517117,2.0,14.178414715781319
8561,5365.1785138243895,4641.6911609651015,2.0,14.177987780337002
8562,4817.984598052231,1695.371988107395,2.0,14.177667917658018
8563,6247.084764973921,2009.5534434176109,2.0,14.177339088546486
8564,6614.673690256823,5567.894314625834,2.0,14.176726736099438
8565,568.9646519815553,6129.287237543067,2.0,14.17584355800649
8566,3779.1397040110514,3277.3234767880053,2.0,14.17539387580943
8567,7730.699739728439,3709.139169432812,2.0,14.175133796498066
8568,8786.089090236363,3749.4883672919814,2.0,14.174115929259711
8569,3161.059914006662,4513.372637638032,2.0,14.172104655554753
8570,5989.177191516188,2053.5693806108866,2.0,14.166555096553576
8571,439.1242183227305,5292.894971417101,2.0,14.166554749515141
8572,4724.098860078276,5017.46790285486,2.0,14.166316364955136
8573,2790.0904423949078,2321.592910508553,2.0,14.166117722651066
8574,1827.3765138938172,6159.91248887165,2.0,14.165318098758277
8575,1211.318745903806,711.4858174421254,2.0,14.163133291670748
8576,588.5169525324022,5151.094088095377,2.0,14.16284580204121
8577,3733.245265010883,3485.247985637815,3.0,14.162270082687094
8578,2707.0736808776905,2483.5598315237776,2.0,14.161191652612592
8579,5547.487990469946,654.0375623304836,2.0,14.159797999412174
8580,2273.051885681229,3745.502296583641,2.0,14.159590972672541
8581,332.0574492623872,2367.5376220027742,2.0,14.157087849281632
8582,4032.316399999762,1734.953495881374,2.0,14.155695902149898
8583,4236.9413255457075,1147.5987567742543,2.0,14.154403419902875
8584,3880.994376884281,1955.1967763059104,2.0,14.150854185599234
8585,8547.302959358462,881.1221577483755,2.0,14.150303529819144
8586,1201.569914779292,1543.2331273515144,2.0,14.148540366117958
8587,7378.283035416782,6375.5764233569425,2.0,14.148339200871947
8588,5766.645460439945,6380.995069092526,2.0,14.146372474320625
8589,9252.372697739147,6044.998188889859,2.0,14.145122023196432
8590,8554.150684151213,2141.484065349229,2.0,14.140609842721313
8591,5353.564653961771,4767.11346566462,2.0,14.14054251248548
8592,6406.451801984376,1896.9277625918103,2.0,14.139745424619742
8593,59.77810582048447,1548.1149499817413,2.0,14.13924604658613
8594,8972.998818068027,947.4225852625709,2.0,14.137829761395913
8595,7804.138192955968,1515.36489847396,2.0,14.137288226733904
8596,5199.599718312164,5170.175378389735,2.0,14.13665685168376
8597,1308.2348463501141,3193.330142104381,2.0,14.135990942140811
8598,8615.044762371648,3581.720183602248,2.0,14.134341734117504
8599,931.4717857720839,311.046370518527,2.0,14.133559962828492
8600,5665.444276370867,5171.257866194669,2.0,14.133245406978263
8601,5634.406851791052,870.0702859860564,2.0,14.133203628064878
8602,6737.118558829337,2545.8979800030615,2.0,14.133175992321615
8603,6737.867469797087,1189.8353992390805,2.0,14.132451519501585
8604,570.5309979760942,488.78985230568514,2.0,14.130448989890247
8605,5417.3652503657495,5647.162246774906,2.0,14.129295815752874
8606,2831.0076386321807,3537.831248444205,2.0,14.128930677570368
8607,9071.994674806385,1712.4060393543793,2.0,14.12792013963486
8608,2048.3333769400874,3836.985980422107,2.0,14.125575561387842
8609,6635.85948973119,623.5835925778894,2.0,14.125094747653316
8610,1800.5251118808492,1676.8969958469988,2.0,14.125073646674872
8611,328.7263405382119,1790.0263987735216,2.0,14.125013499058097
8612,6007.882266221787,3539.4069128848264,2.0,14.124637863959368
8613,4122.937455492051,3773.6786035670693,2.0,14.124318657816922
8614,434.0438428814219,3999.506568467405,2.0,14.123068392520704
8615,5849.867317014972,1909.4892213885585,2.0,14.121464855922497
8616,1257.0065238213272,5073.463286520345,2.0,14.12091735190221
8617,6100.038079208517,1237.5198894778362,2.0,14.120379831640816
8618,3227.915070485023,4925.460167094011,2.0,14.120207126249625
8619,9233.490384325203,861.3428401843416,2.0,14.11807376836203
8620,2000.054418988309,349.49013678187623,2.0,14.117440397643437
8621,6477.9883101698,3697.7399878437514,2.0,14.116845765052343
8622,384.34836360332497,5255.656088185367,2.0,14.116318749350087
8623,4588.891192754848,6173.496906482489,2.0,14.114980758087032
8624,6508.278439174993,1857.5736930692601,2.0,14.113571781197248
8625,4341.502367553714,2783.220049853018,2.0,14.111809410367337
8626,2016.2615009671442,2048.7724045668915,2.0,14.111476709554802
8627,3927.27738561308,884.1932479073985,2.0,14.111086749327274
8628,2163.7835719336204,5809.273197125601,2.0,14.110600043900886
8629,7239.143857096263,1049.944387949515,2.0,14.108386830990934
8630,1658.7524728609794,4823.966113802215,2.0,14.103835200606737
8631,301.26472251803074,3061.764398612988,2.0,14.103170743629615
8632,5850.999089961664,851.3598643939184,2.0,14.101458507229502
8633,2297.283452565429,583.7680144699589,2.0,14.100212133343295
8634,8342.972533804666,4771.840243203885,2.0,14.100140236357781
8635,1210.4414049535806,5314.95950639045,2.0,14.098336161952506
8636,8786.249244093948,5785.7823683599845,2.0,14.098316327674514
8637,3561.9604373353764,1337.4376570445713,2.0,14.097908069673222
8638,6462.1304851104705,269.4984441968848,2.0,14.095490462165369
8639,448.4981335287278,4876.1067468908,2.0,14.095158345544112
8640,8816.720419082289,2395.1481441607,2.0,14.094200965981738
8641,2369.2132107329544,4891.64718640533,2.0,14.093032531430158
8642,5812.379821619078,1332.9335415088633,2.0,14.092941237370415
8643,4388.151453853748,1109.6842659928816,2.0,14.092729828968881
8644,67.30242768394416,5993.968499597152,2.0,14.091611325246332
8645,1842.3698549366222,445.77133478180025,2.0,14.09084807937519
8646,4041.3378349301065,5369.947368922618,2.0,14.090462031681202
8647,1279.0599977396514,5371.399147447526,2.0,14.090334356879122
8648,4137.719884945094,2936.9621688755697,2.0,14.089907705401366
8649,4363.897972446353,4791.065845375688,3.0,14.08904873729197
8650,3383.9855247015525,1461.6509669409807,2.0,14.087779075665912
8651,9232.300348901377,3945.888558292804,2.0,14.086859553939908
8652,3681.7013465632294,5306.036635858,2.0,14.086395844989422
8653,507.05614313365544,805.5961565227351,2.0,14.085719883937657
8654,3015.7000778006673,4913.812735193746,2.0,14.084596849656508
8655,2890.575522238838,4308.027422651569,2.0,14.084195271770062
8656,7136.5193188428875,5681.173917568984,2.0,14.08370675893097
8657,8216.380502962213,1816.9551218302922,2.0,14.08192641595447
8658,3989.4041151201295,4290.214748544499,2.0,14.081837733525628
8659,8944.57113922056,1845.1779873932162,2.0,14.081701507184976
8660,4744.727720778777,2718.9419863792145,2.0,14.081470106219518
8661,802.6492823602891,4678.8899269464055,2.0,14.081438331196285
8662,3251.264216665145,203.66416587907912,2.0,14.08049643583195
8663,7741.993049198251,785.7235507359514,2.0,14.077928925225862
8664,5328.177800639575,765.5346377132785,2.0,14.077721431739409
8665,7803.090239340838,3471.4592807724534,2.0,14.07738280637791
8666,3007.488592382374,6139.995664804159,2.0,14.076436989065064
8667,5965.514583652903,1276.9842569902619,2.0,14.076407153836303
8668,1076.52951758244,5201.0454051560755,2.0,14.074948475190842
8669,2732.591015283882,174.02572843363103,2.0,14.067440908913866
8670,4881.904863834253,2835.868574700176,2.0,14.065657044699053
8671,4837.818123216188,4833.275600095186,2.0,14.064454554760813
8672,2923.01917149446,1547.6011138218985,2.0,14.0636580481831
8673,5916.4791370118755,3000.86640046706,2.0,14.063419716854415
8674,160.66203837540326,639.977980277037,2.0,14.062235315375943
8675,326.41274547760423,4363.016393527067,2.0,14.060816209919157
8676,691.89271017825,525.344945264837,2.0,14.06077383144077
8677,1621.4584649368685,3339.020050490676,2.0,14.06007728826045
8678,4461.920149795046,5847.996795245175,2.0,14.058220950763669
8679,6464.947389121295,4971.466882587103,2.0,14.057347867557425
8680,2030.4133835065365,3969.766579423489,2.0,14.057078463400801
8681,3634.3954884899495,5107.0,2.0,14.055980196115645
8682,6708.367433377664,5640.880159517866,2.0,14.053857549184722
8683,1576.2894380012456,4249.039651109567,2.0,14.052608292795723
8684,7459.585787167327,2674.997605074155,2.0,14.052476264845618
8685,375.84608346540057,759.734101703542,2.0,14.051238835812368
8686,9354.9888327595,5577.347939241958,2.0,14.049057951042656
8687,2689.3531081376063,1523.9456756102488,2.0,14.047545127427098
8688,5013.1890693475325,5509.150346365481,2.0,14.046131954290859
8689,8640.560926579397,6215.124249940998,2.0,14.045062109211825
8690,4136.942651225386,391.1424682141923,2.0,14.044405302667876
8691,136.02899734264753,1625.3351539077323,2.0,14.04425844982336
8692,9303.633768648122,2633.098396932901,2.0,14.043997646575653
8693,6048.654885513757,1213.0706613718748,2.0,14.042846250838375
8694,117.40925607178382,2102.8215416669864,2.0,14.042799640817858
8695,3002.4216830744926,5007.784276796783,2.0,14.042377910870124
8696,1078.0938272038181,5893.543387840163,2.0,14.040674454256617
8697,476.60705275906986,5276.978388351937,2.0,14.040103563887579
8698,5451.4319855036565,598.1859226663681,2.0,14.039550805962376
8699,6103.441693318099,2044.150742881721,2.0,14.037501446018759
8700,5100.0087178526555,5889.686075867954,2.0,14.035590645818571
8701,1726.4844363660095,1917.9229686127599,2.0,14.033088103195684
8702,1216.9657872042098,4275.359370685388,2.0,14.030050821058186
8703,8019.423908428421,2875.1362628956376,2.0,14.029678898946635
8704,2163.025264400826,783.6263915898267,2.0,14.029429858271476
8705,9455.663151901244,1294.9838019494089,2.0,14.028624257265069
8706,4357.363768831125,3337.896741175105,2.0,14.025707667726419
8707,1534.5848943501474,2817.1846557758527,2.0,14.024328153869003
8708,3234.4579312422416,974.034777857277,2.0,14.024217376110196
8709,3469.6632324131365,2505.1011705034884,2.0,14.02346385295769
8710,4629.929010198035,3455.5683786148293,2.0,14.02332334287011
8711,6958.2082281452185,4423.682224999877,2.0,14.020798801270907
8712,84.52465735144942,2134.966069998814,2.0,14.019207712156335
8713,8389.093760431348,2581.4150234122917,2.0,14.019157062768707
8714,1019.9682898303423,1235.6238930000698,2.0,14.01745413582856
8715,4740.118222643039,3617.4302412733673,2.0,14.016936013353561
8716,9208.897209102632,1713.2712281116103,2.0,14.01554439783413
8717,4038.3654370417667,4082.952033370303,2.0,14.01049241550841
8718,7517.567302059366,2802.9271569032835,2.0,14.009548968227543
8719,5536.248474715115,2435.4405198678237,2.0,14.008909353417073
8720,6592.23458549299,5539.377870727031,2.0,14.008118864927079
8721,2015.946630905198,1021.360638351611,2.0,14.007525184572101
8722,4962.468474044339,6365.185458201108,2.0,14.006228725068977
8723,7090.483851191265,735.1650851722765,2.0,14.00583081374056
8724,6503.22207215194,4345.866052207583,2.0,14.00532702798545
8725,9005.990638124835,4397.519632907503,2.0,14.003523068513752
8726,5489.163577540198,3027.565465590479,2.0,14.00173146161139
8727,8914.583763427272,3440.994865576959,2.0,14.001160907659207
8728,5753.050313300118,5895.499905404586,2.0,14.000852669236835
8729,7241.4995997581,3841.975652579851,2.0,14.000829558279694
8730,8690.519204731056,537.0305029846976,2.0,13.998774519604996
8731,9270.70453597812,2979.7578569986504,2.0,13.997225282486399
8732,3688.079399908222,665.661061270741,2.0,13.99709916452221
8733,6162.9877378151,723.5417902702611,2.0,13.995785227310277
8734,4710.93808440557,4213.594642057204,2.0,13.995244667950084
8735,9242.793163501794,4799.912640380128,2.0,13.993502085188641
8736,5043.0853510686065,3769.547483888939,2.0,13.990322107982038
8737,5745.641744468979,5572.964623478423,2.0,13.988520219824592
8738,1664.5401742849401,1067.1637825715472,2.0,13.986400704410306
8739,1933.4944029854742,1901.0555738084713,2.0,13.985969107108197
8740,2326.027350929589,6300.2630683594425,2.0,13.98297799179468
8741,2527.026357765464,583.6101416933398,2.0,13.982348358675331
8742,7965.783845585934,2656.9734499114247,2.0,13.979932945898266
8743,6350.070568445866,621.236427367068,2.0,13.979436804808357
8744,5313.227844445024,6337.195490129954,2.0,13.978242053962614
8745,7291.590490615019,4730.981816171385,2.0,13.977885347792986
8746,9061.886837971939,5735.543267898009,2.0,13.975731168306117
8747,8366.020030511625,509.43714460240386,2.0,13.9728259587947
8748,9166.71003731482,3903.831717041731,2.0,13.970124702349201
8749,4621.963963811833,231.36731806583472,2.0,13.969067309653285
8750,8991.037830727964,2525.5774912798906,2.0,13.968494623052674
8751,8675.742292759669,1826.1620583451877,2.0,13.966808366643917
8752,3985.075091306989,4311.558663201713,2.0,13.965247419966612
8753,2386.412649626606,1012.0784796090815,2.0,13.964421336186838
8754,3705.726606126536,4091.8508042701424,2.0,13.963765952313011
8755,8294.651672481781,3624.001341466174,2.0,13.963355750115973
8756,1266.3663648210975,942.9228971849213,2.0,13.963061421814364
8757,6479.155616576536,2179.5312650786777,2.0,13.960943352220848
8758,4283.43658092709,1565.8821150242873,2.0,13.958010748973688
8759,1425.4714643451866,5675.232248122859,2.0,13.957404698312748
8760,8868.470883662592,1976.9465064781702,2.0,13.957250994890249
8761,9005.139890034474,2227.416102288931,2.0,13.956479350170227
8762,6341.32359905726,3800.053632413951,2.0,13.955279612799668
8763,5616.2805133314805,5176.785569551667,2.0,13.954909993049426
8764,3201.142471123995,2943.5003787292485,2.0,13.952845667679608
8765,6104.053883133446,135.53215174702584,2.0,13.950044771181455
8766,4472.440069600399,3181.9865248242513,2.0,13.949036831275201
8767,807.0573608911535,1981.5460831727407,2.0,13.948309576447596
8768,738.2636585013518,904.9481172165042,2.0,13.945116761080696
8769,7479.144341189734,653.5589628915301,2.0,13.94069801534994
8770,5395.879531469368,1667.4726789156693,2.0,13.939591901561842
8771,5074.625202599317,2379.1413417059057,2.0,13.93841260182394
8772,33.62858864159617,1029.7934634939231,2.0,13.937617162530165
8773,3658.4478128235633,2605.0069717381566,2.0,13.936393523191224
8774,9087.179393114202,5125.441227292766,2.0,13.936014175021208
8775,3430.6960773200744,6240.769995544791,2.0,13.935748037290344
8776,920.0994718508676,835.4170096414498,2.0,13.933235886840224
8777,921.9855467374078,5249.927256186246,2.0,13.930376492421068
8778,515.7205135908018,2553.0048496325458,2.0,13.929973959530718
8779,5846.773915541261,3545.8493777368026,2.0,13.92994655871524
8780,2812.811888780046,1144.0988775564363,2.0,13.927781627819396
8781,3797.331692389186,4088.007636273346,2.0,13.92755894760641
8782,8174.64976651218,6357.895979659386,2.0,13.924200976060348
8783,1679.4827640168805,3772.997903949392,2.0,13.922605428820102
8784,600.1177921951827,2223.6123477289216,2.0,13.92188606757036
8785,9295.929143330386,5759.321901642214,2.0,13.920513053293432
8786,892.2787777285037,5591.49790215061,2.0,13.91986330270625
8787,3532.6465189212954,4835.088594010356,2.0,13.918479611432783
8788,6913.069602743585,2887.476083583444,2.0,13.918011104342344
8789,6683.148592103148,5207.819943502873,2.0,13.917191905025687
8790,6956.265255432013,1259.5825388315839,2.0,13.914553026786326
8791,4666.025800190145,4219.490994799259,2.0,13.913877267486905
8792,170.6139524325286,6280.290625285443,2.0,13.913455373504245
8793,7640.744133812439,1165.3123941183837,2.0,13.912945595974103
8794,8020.236378557011,6199.294099521369,2.0,13.91259955867448
8795,8961.523780889498,863.9080786084028,2.0,13.91132376540218
8796,1984.6264449934017,324.9935933152516,2.0,13.908105139338492
8797,4345.507255599649,5221.074132421544,2.0,13.906154514742303
8798,5818.991319588346,6077.51070361135,2.0,13.905624243458945
8799,7690.068723820777,3787.6832971396734,2.0,13.90461978778208
8800,3796.005758909271,2071.35517791846,2.0,13.904119557516285
8801,3368.0956049518795,6017.391863188459,2.0,13.902232126786137
8802,7004.332759428286,2802.107675764832,2.0,13.901537919010586
8803,6096.464212737948,4663.106957308354,2.0,13.901334699373537
8804,2013.1120732042864,3697.398583041079,2.0,13.899551666129568
8805,6032.986122224484,3393.5623862134885,2.0,13.899445984381256
8806,197.0178058774136,3051.4761254920486,2.0,13.898421727977404
8807,3472.6579534920756,5122.020399265559,2.0,13.897597351426466
8808,3727.534142349939,5723.993970889132,2.0,13.89623700979412
8809,2830.682080190625,3825.0704885128557,2.0,13.896154662950513
8810,7100.7107919341315,3369.929787730034,2.0,13.892216503987013
8811,7028.562673053901,490.90743451823255,2.0,13.891082948956724
8812,5004.4313564759295,4777.962070637061,2.0,13.891031824435519
8813,8643.55415308797,3746.125152019105,2.0,13.890910686568956
8814,7655.478571853219,4672.881692410745,2.0,13.890688228163599
8815,808.0,3591.5476634458864,2.0,13.889687560291655
8816,7430.462032375343,1023.0350163596335,2.0,13.888980953484394
8817,8680.23827776393,439.32922504340786,2.0,13.888908515517613
8818,4326.092898759048,5745.753130898786,2.0,13.884656229163083
8819,3351.5013564852866,4026.9666914261447,2.0,13.884434653392677
8820,3823.606143287216,3127.257664159274,2.0,13.884125168670627
8821,6115.494125570876,423.9958069554928,2.0,13.883729800387929
8822,5052.1657998756455,3670.1810111726863,2.0,13.883146486327052
8823,6004.549681251986,765.9241436916142,2.0,13.881934134007631
8824,8285.365699424383,3765.0151990548034,2.0,13.880430923336915
8825,1025.0793904173133,5317.544511134264,2.0,13.878445777827617
8826,8898.079421153781,881.4520839483672,2.0,13.878405699984578
8827,8846.020824307341,179.57030281965856,2.0,13.87780979923363
8828,766.1444069949333,3993.4773542004345,2.0,13.876258374220855
8829,523.5106038065692,1354.9398951450657,2.0,13.873932485178182
8830,4264.38352268837,2598.822785378738,2.0,13.87054120298318
8831,8293.7908617016,2653.2621256238554,2.0,13.869817348560087
8832,3158.9950809911197,2961.4026771794847,2.0,13.868726490798403
8833,4338.4424264118215,3602.9703169426707,2.0,13.86868465307026
8834,3562.501837128022,5539.801034312686,2.0,13.867201780394705
8835,9401.936646738446,5795.665534257339,2.0,13.867047146560298
8836,963.0493140781078,1113.4058508985997,2.0,13.866390424567323
8837,3666.608387056577,397.3084182482127,2.0,13.866368456743928
8838,3685.350302985331,5835.01059837212,2.0,13.866039905711672
8839,4090.2787742750934,4407.0926206983395,2.0,13.864789955566696
8840,4699.270957609348,708.981746286712,2.0,13.86454809290609
8841,7422.09991457353,2407.598450602998,2.0,13.863206591389499
8842,5394.31432696829,5862.981779386505,2.0,13.862318998862008
8843,2808.999658998091,4155.5542012223505,2.0,13.862137923465584
8844,8344.48225362228,3578.9495726060723,2.0,13.860236902644097
8845,4576.257917476782,5581.105380889737,2.0,13.860014968102377
8846,1583.5713305742627,2838.967952147443,2.0,13.859988984012416
8847,2703.0383274895757,1733.462695704933,2.0,13.858573819833651
8848,2189.208641040689,5924.160273288631,2.0,13.858517252357197
8849,7363.501419938644,2557.872376361689,2.0,13.858437573474017
8850,3094.3685765218956,6169.106306160661,2.0,13.853879085940921
8851,2923.9992742648515,3405.5571490763227,2.0,13.850893303835315
8852,7866.0,2813.4233350866875,2.0,13.850864479185987
8853,1575.548650393276,3394.8371753977476,2.0,13.850727013712032
8854,6023.312867395215,5968.922211632122,2.0,13.84991530981452
8855,6108.0812799453715,1277.7498608328228,2.0,13.849407692165697
8856,5164.360719931968,77.87522318492678,2.0,13.848673262202214
8857,7261.762683793106,5791.126314171724,2.0,13.848421268501736
8858,6076.3658466314155,6283.997421557286,2.0,13.846356189212308
8859,2808.344183746486,3236.8440998534893,2.0,13.844270138140166
8860,9071.018418394773,1639.3530090804552,2.0,13.842678420069761
8861,2928.0490385533976,5519.516983184451,2.0,13.84140222764691
8862,9177.27139939985,2602.9449212649733,2.0,13.840260035045185
8863,3104.852513562997,1401.2674024674302,2.0,13.838533754572461
8864,4847.757887387347,217.477340095822,2.0,13.83755991034209
8865,2403.799010498354,4451.851018003177,2.0,13.836407696700881
8866,6445.000816755674,3575.443303008433,2.0,13.835283884544829
8867,8068.312315879753,4837.287190413925,2.0,13.835117598882567
8868,2792.49416500449,3349.248210009115,2.0,13.834307819427426
8869,2833.8524289786296,3923.6096960566697,2.0,13.83380707146577
8870,756.1760748071472,4291.557652040632,2.0,13.83317266823844
8871,9364.486637678261,1447.0911236302495,2.0,13.830896750626897
8872,1645.416601415722,3742.084642584186,2.0,13.830478754110874
8873,534.3631882713435,3889.7780344022776,2.0,13.828638475251983
8874,1081.2238907616834,3987.5691614662787,2.0,13.827832480761808
8875,3717.118643872402,5913.589997943461,2.0,13.827733283811801
8876,9189.054584877573,1533.4754774558921,2.0,13.82699339358092
8877,4082.2179210008853,2654.8790540255745,2.0,13.826498572781642
8878,461.9752684647068,3655.547901980707,2.0,13.826375162402865
8879,6083.916620618763,6363.106935249741,2.0,13.82461049483103
8880,6540.570480402262,412.9480862321676,2.0,13.822616019336104
8881,2146.0954012531147,5421.643110693896,2.0,13.821037260401313
8882,2042.1219364182978,4835.739743080565,2.0,13.820653373396913
8883,2122.991527985003,2509.5545687895433,2.0,13.819382486327648
8884,6754.948594209124,2074.315284739514,2.0,13.819229817201219
8885,9263.401031492414,277.09210825830354,2.0,13.8188233886951
8886,8692.27515398447,2007.0003651202003,2.0,13.813818294135286
8887,3181.0237839378005,4189.401069787083,2.0,13.813096489750027
8888,9220.668814052193,3069.9066593068756,2.0,13.813053801338267
8889,5797.611632152284,4492.0,2.0,13.811330989362265
8890,9013.554269637647,1376.0097644345933,2.0,13.811107547973906
8891,2575.000654826807,4827.328540017373,2.0,13.810316362335255
8892,7028.174558638563,2215.560508457018,2.0,13.809605681586376
8893,8190.6628061437095,1971.1147587716848,2.0,13.806412262474847
8894,8388.95124273341,3799.676480439144,2.0,13.806031885029645
8895,8703.960859130131,385.2325562836323,2.0,13.805782180345012
8896,5166.153094092586,423.48478631806654,2.0,13.80566148974459
8897,5958.89508992795,6093.3800452175765,2.0,13.803597147091672
8898,2824.1796887959813,2283.439400004046,2.0,13.803586959657032
8899,9184.968672145946,4981.677687481029,2.0,13.80313891597651
8900,8363.155468973562,509.4474200602928,2.0,13.802609764275086
8901,6448.1920659729,3009.356702390372,2.0,13.802579547535752
8902,2093.5990253639175,924.9999092190358,2.0,13.802544774648597
8903,1100.9158631661196,3711.676590816942,2.0,13.802522768374978
8904,9018.592970009757,5216.008365831279,2.0,13.802112359875423
8905,6293.567754521921,4753.800768685763,2.0,13.801501501402688
8906,8935.005735107143,1215.6984945509057,2.0,13.800791116723824
8907,520.072658164195,4347.450534424432,2.0,13.800377654790237
8908,275.3296677231885,1719.8443529894382,2.0,13.799935528453407
8909,9052.248075477568,3153.098915575593,2.0,13.797450146407694
8910,1422.3642832674645,5181.584908516681,2.0,13.796501545724157
8911,1212.611324247047,1563.9163721722175,2.0,13.792282220413112
8912,8518.669299537638,3208.101358894942,2.0,13.791575420162317
8913,7203.811669341865,4699.597302333507,2.0,13.790631839515356
8914,6927.5376669676,5120.995906632982,2.0,13.788454487973508
8915,257.0489919289088,959.6049268295424,2.0,13.788424589007633
8916,6923.096695904262,4817.816210677474,2.0,13.785721513825562
8917,5831.002125348319,1641.7952357885154,2.0,13.785287913456543
8918,3464.259984349053,5938.940055083979,2.0,13.784186831045883
8919,1757.925618102334,305.9704699437621,2.0,13.783748818227503
8920,416.3675804323981,4850.863091808565,2.0,13.783281131732116
8921,6715.11192386466,4671.423060374442,2.0,13.782312043957644
8922,892.202016591946,65.38651328187571,2.0,13.782078517347678
8923,138.29608050703828,6369.536426761326,2.0,13.781551446100693
8924,1399.0367894097221,4221.613611962437,2.0,13.779023091634096
8925,9369.412278176895,2798.1019528847614,2.0,13.777652620601607
8926,6631.505050271272,1100.9929574732766,2.0,13.777491415656105
8927,3927.1427747085136,6301.602439008011,2.0,13.775336563823155
8928,4224.454224461157,1447.030423427763,2.0,13.773582371996227
8929,8490.194899220853,6353.319026678218,2.0,13.773327469523469
8930,1361.5062433442863,748.9739456180187,2.0,13.771541647832551
8931,1264.287634323545,327.4744638347021,2.0,13.77117653763178
8932,6903.892581075794,1767.5901580935372,2.0,13.770503473292521
8933,8189.3855738688235,4631.778411387256,2.0,13.770322477994451
8934,9252.444869699884,3937.0327693883555,2.0,13.769349367091792
8935,1797.4779832384534,5790.059875471731,2.0,13.768454829526961
8936,1834.04504445355,4791.566190766758,2.0,13.7662224644211
8937,9532.81264971122,4841.545150126197,2.0,13.766096523680263
8938,27.673814914139253,5766.9029631431495,2.0,13.765195927843106
8939,326.89955765274334,2844.9789311125946,2.0,13.760907862571111
8940,6861.815501265295,3953.3855991874243,2.0,13.76087543747216
8941,9444.198859427825,4649.774533761979,2.0,13.758963946672583
8942,6212.969835960103,1935.5762669445157,2.0,13.758263756606441
8943,3076.927517424006,525.4212837049973,2.0,13.757653248995245
8944,8365.161035938865,2869.519068513115,2.0,13.75732766382385
8945,87.07188843036745,1677.3117498487702,2.0,13.757076837951193
8946,1255.9426692550464,3557.103714462802,2.0,13.757064039616594
8947,3512.422373095002,3292.979255919053,2.0,13.755604687932031
8948,2203.9049853446745,1405.6223171213771,2.0,13.754747871526984
8949,6854.861626075709,1833.6330598836978,2.0,13.751851523390997
8950,3681.0109063777445,4693.479488615259,2.0,13.751847068354696
8951,5707.991138220635,4277.597925951084,2.0,13.751471960800549
8952,1484.705363098906,3670.9703767524998,2.0,13.744728910682499
8953,8871.339604239509,3178.9533612364708,2.0,13.744469321376378
8954,6280.515364872928,4965.082149269938,2.0,13.743209965018266
8955,2401.48803077917,2092.9370908200945,2.0,13.74320982983856
8956,899.0930092538703,3371.6407448511927,2.0,13.740568933049458
8957,9011.295845334089,1294.973841899631,2.0,13.73913429753763
8958,8516.011982030715,395.53685774376123,2.0,13.738973336916779
8959,994.7439263587827,1777.7103403411716,2.0,13.738906241828756
8960,1606.207172151789,2513.816101641372,2.0,13.738274761783842
8961,4931.01349519948,4635.174284273944,2.0,13.73810529459913
8962,3766.117472325213,697.882527674787,2.0,13.737350853792481
8963,1990.5727742998395,5596.010254971561,2.0,13.735736470164738
8964,5809.084426250984,4163.366629028244,2.0,13.734656752780237
8965,202.41462487209841,4181.008186800544,2.0,13.734126720681822
8966,8238.028167872766,3637.524446232676,2.0,13.732123248751506
8967,2083.3038414828075,4403.208463961009,2.0,13.730602381209746
8968,7307.990797153545,1323.1303807483011,2.0,13.729518994840397
8969,4923.037814217021,5397.419748190789,2.0,13.728891074817698
8970,643.7860453316615,5300.9538091527875,2.0,13.728566489276913
8971,3108.956266855748,4171.6036551254665,2.0,13.72773046617025
8972,1794.2928757925004,118.8789372080028,2.0,13.72652316016917
8973,5117.589248554353,416.1323401850166,2.0,13.725786126848103
8974,6934.0470621519635,6297.647556570354,2.0,13.725334049062843
8975,222.12150647886514,1341.3351704338388,2.0,13.72403390886414
8976,1709.4891519350722,1849.8066156090808,2.0,13.72303117796782
8977,891.344161146666,2350.8567621604752,2.0,13.72097670373813
8978,7322.580596162742,178.99904287639464,2.0,13.718854582405697
8979,8389.421543483202,5130.88143168333,2.0,13.718537482649142
8980,2152.2571654863336,2749.6476379226074,2.0,13.718233852087153
8981,8562.955144353398,2459.461821694026,2.0,13.71708125303489
8982,8607.50349001611,2479.0585237080327,2.0,13.716771227932261
8983,3117.0579688053845,1601.4588833002708,2.0,13.715853559692448
8984,100.66820948748479,1741.1055462132233,2.0,13.714873864998147
8985,4210.348463313518,1614.0261853796023,2.0,13.714448342042381
8986,2680.1744064975906,3453.3908043412234,2.0,13.713384086809256
8987,8341.30528161034,2833.110463627725,2.0,13.712966399509629
8988,516.2924651272332,5655.15552515304,2.0,13.711082726372075
8989,2252.24961193331,927.5999266534341,2.0,13.710987421412675
8990,2187.470224889398,4911.112634848401,2.0,13.708720838599438
8991,1249.7584593539366,1461.582262573419,2.0,13.7084956878633
8992,5108.044375201563,2528.181886056132,2.0,13.704603538229323
8993,6615.0828605389615,4371.53302476596,2.0,13.702512090773663
8994,853.4813888999804,675.2000005747761,2.0,13.701005254742466
8995,2315.0870070208,2899.398273945619,2.0,13.699588890058521
8996,4771.051428303219,5169.482022900521,2.0,13.694593746310268
8997,7177.862911337174,192.96850618897906,2.0,13.693104632247978
8998,7408.397406531286,3699.063144087442,2.0,13.69306208064948
8999,6773.8947383109935,1447.737506072527,2.0,13.692609643128705
9000,1507.5104963507147,2686.8926848459496,2.0,13.691640493502591
9001,7999.473158011104,4456.92128258468,2.0,13.690392522907526
9002,37.88434719191124,959.6317812244802,2.0,13.690223141859926
9003,6027.482419467949,6144.982815631503,2.0,13.687909851142724
9004,9314.444748713722,5886.929638424989,2.0,13.683930201182154
9005,902.8803913370788,1467.8105745433409,2.0,13.683887950362921
9006,3465.281171352095,5301.662994677749,2.0,13.682140224766723
9007,5099.184559174497,6371.450298406059,2.0,13.681123223659691
9008,9000.979052348568,3311.205592867514,2.0,13.681070925961365
9009,4725.6219322408415,4554.944051101182,2.0,13.679975426819734
9010,6270.006161618666,5857.517310053342,2.0,13.679386555449042
9011,4445.6351417408605,620.9119068989692,2.0,13.679248294286086
9012,1093.210224747307,2115.021267362631,2.0,13.67864052833916
9013,6648.456117416056,3511.274268975257,2.0,13.677045441946232
9014,8199.371658108854,2578.9644294325853,2.0,13.674820134502106
9015,4821.079411725152,1267.5124358323603,2.0,13.674320798440853
9016,1583.2257189350717,3733.361074330866,2.0,13.674122617274843
9017,6724.982955262307,665.4569090725518,2.0,13.67326644925137
9018,6952.875708446405,1855.2646716901552,2.0,13.672097798442522
9019,7241.456627327768,6379.013833637224,2.0,13.671770838157393
9020,3100.429834690962,4080.9363987484426,2.0,13.670630650425476
9021,6378.350433114603,59.72908893033285,2.0,13.668310759477887
9022,261.04305556314836,3581.7069748860254,2.0,13.66825266531905
9023,2571.2852463788736,1167.6373826312147,2.0,13.659449030595601
9024,7424.9162294226635,5889.29965617021,2.0,13.659398764605175
9025,1736.2076516597378,5439.759003087587,2.0,13.656308097956414
9026,9110.38133759227,4384.952160279833,2.0,13.655910182596042
9027,3504.1891257594384,3601.805411119769,2.0,13.655326333680952
9028,1052.0818953374571,4531.78208158334,2.0,13.655287325057209
9029,2805.086638067229,4787.17593211526,2.0,13.654897198999697
9030,8391.592259720263,164.86497093819906,2.0,13.654656804553797
9031,7345.057164675039,1581.6409290941433,2.0,13.652744556010633
9032,7358.13096939086,1379.556123996577,2.0,13.652584457999598
9033,5356.581361409516,5052.9071041053385,2.0,13.652580906866845
9034,2993.5295007970185,3035.9800464746672,2.0,13.652057128835509
9035,9442.997830351973,1253.420714137094,2.0,13.649931684694362
9036,9383.517261023977,2462.9178787010205,2.0,13.649706356996886
9037,7346.534410565404,4941.038127417302,2.0,13.649534569258417
9038,255.21878220888348,6259.187956738224,2.0,13.649364482232691
9039,2250.828817043212,715.3547119796067,2.0,13.647563860085233
9040,4289.366132332328,4729.017437898999,2.0,13.647557830464098
9041,3761.47607641031,175.05234266887908,2.0,13.64650064981032
9042,5429.07800352566,3285.54526522729,2.0,13.646353063714729
9043,6981.091423660192,2721.7610224661626,2.0,13.644027870940157
9044,5570.083507087906,4675.6614287172715,2.0,13.643406879695991
9045,1217.590002201357,3317.8863520539517,2.0,13.637492848858878
9046,7717.694466005782,2466.968284849459,2.0,13.637212884381306
9047,2065.2641621474304,4612.965968410209,2.0,13.636445036835127
9048,1388.9770177356988,4415.463264053614,2.0,13.634391668079852
9049,8654.637363466994,2465.1331893697547,2.0,13.632864227083525
9050,2973.1167699444763,5253.459981887912,2.0,13.632581678562184
9051,7298.374543872763,3072.0199266121126,2.0,13.632462584181424
9052,5674.134487199419,1679.718034370876,2.0,13.630226808999168
9053,3948.0651927912827,5209.505310481681,2.0,13.629363244389308
9054,5016.2158861735015,4353.04617443273,2.0,13.62746038241826
9055,6054.97359849808,4815.659819463148,2.0,13.627395201257348
9056,611.4885487531635,6140.956963434028,2.0,13.623272917393058
9057,7507.105157830848,193.6331937923554,2.0,13.623120078202723
9058,8220.447177206428,6363.7043079438245,2.0,13.619209055843065
9059,3266.504589096304,93.15331309493999,2.0,13.617857386843102
9060,7481.490279265778,3883.105698026407,2.0,13.616599761890658
9061,1930.0906993038454,2109.692775657054,2.0,13.616463522817305
9062,7930.4663462199605,2772.063026839296,2.0,13.615638829443405
9063,9226.819782662755,5707.458089130816,2.0,13.615366882459265
9064,7448.111534789611,5424.219861831779,2.0,13.612711667232599
9065,8689.699846990934,1866.8145144547768,2.0,13.609006730968972
9066,6669.5276644663645,2986.8808117408994,2.0,13.608565585587876
9067,4402.155764812622,4597.374948288485,2.0,13.605759668992441
9068,607.2687676840795,2100.0696421929792,2.0,13.604309857138148
9069,9023.130129247802,295.517409254346,2.0,13.60328505919119
9070,4917.4265898567755,5804.940075058049,2.0,13.603055491351485
9071,190.66050675656348,1614.1208585867353,2.0,13.600763494534045
9072,2311.004333526763,2571.6857232826947,2.0,13.600325905581165
9073,3935.5134123459,4555.002714269057,2.0,13.600183099902187
9074,5518.466126909041,1292.95543899359,2.0,13.600178687633486
9075,4797.61824748388,109.85558222131225,2.0,13.599021612802865
9076,46.210232421912096,577.4179313557062,2.0,13.598206314549506
9077,5330.093860997287,4951.544448212025,2.0,13.595430263106076
9078,475.5491051684897,1120.8890393939023,2.0,13.594770625029815
9079,6019.595948044189,2527.1202851950434,2.0,13.593413591500534
9080,6357.699793970953,177.78764026930114,2.0,13.593241267898902
9081,5785.05155650176,4417.48533485177,2.0,13.589985076742353
9082,2602.721054944942,2571.018795329702,2.0,13.589618525291451
9083,6837.051835524506,4543.516286482905,2.0,13.584585203329116
9084,6767.412950507803,183.0284847923372,2.0,13.583547709560785
9085,3368.453673939399,4391.109008890845,2.0,13.58262490827011
9086,3036.0034218322576,5307.6792368296165,2.0,13.580023966664825
9087,1616.0362554680878,2835.658881806844,2.0,13.579626042799006
9088,3685.333024823589,4664.961014752233,2.0,13.577988376925543
9089,7243.232168439879,5471.400047199162,2.0,13.577602471169357
9090,7282.187472442811,4697.530385538987,2.0,13.574637375116204
9091,9184.879974989686,1047.3683211115736,2.0,13.572913416967369
9092,6266.100701538123,2531.563067949537,2.0,13.571490693152803
9093,4514.514036574305,2935.808736200696,2.0,13.569252101729164
9094,834.2036620427925,1765.6286041532753,2.0,13.567625324253283
9095,1971.9995308966809,2629.460058666347,2.0,13.565787797438366
9096,63.208958532666344,887.6110358004858,2.0,13.564767320630478
9097,8810.63474744075,3080.8890968814558,2.0,13.564026594086645
9098,2036.3317630622741,2899.935217841541,2.0,13.563320877509584
9099,8305.543167147309,1451.9696038660632,2.0,13.562954931973897
9100,3839.334866172805,5097.9560476352,2.0,13.556930138800517
9101,4812.322319122704,4903.054176882808,2.0,13.555904573180083
9102,5347.956458801283,2641.380275054153,2.0,13.554804802900305
9103,2197.431346135561,364.9779833893366,2.0,13.554753691650363
9104,1571.3592492636176,3318.9928072188845,2.0,13.552613726066355
9105,8132.9435493467345,2747.7721243663536,2.0,13.552093516806117
9106,8611.419940233922,1386.8892151224034,2.0,13.550570163698252
9107,4238.785714154518,5953.91032203892,2.0,13.550291811867515
9108,4738.853896702344,5193.612878433973,2.0,13.549817170711055
9109,966.1958022679029,341.3686824497602,2.0,13.549097914971101
9110,5142.076355414393,4623.499245230722,2.0,13.546745235717793
9111,2037.889457832048,4397.732905537159,2.0,13.544113673513836
9112,2507.428321354276,513.0720848492227,2.0,13.542282052712318
9113,6066.260069530735,2669.869180505914,2.0,13.541786992425516
9114,1345.5709739509555,4819.9356600496185,2.0,13.54110724250848
9115,9136.869290607832,5245.686495960158,2.0,13.541012761045923
9116,954.1968470917884,900.0948447286032,2.0,13.540246423510391
9117,6418.485709720544,2517.819157859494,2.0,13.539977737355235
9118,1070.6459439754958,2826.9485843999178,2.0,13.539667743037521
9119,5872.15593932516,41.665507083301065,2.0,13.537631732351272
9120,4237.537405473649,6358.974699287561,2.0,13.536965274233989
9121,2379.0371450847247,2525.4396052845273,2.0,13.536869478876358
9122,3323.6380203350836,960.9581539861182,2.0,13.536235777199305
9123,8427.943990375003,415.70318100437595,2.0,13.535636372522506
9124,843.9664351624191,6079.331005821396,2.0,13.53532367569235
9125,1291.9668979165085,5523.567048940381,2.0,13.534471613647465
9126,1437.5640614767512,2562.8907443623434,2.0,13.53380454309146
9127,6379.405906130531,1591.1330277495333,2.0,13.532317916669273
9128,1755.7598276016402,959.0262653403253,2.0,13.530131607519435
9129,551.634470993581,3844.731042375009,2.0,13.529064705855909
9130,1710.938532229389,5913.577933272274,2.0,13.528927863113005
9131,8995.441761465918,64.11382016426953,2.0,13.528634762559449
9132,1636.3021157349817,1705.9040331599708,2.0,13.528352344891207
9133,2360.9625017258054,1021.484191795506,2.0,13.526484477105456
9134,7416.583773694139,1550.8506653860577,2.0,13.525728516346053
9135,701.340808302123,6373.77669098518,2.0,13.524811678648371
9136,3494.2711905667365,4385.483676554776,2.0,13.524530714101912
9137,6036.462980453549,1365.03494297258,2.0,13.524380381719176
9138,8739.497579831932,2759.7818551248815,2.0,13.523415435853597
9139,7334.956872614019,4227.428451247145,2.0,13.522346011809674
9140,3292.82506637254,4649.334885497069,2.0,13.520276358071499
9141,945.2731727341909,559.5659006347222,2.0,13.51829236731902
9142,9115.532631643659,257.0544777982899,2.0,13.516807489892429
9143,5546.360067194146,3469.0478714486217,2.0,13.51575404030626
9144,6875.757801513541,4061.0775452926036,2.0,13.512284693378621
9145,3569.4024500052674,781.0523228186911,2.0,13.511320633004273
9146,5151.936776201739,4304.486611763973,2.0,13.50949846771722
9147,8682.065617388454,5453.407876889308,2.0,13.509392649946502
9148,6577.086121060496,669.5539422972845,2.0,13.50934195877531
9149,566.5907175345517,4858.975247577592,2.0,13.509319945593445
9150,571.8730768281989,1823.4785705172696,2.0,13.509180506944075
9151,6995.891773087438,4247.518848429278,2.0,13.507835820952613
9152,5989.976359636586,2665.714509203587,2.0,13.504676755324281
9153,2706.52193372269,5234.008206822965,2.0,13.50439539377047
9154,4702.820695091377,2827.482202625614,2.0,13.500549848120594
9155,1467.1411887296365,1869.3961035888976,2.0,13.497384424929734
9156,1978.8401173983652,2061.422857540242,2.0,13.496867658694091
9157,887.4135845882593,5237.159024521569,2.0,13.49539510687074
9158,8040.513907253353,3385.9744036494267,2.0,13.49181105037102
9159,6196.347750690472,5756.97970316124,2.0,13.485603716293678
9160,3732.3310658589467,5813.168880715663,2.0,13.484100667303776
9161,8799.976772750742,1449.3497169800894,2.0,13.483751438419874
9162,717.7125797156683,4696.955647715815,2.0,13.481982585646392
9163,3736.30703785413,1362.0407449602421,2.0,13.481863221739737
9164,833.1947793237928,2211.4247674162316,2.0,13.47642211549318
9165,8031.030527086928,367.58717830544,2.0,13.474744962872503
9166,742.3812890813779,3331.0315196985666,2.0,13.474317922343626
9167,3748.591488373381,5995.050746672458,2.0,13.469602001146392
9168,1194.1149305196477,2617.3103008363473,2.0,13.467742273812824
9169,4183.0601253542245,1579.568120240725,2.0,13.46768604654332
9170,1050.1297759654105,4623.767216539904,2.0,13.466341823564555
9171,96.39459834971903,2479.9975966214993,2.0,13.460310558813427
9172,4838.042800296873,3127.705999090548,2.0,13.460279826517178
9173,665.0690034622797,6091.622439948302,2.0,13.460156112191733
9174,3687.4921692481003,1055.1180974302151,2.0,13.459627589418334
9175,7642.67152063458,4351.920572895393,2.0,13.459588663807954
9176,1722.5693497504453,5324.983652915066,2.0,13.458446446960746
9177,2123.982246168796,989.6982520560776,2.0,13.457382651275843
9178,7005.038325188921,3555.678830168825,2.0,13.455300604235912
9179,4545.516186877592,4476.9703900147715,2.0,13.455104980616017
9180,2225.2299572620227,6237.189415458136,2.0,13.45345580083929
9181,629.2456602079618,5343.871293816286,2.0,13.451390442466828
9182,4315.131547272889,5085.6973094235245,2.0,13.451204506288564
9183,2308.5675724933485,1485.022361511862,2.0,13.451165117422976
9184,7075.686842829873,4197.556931439084,2.0,13.450904748868236
9185,4958.415236248472,2741.1885547237143,2.0,13.450589064637208
9186,3662.314255579768,5363.1617060796625,2.0,13.449306725098424
9187,292.26601831843794,5921.525862128374,2.0,13.446258642949662
9188,2710.9519102896547,5769.56213201906,2.0,13.446104019136
9189,4159.22524943767,3785.6745572699188,2.0,13.442065991736063
9190,2336.6952472654434,5057.908485286281,2.0,13.442014215495234
9191,8170.52248730147,2704.0892466965643,2.0,13.439963963137608
9192,8988.384367812523,1192.8889387880772,2.0,13.438887686384929
9193,1480.2483292061897,4862.841409813032,2.0,13.438082089639723
9194,250.30130124190026,19.08319350288964,2.0,13.437241210108553
9195,3490.4434614517086,5757.727053214282,2.0,13.43658929360691
9196,2949.3240687628277,6266.922552914041,2.0,13.431582192440947
9197,1530.1135778535477,3907.40188123603,2.0,13.430956199406276
9198,3589.5580761459623,5018.067777191254,2.0,13.429580711478819
9199,904.4866807502304,4359.862169663216,2.0,13.426680700900821
9200,6439.706315400476,4941.021965269546,2.0,13.425494655179607
9201,4307.190745325705,3989.436388057654,2.0,13.42308848747539
9202,924.5854498812756,5941.123946756413,2.0,13.42295294189733
9203,2717.192175943129,629.3597604817763,2.0,13.42191300793628
9204,4245.134894441646,3795.533926945861,2.0,13.421358297498257
9205,6406.179346157564,239.49156733296516,2.0,13.418408475188219
9206,5678.374303789163,427.9455699363365,2.0,13.415882902219627
9207,9101.03362997831,4759.540258324762,2.0,13.414763555118185
9208,3149.046502956271,3539.3131892010488,2.0,13.413149907217068
9209,7503.369133942038,158.84726214606522,2.0,13.412959391752956
9210,2897.5688048848015,1161.0513979037078,2.0,13.410535922142266
9211,9045.30521861435,1669.5029469878834,2.0,13.409302778984664
9212,184.56781140058612,3359.1112841046183,2.0,13.407829880510226
9213,5077.130362857927,4755.332354730838,2.0,13.405508675632435
9214,298.06763523328357,1613.5800483711598,2.0,13.40441390662711
9215,9430.039788726008,5417.495522680822,2.0,13.40397587518973
9216,7508.305084572212,1830.1392164092838,2.0,13.403212328182084
9217,8723.709676514776,1351.2869463162576,2.0,13.402857120423814
9218,8891.033583760413,5803.252802717316,2.0,13.400745418625664
9219,8787.916231678175,3271.4767656709396,2.0,13.40025991329161
9220,3484.546069315039,4392.926627033333,2.0,13.398414576712236
9221,4661.515478456628,3782.129307967501,2.0,13.395809629257123
9222,32.17676553656725,4071.448853291035,2.0,13.394403802996113
9223,5290.887634642718,4005.647358607954,2.0,13.39436504589768
9224,7594.990276045696,6279.537818955528,2.0,13.392214842707933
9225,1186.0711028958633,1659.4043211683945,2.0,13.390846603299117
9226,7625.480760105112,6205.781187410324,2.0,13.390367590226042
9227,9359.42713512189,2497.0623915106285,2.0,13.390199420183437
9228,5428.474427053616,4305.960112630923,2.0,13.389710451181069
9229,3447.490676772717,4271.913317103102,2.0,13.388403336004995
9230,1152.2096056032606,2287.764262475634,2.0,13.38723526223209
9231,4234.282719715506,5585.354919871181,2.0,13.384411633516407
9232,7988.51270145596,5337.3329690247765,2.0,13.38413690703288
9233,3856.4564585275825,2629.187744675024,2.0,13.382621718702143
9234,3230.380204153776,4721.964114928437,2.0,13.382225682933914
9235,6254.512435484541,3033.1039372792843,2.0,13.379594096333742
9236,1520.39616347197,2937.139049277306,2.0,13.376434940363591
9237,196.84533458697817,2201.5227206095933,2.0,13.375966050097237
9238,6755.917416170381,731.8264695474055,2.0,13.375795122958511
9239,9492.764194719259,1560.485786144292,2.0,13.374207427246919
9240,3304.271459002795,3807.1217373986874,2.0,13.372195019046272
9241,8295.166035825974,4527.226717337471,2.0,13.369297205737336
9242,9357.276388307957,1839.0181093215465,2.0,13.369002191457037
9243,869.4824697784787,3915.7205252761296,2.0,13.365401216541224
9244,2177.9573716016894,3081.406620103267,2.0,13.363374508542197
9245,3785.5401173084824,5337.136640456745,2.0,13.362089601066844
9246,6965.54794719701,919.0698608160827,2.0,13.358541842116583
9247,7251.393750593226,2702.0239271051937,2.0,13.358340085716026
9248,4255.098185241504,5203.320331478698,2.0,13.354515183475101
9249,7765.411796092389,5370.819406255155,2.0,13.351217010519607
9250,4419.209222379395,3929.639584847444,2.0,13.350903807171681
9251,9388.491782152209,3201.012378338577,2.0,13.3505331166468
9252,4094.61201463718,384.08433097865543,2.0,13.349466914021948
9253,7369.277000418006,5012.927286969724,2.0,13.348999219789544
9254,5868.623689674013,877.3480621127992,2.0,13.348531300897594
9255,538.3874835822296,4200.926015210148,2.0,13.34840274226563
9256,1919.0926710650385,2675.6078101304174,2.0,13.347089606632299
9257,8362.478098604179,3257.7681249484804,2.0,13.346917241156461
9258,3805.440411288397,3932.927467140518,2.0,13.34688483678312
9259,2903.5019241822433,2642.9996148149676,2.0,13.346011103656258
9260,8000.6343317046385,1978.985712959189,2.0,13.345203183683319
9261,8190.971860069677,2313.4655983112357,2.0,13.344621538748545
9262,8060.685509908955,3592.1191038794973,2.0,13.341330543036122
9263,9058.558902918105,5401.919577646643,2.0,13.338267638441167
9264,7815.484393196471,1062.1031188575867,2.0,13.337413641501943
9265,9385.18648439055,1647.0670776208622,2.0,13.33673954117014
9266,5684.837065713862,3485.7326134591453,2.0,13.335802537835564
9267,5400.5717357195,3407.9497079314465,2.0,13.330381400079817
9268,7277.242997649531,3070.2398263747696,2.0,13.329828324753002
9269,4275.881116460534,5437.531984171947,2.0,13.329542320827638
9270,8907.721484169433,853.1505680913042,2.0,13.32731972826451
9271,3441.5937146616534,3618.888004168489,2.0,13.327273754422244
9272,848.3966387448438,4789.958641999774,2.0,13.327237480768037
9273,8961.43458075456,2588.9281201203275,2.0,13.325253188618502
9274,3150.513142005626,3925.974866017384,2.0,13.324093098497801
9275,1708.6571863290146,4221.950293535529,2.0,13.323592956990783
9276,5395.974781258268,181.64383107429208,2.0,13.323225577635831
9277,1176.1641034686802,4199.542540494398,2.0,13.323187635436543
9278,916.8201605079379,2051.404927614679,2.0,13.322144808884673
9279,7978.80106506462,1456.039644621783,2.0,13.322035296334047
9280,3251.275063087545,3652.0700121128766,2.0,13.32180107803892
9281,2201.450681540992,6051.986785192284,2.0,13.321497015058338
9282,8808.970295766172,5057.636594051258,2.0,13.320674281473893
9283,9362.954289971707,983.6548721768345,2.0,13.319363936068848
9284,1771.5243687424431,6237.025447694093,2.0,13.319341741753101
9285,1959.475559625532,5397.875522407192,2.0,13.318681292512167
9286,180.34915423741938,2173.022481940937,2.0,13.316752781543016
9287,1762.9125261242305,4097.55049447771,2.0,13.314547449696349
9288,824.5577933913185,483.0673599950352,2.0,13.314255940553577
9289,732.0791294416013,4003.603560827001,2.0,13.314151614671056
9290,7475.941727510859,4237.378352248485,2.0,13.313231363346025
9291,8483.462956497731,143.05877308882236,2.0,13.31311412865958
9292,6394.333133553777,1759.524349449379,2.0,13.31243889083677
9293,1440.2901670784274,3103.989250689394,2.0,13.310539615095768
9294,9538.481717538723,5015.815601376682,2.0,13.309015272169614
9295,4394.229308187388,5866.0796896666725,2.0,13.308830461541309
9296,6690.034236822122,1687.3285539572157,2.0,13.308757462103854
9297,7696.142629116466,2277.4945268649626,2.0,13.307988074404326
9298,1961.332888702593,114.11154020202278,2.0,13.307171928901735
9299,5318.217067411066,2561.539723101302,2.0,13.301714334467079
9300,2090.5453592095305,1220.9476435638016,2.0,13.301329875833563
9301,5998.050741578274,2283.5670419069384,2.0,13.3010654810571
9302,7480.538837181258,5663.076488614521,2.0,13.301026597872067
9303,6559.30802263241,2312.993048934465,2.0,13.298863478768784
9304,696.1342357954312,5531.516307496683,2.0,13.29778058503818
9305,7460.647131418096,1968.9692502190396,2.0,13.296551072500845
9306,8193.23974488284,1435.8445456017898,2.0,13.296324398945854
9307,7520.914724607557,4363.551234955437,2.0,13.295515469628787
9308,7049.041755333286,6121.276391161318,2.0,13.29495171642315
9309,2130.124732949197,2179.1729390899195,2.0,13.291234028543297
9310,3783.3280573425973,2913.0372383803815,2.0,13.289601233849517
9311,4174.567691477212,1008.0804356217661,2.0,13.287555359910366
9312,6230.333513497998,1103.807697315777,2.0,13.287442397685242
9313,5930.895913544105,1749.2787058932918,2.0,13.28565041801011
9314,7963.145830907446,1181.5572028932927,2.0,13.284335428207623
9315,3484.129149468614,4049.693009693883,2.0,13.283125487258923
9316,7577.282772641053,841.572941710153,2.0,13.281302799692094
9317,3547.367296880314,1729.1508419900058,2.0,13.28030944227732
9318,4038.3249114522027,5969.167222835799,2.0,13.280038919265763
9319,9033.470063134444,5137.946428182367,2.0,13.27656631874625
9320,2264.643191253464,2445.0631992746794,2.0,13.275537477425877
9321,8113.3745606823,1036.8382288563987,2.0,13.274676345167958
9322,1949.943807911041,4023.339814698475,2.0,13.273621549809299
9323,8563.288643297954,2843.4010476111466,2.0,13.272827216929556
9324,7143.135158950809,6153.543621009205,2.0,13.272604220469383
9325,6748.538934067551,6206.026945302086,2.0,13.272309691721011
9326,706.5215921221768,2260.9546493146872,2.0,13.271433861473323
9327,7027.333559946992,6161.050986638136,2.0,13.27119759031992
9328,6888.241972661775,5367.556361242656,2.0,13.27018301390082
9329,991.9542012907734,3347.4736808856665,2.0,13.26816731959142
9330,6549.645106658437,5269.958194504042,2.0,13.26765146589111
9331,6015.456220490969,5841.167660719674,2.0,13.267151647708724
9332,4088.07084549068,3941.301433294007,2.0,13.264318962393313
9333,979.5697759605686,1135.8157450366093,2.0,13.263603513171752
9334,3177.5552646149863,3107.183673052464,2.0,13.262902957794116
9335,4313.170163093905,5093.357216917515,2.0,13.261876480530253
9336,6152.821557685687,3093.4955410278626,2.0,13.260647805909135
9337,914.5781141742436,3905.1923962964306,2.0,13.259295164258381
9338,1274.4509342465096,5467.072322296546,2.0,13.257514055915319
9339,1450.466542055151,4897.119464913445,2.0,13.255992544996937
9340,8785.999051989393,2007.573932814045,2.0,13.255508208558846
9341,637.9036414398374,5993.288483367976,2.0,13.254648093263079
9342,9293.011278928263,6239.434258656145,2.0,13.252512676485182
9343,6552.134891337865,2774.2018118654514,2.0,13.251782084531284
9344,7132.429289237065,3637.051402461343,2.0,13.248576004870715
9345,6479.005287691909,3811.259511853598,2.0,13.245171867785936
9346,4473.182894247524,2081.3360427131647,2.0,13.244896565474173
9347,5485.52488470057,1899.0738320131572,2.0,13.244092924823136
9348,8678.249370239926,3837.4982826819405,2.0,13.242681953434657
9349,9424.98262008143,633.2490488868646,2.0,13.240687109450855
9350,510.7231393791992,833.1276844934497,2.0,13.233356042351478
9351,1505.163837620777,5791.445719650045,2.0,13.233162404746398
9352,706.868271616975,3289.248522705874,2.0,13.233105563466014
9353,7629.445164586367,3819.1374663423603,2.0,13.232553174888002
9354,9210.33216593074,1030.0703038402014,2.0,13.23132202106012
9355,3256.222627079327,1243.1464316888776,2.0,13.230487893728101
9356,8852.331204984946,2834.9840053557086,2.0,13.229182404145535
9357,7935.358347275527,4493.191886472798,2.0,13.229076816317155
9358,4235.433173728663,2686.9601256741466,2.0,13.22412123952981
9359,7371.684782865789,6198.72051864934,2.0,13.222853397142444
9360,952.8340435239187,6207.492247603669,2.0,13.222777419507636
9361,7006.971607382952,4577.5350663744985,2.0,13.219975105320067
9362,8496.527823222661,4623.980139203396,2.0,13.218840984069136
9363,3692.983533696654,6255.167226307258,2.0,13.218195811671507
9364,5350.009717335364,5367.338323830872,2.0,13.217837269782182
9365,3083.630634538193,3586.9218306680054,2.0,13.21750174830619
9366,7598.37593979675,6331.020003671219,2.0,13.217410969051029
9367,150.68183597154106,2634.2311030777614,2.0,13.21670674794103
9368,858.4399402395393,4609.098711951344,2.0,13.216552744852251
9369,9514.971327861485,5841.876011527254,2.0,13.215815316232412
9370,7344.133981290223,4369.1875935840335,2.0,13.212184939098112
9371,5963.365937219633,4811.071742216087,2.0,13.208031019629784
9372,4777.222737121017,2687.8693395867035,2.0,13.203913725159737
9373,6207.12523725971,561.5501389905138,2.0,13.20351297640187
9374,2972.0867522837416,4333.601831376728,2.0,13.20337750988018
9375,4224.452964110997,5438.053696024253,2.0,13.202647361546632
9376,3779.017523591652,4831.582773661213,2.0,13.202495284417651
9377,6541.251014981916,5692.815628859137,2.0,13.202098269032302
9378,5973.305791332557,930.9915225444354,2.0,13.197665407457764
9379,7954.925197506131,2609.442703696815,2.0,13.196600208974706
9380,6582.3970219661705,1248.9951718950379,2.0,13.19646873724027
9381,9208.586693957111,5601.21032224364,2.0,13.195144027520602
9382,7988.584436112847,1671.6994066654486,2.0,13.192636763414743
9383,3921.89493026012,2663.3408058467003,2.0,13.192358074914296
9384,2766.0,4939.339056786554,2.0,13.19131476851251
9385,6311.328586710247,4690.922088848103,2.0,13.191177473308759
9386,8811.038199743694,5731.550547734368,2.0,13.190983580707826
9387,3967.8222506862157,5313.4892091309375,2.0,13.190944312836905
9388,3119.4907550056723,2958.9832274231608,2.0,13.190117213908284
9389,3359.4598561811586,317.95273779278864,2.0,13.189636803502284
9390,4450.498565852386,5591.965730780855,2.0,13.185614924272768
9391,615.9646565527827,3709.7919496018235,2.0,13.184720233663095
9392,5009.559468283958,4408.153367656664,2.0,13.183929190963052
9393,1655.7750198838487,6285.488136248431,2.0,13.18360335461396
9394,5433.549381040866,822.0736188772926,2.0,13.182885822130764
9395,4090.2965433294676,48.85414959234079,2.0,13.179653325171511
9396,583.8890278405958,2453.3049931147902,2.0,13.177850749071496
9397,4418.019622328197,1335.5417928678876,2.0,13.175761645188102
9398,3101.0006410813244,5953.433743397721,2.0,13.175166248558792
9399,300.3128123471908,264.12149341863187,2.0,13.173835721551388
9400,3025.161955991266,989.5700910823779,2.0,13.173785945382082
9401,1841.3642164862015,103.49955913493969,2.0,13.172505602549837
9402,6502.163671446922,5937.621190614888,2.0,13.17149770169303
9403,8146.301651496361,2815.5182418036597,2.0,13.169372158559272
9404,4742.54731483297,6010.891123999571,2.0,13.169253442773664
9405,3718.0,6255.39546254879,2.0,13.164061349600603
9406,5610.4966151221515,4928.913520425078,2.0,13.16226920081834
9407,8845.218321742377,4992.875235168387,2.0,13.161858226750955
9408,3787.6908202398354,804.8752163533824,2.0,13.161298007613569
9409,5926.38396676255,46.929430637998195,2.0,13.160657856561127
9410,3871.8455253590237,3429.3574607149385,2.0,13.159757165274272
9411,5474.617658162231,4574.999348053588,2.0,13.159636117061535
9412,7582.655220491791,3098.7656400189194,2.0,13.159218857909348
9413,2594.8205476616477,861.5746127361832,2.0,13.158437794506156
9414,7125.183349490904,5679.358858708424,2.0,13.154109545398365
9415,6371.182619694616,1523.5611473887725,2.0,13.153311623996572
9416,6595.960853459204,6077.373734768898,2.0,13.153165408382755
9417,1977.4406031675921,5353.716004197411,2.0,13.145773331429032
9418,3833.9175933805377,4841.673479571567,2.0,13.145726814287874
9419,2484.4815127633483,6079.820106067414,2.0,13.14325430054556
9420,2468.3225771323405,1427.0534887203626,2.0,13.142977377712523
9421,9278.425785886695,5382.104193033208,2.0,13.14111532729783
9422,8376.977540788448,67.27004234890981,2.0,13.140565571264569
9423,2180.5219959168603,4798.106183209129,2.0,13.140430176572028
9424,3840.874662927032,2419.5571794853877,2.0,13.138651203589522
9425,4810.616271323413,1971.1337241647786,2.0,13.137525588419013
9426,6106.690485489835,2948.981214440624,2.0,13.136815897753507
9427,2928.2943638316515,1104.0492280572776,2.0,13.136326905757853
9428,4085.3694648022274,1205.1758571559812,2.0,13.135806262821294
9429,5727.536890536555,6180.967708948133,2.0,13.13551034382721
9430,7423.41162133266,6376.885750969164,2.0,13.134211054399886
9431,1789.0776276816061,537.5274854686204,2.0,13.132059656956942
9432,6684.407292029329,1419.1990500895706,2.0,13.126311671460225
9433,9568.078112983832,1611.5041134743512,2.0,13.126062276096963
9434,934.3323794001394,2555.165233633682,2.0,13.122936801062496
9435,3933.570038479496,4450.844991082192,2.0,13.12118393652253
9436,2666.080496062031,1297.526962896805,2.0,13.119922941298864
9437,460.7562119803973,1511.729297533717,2.0,13.119035525011283
9438,7874.160062597683,1065.4612713235065,2.0,13.118547779012601
9439,8613.01696545385,347.5639671553683,2.0,13.118451765495433
9440,4986.523417171687,5556.857131031139,2.0,13.116097507694153
9441,9429.547649824199,907.9264836280205,2.0,13.115849033089265
9442,4162.859041242208,1989.7379216530394,2.0,13.115064374458157
9443,5090.46473925356,566.9965339807253,2.0,13.114223163387067
9444,8819.954905952969,5535.311147547059,2.0,13.114103141888044
9445,874.296750949097,4984.133268282969,2.0,13.11031518343849
9446,9431.385969090004,4683.852841645926,2.0,13.109963106380217
9447,2725.289380761169,1481.122766350488,2.0,13.109534923668614
9448,6119.099792025275,5489.272039349427,2.0,13.108354913469025
9449,5133.949444133538,1079.2584609326973,2.0,13.106671835654039
9450,4166.197946776968,457.6218932890822,2.0,13.10578688610614
9451,7704.072762189108,3351.4771655205177,2.0,13.101970617389483
9452,7435.486889014701,5554.971887086371,2.0,13.101266146854774
9453,9135.37315107658,4538.900524080377,2.0,13.1010904987039
9454,9297.585316028957,6151.06188039051,2.0,13.100578182446604
9455,2917.9523430353474,4735.674050088113,2.0,13.098822866664316
9456,407.543076612111,2249.1611143403848,2.0,13.098681918795151
9457,164.02852649271875,4301.554570829802,2.0,13.098486973280052
9458,6437.473844388089,5588.078201415349,2.0,13.098364804263275
9459,576.2721988168829,931.0510116562714,2.0,13.094139293408409
9460,3058.533334036973,5777.9427137060175,2.0,13.093314876662657
9461,2340.407017915523,3892.01843147174,2.0,13.092692081662378
9462,2319.0521574358004,4205.607876845937,2.0,13.090995377954112
9463,706.6774967386949,2626.95555539971,2.0,13.090470510454473
9464,8515.29975506539,2275.582852358442,2.0,13.087966011533075
9465,807.5126328300125,1369.0288450223138,2.0,13.086402712189987
9466,9142.927146707358,3947.4012094251543,2.0,13.082835440196458
9467,6129.949639499717,3775.8395256258445,2.0,13.078179390873366
9468,5590.237666939177,787.1439355405565,2.0,13.076671320021305
9469,4650.916092578085,1475.5958436381675,2.0,13.076481792041783
9470,1410.4739270234454,1420.0208263804284,2.0,13.075797197265912
9471,1397.5516473439177,5479.898350300224,2.0,13.075675124815845
9472,7686.167661619872,6277.402901220609,2.0,13.072008080144983
9473,2636.9319700525507,3451.4433218932313,2.0,13.071898473012523
9474,6776.604353637682,1013.8246748641378,2.0,13.07090785141287
9475,8134.533760218066,5409.0,2.0,13.070444294535205
9476,3361.130333306356,1099.421264823071,2.0,13.069944224162427
9477,6902.575961775825,2542.828970929581,2.0,13.067121015916582
9478,5680.673626667034,6261.000614644161,2.0,13.064681911994391
9479,5375.203024418281,1064.982343406604,2.0,13.063624367108124
9480,7396.2948288611315,2300.981243720699,2.0,13.061605489211294
9481,4672.3085571496995,3881.170168091337,2.0,13.057775690418646
9482,9107.61154828251,6075.8780027454395,2.0,13.055910051495887
9483,175.9270491136836,3473.6811263389277,2.0,13.053167860747475
9484,7790.447819315983,166.14988820209865,2.0,13.051235051312561
9485,4072.099788100489,2177.481578049312,2.0,13.050103589241502
9486,2472.57165500352,855.066929494566,2.0,13.04918820537813
9487,285.8368665608358,3441.5679844943816,2.0,13.044772124187338
9488,374.57095252362313,1233.1058471444499,2.0,13.04469538644186
9489,7400.782119829834,4909.040734654491,2.0,13.044680065658644
9490,2405.6983497303727,1170.9582172488624,2.0,13.044139116278757
9491,5874.107231009436,2841.198149634751,2.0,13.043773333586726
9492,208.0287904498168,4815.562572238489,2.0,13.043080021161057
9493,1482.631662398656,2216.9752993740535,2.0,13.037698576440086
9494,580.9466106642719,4753.453248245332,2.0,13.037694405264638
9495,8541.550765352818,5279.981802719902,2.0,13.035518196911116
9496,7665.0745192085515,5427.555125742632,2.0,13.03507425344544
9497,5293.344618141866,900.9682742582801,2.0,13.034952216820912
9498,5531.316388481783,4444.8966165017955,2.0,13.034557100521154
9499,1393.2690348627812,5237.398255457562,2.0,13.03346790753435
9500,8202.96524382367,3807.7055722471905,2.0,13.033028484001122
9501,8563.677887566266,2523.195751330114,2.0,13.0317949554053
9502,4563.353404671703,1092.1254881973655,2.0,13.030907089058164
9503,9036.267919595506,5910.989112105293,2.0,13.027798697930633
9504,9177.40774199989,251.01974474479348,2.0,13.027072504886174
9505,8487.0,3811.5322983801193,2.0,13.026773298759922
9506,4022.343155808416,3093.034284836142,2.0,13.02580096506187
9507,8759.943360913008,6136.486530635493,2.0,13.02481535543063
9508,272.13432760288725,5241.491780655411,2.0,13.024294718308271
9509,4212.521714606002,920.9689648516776,2.0,13.022843359240094
9510,7728.044225307326,855.3827749584062,2.0,13.019001377991199
9511,3352.925453769281,2639.214054595385,2.0,13.017269866974697
9512,900.1178641015622,4067.391263819058,2.0,13.017036658764649
9513,5087.763165031949,2412.795869250829,2.0,13.015985947436508
9514,8986.361644437044,1429.1694709378282,2.0,13.013893562404602
9515,736.0143465569683,5773.54646075911,2.0,13.01376394216762
9516,4642.095236928808,2741.4822734833892,2.0,13.013497674927772
9517,4233.115408166595,4173.555316584953,2.0,13.012797585635031
9518,5328.894468850573,2003.2572162605086,2.0,13.008679557207946
9519,1158.4338246992543,3145.1218836948674,2.0,13.008438242537608
9520,3867.9248777840426,1691.610507684061,2.0,13.005335695065167
9521,5518.351278403946,2174.008188956429,2.0,13.004547215521349
9522,3542.1776766241032,6259.425755636627,2.0,13.004170624040631
9523,8331.022408360614,3801.3920668226906,2.0,13.004125508410425
9524,9491.396859596234,3855.7020222768333,2.0,13.003936257396402
9525,4097.980758043963,703.3251009008401,2.0,13.003932653828755
9526,7298.606213637175,91.02769400153959,2.0,13.003221346425274
9527,6099.530552192066,3064.9145645119465,2.0,13.002512230404216
9528,8670.718668859774,2784.868971242805,2.0,13.002108594147698
9529,224.1808223360677,4189.294462378065,2.0,13.001614403799195
9530,7065.1539831443115,5949.536724986636,2.0,13.00030461355176
9531,166.0515792458412,5745.5843614089035,2.0,12.999985167916826
9532,4610.021502765329,5017.382078768509,2.0,12.99928413153208
9533,4511.399380821076,2141.1095391566673,2.0,12.998958336141381
9534,3931.9301446627833,2757.554029163401,2.0,12.99772943318939
9535,4599.579092109874,5635.177873735781,2.0,12.996916649983618
9536,9331.435244553977,1643.043820440745,2.0,12.996874540180972
9537,8210.118177027673,629.5734561919847,2.0,12.995873644353866
9538,3324.220515851751,3914.870004278627,2.0,12.995806120437347
9539,6469.00903356186,199.3661414557077,2.0,12.99466228842024
9540,7909.2480625224935,5775.646309310738,2.0,12.994346805315125
9541,8608.59029578925,5295.898014783523,2.0,12.994339951096439
9542,3806.4528863540577,2791.8150436200644,2.0,12.993206277994824
9543,6012.098960210455,1607.4476098326081,2.0,12.993012328660624
9544,1480.5271125325155,1745.8558578579896,2.0,12.99188121681238
9545,3197.943951197538,4109.50977076911,2.0,12.990550426920144
9546,7599.528189546677,1075.9702943486698,2.0,12.989882152257701
9547,7886.077676547014,2505.3796718495696,2.0,12.989338657101413
9548,2557.3608133690336,5268.0295994988055,2.0,12.989111985103323
9549,8789.213510708656,2443.43215965505,2.0,12.988237352161745
9550,4170.3359413696135,2515.0085882411936,2.0,12.987905733491896
9551,6538.207528014012,5825.136324580436,2.0,12.985153412103971
9552,7877.115873062542,2053.9535780468345,2.0,12.984740152627635
9553,9536.549744574686,5463.890419763659,2.0,12.983260005969667
9554,4671.021945874072,2729.8004355673343,2.0,12.981214118952975
9555,2543.396617248507,4402.909484694433,2.0,12.978449908860895
9556,1843.90832519812,4747.4361855445795,2.0,12.977000258610898
9557,5249.4430258427155,4158.877458561524,2.0,12.975958592970064
9558,1367.5104055591514,2991.9091777969197,2.0,12.975479468605535
9559,6301.8587605960065,1335.5550035119124,2.0,12.970443425833059
9560,4879.614462045343,2495.2017217645976,2.0,12.969815780918125
9561,9530.057756389819,349.43544207819406,2.0,12.969154815638705
9562,5722.493266453176,2206.011300867548,2.0,12.966356818421241
9563,3430.4255215374587,3591.099567341596,2.0,12.963764235209577
9564,8771.181627247373,4399.46958657263,2.0,12.963643669532331
9565,8206.168760316401,4031.4290989774486,2.0,12.962630026748903
9566,7781.128321606262,5105.429704007869,2.0,12.962437503546386
9567,4257.973401204055,2073.303017148465,2.0,12.961812614781014
9568,7614.226578436071,2136.7381396735764,2.0,12.961229063633585
9569,501.5281297681295,2954.8134909498585,2.0,12.960504250727704
9570,7178.952515489189,3081.5984900336957,2.0,12.960417380025662
9571,7761.456005217518,6232.010145925802,2.0,12.959233227402319
9572,882.5594671805693,6245.808428407092,2.0,12.958294623832398
9573,2868.974080257854,6117.5344662382995,2.0,12.957624042214306
9574,3972.145457780836,4091.497879140575,2.0,12.956222980596054
9575,4475.0125220192,2701.68712191355,2.0,12.953210345100555
9576,3650.977183313873,1081.5309615593965,2.0,12.951869155816441
9577,6664.476370572259,2638.876114356686,2.0,12.94954340653889
9578,18.997900455584084,5201.533797153155,2.0,12.949187664274252
9579,8814.819676623498,571.7032855189839,2.0,12.947772695333803
9580,3673.0334513080693,4431.164166154721,2.0,12.944497674298468
9581,6095.508846188711,1983.1577506647998,2.0,12.943195959775887
9582,435.4649929992614,4831.045275529161,2.0,12.943178120426442
9583,4802.360269802503,4465.16439511781,2.0,12.942274679297613
9584,6253.417772693313,3209.018593510394,2.0,12.941670044543528
9585,4865.453596678381,5679.0405423955335,2.0,12.940121063586052
9586,7104.416742775112,4585.160853186449,2.0,12.937878090967796
9587,8285.391611793386,385.04329133038374,2.0,12.937527998516716
9588,7751.923303655989,1027.6343029961413,2.0,12.934031066892308
9589,4290.67697348924,2209.0973064895506,2.0,12.933258797784058
9590,3143.191741155538,6255.205346829657,2.0,12.931522651503855
9591,7889.380173755083,4212.003241242721,2.0,12.92998972341897
9592,8431.248678637901,1709.0549787407208,2.0,12.929109898933602
9593,5257.564161088899,4200.930570458456,2.0,12.927686027891957
9594,448.3612618843469,3605.1002559642775,2.0,12.927332314894228
9595,2692.5191197900867,1574.9757056796047,2.0,12.92576790210759
9596,6807.442345120857,5623.101857945706,2.0,12.92500731063052
9597,3204.420176070044,3158.881843199048,2.0,12.923340158143835
9598,2046.4321254257125,3569.1708105843923,2.0,12.921719254955315
9599,3173.1955850885115,3839.022273883126,2.0,12.920408027547177
9600,5725.018024918368,2487.7415911251105,2.0,12.919797616836796
9601,6308.857537117587,6169.5256620270875,2.0,12.917704602605708
9602,7942.065364267037,1599.5140052490012,2.0,12.916850400102357
9603,6978.560982916806,3697.148272161289,2.0,12.916372613302649
9604,3341.951635550473,1575.3627273488946,2.0,12.913260814814967
9605,3246.2484913200014,2642.962912281827,2.0,12.911515112091234
9606,3772.120362860197,5985.64662597072,2.0,12.91000472594033
9607,5502.893190122371,5593.522065139366,2.0,12.907283762895956
9608,3492.8654200559054,3755.709229282224,2.0,12.905302903252355
9609,5639.060472613839,5107.307301662205,2.0,12.904978801988417
9610,432.0958456599767,3673.495191092842,2.0,12.90347128240565
9611,5058.330886068979,2169.885279902837,2.0,12.902073490309942
9612,9243.349192055768,3821.995349173178,2.0,12.901286643198485
9613,2299.95690393567,2125.509017433426,2.0,12.899843717619087
9614,792.4363755937442,2512.7838259172927,2.0,12.898973271315016
9615,9424.369833839986,6284.83877528588,2.0,12.897334100513959
9616,8001.7465953849905,1063.9446383595148,2.0,12.895458879460561
9617,1177.56945040452,3183.000408995841,2.0,12.895300845987217
9618,4594.1628291536035,4563.483763921907,2.0,12.894361537434365
9619,5881.931593277407,4505.445149252489,2.0,12.892201521885763
9620,3224.6262075115405,41.122412921001086,2.0,12.892195610085926
9621,2626.0306687859315,1601.4239216106419,2.0,12.891090677346922
9622,2251.144275945041,5969.6378650285515,2.0,12.887932996224173
9623,619.0749675868686,2645.4312177399734,2.0,12.886428229698957
9624,7137.58035895308,4993.041155031595,2.0,12.885462710116046
9625,6961.563828341858,1210.1054263895169,2.0,12.880960792274376
9626,233.04490484585827,5963.967624423146,2.0,12.879593943476353
9627,6161.209925543365,27.611542618181865,2.0,12.879201065138442
9628,4551.137032552195,473.34531044760433,2.0,12.878824035532292
9629,5505.877422184879,801.7310587210949,2.0,12.878370571977879
9630,7868.452401653397,4853.035889128934,2.0,12.876443534723421
9631,8866.13949127097,5321.358339401824,2.0,12.875457128344477
9632,4410.540299271981,1541.9811252253594,2.0,12.874273417716605
9633,7365.046382345919,193.44370668231434,2.0,12.874070008377364
9634,8352.423816234683,3633.104171557539,2.0,12.873404931680836
9635,3309.475359508837,4972.878612743308,2.0,12.873194452589875
9636,5820.103448651419,4149.322554629171,2.0,12.869724685143009
9637,8391.141648098554,5697.328457330484,2.0,12.867544664318661
9638,4410.0050128999665,4519.568309959958,2.0,12.866623963170273
9639,3600.190380102357,4635.483389334766,2.0,12.865465319253307
9640,9119.216340107574,1643.2929679885933,2.0,12.858735854247133
9641,815.966518046622,5537.494931070776,2.0,12.855316316631859
9642,8582.326617077968,941.8751676668096,2.0,12.853468316230206
9643,3964.945043430929,2051.376806167284,2.0,12.852899774363486
9644,6718.259833076681,3147.6724430080158,2.0,12.851148985851749
9645,8018.990309907012,4887.493793201122,2.0,12.850371851611953
9646,2889.8353167874284,5509.695866716837,2.0,12.848990766437044
9647,57.89299324273854,2943.3686010244674,2.0,12.848006082362108
9648,2951.176490949198,5349.4187568629,2.0,12.83818135424919
9649,8300.06018049026,3769.5775652205616,2.0,12.837170601419464
9650,6702.999043418306,3593.4350835512655,2.0,12.8356325726759
9651,3806.045134677095,1583.5314311525815,2.0,12.83473365454996
9652,3812.544022816077,4102.774314069705,2.0,12.83411292696768
9653,609.0706715720983,6315.3911235798905,2.0,12.832721869572621
9654,7119.673851328144,4382.17717399157,2.0,12.832087024227082
9655,3516.06931664467,3437.6147250607532,2.0,12.832044974191051
9656,4314.366735272186,4578.977507291509,2.0,12.830846499727881
9657,9128.461891144569,906.027056962538,2.0,12.829658862374108
9658,2027.4899784068014,3901.0114847378977,2.0,12.827033917730336
9659,6699.913676386295,251.51552825437147,2.0,12.82631167934919
9660,1212.5805880331795,3929.767889381433,2.0,12.825364868564561
9661,1556.044903769172,3595.551852845412,2.0,12.82426589602465
9662,8196.322492330082,4539.995929739902,2.0,12.82415149773653
9663,867.9293406498927,4725.395656111544,2.0,12.823800614131521
9664,2409.5750770646255,2097.0351541654136,2.0,12.823352802276036
9665,4963.642637894179,3674.131313019283,2.0,12.816988032499385
9666,8847.357400878625,6242.003497744747,2.0,12.813470040636886
9667,7587.21167054577,195.32882938756467,2.0,12.813402147738264
9668,8438.627961971,137.8369778547165,2.0,12.809040325409082
9669,8676.692028616422,1870.7622041291434,2.0,12.808240119101615
9670,2121.1096631979676,2857.4385048335794,2.0,12.807125130114692
9671,1771.9040541138108,4951.686568743417,2.0,12.806800149280866
9672,5808.402831522242,946.1181850451171,2.0,12.805083808022076
9673,1699.1446818445806,1679.4794203095357,2.0,12.804490224563136
9674,8139.916353293924,4373.228126499876,2.0,12.80445262759092
9675,5723.501167650316,6277.131447341998,2.0,12.804341539611096
9676,9256.986552122777,3089.5017965641746,2.0,12.800384045375354
9677,2527.6583326858517,2735.9607884803713,2.0,12.80033009306887
9678,9215.999688747464,6335.615281184656,2.0,12.797071901999734
9679,2602.101724539058,1139.4453154825148,2.0,12.796054137260437
9680,453.2997083702291,5970.920688137386,2.0,12.794666959845214
9681,2474.496974794325,1877.1116556547947,2.0,12.794357235400236
9682,9063.864272825496,3017.666202973933,2.0,12.794170341156192
9683,526.0988464288255,5623.2511143733045,2.0,12.794098082174225
9684,1625.144495753347,4091.2728541995816,2.0,12.7932401374817
9685,7342.112675863234,3583.4712351190774,2.0,12.790276256087624
9686,6641.000255420111,883.5213597857067,2.0,12.789080552972694
9687,1071.23932910942,3267.941263644574,2.0,12.788440614852417
9688,3351.508641760889,1756.821448805738,2.0,12.787232788533291
9689,6953.648697822297,1509.4674536159844,2.0,12.785005538823803
9690,7320.6426308672735,5787.949817039723,2.0,12.782281530144553
9691,319.45664593733363,2748.76284409081,2.0,12.78174535615003
9692,6260.993650537015,2849.5135940994082,2.0,12.778038111688215
9693,4750.130583686997,5409.792431356635,2.0,12.777303905393534
9694,5708.777398998695,2721.1708062958232,2.0,12.774486620549203
9695,9397.467048804925,4839.1961943028155,2.0,12.774277752380593
9696,4527.078330242684,449.54058570303613,2.0,12.773679537844938
9697,1851.2107893538118,35.545838580244336,2.0,12.772956807541808
9698,3048.001085056977,6251.441864840969,2.0,12.7725779553913
9699,6848.429022183288,1098.9489025307707,2.0,12.772063374141684
9700,93.41970372527548,1778.1430334645886,2.0,12.77140074801084
9701,526.1339373051608,1135.5551003443488,2.0,12.770537598867689
9702,207.30573750546833,3147.112469624618,2.0,12.770317871653802
9703,8523.077627279765,2171.5477998769693,2.0,12.769758312512163
9704,8039.92544286958,6309.65988802942,2.0,12.76735277998593
9705,3480.0976718710663,5781.351396732613,2.0,12.76665224047583
9706,2939.287092442991,1839.7377162165255,2.0,12.766077052408628
9707,3273.2797070915185,2383.144613955168,2.0,12.763649856092433
9708,3750.1399051152302,2669.773192136756,2.0,12.763114234470775
9709,8163.900933725043,4759.205438796653,2.0,12.762726542510919
9710,4168.069276853101,5816.3391941557775,2.0,12.761334248687689
9711,6133.420852653875,4896.02294503441,2.0,12.761084116912064
9712,237.98184629807423,1765.320920437202,2.0,12.758845583289409
9713,9258.023306007148,233.26213990013153,2.0,12.757449011452177
9714,4346.2277078997195,2337.50093549146,2.0,12.756819958571723
9715,4116.969619467068,5185.483868939275,2.0,12.755518213613543
9716,7476.553005449434,1877.1385841994093,2.0,12.755442691947321
9717,6210.9268580869575,5573.4049598781385,2.0,12.753175339995174
9718,7238.10512392651,5945.452198949023,2.0,12.752783723192456
9719,3294.0700238997583,5837.37013879873,2.0,12.751743723888074
9720,8930.982998774676,2473.568312577704,2.0,12.748266912141357
9721,900.9117650913577,5809.467735897984,2.0,12.745952981827942
9722,1130.2831799576516,2451.9280587457256,2.0,12.745596163573396
9723,4398.23819632054,3774.13653729838,2.0,12.745581973948768
9724,6271.700448034353,2077.933715028494,2.0,12.744777706928359
9725,6351.272292141879,1029.959351259543,2.0,12.744561235652439
9726,6849.461178150949,4829.085944719052,2.0,12.739263907449336
9727,8407.45021647681,3533.8005582595915,2.0,12.738675553438807
9728,1859.568742993061,3707.995249789097,2.0,12.736047617149895
9729,7405.897881638052,5293.4839231111455,2.0,12.734304548915128
9730,4011.9670039953494,3839.2498905938387,2.0,12.733651676502603
9731,2510.6277929464927,849.0826670659364,2.0,12.733110105275413
9732,3019.3802046791657,2080.073116727654,2.0,12.73278407382086
9733,2760.3959609540425,5832.0,2.0,12.732237566371428
9734,1842.5365853329415,575.0281144290633,2.0,12.732212815051657
9735,6652.839513752406,3499.602082059492,2.0,12.731819437727303
9736,2166.5154868235386,6158.943232580502,2.0,12.731098227274543
9737,3887.120813829219,3111.389566931303,2.0,12.730108704305268
9738,5637.587117510707,3569.887168447782,2.0,12.729661840186115
9739,9011.665649092156,4432.160725814171,2.0,12.728924230710204
9740,2384.495562123095,3420.804382672293,2.0,12.727638743497167
9741,7573.123789721495,5227.449451348596,2.0,12.726372414518165
9742,5914.070903055361,3101.6877667308177,2.0,12.723604593743017
9743,4954.563970029113,1362.9837273437151,2.0,12.72014504143049
9744,7685.853108843886,4705.5008239824865,2.0,12.717804256568355
9745,108.45904444750967,2669.148654698499,2.0,12.715615497482487
9746,8398.971509315015,667.3792591270627,2.0,12.713892197775778
9747,7104.195521047099,3375.4973226264296,2.0,12.709207883336179
9748,3631.704755745403,5201.967154537545,2.0,12.706136529532227
9749,3148.2954899860824,4736.87217141737,2.0,12.704263262209418
9750,1912.5474706422208,2103.08978465245,2.0,12.698832365074598
9751,7565.455174599623,3304.9665472918523,2.0,12.698431485213431
9752,4147.161487533737,6009.484817569961,2.0,12.69522544976419
9753,9237.9433947464,4389.354154209017,2.0,12.692775724766589
9754,4019.8398073608673,977.6895725747821,2.0,12.691679518689481
9755,1284.2621402695086,3427.098928409029,2.0,12.687970321945683
9756,980.344560412511,5453.9030636111165,2.0,12.68739954758101
9757,7172.565712551365,2264.015440614669,2.0,12.685856267775659
9758,6586.516965391143,551.824078487996,2.0,12.685287083277952
9759,438.5929395874657,139.01079125860534,2.0,12.684705830380135
9760,7535.192047276324,1297.172692594632,2.0,12.682188767158388
9761,5519.087668311849,2131.451460502592,2.0,12.681530940150747
9762,3283.2037263544353,2427.5669452167704,2.0,12.68147279149505
9763,9370.471584346877,4049.23114909109,2.0,12.678754067920872
9764,5540.576398873632,1528.0818215859,2.0,12.677850382248593
9765,2549.9320286401726,4229.437360367971,2.0,12.676973470140481
9766,6561.006863955319,3927.576886281238,2.0,12.67649996982408
9767,4038.4109490054298,3146.1397122257385,2.0,12.67623694738319
9768,3855.121551587896,4597.358814070316,2.0,12.675350781567259
9769,1886.0174594043492,6301.509230940305,2.0,12.673897528992985
9770,6518.893486335652,4721.509394264228,2.0,12.66960613701061
9771,3815.5265155949746,942.9185138674336,2.0,12.667192942323648
9772,4047.951654702718,1509.4690052610988,2.0,12.666686216347372
9773,2815.141407449268,3118.5550750764296,2.0,12.666354140333082
9774,6650.493768542657,407.9518501928082,2.0,12.663600312754518
9775,1268.014520131845,3975.5811169836174,2.0,12.662970133957291
9776,9171.975646922467,5011.4018792855395,2.0,12.662556291937117
9777,5679.517852608886,1514.9739821059584,2.0,12.662357825778756
9778,875.8600709651073,5993.338443028859,2.0,12.660747746535915
9779,7111.454648170617,827.0037956009435,2.0,12.660464418104606
9780,7353.017836045902,3243.715583911371,2.0,12.657449844068246
9781,3129.0103891344615,3505.728545889829,2.0,12.65654645234706
9782,569.3706471515093,3361.9918468901014,2.0,12.656289688775262
9783,1262.7742118801063,5725.286229023008,2.0,12.656256320224303
9784,4924.517965410178,6274.951009759208,2.0,12.655872763567116
9785,4466.998759018566,1555.3036469052913,2.0,12.65529886503339
9786,8377.148444108327,4887.433485904577,2.0,12.65371062348789
9787,7963.076442019367,6237.4451790454905,2.0,12.652665875958023
9788,8664.891012860067,935.5834728124909,2.0,12.651209299640938
9789,1212.0913690600928,389.6903466768305,2.0,12.650364007475416
9790,1591.054480637989,1381.4848308121557,2.0,12.650308987321694
9791,1035.95686756729,2577.6379028493398,2.0,12.649335803883792
9792,7033.310271978879,2557.987511024463,2.0,12.6478535217871
9793,1051.8860366955266,561.5237665539443,2.0,12.639479519008034
9794,6720.051999790908,1317.4892916441956,2.0,12.631493434194857
9795,8103.449068113862,6254.992404565155,2.0,12.630412518098481
9796,6264.493079742757,4181.977148421488,2.0,12.630356827756755
9797,4571.133721091686,5815.47758801816,2.0,12.630032883975652
9798,6269.567715980305,4755.893576141669,2.0,12.62926909507014
9799,2264.4605044487307,4667.935956622834,2.0,12.629266565050099
9800,3221.40817334824,5383.950321312213,2.0,12.627139843308617
9801,4206.558865261532,4563.062675444668,2.0,12.626033248293712
9802,8278.499791991335,2425.006952268345,2.0,12.624555459606942
9803,4737.88477429743,4163.393091225825,2.0,12.623916998047015
9804,5262.0979007913575,4385.590890098753,2.0,12.623172537282858
9805,5370.693587494052,772.9668600289372,2.0,12.623160814817815
9806,1024.49650028525,4556.239959325921,2.0,12.622775369671261
9807,8967.454986198276,3957.006040432405,2.0,12.62237668861139
9808,1855.4256784941647,3715.8260310476066,2.0,12.616337375630865
9809,3181.398310367209,634.9148549193588,2.0,12.616147845771952
9810,3389.89325734127,4849.269928849805,2.0,12.614820542448568
9811,568.9962916257191,6137.6635495758765,2.0,12.61212602439076
9812,1122.5429504639726,3372.9122940546395,2.0,12.6119168128662
9813,8069.355630615007,1599.4775027669175,2.0,12.611897815060793
9814,478.669996344302,1875.0291965369004,2.0,12.611011589119393
9815,4108.393463068118,4220.969931673235,2.0,12.609734905540941
9816,6173.170388949421,5715.083100803246,2.0,12.608898811822923
9817,9146.553561160403,2327.0243538021136,2.0,12.608267398135883
9818,3114.3518191588773,705.2175532699151,2.0,12.606131783016549
9819,9466.079056881797,3461.715326074866,2.0,12.604834924579706
9820,8587.433366659021,2028.949791463659,2.0,12.603452261991027
9821,5064.667181816256,4572.107903568934,2.0,12.602896217798126
9822,6641.802203013564,551.4967550783156,2.0,12.602674594110683
9823,3486.484527088195,3434.9958203540473,2.0,12.601151274980838
9824,7272.941081167092,1589.3529802036408,2.0,12.600996622689298
9825,4764.46922208751,5539.0,2.0,12.59944402274163
9826,1877.4151853900423,5554.8977548795,2.0,12.595126188115044
9827,5910.816994544408,4227.6964823560875,2.0,12.592639217454781
9828,7438.498683119972,5662.960240162978,2.0,12.591556276790195
9829,7077.128665329355,5779.558187056657,2.0,12.591292052362727
9830,9125.527580182319,5312.889261168787,2.0,12.59010270206552
9831,4970.486805547525,5475.987150302339,2.0,12.58762452075107
9832,89.46438263215754,5098.7889479942505,2.0,12.58247421505138
9833,5106.375363684581,3154.1395425241863,2.0,12.582367518153626
9834,2107.807281435829,3977.4692957252814,2.0,12.58107753095404
9835,953.4858784836814,5929.963136410015,2.0,12.578712070292443
9836,2326.5607019598597,1602.9642834557021,2.0,12.577987211822714
9837,3262.4631974519484,1045.9362250849622,2.0,12.575061212227418
9838,3990.399098026508,2285.0901455777735,2.0,12.574118476737537
9839,7911.1395423140575,2591.540701780669,2.0,12.571226712048281
9840,8248.412166108035,4598.971064683786,2.0,12.570457262245043
9841,4078.0681307815903,383.3599749807236,2.0,12.569242881969561
9842,2450.015526007683,1715.544111770611,2.0,12.568814824975439
9843,6041.936384046683,247.46990870475318,2.0,12.568506478165913
9844,74.49367773589837,772.9598715460378,2.0,12.568393048837908
9845,2035.6002224481058,3526.0358388444874,2.0,12.567690477727778
9846,9400.913769492172,1533.4494900900727,2.0,12.567616534262358
9847,9561.879638135704,1467.3887995319362,2.0,12.567391802707021
9848,7627.602033906422,5781.972812637185,2.0,12.566170875643136
9849,6690.996007938702,2163.79202758745,2.0,12.563893419578783
9850,9498.306979265231,698.8407552432767,2.0,12.563452850002335
9851,3437.391245431514,1225.894601362885,2.0,12.563369651558789
9852,2634.204431577046,1343.5405452131865,2.0,12.562989637620456
9853,4767.968336844836,109.3891123604088,2.0,12.560932940621585
9854,7032.399009120093,212.00024326488617,2.0,12.555929625422872
9855,638.3975899153438,3482.886556069034,2.0,12.554897380363975
9856,3699.597714112029,5975.086626544548,2.0,12.554777575631247
9857,5476.737996949481,4104.982324547798,2.0,12.553686003784199
9858,5660.853949447205,407.2810655556108,2.0,12.548626119350264
9859,7360.886584655056,405.17095272970164,2.0,12.545605032686112
9860,5059.653488149298,4956.99765741258,2.0,12.545034615739885
9861,5621.209540872187,5301.455561412891,2.0,12.543758392035313
9862,8672.258098635059,3751.258098635058,2.0,12.541758873083795
9863,3422.363076615311,583.178985658776,2.0,12.539084411712413
9864,9438.443923371182,5732.108223435899,2.0,12.539063117402218
9865,1483.6426215062966,5404.847048350742,2.0,12.538831274385196
9866,5711.281004247884,5148.091417411727,2.0,12.53457149131573
9867,4952.62521359423,438.9937590552639,2.0,12.528874862891882
9868,7802.082825787619,4271.572464203515,2.0,12.528552421152266
9869,8355.520793167292,4157.91626719998,2.0,12.52762683011402
9870,1181.272095910909,4502.739865571876,2.0,12.525739947200023
9871,6203.990099316695,4819.610232512143,2.0,12.52490377734153
9872,6955.67523816485,1281.1306955902323,2.0,12.524765879358975
9873,3351.2874015083103,989.9049338259122,2.0,12.524576317514523
9874,517.1548741742544,5247.5338443561,2.0,12.523115762196074
9875,8432.604083532493,4013.207775533529,2.0,12.52226692538538
9876,5888.45385714066,626.9583256226958,2.0,12.52159091099303
9877,8474.366713439016,666.0429630906436,2.0,12.521470886348848
9878,5177.613670817958,3117.7365100443944,2.0,12.516321079614718
9879,9377.984133510572,5961.553690559799,2.0,12.514773218948896
9880,9142.470155758403,3921.2315766230963,2.0,12.514202752937237
9881,8792.906990793059,4977.52668491214,2.0,12.513548681367704
9882,2109.981750348228,2769.3588756851736,2.0,12.510916405832349
9883,8999.552303957287,4866.785842325597,2.0,12.51025172190382
9884,5016.58629445775,5999.950412239332,2.0,12.50974589830115
9885,3195.304082228134,315.5529386041834,2.0,12.509597113270136
9886,2201.2697789443023,6113.42485222375,2.0,12.509368809199218
9887,481.6722887126414,6353.11301995769,2.0,12.506886700796361
9888,4499.761566088954,2099.1206163411507,2.0,12.504148612809265
9889,2725.1138303174384,563.7073852857484,2.0,12.503149065573083
9890,3071.641381676789,5269.0347376562,2.0,12.50275081840807
9891,6066.26987937018,1951.822162071622,2.0,12.498682192260855
9892,7396.500527875046,158.94135681828362,2.0,12.49864747392882
9893,6602.695052742235,5380.035603979176,2.0,12.498218157546557
9894,6151.639197620719,3026.0898475955314,2.0,12.497678958925496
9895,4322.087225050133,791.355219038088,2.0,12.495185975731552
9896,8417.180247394497,2515.4848531868643,2.0,12.494799806891983
9897,8598.694536962663,1605.012375908651,2.0,12.494278337538683
9898,5442.26737040198,5198.08984532352,2.0,12.491549963531057
9899,3261.8571247519135,4891.5204940032545,2.0,12.48898978876864
9900,6434.370087125837,134.8946767448331,2.0,12.482264037481473
9901,5016.591793248249,238.93406294666644,2.0,12.480801639067433
9902,298.58969587328187,2708.021879197951,2.0,12.48077767383626
9903,3712.1425563896173,755.1352273580873,2.0,12.479987934079757
9904,2817.103183988731,1349.639206968737,2.0,12.478338096222432
9905,4884.516999290515,60.77977275541113,2.0,12.47745821261255
9906,2634.441644725407,4459.004726939469,2.0,12.475870885300363
9907,9344.060786100481,5853.36444131137,2.0,12.475139803530526
9908,241.5311989362954,5690.912537133232,2.0,12.474130169980514
9909,1861.933898498627,2991.4176159381554,2.0,12.47312120474135
9910,9044.97673398227,5673.378800486774,2.0,12.472615126073267
9911,4458.438620018894,1171.0775200792511,2.0,12.47182752803119
9912,5723.68272136675,5997.071463260951,2.0,12.471377687477705
9913,2267.6361459402992,4062.9660499799766,2.0,12.470179474123745
9914,4395.936956403828,3263.823131111473,2.0,12.469755244338712
9915,6049.630900735768,704.136885209919,2.0,12.469207444301977
9916,3237.538517877123,658.9221016710432,2.0,12.468705306700116
9917,8574.111306795008,3547.4982502275557,2.0,12.462076491268254
9918,7038.398553642764,3130.928749067888,2.0,12.460797531111638
9919,9359.693526005964,4732.970842307213,2.0,12.456877594248981
9920,7155.477908244214,3359.0875338781657,2.0,12.455204872921566
9921,5831.031664630532,3081.401858528076,2.0,12.452699674913704
9922,7566.55559196297,2128.966380763325,2.0,12.451372505540629
9923,2535.713389964331,1451.1287809304918,2.0,12.448879127201286
9924,4710.967441814475,3831.5392575288206,2.0,12.447961420683749
9925,6799.2858186011545,972.9970373144077,2.0,12.44683623100067
9926,4940.955475205987,2037.7303045953222,2.0,12.446823474741338
9927,600.331827503245,909.1568393899968,2.0,12.443577662701372
9928,6402.468660476157,1347.0461863717894,2.0,12.441314162325076
9929,9478.181265685904,1099.7472205698698,2.0,12.435073570622075
9930,4039.977494166392,243.8033239367138,2.0,12.434825355346444
9931,6894.786943718991,2900.9169374606613,2.0,12.432518781685399
9932,4589.884993009687,5425.517055833163,2.0,12.428657530790247
9933,7205.7770742915045,2755.295604188922,2.0,12.425653668445038
9934,6007.334950658871,2524.0650664771265,2.0,12.42547637865494
9935,9219.168955255316,1238.8850849656083,2.0,12.424953470410133
9936,633.71938032316,627.8521712349927,2.0,12.424686056780105
9937,1958.3738086340172,3733.0812063467597,2.0,12.42425863402659
9938,5542.453868916305,3308.925537484837,2.0,12.421927666612572
9939,2786.989657461773,3261.693692217609,2.0,12.420936420146898
9940,1694.7616008527204,311.41504392960644,2.0,12.420696273974485
9941,7519.346550988791,5691.054874562737,2.0,12.420359526222333
9942,6664.48373963958,4166.831858722252,2.0,12.419551743371766
9943,3588.055501360249,3141.605736539161,2.0,12.418315749797808
9944,9004.986045684584,2903.774372099058,2.0,12.417722134161592
9945,3850.237263525673,2920.0613114755974,2.0,12.413445226321482
9946,6206.019066715757,1755.6006143617694,2.0,12.413274970938138
9947,8386.09754220763,573.7798437012391,2.0,12.412221983141626
9948,3913.050688591844,3487.76482511912,2.0,12.410327595683054
9949,9483.28212038207,6037.108300686668,2.0,12.409886903479393
9950,5358.956150782009,5041.352319639125,2.0,12.408563819776791
9951,2655.458632425626,2277.0722286091486,2.0,12.407882782983702
9952,5712.694794994605,1897.0923723047158,2.0,12.403803531405089
9953,120.5643139956264,4214.988033610312,2.0,12.399953898788374
9954,899.5013378675593,6131.111935075794,2.0,12.395846782094154
9955,5859.610987465839,6268.9638072653115,2.0,12.395392249425678
9956,3154.5719912760906,6320.0191594314,2.0,12.394406636532642
9957,9326.544851705396,788.9020075503694,2.0,12.393478761678082
9958,1147.275426021458,5031.598762088183,2.0,12.39266624233042
9959,439.9136812981385,5395.648072602011,2.0,12.390719907511091
9960,7368.31145592326,3481.199385807681,2.0,12.390668079044199
9961,377.4876662012678,3584.991374300837,2.0,12.390344430696931
9962,72.00816634977598,1105.5213216234138,2.0,12.389676466500589
9963,7903.476748513218,3257.9154582424344,2.0,12.386948264404726
9964,633.1818599884664,2799.701944221642,2.0,12.386883088226114
9965,1592.270987703959,1605.0830436779681,2.0,12.384624362728747
9966,5835.554387161239,3976.958460194841,2.0,12.383602761357164
9967,194.9822410644692,6295.456455629243,2.0,12.381387556591923
9968,7037.932095575269,5411.477295327585,2.0,12.380250799825921
9969,2777.4334653125634,2289.204528654661,2.0,12.378856795425365
9970,1287.9780507386256,1675.3301993556254,2.0,12.377669429633212
9971,2232.567332099348,1355.1139948235104,2.0,12.376036440384278
9972,8438.809898093134,2891.634718855264,2.0,12.37395493127551
9973,5746.865886374496,2171.1981961034735,2.0,12.372667157437023
9974,3085.681308053598,857.9642135943175,2.0,12.372216256452347
9975,7772.629742107752,3374.9079004285836,2.0,12.371922234611006
9976,6926.0,4809.578220882255,2.0,12.371234225672847
9977,8081.053019587239,2541.6253461209217,2.0,12.36637343273936
9978,2372.3207133059022,1185.005490602949,2.0,12.366271814275109
9979,4986.92027588166,2519.580549787602,2.0,12.36589675624689
9980,6662.489442563968,3406.903041835497,2.0,12.36506449218928
9981,1135.6101893691912,4978.093388158879,2.0,12.364929633159875
9982,7700.456769007132,1561.0528174125755,2.0,12.362847507717897
9983,6170.038929837294,2303.517859288073,2.0,12.362378929389239
9984,5276.610623980286,311.9817923815638,2.0,12.362096848990525
9985,4464.6423168283545,2287.0886517806816,2.0,12.361928727739983
9986,8143.013700692778,2182.2861217176014,2.0,12.361116847583899
9987,4559.082424313135,17.4734060512655,2.0,12.355257113803052
9988,2394.864669617045,845.4619899193663,2.0,12.35475662665338
9989,497.5559605737149,5319.140025020768,2.0,12.351634834603672
9990,4526.415324235913,5134.034762573054,2.0,12.351321392817093
9991,2402.2262643155036,1409.9792246444915,2.0,12.350206086966141
9992,7319.534419999174,5466.099110410246,2.0,12.347202502264272
9993,5022.187885428838,5239.325583030278,2.0,12.345515145662961
9994,3616.0043196595784,4415.660620333594,2.0,12.343832959166072
9995,578.9463311747676,5929.4976475887925,2.0,12.342235994268991
9996,7398.083655304558,6277.379544156859,2.0,12.340544381551467
9997,2009.619156710608,2900.185435268189,2.0,12.339613586709417
9998,6549.432466264097,4641.240690484151,2.0,12.339365338883594
9999,2463.460818283943,4601.131944762665,2.0,12.337443152596613
10000,553.423163396448,2272.918238292768,2.0,12.335777398635202
10001,2739.4374698821766,4979.007279757695,2.0,12.33456438765145
10002,4027.4308055588403,3279.899624028886,2.0,12.334499069174969
10003,6568.957941993568,617.4257534785743,2.0,12.33316864897989
10004,4848.924960626382,5393.604826489061,2.0,12.331139065407616
10005,6369.945461220543,5063.4617117171565,2.0,12.330569850033408
10006,5841.4382975965955,203.78194435812537,2.0,12.330563197646923
10007,7282.5412295220085,4196.1293836174755,2.0,12.330514269847507
10008,7430.944781037036,1525.709016290908,2.0,12.330424598880686
10009,9553.93913375548,1076.667589029456,2.0,12.329728513084824
10010,3952.393066556872,3407.116501397747,2.0,12.329214282158704
10011,849.8963116131393,5659.148704615769,2.0,12.325259504733642
10012,3700.6588945158487,953.9966499567669,2.0,12.324335356953785
10013,9439.267587356326,4571.881586269293,2.0,12.323589414462457
10014,6048.306942686697,4680.936024445591,2.0,12.320918705389508
10015,2788.486802348995,5251.030187819118,2.0,12.320837594670916
10016,6792.0868555423685,5783.618409007403,2.0,12.317642270938306
10017,9007.093947414285,3113.645969657236,2.0,12.316503066244335
10018,4372.963109623933,4923.636673122983,2.0,12.311512485481757
10019,2729.0784584359017,961.6025306295229,2.0,12.31105410484286
10020,1415.9806558611506,295.46073805928245,2.0,12.31085538328233
10021,9322.51882453022,4209.103837824842,2.0,12.310850110709174
10022,6983.556542755349,2813.163128428223,2.0,12.310564662744605
10023,8041.728800544953,1456.914810613236,2.0,12.309336739181694
10024,2350.8966858622257,2789.6637082649863,2.0,12.307430580240254
10025,1962.899400616517,847.6323329164686,2.0,12.30727732609328
10026,5775.4192419824085,992.8061053839073,2.0,12.306155234636888
10027,5523.1185292428745,4429.537793807358,2.0,12.30606114009694
10028,3647.2604823759534,3290.9226193870522,2.0,12.303988376024687
10029,3706.5169088458297,4018.992381057978,2.0,12.303642321333946
10030,774.3421129523223,4385.000459168371,2.0,12.301751010204889
10031,3633.5667354144707,1596.0191505805062,2.0,12.300416663299952
10032,3133.2231551437917,4353.537035127564,2.0,12.298217189156656
10033,786.6223199986413,1743.0,2.0,12.297523188094953
10034,5723.112558031994,3803.5147757815903,2.0,12.297088018451873
10035,5755.370142172551,133.787604120264,2.0,12.296064055785495
10036,3358.4307128384653,1495.9982203916275,2.0,12.295352325075301
10037,690.2026895712769,5183.3595097480065,2.0,12.294090846614983
10038,1046.4691536594378,5722.226012776521,2.0,12.293556711029192
10039,851.4899748710079,6072.968527078824,2.0,12.292839692884431
10040,7317.470875138689,3902.9590326712937,2.0,12.292196254062755
10041,215.6863076856266,171.12189519550174,2.0,12.291962546609588
10042,4053.6923676733686,3981.0466640572145,2.0,12.291849789000247
10043,1976.0505994516209,5893.2468931118065,2.0,12.291536852608711
10044,3399.254962608123,3941.0171272172565,2.0,12.290599606809293
10045,1515.052028083167,3293.556133169982,2.0,12.287793742133966
10046,1339.514465875009,3581.0499026345215,2.0,12.284614567496623
10047,1321.9408712979096,4305.4134172119975,2.0,12.283975112800933
10048,8303.129797285952,6283.624900086147,2.0,12.283495740129606
10049,2297.127135553902,4845.6597767411295,2.0,12.282998457102062
10050,7111.12617911971,665.5030340506121,2.0,12.282335421230421
10051,5076.046026951868,219.45401749127927,2.0,12.281996369033502
10052,6109.462895429033,1468.0440865118098,2.0,12.281970928900847
10053,9197.129334825833,561.4754626783542,2.0,12.280381623894792
10054,7080.369115955095,2124.8072806247715,2.0,12.279935710469694
10055,8627.048677598985,2195.689314727116,2.0,12.274655899128895
10056,6425.550329124132,508.7376664342551,2.0,12.274183079540718
10057,8464.02387629304,823.473544325992,2.0,12.27243083097215
10058,41.426090688811286,6024.038927786727,2.0,12.272112554600119
10059,6061.540861914313,2572.87619454405,2.0,12.268172999378155
10060,3631.605161556389,770.9378705689084,2.0,12.267678345219172
10061,1340.9190549017364,1153.4445268152951,2.0,12.267046074272917
10062,1804.8570689325543,2066.912579005395,2.0,12.26513359439411
10063,8075.609181954054,1261.12320431551,2.0,12.265100938875884
10064,7077.162074569661,3875.5272747350837,2.0,12.263872510590629
10065,1492.5566263681715,2829.0546892999946,2.0,12.263783640267897
10066,6215.074587817522,3767.365674910315,2.0,12.263218405183965
10067,9357.203847969799,2591.5149659179033,2.0,12.263107790131514
10068,7271.831303159532,6009.488212287913,2.0,12.261320526592273
10069,378.5660944377368,1334.990777458155,2.0,12.25909408751482
10070,2650.0314474348534,3221.467956218729,2.0,12.258151290561225
10071,7741.714294627953,4764.176815189665,2.0,12.257450293590528
10072,5043.190905942567,1173.467630582428,2.0,12.256499920183547
10073,8839.001149641877,4971.438442951605,2.0,12.252245223513052
10074,6067.590574088419,5458.937513658887,2.0,12.250762779194746
10075,7582.586470623025,3268.905143417168,2.0,12.249241434460602
10076,6745.535042336263,2784.9731497126413,2.0,12.247928810811096
10077,4739.969804952763,4679.645146865187,2.0,12.247918213525832
10078,2553.2642563368104,3012.090305333208,2.0,12.246930633671193
10079,7437.9422899874,5945.428350675158,2.0,12.246510314346763
10080,9253.05600253974,105.30752818112681,2.0,12.24234547136923
10081,7691.662244556807,3133.0438160101153,2.0,12.241020379673065
10082,5810.885484995485,6069.501670931165,2.0,12.23915000711837
10083,5902.155717237728,1523.583296020117,2.0,12.237128498907058
10084,2561.593719212875,4256.126922187404,2.0,12.234477237392332
10085,1677.9770339469233,4335.563877532973,2.0,12.233624641990934
10086,9192.544043531598,2352.8904002054464,2.0,12.233167728968063
10087,9039.428030940247,944.0475330079303,2.0,12.23283309766047
10088,8377.899333223202,5053.488609681831,2.0,12.231948940119027
10089,101.76185855108712,5298.955510705857,2.0,12.230674023986209
10090,8822.10719454681,3943.4370655612743,2.0,12.228431794019361
10091,8029.61591774824,5252.831005174964,2.0,12.227647877351343
10092,8856.0290760589,1705.4760547696487,2.0,12.227531705522596
10093,8634.02094424452,3975.729788243044,2.0,12.226621862859544
10094,1612.104905080119,4003.721958037312,2.0,12.223436392924091
10095,1772.0,5185.344532321498,2.0,12.222896340836538
10096,5448.351700638896,5755.118475038916,2.0,12.221362359609364
10097,8832.950173020721,3655.5184280640105,2.0,12.21969270992253
10098,608.6500075269898,3023.741211082394,2.0,12.21965601648628
10099,5676.435576977357,1360.8692064425827,2.0,12.219076919249027
10100,8789.996848133664,3717.207963703854,2.0,12.217282567947588
10101,8140.690114392474,2839.925187555294,2.0,12.214799113414909
10102,4279.3891531709105,1450.0019353391338,2.0,12.213997215718202
10103,2952.6880823153997,608.9240735659537,2.0,12.212621405698174
10104,8002.549703396686,939.0768395551779,2.0,12.21233477501475
10105,4179.979653472445,2277.269731496722,2.0,12.21105006352386
10106,7626.405549963016,989.1305701411594,2.0,12.210636742876606
10107,4545.0930228241195,3971.4226785078,2.0,12.20964213072959
10108,7783.864224949426,191.7654862179326,2.0,12.20546691520047
10109,6371.328047869967,6047.062362753431,2.0,12.204400046471585
10110,6024.95889405194,3331.558528566667,2.0,12.20191196860199
10111,8260.427367801207,2176.074741219454,2.0,12.200605455639355
10112,6068.506072302454,1534.0254051987426,2.0,12.19867064845377
10113,1005.9342528872714,1213.3961856963606,2.0,12.196033468841096
10114,2046.051853068932,409.613461523445,2.0,12.195383022984366
10115,6893.498030657254,5208.817122396854,2.0,12.194253139216135
10116,8408.977535326065,3815.493408975063,2.0,12.194213255444678
10117,8444.012722989222,3079.596254647282,2.0,12.19381529238799
10118,376.9877756151909,3835.603365233123,2.0,12.19289723605258
10119,7548.30552817032,4733.226129583023,2.0,12.192176144613217
10120,8743.048505394478,2179.375683854617,2.0,12.19080744162628
10121,9369.802229560391,4416.392756208265,2.0,12.187297016847976
10122,8296.992762037398,3885.5056756726563,2.0,12.183837766565489
10123,2080.2229799133493,1906.121940806884,2.0,12.183612773714813
10124,5101.531476926708,2475.9160991070707,2.0,12.182495943662557
10125,2774.4532702605816,1342.0666818703955,2.0,12.179105699951707
10126,3809.333426041112,5611.086742742077,2.0,12.17895481154633
10127,4190.992877122894,657.389831339794,2.0,12.178504577800659
10128,4002.089210905486,3685.524668460054,2.0,12.178006030495963
10129,4778.487498239727,1002.2987442623021,2.0,12.176088856354156
10130,6062.081395007269,3191.668694284225,2.0,12.175739195467276
10131,3998.7187505179486,5311.39886970481,2.0,12.174687590288185
10132,1960.2758464639728,660.9139069634965,2.0,12.174471745759277
10133,9024.897094231505,4669.2829148535075,2.0,12.16572350307024
10134,2158.207281373738,3029.9578749473835,2.0,12.164705638101598
10135,9477.663226605408,2777.9290733168245,2.0,12.163367777552148
10136,5096.663583807305,4605.97192718916,2.0,12.162201542043793
10137,1212.4097215068264,6053.7901537404405,2.0,12.161227020531285
10138,3792.6646669371653,1864.9997117002529,2.0,12.158694511805479
10139,2126.613684107346,5817.9867014616575,2.0,12.154299575653964
10140,2509.9728834548155,2111.414418919583,2.0,12.152790850522763
10141,2611.1975068846828,3325.6081910782245,2.0,12.152521358586338
10142,9516.511017242732,4308.907418026471,2.0,12.152282245016641
10143,1285.5879972140494,1367.9536100037064,2.0,12.150033120424128
10144,5709.349467714541,3994.9442287318543,2.0,12.149419161471396
10145,1715.9556986540588,1629.4796473495123,2.0,12.149410965130292
10146,1749.576172785347,1318.9591529348563,2.0,12.148387402078203
10147,3451.4978575904875,5795.025462325615,2.0,12.147935979520215
10148,5614.462401207405,2874.9445599980195,2.0,12.147578433707988
10149,722.3777855543497,67.9607043409779,2.0,12.147211378357506
10150,5302.4838182793155,2020.8927700113084,2.0,12.14456318848467
10151,8810.575799698705,3676.9442728082786,2.0,12.143207344263764
10152,9521.114058539593,4155.477731267124,2.0,12.142314149943516
10153,7969.659244117095,4773.95139904896,2.0,12.136199041578996
10154,1137.9400723625347,3695.4496750356175,2.0,12.132420981588604
10155,6940.688316271195,33.887959644359874,2.0,12.132345969294356
10156,1944.601917849956,4503.961962764224,2.0,12.131995109008958
10157,1762.3172729445243,3327.0076970090704,2.0,12.129438167137238
10158,1127.1496241865368,1765.4044057961094,2.0,12.129308833390583
10159,1791.9604006332277,3963.510037708658,2.0,12.126160228659975
10160,3955.0183490507975,1827.6018027058149,2.0,12.121736666865738
10161,9407.11000640438,2147.737518873429,2.0,12.120752449378095
10162,4716.137030480278,5563.437787286884,2.0,12.1170448862557
10163,7888.361790518123,1405.9880069567002,2.0,12.114554506466005
10164,5499.456853834449,303.10210297469513,2.0,12.11271975700937
10165,8196.57411459079,5048.152056558302,2.0,12.112203259060456
10166,4873.992539103744,4561.373601198149,2.0,12.112032619234379
10167,219.13449920835228,4365.622828480352,2.0,12.109877949889405
10168,8388.542132119763,3257.0199075541213,2.0,12.109382684345903
10169,8291.070623714748,3595.4922572005125,2.0,12.109128096360507
10170,5566.5096052244235,5869.1309718427065,2.0,12.108788763108839
10171,1849.4076172587088,1984.86827477334,2.0,12.105723578763522
10172,1693.0835119759006,245.49298327252123,2.0,12.102014770506177
10173,3261.675630655251,2073.965975433624,2.0,12.101716700579068
10174,3803.686863090556,112.98294532688648,2.0,12.099823351138545
10175,3551.0300956345986,1321.521672097815,2.0,12.098397928579244
10176,1560.0281074275977,5171.419770248254,2.0,12.097775757896127
10177,6280.734028451077,74.91726190291482,2.0,12.096766776336777
10178,4863.467155643644,4592.973711733273,2.0,12.09617820934447
10179,2648.104980443996,1319.4639261198536,2.0,12.09491117611761
10180,4532.581328825072,5063.992871488311,2.0,12.09321705275475
10181,8193.253023764062,6125.687016722819,2.0,12.092998091016195
10182,6539.969214479147,3625.4913894758793,2.0,12.087522282444628
10183,4628.971554139073,3839.242681093987,2.0,12.08700699377908
10184,443.6060504794856,644.8558352290768,2.0,12.086081630526724
10185,1913.35041949622,1812.948014232153,2.0,12.085572431737319
10186,306.0217300816671,2459.631418375658,2.0,12.080521707874652
10187,160.51685871137323,3750.8434148926854,2.0,12.078177925732323
10188,4938.032487510023,2925.6120965716773,2.0,12.07543366241665
10189,3184.124089277149,4083.478254792586,2.0,12.074148225086546
10190,918.5183599544649,4691.984511574846,2.0,12.06812398232053
10191,638.2338320766647,5567.594604813708,2.0,12.06638325163372
10192,2027.4068390444022,4206.962398223834,2.0,12.066353177864924
10193,772.9080049899804,3315.5292085729798,2.0,12.065118165920783
10194,9174.553677331178,5484.0199473614975,2.0,12.063283589220017
10195,5663.00006759912,6277.412774450904,2.0,12.054421511288682
10196,7808.140058507696,1351.7623409537198,2.0,12.053148338859952
10197,163.10818626292036,2371.578884157748,2.0,12.052551874506163
10198,9211.081446160697,1621.6264100792237,2.0,12.052280680496912
10199,437.95400442600936,83.33697894183621,2.0,12.051722623657547
10200,298.1058310709949,3905.65757092559,2.0,12.05082357597406
10201,8253.380890390436,4231.0281021088995,2.0,12.048955759553976
10202,6592.78092023609,2709.2482395939937,2.0,12.0482895527827
10203,7819.50996563761,1894.0940836730879,2.0,12.046243788635083
10204,4147.087420919774,1785.7175635295578,2.0,12.043588336410526
10205,6032.047885576465,2763.7413211877256,2.0,12.041249363057041
10206,6784.101676366824,211.3947646505636,2.0,12.039945720272197
10207,8873.48290272348,5873.032165875338,2.0,12.038878539579638
10208,1783.7445598600195,6359.092228672059,2.0,12.036622956399302
10209,6083.44581212219,4165.2318136633485,2.0,12.03506682740421
10210,284.95185854114624,6149.418710486546,2.0,12.034521116934467
10211,6089.090384284403,2621.5715514006583,2.0,12.032562429742487
10212,1156.979708428406,4833.528560275172,2.0,12.03252699837728
10213,7772.140439416806,2513.58755238498,2.0,12.032526091174564
10214,7826.723968148203,2427.0461711273333,2.0,12.031038778541436
10215,248.26813765726772,6247.430478400255,2.0,12.026964759679753
10216,2174.9816286991067,6087.474142478202,2.0,12.026670558744046
10217,3330.8756083373632,3449.449207468716,2.0,12.023985958281932
10218,9511.00743888764,2555.6880486288824,2.0,12.023902964352004
10219,48.43122898138417,2040.9947005424665,2.0,12.02134182490505
10220,6090.474466408395,4033.981540419187,2.0,12.01679916718214
10221,165.31754187778736,3592.9747766252326,2.0,12.012973419901746
10222,2931.074578402616,2503.6510286809953,2.0,12.012696528576733
10223,3122.86943780938,2687.7432782626097,2.0,12.010587805306335
10224,4456.393982800047,852.9955087282326,2.0,12.009322326883861
10225,9564.438873161995,2316.952973188696,2.0,12.008206850939432
10226,6222.995660590326,947.6589274150127,2.0,12.005411555875448
10227,520.3245943663912,2825.0653935270516,2.0,12.00363782450016
10228,5259.6689869729535,436.04843961424325,2.0,12.002508773508831
10229,2429.0874764704895,5785.362458940497,2.0,12.001739761259183
10230,6137.97657947769,2025.5303267426766,2.0,11.99917526054718
10231,4786.357898426966,5016.058616115278,2.0,11.997644143678095
10232,3427.089828590446,297.4910815469094,2.0,11.992753158052029
10233,4230.944831422618,3199.559271294232,2.0,11.992283868239303
10234,4641.449781459806,5318.952472993908,2.0,11.990643786121252
10235,2582.6950133671958,2288.9787482333736,2.0,11.988169658284383
10236,1470.6061536353307,1277.1767316918879,2.0,11.984525952332142
10237,2941.5144245533716,2250.119599249748,2.0,11.982016502716977
10238,759.1615867314431,3091.4308497725037,2.0,11.977138119385835
10239,1044.2108011862388,5822.310980768453,2.0,11.974651333440292
10240,7685.964245602035,1783.424335967248,2.0,11.974523245176929
10241,186.31504534018814,4983.957827835425,2.0,11.974308494653133
10242,7874.069269482641,5307.3595602615105,2.0,11.971625033936158
10243,150.6248394151763,5519.084823808688,2.0,11.969879540714206
10244,7267.416173779213,3745.7407969381898,2.0,11.964888718072732
10245,7932.28733621479,639.0335893932273,2.0,11.963800821940081
10246,6094.375391497083,4550.0544078513685,2.0,11.961634934584808
10247,5443.103282900498,2465.4464664689717,2.0,11.96148266571752
10248,7252.290015512203,4874.036657451178,2.0,11.959920438543955
10249,4861.483652614562,646.9498216003593,2.0,11.959839101864295
10250,784.4146677023681,1024.0002090053783,2.0,11.959320073222019
10251,755.7814114514638,5271.344314019063,2.0,11.959267884219038
10252,8894.484367433124,523.9887785732454,2.0,11.959244380110777
10253,33.019979709213416,1523.5661379167166,2.0,11.957996978198528
10254,701.376239359043,4918.987483140795,2.0,11.951860024846882
10255,7992.3203964925415,1891.093604679315,2.0,11.95173315408011
10256,1800.9453660843376,1263.5010869842667,2.0,11.950494410206751
10257,856.4706295254774,3821.0997019573592,2.0,11.948386114417957
10258,1210.940347487331,2025.3095109172718,2.0,11.94580985125717
10259,2218.4519077400923,4741.765299788219,2.0,11.940376787420433
10260,5097.046704299935,4821.540058238216,2.0,11.937980232067703
10261,5201.41939574075,125.20682820726734,2.0,11.937346955899807
10262,15.48956036715308,392.95460545799557,2.0,11.936514935289532
10263,4260.1975047255655,3337.11077358161,2.0,11.936114476357455
10264,8021.994334416149,3475.3551854624334,2.0,11.934659253783641
10265,7479.209368237577,639.5694878687497,2.0,11.934349356259734
10266,8855.538592283547,6352.896070442669,2.0,11.933731585028093
10267,2566.0721524000087,4775.357967825626,2.0,11.928651591310953
10268,4029.519109080021,2316.8643954477925,2.0,11.927476777726417
10269,7065.172747674679,5287.435941512869,2.0,11.922846185616288
10270,3716.233857243269,5869.203421154766,2.0,11.92232640627924
10271,6204.3812157944185,1224.9014232416537,2.0,11.921664199992986
10272,2164.1074048812734,4703.661642142617,2.0,11.920244354989748
10273,8155.554890311594,788.954811490732,2.0,11.91839075433201
10274,6359.562339417832,1877.1279575536764,2.0,11.917449332445841
10275,4154.541592880292,4699.005105599451,2.0,11.917365590922845
10276,9358.648526708104,979.8020279988344,2.0,11.908717014830778
10277,7721.905994061065,5897.583941801491,2.0,11.907037596553083
10278,6971.572231090231,2268.9579271565563,2.0,11.903513280623978
10279,3971.7546152192067,6077.772630666325,2.0,11.90239661907317
10280,9109.578768789052,2029.1314030099666,2.0,11.900417199308613
10281,6607.750485896922,295.2512989514673,2.0,11.89969233524887
10282,1322.9895854695849,2921.344914728421,2.0,11.897674194731543
10283,5701.9458205432375,5331.55098196535,2.0,11.895443091868689
10284,523.2997075882014,521.1206882658456,2.0,11.895305271366832
10285,832.9181482298975,5717.507217900074,2.0,11.88997645141515
10286,670.3506916594941,2924.945756790578,2.0,11.889158759965175
10287,6958.489171113025,5100.100147647057,2.0,11.886116375018807
10288,2865.5676178807216,3411.1694426027807,2.0,11.885306712568461
10289,1811.4343591094453,1008.7763942128255,2.0,11.879963214340577
10290,1389.1889122421467,3503.441306034971,2.0,11.8790960803701
10291,8721.684538524636,3040.0791195372626,2.0,11.875322368399045
10292,4457.933279401886,6175.620174813371,2.0,11.874063067449809
10293,664.0527921088923,2271.6643915329023,2.0,11.872752584693684
10294,6383.927140524159,2787.7654369461993,2.0,11.872428350645253
10295,1082.4824912117215,5323.09958675407,2.0,11.871175234290078
10296,7057.611276656861,520.9349181580084,2.0,11.870690088018728
10297,9098.549690458884,6261.8290909087655,2.0,11.870386662952386
10298,1073.6804684563187,4535.035909868835,2.0,11.868991197403412
10299,5310.474925940803,861.8807765814306,2.0,11.868516022012964
10300,7664.612161491372,5446.948392771301,2.0,11.86508159320989
10301,6452.042412732863,871.44176649466,2.0,11.864338303078577
10302,1897.5854757936202,3180.9006954317288,2.0,11.862246990560982
10303,7991.545309510594,5507.013234789221,2.0,11.859979900617581
10304,5112.438891960635,3798.044824734719,2.0,11.857995721246496
10305,5564.398547194366,1148.1694362115152,2.0,11.857763753467472
10306,1300.0210045855363,4843.404856710697,2.0,11.856042616778417
10307,5926.322578031797,5015.080381636668,2.0,11.854014027387207
10308,1838.1859733413298,2945.952456298495,2.0,11.851952406904795
10309,4802.841323308982,4046.064645097104,2.0,11.847723842673446
10310,9062.068864542734,2353.5306475486223,2.0,11.843604776714303
10311,8076.0978410225125,4877.584698717124,2.0,11.842937648152693
10312,4810.115722250582,171.43841238453027,2.0,11.841332102718079
10313,6222.511106768135,3928.87372696424,2.0,11.838346528499763
10314,6112.511441482276,1005.0711106710105,2.0,11.833511068212447
10315,4557.198585624721,5449.453315337498,2.0,11.833230034229723
10316,1596.4586343624908,2542.958804477001,2.0,11.832880625080852
10317,27.57259623762063,77.95942071765808,2.0,11.827996732858349
10318,9056.477195258327,899.1585689600444,2.0,11.826638195590508
10319,611.0988369168012,781.5046900827838,2.0,11.826392558315503
10320,3781.4757445213,824.7942336985733,2.0,11.825178355420588
10321,4390.3562734095,5469.212703676587,2.0,11.820001928932264
10322,4720.62735725681,4963.019336415537,2.0,11.81979386206095
10323,2649.5157521851993,3300.913803943172,2.0,11.816382079113701
10324,5735.544721824226,3191.072484308621,2.0,11.81506929108038
10325,9333.1474027536,5609.806769396251,2.0,11.806325447726518
10326,9464.382962942489,6001.146986555252,2.0,11.806141477226921
10327,6164.355057280902,1975.0567720997321,2.0,11.804018676854376
10328,7995.325911140475,3731.098081741774,2.0,11.803295042063283
10329,9311.049802042244,2757.7901666882403,2.0,11.801604404128323
10330,4200.015427219211,5367.514629380606,2.0,11.800949671088121
10331,8227.411162459219,6035.009017359847,2.0,11.800923159844828
10332,121.23428239164556,2438.8522184794015,2.0,11.800069753507225
10333,1016.9478866701911,3583.453639757282,2.0,11.796090801635568
10334,9374.989140566724,1809.5143785262567,2.0,11.792213863399239
10335,2886.288974324023,358.9879697992195,2.0,11.790531943764966
10336,2654.5290258911687,1465.1061593370202,2.0,11.790494788856154
10337,2857.9738397051788,5937.59518449879,2.0,11.788766224663464
10338,6524.623942767818,2720.8886802008624,2.0,11.788749974139826
10339,7234.719356338847,413.0634978454571,2.0,11.78821886925375
10340,703.0851168297634,603.463808301629,2.0,11.787741364574348
10341,3031.483329722975,4285.042407450038,2.0,11.780519549935592
10342,7128.455806280386,4828.078035293994,2.0,11.780180440403745
10343,3882.7225993122324,1767.0184149397735,2.0,11.778704330733506
10344,64.34993683638243,589.0326799367406,2.0,11.776926973187562
10345,3056.3493180032547,6322.137872951819,2.0,11.770384402360412
10346,9223.60567834234,5424.889095306788,2.0,11.770302221062122
10347,4622.9361283612125,4103.553341000564,2.0,11.768467608211193
10348,1443.307283524347,4405.851036366933,2.0,11.767781808348762
10349,5807.304980432532,5027.141315302117,2.0,11.767564714158038
10350,4936.237367024371,2988.0989067026685,2.0,11.767271124779336
10351,6967.444936629907,366.7588533578161,2.0,11.765841579268344
10352,6963.016999901751,6057.497764307515,2.0,11.761556749347795
10353,1546.379910750841,4078.232912723011,2.0,11.760703841300387
10354,3566.434332995142,1778.9405287024113,2.0,11.759517305642206
10355,3183.9097243420015,1259.7574312140814,2.0,11.758977309967383
10356,4062.624343086317,3430.024301392762,2.0,11.757457443361526
10357,9528.248615119868,3693.1392986801607,2.0,11.75570837350202
10358,3549.528986386119,2151.1387994714446,2.0,11.755415674879902
10359,3169.537408170529,2054.984980899195,2.0,11.754963821982505
10360,2752.1145833697246,4491.445045320654,2.0,11.754207704051197
10361,37.50987386313586,1614.9156223907025,2.0,11.754112126216306
10362,8801.384105976314,1775.0173108258775,2.0,11.749822471656802
10363,8960.083411528947,753.4440480252921,2.0,11.749797064511265
10364,1330.2286942055673,183.56256557278968,2.0,11.73741205316688
10365,8178.9565875051885,4859.523072305782,2.0,11.73696589579962
10366,2928.6398374641026,3315.0813279863482,2.0,11.734729364945284
10367,2220.134023475407,2746.5654390611144,2.0,11.732685061616724
10368,2329.012522473863,4563.554132166453,2.0,11.732456259243516
10369,4478.4117868366175,13.079929835987826,2.0,11.731727058816979
10370,377.9489167372012,1517.4598500419138,2.0,11.73149091802289
10371,1969.8888872914513,2245.40527699612,2.0,11.727701601280826
10372,6025.652921425871,3403.0,2.0,11.724927400940128
10373,6840.385314053413,3821.9886476208894,2.0,11.724720689901982
10374,4171.884968645791,3265.4855777836724,2.0,11.724314672907962
10375,1050.138240298948,4609.74557290669,2.0,11.721179837517255
10376,9144.30092430608,4062.898097529192,2.0,11.71947800368886
10377,3515.501739952417,1437.0383897021943,2.0,11.718742724082803
10378,7943.501182814775,1024.938632038364,2.0,11.7155880631523
10379,5888.418187685206,397.0134523096062,2.0,11.715028819213346
10380,4141.482861105306,5878.0307544161205,2.0,11.714816813019894
10381,6306.480116237068,2171.075482053775,2.0,11.713523633458726
10382,4983.571105112036,6127.9054479498745,2.0,11.713084591614024
10383,2791.986125530086,457.57763765146683,2.0,11.70954226314633
10384,3562.4495124012983,5753.111010216325,2.0,11.709074120909685
10385,9124.423427397878,5646.947163977711,2.0,11.708434355584032
10386,4982.4941486948765,3872.953831387729,2.0,11.707748120672404
10387,861.0830350552758,3207.550033262897,2.0,11.706533300370777
10388,4339.859892913164,3981.257809921873,2.0,11.703207478731672
10389,8933.079113942234,3565.4882583932385,2.0,11.702805922562328
10390,6245.427386990908,1834.017972675921,2.0,11.702679208543561
10391,7294.950337829401,4027.651010428126,2.0,11.699824496318648
10392,3647.686676903557,58.809559483367025,2.0,11.69970385922241
10393,3956.481476440298,4813.00857110882,2.0,11.696128992121553
10394,1434.0462438205802,6333.388223599755,2.0,11.695706025087341
10395,8977.405922119258,3482.90508550142,2.0,11.69082332573197
10396,2215.1429452029083,391.5516285557914,2.0,11.690769449118037
10397,6836.457989481109,751.979673460266,2.0,11.689763089879598
10398,4520.2831146649205,2235.023756226946,2.0,11.68808557081687
10399,8111.956357130012,1329.6025630721945,2.0,11.685911700070001
10400,5602.370221275303,4133.982526460629,2.0,11.683670398196156
10401,8865.035002972149,2921.54864232378,2.0,11.682301904101825
10402,6349.664757602448,1037.1083805914275,2.0,11.681313098191188
10403,4628.395132485579,2113.083248022452,2.0,11.674818528724284
10404,7005.540452158701,1750.1127857518409,2.0,11.671515350984714
10405,4676.972586169196,4833.399997868389,2.0,11.670964548880853
10406,7648.756614559556,4129.97919552752,2.0,11.670110446095556
10407,420.4989922487343,452.901509424499,2.0,11.669416259178913
10408,4009.0298345247775,3943.6280530081153,2.0,11.667975227716326
10409,9324.362635525833,3199.1559406125307,2.0,11.667614435120909
10410,2335.6833584867018,5464.073920969351,2.0,11.664815369159099
10411,5110.5406493020855,4993.086711997206,2.0,11.660581976683789
10412,4891.558663009024,4985.054771292357,2.0,11.657884856196622
10413,4955.607220910741,811.0012257808677,2.0,11.657009511947567
10414,9178.439943476598,2849.0693717012064,2.0,11.656270044792286
10415,2025.955021954529,4663.386236198636,2.0,11.65594500663521
10416,9060.040374757078,3265.80080107432,2.0,11.655006085147727
10417,7116.489630809073,1215.0222447568012,2.0,11.654219066554043
10418,4774.988795493922,4947.52320256733,2.0,11.653624875044432
10419,3427.5437436633347,386.08693493431224,2.0,11.653179754401263
10420,5182.9867882830495,3923.60729429776,2.0,11.65013785971018
10421,8008.008395615805,371.57830713419423,2.0,11.649377356286147
10422,1481.6431165882905,623.0066353303711,2.0,11.649191206742302
10423,5166.993738164697,4537.202628317292,2.0,11.644911665191918
10424,9480.94734479198,5459.520785713902,2.0,11.644476302992882
10425,2634.1790106408994,3901.4100606379934,2.0,11.644251730333822
10426,2827.492471788736,5677.986234534146,2.0,11.642038947534598
10427,4047.5142437002246,1451.0256756936785,2.0,11.64116809791241
10428,5010.604213990986,3569.711112008057,2.0,11.64090556801947
10429,4358.072629061044,6035.665690980291,2.0,11.639228241328425
10430,2281.011127667073,4655.302208668763,2.0,11.63789047173944
10431,6678.150353763338,2253.4729877115815,2.0,11.637594076016205
10432,4201.515331917348,3617.0588691504963,2.0,11.635058953712488
10433,8975.156010720711,2199.6349240334675,2.0,11.634663061674408
10434,9247.442412915132,4486.978013803139,2.0,11.634422707023322
10435,1217.3870153214225,127.05561889337353,2.0,11.633296259094704
10436,5608.139570555926,3118.6909469873026,2.0,11.632032328086945
10437,3849.00876154372,1939.627609518777,2.0,11.629564781703017
10438,6041.217237485261,4449.388449024055,2.0,11.618876934237012
10439,5041.848494341837,6071.54010794513,2.0,11.617151320706428
10440,341.00850534458334,5839.459853235912,2.0,11.616899647360095
10441,5652.995024307767,835.6111110415462,2.0,11.615708840288605
10442,6608.696295575799,736.9189115186276,2.0,11.61304534536259
10443,1834.3723305352285,1035.8774895635788,2.0,11.610308292444525
10444,6548.278105045947,553.0050691738985,2.0,11.609980862125333
10445,2280.7125700576526,5099.934351099735,2.0,11.608755510053337
10446,1918.04943855965,787.6694928724769,2.0,11.607926828057037
10447,4695.458602595201,205.08552033132133,2.0,11.607384563893014
10448,8772.614393082182,3756.9528839757754,2.0,11.60709081315004
10449,6037.043015262981,1409.6351640212126,2.0,11.606401868332993
10450,2552.047369023324,1509.5336327294551,2.0,11.603788042422083
10451,7333.600892387483,19.044588651425958,2.0,11.602659185475298
10452,6474.057830380459,5373.4000867430605,2.0,11.592176111020073
10453,6301.740896366487,664.8958854825239,2.0,11.59138040530715
10454,5652.081395747168,2361.585668251737,2.0,11.591126575465703
10455,4121.849972863965,6271.597545466071,2.0,11.59104083523297
10456,8632.591444535741,6263.946532986561,2.0,11.590664996998548
10457,8154.202750164859,4825.81616650207,2.0,11.588937786360923
10458,4490.509474604238,1093.9117714805911,2.0,11.587556525734248
10459,2915.4761645309695,166.00832659104833,2.0,11.583461702519678
10460,1405.4989781077838,1868.9717282504428,2.0,11.583421408779307
10461,3141.6529485097085,3023.1485392117916,2.0,11.582684907250854
10462,5987.729724485337,3731.0687059011866,2.0,11.579821199732123
10463,8722.509133857535,1396.8966776727727,2.0,11.578469769146384
10464,879.3798279028942,3730.1939771833036,2.0,11.575979290901001
10465,4566.653615360678,5707.076583746871,2.0,11.575185848065361
10466,2531.2346370103933,4470.301679105726,2.0,11.574263395493542
10467,6278.50762138725,5855.76900557274,2.0,11.572103553309631
10468,5897.721904304998,5148.1299046175145,2.0,11.570961017312179
10469,5057.6561640561795,4296.94693493593,2.0,11.57062042569694
10470,5038.080248976828,3741.5937944094862,2.0,11.568085060798895
10471,7386.417371075862,773.0406550678546,2.0,11.566694212710615
10472,9266.138733549371,5871.557580919016,2.0,11.566359957989695
10473,451.89458344692105,5392.890066435866,2.0,11.563426424520392
10474,7857.629641598724,868.9351227013678,2.0,11.561846467231385
10475,2129.539135134095,409.10190044053627,2.0,11.560157807486503
10476,6858.641204863908,3843.8703924916176,2.0,11.557594708244475
10477,5734.124508533642,1899.484200171579,2.0,11.55560552087151
10478,3925.891789160998,1811.4576689520266,2.0,11.555558423642912
10479,2547.3782873938885,5100.095331155093,2.0,11.553184467135253
10480,3766.0014742839635,2067.780110551695,2.0,11.551786361511
10481,7443.46973935267,5384.165195694637,2.0,11.550308597294654
10482,294.3501803885837,4838.802801820669,2.0,11.547576327954864
10483,9375.236723406304,1149.5354563471462,2.0,11.54687506404135
10484,6732.748671495669,3301.063051897266,2.0,11.546562382534105
10485,3461.503676146326,1321.8899718830662,2.0,11.545347393539675
10486,7189.087730230205,6257.368423696033,2.0,11.543215650148408
10487,3776.2630039583228,3907.1737465775304,2.0,11.541206816116743
10488,7516.932458308891,5557.771733727721,2.0,11.540304639613153
10489,9210.318098954052,3412.8790706806167,2.0,11.538972533886815
10490,8980.394151758946,2422.9620303481497,2.0,11.538152533376278
10491,2163.9112616670577,5885.551117362278,2.0,11.533070952980237
10492,582.6160972969982,2064.1498251925686,2.0,11.525054380421688
10493,2837.1210650677517,2361.6835634452154,2.0,11.524577571651509
10494,1623.9747506661288,5667.505544091744,2.0,11.523223434521151
10495,3802.460665805213,510.91540350757987,2.0,11.522889413823814
10496,7030.3457629984605,1963.1251943089455,2.0,11.519223317351798
10497,2885.440916805078,3423.0724952960322,2.0,11.510128262892641
10498,9483.104590924979,2985.680851059943,2.0,11.508828344596077
10499,2685.1089448406738,5911.405553629111,2.0,11.500624812797716
10500,549.9899884674597,3049.6019152472913,2.0,11.498251137402468
10501,8028.060389140115,6189.575110380096,2.0,11.497789765698327
10502,4291.987594569219,187.71570607267094,2.0,11.497499937678109
10503,1520.9614817303407,279.4499351788405,2.0,11.496319761426234
10504,2813.585218966937,1204.9392472949887,2.0,11.494863161190999
10505,1330.3385445948443,1329.0093620863372,2.0,11.4885408338259
10506,6635.424664300681,2769.183378381726,2.0,11.487796413004496
10507,296.0991123962338,1493.456284845254,2.0,11.486966979963894
10508,2089.9278022890094,2031.4231178046355,2.0,11.485931404673034
10509,769.9969356775844,5043.249504738297,2.0,11.485461901144587
10510,6529.077579774139,4927.435206674772,2.0,11.482888728223335
10511,4444.050600146834,1115.5437958351283,2.0,11.48248190127425
10512,5433.921345470246,959.5295266603686,2.0,11.47934229386991
10513,8991.492041409187,1478.9751568072475,2.0,11.479094919450414
10514,2716.5219144202747,1929.0071421594853,2.0,11.472552379286096
10515,2624.069747055725,743.692462034698,2.0,11.47143609290568
10516,5936.865840219649,5461.417150690261,2.0,11.471186181898307
10517,8876.963426724882,6155.513747698551,2.0,11.468690620899567
10518,4120.292537544087,2942.134369128836,2.0,11.466911251456139
10519,7976.53141649249,3808.978490036451,2.0,11.466815094171988
10520,181.0020449725747,2441.5545292295456,2.0,11.466650488041402
10521,6737.298781689976,3933.0181019289817,2.0,11.463787168123526
10522,3457.9639389138065,3445.4639573464265,2.0,11.462633521406676
10523,1750.5152604101738,1019.9541025386803,2.0,11.462236476986414
10524,3378.4671709369627,2607.989080662262,2.0,11.460512415764489
10525,6933.567376914296,5498.9838302082035,2.0,11.45965785622258
10526,8915.016810207531,5013.594708429537,2.0,11.458200002584316
10527,3974.503078134205,2338.8151647831623,2.0,11.456690651991499
10528,4066.0083057263887,4365.674304113636,2.0,11.456619703144682
10529,7962.945472799416,1619.4945866359706,2.0,11.453662009997082
10530,9288.537625453728,4215.935897962775,2.0,11.446874177064716
10531,5106.61162416092,3314.989646388635,2.0,11.444352906957437
10532,4451.976385326003,2375.4091119801196,2.0,11.443981534305035
10533,6706.800770336774,845.6613026637256,2.0,11.440903855007027
10534,7221.961958612277,5989.421213655712,2.0,11.43923413213939
10535,7431.130757590461,1181.4675512411209,2.0,11.434361880851771
10536,4767.040102156949,5597.278124949143,2.0,11.433703295881422
10537,1630.9313707729866,5249.571193264101,2.0,11.433265348873881
10538,2883.5540159768525,892.8510913470267,2.0,11.429045884401306
10539,7990.030009065305,2523.5414111991295,2.0,11.428911145804339
10540,7047.993604719225,1051.4453346237372,2.0,11.426009091701415
10541,6851.442287142665,1139.9927632980828,2.0,11.425886105475486
10542,1266.3859685499783,2172.96148156624,2.0,11.425166313798416
10543,1430.7053252698008,3304.9639537470944,2.0,11.424694874709935
10544,1780.4253622998403,1089.2098134774646,2.0,11.420120298882619
10545,4664.176588056462,3043.5121290864804,2.0,11.419927579632805
10546,8200.37895480532,2012.9213940095779,2.0,11.418294019928794
10547,5326.865953170435,2261.6445205783184,2.0,11.413283395258674
10548,3066.9347148968222,3801.7809869444877,2.0,11.411927268085389
10549,7803.220981967037,921.8391147818292,2.0,11.410662184665364
10550,9087.077503366801,1613.4272304608369,2.0,11.40924016816764
10551,3220.9368010074086,5121.420343889098,2.0,11.409070314029192
10552,5345.100153272166,1201.482968417155,2.0,11.393666596927964
10553,5343.980158050438,1591.6298742017223,2.0,11.390202366937283
10554,246.60010600742095,5656.987898631679,2.0,11.38984169923843
10555,9497.159805277415,4591.471938727893,2.0,11.389402119896719
10556,8273.452112721176,4396.949184849487,2.0,11.387337281344545
10557,3044.8977612249914,5941.471823493823,2.0,11.387305381306764
10558,483.8006054824286,4713.495246493548,2.0,11.386980943935136
10559,7484.897349371446,219.3331620780501,2.0,11.386833534492292
10560,9566.85971880026,5907.447160379986,2.0,11.384517645365067
10561,274.0622708129001,4779.572868744863,2.0,11.383776333476149
10562,2241.645414508533,891.0244610427548,2.0,11.38370992715451
10563,2861.060691541382,5429.434303914878,2.0,11.37971430998041
10564,8786.072080753393,4625.521774655972,2.0,11.379180437040702
10565,4558.498862390844,1645.929681512438,2.0,11.372158222452335
10566,5311.269892514137,306.0268363554902,2.0,11.370668861013732
10567,9276.41813546494,5778.915878089568,2.0,11.370506437257664
10568,1157.1220867812451,1861.4482314656893,2.0,11.368130182611583
10569,6755.036049400126,5121.303168260973,2.0,11.36464328162501
10570,7251.625002442714,5766.11332211377,2.0,11.363190396923168
10571,3247.105027879092,5625.43741936681,2.0,11.362088019121165
10572,3485.1108895543416,5069.46751021274,2.0,11.354467386247215
10573,210.37249777090128,2684.0236242982323,2.0,11.352973555573634
10574,3857.9121699327416,2131.4085230159526,2.0,11.350493019819634
10575,3625.1390828148133,2813.5225857999035,2.0,11.347743085600767
10576,7196.312511618604,1959.8607263379888,2.0,11.345963026617131
10577,1500.4109399305178,3436.1554990556583,2.0,11.344267284617287
10578,4161.078425673342,2417.5682889042473,2.0,11.340774806426747
10579,9029.313201363928,5662.995613118643,2.0,11.337884815448124
10580,9544.0,5679.0,2.0,11.336132892283624
10581,6391.206979904773,1475.6379491857547,2.0,11.33037677154806
10582,320.6094832807488,1833.1680762490946,2.0,11.327179810329287
10583,1979.378490964366,2110.9732633178483,2.0,11.327154334110304
10584,4619.197013004851,5747.436265715646,2.0,11.321717680160402
10585,1760.428268843587,1467.0458881644215,2.0,11.32077190700102
10586,4140.370892900341,5459.04489314205,2.0,11.320421436215174
10587,6880.649815359436,2277.1099336312536,2.0,11.318608670021625
10588,8035.642994059403,6339.102558376647,2.0,11.31846760746111
10589,1431.3664233557167,4465.028232464614,2.0,11.317225811909529
10590,8878.643019318308,670.0682831404101,2.0,11.314077133750194
10591,6986.477195474579,1925.0,2.0,11.312806719576852
10592,4251.593681335495,5149.183931735838,2.0,11.312574469205622
10593,3008.353652564179,4038.125033549381,2.0,11.31011058117709
10594,765.9504039252304,2109.4663943276423,2.0,11.303410219342089
10595,8424.566416023243,6289.184318730475,2.0,11.30327918553122
10596,7944.191703217299,5561.539710743106,2.0,11.30219772224266
10597,7347.960108396528,2681.3478625316416,2.0,11.301336093347565
10598,5436.027106334185,3327.623298415158,2.0,11.300339865828393
10599,9325.466748808793,1890.7877217465434,2.0,11.299157144089232
10600,6088.9776043652,4517.369409199499,2.0,11.298599343184026
10601,3445.228312160564,2908.120675052991,2.0,11.298519278723035
10602,3178.5043801523984,3529.89967516314,2.0,11.296107483005951
10603,1601.6505793894123,6181.9484900377265,2.0,11.294166870189422
10604,8414.48969654376,2854.823554719437,2.0,11.292280308924349
10605,8887.042989977139,4135.496416824314,2.0,11.291229888198828
10606,6017.9485009863665,5981.6238231728585,2.0,11.286219679264729
10607,5295.008177820833,2749.436177014891,2.0,11.285878764760472
10608,9078.053025705078,691.590835164847,2.0,11.28510404475247
10609,2330.5773764684695,3303.1710484117584,2.0,11.282566037824628
10610,7021.974441547783,4003.6586355918625,2.0,11.280949308918132
10611,9414.579148289358,6112.755974420929,2.0,11.279005431200527
10612,2375.3856388297686,3407.052044645453,2.0,11.27569578765726
10613,3344.5376377816388,2615.208311418396,2.0,11.271433533965958
10614,2113.9167169389507,4923.657477268225,2.0,11.269936817956891
10615,3726.386089536297,663.8891468297169,2.0,11.267747243556691
10616,4465.125215243421,6231.532989113634,2.0,11.266885649435961
10617,7940.943005556871,4141.373467028476,2.0,11.265575972379912
10618,5001.39406191934,3829.9813165778314,2.0,11.264936825094914
10619,775.2820629054175,746.0,2.0,11.261013631312265
10620,6177.959739856891,605.4673319746046,2.0,11.259225728711469
10621,6925.457156715554,72.80243272318623,2.0,11.258934946805102
10622,1795.4311158342257,3088.9505207725306,2.0,11.258197986979129
10623,4463.9762577810825,4053.593230278772,2.0,11.25494848612431
10624,9479.661479774719,3524.9309904661773,2.0,11.249543293617496
10625,2854.4148940851833,3243.934558829579,2.0,11.243193909403614
10626,7065.933435099756,171.39086812117355,2.0,11.242887970668193
10627,429.8165642091487,1267.810539965374,2.0,11.240581035293827
10628,5904.571387064811,3596.9646098413123,2.0,11.23855169578657
10629,3600.511466419422,2852.9779580464165,2.0,11.237983912960795
10630,2649.9484457166495,619.4074083267706,2.0,11.23702593869931
10631,134.461621004528,2354.0211920510656,2.0,11.23607795758716
10632,2043.9406842843748,4599.503938906184,2.0,11.235927304806621
10633,7559.369711376338,977.0885433105453,2.0,11.235894512610026
10634,8426.439980798317,6336.920390630854,2.0,11.234091001481067
10635,4441.131076224962,4213.328545472461,2.0,11.231172617745075
10636,239.51151349159068,5615.876966766119,2.0,11.22216028123593
10637,3001.744521466619,2653.942653853807,2.0,11.22187637694205
10638,1753.9762013277498,4977.48871791753,2.0,11.216814472695319
10639,3173.4461615860296,5178.9646385628685,2.0,11.213565438507674
10640,2790.3661694698217,3566.1450938576077,2.0,11.21112633073117
10641,3376.510298947752,126.03102481538974,2.0,11.208031962122895
10642,7450.524689774506,3651.954646973108,2.0,11.205038531456712
10643,2064.726770872739,1978.9708522206345,2.0,11.202727159321569
10644,4804.904793584461,729.3829607692008,2.0,11.20233229856939
10645,1816.5690879656204,6128.98251807644,2.0,11.199200734573994
10646,3325.4282152663914,2008.9650829125185,2.0,11.19722518349844
10647,7530.496685617933,6144.960656046608,2.0,11.196004675568208
10648,1363.8222524664845,897.5287264142212,2.0,11.193908748060213
10649,9339.447170373127,6238.837759211127,2.0,11.191955171711104
10650,4809.521417720694,5838.81495927395,2.0,11.190484370953211
10651,6645.020996815569,3467.447370346576,2.0,11.189569255841361
10652,6095.388800133319,4839.8812253739325,2.0,11.186771627593885
10653,7232.068263798896,1625.394883666527,2.0,11.184744969181775
10654,3613.5327855402857,2223.956046593443,2.0,11.178360918732842
10655,41.56170165840325,6182.119403804276,2.0,11.172231454524026
10656,1421.5207368238498,6193.026168272363,2.0,11.166590651332783
10657,9482.14578114907,3744.191843536592,2.0,11.166263667488197
10658,1065.7255925572754,717.8341591531615,2.0,11.158939721512821
10659,5570.505556837175,592.874739914987,2.0,11.155688652248074
10660,1976.844113158264,1317.3509455568235,2.0,11.155312669993892
10661,2910.24653757075,139.05045160421093,2.0,11.152927240110579
10662,3342.8908848739693,4141.33052441752,2.0,11.146854811001868
10663,4379.5764572374555,679.0910257572971,2.0,11.145481461748933
10664,5848.02673766877,5911.529074735643,2.0,11.144556430887175
10665,8235.555754117337,2265.9785217145236,2.0,11.14357095970841
10666,4990.659859596775,270.85541005085287,2.0,11.14041722851971
10667,4850.7127272555945,6166.179866870157,2.0,11.138855279691198
10668,3866.02617823798,6063.273602843398,2.0,11.138327912773335
10669,2469.525328658298,5184.933379868612,2.0,11.133821474785162
10670,8964.372844058382,1897.9881424239263,2.0,11.132552308150839
10671,8167.56947044239,620.9962423090254,2.0,11.128204224780818
10672,9164.730654285695,5981.112647745543,2.0,11.118757410891716
10673,288.13809413871036,3933.506724273922,2.0,11.115375601037044
10674,6457.4417287663055,5128.969999772956,2.0,11.110687816625392
10675,321.0208230037997,979.2378976666539,2.0,11.109278655560646
10676,7028.353728357146,5498.89271290095,2.0,11.10835891565033
10677,6297.07832779435,5552.556634875603,2.0,11.107539212824102
10678,2038.0783113491514,1265.4792780653988,2.0,11.10710460761383
10679,1135.492815802376,6011.949325097948,2.0,11.105473503066023
10680,1462.3492998604029,6090.9211587011405,2.0,11.102620731879068
10681,6915.5209845353575,4617.102723087932,2.0,11.102309243927634
10682,159.20598492411526,1895.7948934535166,2.0,11.099457947152507
10683,8959.468754834072,88.95248847909822,2.0,11.098603844957019
10684,5483.956488994286,2421.4997563804995,2.0,11.097382574542266
10685,2026.9484529830024,601.3247687172973,2.0,11.091398601377495
10686,1681.9918212442226,3263.6579231351107,2.0,11.09122790112118
10687,6570.410098585069,4460.944776228874,2.0,11.082860758073435
10688,8088.046749165476,5109.419860838728,2.0,11.082413820859166
10689,3971.2762459419205,3301.003001617789,2.0,11.068961050300699
10690,4482.497241137523,5781.067020809098,2.0,11.067033605912371
10691,4512.5202748105985,5764.924492106914,2.0,11.064279231882677
10692,9432.920624044482,6237.381864348166,2.0,11.063586414481108
10693,8236.437486631337,4804.071925171088,2.0,11.063053038802064
10694,1405.4034295055853,3785.0488636251353,2.0,11.059481410646166
10695,5628.571590472573,113.0,2.0,11.056125100172672
10696,3538.6921096515734,2776.0,2.0,11.054114636374132
10697,3458.3037279527375,3283.8574485677423,2.0,11.050221341556654
10698,4197.788174809995,195.6976764177455,2.0,11.044487194741542
10699,4681.467918376263,5553.0428653320805,2.0,11.0411262979949
10700,6367.3938559062,2738.0,2.0,11.038345197075948
10701,796.5201384060225,2759.9480061791455,2.0,11.038084744092165
10702,1329.6740290759403,1310.9620130129663,2.0,11.037485720381673
10703,107.99439076320411,2065.5807264759624,2.0,11.037312340476895
10704,3852.2990017380284,1347.0,2.0,11.036421403376377
10705,8241.954508799328,167.5624788919949,2.0,11.035384880624399
10706,9239.407484447414,4967.050984793044,2.0,11.03215986136376
10707,4679.582849566681,1252.9801539610405,2.0,11.031938788779387
10708,9529.665242204492,364.89860542302006,2.0,11.031516827939614
10709,4141.39456587071,1744.9742312881285,2.0,11.030803784328649
10710,1760.0320582881704,5441.48885961582,2.0,11.030302421539506
10711,1965.0964435746682,2443.447843466418,2.0,11.027265154412802
10712,9322.024989510923,5481.372645322538,2.0,11.018595749808918
10713,4573.001360767823,5711.609153285874,2.0,11.015254123678288
10714,6680.633561843251,6373.117018078464,2.0,11.01331700596668
10715,4068.380571302637,2078.0,2.0,11.010267668824724
10716,8799.990962856207,1343.613730357081,2.0,11.009460502683234
10717,7978.4991842976315,5660.088704513433,2.0,11.008032285042066
10718,4281.433712081244,2791.1504978003245,2.0,11.006138287490842
10719,2161.414416152996,1221.0,2.0,11.005758675279488
10720,3435.625804164341,964.939522259486,2.0,11.003685567387036
10721,9486.065212143523,6237.627165536715,2.0,10.99991646196667
10722,4277.637403371029,3966.0554544014485,2.0,10.998714966696216
10723,282.9831478263829,2365.3844941097327,2.0,10.991982595531606
10724,493.4870409569886,2552.200284583207,2.0,10.989922271293484
10725,2431.4478502238376,2349.8601078117567,2.0,10.988071903146949
10726,85.60756735764204,4715.057301108365,2.0,10.986078224845302
10727,7663.573857677184,281.15746532796027,2.0,10.98604565126737
10728,5041.200337386934,5009.416112593175,2.0,10.98334013150097
10729,8640.010678820307,161.55529450620273,2.0,10.982470710271407
10730,2084.810565908642,5760.897677452582,2.0,10.981809375558433
10731,2527.0319012240384,5065.487473435565,2.0,10.981716009380314
10732,1988.6323608907664,5155.13176766741,2.0,10.980304438024872
10733,944.398249974542,37.12405207334038,2.0,10.976130615643632
10734,8886.922957441737,6041.36154124531,2.0,10.974940464388789
10735,4744.062756915235,591.2772450250955,2.0,10.9739523391589
10736,1277.0656049210688,4357.567497527164,2.0,10.973586864800694
10737,3450.2654618180695,6336.872486016911,2.0,10.973253392399318
10738,3937.606095192593,1475.111606775083,2.0,10.965304144953384
10739,4412.374554258312,6201.007714208773,2.0,10.961822320425258
10740,2806.017912863764,6099.288241571731,2.0,10.960147381946062
10741,7532.646762313691,1542.9702543037356,2.0,10.959668896210538
10742,1351.9426276233055,6035.465150706335,2.0,10.958979872399736
10743,2735.453975784152,852.8553652753404,2.0,10.954094036564342
10744,2985.9442787762746,3597.3433364667862,2.0,10.950870580577252
10745,9076.07742223499,71.51985880001352,2.0,10.949315798689069
10746,618.188482946522,2391.364158363451,2.0,10.947763136699352
10747,7800.342671217006,1596.9305464691352,2.0,10.947093749696748
10748,5927.646773051269,5231.946365720713,2.0,10.946562978273109
10749,7363.511176330368,2358.007122191809,2.0,10.946290219920405
10750,8884.551455232046,1727.0382045125243,2.0,10.944652459038519
10751,8292.459260875781,5629.147878929097,2.0,10.939357317031897
10752,2046.681674431374,671.9354087331535,2.0,10.937229977376324
10753,1532.741509454555,4410.927853242242,2.0,10.936505495261615
10754,4817.914398755876,1007.4645320260584,2.0,10.93087404343922
10755,6695.427952898034,1470.0820760822546,2.0,10.929936913046346
10756,1216.9027680631643,4193.413624739371,2.0,10.929000223737463
10757,840.9422381655772,4793.1774119393085,2.0,10.928770316243135
10758,3829.9325832536474,1819.6389737277239,2.0,10.927607582581565
10759,5036.529560148588,1345.9533473719623,2.0,10.922732710774309
10760,2335.908593075684,6245.6256511810625,2.0,10.920989741419108
10761,1226.0033825861458,2995.3411878341085,2.0,10.917060010685244
10762,9039.502490903726,925.0473209109326,2.0,10.916867130376184
10763,665.5402897867936,3458.8475386228365,2.0,10.914404177745675
10764,8697.082597995155,6351.535988281338,2.0,10.9103908970907
10765,7569.965335142425,2059.702977116377,2.0,10.910284500151434
10766,8818.98175935457,6057.558016173766,2.0,10.907853922199536
10767,2579.9947184398798,4233.441167756123,2.0,10.904195191519442
10768,2657.480493975341,6144.932973709702,2.0,10.903707450030709
10769,1653.4463959469633,3477.056864950782,2.0,10.90231194802481
10770,8070.929341313019,3013.6072050465073,2.0,10.89763726403532
10771,3407.259949361139,3820.202868603105,2.0,10.892929536440825
10772,5658.637039334385,5064.928228862099,2.0,10.892414551775259
10773,7808.036205635022,1529.709289545758,2.0,10.890018897184495
10774,9092.54116755663,6104.884264906592,2.0,10.88660220352294
10775,6399.144468698331,4493.316573481612,2.0,10.885612048749193
10776,8728.731521536378,3464.838240441837,2.0,10.877858495504753
10777,408.4253099617386,1358.1088297893282,2.0,10.877419549727039
10778,6570.336925699396,3067.096594750919,2.0,10.87461745408236
10779,8860.542836771598,3905.0791848457,2.0,10.871966946708607
10780,4425.506400441663,1354.9975205970345,2.0,10.86828376494189
10781,5284.4710761092065,119.0410224428235,2.0,10.867310015155136
10782,5596.523113722873,5977.071764170334,2.0,10.854710859764946
10783,8410.920824133453,99.37744242127653,2.0,10.85296501093399
10784,1083.95210705948,5203.4441975148975,2.0,10.84589215016578
10785,8339.650102396896,5379.129754008415,2.0,10.842707509112298
10786,6139.814730342534,3113.594003317804,2.0,10.830781036025153
10787,4444.626296235883,4703.974822428361,2.0,10.830354479284773
10788,54.59852976824703,4628.093693478525,2.0,10.829549463807627
10789,2341.2221084658086,985.3211737776892,2.0,10.82440371972481
10790,9523.554021889795,385.01703313670885,2.0,10.823025644436518
10791,8266.407332391302,1555.8687267173489,2.0,10.822876419504585
10792,9265.302920544811,1539.02453703989,2.0,10.81971130308654
10793,9505.205000696711,4145.382201021355,2.0,10.81801998320495
10794,4089.3877252843176,5473.207786410561,2.0,10.815870058764212
10795,281.59102723154274,2256.0274976884657,2.0,10.814822383293352
10796,7094.62287604108,2657.0342954261246,2.0,10.803858926977702
10797,1100.034481693814,5640.9276515396505,2.0,10.803232201702073
10798,4133.002981189943,273.19923761781007,2.0,10.80007679637469
10799,7779.223467564366,5571.012790136729,2.0,10.797891488863478
10800,7164.45856717305,2206.9009423834036,2.0,10.797004129530047
10801,8306.517156144246,2498.8359296583776,2.0,10.796090374637231
10802,7851.599659746114,3989.970617602793,2.0,10.790141397837413
10803,2324.5345721292983,5542.942782450839,2.0,10.781524456362476
10804,4278.031805777896,3521.598744074511,2.0,10.777745300215335
10805,6977.514641097187,2909.89517719667,2.0,10.776070257483564
10806,271.0690387525213,6157.720398296779,2.0,10.773522180965035
10807,2100.2976761327172,887.0673449262213,2.0,10.77292810530283
10808,1422.4529497568362,865.0891902030663,2.0,10.772615300544873
10809,7108.3528443451705,1690.0701083252588,2.0,10.772397464866629
10810,3498.294323566398,4672.951748040336,2.0,10.771607127681982
10811,7097.894259289691,4535.517410483502,2.0,10.769015796924249
10812,9404.41483536134,4924.928932165182,2.0,10.768917423041987
10813,4588.123835918644,4209.487167027894,2.0,10.764363251598112
10814,1200.03230911764,171.2461236114374,2.0,10.762955748731349
10815,3116.340295333885,4997.038708661927,2.0,10.762478072560675
10816,7045.487812576093,1738.0950675500087,2.0,10.761607699813304
10817,1234.1010879260061,545.5425950784887,2.0,10.756562389595116
10818,6691.88271433088,5667.555888966835,2.0,10.743302340857849
10819,6244.056340343858,2337.331808471524,2.0,10.73825520671756
10820,923.6222969894104,1120.8224107194308,2.0,10.734003300787048
10821,4384.52086150365,3257.0607888401255,2.0,10.73262162538969
10822,903.0731941990302,65.64532531037614,2.0,10.72993474668194
10823,5789.662447540163,1805.0335330656574,2.0,10.715656881246513
10824,7917.50754853026,2300.1140753861314,2.0,10.71369810183784
10825,3341.4715015512274,4653.937697522608,2.0,10.710000340630243
10826,3020.4686659962317,5741.9238424833,2.0,10.706905426336409
10827,266.93055970576347,399.4240159284728,2.0,10.706587473709211
10828,846.4938676207307,3232.043951913351,2.0,10.704025327242359
10829,8539.97603470546,948.8826823214972,2.0,10.703626893206879
10830,5912.462850210042,1175.9967116768141,2.0,10.703052475878229
10831,6309.03188493992,5591.419051748605,2.0,10.701338537540844
10832,1085.9726206079245,3687.4600126348855,2.0,10.699539567105878
10833,7792.023885096119,4264.376947803824,2.0,10.693333402654021
10834,348.95838627292477,6037.41214830487,2.0,10.684773348839295
10835,7229.963283279789,5543.366614390919,2.0,10.684262357449514
10836,236.74276487814694,6360.933722395445,2.0,10.680408329993089
10837,1745.8127738540265,2911.3652369128517,2.0,10.676024480453387
10838,5575.396030796849,1433.0995117411646,2.0,10.668178660829037
10839,6964.6594223533175,4734.89848913313,2.0,10.667918806062929
10840,8274.507009795885,5171.0,2.0,10.665489241907856
10841,7738.890015734157,3733.413722306167,3.0,10.664407932910944
10842,6146.510524592775,1509.0351901764795,2.0,10.6628712058493
10843,4030.983456067727,6363.544419208332,2.0,10.66220814492562
10844,579.921133789209,3561.4877466484654,2.0,10.661223933742274
10845,252.52115792009113,5910.977295533473,2.0,10.653265517209721
10846,4924.503980833877,1497.0016773767268,2.0,10.649941629005149
10847,1302.334217688276,1878.9510471180693,2.0,10.649786785898982
10848,9051.369022777064,1748.9593001708752,2.0,10.646164860459521
10849,1942.214702269036,3791.088289804883,2.0,10.641676477254569
10850,4856.514952600904,2302.948616899899,2.0,10.634530400048506
10851,6648.594000586813,3254.964235163187,2.0,10.63395943985077
10852,535.567597954546,3733.047531709131,2.0,10.633776570330832
10853,9516.208694006058,733.3872162625555,2.0,10.62968325454816
10854,7771.01077165843,5333.65820296915,2.0,10.624305015972745
10855,7952.523120716806,4262.02218394883,2.0,10.613343029465472
10856,3716.931314694014,1363.5531486100856,2.0,10.607944196226962
10857,6253.911887338148,2161.6633490265863,2.0,10.604959968177536
10858,2541.643894468811,3942.98201342764,2.0,10.604497768256175
10859,927.9715185123109,5967.640769858085,2.0,10.59219761058282
10860,5900.977397323464,451.3859276662535,2.0,10.590889031899538
10861,1174.5661133141048,1088.1743602500662,2.0,10.587706474617448
10862,3005.778667064737,2138.093860467891,2.0,10.582805030346783
10863,3623.0854144164573,1019.5656595353112,2.0,10.582321079912125
10864,5488.0,5079.373591163411,2.0,10.577687254034963
10865,3749.4383860081434,649.0137326731663,2.0,10.573096011494027
10866,2276.9232883867053,4585.4740487189665,2.0,10.570725136891983
10867,592.3814816908889,2467.9434739708913,2.0,10.570152823509456
10868,1071.6079564538802,4434.849064708165,2.0,10.567866739930128
10869,3584.687395888902,2713.2300550614473,2.0,10.562943751177198
10870,5379.068396703496,2211.3541809902395,2.0,10.554370675182655
10871,7130.482475067757,2659.204601241724,2.0,10.551180126414001
10872,2569.5455021216862,382.08198345078995,2.0,10.548678815434757
10873,2142.1097855992666,2349.5766930978043,2.0,10.547926879561134
10874,850.6330422474265,3159.911157864566,2.0,10.544914077885611
10875,5240.662451728596,1231.9523039765745,2.0,10.54227408762947
10876,3261.4173537580123,6115.091019146086,2.0,10.537453812231162
10877,3507.845398200623,4963.57919831304,2.0,10.536786432582002
10878,9512.467681499378,1698.9094668700227,2.0,10.535843762588131
10879,5832.473099898132,4193.986782937245,2.0,10.532169303223261
10880,4928.214499261793,1296.0918945017909,2.0,10.525761647754099
10881,161.66773741319741,4873.067035923298,2.0,10.522731007338034
10882,1935.127641359867,3325.5427631642297,2.0,10.519199820814867
10883,8273.06468042774,2637.362706747889,2.0,10.514990716414296
10884,6120.53269907303,3048.0703131433916,2.0,10.510969767640717
10885,4041.5234698271593,587.1681795855997,2.0,10.510257676245713
10886,5662.556164079891,6252.936804793033,2.0,10.50881857575102
10887,1211.8859836358426,491.4132298011501,2.0,10.506724373781584
10888,5722.53895365641,85.03246166222985,2.0,10.505940920142864
10889,521.3325480412176,6294.982271998032,2.0,10.503419876269659
10890,2894.0216384833193,5943.402464206814,2.0,10.48446833327823
10891,3876.779663063147,1210.925225838646,2.0,10.482586354949992
10892,8679.910086047135,951.445115750138,2.0,10.481161378864828
10893,6777.020489273665,2739.5692323010726,2.0,10.4808709571574
10894,1208.574975513206,3125.0278206337844,2.0,10.473308746046458
10895,4874.568224744198,65.02095641027786,2.0,10.47238517160801
10896,5459.937649151316,2035.511395613137,2.0,10.467210404311693
10897,9540.410686404983,2574.0668895262447,2.0,10.46171272276648
10898,6941.072594590455,3159.3735179457017,2.0,10.457574837380767
10899,2568.4068570201525,4185.972732145971,2.0,10.456918032187348
10900,8711.385783123123,2207.9965362717853,2.0,10.455048444200973
10901,2030.3194333172291,3537.090143914119,2.0,10.452243161259155
10902,5012.609094982161,1352.9199891847654,2.0,10.450905816571145
10903,182.35895020429194,3023.0159057841033,2.0,10.449164300637618
10904,5147.890488897675,5361.25297433627,2.0,10.446313578321194
10905,9000.572053311374,3746.986454145826,2.0,10.441586979633211
10906,156.4649779786112,1986.0200905334605,2.0,10.439781207971748
10907,4107.884952342367,5289.798661995337,2.0,10.437356126721456
10908,5994.588800906204,4296.041591703217,2.0,10.434541435796753
10909,9204.399648359828,2569.0862932092596,2.0,10.431169253469909
10910,2492.0477253051286,3473.7594794460174,2.0,10.423660656647812
10911,4265.014516333543,4125.590289028607,2.0,10.42362697845378
10912,4340.293542492374,4149.101303463272,2.0,10.420159165773196
10913,5432.066050304463,4903.519499720266,2.0,10.414172341635
10914,10.060989456372827,5321.520852838188,2.0,10.392631621341058
10915,4677.338663444976,1766.0640818287443,2.0,10.38876528678652
10916,4240.526573659418,3561.0,2.0,10.379121251790622
10917,9506.99996975978,2841.362901936165,2.0,10.377603800198731
10918,9214.07376776874,757.380076649577,2.0,10.363657429076591
10919,3720.4817203078014,2075.040151081403,2.0,10.36198190290048
10920,8409.60610236515,3944.9973914167617,2.0,10.358913564717202
10921,1418.415552269701,1361.9745648054463,2.0,10.34557506828886
10922,9167.423367071366,883.0267797650049,2.0,10.342787875128309
10923,3449.0722918005245,1957.7122134842348,2.0,10.326752396189068
10924,415.09212187307895,5291.538913048552,2.0,10.322914389156077
10925,3760.9627403208215,2955.516848878193,2.0,10.31996711683142
10926,251.5249766409694,4976.040190665936,2.0,10.31833672611549
10927,3293.5042390185954,1745.8947094672394,2.0,10.316365244084036
10928,5994.547056301712,1706.9943948401392,2.0,10.303460959349808
10929,6701.3608953402145,5064.914933978777,2.0,10.301813788647761
10930,5641.973682234868,3719.5079104470274,2.0,10.300545097620093
10931,126.61898218654233,2928.060150946073,2.0,10.300541396774452
10932,6216.413815216123,4244.098001057454,2.0,10.286656069916619
10933,7115.007156324002,1785.431751111504,2.0,10.286613185723661
10934,5074.321659822332,793.0307501575134,2.0,10.280275630151502
10935,5958.448196445855,715.998803064406,2.0,10.276317366805788
10936,419.53451591866775,3599.0821973413667,2.0,10.263449169085883
10937,9084.399707579383,2243.0154802968964,2.0,10.25923763920634
10938,5514.620481957382,68.87741845067119,2.0,10.24858813023706
10939,2856.529081559255,4789.966177498018,2.0,10.248214296668639
10940,578.5128989532454,3866.972428046901,2.0,10.215430671802576
10941,3993.571983059804,2650.0,2.0,10.215026320250296
10942,9423.666417571605,4079.0520691408406,2.0,10.207303616586755
10943,4039.581494942075,1502.959450525393,2.0,10.198110064925016
10944,5728.485598281171,3575.1111084074387,2.0,10.178997310992278
10945,6550.011380140718,3385.479109606604,2.0,10.175852150224742
10946,1199.0085013549437,499.4759084839764,2.0,10.171124891641957
10947,3434.7208534147862,1510.9143867701819,2.0,10.166299696013484
10948,1059.5379702673579,4419.005970915252,2.0,10.14886801287103
10949,2553.0189541299364,3051.554007194358,2.0,10.129713278331048
10950,2173.4367086625793,5209.131107589335,2.0,10.123215463396017
10951,4934.087125122047,2073.6122512541456,2.0,10.114402750230758
10952,6115.453727575143,1835.0,2.0,10.114096088207344
10953,4038.9708052442443,1267.3436467140498,2.0,10.110427387321794
10954,4809.1098009726775,3671.3337166126453,2.0,10.095782839423244
10955,4416.376446514147,5856.042407644712,2.0,10.094317872841174
10956,6622.4753606224585,11.056310371061263,2.0,10.092415723552236
10957,2977.5392691141315,362.0397708058607,2.0,10.081784366829869
10958,6945.875759327135,3025.3211162018024,2.0,10.079494412622163
10959,9324.86269557913,5555.508189242361,2.0,10.078981596168344
10960,8163.891077629436,6265.478403240221,2.0,10.074727653961654
10961,6907.530142730344,3136.949604399554,2.0,10.059750619455711
10962,5899.074034896317,1613.4467447214054,2.0,10.056590122131949
10963,5072.009348107881,5915.58869528814,2.0,10.047456049957129
10964,5992.595840603555,4173.877230413481,2.0,10.04525114080739
10965,5816.942556467941,2511.6246527962494,2.0,10.029774221147443
10966,5672.463407839079,2937.103822701919,2.0,10.0271486888618
10967,2035.9502750274467,2493.4375680668636,2.0,10.025677371208413
10968,1657.9121044508945,1167.5870064399735,2.0,10.018640143417814
10969,3795.5722114606333,5557.951968642519,2.0,10.01525087605258
10970,6081.538333043097,1929.9423985416308,2.0,10.013002853390097
10971,6303.0,2561.5764674318893,2.0,9.995748492507465
10972,5982.020628430705,3859.559033435737,2.0,9.983698744372836
10973,4565.449601961643,4192.985714701076,2.0,9.975615896359185
10974,7326.5835049746,5798.926234532123,2.0,9.968369422695963
10975,8669.042195149961,4263.570456130166,2.0,9.957681754733201
10976,3352.5214544460387,3012.981375967281,2.0,9.951650580776471
10977,3756.3233750780173,5402.972090561265,2.0,9.94442468698414
10978,4261.446900784481,4719.041965774758,2.0,9.938500361379349
10979,3648.391755023992,6159.046105043199,2.0,9.935034456357634
10980,6087.286223313598,1204.8675161558403,2.0,9.929973769517924
10981,1129.9180388143182,1971.577973196339,2.0,9.925702329634102
10982,7547.543518610239,3209.0071316165986,2.0,9.916832078522566
10983,6375.943574181361,4909.749540785052,2.0,9.915340261920198
10984,4016.0,4537.584446770387,2.0,9.90108602725566
10985,4630.124485171738,2593.0428813779963,2.0,9.900267928008107
10986,686.5896879584317,3534.9520374272383,2.0,9.888909290798813
10987,4839.565731990716,5920.056840659288,2.0,9.867585324113875
10988,8214.976770237188,1255.5406477203896,2.0,9.864976658732616
10989,1480.0615973062677,2059.428212098734,2.0,9.85001877605307
10990,4867.930044798209,5583.516856414589,2.0,9.834686611262535
10991,5969.4666928228025,1884.9470929171362,2.0,9.794118998298472
10992,6670.631523129283,3308.1454947994453,2.0,9.756130523684797
10993,1330.5088753805655,4171.031017232494,2.0,9.74816840526551
10994,7293.456910842558,2761.024640099142,2.0,9.747930000067246
10995,736.6245136724625,4053.0783936462917,2.0,9.738550159606149
10996,9301.863413720326,1441.5671591949808,2.0,9.725732397556975
10997,5027.438208480153,1428.9960554416193,2.0,9.710143142676484
10998,3633.131587073609,2221.4448282939634,2.0,9.707962068556075
10999,1407.3258100838395,3484.929874053901,2.0,9.700342196081703
11000,1272.4944073138597,2354.9955453130083,2.0,9.68380844798975
11001,3860.5457975185636,2709.9882977074035,2.0,9.68242195627422
11002,3931.5004221973704,1137.9958161046536,2.0,9.671343380757273
11003,8569.494430256193,2539.013880765941,2.0,9.650751465533299
11004,8234.393014904423,3945.9702165957588,2.0,9.629951258085121
11005,2478.5409446458657,5476.064426624099,2.0,9.595985622034995
11006,4096.564775669321,4805.9744793764075,2.0,9.595943305424278
11007,4217.505043160037,3734.9963815950846,2.0,9.59172712075189
11008,7146.069860173944,1541.5041323021514,2.0,9.559930557600177
11009,708.4604573952689,5966.987392311505,2.0,9.528865393541404
11010,3206.4855380245685,766.9495565741327,2.0,9.493830360938219
11011,1697.0180296766803,5043.560848524548,2.0,9.479281751810134
11012,1622.7299949293258,5903.704528192109,2.0,9.46528079806825
11013,2621.0146162776796,1575.3035677282983,2.0,9.463238574552909
11014,8076.568629790424,465.0032962698881,2.0,9.459036339311588
11015,5290.468645531461,5078.987687973407,2.0,9.439429980254815
11016,1137.7638410027887,902.0886897158285,2.0,9.4382087077589
11017,2719.501006842645,6152.0013618196745,2.0,9.435389749382582
11018,346.4006200347142,2356.9927318954055,2.0,9.401873099131269
11019,2426.5472979314595,4136.9540452481815,2.0,9.38987153531046
11020,1091.9610377097113,2881.5470000241703,2.0,9.36127598000458
11021,4979.534955004571,5208.948660400069,2.0,9.355274586004093
11022,6515.5559626770755,4649.959357565649,2.0,9.34231088985644
11023,5640.01080728951,1273.5261707798406,2.0,9.327432138453254
11024,7767.435505276188,3340.899489753569,2.0,9.323256639142347
11025,1999.0333711170847,5981.517346033556,2.0,9.305839856554686
11026,3847.4930495610784,3284.0116048739515,2.0,9.272377241145163
11027,3783.990603930955,6115.553508882194,2.0,9.239181857221894
11028,3030.0321859592327,4161.503767500159,2.0,9.191647244503297
11029,7867.972467297565,3643.4607734216816,2.0,9.185118653748873
11030,5998.045452642117,2723.4626501223966,2.0,9.180829347106888
11031,4441.022875410451,1135.442069709719,2.0,9.17016922632972
11032,4422.420413278345,2157.298310063157,2.0,9.126870205548078
11033,1146.5079785986197,5196.0301870355825,2.0,9.101263934671314
11034,5155.552726571715,4166.0,2.0,8.935150700942653
11035,744.4328575065896,5213.956734790347,2.0,8.913293538531084
11036,6488.548292623972,267.0376935442995,2.0,8.891612684283405
11037,8861.014528623475,942.6717694958346,2.0,8.878638205553123
11038,351.8110768617317,3070.9567954456147,2.0,8.8183026793065
11039,5409.405359649846,5762.943397981293,2.0,8.80821596407326
11040,298.8422266917615,300.99717392027605,2.0,8.452929809995743
11041,8089.202121344339,546.9903336001362,2.0,7.9420389999695225
11042,5766.1793881380945,6241.093572318371,2.0,7.535238330230299
11043,1712.963456085674,566.1550512310703,2.0,7.501251367788396
11044,7732.304040268113,6082.837936727001,2.0,7.414350202789758
11045,9135.058683351057,2183.1086768969453,2.0,7.330401820262255
11046,8686.115971985679,1404.702515293944,2.0,6.969380622056791
11047,5374.744791858572,123.0,2.0,6.860822021963886
11048,7231.058884616416,2178.835568105577,2.0,6.808896584862142
11049,4691.975990542183,6032.753396331291,2.0,6.689713839683525
11050,2459.8802114826253,1499.7341593435497,2.0,6.6718212471803895
11051,2762.0,2490.9683820569967,2.0,6.64152255265817
11052,9306.13677740657,3169.053664077072,2.0,6.584895140304771
11053,8114.132313980402,4325.809424180325,2.0,5.703506740142286
11054,3652.05304245293,1048.928531784148,2.0,5.332581695443853
11055,5471.110035169861,4297.059763174528,2.0,5.04461657659882
11056,8638.868726982791,5883.0,2.0,4.998588338064872
11057,1955.1384772924607,4506.861522707539,2.0,4.808014748430818
11058,6703.0,6061.0,2.0,4.485710376880282
11059,9.569669256684177,3539.9796487654753,4.0,0.0
11060,9.214248611698395,5057.400467534287,3.0,0.0
11061,6.296247896467357,4433.981687488865,2.0,0.0
11062,8.255554394718672,4056.994067714584,2.0,0.0
11063,4876.9577927042255,9.975239075216363,2.0,0.0
11064,8675.937649501235,7.2297936525937505,2.0,0.0
11065,7863.429144625876,6.951834103105119,2.0,0.0
