,px,py,px_dist,py_dist,ID,RA(catalog),DEC(catalog),RA(obs),DEC(obs),magV,"error("")",flag_is_double,flag_missing_pm,flag_is_outlier
0,906.4950441627834,3476.359558358587,901.6217831185604,3476.4913327156733,gaia:4005303195341066240,176.05510335418052,25.21835763517664,176.0551162457289,25.218347556320317,5.4400535,0.05549207236202598,False,False,False
1,5829.0336143212035,4010.992632460089,5829.190220436327,4011.218922144241,gaia:4004753370808695168,178.85159869425928,25.522095410778824,178.8515849867386,25.522092468213387,6.59652,0.04577437282489131,False,False,False
2,6236.1775121581195,6262.152970004653,6237.341829820713,6265.216030649666,gaia:4007129484155346048,179.08479619372517,26.67948566415216,179.084795996249,26.6794806244209,6.7094803,0.018154149412560182,False,False,False
3,2086.85246782226,539.4157788522598,2083.870938395472,536.4739579892453,gaia:4004194097346057728,176.75347290623225,23.720778561732573,176.75347349634797,23.720773411496282,6.8307886,0.018642583814119377,False,False,False
4,662.4401287011888,1131.353169658969,657.1267311010306,1128.8820320135937,gaia:4004885655800704896,175.94621822527384,24.010456518003746,175.94622788726372,24.010455851664826,7.101652,0.03186384274437936,True,False,False
5,9054.208722405683,1934.100617512882,9058.874425979,1933.17437814522,gaia:4002887121618245504,180.67465490026962,24.44587682875897,180.6746385392217,24.445882597071257,7.4202256,0.057500267649438275,False,False,False
6,8435.452641941421,1483.867897142641,8439.223457007703,1482.4539413503296,gaia:4001377011117110784,180.32278912914833,24.217980934461362,180.32280545506848,24.217974555146085,7.7536383,0.058313438431842085,False,False,False
7,9066.062383493372,3646.959094335464,9070.794303359891,3647.6886582518964,gaia:4006092919567224960,180.69326720277837,25.326057575762864,180.69326414112274,25.32606219714414,7.8511844,0.019391818485088166,False,False,False
8,7002.928644910208,3264.087652980362,7003.918253422391,3264.2779800879603,gaia:4006028185820957312,179.5183421493731,25.13780994966833,179.51834420307694,25.137799745570444,8.120489,0.03733951851780864,False,False,False
9,7514.75811312713,2274.601815318548,7516.654074638274,2274.1757477308715,gaia:4004452860536251648,179.8058756024645,24.62817909197674,179.8058980848105,24.62816720239428,8.258394,0.0851184606341193,False,False,False
10,9079.81990857765,2693.665207916731,9084.557756330112,2693.4785640471796,gaia:4002968107521561600,180.6943561909122,24.836095886370817,180.69433445461556,24.836070759037842,8.193013,0.11500278428188787,False,False,False
11,1475.2104165726969,3255.269657986766,1471.7268188458256,3255.174475988542,gaia:4005104282520040064,176.38107285401892,25.11078998961915,176.38106688893365,25.110789011520936,8.2509165,0.019760989147109487,False,False,False
12,6097.9879676178,3944.678907943648,6098.253440390108,3944.9470103705266,gaia:4004750999986749568,179.00470529392172,25.488143393478914,179.00467364979045,25.488150598978848,8.500068,0.10605290997469015,False,False,False
13,8451.155803669302,4399.487663289022,8454.881959520717,4400.881245405224,gaia:4006164697061764864,180.3477399523629,25.716284669292534,180.34774938168601,25.71629815839346,8.695113,0.05738894382854184,True,False,False
14,7465.825010705875,869.3076868687422,7468.208610483105,867.3915980577603,gaia:4001388281110523520,179.77432249622245,23.906017300139233,179.7743254857251,23.906004518277047,8.690912,0.04705483627582176,False,False,False
15,5649.177439959702,4473.434411067355,5649.351263797734,4473.826449998129,gaia:4004820063060838912,178.74877365086658,25.759486283853303,178.74876805425586,25.759474426698837,9.022675,0.04638251777368589,False,False,False
16,90.44777675166188,944.0514444027895,84.88451387687019,941.7013486938008,gaia:4004906065485481344,175.6272334983626,23.907385403002184,175.62722693588933,23.907359132478746,8.891636,0.09700871193514875,False,False,False
17,5454.6514872739035,680.7818107697226,5454.982639256454,679.2827758283602,gaia:4004292915953815936,178.6439248033387,23.81094199700661,178.64392236981652,23.81092941123476,9.068102,0.04601223262036756,False,False,False
18,1631.9192763091514,2688.5951059690556,1628.7842214466468,2688.0034797407016,gaia:4005078963688883584,176.47619186795006,24.821157532838466,176.47612792701756,24.82116857447187,9.030977,0.2126710260055594,False,False,False
19,6924.111251407856,2929.282131376743,6925.012049030951,2929.32577052406,gaia:4004524702453886336,179.4729686458248,24.965936836192636,179.47294577299732,24.965963994058153,9.53974,0.12300801301069184,False,False,False
20,4878.471930573841,6365.161976989748,4878.442754561647,6368.101948774742,gaia:4007177003673452928,178.30363879414918,26.730618983013425,178.30362674794324,26.730666325503755,9.244846,0.17477857320677018,False,False,False
21,2376.9207329384035,5771.454692071387,2374.298011499433,5774.041104830767,gaia:4005884802632303232,176.8697854254405,26.412100476312645,176.8697834448557,26.41208757202422,9.261722,0.046892289654126125,False,False,False
22,4363.7666050852795,4414.187778731801,4363.6729227924825,4414.421448585948,gaia:4005546668447216896,178.0160613074432,25.725902025389257,178.0160630545996,25.72589648795454,9.359977,0.020724432957753412,False,False,False
23,7891.524700106241,5026.552285827765,7894.411243890831,5028.464777929438,gaia:4006375116099280640,180.03117165659427,26.041020220570395,180.0311820327897,26.04102859856525,9.177882,0.04512301834016765,False,False,False
24,9494.931960401458,3223.9288821059613,9500.149935131503,3224.285209401982,gaia:4003072286247641728,180.9336816013141,25.105730346820927,180.93369043064686,25.105743787273557,9.62587,0.05629931345870926,False,False,False
25,7844.698351131086,948.069998628424,7847.641117965193,946.13485839642,gaia:4001342651378719488,179.98769320640932,23.945181717298333,179.9877170364356,23.945180658677874,9.327432,0.07849724025475407,True,False,False
26,2573.2982341136963,1983.6657112695032,2571.8110001311193,1982.791075436657,gaia:4005010690888725888,177.01539530839958,24.46725269875081,177.0153873362116,24.467247129729934,9.416819,0.032929170587092695,True,False,False
27,6527.949689937802,280.2650497098143,6529.35502148697,277.8024226688635,gaia:4001292314362192000,179.24658080440796,23.60505806172128,179.24657859350393,23.605059866530286,9.32563,0.009767652897837611,False,False,False
28,1064.952704627306,1232.758121510293,1060.2867624834776,1230.4123993523665,gaia:4004888576378460032,176.17160819887349,24.067088716406296,176.17162419771188,24.067099853146704,9.378287,0.0661285509063044,False,False,False
29,6659.048959442831,2200.98862377929,6659.795846913448,2200.7173895411506,gaia:4004438635604502016,179.3218514082235,24.592253649615234,179.32182598720237,24.592248481270754,9.469274,0.08526921597655766,False,False,False
30,1431.2534559743222,357.5106605566775,1427.1503737946923,354.10152924743534,gaia:4004107373366340480,176.38715841735714,23.62107909404353,176.38714317326577,23.621052209285622,9.419081,0.10906655752983417,False,True,False
31,7484.615732458862,2361.929227330191,7486.436715884933,2361.5765102255837,gaia:4004454681602385664,179.78905652031307,24.673146736416488,179.78910531362132,24.673132877124644,9.176466,0.1672353216147116,False,False,False
32,6301.499004375023,2970.511961082712,6301.817229447933,2970.5729305786017,gaia:4004533601626123264,179.1200170757719,24.987811381896407,179.1200014526431,24.987816866053073,9.658062,0.054668261492511645,False,False,False
33,2581.5201112814466,1543.3812139450174,2579.8573963867393,1542.090521991616,gaia:4004247110126979200,177.02352643099215,24.241056304425065,177.02352240005115,24.241053122041045,9.621505,0.0175024419617889,False,False,False
34,4702.802263417681,381.47826599956807,4702.680837786226,379.4715902384487,gaia:4003958149022588288,178.2226905742586,23.655342679101235,178.22270076271232,23.65533693507391,9.569359,0.0394503297938301,True,False,False
35,9142.454482478484,1411.999180444818,9147.09773360156,1410.611807716093,gaia:4002862451326091392,180.7208347862021,24.177010509233437,180.72082133510793,24.177025328811204,9.518778,0.06926636042548581,False,False,False
36,1811.9270800654258,2285.146680902983,1809.1160804958881,2284.2349235288466,gaia:4005024778381497216,176.58223960445017,24.615587751547686,176.58219658854145,24.615588575822848,9.674749,0.1408155484796075,False,False,False
37,1965.4368872251462,1042.1601024799434,1962.4598209393548,1039.897189863143,gaia:4004213918619664896,176.68068406607233,23.978171056671183,176.68067349806415,23.97816310587996,9.582623,0.04502926342405464,False,False,False
38,6109.075892810391,24.124005193280937,6110.124420234239,21.32513265360876,gaia:4001266991234980992,179.01172360496673,23.4735391291466,179.01171455486607,23.473558056873152,9.558807,0.07440494961586444,False,False,False
39,4506.107150665998,3859.259879164777,4506.086384429423,3859.2951711518076,gaia:4004787799266464128,178.09936480348546,25.441401064024525,178.0993732438319,25.441389337457732,9.7387085,0.050349174944693174,False,False,False
40,6630.597865472832,4593.563535464905,6631.459385368152,4594.398345128049,gaia:4006266539326294784,179.30883659865427,25.821339802616265,179.3088386672756,25.821319008563332,9.795948,0.07515813659405604,False,False,False
41,7404.300916895831,5964.14817717299,7406.787653798087,5967.195775824075,gaia:4006454688958014720,179.7557408260469,26.52464100527872,179.75574060207336,26.524645257833225,9.709943,0.01532618531804441,False,False,False
42,8380.99307541249,738.4397929696229,8384.74947182858,736.1961466860193,gaia:4001348904851138432,180.28844155847747,23.83507947627037,180.28841889948472,23.835090094383105,9.544719,0.08383676700319075,False,False,False
43,4700.428732749442,624.6163516434194,4700.325837804856,623.0277344756901,gaia:4004335418950143488,178.22058543159233,23.780384614308872,178.22058324670314,23.780382195520787,9.700233,0.011297397164284309,False,False,False
44,2706.0460145306233,6135.267157519187,2703.745359562811,6138.344612742796,gaia:4005893697509091968,177.05551517660174,26.601665986516196,177.05551163551925,26.60168393998993,9.6984,0.06562990720252301,False,False,False
45,804.8577527759971,3094.553482127695,799.7675117316139,3094.2715321460805,gaia:4005264231397779456,176.002148284049,25.021003299451692,176.00216198271667,25.0209892265421,9.692219,0.06755460276744965,False,False,False
46,1700.3261138540165,5778.386126204177,1696.5057680606155,5781.245844316606,gaia:4005804396549386240,176.48119116497517,26.409782590194094,176.48119737593237,26.409766043858962,9.706336,0.06284299483338651,True,False,False
47,7028.185117916794,2016.8079309305988,7029.425484611975,2016.3146328917276,gaia:4004445335753526144,179.53017602469902,24.49699233704829,179.53016486223484,24.496984760188724,9.752193,0.045620214083365584,False,False,False
48,5533.890514126349,4530.469041675796,5534.0360687036045,4530.867534976928,gaia:4004821025133513344,178.68295610222543,25.788644331113463,178.68294974783237,25.788632486174794,9.86058,0.04735586898007241,False,False,False
49,7918.001085542263,6149.486266898551,7921.225609363897,6152.964825459287,gaia:4006432771740237696,180.05185300187148,26.61830672480459,180.05184281416197,26.618281322589404,9.730437,0.09714844397815899,False,False,False
50,6863.477471184014,114.97978794227674,6865.345051534541,112.12530292013435,gaia:4001281491044638208,179.43460832468259,23.51955586705139,179.43460118569598,23.51957257659042,9.783014,0.06460546753321944,False,False,False
51,6854.212823050012,4607.1845786941585,6855.32931124409,4608.1344273663835,gaia:4006287223888794112,179.4365547762337,25.828050142663198,179.43656064925395,25.828064621374846,9.902847,0.0554888894179911,False,False,False
52,1851.7172401963544,2491.4101760166136,1849.0400058917285,2490.6956959893987,gaia:4005027660303481728,176.60272311076184,24.72194791171712,176.60268391303111,24.721946817438212,9.8358965,0.12823917735699525,False,False,False
53,4043.772750019752,3658.1176792912047,4043.6948518422196,3658.1219026376248,gaia:4005530828607813120,177.83743253791775,25.336287353090786,177.83746962940506,25.33626540102073,9.876019,0.1442577731824011,True,False,False
54,5461.90663909505,2653.139139583644,5461.939510942272,2653.1478742393206,gaia:4004689427335939968,178.64473346760312,24.824406548801967,178.64472429539813,24.824420744531615,9.935874,0.05924369119942215,False,False,False
55,5261.359853757593,2392.557702905005,5261.385910726204,2392.5204645105496,gaia:4004686609837020800,178.53179993067343,24.690271218356656,178.53179438568102,24.690278715911685,9.643149,0.03251886635075903,False,False,False
56,6447.818127761629,2438.2029963936093,6448.313444996137,2438.0887340734535,gaia:4004513711632839168,179.20261421601697,24.71431755325517,179.20258153308004,24.714328505179783,9.851844,0.1139216126207731,False,False,False
57,8228.476208010075,3747.028668344077,8231.650403268635,3747.738262711176,gaia:4006012208542668288,180.21712208313144,25.382022879225943,180.21712267380806,25.382034290444235,9.847347,0.04112528413728814,False,False,False
58,7934.767353522157,4774.530877492376,7937.639624037805,4776.162384773266,gaia:4006185312904766208,180.05466947710784,25.911309119896835,180.0547091822958,25.911318078524904,9.929923,0.13255258384702473,False,False,False
59,988.7136933878096,1857.7688342617068,983.9653633048306,1856.1541393946986,gaia:4005038350478168576,176.12132352507047,24.38746980913855,176.12136489095695,24.38748838721526,9.710286,0.15122349792126052,False,False,False
60,7945.802474822003,1901.9476581178624,7948.588611814528,1901.077256450964,gaia:4001442775656313856,180.0482760836897,24.43511072281644,180.04830442177933,24.435099859715105,9.918041,0.10077683061977422,False,False,False
61,4473.100153259988,1990.9996597738009,4473.041144383849,1990.7728893751364,gaia:4004597411955395840,178.0878295717735,24.481900600931674,178.08784542670188,24.4818990327476,10.006698,0.05225188192099181,False,False,False
62,5724.864548502159,2399.465022681156,5724.97826840385,2399.4158230946273,gaia:4004499143102888448,178.79378812435274,24.694448444411,178.79377099979658,24.69443430396256,10.105194,0.07568729263814844,False,False,False
63,2652.752398939054,1994.761991656084,2651.3887718901824,1993.931806153849,gaia:4004260136763237632,177.06018961444565,24.473572605639866,177.06018379773212,24.473563904907085,9.982974,0.036665289701474764,False,False,False
64,5271.855902788211,5714.547555367289,5272.073945074021,5716.250134405656,gaia:4007108696513564288,178.5312127340794,26.39686800522167,178.53121261348608,26.396864315408298,9.942141,0.013289019079001664,False,False,False
65,4867.42895641798,4159.314349010931,4867.427094433947,4159.439299453325,gaia:4004814015746852480,178.3039408928927,25.59661319477349,178.30393209844675,25.596609236445648,10.067468,0.03191122271419788,False,False,False
66,6329.569675119085,3857.699846393582,6329.962673706007,3857.994959786149,gaia:4006239188974536576,179.13644159038847,25.443458378353537,179.13642272242413,25.44345312091918,10.035486,0.0641903851434747,False,False,False
67,720.6741602256911,1264.2056380497022,715.4181441675414,1261.8751244090286,gaia:4004887133269452288,175.97732305898293,24.079391605233553,175.9773543904389,24.079400782943576,9.885994,0.10814855867296548,False,False,False
68,5782.333149554504,4952.629814976016,5782.675028688813,4953.4450288719345,gaia:4006328489934501248,178.8244523732517,26.00585396578405,178.82443042168524,26.005849568455854,10.112985,0.07276704629637598,False,False,False
69,1066.365606504055,5794.14129081081,1061.503546393381,5797.044068510584,gaia:4017811029164564992,176.1170358372509,26.411333271406782,176.1170443044658,26.411327779579604,10.010628,0.03370736677585715,False,False,False
70,6199.81095772744,4339.341485608647,6200.225767989674,4339.822626549524,gaia:4006258945824064512,179.062805519873,25.69090180670281,179.06278571661286,25.690891894898844,10.067895,0.07348853594288006,False,False,False
71,5265.68854760918,2380.919071302927,5265.715813694535,2380.8792543392847,gaia:4004686403678590336,178.53426996251585,24.684297983359052,178.53426473210382,24.684309429346982,9.798373,0.044616276815116075,False,False,False
72,4606.288856758571,5298.693163121958,4606.16191241418,5299.718041886354,gaia:4005597795737934592,178.1510484263504,26.18130626226444,178.15103706039645,26.181299078386317,10.180702,0.0449127558051527,False,False,False
73,5066.532882602801,5774.937365259979,5066.631158667347,5776.712210784725,gaia:4007104126668721536,178.41327599170685,26.42749025246893,178.41329855457056,26.427486951504328,10.162692,0.07370235525555224,False,False,False
74,4845.825836351661,5730.964351564578,4845.791452617642,5732.645722091703,gaia:4007151440028089088,178.28681738794822,26.404307664897335,178.28681277385544,26.40430544447884,10.099025,0.016889265888599566,False,False,False
75,2513.183334077695,4658.9661870671525,2511.418505333188,4659.923611179654,gaia:4005715546561161984,176.95835964185866,25.841180556244545,176.95833105115202,25.841207245207553,10.214244,0.13346371169974341,False,False,False
76,9356.743842355168,3938.910691680673,9361.819456564694,3939.928494056327,gaia:4006101681301651584,180.86088049511037,25.474137054086007,180.86087415468208,25.474147370131433,10.063812,0.042471619577929894,False,False,False
77,1989.495597850876,803.8398919905267,1986.4572368019344,801.2492125978524,gaia:4004210796178909696,176.69642818538694,23.855903380406154,176.6963873054832,23.855857743558012,9.7107315,0.21238585254331332,False,False,False
78,4070.9047387923006,3380.235767666177,4070.850327679501,3380.204345052941,gaia:4004684342093445120,177.85422465464862,25.19369678991301,177.85425207752496,25.1936936938544,10.310526,0.090023924968222,False,False,False
79,7048.6966513774605,5587.409053732617,7050.52146510491,5589.671992716094,gaia:4006352026355373312,179.55031832910024,26.33167365138781,179.55033121292686,26.331676127054514,10.234061,0.04251393527337643,False,False,False
80,478.72356969840985,400.32781563114077,473.69062805971134,397.30655641537896,gaia:4004840399729332864,175.85242494608275,23.632770529005015,175.85241993218588,23.632749226522442,10.082869,0.07845151561645448,False,False,False
81,6198.0985797588255,2559.074672698973,6198.396254969748,2559.0330615004077,gaia:4004503541150230016,179.06135081569383,24.776535184610427,179.06134180274805,24.776541803901182,10.320028,0.037890979483037164,False,False,False
82,6495.535336441448,1442.7291773081668,6496.395047253317,1441.9145509375542,gaia:4004411731929387904,179.2289569248121,24.202811739037895,179.22894989786786,24.202803734991214,10.231649,0.03691423621609233,False,False,False
83,5240.96676350959,4353.96101276982,5241.019599924629,4354.204840474543,gaia:4004818619952180608,178.51623266971836,25.69747250101932,178.51622450816603,25.697465773498887,10.358927,0.03588206899622382,False,False,False
84,3259.6285131697796,5419.646590772424,3258.4741158220095,5421.213503867036,gaia:4005821786872153344,177.37913884420718,26.2372863320248,177.37914619548343,26.237290310105912,10.286357,0.02772336345363534,False,False,False
85,9099.815673071002,1818.819484632484,9104.518294852318,1817.7915229345726,gaia:4002883685644407552,180.69962405223376,24.386344031767543,180.69959686821434,24.38635253313724,10.179828,0.09423940315799999,False,False,False
86,119.64917571722617,3632.869920970935,113.2672441225177,3633.126765862365,gaia:4005333943011597568,175.6055960651236,25.2892034439228,175.60557848007247,25.289219455536138,10.23865,0.08123357481773374,False,False,False
87,1078.2135526201214,4091.196857839275,1073.6535947193788,4091.9928320215176,gaia:4005317278538492928,176.145234403732,25.536213483513734,176.14525697801437,25.536207125362072,10.228143,0.07681805040815998,False,False,False
88,3383.576015827509,3100.567388976211,3383.219756007422,3100.4588402179957,gaia:4005425580433560704,177.465890210638,25.0465249679568,177.4659126874776,25.0465313732432,10.354943,0.07684867489977602,False,False,False
89,8145.357334165649,4034.806433264292,8148.4158756837605,4035.7564788765285,gaia:4006067493361705472,180.17122926173366,25.530274392269618,180.17125726537293,25.530286132619167,10.398504,0.10030850864601526,False,False,False
90,7333.063875925865,5234.080336435251,7335.125681724623,5235.987534916574,gaia:4006299043638846336,179.71221471903388,26.149386666421556,179.71223443347876,26.149407862203674,10.415016,0.09940381187443831,False,False,False
91,4178.879287044802,551.1677621461104,4178.434262391177,549.3344697770044,gaia:4003973782703747328,177.9281681469139,23.740768221780172,177.9280907345534,23.740684606243388,10.422427,0.39457224457706896,False,True,False
92,4978.656622246891,2685.957682320984,4978.656930663613,2685.953721298649,gaia:4004703927145131392,178.3712350654618,24.84032557167141,178.37123338537393,24.840339170443194,10.469292,0.04926230713700913,False,False,False
93,7267.924681330716,6095.603487519562,7270.271965667242,6098.8154989295435,gaia:4006458816421880448,179.6778039809118,26.592595584539215,179.6778166885177,26.592590578490988,10.398269,0.0447016502995523,False,False,False
94,6018.522967094686,1680.2775578221692,6018.921625679796,1679.8193245536088,gaia:4004474266653482752,178.9600909657674,24.32511368696909,178.96009072392957,24.325106705576438,10.363823,0.02514553112263082,False,False,False
95,8980.564514250344,335.5727111615811,8984.514743969732,333.33903478327693,gaia:4001151851751424384,180.6225458657156,23.62497432626879,180.6225647848718,23.624959539857077,10.289828,0.08202064582837204,False,False,False
96,8387.105417357052,788.3868176758156,8390.870323910254,786.198532777782,gaia:4001349007930354304,180.29212438111415,23.86072519087138,180.29210089832492,23.860733200733893,10.274551,0.08251508483791928,False,False,False
97,2631.6843892213337,6296.85778027551,2629.1888614295003,6300.268584579255,gaia:4005897408360834304,177.01126707015723,26.684272089640675,177.01127659004496,26.68425375267876,10.293724,0.07276950059882359,False,False,False
98,6683.923676370743,3452.0220894247104,6684.560704014583,3452.2478548354507,gaia:4004543364087025792,179.33750158350364,25.234823134268343,179.3374745074983,25.23481806802353,10.493147,0.09003810707906156,False,False,False
99,3219.219320467318,1742.0148458382143,3218.4485540085757,1741.2372799633683,gaia:4004243472290129408,177.38176036138714,24.34769825237322,177.3817577298577,24.347688704356514,10.450687,0.035439900912371924,False,False,False
100,6283.314660692132,5081.587441056222,6284.044791604142,5082.746668982838,gaia:4006321068231044352,179.1109540343418,26.072327294639166,179.11093176550128,26.072323950593418,10.483542,0.07300930936061543,False,False,False
101,6133.798257436215,1209.4137205326558,6134.436075024609,1208.470002864339,gaia:4004326897735355136,179.02520712181857,24.083094950682696,179.02520426459932,24.08309972462326,10.445916,0.019584410411172464,False,False,False
102,5252.41337699074,2034.8959422199964,5252.465283814325,2034.744397482144,gaia:4004401252209153536,178.52748585356534,24.506551330324914,178.5274857092445,24.506562610372303,10.521793,0.0406109223122556,False,False,False
103,1601.9400991029756,4921.024623408864,1598.2837952642572,4922.691422968724,gaia:4005752792517543296,176.4345441987202,25.96805187971708,176.434561117706,25.968069070893083,10.42616,0.08263591615886226,False,False,False
104,9293.889025609617,4967.58698191526,9298.679229675852,4969.566467104731,gaia:4006153083470234496,180.83313460200148,26.00321334264974,180.8331309761313,26.003205752796976,10.39021,0.029735603900414187,False,False,False
105,2312.8950769940266,3829.753807438171,2311.108591265134,3830.047564299555,gaia:4005487565401567488,176.85177351021508,25.41354080337471,176.85173851942105,25.41355449371555,10.547801,0.12399338667474076,False,False,False
106,6441.975108921703,4482.203902786967,6442.6181684555195,4482.8701836734945,gaia:4006264615180942592,179.20102282863934,25.764230541497387,179.2010226223128,25.764229284227376,10.553325,0.004575337094247525,False,False,False
107,2886.038962940712,3373.901154414886,2885.196232435236,3373.867615095779,gaia:4005422384977889024,177.18160396097213,25.183704038848223,177.18158462109545,25.183707161133743,10.588357,0.06400048112792263,False,False,False
108,1662.3614533817072,3996.611077432315,1659.1884659448087,3997.1954443348905,gaia:4005677402956039296,176.47941263481385,25.49355768187143,176.4794144479959,25.493550299494718,10.516332,0.027221826512646704,True,False,False
109,2707.1000114782746,449.0652479172336,2705.055444405455,446.31565446706827,gaia:4004143829048830336,177.10253476825645,23.679412404694666,177.10251170184256,23.679408054819085,10.507227,0.07764332628608163,False,False,False
110,3558.3627470921415,4468.646859909153,3557.8982669963907,4469.049675356093,gaia:4005601918906505344,177.55648204816816,25.75018390981397,177.55650266513453,25.750190134957457,10.523067,0.07050706338180708,False,False,False
111,4767.260090881349,3584.4087943043833,4767.258487596264,3584.4200882260516,gaia:4004782026830813824,178.2487516514902,25.301106823781307,178.24875425939368,25.301088585612966,10.605472,0.066203766667653,False,False,False
112,2690.978723273554,2404.220200133399,2689.798019975495,2403.6938795308097,gaia:4005014917136548864,177.07859231736307,24.68422911033101,177.0785800913067,24.684219543553468,10.597697,0.052777818774025126,False,False,False
113,5420.165083177718,454.8026256926905,5420.514961985258,452.93412010929615,gaia:4004289651778944768,178.62496005449117,23.694677320735078,178.62495936196171,23.694661206487748,10.552608,0.058056193627157984,False,False,False
114,2236.5959439741127,1865.8641030119595,2234.4944956027593,1864.7268407719105,gaia:4005003608487263232,176.8262074852365,24.403945273678282,176.82618865714298,24.403952675765193,10.505815,0.067231656565885,False,False,False
115,1502.0408281207192,4516.646375874093,1498.3301198793229,4517.841601854445,gaia:4005701665226872704,176.38208465865006,25.759242304514228,176.38208115263785,25.759249102252646,10.507977,0.026983139207096652,False,False,False
116,7433.389212807151,6337.467938452212,7436.027550162227,6341.147267021388,gaia:4006461427761999744,179.7738721414224,26.71657077467395,179.77386622362957,26.716564124452237,10.516933,0.030582510077416997,False,False,False
117,8742.458916668833,3156.234126114839,8746.62283038075,3156.468395098536,gaia:4002987348975034368,180.50601068164204,25.075823975612966,180.5060249003754,25.075818255004016,10.512179,0.050731055211552696,False,False,False
118,4652.747509196345,3331.1710108734096,4652.747569295723,3331.1641671184652,gaia:4004761892022144000,178.18460485710162,25.170712905848823,178.18460246819762,25.170709852197586,10.619302,0.013469634363175047,True,False,False
119,7310.438701133844,697.341215182782,7312.667288844066,695.2422680720401,gaia:4001381615322004352,179.68653799625372,23.81804015094748,179.6865334346842,23.818040093929884,10.53749,0.015024462634287368,False,False,False
120,3960.062892997404,5010.675063091039,3959.6776497351084,5011.45276194585,gaia:4005616208261944320,177.78267040806233,26.030740779589166,177.7826862033989,26.030724465167932,10.6687975,0.07784684139308432,False,False,False
121,9349.34932564761,4305.625190557979,9354.367117985776,4306.987560368188,gaia:4006108381450623104,180.8595704512692,25.662648153082937,180.8595630541317,25.662648530520414,10.575414,0.02404135799686906,False,False,False
122,98.11213593238699,6381.692633505133,93.78378662051273,6383.71282553337,gaia:4017860992519744384,175.5534140904001,26.70084839777281,175.5534637281367,26.700779862894386,9.582008,0.2938683901772288,False,False,False
123,8071.389744881197,5370.020786416414,8074.688512010956,5372.443677789937,gaia:4006384427588398336,180.1359471006236,26.21691750980086,180.13594161060706,26.216904453203853,10.659581,0.05023680881499125,False,False,False
124,7122.675694427053,4885.805417255682,7124.264920302606,4887.170693328888,gaia:4006289354192619904,179.59068892889178,25.970806529684978,179.59069847445824,25.970822196948795,10.71968,0.06430888966356467,False,False,False
125,2148.687211337749,1570.7257870460342,2146.297342785895,1569.2320384625623,gaia:4004977877338580864,176.77918447735289,24.25152083808335,176.7791691147486,24.25150909271869,10.684966,0.06580678608947403,False,False,False
126,6071.835855310013,3253.6932786743487,6072.0202422487955,3253.796986384102,gaia:4004724130671373824,178.9898161915001,25.13327926853052,178.98979950899746,25.133276570213713,10.728349,0.05523188049732919,False,False,False
127,7821.356648728913,4033.802976344686,7823.78692214761,4034.657374551835,gaia:4006065290042992256,179.98651157507956,25.531026715780605,179.98653958653028,25.531038752065257,10.670071,0.1007844304287659,False,False,False
128,3981.38654585316,1265.4210320986056,3981.017072410266,1264.5146425566877,gaia:4004549338385621376,177.81385151209355,24.107007738685923,177.8138609278168,24.107026481302626,10.6821575,0.0742291285992707,False,False,False
129,2835.070554815556,2728.970736420323,2834.1463132208673,2728.6570047004716,gaia:4005396653829544320,177.157652517977,24.852098697019724,177.1576393494479,24.852095516329644,10.795397,0.04451454766022347,False,False,False
130,3913.731562482072,3879.1361741712462,3913.589254024532,3879.1958274291633,gaia:4005535364093278848,177.7623662427082,25.44917799559822,177.76239340305864,25.44917231534472,10.702836,0.09062679256973424,False,False,False
131,6345.607941361346,2127.708335252336,6346.097862708508,2127.465273616447,gaia:4004483853020190208,179.14467798063117,24.55489584554542,179.1446540822101,24.55490114305189,10.7232485,0.08054403441833448,False,False,False
132,996.2599479373757,242.81407355638112,991.6380224781547,239.3395175242381,gaia:4004085795450653312,176.14444976177006,23.55760887504396,176.14444279602722,23.557592098030593,10.677067,0.06462366733403617,False,False,False
133,9123.843747343604,5883.719092753286,9128.022648331145,5886.511892461304,gaia:4006228365656976000,180.74275340826733,26.47513505045511,180.74276830202012,26.475120309993436,10.618239,0.0715502599371741,False,False,False
134,8217.279514399124,3924.64003379577,8220.459613229681,3925.506996997703,gaia:4006019424087727872,180.2116677968464,25.47335852424777,180.2116784833784,25.473357456695823,10.736673,0.03494350641227338,False,False,False
135,2342.51477866591,1111.895047361183,2340.247545644333,1109.9394109277987,gaia:4004207841241419136,176.8923567054306,24.017316870890266,176.89234320050272,24.01731774977218,10.778378,0.0445211061821641,False,False,False
136,679.0667230151939,1863.9735005060136,673.6955873242578,1862.322187527076,gaia:4004948190524504448,175.9472390837269,24.386731691459705,175.9464166478971,24.387143277034696,10.931664,3.0768693549693893,False,False,True
137,6017.567473123266,5869.3381097378815,6018.374394072967,5871.549906876179,gaia:4007119760349382144,178.9589925955304,26.477356805751782,178.95899449488496,26.477360229057048,10.778425,0.013760040738842046,False,False,False
138,7865.6198182674125,6205.705950599291,7868.783615987136,6209.260261367634,gaia:4006479775862325504,180.022010955746,26.647402380306158,180.02199076241467,26.647389790187397,10.721547,0.07922112704180012,False,False,False
139,6613.714435947521,361.517158858584,6615.184812672236,359.16231517283677,gaia:4001298739633575040,179.2947364350906,23.64675724616417,179.29474841420662,23.646749753233674,10.786602,0.04783494969432075,False,False,False
140,9384.768134504411,2351.8575846395033,9389.819549657965,2351.395745497426,gaia:4002915330963452416,180.86443494997854,24.658385523420552,180.86442260026715,24.65839093959033,10.68949,0.04486344865119707,False,False,False
141,4169.425417018146,777.147908432285,4169.033464220994,775.6730370416367,gaia:4003979589499305728,177.92179440889134,23.856847172324592,177.92180897485218,23.856856166467065,10.819231,0.05786433474076561,False,False,False
142,5405.555717126868,5980.791927258371,5405.90402580074,5983.00708420103,gaia:4007111651451429888,178.60748962221913,26.53405654637221,178.60748837174486,26.534055791043045,10.904364,0.004859529766222246,False,False,False
143,4101.12233249405,3814.5494152600586,4101.043327742543,3814.5818103970973,gaia:4005531687601273728,177.86927729705656,25.416859989241598,177.86929338201085,25.416849680267788,10.977935,0.06413053706902745,False,False,False
144,1964.853229766596,1637.815872640727,1962.137718515401,1636.305016912995,gaia:4004979079929492224,176.6748679523295,24.284339018832455,176.67483534635318,24.284343730595985,10.954284,0.10833130440441772,False,False,False
145,4546.37578939429,2943.7357377950148,4546.37329948323,2943.7125099169243,gaia:4004662592379071488,178.12569130650948,24.971423331490094,178.12569712871493,24.971429468936815,11.020679,0.02914107531667302,False,False,False
146,8508.057623092396,6119.324164190551,8511.891244534436,6122.695446654266,gaia:4006423666409891328,180.39085608060884,26.600014257201206,180.3908659551702,26.600023270003522,10.866223,0.045421179700085974,False,False,False
147,4921.857482450379,407.84685948849074,4921.880685072405,405.910162612784,gaia:4004286692545676672,178.34549800563033,23.669515012023506,178.34549867407435,23.669518296891166,10.871823,0.012029150519281792,False,False,False
148,6901.449370200964,986.7072210603528,6902.9802546593,985.1848058298324,gaia:4001400616257311104,179.45707495904313,23.967786430963017,179.4570681742673,23.96778320257396,10.960365,0.025163824327895382,False,False,False
149,9492.834793522432,3655.659685498853,9498.039454955851,3656.411112617202,gaia:4003088538404578432,180.9359883236086,25.327610911598132,180.93600705216738,25.32761247727067,10.933503,0.06120199155940072,False,False,False
150,9484.2343699006,4559.008422185476,9489.24712134117,4560.568354762338,gaia:4006133532779110144,180.93853261647902,25.79188513016315,180.9385166766458,25.791868997779947,10.931648,0.07773259817116107,False,False,False
151,1256.18116469682,4889.990878140159,1251.8032766321348,4891.718139651488,gaia:4005754854101848192,176.2370607121864,25.948653842400635,176.23709532598187,25.948644964750827,10.994394,0.11651616910685327,False,False,False
152,7375.77098848207,1974.2529432608671,7377.536572771992,1973.6178036839963,gaia:4004442861852382976,179.72643617506233,24.474259098043206,179.72646023619455,24.47424622850713,11.050512,0.0914427671587818,False,False,False
153,7726.067013461654,3965.01945145289,7728.303201830777,3965.787551643815,gaia:4006063713790701440,179.9319172886756,25.49601887241994,179.93193467768995,25.4960222199677,11.059343,0.057774960926501126,False,False,False
154,2767.0238777560576,4531.359091521865,2765.705877439629,4532.08154091736,gaia:4005526155683491072,177.10444627437948,25.777478260378423,177.1044338825705,25.77748806249711,11.037522,0.053469156423122506,False,False,False
155,4029.623761132472,485.746358231318,4029.048817639243,483.74812496497,gaia:4003973920142472832,177.84460699135025,23.7063767418046,177.84461272448485,23.70637094663277,11.072239,0.02814910010122553,False,False,False
156,9182.77019374719,6329.402104768857,9186.371642921118,6332.289848381104,gaia:4006798496795726336,180.7798327893182,26.70357271686582,180.77984646878335,26.703595619590324,10.878371,0.09345272655668091,False,False,False
157,4530.573591992524,4644.15579793084,4530.492847628579,4644.524125154865,gaia:4005583089769895424,178.11025683228098,25.844642953931128,178.1102599716167,25.844641962137953,11.1616,0.01077969212614278,False,False,False
158,2529.406271855109,5412.929130762795,2527.2464708028174,5414.85877928403,gaia:4005833297384502912,176.9606816991587,26.22891281066715,176.96067480772058,26.228907209214785,11.054186,0.030031794116984,False,False,False
159,8101.418729515004,5181.6387288603855,8104.714616854434,5183.827101231743,gaia:4006377074604369408,180.15215222059305,26.11993742758061,180.15215430037244,26.119933426018484,11.044164,0.015897010819282853,False,False,False
160,6128.783380827656,4023.533095919986,6129.080546816197,4023.838390129544,gaia:4004754126722942720,179.02223888865302,25.528648317278854,179.0222157680646,25.528657368087448,11.081815,0.08187094675581054,False,False,False
161,4272.635667199288,5658.277278973269,4272.259152138885,5659.878279902321,gaia:4005662392046070912,177.9583812737186,26.3650159607674,177.95837193358562,26.365004327026448,11.009384,0.05159158238861827,False,False,False
162,454.5060045782411,2372.3593875198867,448.7001463735578,2371.262977015218,gaia:4005060645652312064,175.81291500348672,24.645712830807966,175.81292563855737,24.645714140004213,11.035327,0.0351162386718629,False,False,False
163,3694.877487571992,2649.8081346996646,3694.6743457962657,2649.6389322652185,gaia:4004645240711172096,177.64498165388522,24.816792361128233,177.64499796484475,24.816794448016875,11.186621,0.053823878482815675,False,False,False
164,5219.925178823236,3566.463497680347,5219.930924935819,3566.5102526148394,gaia:4004768248575367552,178.5058879160401,25.292982830485467,178.50587750589904,25.29298475903036,11.161362,0.03458778754456703,False,False,False
165,2660.0746087638254,979.6765732578779,2658.2434088774203,977.7282513680475,gaia:4004204783224733952,177.07212652781908,23.951918314158615,177.07211637461032,23.951894484132605,11.110157,0.0920620568343541,False,False,False
166,9565.459775857593,1040.2304557283423,9569.812719990652,1038.9310126948053,gaia:4002666051061795968,180.95587281743397,23.98325203910902,180.95585657120196,23.983265138928807,10.62532,0.07127070731523048,False,False,False
167,6660.160279521801,5560.184176914052,6661.483769934892,5562.192056544499,gaia:4006365456717537024,179.3274251352031,26.318196163639254,179.3274114463306,26.318198359384237,11.03409,0.04487357071282542,False,False,False
168,1474.092003421476,2147.230841485531,1470.4906292444357,2146.071973146609,gaia:4005046592519325568,176.3924923613914,24.541412775224565,176.3924768981264,24.541411490655275,11.056965,0.050849520706461204,False,False,False
169,7988.736045473815,2388.0754478847175,7991.472727394892,2387.648705798683,gaia:4002950137378645632,180.07453511651127,24.684754121426632,180.07457408022714,24.684752943448498,11.069282,0.12752200071375686,False,False,False
170,4080.678867750648,5617.853396797218,4080.1808478629455,5619.428950457741,gaia:4005662804362929024,177.8485091245076,26.34342422306505,177.84850650566642,26.343426722358082,11.134452,0.01234243086676121,False,False,False
171,5859.3172136209905,1807.6868721293076,5859.594860026461,1807.352991057493,gaia:4004478561620417792,178.8702357820334,24.3905250730981,178.87022963301072,24.390530595401138,11.164137,0.028314052831643528,False,False,False
172,8502.80349722233,2947.164111666811,8506.500986223644,2947.1951399127606,gaia:4005987091573935616,180.36871440000323,24.9696890736405,180.36872415886856,24.96967360184827,11.151847,0.06416092394952518,False,False,False
173,3017.7341655252712,5932.488854688056,3015.9936290147652,5935.040556791864,gaia:4005844670457881216,177.23636387512587,26.499519716898604,177.23638416257305,26.499522878771607,11.107768,0.06634538362078601,False,False,False
174,8554.73204806078,4199.896913592436,8558.617871054588,4201.107949850244,gaia:4006115906233280768,180.4056465868422,25.613173863773543,180.40565209768613,25.61319140965019,11.136333,0.06564961344114217,False,False,False
175,5770.496533790267,282.6925107313855,5771.1546407577725,280.4570333249453,gaia:4004274361694474880,178.8217323655989,23.606490916916236,178.82172802799016,23.606487321840685,11.12362,0.01929352228087304,False,False,False
176,6336.719044056557,5903.1565118530425,6337.845735559696,5905.574762924516,gaia:4007121993731429376,179.1422583723051,26.494786684337136,179.14227465383047,26.494783198569785,11.140017,0.0539376682265349,False,False,False
177,1696.1120281967992,6028.953777636359,1692.206935391332,6032.190348089638,gaia:4005810585597465088,176.47592358868036,26.538586168545873,176.47593511108514,26.538548382535303,11.069169,0.14100076032694456,False,False,False
178,6866.448714129983,5829.449396074386,6868.150772207453,5832.008923324979,gaia:4006368278511577216,179.44635679422865,26.45644386300817,179.4463576650577,26.45644100490736,11.132365,0.010665095356129608,False,False,False
179,4262.251869597206,3244.357964020545,4262.232066728804,3244.3250094169452,gaia:4004679978406671872,177.96342823569663,25.12474280190298,177.9634433515932,25.124730917478576,11.312966,0.06525225478011634,False,False,False
180,5017.438674370949,3345.124948622174,5017.436763656535,3345.1437842848522,gaia:4004765534154502016,178.3914755639009,25.178885523642023,178.391460405683,25.17889108796959,11.252605,0.053292610267466775,False,False,False
181,2135.852557497066,4452.5487472387495,2133.5112330074103,4453.446341518021,gaia:4005710083362780672,176.74477908125968,25.732084729656002,176.74477678370516,25.732101805920145,11.206277,0.06192444937402523,False,False,False
182,5249.938378815344,4265.204474885861,5249.985492172011,4265.410086560779,gaia:4004812435198891008,178.52151853067656,25.65189963827602,178.52151490715391,25.65189100209546,11.289141,0.03323970392967297,False,False,False
183,440.73521474618065,2517.46972934445,434.8959088348129,2516.532322765742,gaia:4005249108817217536,175.8031808250915,24.720114889898554,175.80320245753214,24.720114463980728,11.095881,0.07075688365006125,False,False,False
184,6768.940763449712,4200.014733003945,6769.814201412355,4200.617615518826,gaia:4006248191225999360,179.3870826054848,25.618961760047156,179.3870892099113,25.61895526718684,11.253646,0.031716991278711,True,False,False
185,333.28429146002964,2221.8993041911085,327.29362456832405,2220.638439111776,gaia:4004966057588453632,175.74639506533805,24.566895851668892,175.74639036468645,24.56690606413126,11.114192,0.03985626642499801,False,False,False
186,4902.267100937985,5275.387626031506,4902.26910654844,5276.384674553039,gaia:4005595558059814656,178.32053646586328,26.17020767963415,178.3205218872255,26.17019243464802,11.308426,0.07232368659540675,False,False,False
187,8107.401817995136,2484.4743018368617,8110.352362132871,2484.1147265393683,gaia:4002951752286349312,180.14215876853044,24.733789274512137,180.14219471424778,24.733786506534052,11.274944,0.117954872072182,False,False,False
188,7166.117116757876,1856.019390178108,7167.609622939712,1855.3496138997748,gaia:4004440559749910528,179.60774867562426,24.414062248106223,179.60775469714406,24.41404480616291,11.305707,0.06582052946277396,False,False,False
189,146.14454325443603,1962.463246980325,139.97947627981557,1960.9513813243366,gaia:4004963411888608640,175.6443109243763,24.431213903599758,175.64426683024678,24.431247417902615,11.180562,0.18826655117626676,False,False,False
190,119.74282666276031,6044.192924535138,114.75475879802161,6046.365775647173,gaia:4017854288075504768,175.57066919796006,26.527890887607217,175.57067123442508,26.52790473104326,11.072848,0.050266188250315695,False,False,False
191,145.92326850549944,252.16655019962036,141.2489065486061,249.51739814747634,gaia:4004844248020025728,175.66813833220223,23.55277472784426,175.66811947435306,23.55277792757393,10.948468,0.06328973468943354,False,False,False
192,4762.249741734406,5943.12670818969,4762.1520870526165,5945.192497809845,gaia:4007155253959052288,178.23816543082538,26.51319440774673,178.23816803901784,26.513198072641725,11.297183,0.01564178733312628,False,False,False
193,9154.428952069858,2522.0955194034855,9159.262837580132,2521.7515236049344,gaia:4002963022280308352,180.73539684338095,24.747430875436887,180.73537782584006,24.747420269367627,11.243769,0.07296343110579764,False,False,False
194,6168.437790967722,2495.119159382112,6168.728286442904,2495.060370638278,gaia:4004502922674938112,179.04457362772737,24.743699847855492,179.0445582379716,24.743699519533465,11.285441,0.05033039672946556,False,False,False
195,405.9739719693189,2400.5549175116635,400.08141025548866,2399.488172557826,gaia:4005248288479188864,175.78510768415623,24.659606810767166,175.7850918535815,24.659608878663786,11.233316,0.052324996772590504,False,False,False
196,472.1591919821094,4696.312238880978,466.34742958572406,4697.8120397108105,gaia:4005387170541612672,175.79140605118232,25.840175988312676,175.7914130945655,25.840160956485818,11.178628,0.05872972822640882,False,False,False
197,5974.67061292922,3253.55562548983,5974.812650838918,3253.6508444076617,gaia:4004727085608871936,178.93477981473632,25.133231544598203,178.9346684089396,25.133183213117444,11.626422,0.40262600049001873,True,False,False
198,2639.550343200357,4310.304881431553,2638.141843106536,4310.879818337935,gaia:4005518905778697472,177.0335870366937,25.66297268669984,177.0335795672125,25.66298152631459,11.295122,0.04000175566582807,False,False,False
199,1754.6535676299727,1550.3955349365046,1751.475419918393,1548.682052063281,gaia:4004979973282692608,176.55709397075458,24.237440732157292,176.55706752567616,24.237441820279667,11.322846,0.086898731980476,False,False,False
200,766.0085255657887,6086.1555799508515,760.9372027761333,6089.193796262905,gaia:4017828522567004288,175.94085728659283,26.55788175730008,175.9408203971755,26.557885341047527,11.178844,0.11948761256850528,False,False,False
201,7880.506692255024,5023.100040058629,7883.372908692572,5025.003563843255,gaia:4006375013020065408,180.02486074144778,26.039276281408025,180.02485841819217,26.039294136101265,10.925259,0.06471468709514704,False,False,False
202,9543.041699300647,3738.397296490009,9548.266398391002,3739.222372380995,gaia:4003097540656031872,180.9652095498297,25.36976189256516,180.9652251130153,25.369757458883416,11.197958,0.053080862695310246,False,False,False
203,991.1571292165504,3324.2149718806786,986.4964373206344,3324.184600311276,gaia:4005288764250971008,176.10514314849243,25.14111703289266,176.10514028646244,25.141109403012408,11.25297,0.029008003951223164,False,False,False
204,9325.34285627316,4564.834853741015,9330.28587642117,4566.441811511858,gaia:4006122194065448064,180.847947195485,25.79601679681077,180.84792276940018,25.796021316302305,11.258633,0.08082572631639046,False,False,False
205,8753.847091460422,2927.1119548781553,8758.034293511633,2927.131021463991,gaia:4002983913001196416,180.5110595006253,24.9580054623304,180.51105671264546,24.95800669041364,11.36492,0.010116644095974738,False,False,False
206,8780.550382103896,2096.5434912210367,8784.825661505629,2095.755491443372,gaia:4002935328331153280,180.52108304576433,24.531003345837586,180.52107058260287,24.531007237710504,11.323714,0.043155180263425484,False,False,False
207,4641.841314248202,737.7321136722594,4641.715649296937,736.3129806264074,gaia:4004339610838225280,178.18729791172316,23.838368082919704,178.18731201320455,23.83836768405731,11.357787,0.046456699453138926,False,False,False
208,1778.7116358421672,1213.4387112498416,1775.4485018840687,1211.3131252441854,gaia:4004968905150825856,176.57391850231497,24.064463226473777,176.5739095406552,24.064468914295624,11.357208,0.035875433363429333,False,False,False
209,4931.780934205677,2650.4914164240313,4931.780780564087,2650.481280724891,gaia:4004610056339121792,178.3448107158787,24.821995116435446,178.3448104747211,24.822009465742415,11.436168,0.051663514366201826,False,False,False
210,6933.824320140468,2025.8912381911664,6934.939325918816,2025.4328023773812,gaia:4004456743186663040,179.47686927368886,24.501860877930213,179.4768686261067,24.501843116482878,11.463881,0.06397639056423142,False,False,False
211,2112.368171735774,4761.367215186262,2109.833675843597,4762.621265450643,gaia:4005725644028931968,176.72823323371767,25.89060571314641,176.7282504017777,25.89062027487495,11.317193,0.07641745830432561,False,False,False
212,8916.846585704041,4131.7698906232545,8921.357375548745,4132.965789025137,gaia:4006112809560584960,180.61171736147995,25.576146145110613,180.61171161912665,25.576141789234725,11.396328,0.024363962041260963,False,False,False
213,1378.7850302947904,3523.764695492918,1375.0446782682443,3523.9274742506377,gaia:4005294016995266432,176.32320789044562,25.247761986644495,176.32321384289506,25.247776722735914,11.419678,0.05647962126031107,False,False,False
214,6796.718323853209,5383.656356514048,6798.118463935765,5385.4754450528235,gaia:4006352232513750912,179.40530162085,26.227310834211632,179.40534707246647,26.22727897802274,11.614861,0.18626984113131953,False,False,False
215,9121.202375043327,157.58892413181457,9124.872451167954,155.50895906453525,gaia:4001138623251546368,180.70006923137385,23.532793561038535,180.70007455094765,23.53277757287334,11.3049,0.060175812830215586,False,False,False
216,2193.0827900287472,1822.58419605722,2190.8837335554463,1821.3831919791837,gaia:4005003200465766272,176.802034150207,24.381354123485096,176.80199591822108,24.381336306722176,11.453838,0.14081640826585085,False,False,False
217,917.5022764907831,3492.690924100109,912.6535137642859,3492.840206283686,gaia:4005303298420455936,176.06114514782755,25.22683789199173,176.06117228361703,25.226863724008894,10.707164,0.12828768447216582,False,False,False
218,7057.64836723287,437.98056167842697,7059.639142671459,435.58568672300316,gaia:4001285304975600512,179.54402667094013,23.685300941488773,179.54401722246308,23.685300499197282,11.390259,0.031189996401586487,False,False,False
219,1476.9993484994402,4060.186784259264,1473.3813679741943,4060.877640019546,gaia:4005688672950223744,176.37302848299376,25.524413322267222,176.3730248844952,25.524416055030137,11.437882,0.015278976181353415,False,False,False
220,3143.208826806456,1240.7954881332137,3142.1425881757764,1239.4733714924841,gaia:4004183583266142336,177.34218608382645,24.08959883595236,177.34218900598137,24.089596787824664,11.287919,0.012107584136886576,False,False,False
221,1699.198041247299,6343.502287968502,1695.2422470126776,6347.191130451215,gaia:4017915830662190080,176.47415849171296,26.70028183014027,176.47414512544123,26.70028473811495,11.336689,0.04424400837393704,False,False,False
222,8953.952870827763,509.9156740952235,8958.053441879512,507.73665716715095,gaia:4001153569738345088,180.60877926976818,23.714673990109485,180.6088014258935,23.71466045591613,11.311293,0.08778878466501118,False,False,False
223,5134.053890003112,4880.778753037544,5134.123904780563,4881.367376353372,gaia:4005577420413078016,178.45408603511572,25.967927645427036,178.45408626910867,25.967922547953435,11.512658,0.018366525494364405,True,False,False
224,6735.6645721983405,797.4003476544235,6737.081702015921,795.6834025055568,gaia:4001306023897808896,179.36361857929538,23.870730552533665,179.3636105671906,23.870734991114468,11.394603,0.03083885904731694,False,False,False
225,4532.839425300001,522.0272417826873,4532.624044566159,520.238798093997,gaia:4003962508414026496,178.12687574689141,23.72706245086148,178.12686433060102,23.7270715167727,11.497031,0.04980771944081643,False,False,False
226,8607.934900821767,3812.0121870465737,8611.873441786422,3812.850625066854,gaia:4006016056833385984,180.43359544192288,25.413572354770423,180.4335921154539,25.41356611782564,11.406543,0.0249225517097416,False,False,False
227,351.9180489624341,989.3066290705501,346.3643916526489,986.8024890370762,gaia:4004860916789088896,175.77348685802198,23.933805984774704,175.77345519757282,23.93380066056891,11.405271,0.10592579295862793,False,False,False
228,7100.076487474619,484.50054728498435,7102.104248597422,482.16250446597223,gaia:4001285442414554496,179.56794735069374,23.709129856948234,179.56792067985475,23.70912745145212,11.474664,0.08833670352635029,False,False,False
229,9277.084610808104,2704.151670853058,9282.077223130109,2703.9973312977745,gaia:4002965290023044096,180.80616341551794,24.840165640760492,180.8061550550796,24.840165952595115,11.372878,0.027336107160255602,False,False,False
230,5456.1186846884675,2716.115702093484,5456.147014788238,2716.1321271245347,gaia:4004692485352284672,178.64135909058922,24.856748511376143,178.64134862829334,24.856751910570324,11.511706,0.03629992466014835,False,False,False
231,2068.336351882949,4546.084457535087,2065.8203182861694,4547.109297552421,gaia:4005711487816435456,176.70527136608206,25.77958500257192,176.70527351216617,25.77959776507978,11.47873,0.046468753929959306,False,False,False
232,2648.130690139003,2615.0486048707403,2646.934117642261,2614.6338842530804,gaia:4005394832763407488,177.05266000331568,24.792205132375347,177.05264594382822,24.792199019487278,11.516123,0.05094720541685994,False,False,False
233,7827.260792204807,540.05914066477,7830.2935481059085,537.59524979253,gaia:4001335264034982912,179.9764634754817,23.735482599978084,179.97646909301196,23.735483568008018,11.493435,0.01883766141771906,False,False,False
234,1523.9022312637917,6320.975229789842,1519.699797159547,6324.613896124552,gaia:4017825082297555456,176.3735538038019,26.68696907147715,176.3735378655131,26.68696746518081,11.436349,0.051590689306205514,False,False,False
235,4153.154258405784,5931.753188312228,4152.616163731143,5933.867930066905,gaia:4005668679878205312,177.88850002932847,26.505190153950657,177.88848455366667,26.505185080069335,11.535029,0.05309739876062213,False,False,False
236,6519.999017638153,5127.618937013048,6520.969566207132,5128.9492518661755,gaia:4006343951816800640,179.24642454736187,26.095896827434032,179.2464155320134,26.09589642508297,11.610846,0.029182704908587084,False,False,False
237,2499.9825875545544,2942.823706040092,2498.600785624313,2942.563085482862,gaia:4005411875193709312,176.96598196781918,24.959401244158485,176.9659665396913,24.959427659539124,11.545508,0.10760420039694803,False,False,False
238,2320.4784916801345,2516.7096608614156,2318.7325481257676,2516.145732277496,gaia:4005030104140935424,176.8679391987041,24.73908165479176,176.86792238201073,24.739076487585898,11.560479,0.05804534468204946,False,False,False
239,8358.674572791486,262.71766659197874,8362.333574241142,259.9859181653187,gaia:4001318565202154624,180.27355106235962,23.590708817101515,180.27354574256566,23.590696052831813,11.504176,0.04918899344814601,False,False,False
240,2896.8848922602133,672.3016768692637,2895.2231816487692,670.0335765199352,gaia:4004152242889352320,177.2075333850457,23.795619079851402,177.20749517112085,23.79560892363526,11.573297,0.13107790096778327,False,False,False
241,5160.951330650957,3531.323531582996,5160.953835373911,3531.3621052835324,gaia:4004767904977982720,178.47246430095944,25.274841740486877,178.47246456608966,25.274820812041675,11.6442375,0.07534734627493503,False,False,False
242,982.6518000949027,552.9726711916683,977.9012548625756,549.8188193505416,gaia:4004861672703355776,176.1331588151048,23.71683472654,176.13319279925773,23.716825220913336,11.453261,0.11712112844864332,False,False,False
243,8066.081418163797,5250.294882016289,8069.338310167305,5252.559229715787,gaia:4006383980911781760,180.1322704007312,26.155371539066497,180.13227203263196,26.15537474896994,11.63436,0.012701987407305977,False,False,False
244,1352.5237770466642,6090.906151723689,1348.0781248400303,6094.226430260002,gaia:4017819795193451264,176.27773449335837,26.566967722928737,176.27772275434967,26.566947141772292,11.436694,0.08317665751466521,False,False,False
245,3154.005934223598,1659.7635823282303,3153.1367887067963,1658.8849673631137,gaia:4004241823022685952,177.34551824818806,24.3049804989385,177.34551584228058,24.304998543766526,11.506849,0.0654392074602356,False,False,False
246,5239.705393851198,5228.0239968211845,5239.846763637146,5229.003106608594,gaia:4007084026221405056,178.5137301470842,26.146651999509675,178.51374659524708,26.146627803722918,11.585399,0.10204216191049253,True,False,False
247,1065.2447880541658,1033.9166380325478,1060.5678334442882,1031.3266595660275,gaia:4004875554037652352,176.17406127488695,23.964907443858266,176.1740648978977,23.964903102489973,11.562193,0.01965485506308492,False,False,False
248,4457.240648802008,5927.750610231275,4456.933451398815,5929.805204884919,gaia:4007166210419554176,178.06311156049293,26.504296655739456,178.06310127296513,26.504298041735684,11.633334,0.033516226747947596,False,False,False
249,4815.856908949117,15.418669170933299,4815.7907104592205,12.719452312274825,gaia:4003905784781336448,178.28720116413402,23.46733321153305,178.2872086449352,23.46735571994242,11.42446,0.08471222471351653,False,False,False
250,6226.896987046802,1484.7735435426086,6227.504887871595,1484.0901404204092,gaia:4004422864484571136,179.07760230715422,24.22460313478252,179.07758923713033,24.224603515611715,11.643881,0.04293076446159433,False,False,False
251,3464.9715842487753,3716.816288900592,3464.626678933778,3716.868613106234,gaia:4005451801209645056,177.5080998250772,25.363483637676115,177.50814986981442,25.363480000960607,11.63438,0.16332065486469288,False,False,False
252,5819.046603700549,4222.980330708724,5819.235827041452,4223.286229094915,gaia:4004803501666944000,178.84579256198145,25.630982395356305,178.8457820993377,25.63097267377088,11.618043,0.048765415711026855,False,False,False
253,7203.86777080605,4058.048891853912,7205.259445308155,4058.7156800201205,gaia:4006056944921979136,179.6346416073429,25.54526191729816,179.6346565135708,25.54526969117167,11.749236,0.055923023338041576,False,False,False
254,5444.568785393132,5475.802239445093,5444.850126557263,5477.164020502525,gaia:4007092375636700928,178.63061706905827,26.274401592895366,178.6306202187043,26.274388669497704,11.651112,0.047622234913284586,False,False,False
255,5367.332321489803,5538.210697555921,5367.580853736369,5539.647823360193,gaia:4007104264107311488,178.58626718865017,26.306369617487,178.58626621637282,26.306352473241006,11.653276,0.06179899211403265,False,False,False
256,5797.5477716338855,3553.938143826695,5797.642282316066,3554.0542931375203,gaia:4004741551058688256,178.83399201216164,25.287337882103365,178.83396517799088,25.287340129316735,11.716917,0.08772006505349268,False,False,False
257,3058.3944011886533,1808.830493976497,3057.4813721081937,1808.034167763901,gaia:4004244670586189824,177.29055742567655,24.38096197084059,177.29057543503652,24.380957793427143,11.639665,0.06093674770957823,False,False,False
258,5907.571989390879,662.5544596858736,5908.2284417710225,660.9327773534528,gaia:4004303258235105536,178.898293683505,23.80193487276905,178.8983049300973,23.801922430345353,11.622609,0.058126181746527956,False,False,False
259,4931.354523038497,4695.326364679398,4931.363848271479,4695.739514580376,gaia:4005578038888361088,178.33882606838625,25.87215782329741,178.33881533053736,25.872138072756975,11.769178,0.07915337061675802,False,False,False
260,599.3460550741238,3644.337249015876,593.7753209265611,3644.6521257171335,gaia:4005307039336462336,175.87822122292627,25.301105442166683,175.87822150707694,25.301105679317413,11.603852,0.0012586345805341457,False,False,False
261,927.8036007622932,3082.07878233849,923.0012779968979,3081.790565748028,gaia:4005284538003153792,176.07212596657513,25.015998443401617,176.07212688808087,25.015975427534908,11.624126,0.08291163776417369,False,False,False
262,2297.8468058039,1740.0562461590337,2295.803355649251,1738.822794897114,gaia:4005002066594392448,176.86187653481923,24.33983141949046,176.86186200391742,24.339820178873016,11.682859,0.06252319311632494,False,False,False
263,5696.339773258978,3114.7906336647216,5696.39526175326,3114.850528872095,gaia:4004702312237465856,178.7769172138589,25.061748465772276,178.77690166181773,25.06175075972922,11.738378,0.05138419566784233,False,False,False
264,4487.294261796036,2536.5966835598297,4487.275722540133,2536.5320996464916,gaia:4004605757076122496,178.09377356950088,24.762163945300514,178.09379009707476,24.762163728602662,11.794291,0.05403419433687458,False,False,False
265,2938.3846835343543,6177.978665806576,2936.3997815247335,6181.032367064818,gaia:4005916684174059648,177.18874333088976,26.62526046229856,177.18875743410425,26.625271490944602,11.688357,0.06030233211597488,False,False,False
266,1843.0767012985743,4495.260357307132,1840.121090335831,4496.315647367053,gaia:4005699393188716288,176.57714781633788,25.75146288627644,176.57713126955477,25.751488108126868,11.726738,0.10546557779872809,False,False,False
267,9210.661947297927,283.4690351286745,9214.426984187445,281.5254582693151,gaia:4001139271792029440,180.7510126952209,23.59689081749093,180.75105788301002,23.596893083295047,11.46407,0.14929678779604136,False,False,False
268,3123.88533648299,82.79312016295489,3122.2177011891717,79.61953054020296,gaia:4004125274790155008,177.33885936314053,23.493989911244746,177.33884477034078,23.4939836651819,11.605363,0.05316802157516503,False,False,False
269,8957.132539591477,1630.2603187946324,8961.651996178523,1629.0203922735345,gaia:4002875954703271424,180.61785752804246,24.29032822773088,180.61784883784028,24.290328645245093,11.6196,0.028554762039334214,False,False,False
270,4627.356145790572,5045.322637148454,4627.264028396937,5046.044066769915,gaia:4005595665434148992,178.16402098704214,26.051133799466587,178.1640253706146,26.05112076215302,11.75301,0.04902891573140093,False,False,False
271,8202.234283654017,4245.192217953181,8205.45178344559,4246.359853736831,gaia:4006070001622587136,180.20478594363647,25.63815570304437,180.20479978890464,25.638161536634257,11.717355,0.04960092561394061,False,False,False
272,5043.3852776960985,3477.9657247503987,5043.384616418196,3477.9910621789822,gaia:4004766358789755008,178.40583988178994,25.247170563588927,178.4058442131141,25.247161613700555,11.790341,0.035171084994634824,False,False,False
273,1818.8033436266178,4021.5354654939224,1815.9714098510044,4022.1068108243053,gaia:4005674727192003456,176.56832405391015,25.50783797200891,176.56832489057606,25.507821409000336,11.7061205,0.059688765273031005,False,False,False
274,1049.3361175627765,2444.264140629342,1044.7948374158868,2443.315018109798,gaia:4005063914123483264,176.14871743091328,24.68956707614934,176.14873946709247,24.68956621413894,11.754422,0.07214498365507553,False,False,False
275,5373.719324103765,3927.3486367826417,5373.757285016264,3927.466479750337,gaia:4004797488712723968,178.5926102056774,25.478585816412963,178.59260314533398,25.4785880212865,11.804425,0.024279454940007734,False,False,False
276,5667.018920174144,1556.8149923218307,5667.268428681958,1556.3291826323716,gaia:4004379330695826816,178.76204919723403,24.2615084294696,178.76207923806578,24.26149891745511,11.82629,0.10437266919233355,False,False,False
277,9213.587595403991,3004.5064262453734,9218.518464230623,3004.63013342225,gaia:4002976353858772352,180.77242278154637,24.99494545057383,180.77239317980712,24.994942878975685,11.601459,0.09702846967795709,False,False,False
278,3088.210236598245,4212.6015545097825,3087.416382267922,4212.961525965059,gaia:4005508563497454336,177.29019131868804,25.615881627703917,177.29020448456376,25.615869304248278,11.85588,0.06160189130437997,False,False,False
279,234.77070512381124,5483.22082702578,229.07555255217994,5485.34444462582,gaia:4017794712584481152,175.6445737670629,26.241430018573844,175.64458345463004,26.24142447384505,11.402004,0.037107155601259406,False,False,False
280,5103.4493506799445,2078.8566397421114,5103.475945459496,2078.7231314431324,gaia:4004589303057155072,178.4433199685852,24.52882430883285,178.44330855147575,24.528845235273234,11.827411,0.08410453295135671,False,False,False
281,5860.808683768572,3762.9956736598297,5860.943061886781,3763.1606580103626,gaia:4004751343584127744,178.86981616314247,25.39474788681486,178.86979147456088,25.394744693839748,11.826572,0.08110957353822017,False,False,False
282,4386.574921166752,4105.552831856504,4386.521068544196,4105.65212513943,gaia:4005540449334565760,178.030365125308,25.567457020364227,178.0303697635023,25.567448326767447,11.843405,0.03473292677541245,False,False,False
283,3345.2261087503284,1872.5777618127784,3344.6176186101548,1871.9545382547872,gaia:4004619367828169856,177.45201273900167,24.415562398074403,177.4520199798381,24.415566231662076,11.887756,0.02745645700860638,False,False,False
284,3936.8006228741256,3154.44183705565,3936.7169658690823,3154.381948768143,gaia:4004681180997517312,177.77928707870615,25.07713256410804,177.77931391579386,25.077139845671063,11.867317,0.09134849494193827,False,False,False
285,4653.642568436968,2249.367062746815,4653.624219105927,2249.260346439491,gaia:4004600126374729344,178.188828241505,24.615206391148057,178.18883724532586,24.61521693866076,11.84649,0.04806426465956528,False,False,False
286,6328.136224873288,5173.086773204643,6328.942740586353,5174.377688086261,gaia:4006344776450520320,179.13667312535068,26.119333802755165,179.136657307798,26.119352965280243,11.854519,0.08586631872122491,False,False,False
287,627.9139287856979,2453.940236232178,622.437819668592,2452.9445251884244,gaia:4005062471014475264,175.91004819496084,24.689739599261234,175.90999938690905,24.6897224373692,11.744366,0.171184191631134,True,False,False
288,6209.906098266037,6048.124095042955,6210.962452370851,6050.753418002335,gaia:4007126323059413888,179.06953269859403,26.569359646277075,179.0695431087963,26.569370889288304,11.68811,0.05255218571325164,False,False,False
289,7044.561239323845,2823.0465682418753,7045.625926976212,2823.036724098321,gaia:4004520617940262272,179.54104006653347,24.911156137699997,179.5410255316602,24.911162929156372,11.823502,0.05338500574568907,False,False,False
290,714.578454151304,943.8023505776973,709.3831004580029,941.1211699624655,gaia:4004880536199722368,175.97788973188926,23.914693361982803,175.97788881197235,23.914678338457374,11.6955595,0.05416935444684282,False,False,False
291,3808.344054862835,2615.9782365138703,3808.186726170276,2615.822239225216,gaia:4004667643260588416,177.70935838820236,24.79999873214567,177.7093915754392,24.800007936667356,11.927855,0.11340495847890786,False,False,False
292,5855.405127248265,4844.293155179511,5855.7569076556465,4845.02888752259,gaia:4006324396830185088,178.8662495080095,25.950228107043028,178.86623952750648,25.950229340498414,11.929104,0.032610899097895385,False,False,False
293,5005.404703307724,71.39741687087599,5005.487712209142,68.82564427747639,gaia:4003905372464477440,178.3932467371324,23.49663398336632,178.39324497717044,23.496647733855905,11.796935,0.04984161489423822,False,False,False
294,8327.635297724475,5004.644810711031,8331.266796298423,5006.683778516758,gaia:4006190806166670464,180.28071666668774,26.02794011635429,180.2806965477393,26.02794519119271,11.769766,0.0675981560270307,False,False,False
295,571.7822086750848,5514.251527924613,566.2763025353888,5516.659900892651,gaia:4017788145578813696,175.83715551737168,26.261679765519478,175.83712549965895,26.26169032025464,11.658232,0.1040925779281985,False,False,False
296,5965.706235011732,706.8178287410196,5966.394451674247,705.2485797742524,gaia:4004304873142810496,178.93091810062623,23.824711392383247,178.93092589897492,23.82469796969254,11.8017,0.054722364822954894,False,False,False
297,1943.803886352539,39.98995157496029,1940.4364034596533,36.22337775758979,gaia:4004043013281029632,176.6776924820095,23.46270144100299,176.67770538907854,23.462700645556108,11.640307,0.04271974570330378,False,False,False
298,4370.852509619401,971.9026334181185,4370.6187690863335,970.7619645848049,gaia:4004355961778782848,178.0341674884607,23.957820088122208,178.0341957659472,23.957814596349657,11.8866205,0.09510602726830605,False,False,False
299,970.319841214085,1742.3276709975928,965.5195520676002,1740.5751456897847,gaia:4005037354045757184,176.11233028830833,24.32794118579494,176.11233886384994,24.327954223401886,11.502933,0.054719839125198545,False,False,False
300,3930.104854978714,5538.352078200722,3929.5221201055715,5539.841056902531,gaia:4005656615314277888,177.762627852913,26.301880542112535,177.76261912556083,26.30187280563323,11.874909,0.03961069506987659,False,False,False
301,3268.2718689967433,3133.5922219739095,3267.8267264098754,3133.4840517380876,gaia:4005405381203099008,177.40026983308368,25.062783905693504,177.40029558453602,25.062794597347764,11.8473,0.09237708935196864,False,False,False
302,586.5250982289899,3775.165097263667,580.9202555670672,3775.626548255515,gaia:4005355937539464448,175.8691637730302,25.36817956236916,175.86917969188852,25.368183096768536,11.766466,0.05332222248633209,False,False,False
303,2515.946249964515,5606.325073577311,2513.6495466941637,5608.567364639905,gaia:4005835011075964032,176.95115239063662,26.328248090892238,176.95115429111164,26.32824889108879,11.837425,0.006774950944406984,False,False,False
304,6472.9274115743165,3846.508602836293,6473.427938134907,3846.835937646327,gaia:4006238261261602176,179.2179963279021,25.437643273014523,179.21798688437025,25.437633285786724,11.788154,0.04727825637788983,False,False,False
305,6834.383840089364,4156.3342279498265,6835.31828706623,4156.93353207804,gaia:4006247194793630208,179.42431354730292,25.596429638903942,179.4243092561035,25.596427583763965,11.921143,0.01577480211145424,False,False,False
306,3692.5694420278446,4565.536809432948,3692.163872028601,4565.975425714055,gaia:4005603911771333888,177.63244754050436,25.800678200098666,177.63246755899536,25.800677532404112,12.030323,0.0649270221684657,False,False,False
307,8188.186875573275,784.8891896336117,8191.686496478342,782.6932953156511,gaia:4001360724601117184,180.18028531603463,23.859861138858,180.1802600703244,23.859860802671477,11.886053,0.08312615139449733,False,False,False
308,6790.724002825463,3352.887551521806,6791.465324279346,3353.091668159617,gaia:4004539996832659072,179.39800140228945,25.183767344634383,179.39799279126905,25.183761616105965,11.971081,0.034817686208482246,False,False,False
309,8514.0554869789,3774.745629863826,8517.806822410657,3775.5332780814997,gaia:4006015232199668096,180.37990733954607,25.394904047617633,180.37990305140147,25.394905317618747,11.8344965,0.014675993922845059,False,False,False
310,1484.9557574319151,5432.246253734425,1480.8585620825693,5434.653321220626,gaia:4005796085787877760,176.3616099214795,26.229740118124674,176.36162023506114,26.229718635716413,11.833805,0.08420350461001944,False,False,False
311,4981.848477633261,5151.325110948315,4981.880764880031,5152.1761999162245,gaia:4005594291044622464,178.36640446867148,26.10663215790438,178.36640454077673,26.106620393284025,11.927357,0.04235327473164991,False,False,False
312,4645.680106092198,2116.424727554087,4645.655175270278,2116.2738740766463,gaia:4004587688149439104,178.18478405416897,24.54690907389234,178.18479566359917,24.54691100202359,11.981943,0.038645162771019315,False,False,False
313,5888.396972188625,1444.0146175643883,5888.789030962807,1443.384791139782,gaia:4004332567091907840,178.8869116733616,24.203649883764175,178.88690659348487,24.20366518827972,11.916581,0.05756577799952158,False,False,False
314,1852.7600460890517,3550.5569690060843,1850.1129270159845,3550.7039191656104,gaia:4005482102203142272,176.5926162443199,25.266137079097813,176.5925850692434,25.266133818605013,11.93563,0.10217024748936404,False,False,False
315,2642.364290069358,1042.7981909447708,2640.5402965847697,1040.927438079029,gaia:4004205156886437120,177.0616670956278,23.984229872982038,177.06167187648325,23.98421016315829,11.993163,0.07267695982833836,False,False,False
316,8271.360034402018,3459.6874724794866,8274.591133831562,3460.1537128957416,gaia:4006007119005649408,180.24001415678038,25.234182117725016,180.24002040070343,25.234180856664015,11.899202,0.020833745175696267,False,False,False
317,751.7859155767678,1749.661707810403,746.5524076864062,1747.8861398961997,gaia:4004947086717179136,175.98883689907524,24.32921825847516,175.98889393851945,24.329242996539016,11.822686,0.20721944474786355,False,False,False
318,5269.809718604688,347.3768982885199,5270.0700832477205,345.3306663685062,gaia:4004283668888797312,178.54081958838162,23.639185979705587,178.54081926016323,23.639166864158035,11.925453,0.06882448374831832,False,False,False
319,4009.7785264510026,1149.6851739626368,4009.3921667400723,1148.6572090522716,gaia:4004545902411784832,177.83037261098707,24.047657149048852,177.8303837121691,24.047669806597828,11.98108,0.058380634538793406,False,False,False
320,6815.894863600689,3872.660830218721,6816.7351990121315,3873.0933583737724,gaia:4006236401539494400,179.4132323222863,25.45070742969756,179.4132275288808,25.450718663897792,12.042111,0.043340895770550246,False,False,False
321,7698.666091431357,1258.5794045669531,7701.254759479133,1257.0788579788746,gaia:4001417894910520704,179.9065258639349,24.10537171413114,179.9065502643179,24.105352913669282,11.9148855,0.10492779040445556,False,False,False
322,5002.830564620292,2416.7390323142067,5002.836020987285,2416.699467272114,gaia:4004596381163262464,178.38562232919944,24.702133345654467,178.38562177719024,24.702149701534854,11.939961,0.05890884084571891,False,False,False
323,8911.530707320158,5983.265043503345,8915.630339345005,5986.296882235622,gaia:4006232591904776320,180.6217099537924,26.527685289073254,180.62168149196998,26.527699671358572,11.722893,0.10528586051135523,False,False,False
324,7316.137196481998,5724.789049370854,7318.400962428188,5727.4083427885125,gaia:4006446996671877504,179.7042246960191,26.401771180651732,179.704240260536,26.401769337860177,11.949389,0.05062454425397787,False,False,False
325,5510.203572773844,2395.1060974762854,5510.265670803163,2395.066207378756,gaia:4004498249750491392,178.67242974463628,24.6919547665904,178.67243614559865,24.691973480127288,11.986974,0.07054703601464252,False,False,False
326,8409.18620828944,2100.483407976815,8412.798471664644,2099.7217113628994,gaia:4002933812207032704,180.31110248379278,24.535047440481033,180.31113019138942,24.53502969210006,11.961008,0.11097917818629685,False,False,False
327,5766.668375464567,923.8615695953531,5767.140169400317,922.660704179481,gaia:4004319098074496128,178.8188819248549,23.936227692053098,178.81889105781335,23.936224928742455,11.983413,0.031654765153272924,False,False,False
328,3129.706488947756,3358.7397133067957,3129.1299044276166,3358.6962523247776,gaia:4005442794662479872,177.32007101445802,25.177561176557102,177.32008565784216,25.177550899819813,12.009939,0.06037183644708224,False,False,False
329,8367.881902911575,5949.331732800077,8371.635635409564,5952.545783312231,gaia:4006417069339840256,180.30934518980374,26.51339677466802,180.3093114712775,26.513378313425235,11.855505,0.12733970359458716,False,False,False
330,6897.3067223248045,3128.595071006188,6898.165162741715,3128.721058758567,gaia:4004526626599233280,179.4582940513586,25.068441834535843,179.45811048337833,25.0683897066291,12.335032,0.627321444052369,True,False,False
331,7594.123501747064,1618.803998364156,7596.388097577059,1617.7512557388045,gaia:4001434254441194624,179.84871214795757,24.29089627767644,179.84874032351797,24.29088289058872,12.028532,0.10425932765943847,False,False,False
332,6745.853872672993,5733.60910131695,6747.361355604159,5735.942779170846,gaia:4006367793179744768,179.37689836480268,26.407290073648902,179.37691198196526,26.4072995534802,11.992443,0.05560997840050077,False,False,False
333,1380.3012599873823,1990.1076633046769,1376.4479109404492,1988.7494712159732,gaia:4004998905498514304,176.34112386690057,24.45970330306312,176.3411335233261,24.45970350542752,11.999243,0.031651619793405354,False,False,False
334,6576.71148280704,239.33743979968995,6578.188699916187,236.78740143256437,gaia:4001280872569315200,179.27390600329286,23.583957856351024,179.27390695708075,23.583954489076095,11.975533,0.012523980796552914,False,False,False
335,4852.75757819764,3583.9249187508317,4852.756608077921,3583.9416921753873,gaia:4004770344519380992,178.29731784690162,25.301085411273128,178.29731209029939,25.301083086339386,12.122837,0.0205203364875227,False,False,False
336,1039.4035720025786,1121.4666262410365,1034.6843923792808,1118.9807949961769,gaia:4004887717385034496,176.1585119662049,24.00960985057784,176.15851564622372,24.00961999367721,12.014942,0.03846830504183616,False,False,False
337,8442.510005267519,4532.9315190084735,8446.245663267855,4534.464961934451,gaia:4006168094379614976,180.3435795001222,25.784902405960473,180.34360700234188,25.784927221660027,12.082877,0.126209163603233,False,False,False
338,7018.20163853631,6184.809733058236,7020.252900475799,6188.0729492434375,gaia:4006466169405868672,179.53446144257464,26.63898938364863,179.53448349357828,26.638984596425715,11.858587,0.07301989749184098,False,False,False
339,1441.7798982572494,2329.764289608058,1438.1440229932632,2328.784307004272,gaia:4005049414313912960,176.37223443952473,24.63489569371594,176.37223411206125,24.634885001062365,11.764474,0.0385084650290559,False,False,False
340,3578.927982437167,3196.3270442530156,3578.695662675789,3196.2516736408274,gaia:4005427470219169536,177.57608296400247,25.096806763578666,177.57611494878563,25.09682120836374,11.955425,0.11652178688842528,False,False,False
341,3259.095576627521,5825.383658479378,3257.723309234747,5827.623895303148,gaia:4005852156585407872,177.37582349338606,26.44591862021367,177.37582847483793,26.445941961803197,12.151295,0.0855500367138967,False,False,False
342,9433.46915426998,4899.706936784129,9438.323748155035,4901.570618185056,gaia:4006149162163769856,180.91231738196322,25.967304460337612,180.9123278372926,25.967308836360438,11.935067,0.037326609153717244,False,False,False
343,8300.962653625356,604.9354982397645,8304.617749872998,602.5363862396175,gaia:4001347427382386816,180.24283058335442,23.76682936944793,180.24281022231304,23.766846713164497,11.995135,0.09164394153309949,False,False,False
344,5861.653933678184,5325.637483816842,5862.152908071436,5326.921795506003,gaia:4006338145020976768,178.8696474848032,26.197662194268688,178.86964702594577,26.197661767939355,12.064378,0.0021336543549161876,False,False,False
345,4382.277496183205,1335.5159415103544,4382.111218055399,1334.8006193797387,gaia:4004547482959749120,178.0391749886445,24.14474438665725,178.03919321282027,24.144768911781448,12.103363,0.10667384052068465,False,False,False
346,8095.613055245651,1133.260916668517,8098.902607084272,1131.495856580164,gaia:4001368107649171328,180.1296702364399,24.0393625901112,180.12967444115966,24.039352083112398,12.078431,0.040272212380014744,False,False,False
347,6647.276637519409,5077.87971218949,6648.359204124003,5079.215577478155,gaia:4006340790720871040,179.3191568184168,26.070219930215085,179.31917569343918,26.070229358247477,12.142492,0.06983873620195684,False,False,False
348,4903.639632590382,2686.9985069136783,4903.638877833001,2686.989844533866,gaia:4004610326921324288,178.32879081067608,24.840679972637524,178.3287858256471,24.840682419340453,12.099937,0.01851507113132765,False,False,False
349,1710.6550790341844,1975.85280357944,1707.534372530869,1974.5977272289465,gaia:4004996500316846336,176.52817811425209,24.4557662086195,176.52800448039648,24.455681665297938,12.520721,0.6452860266137744,False,True,False
350,7252.109442766005,4367.661771196712,7253.672822008208,4368.584515148505,gaia:4006269459904098560,179.66310384994847,25.70424624866288,179.6630934448873,25.704253380507552,12.100416,0.04240699704761467,False,False,False
351,8310.098113012573,5837.956146638674,8313.79724570918,5841.036158324188,gaia:4006415351352920832,180.2755030932251,26.456415025904672,180.27547756058678,26.45640808026948,12.12006,0.08600623940104236,False,False,False
352,3366.044278629611,5526.711815401468,3364.9516798430795,5528.395583774455,gaia:4005823848456446976,177.43935735460917,26.29297835648685,177.43936253538024,26.29296792043162,12.147705,0.04112283635904762,False,False,False
353,8795.734230641872,534.7954587618542,8799.804558770167,532.5122117456008,gaia:4001157074431642880,180.52023191868142,23.728307107260445,180.52020312838428,23.728315112947698,11.925766,0.09916382150900957,False,False,False
354,7404.947894739476,2656.5058246506874,7406.571708014548,2656.3695992056205,gaia:4004469383274431232,179.74485171868727,24.824729322576847,179.7448593095708,24.82472212139689,12.156113,0.03587768565001126,True,False,False
355,4442.035723325067,1949.3776574440035,4441.966808399926,1949.1258650531272,gaia:4004585519190228736,178.07048402441777,24.460402892407007,178.0704774255823,24.460405594066813,12.221821,0.02371028474171045,False,False,False
356,3365.109983402304,6224.899998536026,3363.660707518734,6227.860797781241,gaia:4005868069439703424,177.4338116574609,26.652072432928527,177.4338186549962,26.652076493869185,12.189651,0.02684453036261308,False,False,False
357,9535.904330887874,2601.201456169365,9541.089724203233,2601.0020285660453,gaia:4002922885810824192,180.95184866504178,24.785466929463148,180.95186385048518,24.785449318081056,11.967729,0.0805170935290002,False,False,False
358,7154.408576090458,4255.1455630671,7155.789312257678,4255.937155889465,gaia:4006245408087238400,179.60702899722872,25.646642842446543,179.60701938452814,25.646646945732865,12.107266,0.034516970582663696,False,False,False
359,4407.336981259925,286.4920418082761,4406.995700190188,284.2513597928719,gaia:4003957113935104128,178.05733734641558,23.605462014058133,178.0573304857836,23.605466585370554,12.170235,0.027982400205581324,False,False,False
360,3220.619929465538,5680.167940006691,3219.2798881136805,5682.171991098196,gaia:4005828173488028672,177.35485006594027,26.371010710978833,177.3548346668157,26.37102451768858,12.123115,0.07026665814652411,False,False,False
361,6960.781163953233,135.07313281377128,6962.763210097667,132.22349946868917,gaia:4001281387965423616,179.48920458271286,23.529705656017665,179.48918611484078,23.529725245187304,12.105018,0.09321423025422451,False,False,False
362,4364.634452715211,2652.7879373275823,4364.6110132458425,2652.724137300262,gaia:4004653310954023040,178.02393560798538,24.82137424241979,178.02395292931084,24.821376938982702,12.158088,0.05742282159783791,False,False,False
363,3410.935967021084,4311.201230799353,3410.4108512120683,4311.537444477395,gaia:4005507360906599424,177.47343255198754,25.668483552769256,177.47346584516646,25.66848094404626,12.041755,0.10843501544446253,False,False,False
364,4667.965075268882,863.9471118008964,4667.864164686673,862.717812574032,gaia:4004341500623825280,178.20156742748068,23.903356426469085,178.20156584604078,23.90335062953642,12.218411,0.021508235033060537,False,False,False
365,1576.149916155935,4440.087834886983,1572.6336122524917,4441.170891359599,gaia:4005698362396565760,176.42526742447927,25.72061345957468,176.42528555954792,25.72062649617289,12.106542,0.07524703658986046,False,False,False
366,1747.3450274931774,2711.862808650427,1744.4749316018392,2711.3140083252647,gaia:4005076455427981696,176.5413480364155,24.834208309749865,176.54132497225402,24.83423598979166,12.111362,0.1249311982408944,False,False,False
367,9039.982003688176,4182.824025582796,9044.676316515062,4184.079342741701,gaia:4006113088734757632,180.68231074972633,25.60175429734272,180.68227249397322,25.601617580681744,12.487278,0.5076086975581781,True,False,False
368,9000.724247019933,1881.0413345576023,9005.319831584136,1880.0547216852926,gaia:4002886601926518656,180.64410873357707,24.418937221709257,180.64408614813783,24.418945494737372,12.162873,0.07980044033583338,False,False,False
369,5787.240321098082,5579.471206970945,5787.765867394977,5581.099234317824,gaia:4007090795089933184,178.82690781853964,26.328123734075124,178.82690747304846,26.328123440184843,12.213006,0.001536894241155989,False,False,False
370,4137.978561750308,1481.873894145715,4137.74149834143,1481.2322330194556,gaia:4004551984085584768,177.90102993381998,24.218967838648894,177.90102626746557,24.218984525302787,12.148803,0.061266084126926065,False,False,False
371,8582.67218399577,4239.058916002616,8586.615445206631,4240.315486401953,gaia:4006116314253897216,180.42183516046828,25.633150392803323,180.4218332796292,25.633172244961663,12.112558,0.07890427474011556,False,False,False
372,6871.967391644871,5625.634874455545,6873.579086653006,5627.86123894079,gaia:4006355526753147904,179.44904058468356,26.351610671393995,179.44904199633345,26.35161259686958,12.177577,0.00829374890068247,False,False,False
373,6374.309015796463,921.7643295611529,6375.275589672674,920.370449106927,gaia:4004310301981494528,179.16052378810022,23.935103938097154,179.16051964258037,23.93510009941622,12.147758,0.019417389045652045,False,False,False
374,727.0065422810649,1433.7414453301365,721.7413128182538,1431.6028417060118,gaia:4004940459583398144,175.97881198810418,24.166580654461427,175.97882426046715,24.166599982977793,12.102474,0.0804146763646964,False,False,False
375,5907.121397987796,5264.836752507172,5907.631778501981,5266.058199985013,gaia:4006337797128146560,178.89569676701817,26.16642024459708,178.8956949486724,26.166433554556722,12.278637,0.04827470289661869,False,False,False
376,2085.5883655556877,4781.468966053803,2082.9917003346386,4782.759284945636,gaia:4005725712748408448,176.71273860746123,25.900716270639656,176.71273332947635,25.900724855214683,11.816473,0.03531612017356315,False,False,False
377,2303.110167797713,4358.980001773368,2301.123105509859,4359.720329590151,gaia:4005706093337657600,176.84116941741195,25.685379680218695,176.84117033305367,25.68539828594111,12.164847,0.06704644132351971,False,False,False
378,4541.7282652095155,193.1027171238984,4541.47079147717,190.71396295410068,gaia:4003955842624785408,178.13301728885918,23.557911990402843,178.1330185992027,23.557909443835772,12.211783,0.010136240418253539,False,False,False
379,6224.669480449739,5408.986452112386,6225.481020855148,5410.543916758525,gaia:4006361436628142208,179.077570846466,26.240633409898425,179.07759121632833,26.240650510911102,12.325098,0.09009075502585463,False,False,False
380,3586.544446076209,3981.5764394167486,3586.228518931669,3981.708071958355,gaia:4005457642365173120,177.57560536929742,25.50013074560379,177.5756334117068,25.500133773454724,12.252237,0.0917679676096879,False,False,False
381,7197.566544617814,6194.778973945408,7199.855551252249,6198.134917996156,gaia:4006471147272908800,179.63767371659435,26.643770115086404,179.63768137074868,26.643758620443684,12.141867,0.048155462826224675,False,False,False
382,5288.258077544983,3744.634057332089,5288.275258809489,3744.7072896202185,gaia:4004792369111704832,178.5443228817525,25.38462312445531,178.54434118084544,25.384606310423834,12.241191,0.08488899058973713,False,False,False
383,9414.94989271141,2810.6475722498685,9420.084583314529,2810.6135513383615,gaia:4002971676639305088,180.88503654993443,24.8939222172493,180.88505861905483,24.893941378383797,12.1170435,0.09975932749127267,False,False,False
384,1125.5507509032277,5541.421447193476,1120.7808491885608,5544.018026612708,gaia:4005799414387323904,176.15418556809536,26.282105592339487,176.15419424016156,26.282090527872732,12.154723,0.061030136045842315,False,False,False
385,417.73189987509704,958.9802597381749,412.23819381271187,956.4158937596308,gaia:4004860744990396416,175.81084410173838,23.91902208870176,175.81084085406187,23.919008795126796,12.002295,0.049035739521989655,False,False,False
386,4614.039722245105,2282.735976406849,4614.019221516171,2282.6339564292116,gaia:4004600362597200256,178.16635584923014,24.632237444988682,178.16635198073894,24.632226762754737,12.276515,0.040486101809170665,False,False,False
387,2588.93403318846,3026.591065189614,2587.695154393837,3026.385580905958,gaia:4005413524461150592,177.01579553660844,25.002886269760808,177.0157194529573,25.003146119327493,12.485361,0.9678336321052858,True,False,False
388,3738.4696939581254,3151.115230150483,3738.3154413355455,3151.0417144477665,gaia:4005426473786757504,177.66683857606452,25.07445763891585,177.66686681362322,25.074452898094506,12.30813,0.0936434054376012,False,False,False
389,3187.718795137939,2606.7620611640045,3187.1595602453413,2606.4734685801654,gaia:4005391839171147264,177.35821119097955,24.79173271161166,177.3582196566417,24.79171881937065,12.344536,0.057155088477979114,False,False,False
390,5288.071103625613,3700.8033330479416,5288.086167180908,3700.8707872533014,gaia:4004792197313012480,178.54432070945998,25.36209718228961,178.54431942342293,25.3620981541899,12.299497,0.00545377667439889,True,False,False
391,1547.6131215799269,476.6555883725232,1543.70147884659,473.4233445884852,gaia:4004113828701803392,176.45122499651822,23.683450598239546,176.45122799519146,23.683456616051625,12.203697,0.02381318831122944,False,False,False
392,3735.1381558235626,3785.2780936252047,3734.936306655947,3785.326336141862,gaia:4005452866361538688,177.66132088869475,25.40009525103142,177.6613479631116,25.400094201658547,12.083279,0.0881271328325151,False,False,False
393,3644.191977798001,3499.369742281315,3643.9791786546966,3499.3544067556654,gaia:4005437675061461376,177.61133288113257,25.252803738444197,177.6113430784583,25.25279333075071,12.362984,0.050062052433902646,False,False,False
394,3232.4988207488695,3126.3216366969045,3232.023455731104,3126.20900939016,gaia:4005405999678388736,177.3800372282026,25.058792463891923,177.38005276801763,25.058838776850425,12.556702,0.1742584098605387,True,False,False
395,8460.062022770277,4172.886371384356,8463.764343658157,4174.049651293879,gaia:4006022207226539136,180.35146664330804,25.599779099877132,180.35148722904512,25.59979186356126,12.238933,0.08110536420436351,False,False,False
396,5844.569420156849,1976.0774721507037,5844.801110060924,1975.8464323365079,gaia:4004480210887862784,178.86177035529568,24.477036540293618,178.86177337109734,24.477035680034515,12.309951,0.010355100542732986,False,False,False
397,7713.399493075915,3918.5764780731815,7715.6015915676,3919.3037343015067,gaia:4006063503336597760,179.9244969734965,25.4722039411882,179.92452618606,25.472199826928044,12.333637,0.09609090527600617,False,False,False
398,1622.75089000039,5580.618637133552,1618.86112168803,5583.204095904084,gaia:4005796807342381952,176.43903259255913,26.30742251391362,176.43892769999078,26.307347214025977,12.340963,0.4336690250075821,True,False,False
399,1697.2268456232232,3907.143749949928,1694.1575095284998,3907.6332252622924,gaia:4005674039997237760,176.5002791646312,25.44791305706771,176.50025946618814,25.44790773100005,12.2332735,0.06684303841875101,False,False,False
400,1957.1183159759257,430.9897400172913,1953.8768872907667,427.8220353656716,gaia:4004102524347880704,176.68157544973113,23.663855391864818,176.68159312744746,23.663859420316996,12.229239,0.06006572823696533,False,False,False
401,8888.446038742199,1178.396118356034,8892.81932272695,1176.7035046087394,gaia:4001359075333705344,180.57627609954426,24.058522929029294,180.57627526699508,24.058514712291476,12.182179,0.029706593339938817,True,False,False
402,778.3589727006847,2062.889905946429,773.1852695700431,2061.47399420522,gaia:4005043092122065664,176.00000898572222,24.490522992612902,176.00003215457167,24.490522140661056,11.923152,0.07596557999032182,False,False,False
403,4572.5165711051595,3131.162501180088,4572.516335831207,3131.1462927937746,gaia:4004760272820208768,178.13981308957625,25.06774970362124,178.1398191164512,25.06775310683047,12.321491,0.023159101578264746,False,False,False
404,5214.992365925147,3123.1152362066823,5214.9920278244035,3123.144458054321,gaia:4004716124852257408,178.50404013935506,25.065344425417326,178.50401811611712,25.065329649828843,12.373693,0.08937059349029551,False,False,False
405,8450.301832562725,2526.2419703046744,8453.928507509034,2525.887600374885,gaia:4002954363626198144,180.33664473694182,24.753650121703483,180.33664044111134,24.753630619464328,12.344327,0.0715989255582437,False,False,False
406,7308.62266731058,4356.279278992382,7310.268226876527,4357.216457523383,gaia:4006269288105407104,179.69530801692642,25.698266758680926,179.69530909597313,25.698272898810643,12.276742,0.02237989905481342,False,False,False
407,8523.888289416105,1356.1811087702265,8527.814706852634,1354.6221397922488,gaia:4001372784869290880,180.37200685950847,24.1518732619351,180.37199342892316,24.151892035873978,12.2315235,0.08071100428267247,False,False,False
408,383.40130863671675,5867.697780305252,378.040347196672,5870.217928165312,gaia:4017805462886943232,175.72427972102292,26.440847898508935,175.7242776182545,26.440858177818253,12.027919,0.03762114770385207,False,False,False
409,3101.7682070274523,5820.752235334246,3100.2017884642983,5823.059675225589,gaia:4005840616008771840,177.2853157293963,26.442547746730924,177.28553760760312,26.442591742072512,12.718518,0.7325234584931262,True,False,False
410,9427.955727913606,6146.054768462938,9431.530820496882,6148.539311420129,gaia:4006606387202477184,180.91912358714393,26.60753375338482,180.9191267840601,26.607545480293613,11.96997,0.043452841329089116,False,False,False
411,6999.047836228772,5440.587660890401,7000.734192839589,5442.601433842426,gaia:4006351025626691968,179.52145139486467,26.256285287109737,179.52145574499934,26.256262319703215,12.755909,0.08386701697401057,True,False,False
412,265.1043118139105,987.3766483250811,259.5127730164031,984.9224058935779,gaia:4004907504298576256,175.72476637995146,23.931754657393434,175.72470515449186,23.931758634300444,12.051667,0.20197077234727245,False,False,False
413,1239.2289046156438,3989.540486924784,1235.0689567819622,3990.199938042246,gaia:4005313808204918272,176.23830368978102,25.48569863033655,176.2382925591428,25.48568289904934,12.248911,0.0671982784823542,False,False,False
414,5448.434179701956,6085.99047602764,5448.833576969058,6088.422579088698,gaia:4007136115584794752,178.63196466756656,26.588240113728254,178.63196454824526,26.588245426656034,12.315168,0.019130396949454325,False,False,False
415,8812.914995179362,5568.457206533736,8817.178536038751,5571.162355681499,gaia:4006222520205196544,180.56227778756534,26.315160407694904,180.56225216735942,26.315156120460063,12.1887455,0.0841028953919672,False,False,False
416,4052.6710322916774,1677.6861894999754,4052.441497286098,1677.1779764662117,gaia:4004565285600004480,177.85204989471805,24.31922261399882,177.85206682722927,24.319221670535445,12.329228,0.0556517687273442,False,False,False
417,2380.5836246097992,4459.2923317228715,2378.6900418364476,4460.100390049479,gaia:4005708120562075648,176.88447904188365,25.737543787397698,176.88444450325972,25.737565557323347,12.273833,0.13670023840221218,False,False,False
418,9153.195838995623,608.4326173740164,9157.364441872516,606.4937745423617,gaia:4001159857570468480,180.72118426791948,23.764096877812587,180.72121735266867,23.76411141653996,11.80646,0.12092072240309555,False,False,False
419,9302.371763618165,2435.266510492065,9307.365288185365,2434.863370533314,gaia:4002916430475081088,180.8184650003019,24.701818006291457,180.8184595096416,24.701817284786777,12.205501,0.018144527630977143,False,False,False
420,6980.995356048046,1740.8306007764425,6982.280272088674,1740.1231315500193,gaia:4004419767812237952,179.5030243187201,24.355265429835875,179.50303291584336,24.35526494439357,12.386033,0.028249416299343577,False,False,False
421,6413.345371599526,3152.88312039306,6413.736164323852,3152.9915977658056,gaia:4004540477868991104,179.18354156378328,25.081427394718336,179.18353037876753,25.081420553944962,12.48624,0.04400548305488064,False,False,False
422,6783.868147560824,3511.1889267302445,6784.614691281304,3511.4530290609187,gaia:4006044674200191232,179.39437588547938,25.265095432089744,179.39436381715345,25.265082295152563,12.145581,0.061484417365507534,False,False,False
423,5873.77341750353,3920.4632298878246,5873.933016182238,3920.6713591486478,gaia:4004752992851926400,178.87710743053154,25.47562547802444,178.87709034640184,25.475625722559403,12.454886,0.0555298199210754,False,False,False
424,4627.172025501625,3971.666862091577,4627.155452531038,3971.7280955363703,gaia:4004788276006462336,178.1678028711831,25.49951565914197,178.16781063073415,25.49952127612149,12.348775,0.03232031352515806,False,False,False
425,6912.457117609764,3520.8552135654622,6913.351978426641,3521.14575826014,gaia:4006041998435776128,179.46747211909164,25.26986137841152,179.46747453031566,25.269853897915603,12.47005,0.028050525546925414,False,False,False
426,5265.121369505786,1928.775117910904,5265.185395694799,1928.573731639714,gaia:4004400182762108800,178.53488085280037,24.452060332996833,178.53487781651987,24.452072634746163,12.430288,0.04539034079475795,False,False,False
427,3603.670615814386,1604.9560291645075,3603.172067862417,1604.2309993081244,gaia:4004567617766541696,177.59935625766968,24.279569327269453,177.59936340623943,24.279571802514297,12.381798,0.02509401975419753,False,False,False
428,3799.690698999412,4937.619915499032,3799.2305226977605,4938.362309273,gaia:4005615795945084928,177.69142083978554,25.99241202581252,177.69142252420704,25.992420101179693,12.40053,0.029577870202157245,False,False,False
429,4351.336262498654,4565.239021422703,4351.218140874106,4565.564348162919,gaia:4005559278471202048,178.00831863591648,25.803466308714913,178.00832072202562,25.80345167406872,12.377771,0.05311679658872601,False,False,False
430,8194.972770392744,5292.765158444423,8198.450017901197,5295.124289437408,gaia:4006383495579586432,180.20637171753125,26.17664441432962,180.20635373855595,26.17666074036084,12.332585,0.08263377474832592,False,False,False
431,6439.408341186662,4379.798135740755,6440.0160270218585,4380.391945925045,gaia:4006264202864107136,179.19952977497536,25.711662586362593,179.19944829523544,25.711613523939416,12.487736,0.31787191553434907,True,False,False
432,4071.779569087949,5261.271750844294,4071.384594017873,5262.32315471424,gaia:4005642905778653056,177.84524925559177,26.160057363957225,177.84526077447117,26.160037991014438,12.407935,0.07905299138969575,False,False,False
433,6876.327113585099,1018.1438592326558,6877.8107762090885,1016.674309842218,gaia:4001400891135218304,179.44297538243165,23.983989179078833,179.44297542846104,23.983993435648582,12.160524,0.015324398975658415,False,False,False
434,3832.1669454730622,5746.781278394895,3831.425198145872,5748.648104083608,gaia:4005661356958171136,177.70527607541587,26.408593933792726,177.70525727591726,26.408603636594016,12.424713,0.06995974861195585,False,False,False
435,3869.196437978416,286.18667409099635,3868.41908699122,283.76315679905883,gaia:4003965772589172992,177.75555003696698,23.60295417170246,177.75556019026985,23.602952002376476,12.301277,0.03439243910983898,False,False,False
436,1300.4104934122056,859.6493088034135,1296.1317572848748,856.8772158892111,gaia:4004870464500402816,176.30827541429727,23.87783339718134,176.30829949005442,23.87783008374798,12.220288,0.08014708744469659,False,False,False
437,6394.120783831298,256.58004654207025,6395.387284510994,254.1215935960313,gaia:4001291008692132224,179.17150770005455,23.592991036210865,179.17150085894644,23.593001384669023,12.207904,0.04355767151510871,False,False,False
438,6603.938932878662,4747.2735459770065,6604.83332774592,4748.233517181051,gaia:4006268291672953984,179.29383952415589,25.90033456607177,179.29385329542254,25.900335126292923,12.439214,0.04464243301526197,False,False,False
439,771.0174714547443,980.3577825789062,765.8861670800579,977.7065827853016,gaia:4004881292113964672,176.0091748154292,23.934063503074547,176.00917523557752,23.9341070148655,12.3234625,0.15664854792897462,False,False,False
440,1439.7368893806006,5249.406456408477,1435.615212921255,5251.5690035257885,gaia:4005781925280489344,176.33783648281474,26.13526794403872,176.33786345581294,26.13527507963996,12.245542,0.09088071938804475,False,False,False
441,4581.34277688184,4739.139296174312,4581.2656744375345,4739.577303028149,gaia:4005584906540295040,178.13887372586703,25.89362231983579,178.13887417703106,25.89361744454474,12.45326,0.01761176271080406,False,False,False
442,1682.722058753844,5741.484589524168,1678.8833089547416,5744.293235491022,gaia:4005804259110432896,176.47149028812726,26.390660665428545,176.4715085412852,26.390626355286056,12.235068,0.1368254624571808,False,False,False
443,3140.0279598919888,2897.608267454797,3139.459435422362,2897.4149119011713,gaia:4005402701143502464,177.32917868075847,24.940802595672945,177.329203509892,24.940789627803564,12.40038,0.09353288246116895,False,False,False
444,2217.985327522657,2878.6037854069923,2216.1075342911045,2878.264450587303,gaia:4005036907369114112,176.80664457256003,24.924110415425286,176.80659147316044,24.924135166224342,12.500512,0.19491322421424326,False,False,False
445,2575.819276292319,3351.922134732162,2574.5531050168915,3351.885796484659,gaia:4005468500042537728,177.00552926518841,25.170162152572036,177.005535950534,25.170156652425042,12.370482,0.029436672436949578,False,False,False
446,4209.862455019713,12.414877951639028,4209.299418992996,9.580698248800672,gaia:4003949692231619712,177.94774453079057,23.463669098581963,177.94774819465013,23.463681294215146,12.082683,0.045540946249886596,False,False,False
447,6962.705206066049,3600.01308201922,6963.6716003209585,3600.3492455801124,gaia:4006046563985800192,179.49621739349186,25.310417732077322,179.49620926142032,25.310430936635008,12.444445,0.054406933403446,False,False,False
448,6078.9106854177835,5270.780721618344,6079.547799844732,5272.081420247044,gaia:4006337286027528832,178.9940220766374,26.169562078998972,178.99404512770298,26.16956994752229,12.468968,0.07968238788857519,False,False,False
449,455.8795022398481,1917.623188968638,450.11929595141464,1916.0276210612133,gaia:4004958975186653824,175.81967727481518,24.412067003646644,175.81970859144533,24.412053079363858,12.171837,0.11424511686573302,False,False,False
450,5255.6734701838595,5285.6615797664645,5255.828765978997,5286.71683859804,gaia:4007084266739574272,178.5227732580528,26.176321942797944,178.52277098863433,26.176290855893313,12.406736,0.11215277897640491,False,False,False
451,7042.795732185597,341.34358869361404,7044.80638166428,338.8014340997511,gaia:4001284579125687040,179.53552244992937,23.635610753226032,179.53551795708654,23.635636463312718,12.249932,0.09373487784724,False,False,False
452,804.8913996825277,1236.1464302429822,799.771070166269,1233.7818367376449,gaia:4004886136837038464,176.02507898492206,24.065908105468697,176.02512156735332,24.065944769418085,12.332006,0.19238892584865974,False,False,False
453,6487.631714702323,5081.886151124841,6488.549857159427,5083.144950705599,gaia:4006343539499938816,179.22782910224484,26.072386736011897,179.2278313219614,26.072405918990793,12.5468,0.06943074506803287,False,False,False
454,8576.243318695286,4474.149801513485,8580.208838591509,4475.650470682433,gaia:4006165551758976384,180.41965526298188,25.75401671447958,180.4196294366379,25.754032829077648,12.386671,0.10187123920532133,False,False,False
455,9540.520185737796,4983.728475415592,9545.311120184939,4985.598125648462,gaia:4006149677559844608,180.97414613890547,26.009673765041555,180.9741521625645,26.00966258791249,12.186729,0.04470891257870134,False,False,False
456,4660.817689665698,68.6950475412932,4660.6347785162625,66.0822610401101,gaia:4003907743286399360,178.20017645424448,23.49428795368219,178.20018291670186,23.494301282943063,12.47734,0.05251500338328159,False,False,False
457,4778.6252952604855,318.6613026660998,4778.550304446416,316.5491768932566,gaia:4004286181445060608,178.26542652177,23.62325402001353,178.26542383037742,23.623251310509875,12.468184,0.013188902501898834,False,False,False
458,6168.481204153274,4758.99820401288,6169.002686750601,4759.775650898657,gaia:4006317116861126656,179.04509836747505,25.906491657171802,179.04509047846904,25.906522726170056,12.515889,0.11472873351382372,False,False,False
459,3634.548095006607,1634.1278358654222,3634.0805694367737,1633.4398173836487,gaia:4004567759501165952,177.61659852109915,24.294716520209324,177.61660486645297,24.29473331064794,12.553042,0.06393084474376358,False,False,False
460,1603.3461315864856,5239.794762302571,1599.555759240237,5241.894823153699,gaia:4005781375524675712,176.4317062874233,26.131932171254842,176.4317171992128,26.131945881862176,12.478027,0.060662981308402676,False,False,False
461,1399.7852185466195,52.53518121082607,1395.668719014623,48.75298974142197,gaia:4004092731822448000,176.37270425475108,23.46396053826131,176.3727084889464,23.463982585163436,12.293739,0.08059112091219199,False,False,False
462,5442.066012789435,5059.719766531348,5442.269591373803,5060.546829914454,gaia:4007078837900974848,178.62984666840643,26.06047742896995,178.62979144505945,26.06047265484129,12.436551,0.1794168971757789,False,False,False
463,7242.0461502318,1651.1879515473922,7243.735105646289,1650.2985446844266,gaia:4004438940546248960,179.65016320866013,24.30860089703579,179.65016559579834,24.30858320035075,12.506767,0.06418765215311259,False,False,False
464,6333.895388973636,938.5766549897298,6334.815730834991,937.2211062418824,gaia:4004308893232221312,179.13778981168278,23.943753209980304,179.13779706728022,23.943773238146196,12.431057,0.07595064919338179,False,False,False
465,8028.937104538008,5066.162899230093,8032.074803212341,5068.179933999492,gaia:4006376421769339136,180.11003919973587,26.06084916385273,180.11004525508207,26.060865543465546,12.520351,0.06213332037247636,False,False,False
466,3210.4546886794747,2706.398577367853,3209.9308438342578,2706.1517090420957,gaia:4005398131298296832,177.37040382045208,24.84303147679622,177.3704163859634,24.843037685964283,12.507883,0.046741246212446394,False,False,False
467,7605.117006157271,421.98648405622635,7607.867445841372,419.40350197193266,gaia:4001331858125550848,179.85135871956453,23.67556801768111,179.8513420296938,23.675561858053417,12.362936,0.05932651673851552,False,False,False
468,3633.281764000619,3064.061769723098,3633.0775494421055,3063.9661236528273,gaia:4005424790159578496,177.60769650858373,25.029193600775187,177.60772593702555,25.02919616570446,12.531401,0.09643666735274893,False,False,False
469,4453.949577333723,994.344386281462,4453.7606625878425,993.2528405675471,gaia:4004354621748986368,178.08082957407504,23.96968702420089,178.08082234411327,23.96966399382639,12.470431,0.08625312919914695,False,False,False
470,5496.919076430615,3125.425771861138,5496.9397172534445,3125.473850075846,gaia:4004714097627724672,178.66382763414734,25.066977665836017,178.66383166430737,25.066984321353566,12.555345,0.027327435711850933,False,False,False
471,8638.728379785334,6369.2707418107375,8642.481218616871,6372.791312403368,gaia:4006437990124835712,180.46752553428354,26.727705511398646,180.46753481168383,26.727723350318627,11.95419,0.07081002267062789,False,False,False
472,2092.003211653722,3468.678753862787,2089.868448492444,3468.7407211475747,gaia:4005479353424102016,176.7294938409652,25.22620695787971,176.72948054299738,25.22619818765999,12.520718,0.053594331877959346,False,False,False
473,9216.08717068431,2882.0946426488263,9221.016989815107,2882.101899973679,gaia:4002974872094972928,180.77290656305536,24.932026781493068,180.77290968611305,24.93201902374197,12.40184,0.02973064170873349,False,False,False
474,6282.014278602529,5669.484141587665,6282.9873450480845,5671.471364571963,gaia:4006364808177967872,179.1106511240521,26.37461940875871,179.11066191293597,26.37460626350912,12.473023,0.05873919737121348,False,False,False
475,1488.6099965507265,1065.3800767602443,1484.7246687969682,1062.9343845623503,gaia:4004873836050728832,176.4120311586421,23.98546344203529,176.41201863292486,23.985512413007147,12.34898,0.18104541228740817,False,False,False
476,4736.80660773191,5365.189465895754,4736.733073343349,5366.30094400017,gaia:4005599548084595072,178.2255178567389,26.215903802930665,178.22552044105458,26.215894449149747,12.468101,0.03469260384661272,False,False,False
477,9152.26401695126,5345.296573572805,9156.824184467445,5347.664850394329,gaia:4006205512135303040,180.75501007320486,26.198257975946436,180.75503527233624,26.198283734059554,12.359857,0.1233867438817697,False,False,False
478,5271.539437888926,2335.698482155277,5271.570401482169,2335.6478973589406,gaia:4004592494217061248,178.53766175127024,24.661078120562117,178.53766363748656,24.66109602292274,12.58751,0.06474326732401282,False,False,False
479,7349.481102086801,4801.106209268336,7351.369094447564,4802.4946894786735,gaia:4006282203070730752,179.72009992854254,25.92675619845816,179.72013176371166,25.926789919486403,12.579183,0.1592505113123494,True,False,False
480,4571.906620451154,2037.463255134504,4571.867453300974,2037.2718503358965,gaia:4004586034586303232,178.14341669533079,24.506107315125064,178.14343157600254,24.506110221799304,12.555417,0.04985514528108515,False,False,False
481,1837.487022379225,966.5902898458608,1834.2372571074561,964.157638515253,gaia:4004215189929984896,176.60935343023704,23.93815384301778,176.60936535253757,23.93812643378133,12.429896,0.10618513113729239,False,False,False
482,3489.368765332686,3786.46155951156,3489.0287392834894,3786.534257244666,gaia:4005452419684937472,177.52155487457784,25.399399659342386,177.52157581132857,25.399386626691747,12.616633,0.08268656834769682,False,False,False
483,614.5930829759927,4816.710613544192,609.0045899548659,4818.375661190479,gaia:4005762958704913280,175.87111923654203,25.903775504529055,175.87114123878123,25.903770953416693,12.425193,0.07310944409951681,False,False,False
484,8862.26673507992,3835.01414901084,8866.673848791022,3835.9092880084563,gaia:4006098142248563968,180.57858696495455,25.423956910422735,180.57858100409902,25.423957524228225,12.462159,0.01950645575509375,False,False,False
485,7117.498979562578,1923.010332026187,7118.896262310014,1922.41408487604,gaia:4004444167522439296,179.58044732990936,24.44859879617836,179.58043680598954,24.448586774978423,12.6547785,0.055338317280773444,False,False,False
486,6501.73253287574,5047.1706430483555,6502.649640964022,5048.395802914651,gaia:4006343436420742016,179.235865667695,26.05453953957183,179.2358529644094,26.054552123418947,12.567921,0.06115704996809275,True,False,False
487,1186.1514656239615,5871.098605872055,1181.463359273686,5874.11809415252,gaia:4017812717087373440,176.18485187787215,26.452219611231435,176.18484244842168,26.452196645584277,12.382697,0.08808549445321924,False,False,False
488,5625.306932733723,5059.332402889844,5625.594867911365,5060.209395010832,gaia:4006329898683767552,178.7345786557065,26.06052701231686,178.73457347824296,26.060529166066065,12.62052,0.01845192873660909,False,False,False
489,8401.864312093941,6164.301095667913,8405.599473440869,6167.756131088376,gaia:4006429851162514688,180.33015204343286,26.623698355327008,180.33010749778657,26.623703569769066,12.386673,0.1445845280028014,False,False,False
490,7507.992849901429,1865.915182776848,7510.0147598905805,1865.1397290241582,gaia:4001439202243505408,179.80082329759367,24.418156181761827,179.80085495126355,24.41816999946247,12.557156,0.11506806016673475,False,False,False
491,6975.6569644555475,1667.1944040428966,6976.965935911615,1666.42081820365,gaia:4004416336134337280,179.49989657672165,24.317446089812318,179.49989847059086,24.31743242805699,12.583193,0.0495732008934844,False,False,False
492,4025.3129513602985,397.30097499172007,4024.706637498983,395.1442609334158,gaia:4003967185633752064,177.84258289980247,23.660888854828265,177.84259970885032,23.66085943522269,12.311368,0.1195368507096843,False,False,False
493,1322.7497411104805,4089.8541216509857,1318.7624543683037,4090.6085634394076,gaia:4005689330080815488,176.2847326476658,25.53809392358439,176.2847214777979,25.53810180202314,12.495122,0.046052871396096776,False,False,False
494,3147.3798125296544,1263.8526477885189,3146.3291059738967,1262.560277753001,gaia:4004183682049954304,177.3443652954396,24.10147294381115,177.34438648438334,24.10147650293872,11.922985,0.07079941903185423,False,False,False
495,4944.32298567617,4937.249310946274,4944.338494994983,4937.869452354256,gaia:4005579928673977600,178.34553495516892,25.99649213776921,178.34554031109505,25.99649176554569,12.546568,0.017382193625053763,False,False,False
496,4112.364311811841,486.8239667469102,4111.852978284842,484.85768939243735,gaia:4003973263012135936,177.89107596230872,23.70727708619688,177.89104025243117,23.70730084801282,12.553768,0.14550755969361828,True,False,False
497,7036.633802640671,5323.881911816918,7038.313354844288,5325.749658752692,gaia:4006348418582840320,179.54267949586156,26.19618992468473,179.54268100313257,26.1961906995521,12.607072,0.0056113319163942675,False,False,False
498,1292.2576937539097,5249.677629966239,1287.8456525491388,5251.873310848256,gaia:4005770380408397824,176.2533607989273,26.13391457707236,176.2533638563626,26.13390567513383,12.462013,0.033535848596644866,False,False,False
499,8834.211616260178,5940.636013608493,8838.318751793702,5943.68391090829,gaia:4006418649887817728,180.57702569282853,26.506296005013297,180.5770121456278,26.50628838796536,12.26029,0.05154304842980916,False,False,False
500,7866.145217069434,5641.264918176696,7869.200236166032,5643.993716290206,gaia:4006401293924062976,180.0195824244151,26.357161166074867,180.0195869200712,26.35716034954077,12.55647,0.01479682030692684,False,False,False
501,5440.962988186658,3961.7322503793744,5441.013874557665,3961.8687394346266,gaia:4004797931092972032,178.6307980524456,25.496366107524572,178.6308019001573,25.49635417202974,12.610361,0.04474985622703089,False,False,False
502,2220.719379419407,1937.2469233128145,2218.616704036471,1936.1711355095006,gaia:4005004020804123264,176.81663049180085,24.440507770776637,176.8165936192434,24.440499049558763,12.285798,0.12485831277496351,False,False,False
503,2011.098880870355,4762.867158860337,2008.3647527775274,4764.1677298192,gaia:4005724858050264448,176.6703319974889,25.890516550728968,176.6703313628031,25.890522257129316,12.618126,0.02064562359445566,False,False,False
504,2800.5797908406416,5451.2378569355,2798.8148977104365,5453.083116686245,gaia:4005831368943697920,177.1158037482246,26.250562854845324,177.11578707731957,26.250569004339713,12.514867,0.05820063869461504,False,False,False
505,9350.393099838891,2935.5805830533095,9355.477757482535,2935.653840007143,gaia:4002975146972879104,180.849414470498,24.958593962823866,180.8494462370197,24.95859331230354,12.469415,0.10370623096541834,False,False,False
506,2525.7810755553064,1927.0868063581208,2524.1979192764106,1926.1421033935671,gaia:4004254055089544320,176.98901224451234,24.437792441330398,176.98900267008645,24.43779998846998,12.628782,0.041507783853866845,False,False,False
507,9510.92379901284,4835.341713356724,9515.811651568081,4837.117068392704,gaia:4006148101308179968,180.95604265810917,25.93367458750457,180.9560240271357,25.93365238618634,12.349488,0.10013072536609187,False,False,False
508,6599.495166988641,1861.0365217463295,6600.293058019106,1860.5558695330767,gaia:4004432107254204544,179.28790330040945,24.41765596338094,179.28786635245166,24.417658402196754,12.50193,0.12143331316051802,False,False,False
509,2377.839815135086,2491.907744231586,2376.18863733325,2491.3429539036124,gaia:4005029279507214208,176.9006112778349,24.726808820525843,176.9006177555998,24.726807629894477,12.615566,0.021611133051307106,False,False,False
510,1676.532274609383,5136.082477992638,1672.9356540628687,5138.011767454085,gaia:4005778012565504384,176.47479926055937,26.07934109710515,176.47482214863922,26.07933061230057,12.526943,0.08307755690333751,False,False,False
511,3773.065402155424,604.5043652849795,3772.323362472626,602.6012468975623,gaia:4003972507098652416,177.70001067916002,23.76619584519472,177.70002209830417,23.76618388836465,12.559929,0.05716914004755558,False,False,False
512,4063.791007315397,189.51411643399706,4063.151974758998,186.98250498008474,gaia:4003954193357344000,177.86509493402724,23.554159688871778,177.8651217960126,23.554151365159363,12.607992,0.09357379822839497,False,False,False
513,4125.5468951068215,4291.375632764384,4125.407667852612,4291.567871340656,gaia:4005556353597716736,177.88082800925176,25.661856151874428,177.88086043706272,25.661855794100184,12.662464,0.10523340145002377,False,False,False
514,2160.5353622488874,5557.515476402635,2157.6559457650874,5559.857366747208,gaia:4005788698444132992,176.7477493191443,26.300318062123925,176.74772389001484,26.300315458035623,12.549161,0.08260220947119527,False,False,False
515,8369.12370989567,4012.2886578273265,8372.621432829794,4013.27343116171,gaia:4006021210794129664,180.2986951906619,25.517681571300205,180.29870218644265,25.51770009244522,12.588117,0.07044339117368299,False,False,False
516,2656.750685778829,4835.417766072489,2655.1215712458948,4836.5053131410405,gaia:4005717951742845056,177.03885198980225,25.932927643613425,177.03880640694382,25.932962861246867,12.627662,0.19455675099342618,False,False,False
517,1442.7873615787594,3721.0034036701377,1439.1687671911418,3721.3538739055325,gaia:4005299411474189056,176.35739634603289,25.349797881703438,176.35739399242374,25.34977675770051,12.557197,0.0764309380025277,False,False,False
518,6353.7333907377815,5369.662707531933,6354.646765916471,5371.227188179111,gaia:4006357523913431296,179.15149753475148,26.22037789415114,179.15150205735287,26.220412793378898,12.545758,0.12648338696835643,False,False,False
519,2047.2967943971576,1284.7592246668487,2044.5849329580014,1282.864349895406,gaia:4004223818519761280,176.72458540272578,24.103592810541272,176.7245660491513,24.1036187999803,12.538584,0.11313066717162529,False,False,False
520,4711.286010754762,193.85168130819602,4711.153956051998,191.49382560950744,gaia:4003910251547302272,178.2280720730792,23.558858402771197,178.22806010642194,23.55884628553518,12.660627,0.05884117769522199,False,False,False
521,8109.797806730263,754.8565511425404,8113.190838965209,752.6297871107781,gaia:4001360655881639808,180.13607611004758,23.844768727319966,180.13606189116118,23.844767253764957,12.570851,0.04711836426385379,False,False,False
522,4511.793090753035,2329.347545460574,4511.76522983996,2329.244756537045,gaia:4004601084151705600,178.10841368131432,24.655819484475455,178.10841921705946,24.65581875917493,12.583504,0.018299032132889727,False,False,False
523,1500.974308317299,1417.9644166068238,1497.2203787234475,1415.9788608686126,gaia:4004972895176593152,176.41530882625062,24.16686675658091,176.4153285946794,24.166875589884693,12.578055,0.07229815103713057,False,False,False
524,5707.42441256649,6197.480326802114,5708.061757325579,6200.212316176285,gaia:4007137352535383040,178.78068706595795,26.645930771592376,178.78071042090622,26.645945165062848,12.59282,0.09128099376296427,False,False,False
525,9181.360312944718,3039.4921290732937,9186.24975574599,3039.646289313357,gaia:4002988173608771072,180.7543709072169,25.013134368695372,180.75436890449524,25.013135356139426,12.511839,0.007438043133812769,False,False,False
526,6332.753767731749,2515.4684097154377,6333.146663933248,2515.3987509269837,gaia:4004491412162586880,179.13756443264995,24.75407681260977,179.13752322108977,24.75409277796856,12.642125,0.14647646885686194,False,False,False
527,3647.962562466436,4814.024590591156,3647.4424573040124,4814.688184445818,gaia:4005614455915290624,177.60545074641536,25.928129943644098,177.60546769131042,25.9281358938422,12.685345,0.05889498691407319,False,False,False
528,3997.9122820088346,590.8569411786934,3997.346396338521,589.0255274837332,gaia:4003977287396816512,177.82630190610217,23.76028034999341,177.82632725005485,23.760282088997744,12.614053,0.08373914894260862,False,False,False
529,5463.368946467499,5414.131291348573,5463.648943210745,5415.408437293181,gaia:4007092066400188928,178.64147008619292,26.24271455661582,178.64147726880663,26.242707095256584,12.694452,0.035487864530515036,False,False,False
530,9498.474989747394,779.7761281964795,9502.597726100692,778.3130538900105,gaia:4002662301554719872,180.91615235343954,23.849938471672004,180.91614897093496,23.849953882211356,12.339124,0.05658479507583408,False,False,False
531,6955.189114649751,5377.528948639205,6956.786529260287,5379.427098311215,gaia:4006349479438451328,179.4961377823484,26.223901739762567,179.49615116992427,26.223908631143594,12.695906,0.04984703600705998,False,False,False
532,7860.27968479846,4657.282258446883,7862.975858852313,4658.752343750037,gaia:4006091235940878208,180.01154523136918,25.8513248548486,180.01156807769186,25.85132544237246,12.600074,0.07404642168723866,False,False,False
533,3284.3658056014883,291.4240283387562,3282.9917606414547,288.725173181213,gaia:4004133619911159936,177.42754818829656,23.602325356903656,177.42751914337975,23.6023378258485,12.643904,0.10580838980558104,True,False,False
534,327.997642775902,2448.640105299645,321.9721381572808,2447.624983643348,gaia:4005249280615909504,175.74032456173998,24.68333875285693,175.74032393635113,24.68335350787138,12.451725,0.05315742930486979,False,False,False
535,5753.731955988022,5219.964700442463,5754.13094513095,5221.071957046452,gaia:4006336117796412672,178.80793442339095,26.143236414741413,178.80791490674818,26.143241885379325,12.759615,0.06607527463848406,False,False,False
536,5201.119669263848,3488.985677018219,5201.122599063045,3489.0254859209213,gaia:4004767080344261504,178.49536165068935,25.2531844478514,178.49536423422148,25.25316375766964,12.659444,0.07495814252427635,False,False,False
537,5137.821646819935,1302.91029960506,5137.910711328302,1302.2426576381297,gaia:4004374172439415168,178.46452562540864,24.13020066249155,178.4645374663099,24.130236050872657,12.67138,0.13320545228693867,False,False,False
538,268.891461012483,5800.107626655471,263.479929634761,5802.455343559248,gaia:4017804947490867968,175.6596048594002,26.404628417111542,175.65960617995464,26.40463112353594,12.270169,0.010632941182766696,False,False,False
539,1214.82236881859,4124.100909983022,1210.5732862516516,4124.913108014016,gaia:4005692486881305600,176.22274096259565,25.55459897825478,176.2227615432079,25.554577757080846,12.633565,0.10150998735911997,False,False,False
540,9114.947720487971,3747.9601017531386,9119.75132900588,3748.7909335956892,gaia:4006093538043644416,180.7218263248415,25.377688354215216,180.72180901816378,25.377653614910102,12.5966,0.13714645673795445,False,False,False
541,4283.4231270904975,4131.052117911994,4283.34758949538,4131.164556185422,gaia:4005543266833111424,177.9715108908725,25.580163353918962,177.97153395786867,25.580150877940593,12.776787,0.08733546722930885,False,False,False
542,6027.825062209227,1679.893506819854,6028.229489290331,1679.432774547108,gaia:4004474266653120640,178.96527932623616,24.32492987001416,178.96533559013642,24.324909968009955,11.813125,0.19798700690862772,False,False,False
543,5881.654598028264,5221.99510108031,5882.134266286921,5223.151853218985,gaia:4006336289595114112,178.88113174978804,26.144377943618256,178.88112764558628,26.144391233754387,12.78962,0.04964890577639892,False,False,False
544,7508.355967456587,4242.156448941032,7510.286026387095,4243.077901034827,gaia:4006081683933607424,179.80887603392333,25.63909311864071,179.8088801672345,25.63910619588637,12.752957,0.048952048270593726,False,False,False
545,996.8157685799079,3116.5868474751587,992.1775615049787,3116.338784691401,gaia:4005284606722629760,176.11088376534792,25.034511424803263,176.11089380541515,25.034477847057445,12.558224,0.12523744550707086,False,False,False
546,880.3524333374189,3800.8361873293247,875.3837175299063,3801.3240268366603,gaia:4005314224817081344,176.03612508017193,25.384774438915436,176.03614265745966,25.384797196012762,12.5159,0.09990021275580822,False,False,False
547,4206.252474845535,6078.061394225074,4205.716612248526,6080.4511100634245,gaia:4005670084331715456,177.91825124783173,26.580662929830147,177.91825810665335,26.580669756579088,12.682141,0.03303948697753615,False,False,False
548,7975.275270116253,161.5704452057662,7978.532567753333,158.63372581217618,gaia:4001314716911436416,180.05812328669762,23.54033252924469,180.05812113028253,23.540342428592577,12.48389,0.03634136159049229,False,False,False
549,1825.8192015308477,5443.343294454183,1822.3744963322465,5445.656336406911,gaia:4005789450063190912,176.55694790064993,26.238667515892757,176.55695126209577,26.23868079551346,12.616193,0.04902336282607007,False,False,False
550,8001.844342157831,4221.772775116857,8004.667642342778,4222.854835654308,gaia:4006072269365318016,180.0903169535541,25.62692921700025,180.09034128912276,25.626960240956205,12.664151,0.13679631876320986,False,False,False
551,795.4063567967987,180.00064412353368,790.6744915323984,176.58500500831133,gaia:4004084657283930624,176.03263080840804,23.523156215968342,176.0326451146591,23.52314427121021,12.416551,0.06386759720460848,False,False,False
552,8893.93746798343,6280.453124220831,8897.776976801862,6283.691710052225,gaia:4006422425163355776,180.61362728726633,26.68046438106181,180.61362708593455,26.68049418662511,12.348573,0.10730198225040882,False,False,False
553,5262.646850194096,6326.408464174803,5262.932770087115,6329.303782873447,gaia:4007187758271566080,178.52473131756412,26.711639626404168,178.52474286500646,26.71161940875835,12.574562,0.08170925611975424,False,False,False
554,677.0537579646962,5523.102513948353,671.6545255987467,5525.573340683899,gaia:4017787840636800384,175.89733365439363,26.26753514270176,175.89732214042903,26.267525069360378,12.494874,0.05192965775307573,False,False,False
555,3020.8663066236786,753.1579717065056,3019.408603846359,751.091511806374,gaia:4004152625141860736,177.2766152472667,23.838072181524797,177.27660836896322,23.838060559067983,12.608301,0.0475778901634384,False,False,False
556,2820.462188260352,3356.752029723062,2819.5392097239856,3356.712516486588,gaia:4005423003453180160,177.14446972867057,25.17444247868723,177.14447031162064,25.174438261205886,12.756916,0.015301265973854422,False,False,False
557,2109.731843001636,5529.980795299197,2106.7754302812914,5532.303399301893,gaia:4005788286127273216,176.71887415267526,26.285730914986708,176.71886269330028,26.285729211236603,12.740137,0.03749307076061026,False,False,False
558,4714.237890762255,2994.2584244079017,4714.237908394685,2994.2502677308908,gaia:4004755982148737280,178.2206162760868,24.997915037064946,178.22060642059853,24.99791290009258,12.790954,0.0330635792505638,False,False,False
559,8784.647973097839,145.36491897848373,8788.437745367835,142.8524885840725,gaia:4001149584008688640,180.51157562557603,23.528373784049915,180.51160125091693,23.5283188055301,12.560039,0.21523812201106685,False,False,False
560,198.755737830209,3689.7114889475192,192.47881537900048,3690.042462301152,gaia:4005331159872788736,175.6497394024307,25.31942788177606,175.6497371728019,25.319452199993357,12.569342,0.08784573258528558,False,False,False
561,1502.1858989581706,1180.8698348492371,1498.3608856286373,1178.5814917977073,gaia:4004968080517105152,176.4184759655334,24.04501599482915,176.41846835203194,24.04501593070928,12.700768,0.025031304708520243,False,False,False
562,5495.472690586094,5618.751426081258,5495.812899135942,5620.347969285879,gaia:4007104848222867840,178.659571322474,26.34798950495949,178.6595991286444,26.34797761659283,12.742502,0.09938976483110111,False,False,False
563,8428.50186498414,5177.136129026596,8432.325320263773,5179.405169880149,gaia:4006194486954918656,180.33949076626286,26.116124568021654,180.33946413275896,26.116125992911748,12.706044,0.08624424386755128,False,False,False
564,533.4435771975695,1909.870880024223,527.810667790035,1908.265554309475,gaia:4004960212137235200,175.86359101172826,24.40899474726502,175.86360408821187,24.40900462581384,12.564908,0.05569874106777266,False,False,False
565,1688.9577946331501,4348.419210114651,1685.727212654508,4349.363782641452,gaia:4005697232820621440,176.49074472115123,25.674579870171073,176.49072069213287,25.67459434943298,12.647053,0.09378383775165682,False,False,False
566,7658.688388953074,2870.2219365993333,7660.720225221817,2870.20588044243,gaia:4005972901001966464,179.88939190278515,24.933696194530533,179.88940917724264,24.933736873932787,12.732087,0.15692810562264595,False,False,False
567,2115.050541841912,3097.479211750374,2112.984881246004,3097.277975839824,gaia:4005088378257189760,176.74615084661824,25.035690299308257,176.7461392020032,25.03569666442637,12.774616,0.044358744925057744,False,False,False
568,2886.3871849776647,4507.403745967713,2885.2407517552683,4508.057828669287,gaia:4005525945229247616,177.17277551669187,25.76600051412025,177.1727747227208,25.766005434310337,12.783297,0.017898750070930065,False,False,False
569,5911.904204847523,907.5915692470417,5912.482474811868,906.3312799084247,gaia:4004306419331038720,178.9005557160355,23.92790979468147,178.90054876996558,23.92792460957823,12.670963,0.05802505824937718,False,False,False
570,3436.2969467513053,2064.2739681552766,3435.8205211250793,2063.8076743199895,gaia:4004622563283840768,177.50222852678047,24.51459548778473,177.50224948409445,24.514599557068763,12.763342,0.07019101101036336,False,False,False
571,4573.245592085017,4926.95594819879,4573.146906742549,4927.558904485128,gaia:4005586663182692992,178.13354586762048,25.99007977707216,178.13353966334617,25.99010795761502,12.862536,0.1034174227430704,False,False,False
572,6267.902403876593,1962.004533725373,6268.3816950347145,1961.6826300208018,gaia:4004477118511465216,179.10075830776245,24.469804080536697,179.10073416041945,24.46981244446854,12.690319,0.08465791155710993,False,False,False
573,3101.77511698912,6093.440951120256,3100.058858686229,6096.256618176738,gaia:4005868756634474752,177.28340047736555,26.58282730622599,177.28339158071898,26.582852254476617,12.706964,0.09427023280762231,False,False,False
574,4765.214791723019,4107.408686774798,4765.204674888878,4107.511305991896,gaia:4004790444966319360,178.24591774042827,25.56967931151599,178.24590274428672,25.569660705484253,12.759962,0.08281376898353993,False,False,False
575,8862.544323777449,2014.8942328241912,8866.951921426447,2014.0267987472314,gaia:4002888049331181312,180.56694300457318,24.488563171151064,180.56690540529766,24.488567618213157,12.624694,0.12421717171347431,False,False,False
576,6219.185707244185,34.42175292287038,6220.344381060512,31.613590525204927,gaia:4001266613277887104,179.0734165720183,23.47882684521894,179.07341370479924,23.478827795993507,12.73603,0.010067135555049692,False,False,False
577,1429.0077065857286,2307.6141924993085,1425.337697576831,2306.6081518630376,gaia:4005049375658132608,176.36525853377108,24.623374687437735,176.36524408505096,24.6233720880883,12.318889,0.04820247107540628,False,False,False
578,2729.0561810522886,5170.917808230236,2727.350029656466,5172.391719539605,gaia:4005816770350356480,177.077231837725,26.10592175787842,177.07723612396617,26.105942180947668,12.773283,0.07481734665183866,False,False,False
579,2607.3221063867436,655.6404281292535,2605.238531869755,653.1713357986096,gaia:4004154235754178048,177.04495408690778,23.784861579045668,177.04491936190678,23.78487279542098,12.719706,0.1213098844008503,False,False,False
580,2988.4045791469366,5961.394311534238,2986.6078272182567,5964.01375818848,gaia:4005844734881919104,177.21929946411794,26.51420275441281,177.2192988659618,26.514198528761614,12.632024,0.015333893323570219,False,False,False
581,4394.010862209071,5827.658336814975,4393.678470787078,5829.535055819861,gaia:4005664762868021760,178.02722190536838,26.45258883448224,178.02723388222438,26.452582933642187,12.794162,0.04406154385077763,False,False,False
582,5977.478629421616,4481.008790973722,5977.7983841616915,4481.502383668145,gaia:4006305846866937344,178.936025948724,25.76361356523232,178.93601577197754,25.76362721074549,12.849353,0.05917589399049618,False,False,False
583,8795.07395787433,2456.089782723147,8799.35430111433,2455.657898605194,gaia:4002943059272288128,180.53143732476943,24.71573185223171,180.53149533752745,24.715705309165347,12.392013,0.2124200450456727,False,False,False
584,1455.9915807167808,5053.426813724008,1451.9750891873541,5055.31753990196,gaia:4005757121844578176,176.3494990191798,26.03486098231434,176.34948934111017,26.03469593311014,12.759414,0.5950012703804826,True,False,False
585,1832.5527203237175,5960.1078450985115,1828.8992459660017,5963.213077034659,gaia:4005806664292118400,176.55514353993593,26.504454532997865,176.55511970738263,26.504435595847333,12.597173,0.10267818571649327,False,False,False
586,4868.120383250055,2453.3851292664535,4868.119213990509,2453.344190768941,gaia:4004606860883451648,178.30937690210703,24.720620139445224,178.30937714518993,24.72062455587037,12.85292,0.015918989298415814,False,False,False
587,768.3156042850583,610.9758822165186,763.3028954645279,607.9402527577645,gaia:4004842362530397312,176.01217978712342,23.744242284815083,176.01217586525593,23.74426375837384,12.580044,0.07837763266933154,False,False,False
588,4171.769109988662,5730.784221696962,4171.303217052911,5732.528952763878,gaia:4005663457197960832,177.90018704237113,26.4018648689398,177.9001721582342,26.401890178936295,12.828383,0.10298325917327925,False,False,False
589,9347.07818882519,1685.246777230369,9351.928880134943,1684.184425792334,gaia:4002869838669845120,180.83808902859025,24.31610094822648,180.8380829866086,24.31610444256947,12.567406,0.023476383653298256,False,False,False
590,5271.70367476306,227.43161909384526,5271.978886274312,225.16219189143203,gaia:4004271200599161856,178.54213812181248,23.57746624479844,178.5421310306564,23.57746989640625,12.826902,0.026837190439031218,False,False,False
591,5171.351501954278,4582.831811874418,5171.408849597012,4583.193832772603,gaia:4004823567754125056,178.47606167931636,25.814911581607735,178.4760475002939,25.814903386375754,12.845911,0.05460648124228573,False,False,False
592,6028.855170628784,924.4168141936862,6029.516473012642,923.1457085388156,gaia:4004306694208947456,178.96625327663835,23.93662185525682,178.96628487005032,23.93659290038833,12.866649,0.14721404823971385,False,False,False
593,3610.704608058752,609.121641104075,3609.81947302511,607.1493686727176,gaia:4004159978125917952,177.60885311194974,23.767706468322963,177.6088317397736,23.76768027337705,12.784079,0.11769031353572572,False,False,False
594,1163.4692863218997,633.02728084413,1158.9563700742638,629.9516131273163,gaia:4004863562488963456,176.2337913157253,23.759884209125904,176.23381979815875,23.75990779950293,12.665119,0.12656767643492856,False,False,False
595,3857.153389438732,6211.695526595764,3856.2539193356556,6214.449679269765,gaia:4005861811671885440,177.71687450209933,26.64789297562384,177.71687356083132,26.647881756096513,12.824618,0.04050368880524344,False,False,False
596,2541.886654691147,2000.1649290995065,2540.3567663173285,1999.2900952914817,gaia:4005010759608202752,176.99756674941992,24.475475247127978,176.99750887353738,24.475477911931584,12.6073475,0.18987279065871637,False,False,False
597,1025.8370292151576,3203.0058068458343,1021.266010134213,3202.8492150607776,gaia:4005285323981460736,176.1263187379711,25.079218670530853,176.12632774023947,25.079206470572665,12.625353,0.05282556795189188,False,False,False
598,6123.3471211639435,679.4769741512664,6124.179475493111,677.8166064802581,gaia:4004301673391699840,179.01947040388578,23.8106774217549,179.01949098843818,23.8106349197973,12.701532,0.16735466783832662,False,False,False
599,5872.229700460391,5986.4598561013645,5872.94904386478,5988.8308708244895,gaia:4007121027363736832,178.87555256113015,26.53753423198273,178.87552394619757,26.537526120881754,12.814817,0.09667565111522647,False,False,False
600,8117.944135791513,3411.094991257529,8120.859117002197,3411.501204369464,gaia:4006005989430020608,180.15256673479166,25.209898312193506,180.1525273409115,25.20989331184707,12.765861,0.12956688968048702,False,False,False
601,6692.443508849895,14.383386477076783,6694.13831298815,11.406643419312331,gaia:4001275748672929152,179.33861951459673,23.46808434479056,179.33862087823738,23.468102524825376,12.650358,0.06560285383461727,False,False,False
602,4827.379441925704,4065.048824860602,4827.374952905916,4065.1422878525186,gaia:4004789620332610048,178.28143688403938,25.548109360223584,178.28141984157784,25.548083400234106,12.89594,0.10861897616444717,False,False,False
603,3447.412936887324,1660.6802046716184,3446.815683306409,1659.9363777940196,gaia:4004239623999433216,177.5109494406273,24.30731225334632,177.51095394695287,24.307306369635324,12.901177,0.02583090108842481,False,False,False
604,7341.066410261113,3452.845500778536,7342.552729514277,3453.172777451583,gaia:4006035710603662976,179.7109333278599,25.234035401454058,179.71096312379498,25.234011155567725,12.9317255,0.13051215317878173,False,False,False
605,5493.438227790859,1259.8650244359635,5493.674557094572,1259.1248026347353,gaia:4004371256157304704,178.66475108464425,24.108698200879687,178.66475968350125,24.10870209266917,12.840696,0.03153847484431579,False,False,False
606,8125.178616006403,3152.957029725226,8128.100817935025,3153.154060520014,gaia:4005969224509964544,180.155368617524,25.07721212633878,180.1553920503688,25.077217700742132,12.818512,0.0789978421676394,False,False,False
607,3825.612296082808,2724.6316730357044,3825.4728121290736,2724.5008461561993,gaia:4004668158656666240,177.7185819876136,24.85588553094675,177.7185823163369,24.855891948191555,12.92328,0.02312702248311125,False,False,False
608,8154.364526416142,5663.765856503362,8157.849873214251,5666.603286145857,gaia:4006390371823124480,180.18510540486471,26.367605982666507,180.1851042859985,26.367571885622258,12.768044,0.12280239874648376,False,False,False
609,7899.474738334002,6009.307942650533,7902.660420925986,6012.581174839976,gaia:4006408101448087808,180.04053336960726,26.5463049740645,180.04050813772096,26.546276556007303,12.738874,0.13064931055853965,False,False,False
610,9189.22805895452,6078.765629209458,9193.16932301615,6081.585861153433,gaia:4006607491009907712,180.78170446999823,26.574813476489613,180.78171084161033,26.574838196460565,12.548614,0.09132578988303539,False,False,False
611,3256.360540749054,4331.239856551589,3255.694931893977,4331.631354963666,gaia:4005510693801232128,177.38515316165714,25.677845605299186,177.38519578650605,25.67786674567071,12.899409,0.1578532992057951,False,False,False
612,7313.320602135431,6344.3884851704315,7315.806882728151,6348.045906912266,gaia:4006471834467675008,179.70481490749944,26.720454398902213,179.7047848729121,26.720438823047203,12.362137,0.11167587470546443,False,False,False
613,3857.8476698830873,1331.9748371285998,3857.4257493952473,1331.0934782040836,gaia:4004550373473550720,177.74401971598516,24.140616684742334,177.74399605632306,24.140630825434656,12.907221,0.09291268496597573,False,False,False
614,6859.635691161386,3507.013193670208,6860.466724471824,3507.2885931375645,gaia:4006044815934321536,179.43743983526545,25.262838652034585,179.43742199919654,25.262827538140577,12.871889,0.07051798419014028,False,False,False
615,8871.78245124984,4196.659211627183,8876.224012814047,4197.916342965898,gaia:4006113707210047232,180.58647453473364,25.60976031405247,180.58646493264578,25.609760706691134,12.788739,0.031203597335238798,False,False,False
616,7670.167912984826,6103.50415351442,7673.064081477818,6106.867861038595,gaia:4006455964563597824,179.90913526618854,26.59556541812113,179.9091267766095,26.595527638708916,12.794031,0.13872438489395783,False,False,False
617,7270.781196886825,3223.994110777386,7272.146350778496,3224.1871272582016,gaia:4006025814999032192,179.67035941600093,25.116593817643853,179.67036216263529,25.116621152090566,12.962489,0.09881044479618112,False,False,False
618,1502.6587106223842,5958.318501247196,1498.451997824573,5961.470987062719,gaia:4017818386444201984,176.36556142253474,26.50036396430872,176.36558106833473,26.50033598086525,12.764119,0.11897373403288149,False,False,False
619,8893.0108995925,5862.801332801569,8897.186988230824,5865.74906353999,gaia:4006230663463790464,180.6101837850527,26.465940512444725,180.61021689067877,26.465921645943595,12.711782,0.12647459888358728,False,False,False
620,893.2196706612913,1355.515972322827,888.2451567911053,1353.295227638289,gaia:4004892798330558848,176.0734190585808,24.128290210360934,176.0734398504966,24.12829142857008,12.694986,0.06845198741170896,False,False,False
621,8062.496969776464,1153.7577935413992,8065.727037487204,1152.0242834140422,gaia:4001368313807601152,180.11112760143752,24.050044880225006,180.11111095554912,24.05003198054748,12.776937,0.0717717342091747,False,False,False
622,2555.1703699316436,2615.3510413483004,2553.8343075198736,2614.913471263546,gaia:4005031199357025024,177.0000068074855,24.79164735246345,176.99999413096015,24.79163993340397,12.889279,0.04929266692144177,False,False,False
623,92.1212393092519,3246.5794990608306,85.70085004719112,3246.417665060629,gaia:4005274500664223360,175.59553607596106,25.090384756647246,175.59550126072529,25.09036921471792,12.631493,0.12654893357735444,False,False,False
624,6269.4087914816455,104.01746326268267,6270.59736230501,101.32379963191033,gaia:4001290214122781312,179.10156022740296,23.514596942304095,179.10155670537262,23.51460620147214,12.661777,0.03530244160707533,False,False,False
625,3604.4769765081087,338.09109643613874,3603.469619079916,335.643194663749,gaia:4003969590815419904,177.60680557553567,23.62825437937679,177.60681498977877,23.628248062796892,12.798722,0.038486313833633434,False,False,False
626,5265.366118832555,3818.928397365412,5265.385165155985,3819.01021020908,gaia:4004795427128790528,178.53119236180038,25.422733177472004,178.53118295413194,25.422715831553013,12.967778,0.06953448592841331,False,False,False
627,6635.620935660858,2420.7034042089704,6636.287841613402,2420.552103311411,gaia:4004510206939527040,179.30883377714127,24.705134011859318,179.3088084133851,24.705149997501955,12.924311,0.10095962813930397,False,False,False
628,8174.126259217493,1194.008840728373,8177.52780352549,1192.301238816149,gaia:4001368554325769216,180.1741572673576,24.070214788089736,180.17415245156175,24.070230947168017,12.793702,0.06028788882868733,False,False,False
629,2294.952069386032,399.33218214449425,2292.2525804678044,396.2715270723138,gaia:4004145783258541568,176.87155326175193,23.65062150467887,176.87152935284234,23.65053745941238,12.443789,0.3126668035672964,False,False,False
630,372.43968300245433,4228.293316789182,366.44361604582537,4229.248017067245,gaia:4005374182560516992,175.74102287114877,25.598370947558696,175.74102630366772,25.598415521209628,12.673855,0.16085165348153196,False,False,False
631,163.64690447122393,2881.235786727198,157.33736310609856,2880.686129355877,gaia:4005266842737901312,175.64131416172475,24.903562515626515,175.64126471705626,24.903566149949853,12.634198,0.16197916848980184,False,False,False
632,7121.265522524442,3871.31758214591,7122.4913962098035,3871.8376271245525,gaia:4006053882609855232,179.5870882151384,25.449495005450586,179.58708665750927,25.44950623607907,12.977023,0.040746086306579526,False,False,False
633,5906.20537973089,6201.015849897302,5907.022586141614,6203.823360444043,gaia:4007134569396622336,178.8949840122728,26.64792633961834,178.89500484385417,26.647930887323945,12.990377,0.06899827474942927,False,False,False
634,8794.881769551694,2649.537097201545,8799.15298630931,2649.2926731320845,gaia:4002978896479407872,180.53262907620115,24.81511804126474,180.532591249829,24.815122628203714,12.862811,0.12469964219741783,False,False,False
635,9381.969869346438,3959.765080201538,9387.064695106546,3960.801325658367,gaia:4006101509502959872,180.87539323306964,25.48467424492586,180.87539802027618,25.484685382070925,12.213082,0.04300615681040463,False,False,False
636,1886.885903677682,1552.1608627837566,1883.9787212934602,1550.5124698150091,gaia:4004977052704929920,176.63164884867527,24.239580175726605,176.63164909503038,24.23959907137279,12.797789,0.06802913300722079,False,False,False
637,8957.273929300094,3542.604691941659,8961.83105918558,3543.2245097863406,gaia:4005998876964206848,180.630663014139,25.273131570825157,180.63065298480714,25.2731124257564,12.9093895,0.07626452216157951,False,False,False
638,281.5108557899284,663.4990482070971,276.2053164101344,660.8091107142573,gaia:4004854354079093760,175.7383584145332,23.765632953813956,175.73833470328034,23.765595605007878,12.590686,0.15550368367831627,False,False,False
639,9141.649219758958,598.3220800972913,9145.811490627162,596.3667152924686,gaia:4001159857570473216,180.71467155696038,23.75900968818382,180.71466994294505,23.75898695604552,12.167462,0.0820083085317893,False,False,False
640,9154.334773003988,3765.940316202803,9159.192338946035,3766.7906447774967,gaia:4006093641122860288,180.74435745126343,25.386634705078617,180.74435437262784,25.386636770340537,12.688024,0.012471391463666557,False,False,False
641,193.74371925153082,2807.635948965961,187.48182654956508,2807.0078884475097,gaia:4005266533500255872,175.6593799785599,24.86615003203676,175.65935324079697,24.86613249063778,12.668612,0.10777167496932524,False,False,False
642,4794.7878236445995,3131.0054556147406,4794.787715244702,3131.0052882012606,gaia:4004757390898011392,178.26580220476728,25.068345087697917,178.265811052396,25.068364309245915,12.988183,0.0749712805789979,False,False,False
643,7201.722311940661,3527.7025469602363,7203.004182560046,3528.0481447889074,gaia:4006042719990290304,179.63194037857633,25.272820249853805,179.63195132248438,25.27280557955628,12.944689,0.06370643730277599,False,False,False
644,361.2767991594237,5338.103093347392,355.53232860982644,5340.216335630146,gaia:4017780109695673088,175.71903789784673,26.168523567728272,175.71904249572574,26.16853257188704,12.651121,0.03565703253976145,False,False,False
645,2901.551428733336,5908.97271791915,2899.663219826469,5911.538638661761,gaia:4005844429939714304,177.16983943317544,26.486644892332425,177.1698377059514,26.486656882670008,12.903878,0.04352251112177096,False,False,False
646,8119.474316877455,2667.1373551653855,8122.420023681495,2666.9340435465665,gaia:4005961012532510848,180.1498450406652,24.827602666486207,180.14987021453507,24.827600292874934,12.898495,0.08269253975661964,False,False,False
647,463.2134323432356,6095.096356412699,458.07374945495485,6097.819210993879,gaia:4017808731357707904,175.76693573843755,26.558641838747967,175.7668966749484,26.55867724000534,12.648547,0.1790669870245173,False,False,False
648,847.4935642124915,2430.5213976499044,842.4882239711574,2429.5247948529423,gaia:4005058996384874368,176.03458821940222,24.68025646723338,176.03461105179304,24.68024217213602,12.700668,0.09070110006113463,False,False,False
649,932.0724226437169,4988.3886917712525,927.025938117958,4990.2823674591145,gaia:4005762619402720512,176.05038592947048,25.99574141049691,176.05042179879197,25.99570079992771,12.826292,0.18666809599924886,False,False,False
650,872.4317199120055,3608.0240188230146,867.4666868442796,3608.299363744657,gaia:4005304432291646976,176.03407384662688,25.285620882246114,176.0340795792931,25.285623086537235,12.856551,0.020277532491618837,False,False,False
651,1263.4656657832688,1653.858050234357,1259.272178566685,1652.0756930949456,gaia:4004989383555348864,176.27883330706086,24.28570411934309,176.2788189686856,24.28566756948317,12.908641,0.13973865032022284,False,False,False
652,5544.7037971105665,4560.002336724912,5544.857787816342,4560.422445059792,gaia:4004821055196811648,178.68909141013077,25.80379459765644,178.68908188002285,25.803820886414105,12.555626,0.09955238545169848,False,False,False
653,8275.25395866549,2008.5245102017295,8278.63164829091,2007.6900483325564,gaia:4002932339033902592,180.23496481979,24.48844499886576,180.23495374565178,24.488421043936995,12.921123,0.09355872704230796,True,False,False
654,4558.844669204709,4017.1227160951626,4558.819818956084,4017.1940880988495,gaia:4005539143664507648,178.12875402163016,25.522652435509382,178.12876814187575,25.52264107858404,12.950529,0.06144795342242269,False,False,False
655,5246.446917747256,5394.599224548061,5246.610965956104,5395.799774231204,gaia:4007097770116809088,178.51725526604935,26.23230779244641,178.51727361906805,26.23228214872686,12.998004,0.10970406332380266,False,False,False
656,590.0656319948312,2654.216888862876,584.5102189373447,2653.439010928457,gaia:4005251277776425728,175.8859337673118,24.79222206091121,175.8859751475584,24.79219118835924,12.892624,0.17504850034775463,False,False,False
657,1457.0910049965278,6255.320760944615,1452.7952105957174,6258.864911920156,gaia:4017824571197082368,176.33586891164273,26.652528463107355,176.3358773694773,26.652539705320702,12.766232,0.048770082885895065,False,False,False
658,194.17243712435356,6247.927217074283,189.43019123772956,6250.219818793874,gaia:4017859613834949760,175.61043429755316,26.63345376089287,175.61043844317408,26.633508631991223,12.404152,0.19798592468686155,False,False,False
659,1988.8827216728,3777.490236064252,1986.4804954761503,3777.8061982969066,gaia:4005485164515641472,176.66777515140853,25.3839457257945,176.66774754433303,25.383956066239435,12.980021,0.09720108490198226,False,False,False
660,6637.83232175743,587.4589872271263,6639.231928366109,585.4634363713631,gaia:4001300590763765120,179.3084206440467,23.762909811361087,179.30845452092888,23.76291791765635,12.901031,0.11536924904142618,False,False,False
661,2811.7335948705017,2066.6332252213506,2810.6168240389115,2065.9264009075096,gaia:4004261923469635200,177.1494493360717,24.51167036019009,177.149449484579,24.511680365827864,12.987027,0.036023580461733554,False,False,False
662,7356.842907932968,271.4514322076775,7359.29712793098,268.70792725644105,gaia:4001329800836564224,179.71164592399774,23.59892107147802,179.71159748945033,23.598915400569997,12.94459,0.16108127051300358,False,False,False
663,4816.723022572615,1707.076566762976,4816.711687321862,1706.735377693328,gaia:4004579854129100032,178.2826091375868,24.337119554338503,178.28259913889477,24.337142025418554,12.99662,0.087291253973006,False,False,False
664,8069.819662726651,4997.528339505029,8073.0064234571555,4999.476247559686,gaia:4006188370921481984,180.13306432394455,26.025399872730247,180.13309440116487,26.025418100666933,12.879946,0.11735871740157258,False,False,False
665,7098.54140896473,3523.9863860297814,7099.676485642762,3524.3115190047242,gaia:4006042857429242496,179.57327700589153,25.271125162968268,179.57327350997053,25.27111910322406,12.959644,0.02460532385804415,False,False,False
666,7436.139495257179,1503.2290091383604,7438.193630969387,1502.109922384051,gaia:4001432158497152256,179.75924185336103,24.231991647643756,179.75928901141606,24.23198396340629,12.988821,0.15726300346186925,False,False,False
667,822.8994896886397,4990.986139460609,817.6564734260901,4992.880927109646,gaia:4005765192087905280,175.9879165500478,25.995802193822605,175.98792639057353,25.99579075779603,12.877375,0.05204650821141258,False,False,False
668,8652.141679888942,5461.809731591296,8656.27103204684,5464.427877985265,gaia:4006220772154774528,180.46941498033303,26.261294310301608,180.46938349071527,26.261277057134194,12.8586035,0.1191343038401023,False,False,False
669,2167.9843062971304,1234.9033616295148,2165.472142245145,1233.010571852844,gaia:4004220657423831808,176.79306883873593,24.07906978067505,176.79300483261764,24.079059997441995,12.896293,0.21329926459408283,False,False,False
670,7778.710404477541,400.4111067044173,7781.705022146484,397.7696624975488,gaia:4001328357727569536,179.94873801001205,23.663833851942282,179.9487238036753,23.66386692090954,12.920932,0.1279324634953381,False,False,False
671,9292.21886109297,5998.155162759953,9296.181933351083,6000.819414822696,gaia:4006604295554239104,180.8401461328516,26.53268531837301,180.84016996129003,26.532668006869564,12.644352,0.09886443514434158,False,False,False
672,6633.917206041818,812.407684337355,6635.208475120146,810.7550282419193,gaia:4001305852099116544,179.3063981874944,23.87861325931822,179.30642628909467,23.878598745520744,12.97335,0.10624255120127508,False,False,False
673,3714.9846813107506,3781.927206108728,3714.7737795530998,3781.976210279684,gaia:4005452827706078336,177.64991210104134,25.3982681458468,177.64990753112593,25.39827021127363,12.658275,0.016617901867698043,False,False,False
674,587.3414182504284,2207.218757638013,581.7886199746536,2205.946106502447,gaia:4005059103760116352,175.8901673082552,24.562422665070148,175.89021811551893,24.562452654591446,12.910122,0.1983173168826735,False,False,False
675,1080.7037044885628,3178.395644021661,1076.2663362683934,3178.2155377614145,gaia:4005285152182769152,176.15779770890828,25.067152908675933,176.15779532423974,25.067160918449357,12.701331,0.029865321716267986,False,False,False
676,6390.921367263649,6320.321807228689,6392.27397913577,6323.568140036224,gaia:4007129346716403072,179.1738968254627,26.709336602801695,179.1738785748252,26.70937237520734,12.925385,0.14152447711408944,False,False,False
677,9204.270689142511,4616.854197790154,9209.110848187682,4618.53169536216,gaia:4006123156138103296,180.7792747777183,25.823616562177165,180.77922827967143,25.82359440201064,12.84448,0.1704930063772286,False,False,False
678,875.346510930488,3065.1752134526632,870.4207136365271,3064.865879828333,gaia:4005261242100540544,176.04251833607216,25.006758270704147,176.04255201309215,25.006697140157154,12.968574,0.24597297884514752,False,False,False
679,8936.902829954808,2453.541749792937,8941.420383174362,2453.1119837134665,gaia:4002965599260657920,180.611763698416,24.713554828945984,180.61177318807304,24.713555798701567,12.993254,0.031229521590966727,False,False,False
680,452.18387387429175,1328.42022548851,446.5519973452674,1326.197406035356,gaia:4004934824586346112,175.82537781861902,24.109236939874272,175.82535922338388,24.109240622686013,12.874106,0.0625251330611067,False,False,False
681,1067.446018455872,1898.4806537123095,1062.8733145469164,1896.9303587599288,gaia:4005038865874242944,176.1653591160806,24.409247053314918,176.16536440998698,24.40928069978626,12.973189,0.12236422658550819,False,False,False
682,508.3647429363191,3092.989869242874,502.6323392580016,3092.6892411447543,gaia:4005275157794591104,175.83382427457482,25.01669395003365,175.8338642224818,25.016683806252452,12.985395,0.13534033911886265,False,False,False
683,1199.906886893209,6168.925768505274,1195.2704035946604,6172.29697589441,gaia:4017823506045197056,176.18906655634112,26.60541414990242,176.1890454376642,26.60540944237191,12.785659,0.07005753405721854,False,False,False
684,8632.94180430008,2778.1484103691696,8636.904347031412,2778.0246489035126,gaia:4002983191446689536,180.4415546985675,24.88211104174381,180.44157501675716,24.88212644179071,12.894375,0.08646792424766829,False,False,False
685,1361.4370537173504,112.53747576763953,1357.2612748055294,108.82942152338956,gaia:4004093006700354304,176.35059064705877,23.49439113773842,176.35058084516015,23.494436562313943,12.913252,0.16669981714919593,False,False,False
686,868.2080038027061,2623.0509771996244,863.2592698732233,2622.266907987277,gaia:4005068380889472000,176.04393524157504,24.779428506970426,176.04397593272822,24.779417192860603,12.953793,0.13909775258275106,False,False,False
687,326.36150596589596,2143.818181968749,320.37200246681186,2142.473469810566,gaia:4004965645271593472,175.74353073666126,24.526731608401498,175.7435351863081,24.526697536540976,12.913128,0.1235214068322554,False,False,False
688,437.9627518913012,4313.7851012841265,432.0731118441345,4314.84654687652,gaia:4005380225579174400,175.77720732163831,25.64313056535286,175.77719580323523,25.64316432887985,12.885425,0.12716724413704286,False,False,False
689,6782.89218380979,3489.391312384001,6783.635451818291,3489.646657418806,gaia:4006044678495367552,179.39378453358103,25.253911635348334,179.3937722196139,25.253887232797872,12.852411,0.09656585628944495,False,False,False
690,6287.490787232885,116.86600158538886,6288.6940717996395,114.19056288286765,gaia:4001290252777886336,179.111679906957,23.521208087229926,179.11169263405614,23.52120614486319,12.84554,0.042588650648414245,False,False,False
691,491.63824678135916,1874.8513722652867,485.94031719335544,1873.2078530588685,gaia:4004958704604447744,175.84046412666402,24.390533361156738,175.8404570669447,24.39050614143072,12.822013,0.10068768999006265,False,False,False
692,8412.484724762307,5313.597602868184,8416.299923553841,5316.029900463,gaia:4006197201374251776,180.3311117982609,26.186342015251988,180.3311107132164,26.186353135048698,12.945906,0.0401844394875405,False,False,False
693,512.4207883897498,6380.369487454506,507.6096084932924,6383.229483135081,gaia:4017881054311690752,175.79122706604423,26.705740709456272,175.791245521949,26.705784845028273,12.40662,0.1696121424399027,False,False,False
694,1254.1484314079307,629.4095286257161,1249.7757448181592,626.3340870574157,gaia:4004113214521868800,176.28476449708103,23.75894084780208,176.284798731094,23.75900098989364,12.925896,0.24413215257738366,False,False,False
695,698.0275618883743,377.43306105525744,693.0938984163217,374.227811042736,gaia:4004836860676281088,175.9756327937704,23.623482397526782,175.97563340288255,23.62348575068856,12.923405,0.012237423294435893,False,False,False
696,382.55281149138136,5664.040211682933,377.0209834682355,5666.432792483894,gaia:4017801378373700736,175.7266603799662,26.336295250089258,175.72664146467164,26.33624478302689,12.846701,0.19165713523588887,False,False,False
697,800.1891580794681,2051.8452385211335,795.0600738919529,2050.4197691052723,gaia:4005043019106535936,176.01249500807785,24.48510800332276,176.01250737971546,24.485097531238186,12.73593,0.05535468469522281,False,False,False
698,1391.6296264247485,3951.380247739632,1387.8396486516958,3951.973334967539,gaia:4005688024410757248,176.32564693166688,25.46770838120284,176.3256084027818,25.467644402180298,12.987074,0.26216574680886806,False,False,False
699,6833.868586613721,5493.050296532467,6835.367799168499,5495.050513955341,gaia:4006353057147474816,179.42686530411007,26.283475754218422,179.42688370858787,26.28348296929577,12.983773,0.06483638428233589,False,False,False
700,9410.971552433648,2704.85909354909,9416.092702205744,2704.726749237592,gaia:4002970409624062080,180.88199036428023,24.839617694735953,180.88197914125624,24.839607053692497,12.97437,0.05302654168548234,True,False,False
701,6001.696767567133,3694.400333536262,6001.879052036207,3694.57603171045,gaia:4004747323494738560,178.949942931618,25.359592337084873,178.94991129048603,25.359584395432123,12.985532,0.10682838399332274,False,False,False
702,9525.152177969612,1049.452142603608,9529.551279568639,1048.1090850067744,gaia:4002665879262845696,180.93331207524614,23.988230000625204,180.93330228061575,23.98827305476988,12.787657,0.15830742968443196,False,False,False
703,9030.302020056317,5378.118134109061,9034.78852997721,5380.567164324557,gaia:4006206474207363584,180.68543196590576,26.2159756374232,180.6854545339493,26.215968662577442,12.976145,0.07709152514890297,False,False,False
704,1089.2017332607911,3170.34998459069,1084.7852534405938,3170.1619345856984,gaia:4005285156478441728,176.16270360476,25.063153662735107,176.1627193700076,25.063119013467325,12.924555,0.13491662071817354,False,False,False
705,919.1146647984488,4237.793211733794,914.1664251894335,4238.776122490953,gaia:4005365626985658752,176.0526334028605,25.60977500308603,176.05266955958857,25.609789876173117,12.925794,0.12901224879985804,False,False,False
706,826.6188910386522,745.9531214829422,821.6206967053108,743.0383810883486,gaia:4004867204621234816,176.04321482837798,23.81428466811685,176.04327587206566,23.814275993238635,12.980973,0.20345799435526157,False,False,False
707,161.0440855552106,2733.246986662733,154.74460389208343,2732.5386187272393,gaia:4005265945089017472,175.6418861122989,24.827494223912048,175.64187678021872,24.827489654327795,12.984841,0.034645163973889316,False,False,False
708,13.759069596025256,4226.942955296987,7.359251807991313,4227.794800481866,gaia:4005376171130047616,175.5367168500853,25.593047391168174,175.53667595125694,25.59306741878107,12.83626,0.1511007461611405,False,False,False
709,5086.730835764665,3682.6529998503215,5086.734554821645,3682.697094998637,gaia:4004771444031010304,178.43000017526253,25.352374130925202,178.4299532694683,25.35236526647694,12.95438,0.1558992198004003,False,False,False
710,544.1053349182484,3650.4503734555096,538.4218380069251,3650.770027666928,gaia:4005307284150108800,175.84674854588363,25.30358590351478,175.84671121918066,25.303583637748407,12.838955,0.12175704808139967,False,False,False
711,1475.130140958814,4926.311147940738,1471.2028483506479,4928.027230042971,gaia:4005753307913619712,176.36198055396576,25.969505602642382,176.36193634275548,25.96954579804256,12.894845,0.2035035193305048,False,False,False
712,8630.644236201993,6357.450673041211,8634.404123152919,6360.9686141097045,gaia:4006437994420511232,180.4627867615614,26.721715650458936,180.4628120498529,26.721698016947045,12.677265,0.10315977233041683,False,False,False
713,6490.708561187175,3849.004993697979,6491.224358509387,3849.3379409534,gaia:4006238570499247744,179.22812832467054,25.43891656949267,179.22810785201165,25.438903650965262,12.936903,0.08119446093051004,False,False,False
714,8934.039959321728,4110.181336077721,8938.577084510625,4111.357051962757,gaia:4006112504619203328,180.6213493000927,25.564983021048096,180.6213625107327,25.564942512072214,12.943363,0.15201204206901192,False,False,False
715,5272.5673016386445,2368.6195960487753,5272.5961380212675,2368.576976123299,gaia:4004686403678590208,178.5381689329235,24.67801857504066,178.53817730321168,24.67800527643269,12.862545,0.05515188555788479,False,False,False
716,970.6268885077961,1735.2087355818244,965.8264645389818,1733.447949783614,gaia:4005037354045757312,176.11260155242937,24.324311573532395,176.11259615358372,24.324298937721206,12.971057,0.048814993610923556,False,False,False
