,px,py,area (pixels),flux (noise-normed)
0,1580.4446063193218,1999.2247173655999,172.0,7787.065396043221
1,3991.079105492531,2049.9254460367015,41.0,4795.705378111671
2,1416.162174850343,243.51680834402205,50.0,4222.540321417037
3,2961.0349370937543,3798.9791182264403,36.0,3393.097120444865
4,671.639425416127,1626.788765756034,34.0,3121.284263255526
5,3594.5451284135675,3170.0689934509323,37.0,3092.9889819658047
6,3261.093610649912,713.8496102401873,39.0,2927.7243454867826
7,3252.000216139385,3449.6282476690926,44.0,2897.2200437630495
8,2328.6276183018504,261.2679831767525,33.0,2864.278508032644
9,927.9181371912806,3528.9232514788127,52.0,2860.475431709887
10,1379.860541780748,2866.7340190222435,29.0,2811.979486865375
11,1108.5459317450839,3423.951382106586,37.0,2661.935931980346
12,4046.4313930427584,2019.9940161051425,35.0,2563.7577670190617
13,1589.0212910925504,1415.0896378178952,30.0,2539.9688004301815
14,1531.4736968015545,2047.5202770019885,32.0,2526.1589683479824
15,1109.3978256371647,2410.0822169513544,33.0,2502.8744809816717
16,3221.7649616188824,3235.6470840050188,34.0,2444.294547796674
17,3329.837895551704,3001.6372369135233,34.0,2431.3944463277267
18,1642.448933413264,1695.3825013186272,33.0,2426.0301156715036
19,1633.221135457532,187.82580424719538,34.0,2413.7344938367237
20,2550.321230123917,552.921996828509,59.0,2147.288322538015
21,633.3242320839068,1122.5193824433647,50.0,2087.2075751968714
22,1109.8610988843518,3688.7044798104057,43.0,2061.4873512711124
23,1456.3739941148413,192.16085321497468,36.0,2055.305273443495
24,1538.636456442367,3602.775333941511,27.0,2043.148102018938
25,2638.4535317265436,3458.133802074088,34.0,2012.8274209902715
26,3598.6274356095387,1008.5450815436825,33.0,1999.7877780823098
27,2612.744800318634,1713.7576597443056,29.0,1982.808673347853
28,358.90574897304765,2712.625879397137,42.0,1962.3303554140425
29,2370.4834103775897,2932.8902444631403,28.0,1956.8423789807578
30,3003.3744872549987,1605.4867009593415,33.0,1953.3382737598363
31,2594.676336485352,3507.2717658691927,33.0,1943.4132697276614
32,1915.7231889095274,2526.100957573871,40.0,1929.696908953712
33,1762.6411286936504,2424.1790971248784,33.0,1919.8400793400046
34,2273.8352326233658,166.8412824501071,33.0,1890.6315095873556
35,2006.2431437714758,3992.0579969720493,42.0,1878.32788183983
36,615.3828334390945,2395.604420061818,31.0,1875.412013641181
37,3850.8145134987517,2188.780060473731,33.0,1820.6552155756262
38,2865.4053228698795,2384.1386955772614,31.0,1784.6855228365223
39,1283.4930298163197,2025.9574260595934,30.0,1777.646978708664
40,1438.9556530863526,1404.3999270688435,33.0,1765.3391489331696
41,3204.0289479458584,2217.8063254788717,47.0,1764.767404853331
42,836.3537481186684,2419.8249780865312,31.0,1707.243665974259
43,3044.6679154176372,1691.470284345598,32.0,1699.800584342613
44,1599.9171280995322,2427.107508463472,33.0,1698.0087119335553
45,2737.591016936078,3331.4500361826786,32.0,1679.1760426395392
46,795.637419504439,1825.8700597355187,29.0,1675.184054979936
47,3490.03142597837,1663.0579166216312,33.0,1621.8674837778276
48,2333.700022352452,626.4474924776036,31.0,1618.9509291338504
49,2333.314907035735,638.4542586440274,32.0,1611.9111194398656
50,793.5627202201047,580.4714185076774,32.0,1601.9646360607403
51,924.2743160689721,1223.6953176219154,33.0,1585.6551037532122
52,1419.8064944080504,1369.2742977469863,33.0,1544.9781675327863
53,2039.0699465268042,515.6710941057161,33.0,1518.4519862331567
54,1918.4512294442784,999.6522217494188,29.0,1503.8845355674205
55,2834.655522627292,1653.4001267346523,30.0,1486.5999577079874
56,2733.661535215406,236.6383452032966,31.0,1477.8500368798598
57,2861.1868658897583,2777.8196252461435,28.0,1443.072099103203
58,951.2260482930067,2500.143307089813,31.0,1438.8111651805848
59,3543.153622568613,1696.7568890530122,30.0,1426.2105030719008
60,1943.9646122453742,3659.2874893825892,29.0,1422.2541296022405
61,1129.2702102030248,2711.1135453635497,30.0,1420.6996624580136
62,1962.958471246166,1281.4604607908673,26.0,1419.2876499884478
63,1762.5002262480605,3692.2546959196425,27.0,1417.8080759719005
64,1305.7932879803336,2904.5188218203316,29.0,1415.938232108163
65,2463.7441683585907,870.7390254786396,30.0,1411.7461077785576
66,1709.8012971100397,645.0757991349604,31.0,1404.6332988113534
67,3531.3779570016204,2938.171702891949,30.0,1398.618025143495
68,759.4677763557117,3250.875770324714,29.0,1344.7330669439443
69,850.6421668912341,2771.6376679798886,30.0,1333.0368639627548
70,2979.6226806392197,374.8875256694045,29.0,1331.7704828336553
71,2567.9661490576214,3458.9611009927225,28.0,1328.5580707961426
72,2591.009991265861,1967.0331755368798,26.0,1327.4344867363413
73,2540.018025270593,997.6577984849894,30.0,1309.726049335124
74,286.0804723565069,2935.3385303996056,30.0,1305.7465719931201
75,1719.2722650411692,3823.5667493284323,36.0,1297.5809577546866
76,3436.8439692328984,3341.5545277789624,30.0,1296.4756735251729
77,3228.1473777961023,494.1985010461044,29.0,1285.733678735799
78,3548.6266412900522,1314.1160866813193,32.0,1282.3629141807016
79,189.8146336146662,1805.4827081914882,30.0,1280.9604545520967
80,1661.202216343027,1319.9837984577396,27.0,1278.653079578786
81,756.0335279019839,1824.1139207072272,30.0,1273.7118043513628
82,2656.412267601647,2239.8182248403496,28.0,1266.3204225079908
83,2315.9085834250063,3139.310240792303,31.0,1245.4228456096143
84,3837.8952242433757,2279.4447025724467,28.0,1218.250008600121
85,2564.752336219726,1206.7034312302962,29.0,1210.9175783238934
86,2351.341332591704,2419.6152957935474,42.0,1194.5992464229032
87,2270.1566882950883,3934.9521209717846,29.0,1193.7400495302236
88,872.4395094169179,2245.4290887922207,32.0,1187.8056310438137
89,1803.2482422768958,447.357891038227,36.0,1179.4686648935335
90,2358.162214753129,3157.8409419969216,40.0,1176.971647868861
91,1954.5686810121133,998.3686167775309,30.0,1176.5224231150062
92,923.0393244107296,3403.352807351746,30.0,1165.9764121369344
93,3621.707829807214,3038.9382919602335,32.0,1163.8308822805334
94,1144.6438916923191,591.7307816488118,30.0,1158.877031101184
95,994.1098404337091,1340.7243557987597,31.0,1155.8888536996642
96,2000.8985655792058,3031.3209510000547,44.0,1148.0695258014198
97,463.26710278425105,1431.7878136373045,29.0,1146.4796102975183
98,2959.9882170347964,1347.891670749086,26.0,1138.4286604906838
99,3520.731387044276,1185.2851308654972,36.0,1128.418110376245
100,2422.8716142611556,555.4662369290985,36.0,1120.7957693662938
101,800.938747233459,2301.054697568596,28.0,1114.136423508687
102,2390.3625851517572,181.45589250402196,31.0,1110.3000877927134
103,2897.3083663935145,2719.428491699078,30.0,1108.322350367309
104,1143.470032397684,1550.7136888975087,29.0,1101.9196303443878
105,3616.104060343223,2883.5345024203903,27.0,1093.1802225374927
106,1607.1697425278844,1360.2397681696623,30.0,1080.8087040853402
107,2585.2166234386937,1733.9853890464929,28.0,1074.598319389334
108,1241.9619968840025,2484.841161732237,28.0,1062.0781130157623
109,852.2857128971476,1623.354742410034,30.0,1059.0918665765134
110,3606.296560723025,2059.558811602356,28.0,1055.3002210844663
111,3162.221237612978,745.2296474572004,28.0,1035.921411865426
112,2517.159885726995,3492.4146476485184,35.0,1031.087335003515
113,3733.3572933074906,1832.245824968609,27.0,1027.4138698702518
114,3201.5089302870706,3330.3285430997003,29.0,1027.2807857500165
115,1351.7181204204421,3680.3597222785943,30.0,1021.6383902091027
116,3549.515974632547,1739.0523703290608,28.0,1010.4132133311932
117,1284.898183678808,1945.1684899344177,26.0,1002.5200993247457
118,3494.534076357602,1458.6968235955758,30.0,996.5445019897629
119,527.7147365108872,2965.3023677320402,30.0,983.1158257071173
120,3947.275693930135,1837.8850210333264,27.0,974.6751246065213
121,1355.9612107358607,1327.634891627849,27.0,970.1691588349491
122,1840.4868682793572,2753.0906791716216,26.0,960.6170755049999
123,883.594465575906,1383.7919557518062,29.0,956.3477821272879
124,1133.8806742553766,3653.850473073732,29.0,954.8858822004155
125,786.6460050971848,1945.6734789895693,29.0,949.5010688734465
126,2409.063158424825,1818.3873269217322,28.0,948.6736949356211
127,3038.964910074923,2022.8494265083907,26.0,947.1541509817625
128,701.498082171297,1694.2014564923684,28.0,946.2359703434869
129,3756.5464102065484,2783.1938276075384,28.0,944.4868381259712
130,3518.0862762109036,1739.0847961640575,27.0,939.8770289730599
131,3077.7815075974363,1303.7170236826234,28.0,935.8140167914828
132,920.5060561472621,2775.1564023443307,28.0,933.3567075100791
133,2977.7789799091847,2725.019482461808,25.0,932.9275047817056
134,2376.908737568304,3883.9355572847717,29.0,921.0871305959076
135,2804.0751505383532,1313.3219506611952,24.0,917.2166956904568
136,1112.8955940315964,2670.1494910494825,25.0,909.7763147213846
137,1262.0411407612937,2730.2142883206675,26.0,907.0280923190712
138,2227.9412893749313,3966.422726679896,29.0,896.8677141384647
139,2984.0663355259735,3709.989266818035,37.0,889.7743002769118
140,3151.062814789517,2063.2808819234483,31.0,888.5187229802444
141,3172.4194822209633,499.1934212919768,28.0,888.2275161739403
142,2515.8742479050497,3735.1116922795186,27.0,880.4939757280953
143,1045.9555945431748,2487.130462666582,27.0,876.6701155172555
144,2807.6684379566045,1885.5449217632347,28.0,875.6319189317626
145,1298.1318336667014,1879.8652869973478,24.0,867.8363815982243
146,3899.5520154039955,2141.1292153686845,27.0,861.3502296709655
147,1905.5610585288218,107.60788835212358,29.0,854.5811730299527
148,1610.0822345365527,2657.4851032480233,26.0,843.5214627719425
149,3596.474268903137,2672.0966940164967,28.0,842.5137426312642
150,2512.81202098166,1289.8749616347145,27.0,838.4526971359504
151,2875.4005081247574,3561.4242044287207,29.0,838.0380545038055
152,3651.0488958351516,2511.069384179714,25.0,837.9919773231522
153,1094.897646233989,781.9968328789809,25.0,835.073708883935
154,3187.153379681257,2309.74747857723,26.0,832.2256918793317
155,2081.3889393833942,2861.6110833318,26.0,830.6162415164196
156,2710.180144011918,3912.6118508998093,27.0,830.1481113806653
157,2460.4548505916046,3360.507804790551,29.0,825.8560787935887
158,2158.836897577954,2725.4984451959604,28.0,825.5645433405086
159,1893.3135658609713,881.8741628443702,26.0,825.122374901536
160,3698.947318010244,3093.5904782448597,26.0,825.1058802324945
161,2771.3386348753384,887.867100303209,26.0,824.4809891828171
162,2693.053116312051,3259.867527589952,24.0,818.2500984606929
163,686.4208237726913,3182.91915502815,26.0,816.8001314015557
164,374.1084434207281,2367.170210466183,26.0,814.032215640905
165,1163.1576199192823,1514.255248112656,26.0,813.5240627448596
166,2661.045582887682,3469.0372680089185,25.0,813.1508889153233
167,926.3483690520901,1276.6615214253518,26.0,812.736511153154
168,890.4317728709112,948.4851957217656,28.0,810.89556862972
169,2703.0235395624186,1820.6305422988892,26.0,810.6097296406725
170,2828.438386606789,2843.943178757626,26.0,809.0971901175337
171,2884.7962895376936,3798.5996284247303,30.0,808.7474840234697
172,1038.178749413801,2284.5877082831094,27.0,807.6230189908047
173,2638.114376479715,2057.6789719940853,26.0,804.0992710272726
174,406.2581103801141,1400.9551412722012,25.0,802.790077706125
175,3846.768704044944,1863.9960329334383,26.0,801.8035737380768
176,3260.6490465706547,2025.9801113802562,26.0,800.0810257383624
177,2059.974333486576,1575.6034844749367,26.0,799.1626616714843
178,1571.4555592287297,2997.632674618098,28.0,799.0069911101082
179,3157.9956174510785,847.7954248845467,26.0,796.5202565598515
180,3735.0900226051895,3162.4238427657656,26.0,795.6639889006175
181,1788.148307407477,3574.4582930056795,29.0,793.996045483597
182,628.7261143690604,2602.0110811346153,25.0,792.4974001653627
183,3090.206498368675,340.13467662321096,24.0,791.1665311920118
184,414.51474426497987,1779.877056062081,28.0,788.2031277395595
185,1640.6853028238068,3864.0429042344717,26.0,785.5586996648299
186,1672.21358104002,3675.172336609344,27.0,785.408795869617
187,1774.6101859697903,1564.5579834177415,27.0,784.8422433010347
188,2913.1476396281673,1332.8213948751463,26.0,784.8395445172662
189,1518.151387754909,842.4993879983834,32.0,784.3413359171903
190,2267.6703236302947,821.3557925680252,32.0,782.5100876880883
191,3452.470156668162,2236.112485713275,26.0,781.2608341356695
192,476.3907095427926,1279.203929777886,28.0,780.0711646189404
193,1350.6539348290787,1615.4689199776328,28.0,773.9900079371728
194,2990.3496569393815,932.9612601134095,26.0,773.4697518139744
195,2801.5790955066204,1523.470706490318,27.0,770.9022721015451
196,883.5742115195226,2025.8552883387695,27.0,770.7040663435013
197,1214.944742994122,1419.0615166008693,23.0,768.9000704869015
198,2365.96459755913,1095.8232031286777,24.0,767.9959017748763
199,1091.9229553826804,2717.335011728382,26.0,762.0125156870694
200,1006.3159703161143,699.786506415386,25.0,761.4848670409133
201,1331.0464427691386,322.8691923552182,24.0,760.6350841197057
202,981.5969137176427,3049.2180715339778,27.0,760.3633017700599
203,365.93075254395603,2864.4970581957527,26.0,757.8444114105445
204,1277.5571005003012,2784.086718278859,26.0,756.7628601117287
205,1079.3629321432277,3233.4401835582494,26.0,756.2608523418401
206,698.5998473748692,826.5951242066682,28.0,755.9355710656938
207,3204.679515022104,3426.8840547502746,26.0,755.8952989956098
208,3280.5747171245557,844.7551400935874,27.0,755.2611786039606
209,2272.48378210822,2975.4801894217453,27.0,750.1128392952744
210,766.2188255787861,2120.1674704226893,24.0,747.3569854155692
211,1358.2598483987974,1695.9467566095475,25.0,744.3889171578248
212,2291.54066053978,3714.217043153682,26.0,743.250464885973
213,1330.4150294537178,2380.8378834517725,26.0,743.104675513555
214,2917.1037354615773,1006.3026069376044,25.0,740.4653830525792
215,882.2409508193954,1143.1773156333566,25.0,739.7831035888158
216,1533.8173658367973,2840.0006405436834,24.0,738.782336020406
217,2935.9847448016867,3104.98030943493,23.0,738.6299571576861
218,2076.0104170135746,1104.499149881914,26.0,737.063225875276
219,269.1394776039785,2262.4082063963065,26.0,734.3195582856855
220,499.15467399088277,3080.8087866764545,36.0,733.7370086705025
221,3809.6939121242062,1740.0441545663443,24.0,733.6543205260386
222,751.2177890384883,2254.080027811008,24.0,733.2653605896064
223,1157.9098476921931,3391.691707037086,33.0,731.5548270268647
224,2085.992683514987,3526.000417819323,29.0,730.8555468489438
225,3223.1699088212026,2892.0385471918617,24.0,728.9628948686486
226,3627.305171064987,1105.4582673337502,27.0,728.4570303475481
227,718.3134514911493,949.4416868724984,28.0,726.2333841799864
228,1635.1068528925641,2245.0757980126627,22.0,725.985639946955
229,3088.25709214883,1026.9404059181484,25.0,724.5816092930797
230,3900.7690100910218,2469.5218948150095,26.0,723.8421787326469
231,1321.0545171950976,664.4624341929948,26.0,722.5144185486942
232,2827.7930174293188,839.7093473835394,25.0,722.3245866024287
233,2147.885825220752,52.87266106951638,25.0,721.1027807831281
234,2798.983953730258,725.7082453455154,23.0,720.6321857122099
235,128.62819325311256,2116.9654233222764,24.0,720.488115451686
236,1984.8313911897424,442.39399244185245,27.0,719.0345304873224
237,1201.8391138117204,709.3891976164705,26.0,718.6377916287053
238,3446.390521761549,1261.1317690522262,26.0,717.5466397790562
239,159.30372620165974,1591.9206389198596,26.0,717.2797109010767
240,3105.663305181311,502.5225363879944,27.0,716.9334856600915
241,2474.911188107802,3228.511897394127,26.0,716.1056889699013
242,1673.1005977999523,2730.749100364029,24.0,714.7246662942271
243,2648.7290336383035,1929.6182938767415,27.0,714.5451204611446
244,2896.1295707768886,1431.2411623153098,25.0,711.5510013005596
245,459.2829373846495,2659.8891506664636,24.0,710.3658299474597
246,362.4628498320739,1344.3844734468778,26.0,709.9106629126272
247,443.4502553464763,2542.297205549307,27.0,709.7365687445791
248,1775.513338243203,107.5008536341354,25.0,709.300342385845
249,2221.400561086897,1341.409812180877,27.0,708.2814072345317
250,2223.8091583097516,735.2142488538276,35.0,708.1832976217041
251,595.692777980414,1097.7794250867792,25.0,706.9241986113946
252,2702.2576606734283,3403.0001704824326,24.0,706.4402609243203
253,664.3244680754823,2534.9536656724936,24.0,705.9645805290407
254,3868.122526729733,2679.113965763079,25.0,705.817304102358
255,2319.175902518308,3580.8568305204853,24.0,703.835747123354
256,474.12540191512517,1787.8251063952061,23.0,703.5361314879169
257,2506.1210723151157,938.4135955156424,25.0,702.9565028414247
258,3693.0639265951727,1896.8642840947807,31.0,702.5019014807054
259,830.8415474511087,1507.5824409710103,26.0,702.4566342442657
260,1976.407356539223,3601.575414531518,26.0,701.8376230988873
261,1774.7033936517619,3109.034584038829,25.0,701.1989176825155
262,3098.4232055137986,1116.7827616622458,27.0,700.8067054890421
263,2563.994214422522,2946.8918126529898,23.0,698.3786665214693
264,2471.5677612733043,1632.6124122960957,26.0,696.9612597300959
265,1331.281145621127,584.6782534409991,26.0,695.8614344790498
266,1389.4544630052292,786.1014545405694,29.0,693.6486409458363
267,1216.212597472766,2394.2785038958405,24.0,691.6987264899903
268,2020.2822411406403,607.6859652894576,26.0,691.1486100550077
269,1585.8113363079017,1128.853464074817,25.0,688.172920672585
270,3361.4259815223477,1673.3182274786325,26.0,685.6230015509659
271,745.4345214759704,1954.7068728968827,27.0,685.3932225995934
272,499.5385658728277,1889.135307207315,25.0,684.8727216507083
273,3149.8189065844704,2866.8296615251347,35.0,683.7145994397698
274,3014.4383863077833,2165.9394338036864,27.0,681.9222737265461
275,3141.490581977547,1418.150785484295,26.0,680.6490880193486
276,2619.6434924544533,1788.1479617570878,25.0,679.3863173200269
277,1278.020803401634,841.9611253390246,23.0,678.8596016667657
278,1050.008401586449,1641.0104873627247,24.0,678.5092735104954
279,2186.816025856015,228.94340751928928,24.0,677.7133226255904
280,984.7550818772768,1709.512301967034,26.0,677.0738899904768
281,3148.047405598824,1067.3030322545467,24.0,676.9220199452341
282,1694.9414815864911,3012.19123399751,23.0,676.6288786207824
283,2576.898254538784,247.79962848132115,23.0,676.3240862079364
284,2031.232237804489,3699.015397994833,26.0,674.2389452485397
285,681.7821614155823,944.3591861330102,24.0,673.9439432121546
286,3692.4732074152876,2146.9104863288103,25.0,671.9086969201272
287,419.87605870143864,2068.087012358433,22.0,671.091318798013
288,3112.9620653926136,3248.0045787127906,23.0,671.0276581020803
289,2646.0190056134347,2496.004145421572,21.0,669.3159048211389
290,771.4553836468808,657.40021125236,26.0,667.526215879005
291,1802.971743524937,1130.7755724675922,23.0,667.2592478868365
292,717.9752208601444,920.6777295859451,24.0,665.7719858835515
293,938.535768147048,1869.013808675303,26.0,665.6180425324493
294,806.1640475009241,2184.3439991430146,25.0,665.154958890119
295,1152.5030705383074,876.4070055984663,26.0,664.8405339371071
296,700.5907049396454,3108.026347842622,26.0,664.1407040348722
297,2780.1827856962927,1816.0741327949188,24.0,664.1313271075733
298,3538.1480758333905,1387.011464254424,23.0,662.2072994597296
299,1903.1861385190589,3832.7916269628663,25.0,661.8659182009465
300,2016.9714087657933,2511.7526611406015,45.0,661.4262495716032
301,282.6208418427921,1516.9419148478237,24.0,661.4239712122413
302,1843.2666436438324,2903.9982258445957,24.0,660.7611192662797
303,1616.9619476755547,3353.9577685216746,22.0,659.5940275278172
304,3824.3750622069992,1993.9887458549813,24.0,658.9578200817859
305,697.3843346809534,1821.58321336828,25.0,657.1271690524835
306,3784.276798477077,2371.79290234369,24.0,656.7506682203136
307,3373.5641984749313,2812.802815935189,26.0,655.7477773262998
308,960.8852389981207,892.3109896387809,24.0,655.1816228874824
309,2907.312119684013,745.5888685857681,26.0,654.3118630040651
310,2564.248385515909,1525.081744074717,24.0,654.2459019934066
311,2144.2344079094337,2676.066859985496,24.0,653.7643043452379
312,2785.6335806744646,1046.6002680587703,26.0,652.6329880805715
313,3411.886819403871,3237.080883954366,22.0,649.6336141478633
314,687.6336474482879,2985.9125890703085,25.0,649.0731866630994
315,1294.3791472806088,1857.5310217294862,24.0,648.9517621303768
316,2573.1425741596286,3613.5619409856613,25.0,648.667101049617
317,3400.8986209547556,1238.465683468818,26.0,647.6195410885501
318,2123.807931825599,1622.5647768609379,26.0,647.1331148462283
319,816.2307098489373,958.5804392057837,27.0,646.4899399776593
320,1501.1297758150936,3760.2807980779808,25.0,644.9648745220412
321,3164.4970311261345,1337.7417426322652,26.0,644.2343635612041
322,373.66797748401467,1720.9702645029856,24.0,644.0763243848712
323,3667.4776189021413,1488.0947254987148,26.0,643.8337297306311
324,730.9562288367536,1615.8624497969593,23.0,643.183514878392
325,1634.9292708998041,3797.2294964307766,23.0,642.8604476818206
326,2390.6277310881483,2526.6738564300126,24.0,642.0179099351451
327,1038.7521748954614,2757.754583898317,22.0,641.6345340227226
328,1929.6229423325287,3451.256198079787,26.0,640.9630086331139
329,283.21243626315777,2599.080023818387,23.0,640.281181603752
330,1088.387949421794,2257.1091243684778,25.0,640.2472912649149
331,3619.83809396296,2236.5139243375197,26.0,638.7431798223832
332,2885.1247109523715,1995.3924019311899,24.0,638.7238089167718
333,779.3310208432274,2595.9483378315435,24.0,638.6510125649983
334,1945.373254267452,701.6449025631222,26.0,638.6330984306451
335,3560.2931401746337,2780.451235911377,25.0,637.6939195072194
336,3132.0897327097528,3455.2545887803776,23.0,637.5291710046996
337,2025.3669637715905,1132.8168448445447,25.0,637.3538820981038
338,2950.3734142851804,3676.653356449425,32.0,633.9258300637564
339,3479.1707182703803,2958.6877248811247,24.0,633.2984129548122
340,3640.101982147696,2231.845477016788,24.0,631.9759208505939
341,2240.3596583422063,566.3282672914286,24.0,631.712696204916
342,760.1733503939689,548.8283412733417,24.0,631.6787784895849
343,1186.6445028164733,1830.3197849415724,25.0,629.8076354026639
344,2358.0334240975617,1355.0622167360352,23.0,628.5498304464675
345,3393.3138227069644,2312.7528694935027,25.0,628.3912264583201
346,1833.7169408070774,3079.8057341177037,24.0,627.0997800161474
347,3885.447684774558,1970.8611942872633,25.0,626.8472230192884
348,2652.269865784793,1712.9738872554378,24.0,626.6874568678286
349,2085.1546020774663,198.89750105710115,23.0,626.5300408841968
350,1926.039900753379,3236.6724166273852,24.0,625.8473237746769
351,3031.551635647998,2409.8149976719756,25.0,625.0683712501028
352,1240.7697694770181,3807.782818187634,24.0,624.6212441314791
353,2637.8297613873674,2788.744848183982,29.0,623.3746565649125
354,1190.7859939139194,1364.6527482132121,25.0,623.1479462733512
355,1425.14996910873,3717.8522183875048,23.0,622.9347894898164
356,1748.3243388118046,1287.130699381084,24.0,621.4000164274959
357,1404.0894571033093,1993.1533154373228,28.0,619.0862942529077
358,2687.168798153037,3319.544817879176,25.0,618.9799756672074
359,1648.0394812613938,1454.0984024210775,23.0,618.85487116501
360,1537.8280130604173,3665.017393852657,24.0,614.911975580941
361,1712.0942789685882,1129.678003685251,24.0,613.7345491129138
362,2945.0946124303614,310.9252854898793,23.0,613.6114867079225
363,2478.1443270449904,3311.4041384185666,24.0,612.7633386426073
364,3314.8437977908306,2962.4009018818724,24.0,612.4606784133069
365,3842.574598777193,1890.0819624487347,24.0,611.1380464385992
366,926.528432805945,2282.42471253746,24.0,610.9417156791727
367,1596.7934864452097,458.4727101364239,27.0,610.9369118828685
368,2868.605126227812,2242.2714495718583,25.0,610.9196735649183
369,2948.854206184958,1621.5702739814883,25.0,609.9018753110937
370,3374.4952791878127,1536.1195982006839,26.0,609.6558060302939
371,1748.9272254584016,3482.698650113241,24.0,608.2912774631266
372,1491.4535054894034,3568.6378806544512,23.0,606.7483371583992
373,1234.3180130617275,1555.4234115588765,25.0,604.7197030444676
374,2827.057251412789,386.2463221405267,23.0,604.6258345634166
375,3013.566219928276,2111.0717958085243,25.0,604.0562997091765
376,1147.2583217099393,2506.581344524592,25.0,603.4622263645392
377,440.36239205676435,1974.7770393027276,24.0,603.3749463610644
378,3127.3148524371636,3314.149399946759,24.0,603.0970841420813
379,3916.486058819202,1339.7749614706534,26.0,602.7932690107764
380,2189.0908650248516,1451.8619556585259,22.0,600.8767459021602
381,792.1786426450889,2482.3668172318094,25.0,600.0956842633718
382,1057.7509511792714,1232.2308914757168,22.0,598.4032560436476
383,1016.037186465401,1427.1667144363416,23.0,598.1923732846487
384,3603.736835234762,2265.137753830064,22.0,596.3125291273498
385,2164.2304532321723,271.98539327982866,24.0,595.1890516069939
386,3972.220529334438,1808.308442492232,24.0,594.4754691405767
387,1950.1696836383974,868.3334542965626,24.0,594.3141865443758
388,2407.7419716183445,753.8165766785638,24.0,593.6890134111944
389,331.5571270267263,1686.4764929203334,24.0,593.6864885987005
390,3380.6724008384035,2485.50547121765,22.0,591.844879106889
391,1176.4513314717385,879.2023839409641,26.0,591.5005997232292
392,3865.059345366592,1702.8733571513615,22.0,591.4074426332288
393,2765.979528073814,3652.6538924657134,23.0,590.3587492909857
394,2048.953965380167,4006.5017473598296,27.0,590.1576731155532
395,3674.901448332107,3021.5719437310513,26.0,589.6313464677726
396,1657.6256520703835,281.0934918730914,25.0,587.8546807110247
397,2487.5704912010433,2980.809883065153,24.0,587.5880682940921
398,2771.5791800467046,807.1871436242157,25.0,587.5531980441323
399,2479.0200115462258,2508.2649899889284,24.0,586.9628949626959
400,2625.1565119410307,3929.2369481261812,24.0,586.4753718069796
401,1106.7167968068377,1677.318996656464,23.0,584.481808304653
402,3225.2699921034696,3573.8783779885625,29.0,584.3188790606944
403,559.323712585405,2453.8570984634994,24.0,583.6353464473546
404,249.64782980031737,2628.415741902525,24.0,582.302335162246
405,2204.520329289438,370.84164588701714,25.0,581.974440897996
406,1287.0601045224482,2462.5922652529443,24.0,581.7711342348479
407,1585.1578886219438,3349.8464218768936,25.0,581.6271856874124
408,2639.6750051367326,1227.5972104315854,25.0,581.3898542741256
409,3454.5334544091393,950.0113912580372,26.0,581.0215244705356
410,1089.1884899448123,2663.5756569511063,25.0,580.363655018018
411,1229.5881091006054,657.0240396747107,30.0,578.991144104379
412,2279.4049406326762,1669.2788731790372,24.0,578.9242802807333
413,3657.6980349082264,2330.8259896826876,23.0,578.4504400614975
414,1867.374500951775,274.1928386806713,24.0,577.7597222639797
415,3116.294560284619,390.68073925731915,23.0,577.4323395305324
416,1581.6266628546416,3446.572934079754,25.0,577.407464589641
417,499.3354144228257,1328.0628202818732,24.0,577.1888418923506
418,423.76844207359454,2418.398209902362,25.0,576.9650244190625
419,2070.6529205277884,2717.917108933761,24.0,576.6099273081625
420,1297.4013898628916,864.235637674962,25.0,576.1251523490082
421,2284.0323974133016,3004.678128381471,24.0,575.5590510133254
422,325.3385985759682,1462.9925742366254,24.0,574.327025979893
423,338.75245426934214,1325.826362937796,23.0,573.3935523624853
424,838.8877204014966,1987.6740476249238,24.0,573.1493174380131
425,2645.1177441278714,3788.4041476481843,23.0,573.1223020346001
426,3702.463887205217,2995.9248525173825,24.0,572.8804449719412
427,3101.254806583127,2181.8029193656294,22.0,572.7372847783397
428,1902.1796600915038,3486.374916359975,24.0,572.3323375580217
429,3545.7980688561047,1341.1720170010392,24.0,571.4653911342962
430,1436.6413744451204,1502.8427879304188,24.0,570.6905761270237
431,971.9626916556655,1371.637562749818,24.0,570.0794187818817
432,2708.9701957707525,586.4811700870856,25.0,569.7984232730089
433,2046.8025093005829,3492.8738796415,23.0,569.4247621179518
434,3417.8058817833644,2576.46172054652,24.0,568.7935089744325
435,732.2760574297743,839.1407873818844,23.0,568.1315993958649
436,2736.144014207811,2768.489183628079,24.0,568.025759732189
437,2522.4651491759764,2131.3311607190503,24.0,567.7726260489674
438,1293.3467027678698,3587.313554410772,24.0,567.0088754390111
439,1373.7330224564578,3622.281420091343,24.0,565.0327350181333
440,3998.7701734442585,2136.3293508234524,24.0,564.9404890591521
441,1961.0063380492215,1426.460413764919,25.0,564.6643161658315
442,2456.937343513922,638.088138680705,21.0,563.6846093033212
443,3781.7572745927882,1109.635298172821,25.0,563.4307610582302
444,2660.7189034400258,3056.68762814723,24.0,563.2292593645041
445,3147.7316716942487,2026.737177782325,24.0,563.2065282336463
446,2001.6349350721684,531.2244487695119,24.0,561.9295215176893
447,1619.7611760770715,3193.8195598883585,23.0,560.4423284925591
448,1465.1424943306592,2146.538564715865,25.0,560.3945464211764
449,1876.0605454899176,2842.787839186836,23.0,559.3508059459696
450,1800.9135413508457,1611.9955808042625,21.0,556.8943419717111
451,1217.9346683926287,1069.429630831239,25.0,556.7432598258674
452,2998.3688467541724,1061.9608125340008,24.0,555.5255712708264
453,669.9284520447183,2049.641086998655,24.0,554.3833798121012
454,2023.1342647509864,964.1687251301463,22.0,552.236708640067
455,1655.2075979619317,3139.7309619944,22.0,551.7014375164315
456,2251.3015814066607,3175.1923287606883,23.0,551.6376995960179
457,662.6832507291707,2877.2954337538813,22.0,551.399877022496
458,1701.2366412579293,755.4326274552981,24.0,551.2325750666408
459,1985.3010737495008,1179.529065162524,24.0,550.6289040626922
460,761.2484803858345,3371.4403454206627,24.0,550.0192313682697
461,246.31212920976373,1651.5985703732492,24.0,549.598832377381
462,1308.841376474469,2508.8210425392153,22.0,549.0638446886658
463,3297.025440705973,1906.6778696376825,24.0,548.9930366014106
464,2433.9683633238787,3961.0254226172865,21.0,548.8992135073361
465,2834.8511380356117,2070.6862838522725,24.0,548.884119374839
466,1957.8455741157502,3783.758820124504,23.0,548.805637493189
467,2312.173559795026,333.2363999698756,23.0,548.6494525976682
468,1359.2998720100236,1061.2912590259052,23.0,548.5455461113347
469,2691.4395603866633,1200.9403255410698,25.0,547.7834936732507
470,1102.2930634026422,2027.6422754076216,22.0,547.43168811815
471,2646.8890377211774,3399.7228962422964,22.0,547.1424170050451
472,2448.8038089638712,2497.3555527848566,23.0,546.8973617364811
473,800.2895561265415,896.8387731124108,22.0,545.9799249313503
474,424.27900090394536,1101.352666445211,27.0,545.8318981809473
475,635.2944350527994,1285.9864118336825,22.0,543.4019233988669
476,2259.481608568538,463.2239057504547,23.0,542.9633742925556
477,2858.4632658489704,238.7727906432061,24.0,542.7180744419496
478,585.6828718196728,3048.1480685258625,23.0,542.6021405232922
479,3540.789752798149,2082.847487265118,22.0,542.009324529311
480,3069.5446634876407,2105.438384143124,24.0,541.0631296532861
481,1906.0208382286032,1139.8881479666284,21.0,540.9532209273259
482,852.3069407752514,873.8015736661189,22.0,540.5377376121658
483,3019.2567865737915,2739.9670670687565,22.0,540.4785248385621
484,971.0922823672839,3213.9741633332233,22.0,539.3224070622127
485,2116.419082622222,2916.9823244075155,25.0,538.8979749947697
486,1994.7608105733568,844.9358952983907,23.0,538.5267670345161
487,2065.9342583340945,1317.1362250722714,22.0,538.4541534795085
488,2129.1796815150706,3877.9755555313714,23.0,536.5353650119068
489,356.5760517395653,1914.600229990259,23.0,535.5695571019339
490,3131.1414653218776,2854.239273844402,22.0,535.2540840562503
491,656.5335709478852,2421.641289223335,24.0,535.0946025773685
492,3552.8553688899256,851.2879447444668,24.0,535.0722701735456
493,1394.9737136185702,2133.3497680769683,24.0,532.9641804743392
494,1429.315238368536,3355.4393183870643,26.0,532.917825793839
495,2917.726632304628,348.09801269357104,24.0,532.8153534045887
496,2887.6693587771033,1137.7757865347503,23.0,532.122623236678
497,2785.3962357100927,2691.7739189746467,23.0,531.7883395823068
498,1001.7166228515746,2148.3281679938264,23.0,531.1799377814999
499,1200.3366620497661,1389.3149624079526,23.0,531.1423059848187
500,712.3055139977611,2500.1798680205284,26.0,529.5896738853518
501,704.4366298116612,1466.4853663362246,24.0,528.0677973117487
502,1152.4227477883621,485.83246306804284,24.0,527.4061166338555
503,1706.599928500152,3465.6422922816832,32.0,527.2058850701056
504,3555.4304499238883,948.7890706644292,24.0,526.9041602489935
505,3572.66361594732,3107.002726546375,24.0,526.2703945791039
506,265.1313432489494,2425.7451754973727,22.0,525.8635594330947
507,1463.5812936291288,1135.326423844594,24.0,525.7834120612337
508,1235.7410685458055,1104.3601738970324,22.0,524.793023683337
509,808.9879126482958,1177.5758473745589,23.0,524.616086433687
510,1496.6550722086092,242.00318139561642,25.0,523.951728075161
511,2170.096091629388,815.1854411491572,22.0,523.8860960203497
512,1291.5489639409645,1075.186313397099,24.0,523.0319186481671
513,611.3170084629731,1896.892936294667,23.0,522.8946966370863
514,2336.8188014359093,737.832782586013,25.0,522.8209984537538
515,953.1050185579996,1308.3870969344052,24.0,522.5603680393851
516,1558.5263210951482,1601.4591260666236,24.0,522.519669468477
517,3017.504635693327,1661.5520548149304,24.0,521.7957988325626
518,1375.9218300049272,2402.4715446732716,24.0,521.2308167220352
519,1660.7409516746302,498.95236108713027,22.0,520.4532414311185
520,2989.16465387428,1555.3904670886543,26.0,520.2132951312807
521,780.0142160762009,1308.262658444179,23.0,520.1495404615043
522,1355.8645278794215,1829.8251866950113,22.0,518.8977107921544
523,2834.426498839315,912.6299475351611,23.0,517.5988994043657
524,2052.61244702031,4054.262776724045,23.0,516.4340447532952
525,725.3533128194462,3222.2777681498424,22.0,515.659310073038
526,1179.860314552109,2839.5335487775474,24.0,515.3857546772848
527,3388.750004328128,2848.0519400752364,22.0,514.7822494282925
528,3145.454329356082,534.7787029657118,22.0,514.7493883026606
529,1516.0392166092522,312.1356565648806,21.0,514.7387225148697
530,3784.210622958133,2315.3346071898945,24.0,514.3633668758632
531,2975.059057453973,3633.2078283939813,22.0,514.0554947627064
532,932.8125962146138,1161.3384134684,22.0,513.9281161762132
533,2670.3240590454056,1965.39680514593,21.0,513.078779939998
534,3845.3915768242787,1610.3619384555004,26.0,511.88679918460076
535,3325.4711769605296,1566.1979664301057,27.0,511.8148078364834
536,2619.2000373813407,2323.3974719347134,22.0,511.6300498032405
537,187.44103034055993,2712.9640886516336,22.0,511.5425603134393
538,3943.747562382771,1890.2422351112355,22.0,510.58472679153675
539,1816.5746865467925,3831.053122728123,24.0,510.0842110449749
540,1441.2253280971179,3246.4876891463255,22.0,509.81722175592745
541,1346.8802225442737,1160.8026985658353,22.0,509.7942357239794
542,3585.328084588556,1424.2045722593214,23.0,509.4036450630085
543,3750.3232515340087,1883.7300837467005,22.0,509.296612573288
544,143.00780144164952,2334.8274467627502,24.0,508.7304668817
545,1992.3464190905459,1231.4006516491152,22.0,508.6338758083522
546,3183.273666892538,2883.380445697331,21.0,508.6267766314085
547,664.1812906925123,1663.0807192416007,22.0,508.10530557201963
548,1875.4560210431828,1301.9911600478274,24.0,507.52480453728225
549,3097.214831133886,1669.2535505232047,22.0,507.43745109553424
550,1030.556778215074,2915.3492898791364,22.0,505.1310967616026
551,1393.5345815073254,2243.659533049703,24.0,504.873625120916
552,3022.0762701612293,3685.1832263706783,21.0,503.9182063475129
553,3356.667630914555,953.5286290776347,25.0,503.5975586775751
554,2756.915546844929,498.79334047385606,22.0,503.5749895070832
555,2905.961812090029,1584.1240916136935,21.0,503.1851918575719
556,3322.372729553912,2779.6628051758903,23.0,502.93212228706346
557,128.97090456731937,2018.1176517352435,21.0,502.6449019434742
558,3185.309950395512,1856.5746246078356,22.0,502.59636154219976
559,1577.8134597341284,3233.5803534083984,22.0,502.41654609358636
560,356.36272525061764,2512.269037518097,21.0,501.9380166772816
561,2542.6091099768123,3330.535917450845,23.0,501.6155547932382
562,3551.841451505435,1851.2925977402967,22.0,501.2602867676738
563,1933.037340575038,817.046743283425,23.0,501.2227357450829
564,2472.2541330126346,2262.22337855474,22.0,501.14506576517175
565,1401.7171536993396,2956.9509843163682,23.0,500.6593884635118
566,3706.5591319098694,3059.8555550678866,30.0,500.46646771034295
567,1144.542856802582,1063.4297409165708,23.0,499.7201973807653
568,1170.5181897882023,303.6530357089361,22.0,499.36417038686443
569,3563.2594636146073,2560.3111922972357,21.0,498.48940057713224
570,579.0737661896322,3093.14578813622,22.0,497.93916274932974
571,3284.046132832579,1259.5110300918968,23.0,497.4406084007779
572,2948.1612947742374,3282.0347481102767,22.0,496.8527568578141
573,1824.369089622683,3706.5674325939913,22.0,496.3572237037402
574,1059.189492681417,2144.4591898926765,23.0,495.8686792681575
575,3472.442124851857,1895.4139058377239,24.0,495.8336145365082
576,2011.1786497040628,2552.1593412979228,18.0,495.1456010310394
577,3661.6923971185183,2430.9145456716633,20.0,494.6205195319965
578,2863.6114707842826,1141.6621828486254,22.0,494.537101412698
579,2432.820134666175,1278.656558851999,21.0,494.2536622422452
580,3541.41966071208,2338.6039716378036,22.0,494.1962399834804
581,3310.4572494241934,1179.8343468094986,24.0,493.31960726468867
582,2878.58136091929,382.6060953888819,22.0,493.1534103584221
583,2424.4170026744387,3031.4057676474536,22.0,492.807152169724
584,2714.430299747195,348.3511864012181,22.0,491.9626545422515
585,1092.0591116369394,938.0044691517822,21.0,491.8855354360542
586,338.0578799138345,2790.763363889179,23.0,490.89301254187933
587,2592.764483928626,1764.5498091040345,21.0,490.83558961133775
588,1882.3300123394772,374.1058717359368,23.0,490.62006593410007
589,2365.87050351603,3378.175390320826,22.0,490.30513925176575
590,2818.599342877775,1996.551683171119,21.0,490.099269469992
591,2299.8075873060184,1412.2867394726486,22.0,489.98035488832693
592,3694.0860886766477,3139.727005764612,23.0,489.681803347562
593,1900.9004632401645,470.48918087302957,22.0,489.39309820537426
594,333.93205990741745,2490.9861756362684,30.0,489.33643692037083
595,3054.704338387003,2233.5745399796683,21.0,489.18738346161047
596,726.277682643846,2332.5597486450247,29.0,488.90697562437157
597,2769.269082495638,2545.3582711470276,20.0,488.7492108814953
598,1334.5926309260599,3026.888481960064,24.0,488.49051880277864
599,2455.2523592594885,2717.0473217039403,21.0,488.3755521353885
600,2289.995420063186,2475.777281500024,21.0,487.73616649887146
601,3037.8361410025013,868.9826772663994,22.0,487.7150218221644
602,2597.245359987286,2968.071560163303,23.0,487.33132791187097
603,116.48263378290459,2188.631690420041,20.0,486.0251805186226
604,3273.3754241402157,1580.9003563214,24.0,485.0486234842789
605,948.1678790232079,2252.2447309035333,22.0,484.7736469840482
606,2853.505983699546,1439.3972646699256,22.0,484.70058726353295
607,1264.037445273873,2372.700561422926,23.0,484.49100216917844
608,692.022611414744,1320.812489526095,22.0,484.42788906092795
609,3698.8311173703887,1222.9085866038074,22.0,484.25529964724905
610,3307.670726101465,3318.283829527148,22.0,484.14759029099235
611,2932.4941550049302,3740.9891026193136,22.0,484.1215405135928
612,3241.9702651314824,1136.2407536892008,23.0,483.9785681590529
613,2836.5862855946066,3224.288966284363,21.0,483.3766849925238
614,4005.8043938193186,2317.074796185823,22.0,483.30641479645567
615,415.473634753151,2385.919574177747,22.0,482.95901373306936
616,1377.073985406994,2284.682532426501,22.0,482.269318993956
617,2554.0549768323813,499.72299544881866,22.0,482.2388319416371
618,3451.522984284366,719.203781605494,21.0,481.5091162587691
619,1712.1065969822357,3364.5107428462193,22.0,480.35652576358234
620,3007.242615598717,389.7786876319373,22.0,480.18684740733573
621,1708.5679907950273,3166.463717850315,24.0,479.4951090101725
622,1795.9770558676205,316.52431597491096,22.0,479.4604304518305
623,3272.842400896244,2335.525691834057,21.0,478.59054682377644
624,1376.3326234120889,2439.5617393621983,21.0,478.5737025142425
625,1021.8455497764345,2337.662481312441,22.0,478.5197967481392
626,3009.250954912205,1858.3085959597825,22.0,478.3867386220463
627,1288.8111897676429,3245.614125522884,22.0,478.3419354582128
628,1775.870460279035,3028.131453737348,22.0,478.2074402240571
629,339.268384628663,2584.270720893072,23.0,478.16275170358455
630,1314.727876408241,500.76202822382237,21.0,478.1021826634195
631,3996.7562460881163,2287.6737246963635,23.0,478.10191802919405
632,1790.7047352585455,3458.3974151248394,20.0,478.08153304868887
633,259.45915445563355,1305.130100555548,23.0,477.7827123361145
634,3056.734358760764,1379.1838967477852,22.0,477.3697714031521
635,695.73399670465,2237.097255094921,32.0,477.17046067395916
636,2931.71498052937,970.7923890104166,22.0,475.99173588834583
637,3391.080572346915,605.7752748161271,29.0,475.7569914363327
638,3426.8283619404847,2561.946806613648,21.0,475.13212940510005
639,1115.8012477388022,3725.8404800204726,22.0,474.7263644183446
640,2480.904535961697,675.0693727070947,21.0,473.7861324058129
641,627.6545605467493,1199.0930911514713,22.0,473.6166091473724
642,407.23986634169756,2284.4425753935807,22.0,473.43791727680804
643,1158.5881577733758,3079.3115877713994,21.0,472.01996212925906
644,1028.5732730313828,2400.1381798413736,25.0,471.84013568063006
645,1591.5002492073404,2638.696034865973,20.0,471.2799020148867
646,859.4467087006375,3447.745274693469,22.0,471.0556592700341
647,1328.6831042634224,3507.9080820207755,29.0,470.5960758011922
648,222.8319118506481,1566.6465309480818,21.0,470.1143188473392
649,328.11378294491055,2323.7647761939247,22.0,469.79234515853545
650,1833.4239364431696,272.7812476053703,24.0,469.22575442148406
651,2558.71125449272,2313.127723038004,24.0,468.8792084485084
652,2669.560145002556,2553.8240241269073,21.0,468.86249240002786
653,1100.7501376279176,738.5357176846219,21.0,468.762475650341
654,538.4737388493633,2779.0439699916096,21.0,468.6271883818916
655,1329.643971505658,2343.462444457091,21.0,465.8406363706382
656,3180.467748812455,1056.8516232803945,22.0,465.6253292374048
657,1087.8175329343608,1088.625547433329,21.0,465.5712604686281
658,2042.851365539466,3422.3536132210015,20.0,465.55620785765575
659,1258.0104176569964,1076.4548224076027,21.0,465.13125986536073
660,1637.7556745542072,3291.731134587478,22.0,465.1100922100141
661,3708.367054141681,2239.9719598406523,26.0,464.2494683714822
662,1907.8124431183521,3962.2685469688413,24.0,464.23400892927583
663,1171.105724099066,3187.577077543904,23.0,464.19368344363676
664,1073.9019669030592,495.56075926195876,22.0,464.10109563272744
665,3334.6493616250236,1025.851830573918,23.0,463.89675794966075
666,1407.481441924756,3674.393102709676,22.0,463.83189114054466
667,275.3732704959635,2068.16298046515,21.0,463.57831707922355
668,2038.880047247871,1356.3357089398728,22.0,462.45468487379054
669,1634.1652884626285,2830.200131460158,22.0,461.70935053808626
670,988.9951091678638,1551.3996082543547,24.0,461.17324592017303
671,2907.953741688266,954.1493376331209,21.0,461.0274616199354
672,3862.806814448179,1632.930713829624,22.0,460.90825510209385
673,1683.331155627077,2324.427881938263,21.0,460.69911952832194
674,1222.1698503422924,3215.65195103029,20.0,459.73973075692993
675,1934.4079509266658,2504.913359887206,22.0,459.3200082918717
676,1902.6412253048297,1037.236602438993,22.0,459.31952145759743
677,1345.7941300528712,274.8470533912718,21.0,459.2345894203398
678,1218.9289240462845,2740.4581220116706,23.0,459.0230711626143
679,1053.6497523464857,3024.7296405247,22.0,458.28293677596525
680,716.4184999661413,3320.862254515652,23.0,458.26433724076213
681,1634.9167615769686,2370.5446902104636,22.0,458.03536549838134
682,2635.9250490386576,971.016979857564,21.0,457.3652780861826
683,2557.010159078314,799.4141983755177,21.0,457.27824631910033
684,923.7937444385256,3668.878882988539,22.0,457.1517547940997
685,2490.6697419667726,2287.9619709540784,22.0,456.53378482095366
686,1418.9300985820296,2921.4770420779505,22.0,456.27140634621975
687,2981.1793100350224,646.6956913336634,21.0,456.2560919935171
688,2213.2634251268973,1406.3126691715017,21.0,455.6529392035573
689,1115.8958753065567,1947.3810358099781,21.0,455.43405788112955
690,1822.4346519803382,4022.269212198838,27.0,454.83205763584505
691,2974.981094166817,837.4218499588701,21.0,454.2632434643071
692,3217.484460996585,3270.379236718324,21.0,454.2097582619463
693,2643.9436341494606,3029.649949552162,22.0,453.862778292929
694,324.3667165693843,2177.715700774255,20.0,453.58413895626825
695,709.6843998053544,2917.4898530158457,21.0,452.58486224153194
696,3337.6440073345716,2234.919389764067,21.0,452.2360933506946
697,502.62088950766434,2090.2581284550092,20.0,452.19331231825004
698,2316.7331500253626,575.2020440445037,21.0,452.1663218110217
699,896.7945601571662,2513.749007593664,22.0,452.0430779912326
700,1128.6813250427988,1226.120706055903,22.0,451.8642938522237
701,2599.3027415985744,3445.282644804631,20.0,451.79311896037876
702,3129.3152361020257,2442.964958451733,22.0,451.500925367882
703,846.5785526973056,1249.2693007953403,22.0,451.4340139621642
704,2962.2562604390027,1741.56308854445,21.0,451.23839692026485
705,2587.1272824154557,699.818108207755,21.0,451.0155925486602
706,3340.668923893744,2398.736679619605,20.0,450.52900691364863
707,1232.9889247161807,3697.665533803023,22.0,450.42505884884764
708,1564.2333001060365,3406.7478959177884,22.0,450.18818159179585
709,2900.469460321472,1543.2579177843588,21.0,449.802062624852
710,2721.484503806471,815.4555652147166,22.0,449.7858426947422
711,3342.6619137627563,3508.9427676225696,21.0,449.7224397471235
712,1777.8028223699555,3905.2716042382776,22.0,449.56480444469395
713,439.79621017899734,1741.4564041782157,24.0,449.26849497504617
714,1200.3633674703647,2603.2578580187946,20.0,448.95966908134517
715,3206.365553870018,3496.2334945534267,20.0,448.3741490633976
716,3124.5728701411144,1716.6672811578162,20.0,448.0475531720008
717,1882.5201471711919,4060.2672053863625,22.0,447.4388865520184
718,2358.410191910753,418.45552383399723,21.0,447.3349345340034
719,3061.8351672003896,2832.8993874791986,21.0,447.31963645647335
720,2942.309173522685,2004.4088423265862,20.0,446.84887304005025
721,202.69570187457302,2406.8877058565536,21.0,446.66897191619654
722,938.8045861830404,1115.5615862811533,21.0,446.52287947658436
723,2503.131158262528,1790.1014554100727,21.0,446.3300454238242
724,784.4213638623517,3459.1567599278683,25.0,446.04441924917586
725,1632.49715587088,450.21766103505746,22.0,445.2188313289366
726,1910.0355611489645,3606.2214404359515,21.0,444.8008325144723
727,2314.53441092248,2721.208069293498,21.0,444.1800136905583
728,921.9005425045826,3125.7858722788037,22.0,443.91745004906915
729,2837.384090313942,3301.953042644379,21.0,443.4075939127451
730,3788.4012739018367,2155.190620412555,28.0,442.9594890991661
731,2795.120331653034,3505.1213840038495,21.0,442.314125765294
732,2710.8077174656228,3611.9013608887935,21.0,441.6154424809039
733,2239.841181206025,355.395303154851,21.0,439.2096669762059
734,1233.5032243057306,1742.563084461483,22.0,437.90054381216373
735,908.6595570979331,873.3319785624884,21.0,437.8536366020357
736,2042.860014280208,3741.0465138417976,21.0,437.7008054709387
737,1574.4469316868692,3283.57405113291,21.0,436.6407592374641
738,3395.0134669216227,1296.2372010659094,22.0,435.9683975993374
739,2985.1834934295234,801.5608441216107,22.0,435.6686459074434
740,2301.6148972574083,3841.2813362341894,23.0,435.50021393614173
741,2004.6385120025373,3077.5450972842414,20.0,435.3224400328996
742,2424.2486348505918,286.58901093451317,20.0,435.1425514797148
743,2623.0700235542477,1153.9235995891966,27.0,434.7288000209337
744,2148.3467291532734,4050.2528457400363,23.0,434.5489764696056
745,3253.661348187938,3317.03242189681,24.0,434.2761022673293
746,2684.5797449868787,2715.6157303088585,21.0,433.77326785185915
747,434.2176595693902,2855.9570887499103,21.0,433.4876397382636
748,3020.9073196973577,1433.0991265971247,21.0,432.87863449421866
749,2344.8778243726033,1282.3123698079494,22.0,432.7783638818029
750,2465.922139728009,2853.932652921677,21.0,432.34609482781195
751,1015.8895967694606,3104.9818036596066,21.0,432.2502300282017
752,3207.4475525684084,942.6044552744331,21.0,431.9155402886541
753,3544.7050165421797,1052.7219857606674,22.0,430.9711215011709
754,748.0803290411981,1443.1514388382568,21.0,430.7460314639277
755,1874.5496011344765,3674.3454521471317,23.0,430.46071568702155
756,638.4936982516872,3265.9354699088403,22.0,429.87729151016816
757,3546.619350637101,3148.1194246857353,21.0,429.7797286797055
758,1469.0684486219143,1690.0052279145375,21.0,429.7645359179698
759,1413.4738553847942,2050.958082150078,20.0,429.11216606825707
760,1838.8828732899958,152.468349052062,20.0,429.05200256361525
761,3110.52408303993,1642.0498085231118,22.0,428.75207632693855
762,536.5440340493872,2908.819304913706,20.0,428.61406614103254
763,2847.7574041206435,1934.0559767616223,21.0,428.42769182543714
764,2783.065414141628,215.34914206561209,23.0,428.40259123582786
765,3043.215441007647,3684.2786017386657,19.0,428.11947625725577
766,2772.3462552126666,3467.3134936499077,21.0,427.96077399996886
767,803.5144799757011,3495.898209638267,23.0,427.879029023799
768,3415.70801529117,1350.0620494402265,22.0,427.8762516401481
769,3445.521597980231,3146.513308244632,20.0,427.578881924394
770,2944.6649927906187,3420.5574298705446,19.0,427.1627023943406
771,2255.5764902725996,3985.1358351577637,23.0,426.9087240432309
772,851.9475153214152,666.4027308746836,21.0,426.688606901942
773,3539.445784874953,1536.782170528047,21.0,426.67535690711986
774,3071.9973829277287,533.7660701321596,21.0,426.4324109250504
775,2506.917516070213,3081.502298886571,21.0,426.3559830257917
776,3703.1095792013393,2118.4686416024183,21.0,426.23758770234554
777,2193.4031016231693,3015.3879446996875,20.0,426.14203479346503
778,3234.033572516969,989.2892346784819,21.0,426.1004941793834
779,3489.202394714119,3134.435034413907,21.0,425.20204471990553
780,2146.6556393082888,2835.84760226677,21.0,424.77904041403866
781,1484.8366938154622,691.2352118469997,22.0,423.80254768683324
782,2618.424301753,1377.1084119393306,21.0,423.19869000748093
783,709.496042136703,869.3802487805294,21.0,422.4916990370073
784,1026.861846356335,812.4000040335386,20.0,422.484736746431
785,1632.1012437932031,3568.7359911134226,20.0,422.20134434902786
786,581.6315245998114,1518.27275627982,20.0,422.1427852020739
787,1176.2877404911756,3080.630871386856,20.0,422.06193452895377
788,2216.728414998856,2620.7392386999272,20.0,422.00957010776534
789,2162.8001932940815,3677.0393992937775,21.0,421.8609546219681
790,3541.660821733707,2737.541483773539,21.0,421.75015690751115
791,2960.9467689131484,723.4663821908352,18.0,421.7031270074538
792,581.207928723212,755.8328771304222,22.0,421.4554152713468
793,929.7151716713472,1511.3876390213336,20.0,421.42138363002715
794,2901.8214085688273,2608.368076763274,20.0,421.27926581266155
795,330.68611319310185,1903.1985972890457,21.0,420.86644342204346
796,681.5589790375135,3245.7924804409813,20.0,420.84967069699877
797,3132.628320405832,2156.898535372835,20.0,419.9148888015304
798,1406.389323470284,3633.352188154644,21.0,419.90086027077535
799,3701.873760381755,2798.454178500798,22.0,419.85947564760556
800,2038.6572825487465,182.94873885895052,21.0,419.50551199119184
801,2516.4686396182797,972.8229336408539,28.0,419.14175681544384
802,1886.7636492922325,1338.7284666727323,20.0,419.0491186785108
803,3042.870423002003,3785.4760698311356,24.0,418.6196683448317
804,3750.222575502377,2684.1127526399364,20.0,418.5129001307213
805,3004.654721667884,1179.0482343306126,23.0,418.36348908419
806,2812.0854859635474,647.7745038938699,21.0,418.2516948623814
807,1976.5418439502273,3749.274676369904,22.0,417.64930546505104
808,2759.8674017782587,1459.4755845276234,19.0,417.5247745958405
809,3113.3481533254526,2939.297205456876,20.0,417.35332290385
810,1729.8235939317626,1066.9516034676749,21.0,417.18052960560806
811,3546.292562013186,2490.3416937352276,20.0,417.0554883291656
812,2032.1292390374704,1608.7017485978936,19.0,416.5759131723824
813,1784.17249188028,2485.680430736633,21.0,416.49618289821757
814,518.1553717569298,1430.4788917797491,20.0,416.4291147323398
815,3246.8328682331285,2508.9975796883778,21.0,416.4235101543411
816,995.9795910112689,3164.3152340420074,20.0,416.0671437593328
817,1678.4516528285526,1225.7006984579489,21.0,416.06334799918204
818,1425.8682330837034,3809.329661514666,20.0,415.93819060035844
819,2419.013672781383,232.2936684218198,20.0,415.7827819482949
820,602.3228465515195,1935.1987518125816,20.0,415.22254095343084
821,2956.7485324636036,587.2721380629861,20.0,415.1240462489042
822,3819.8401128646155,2763.8135954259874,20.0,414.48562771093634
823,3252.6063528031614,3608.773697961681,23.0,414.1683060309472
824,3023.5679461490795,3093.0741998765848,20.0,413.87724173164105
825,2540.290185377079,1644.3344869326716,20.0,413.85937930919863
826,976.5210983147398,1131.787154926829,21.0,413.7450935617619
827,1586.3018443807716,1875.2794454265675,20.0,413.2966159241693
828,1389.244680292651,473.0926341956554,21.0,412.8232774102639
829,2679.1723124529203,2521.628491618613,19.0,412.7440630592851
830,2940.952783514986,527.124298795974,21.0,412.7327242112421
831,400.9546925863632,944.2288115824522,22.0,412.3888692992601
832,443.53586549634093,1689.5860969855416,18.0,412.28338857419635
833,1541.8324134478232,3548.306222285846,21.0,411.9478974146298
834,714.0641332889787,792.5359486339568,20.0,411.9211257161806
835,2287.8785613989767,1452.2254700833387,22.0,411.6857366229525
836,1789.6373129434123,3156.3260754615144,20.0,410.3762310877765
837,818.2659621417018,3557.306929794109,22.0,410.2441899050019
838,462.0655525517601,1468.2037420643353,21.0,410.18644015355966
839,2713.4964291701926,2319.979748251137,20.0,408.63155509131786
840,1440.5296541366165,2145.794687230012,19.0,408.4711393853003
841,1892.401104009664,396.76538791609,20.0,408.1788397758891
842,3300.579032155606,3371.030842204448,20.0,408.14136050002514
843,1132.341243829678,692.2699127037002,20.0,407.80180880559476
844,2208.33717023759,1529.8792541099735,21.0,407.47509549305784
845,2489.2300539235066,2901.3939715735755,20.0,407.2347619622087
846,1362.0134515029163,201.0376191493436,21.0,406.2130434660904
847,3859.5341068698285,2122.318373869179,18.0,405.9947797499524
848,2077.5711132493675,651.2282973769403,21.0,405.97830515694017
849,801.8384843768612,3567.4919677523203,22.0,405.9731830358021
850,2040.204286787109,2934.6936309856324,20.0,405.8107477901375
851,3520.789982334126,2401.1584860163825,22.0,404.8256052809262
852,3279.8571856996673,1313.9588600582736,21.0,404.8249162354577
853,1344.845046410957,3297.8989374939692,21.0,404.7149883260443
854,2580.5944435772153,1603.3749417218937,20.0,404.4055969403189
855,758.9342422191716,3403.5615396915864,20.0,404.3889854365843
856,842.3873367295054,2563.1078011089194,19.0,404.0621600025992
857,2699.830097354509,1077.8679903440752,21.0,403.878564480584
858,769.2836093905336,3085.5821862464004,21.0,403.24859989030955
859,2009.272748507414,635.2789071263257,21.0,402.7163391398755
860,1683.482993121918,1795.5889861415537,22.0,402.3594193831832
861,2496.9772155612586,1554.8772834370147,21.0,402.06407791118596
862,1492.131841363034,3334.9523647181877,21.0,402.0084860799351
863,827.753072401147,1100.0150408594166,21.0,401.753719462931
864,2419.296170706218,824.8634146578123,20.0,401.6264513872082
865,1225.7065688759535,3773.873301536513,22.0,401.34376401543665
866,3587.6630403922663,1174.8439761688996,21.0,400.6972275729696
867,1648.6517793450014,1676.0387697009676,20.0,400.6645013730406
868,1681.4030918127266,2863.2564818893866,20.0,399.91587873648996
869,1272.186547804425,2985.226071974766,19.0,399.44479410223653
870,2615.321070405501,3557.183778227676,19.0,399.2438233975669
871,2235.835306228883,3395.115665514836,21.0,399.23314997371926
872,2157.3458924899364,355.5482557861663,22.0,399.18892605210885
873,1399.360542368894,724.6688115419507,20.0,398.7118763533903
874,468.75270446213233,3044.9533771914125,21.0,398.6828253983456
875,1441.9923352830576,2992.9415899056003,21.0,398.0626785429868
876,915.4294024606932,609.7221390530538,21.0,397.8689032969557
877,777.3024280839185,1436.8318106254696,21.0,397.8408479914755
878,2301.3193670653422,363.00562481174273,21.0,397.74396443302595
879,2925.4919860471373,1133.9832153627856,21.0,397.4198578296117
880,3068.3106590911634,2441.648645246191,20.0,396.7855265366342
881,3486.975874445204,1413.130449827969,21.0,396.54509463166255
882,1155.246241138279,2331.8199612024628,20.0,396.36625148711965
883,1447.9484272468576,1071.5002550660065,20.0,396.27050844396445
884,3288.3273269956626,2460.4359871034344,20.0,395.8481307545356
885,2915.086199022233,2984.4724340892526,20.0,395.8283243870546
886,3357.200632172479,1318.88902164393,21.0,395.69541104579963
887,457.97619383714755,1838.549112941455,19.0,395.1579110780049
888,2991.7567733941287,2765.339267491161,19.0,395.09774685969523
889,576.5462541206956,1176.766853053546,19.0,395.0053666380425
890,2604.760237497588,3736.1146727590253,21.0,394.9073771635348
891,3089.820545774692,1771.4944517080826,18.0,394.7572880065569
892,2121.8300066397073,251.45185767974664,18.0,394.7475941225723
893,2874.6582465633983,3381.0607372360796,21.0,394.73190614342485
894,842.3359492198782,1449.5326702018997,19.0,394.54303638126584
895,3265.985385894296,1476.4405260955089,21.0,394.3611047746403
896,2575.651368921488,3161.95041691355,20.0,394.3076845373957
897,1182.8710513243486,309.4605112416557,19.0,393.7435480455859
898,1433.0373728684294,2035.09279459027,21.0,393.5601986283452
899,3549.859832798017,1199.880213167449,22.0,393.44301413247496
900,460.1117922768546,2283.0145677270943,21.0,392.94209491006785
901,1730.925409301926,3030.879944831859,21.0,392.88246380784045
902,204.85925348924133,1861.2929013778507,21.0,392.86135761310913
903,2207.3373234732476,3112.7284161298962,20.0,392.4815623435425
904,1777.935957101834,3424.4042281305315,20.0,392.04036328485427
905,523.0878737224452,1755.879961503343,21.0,391.8898675954581
906,3245.7109347731034,2736.004676097397,20.0,391.8242092458535
907,795.034479893126,2236.1079655518934,21.0,391.7032142984896
908,2736.301585764749,1434.5146008725703,18.0,391.60146458099825
909,1019.2413417958909,3220.040762630553,21.0,391.2820715696582
910,2303.3176490511996,3401.835883692794,22.0,391.07473865529676
911,213.50717014925928,1511.8710379808315,18.0,391.0426331371226
912,2910.624277199808,411.09421184825123,23.0,391.03676466288374
913,385.7504687031707,2098.4073581922826,20.0,391.0324916211054
914,2457.585041860165,430.9963916583895,22.0,390.6020030281145
915,826.253103762383,835.3212097689735,19.0,390.343650434801
916,1917.8206219591152,3184.698078272941,20.0,390.2807258116052
917,1111.8561578268077,402.8173430078869,19.0,390.1762282893788
918,3910.2534006904098,1514.7575244440231,19.0,389.80026044229794
919,3223.287500432334,1550.2128550071088,21.0,389.7055299543088
920,878.9142915906788,2997.3139213856375,20.0,389.44465595626195
921,3226.1789125207624,1714.6881940231162,19.0,389.35560883733575
922,2456.4822255461,2637.781765994305,19.0,388.9424529462834
923,3249.77434422721,2999.39928349944,19.0,388.8771921611784
924,1323.6581110742688,3021.517973326162,19.0,388.8320064571791
925,2531.154307421204,2841.9145558787645,21.0,388.74667434936663
926,3161.0647805542167,3138.003439971983,21.0,388.5751952940978
927,2705.808874408582,762.3138118048969,21.0,388.0687521565152
928,2775.2236372820494,3323.466192610275,18.0,387.83023300966084
929,2216.302303879135,2724.4543048278083,19.0,387.63495962238056
930,2832.2641208432087,2278.1905483861206,19.0,387.27507490069405
931,3054.4156069293113,1326.6809913496795,20.0,387.0107079186689
932,3846.8413394251165,2956.7979835563087,19.0,386.97359936511987
933,1217.3332785647322,1228.6307480666317,20.0,386.8898768352195
934,2611.832125130029,3129.7600309572863,22.0,386.510161642228
935,3261.578684181693,1710.8790055381853,20.0,386.330681693314
936,2601.928234199412,988.9185324612952,21.0,386.2673359193576
937,2069.449614190273,3625.717069456789,20.0,386.03524602347085
938,1133.2259261854022,994.5703748318465,19.0,385.95745741192513
939,3794.48775488202,1551.0178393241156,19.0,385.9405855229402
940,2817.4097217857993,3822.0336758475423,23.0,385.9271620026191
941,727.3533646897125,2453.3641483127103,20.0,385.91860154403906
942,1808.1062324005545,202.82443103175905,21.0,385.7788044167219
943,2213.3787332594466,4037.3141208555135,18.0,385.7178039440039
944,1074.4554783870133,2038.335777139719,18.0,385.35878359225444
945,1016.6541367046984,1085.6352629138185,20.0,385.2978964437868
946,1489.4128116101047,1163.3568339258986,20.0,383.9498669010845
947,275.1689070120243,2734.79811407782,19.0,383.2240312695201
948,3164.7025900755093,2388.797484176473,20.0,383.05266543032536
949,3678.3397250069424,2687.766139392354,20.0,382.9775619571187
950,2767.0058825325004,2479.889491297703,21.0,382.82546169000216
951,3743.7829967898333,2825.897545673241,19.0,382.24573129415626
952,519.3619726149027,3143.9150359918503,20.0,382.1736641877281
953,1244.2285904253424,741.7994802771232,22.0,382.04147121607576
954,2122.162424121033,2791.2398671517626,19.0,382.02385003237094
955,2975.512710742329,2926.4113212710204,18.0,381.9230397511627
956,1435.1870518367743,1321.6416679848824,19.0,381.6358079047914
957,2856.864189166263,2208.535197919376,19.0,381.57797916845533
958,358.2512511358768,1106.6920288140204,20.0,381.5395044066481
959,2543.2094707641345,3567.79195280703,20.0,380.79876397316656
960,2933.935358648195,1231.9518247183642,21.0,380.7180415155069
961,1758.8690881835462,3410.6177785997374,18.0,380.58476439103276
962,3592.494536010576,3027.6715970185164,19.0,380.2574935650455
963,1676.8774029942945,993.0144195855621,21.0,380.13577462126904
964,1303.1333367210004,445.0252959485986,21.0,379.7099543896617
965,733.3054861250426,1051.2344765237822,20.0,379.2258907652466
966,3298.0434122174624,3143.3550043481714,18.0,378.96794453193206
967,152.3347301939652,1754.7044542628396,19.0,378.93120512907586
968,1744.8016341436735,1205.605004885576,19.0,378.78435376312655
969,1538.9198930003963,434.2890523113474,19.0,378.64118107279756
970,1188.3959818028009,380.17580006198074,20.0,378.28239473275136
971,3566.149298363595,3154.03333579626,21.0,378.23806954799676
972,1303.0430298416732,1582.4961534702377,17.0,378.1950172609237
973,1694.4716849521353,1380.0633025135373,20.0,378.08809144498923
974,266.0184614450719,1778.2784510678398,21.0,377.8012890604521
975,3409.063118553195,714.3878988404751,19.0,377.7970948307904
976,3863.9580280346304,2303.802661197037,21.0,377.5598776221205
977,3173.554642555709,3477.4321903480586,18.0,377.3611496627855
978,2836.310536017648,3509.4122221603398,22.0,377.1692494037717
979,1246.0541413152173,2654.2563073567385,21.0,377.13504508064676
980,2313.6973340130044,3222.2378963457004,20.0,377.0679995224583
981,2817.1660142116802,1733.841804700255,25.0,376.8830267691766
982,2552.3102701360235,3825.7744327094547,20.0,376.6500790417614
983,3083.741636079729,826.3248774448151,20.0,376.5482340543245
984,1871.0991683212205,3867.9544204241956,21.0,376.51730894768207
985,3858.481165012911,2638.676227545299,19.0,376.3976293988873
986,3504.8457356308186,2467.7890825288196,19.0,376.36304814718034
987,4052.918405798364,2144.44662096229,17.0,375.76498201108063
988,3302.4834975880544,1931.04042733956,19.0,375.6539986031766
989,2998.5366591642205,1694.356852851858,19.0,375.64236142107535
990,2853.4998522206474,3458.828650395106,19.0,374.562531595882
991,639.5275360439233,1694.4340238015552,19.0,374.39616455271164
992,2888.184654900807,667.5494785691327,18.0,374.1771825042672
993,3141.7280263940256,2737.753126475317,19.0,374.1321396831763
994,2266.4143865365686,2616.2411568811626,21.0,374.1071776801905
995,2672.1398426153537,1600.7355202157614,20.0,374.077531283729
996,1150.5849414896873,3116.8366726071263,19.0,373.8893081492702
997,3032.0220589604187,437.72696190094547,20.0,373.70467057533534
998,3433.3712554618824,1149.9133841667667,19.0,373.60618275418864
999,2036.7833094142472,2489.5890892229436,18.0,373.5511135843118
1000,2980.320668842989,2913.387650930043,20.0,373.41232252746056
1001,591.202584441038,1711.9255433845988,19.0,373.2696590934137
1002,3032.4798031120563,2608.186022704868,19.0,373.2010012946587
1003,3356.7022822680674,1268.0865481712508,19.0,373.08379486009824
1004,3470.072401543854,3255.6326977853873,19.0,372.6729883504809
1005,1611.7020913233205,363.7621185877478,23.0,372.1581671829185
1006,2978.377845499731,2567.701274666511,19.0,371.64667194551566
1007,1742.3947032100355,433.91103666292975,19.0,371.6313125705564
1008,1819.9604305479054,3255.977776601224,21.0,371.38770497852823
1009,1593.4520161135947,2261.9387845466895,19.0,370.88652936144683
1010,2825.520822095778,3052.2726092965077,18.0,370.5410031084093
1011,3722.5200375600402,1539.3171196820924,27.0,370.5272870158737
1012,3775.1377428691253,2726.912075771768,21.0,370.4609571083207
1013,3128.0793789457134,1205.7518890421193,20.0,370.4501620269243
1014,3985.422720888096,2109.6240063242158,18.0,370.2418006843498
1015,1599.1357841793981,226.41366897425283,18.0,369.9826649946503
1016,2466.8206540125093,1011.5792233113209,19.0,369.9279253452041
1017,1805.721036203742,229.75688626167937,20.0,369.8320038077884
1018,1082.3740219638894,1818.31050346397,20.0,369.7332382273929
1019,1537.189123085568,496.51061519614973,18.0,369.5505186753012
1020,3517.8143870250087,801.7003890419921,20.0,369.4322520661217
1021,418.6672430101475,1875.329921668725,20.0,369.3754088144586
1022,3246.6404793435345,1594.592916406732,19.0,369.0509101731585
1023,3172.7463449316097,1734.5366868636472,19.0,368.72590618585383
1024,789.8770888873368,1739.7597974385321,19.0,368.6940461240962
1025,1705.5288984131835,1512.4247801897716,17.0,368.40437048496335
1026,3039.98669097033,3330.017350534287,21.0,368.3549261010198
1027,2298.6056722202925,1039.0280021865299,19.0,368.21913150687953
1028,3731.8880618837593,1135.0356406440856,21.0,367.96298407203267
1029,1097.8563380982393,927.188560030021,21.0,367.9130814721677
1030,1219.9341747241463,2439.9050357813553,21.0,367.8415722522708
1031,3966.0245118080243,2016.0083851868428,21.0,367.6056361732171
1032,3851.760352205944,2166.3771015451134,20.0,367.5693868889282
1033,1226.3348577942477,1886.066157537121,19.0,367.4667147949191
1034,2813.97726120141,791.77250793273,20.0,367.4446992085177
1035,1401.936033510687,3111.8861505168047,21.0,367.4387746480126
1036,1466.7821678911057,3606.758389458083,21.0,367.0595538801878
1037,896.8301692522634,2435.301885415922,19.0,367.0199878952208
1038,2471.7931733369687,2997.3887615335625,19.0,366.600144602507
1039,1286.3268178760745,3796.0065768646655,19.0,366.56956062592644
1040,1410.428507728894,1720.3646943735796,20.0,366.2186297242373
1041,1479.2111500070052,520.0428093950618,21.0,365.68578599211787
1042,1627.4284546712852,2649.3929954383148,19.0,365.4487905419409
1043,2316.662951832649,2873.6133936327865,20.0,365.157598719281
1044,2146.3388953269678,3135.771259442017,19.0,364.9642312424764
1045,2906.077556342446,823.1200489376854,21.0,364.6689495427246
1046,233.88875169108567,1355.4141243876113,17.0,364.5253184409295
1047,2010.7882936684164,3279.14671751718,20.0,364.47121471662683
1048,3273.35868730936,893.0218693548513,18.0,364.10783747016416
1049,2830.6579233734064,243.1524323509242,19.0,364.0591611103543
1050,3406.0939318743226,720.0711320223539,21.0,363.9842478135328
1051,154.69738992563484,2446.3411284778313,20.0,363.92824481575013
1052,2146.2558515664073,2513.07682882527,19.0,363.7520176344161
1053,2738.2913605905087,3828.8080777071696,21.0,363.7047476418819
1054,1022.0729807389072,2164.18945896444,21.0,363.41639240140273
1055,3625.5835939053873,1225.5519336011878,18.0,363.25250754725164
1056,1084.165450102161,3019.9962630876894,21.0,363.20799207638277
1057,1544.7704636742064,865.7034073612998,19.0,363.1623873805373
1058,3496.247691675152,2362.23233499888,19.0,363.1069748174452
1059,3056.8792765948638,644.5698300158182,20.0,362.83679498042886
1060,2864.3912469895486,3608.3439418675534,25.0,362.74084081006407
1061,575.6357671755203,1770.1394418445554,18.0,362.31874413188484
1062,2778.2990787611575,2969.697410428039,20.0,362.1084355306791
1063,332.401451812379,1190.4665787845122,19.0,362.06136739584633
1064,3715.37855193355,2858.918017212805,19.0,362.0053172354974
1065,3350.6996518321494,755.7013786156339,20.0,361.90594509863865
1066,2380.7321952769616,2825.4809328719302,18.0,361.8349410885804
1067,1810.1386896604067,1056.3813346490533,19.0,361.66411350706517
1068,2593.682336662382,2710.4408264411404,18.0,361.6293852703659
1069,2418.968526782674,388.3247991287671,19.0,361.5285171516384
1070,3195.943483582837,1481.5321157353405,19.0,361.102188442333
1071,2470.496070425278,3839.305931202966,19.0,361.02624486675643
1072,2525.7889347010428,684.3611124516307,19.0,360.8730007488473
1073,1582.7415109842057,312.863306041693,19.0,360.56076190724406
1074,746.3075002293533,1266.5456621594003,19.0,360.14526420831544
1075,1880.7106127838342,245.5103229969358,18.0,359.63861734294426
1076,2558.1939476480666,2647.2409508719857,19.0,359.5400442535484
1077,2392.5314324032224,1194.123488294644,19.0,359.3341189290922
1078,2269.4767509606586,1333.176280511074,20.0,359.02754974914944
1079,601.1725225298003,2227.585539995237,19.0,358.82870441103944
1080,3549.112664343303,3104.615733984759,20.0,358.8127002831073
1081,1608.7932423289628,1551.0704687810126,21.0,358.6379528762483
1082,3817.647486091198,1494.3260480192573,20.0,358.6291817931336
1083,3483.448846755493,3237.53757425251,18.0,358.2682191342999
1084,1105.5883178746815,617.6767430449042,20.0,357.99059739543713
1085,2091.234968003307,795.9689743786292,21.0,357.54006554482964
1086,1365.2337609543542,2517.0362018754104,20.0,357.3990887091536
1087,3252.092220732439,2294.786216060094,20.0,357.15014390792294
1088,1898.5133371759296,1231.639487349674,18.0,356.97868292227344
1089,1446.9684599618467,2613.3811395143516,18.0,356.80026944710096
1090,1342.9051156321186,1774.8490041270363,21.0,356.652846119546
1091,2876.7721548908926,1021.8328315933878,19.0,356.6086010452169
1092,2842.4455882766424,3471.3925485596183,17.0,356.36054867027735
1093,1497.9479964080388,3456.9869142122893,21.0,356.0801921957344
1094,2496.9442590223684,3580.2695459969873,20.0,355.9404477157952
1095,2784.5724913060876,3857.7507882244286,19.0,355.7419340315999
1096,3299.9945791019654,2705.2953870401348,19.0,355.7416446567629
1097,1512.3242231237593,3881.943129998173,26.0,355.62844160255725
1098,771.6557814890273,3562.429330948121,19.0,355.50317535058997
1099,3787.812683990933,1574.9764348674234,20.0,355.18779906426323
1100,3419.26899851884,2747.3785683291976,19.0,355.1267329966213
1101,2417.151702549222,117.448548413846,18.0,355.1250195141845
1102,549.0069064833853,2094.1495342709272,21.0,355.10143010463304
1103,853.5555772765738,2112.6124799975555,18.0,354.84756778310873
1104,790.2610462263251,1235.0362072851592,19.0,354.7949092249868
1105,1944.3636722737906,3706.784949506297,25.0,354.74257924721894
1106,1310.6186357340082,3288.370375394137,20.0,354.17523349756846
1107,3486.5292313943482,752.8423783781617,19.0,354.11696364016075
1108,611.6578290660657,2643.6252213928574,19.0,353.6993326848017
1109,3454.2036858844654,1562.5552705350797,18.0,353.61766384659273
1110,3092.3920337212016,2334.435988016024,25.0,353.60535406137285
1111,3212.04505804186,3084.0400143369466,21.0,353.5954885340987
1112,1403.9541344657164,1788.6346833096195,17.0,353.59107386398716
1113,481.22206239644163,2211.3229324303684,20.0,353.43567198749395
1114,121.47899205956067,1745.997650644098,17.0,353.37433603749844
1115,2180.4757333510256,580.3943712634532,18.0,352.80129880041636
1116,1040.0618600810865,1576.494867325271,16.0,352.80041615700384
1117,2379.26117574507,1603.8105025372786,19.0,352.6735534886067
1118,2628.813359220128,1106.5796779913555,20.0,352.57146171718796
1119,2725.7601511804905,1562.0112038576285,21.0,352.2236341595504
1120,214.04063287135682,2474.257612728481,21.0,352.0859887185189
1121,2367.9514512087394,3023.311150523425,23.0,352.02463551295034
1122,3723.641401411121,2028.4429787246786,17.0,351.7365462572186
1123,1633.3607751162083,746.0067983861491,18.0,351.6994945856029
1124,3095.0099902810452,1460.5622549263921,17.0,351.5088627102785
1125,3024.688955135921,3544.776821238617,19.0,351.37480210556294
1126,752.6252010102879,2213.0646145420787,19.0,351.3451476305554
1127,1196.0071580202134,3042.024248223456,21.0,351.26379862529774
1128,2831.3287774719142,3414.7774037239847,20.0,351.09643818433335
1129,1014.4799641276998,2600.9651442849845,16.0,350.37548999099033
1130,3690.94217189929,1028.4393932045014,19.0,349.87838022467463
1131,841.0700131116039,496.6726235417326,20.0,349.81830812649616
1132,553.5655831140879,2475.3461530735726,18.0,349.4760959182703
1133,3000.123678918281,3851.9308754363565,21.0,349.4618898491546
1134,3167.1476865243535,1452.6857777992109,20.0,349.43576116035916
1135,944.9673575038472,670.9993059212853,21.0,349.16407320680975
1136,996.9890305471059,1612.2162580896472,20.0,349.1341425477784
1137,1240.327352945836,3561.9393401189845,18.0,349.1094293813397
1138,3887.6311599495916,1787.6225501067895,18.0,349.02647578350684
1139,3418.8943241110096,1006.1911845008319,20.0,348.44494423195835
1140,3382.2081603832107,3018.5655781627465,19.0,348.26434441570814
1141,460.7235697478695,2970.1067106595224,19.0,348.0886845691878
1142,2273.819064928604,616.8257003627667,20.0,348.0227606639721
1143,2917.079288240035,589.6087959560308,18.0,347.91093664755397
1144,2736.6523946290536,2581.3632916919364,18.0,347.7136914291077
1145,1815.0906651549708,1413.9504359561327,19.0,347.51162720872975
1146,2514.7363104499464,3674.233469449316,20.0,347.24392126523173
1147,2394.1791476935114,99.45157845450291,24.0,347.08192576831334
1148,2209.2930055280085,3766.1445709634504,19.0,346.9946726057368
1149,181.0967709530884,1716.6204201897501,17.0,346.8628904583251
1150,851.2163068781573,3578.8942950067544,19.0,346.6556935697024
1151,1464.9238852293813,1048.5148983404968,17.0,346.52380491114303
1152,2204.151676710636,2943.0144173676667,21.0,346.2852650488935
1153,1460.0055280107376,1330.8636920459742,21.0,346.25727252296974
1154,1026.8922247363842,1051.8025966537828,20.0,346.1245982511467
1155,380.6534253839308,2148.2765355962165,18.0,345.97848655253347
1156,3047.0669021327662,3475.9533132836436,20.0,345.7959411915183
1157,2586.123169096014,2801.086399289681,24.0,345.70312209980926
1158,2939.5056328250093,1459.8035424150928,18.0,345.54933829300654
1159,673.5608826337467,2312.2318978776766,18.0,345.41827732635204
1160,3465.9744977380155,910.5680829536154,20.0,345.17493896489566
1161,3308.471916459638,2588.539953868693,16.0,345.100555615702
1162,1386.8739161735757,3731.7014686158705,20.0,345.09188181853654
1163,2491.926055175291,716.3471088238822,18.0,345.03565691306744
1164,3597.2672685347384,2000.9088427768397,19.0,344.7298435369093
1165,3495.753789097599,2286.863896122533,19.0,344.5319093336832
1166,1472.7207489410832,1962.9343474626996,18.0,344.46470730631756
1167,3272.5879677332623,982.0915588663632,18.0,344.38840121413455
1168,2963.8248009769577,3603.8279908999616,19.0,344.1246513520625
1169,899.4907883153165,1424.5261817142082,16.0,343.8270985816321
1170,3014.8426128971,2850.3556650444984,19.0,343.59604612230515
1171,1212.8624489883296,3010.2035047111085,19.0,343.5084550521445
1172,1554.4382270456622,3077.580113544886,17.0,343.41952079211666
1173,2821.738879035558,3514.3223714745254,19.0,343.40389211829887
1174,3334.720716411177,3550.860116768435,19.0,343.25341457989276
1175,2513.7005680977218,2784.33022814473,19.0,342.92471087849447
1176,934.3392294955738,2575.2879354091233,20.0,342.9072692823647
1177,3451.5631178811914,2842.120034457573,18.0,342.8977234101531
1178,3327.103955167809,3361.3793002467773,18.0,342.86270537368966
1179,2633.9403443971255,3688.6480701136916,19.0,342.461776892781
1180,1547.2260264815973,3146.1852589785085,19.0,342.4196003697162
1181,1421.637960509995,1589.7647228816531,17.0,342.3573877177502
1182,262.2464367918811,1453.400168868013,20.0,342.23056095755396
1183,3739.4501245963356,1841.1436816378005,17.0,342.1487184460078
1184,3030.3849333275166,3280.7903749981183,19.0,342.1090653899745
1185,2645.247025609841,584.5906314545068,17.0,342.01292337774186
1186,2725.8811972704384,914.5322057638856,17.0,341.8610382457455
1187,2727.9017356498193,785.4859336747204,17.0,341.81180885614344
1188,281.4619119759236,1640.6897646078528,18.0,341.7781119710776
1189,194.13706182213832,2536.8111437009125,19.0,341.72456503628274
1190,736.1573681635607,3495.1638829534136,21.0,341.47593199125254
1191,3313.0474984181433,3229.9345304478684,21.0,341.3472031949977
1192,2413.187073697738,1784.4812420871683,17.0,341.25038249333335
1193,2778.559598459331,2542.2878227916617,18.0,341.0617339399075
1194,551.1761343079179,874.0044758487421,23.0,341.02037771198155
1195,977.7319386273819,2315.0646658431406,18.0,340.520438041034
1196,3212.846075946113,931.4025966744359,17.0,340.49620175981204
1197,1851.294468546817,3117.1978915090162,19.0,340.0645165785291
1198,1234.8293845200485,888.3211340767433,20.0,339.9175017481657
1199,2523.7473001625012,3169.0861582394273,20.0,339.8563619223037
1200,3820.3943275794,2148.5760349286143,25.0,339.8027958187983
1201,2009.0467560060572,478.7886137669949,19.0,338.8762701423255
1202,2822.7796580246472,286.26679123848635,19.0,338.7305302108173
1203,2549.0340348868463,1467.8358301647318,21.0,338.2556386557479
1204,2720.3583074008825,2013.1107412294969,18.0,337.897133556719
1205,879.914689437799,2128.228037793029,19.0,337.5930872152455
1206,666.9909684254333,885.7899050407565,20.0,337.5183635818982
1207,837.0709198477796,1395.5589469659508,16.0,337.4034705127725
1208,1819.4929937210013,2434.0175338571357,16.0,337.1696155749806
1209,2256.2189437816874,2457.4075607301284,17.0,336.84794946647105
1210,3543.1703625889277,2598.722555113322,19.0,336.76830825696084
1211,4018.486370828521,1873.83480235841,18.0,336.7143391875902
1212,1854.0443952570545,181.2713745171703,19.0,336.6748629063756
1213,1492.9102248560785,2702.5494349590927,17.0,336.5839495265083
1214,2480.7218129201397,1890.906475036663,23.0,336.27871391703206
1215,1124.1691285395698,1994.643478965861,18.0,336.1398860170167
1216,672.9061870471126,2726.0692100501083,20.0,336.02239841871375
1217,1354.3324959281997,3272.4877725032034,18.0,335.85493993821376
1218,2237.7133442262098,3129.7023643120815,19.0,335.46689601613195
1219,2225.8175769438885,355.12082140424576,21.0,335.4497082178788
1220,2770.586327847654,2170.394637673927,16.0,335.29064143778857
1221,2540.4416649894924,1844.671526505103,17.0,334.8930605831877
1222,3206.375983687263,541.9291700377753,18.0,334.7088314666941
1223,1042.7662509001464,2078.035042501611,19.0,334.58740823685645
1224,2881.122958656599,1301.645396553859,18.0,334.4640905392927
1225,2607.611148294827,3410.800941724167,22.0,334.3737547438907
1226,3766.0376167854997,2647.6921738795045,20.0,334.2891952376511
1227,2999.4296832174173,1797.3049191005343,21.0,334.0389464261172
1228,1753.6098151733627,1266.7963414502483,18.0,333.8023067211349
1229,2604.0291579324216,828.5578757149284,17.0,333.6443405035404
1230,2698.4799243657503,392.2242352222106,17.0,333.542488116254
1231,981.2268191338089,3103.4042532804824,19.0,333.24848478796144
1232,1848.8470782564848,644.3629877666317,18.0,333.2285893359075
1233,3275.529791144625,2347.0038752446476,16.0,332.71389478237677
1234,3547.4982875785004,3237.7637304660875,17.0,332.70025812818596
1235,1142.1290379974057,2908.885778860579,19.0,332.4241095816689
1236,1043.5714362125261,1837.308620585992,18.0,332.1959076886327
1237,2376.427840158871,1221.1908553057633,18.0,332.1309598075014
1238,3725.7231098367683,1652.5766249444973,19.0,332.05919081367307
1239,867.4939950009441,570.0277758168507,17.0,331.9707095211767
1240,740.0570144532659,2976.1416618013277,21.0,331.8344461553868
1241,720.7657920443369,2082.057172668949,18.0,331.49637889179434
1242,1026.392914226238,783.3459398601909,20.0,331.19564383876633
1243,1463.130827775377,546.7602719307376,19.0,331.1266477107026
1244,961.0229702513936,1322.2618317784782,18.0,331.09529792399184
1245,2051.288278552808,2622.086152797608,18.0,330.65142230291406
1246,3081.4166620107135,3253.2734433720734,17.0,330.6023532095261
1247,2181.5673262760447,787.1080422937193,19.0,330.57502386195097
1248,1518.6082158310235,1384.3409964787083,20.0,330.51200824305886
1249,3119.4752267421095,2596.4348251075526,16.0,330.49433205624024
1250,2559.725511064992,2815.789244050446,18.0,329.74856076935873
1251,622.331803152834,3200.2947420286137,18.0,329.48407896857805
1252,567.1810231195003,2906.286530585959,23.0,329.29651514675584
1253,2109.1110923274805,1344.642886429154,18.0,329.2349629349339
1254,3371.0488067172355,2639.6939257479257,19.0,329.2299647698585
1255,90.58827176502255,1916.3949652483855,18.0,329.01620718095
1256,1633.0822912485946,1080.565128787718,16.0,328.92400783665914
1257,2714.290256115205,3043.157981987873,18.0,328.8575493061942
1258,2519.026513226598,1051.3158628223907,19.0,328.61836113733904
1259,1264.0638567045219,3683.822016990439,20.0,328.61735183098466
1260,1919.9387098182995,3758.918512861704,21.0,328.18646402598137
1261,3964.9575207197136,1615.5737996350033,17.0,327.64349436022826
1262,2699.281132354425,2940.3682079801997,17.0,327.2478162553982
1263,2768.3613326823543,2788.087397762521,18.0,326.52878572116003
1264,1558.0542093232857,3937.4046323358207,18.0,326.36645240899156
1265,2733.6912545708583,1523.3079838755111,23.0,326.32643762629664
1266,3602.0238357780777,2915.4947564221843,23.0,326.19902767018766
1267,2961.114458752168,2113.641040057105,18.0,326.18941438681713
1268,1996.8518978482805,2486.3071957216157,17.0,325.7258932068636
1269,2305.573269066197,685.3407312181112,16.0,325.6124816400227
1270,3534.7446485285523,3171.8508252044035,18.0,325.5857950055972
1271,3917.2377616624103,1268.0129144108,19.0,324.407321713537
1272,918.4144183392133,838.9592213748678,17.0,324.20575940103856
1273,882.5188654077076,3666.3421774189014,17.0,323.7838630379887
1274,938.859349618779,558.4984795664868,17.0,323.4896676633182
1275,2203.1492009800304,762.0614014240957,20.0,323.2819981690193
1276,1071.6549241960806,3496.066096836634,20.0,323.27914001057593
1277,2002.1204618984234,2592.9425672742695,18.0,323.15227006569086
1278,2498.170165891265,3951.5167703628244,18.0,323.0909556597489
1279,1827.5243094703067,199.4547799364595,17.0,323.0561661039055
1280,1525.7779100686128,3739.714334843701,18.0,322.77194824761386
1281,2564.6792446776403,3741.1053884270455,17.0,322.6333482668602
1282,3161.151492255873,2766.9003450128253,20.0,322.5960327641516
1283,2936.832040701701,1079.9727216686158,21.0,322.5474523692313
1284,3670.0828339859218,2795.423415119353,18.0,322.5434671721864
1285,2868.6208304377374,2718.105189637624,17.0,322.2234765476891
1286,2857.025366197898,3322.845036373309,19.0,322.13028626791464
1287,527.1552294726648,945.8423893481869,20.0,322.01073639255264
1288,3070.309646317895,1605.3458132435312,18.0,321.9821014602636
1289,1445.9448448368985,752.4700097431424,16.0,321.94565132405666
1290,840.5728529612373,3342.9233953013545,17.0,321.7504797908991
1291,2794.4762704328414,1376.8337654119,17.0,321.71423737507723
1292,456.84548180607,2800.1575583239805,19.0,321.44835458583435
1293,3447.668561765816,1897.830852787952,18.0,321.2403006693589
1294,2089.9548210810176,3354.095757342336,21.0,321.1838128253246
1295,551.5236220924061,1898.7408586350834,18.0,321.16891862744654
1296,4025.58624147947,1980.7648110725052,17.0,321.0647223622825
1297,1262.2024577990521,2295.133819839904,19.0,321.0302489718744
1298,2175.7703101319603,495.87757252861235,19.0,320.9681108879261
1299,1182.1067226892728,1743.1356987219167,20.0,320.4622541159088
1300,2858.2956569723283,419.2637579786295,17.0,320.4571633883984
1301,1162.7583929933824,1183.2407055865185,18.0,320.44102383617457
1302,3131.719013312955,1250.6873609865845,18.0,320.3937854644541
1303,370.8399539552924,2832.4821143661607,17.0,320.29599458653337
1304,2009.6644976007547,1005.8385906524252,18.0,320.15084124500777
1305,2378.0686037114656,3775.6500410563185,22.0,319.91926581932546
1306,2476.6827630535886,298.01200789363577,18.0,319.7889448735481
1307,1951.3515433017901,3487.466816226541,18.0,319.6771807190829
1308,1891.9482493412916,827.6977198607699,18.0,319.6180391430859
1309,1246.5502774096685,1710.5387462390581,16.0,319.5163777021463
1310,2991.731375675319,1214.6750940998045,18.0,319.2096552928877
1311,3578.7629742207937,2183.5152857776043,17.0,318.8732714587223
1312,2683.733073745972,309.0366795966201,18.0,318.74693213121685
1313,1371.7224001930354,2710.856102689445,20.0,318.41373693299226
1314,2767.886630185315,1910.6878844803289,18.0,318.36017971774424
1315,2980.98334877871,2614.3876794021417,16.0,318.09724738710685
1316,3275.5648962309842,1942.9472895668182,16.0,317.7206199462861
1317,762.8033414196426,2468.3275262277066,18.0,316.75763019007627
1318,1393.1605166990519,1596.8744115158586,19.0,316.37429221683124
1319,2111.763240115959,3337.379100920451,18.0,316.28572735072055
1320,2931.387431128071,657.8534756047901,17.0,316.27580839722026
1321,1727.0455897578875,1783.1943223464882,20.0,316.22576295178834
1322,3856.1825864898105,2053.1212538623495,18.0,316.19586549831536
1323,1459.186051867324,1474.9180378290941,19.0,316.1092710254287
1324,4009.8123931959467,1945.1854382684326,18.0,315.9767630498008
1325,2856.456597234447,2833.2899860161665,17.0,315.54441912811774
1326,1484.4452905915675,3158.563851263403,16.0,315.39048771020555
1327,2933.4115203515453,2301.102739294905,17.0,315.1236428350589
1328,2671.009884650998,1105.1185545065246,20.0,315.12117499698115
1329,1870.6029278214767,532.4843671109836,17.0,315.08939768942037
1330,1345.232713727087,893.2532773461099,18.0,314.61510170502015
1331,2671.016746514948,1826.515573277091,16.0,314.5720326872106
1332,2861.2410563028557,2704.6395648502885,18.0,314.50473906829717
1333,2981.3475467122694,575.5474391215281,17.0,314.358268950508
1334,1004.8644709372871,2253.212840131382,19.0,314.289753248883
1335,3426.4250289590486,2942.718513945853,17.0,314.03175962243836
1336,1564.073018611909,904.3669428184071,17.0,313.9196564665739
1337,3294.872129067304,3408.4229449432355,17.0,313.590489134995
1338,2104.8143105251916,947.715253138283,18.0,313.56938517568983
1339,1319.8847326397176,2044.5475022898659,16.0,313.1656321243049
1340,825.3921264326523,1656.7181360595343,17.0,312.9444562482247
1341,1749.067369858106,1422.334244547823,18.0,312.35411652434937
1342,3055.9167473184366,1465.2836718540998,18.0,312.115323802027
1343,906.682509248682,3159.145851493848,18.0,312.0649582343881
1344,207.6684943859675,1675.1551135305801,17.0,312.05479215160244
1345,651.037220392263,2173.9295984094842,21.0,311.26407503491475
1346,465.715409302065,2181.821047487119,18.0,311.17504314800874
1347,3393.967874492136,2643.075919560069,20.0,310.95484519680366
1348,3054.156716386242,3018.3234243398188,18.0,310.9439381467089
1349,1263.5579478804455,886.2289264200562,18.0,310.8682219663938
1350,2190.9010312186156,2628.5361598528375,17.0,310.7099314521068
1351,3391.344250399582,2530.8862040592608,18.0,310.6095799457266
1352,3002.0334882917105,1067.3400607254432,16.0,310.5340924332865
1353,3435.154465429892,3273.1533511450475,19.0,309.9478942884765
1354,3213.8682737876243,816.5621922731227,16.0,309.8902381855528
1355,245.28209639161074,2365.4480914190012,17.0,309.6806592038523
1356,2660.9444807275313,3863.2818280946094,19.0,309.6515956613316
1357,2929.151555122762,3813.9512481346605,19.0,309.2832911508502
1358,3803.4061444825975,2594.2438082870126,22.0,309.22724385917047
1359,2883.8744536061586,495.3028133786512,21.0,308.9127192078131
1360,836.5432859481803,3384.3653715817372,16.0,308.6589030288457
1361,2597.892952150482,2259.025413461514,21.0,308.47229449160835
1362,3196.827377216911,1536.5687482531212,17.0,308.41604206269074
1363,3107.1131543884576,1512.1124639818518,21.0,308.36923834924056
1364,3123.248555429245,1556.2237911473428,17.0,308.25750779471247
1365,3729.7966179695463,2330.451605483446,16.0,308.16458332792126
1366,3151.75727872223,891.9595952473275,18.0,307.86721984094737
1367,2611.7885648601837,2141.876847232486,18.0,307.6605968658158
1368,1500.932732306189,2975.517785854222,16.0,307.626935445127
1369,2009.181338792125,2458.222701144867,18.0,307.5139619431611
1370,3272.439165287518,3151.8582625190784,17.0,307.47441289198974
1371,1120.0742261186376,3190.119868898062,19.0,307.30433586366496
1372,992.114397878434,2505.9842087214847,21.0,307.1818154792652
1373,2870.575987399274,3866.342373319187,16.0,306.85736829385115
1374,900.6586580375791,3055.1773181509107,18.0,306.8400377564737
1375,2153.2984138429874,153.68942994652562,17.0,306.76251760010666
1376,1592.5083483321646,2551.9736303013296,16.0,306.580388505286
1377,2834.296723070858,2638.0004196663435,17.0,306.500804856257
1378,3676.459661017713,1825.8474320552702,17.0,306.0249175590908
1379,548.822908746806,2588.8081206454845,20.0,305.9976626906
1380,1795.4844917005214,3015.2780079647646,16.0,305.7734644570488
1381,2690.721539252962,1325.9057837685714,18.0,305.7538079553909
1382,918.9283412347085,1454.4607210403594,16.0,305.6054533022703
1383,1645.392834671923,951.0756985683574,18.0,305.5684872879512
1384,1653.505743647054,1921.8989797113165,16.0,305.29093025354706
1385,3484.1958116599358,2505.1117811772083,18.0,305.2429132922842
1386,1631.1599001184861,1144.182087096846,18.0,305.22548296111114
1387,533.2030914451973,975.0368659231127,19.0,305.06752315368965
1388,2235.589201539674,3629.903904792845,18.0,305.01234835255565
1389,2763.222683679838,1841.2208756366151,19.0,304.9883209864947
1390,1418.3257299838015,2212.4002047355666,17.0,304.72841584976646
1391,1505.7631079283835,2055.752522359282,17.0,304.6221262472071
1392,2700.6543200057977,868.0458954022748,17.0,304.61140509532834
1393,2278.848952297036,3744.317875478523,17.0,304.3984013835649
1394,2034.2512053204382,318.6817301763239,17.0,304.29894492675425
1395,2892.6181302117534,3154.635468308068,15.0,304.29119614317017
1396,2430.1762091660917,524.0670363661316,19.0,304.04134431899627
1397,3369.099971766943,1033.0141925844594,19.0,303.94641278624186
1398,1728.7240225510477,2421.7677427872686,17.0,303.83886216677536
1399,3787.451259660865,1390.4381901237364,17.0,303.79568874077194
1400,368.2323852597109,1448.627550527695,18.0,303.56844509079957
1401,1250.086916034943,850.8275485462552,20.0,303.55109985839505
1402,1021.0047069326762,3584.6856179818287,17.0,303.4702986019638
1403,2446.4997791205246,2446.6230010273925,16.0,302.99345148736467
1404,3010.420800383866,3385.4082690129794,15.0,302.9901796839669
1405,1576.7059615547244,384.3871719948395,16.0,302.53250703082995
1406,2032.1149505840847,2505.9372440712677,18.0,302.4451494685866
1407,3021.5775529976972,3241.8312929577933,17.0,302.27554898563324
1408,1256.0252769817293,2520.616043858579,16.0,302.11510067265317
1409,1964.3729007964992,732.4891479120928,16.0,301.9547184929069
1410,241.7261873913259,1723.0938544856529,17.0,301.8792370445315
1411,2209.979173774843,1596.9402433198366,21.0,301.8259001582956
1412,1431.6092195531223,954.1161303400478,18.0,301.6835949081198
1413,3710.987202266784,1267.2706074166158,19.0,301.23444710664376
1414,3837.1701330608157,1109.671242094899,18.0,301.15371770989253
1415,1896.513438419966,1037.9503756388046,16.0,301.08805682514975
1416,90.39273992399438,1862.7362780081608,17.0,301.08677572690027
1417,2949.5561206094508,3868.1258544861407,16.0,301.0824789938967
1418,3290.191726731647,2848.007934269718,19.0,300.48613340935185
1419,244.7729505220386,1904.4156514132173,18.0,300.47293675072433
1420,973.3772261550965,1160.5033940806677,16.0,300.4417778653216
1421,1583.1877816168965,3083.478719951493,18.0,300.3193169997568
1422,2187.7111297324514,1347.405311773334,18.0,300.1982134071532
1423,2310.2845835370154,1554.9328923621297,20.0,300.05412087499485
1424,822.1644018372674,3639.011897349018,19.0,300.0302905636315
1425,1779.4253547381768,2975.4554376748206,16.0,299.98396959530805
1426,3892.1096143315194,1883.3057667712199,17.0,299.8638537559047
1427,3426.1715771858994,1954.557731670449,17.0,299.8425391914226
1428,603.6187372065896,1985.1127504779777,16.0,299.52350166575167
1429,3774.498204404963,2999.023743098617,17.0,299.31900479683617
1430,3176.732149696395,3016.065549644674,17.0,299.2205557927063
1431,1738.685232479469,2986.071934577598,17.0,299.20395931406955
1432,98.75475378289067,2210.308864523379,17.0,299.1939781413373
1433,274.9570404959615,1402.4935929824924,16.0,299.06127568087345
1434,3445.5425938696576,1678.7431111873161,18.0,299.04818886024407
1435,1304.5047278146594,328.4205612791222,16.0,298.8920645214908
1436,1426.3940431053584,578.2783424243318,15.0,298.559436399406
1437,634.8149877274782,2470.1248481158864,18.0,298.4597635344539
1438,1705.6173805627643,2844.526706854264,16.0,298.41909476904965
1439,667.3586927055227,2207.7319512208605,17.0,298.3711256650544
1440,1327.2420326640004,1233.6166364723085,18.0,298.3621546410545
1441,1202.9766703190742,2853.368951668218,16.0,298.35431777248704
1442,1188.8734772473915,2055.496903774378,16.0,298.1865377621055
1443,1192.9100352886228,3480.921703071919,20.0,297.91597960594453
1444,1521.0660875602316,774.8767579010141,19.0,297.71207955423614
1445,2955.2481978374567,447.1239383976588,17.0,297.66564053535586
1446,1354.84832066214,374.0297537940995,18.0,297.60126381892877
1447,2251.76068418734,1034.4850486449293,17.0,297.0957857999244
1448,2637.8730512506263,1655.3284185264488,17.0,297.04504691101766
1449,4007.941519942919,2164.781553931977,19.0,296.99605970872375
1450,3263.4458441864103,793.8768243953155,17.0,296.87939045371024
1451,3670.4637991020973,1536.4478289170497,16.0,296.5038671169576
1452,2348.9826671191136,3431.290974245299,17.0,296.0087549075134
1453,636.0096645817111,1862.7285852828816,17.0,295.927568316925
1454,2611.77075562332,2554.6526397819935,16.0,295.84101374989933
1455,2245.2819243128606,1443.3000443005683,17.0,295.7942787301299
1456,2669.6441676851564,3721.741396290137,17.0,295.74434459845463
1457,2835.214281787598,458.3534025293002,17.0,295.61513956818226
1458,2497.982883078289,3758.859172528208,18.0,295.4012794733657
1459,1597.571818999477,2459.938267344633,16.0,295.3245849887871
1460,397.56205260227074,2411.14774454262,17.0,295.2769362269818
1461,2851.87102873132,1496.5766752869063,17.0,295.2080833955261
1462,615.9453159672718,1545.903163633763,19.0,295.0242415072227
1463,1851.886607652333,1496.5040566270397,16.0,294.7220974992773
1464,2772.0897798603078,1644.2559905477913,18.0,294.63214787632245
1465,978.4009657532492,3190.0960951097745,16.0,294.4940916293607
1466,848.2813756859256,852.7229029211695,16.0,294.45971186965323
1467,1827.5248078111501,3007.48999579294,16.0,294.31495513839207
1468,2310.443166261604,3054.268441102899,16.0,294.09298224431006
1469,2454.413513688173,3940.0712453508013,17.0,294.00883557976357
1470,2423.9318785884734,3553.384263625097,16.0,293.89754609893987
1471,844.8984469701678,2382.969949200878,19.0,293.54748819026184
1472,3050.6799036509033,2912.0617940693523,17.0,293.5319688062888
1473,3205.0152362331964,1999.4796979779417,16.0,293.3971275378366
1474,924.5912886948682,921.4744480251165,16.0,293.1068034609885
1475,263.19073729637984,1953.8965464349485,19.0,293.0320244329462
1476,1449.2378593873593,1723.790643664424,17.0,292.99431176135283
1477,2645.888915730701,3743.566020996711,17.0,292.8236695785343
1478,246.87217874849864,2755.645503152035,18.0,292.69021032315726
1479,340.81826067880644,1731.9144857722576,17.0,292.49891271665933
1480,3495.2140406830026,1001.377936724117,19.0,292.3887483919733
1481,506.43121100576315,897.0471368150457,17.0,292.28090149996933
1482,385.3626114080314,1621.3344952806087,17.0,292.23769750388084
1483,2226.5002724960777,3886.9847390315967,18.0,292.2259902235807
1484,2261.5503288730847,1624.9411375920201,19.0,292.201008970303
1485,2223.779803897078,3543.796776524755,19.0,292.1476115447004
1486,3034.5578286771847,594.6524775937123,16.0,291.76955348504003
1487,878.1993445061375,2864.0330148740727,17.0,291.74850554773485
1488,477.28362515578726,1656.4011059740012,15.0,291.7337444944457
1489,1558.814800376339,1302.245549931791,18.0,291.7274692449265
1490,3809.416786061005,2539.5181037895336,16.0,291.5014292982264
1491,810.590578731422,2669.6827264086055,16.0,291.3555246485196
1492,2159.1793532767033,656.3101349500691,17.0,291.27800675896475
1493,1125.3439736639475,2611.7131545739758,16.0,291.2199485240946
1494,1032.4203191233128,2032.7835053301606,18.0,291.1422914755828
1495,1289.1129932973201,2665.698268953711,18.0,291.1377818538853
1496,3197.431778905933,2941.344829364511,15.0,290.8571720020334
1497,1517.5125770721954,3140.9434406725654,16.0,290.73874922756414
1498,1570.9784236225541,2884.846306078555,19.0,290.2193538487056
1499,507.41855385040355,1390.08697640047,17.0,290.16958291114736
1500,1081.8695643881001,3690.0653921017706,19.0,290.12968484593273
1501,1485.5710099356693,586.6374406208057,15.0,290.05218315044533
1502,2366.213562818073,3477.37377160103,17.0,289.97171650795156
1503,3214.661882989788,3391.307055228448,17.0,289.6917430509121
1504,3509.409300316068,2065.44017670607,16.0,289.5652824484372
1505,1474.5788835782732,1479.7665893166698,17.0,289.53548319406644
1506,1924.2418449655443,2636.74155884223,19.0,289.37498715556586
1507,96.73189559603247,2041.091916772326,18.0,289.2040276581001
1508,3494.3114286618406,1335.7925160408772,17.0,289.1732098977198
1509,527.3997137276515,1007.3988015395599,16.0,289.0559341878726
1510,1301.0714128427182,3672.148889450295,19.0,288.8495834427933
1511,1345.6906614215968,290.1098945691711,17.0,288.8474702742873
1512,2770.127847744897,263.67024739711127,17.0,288.7188143938387
1513,3873.3223941821416,2745.5218241408,16.0,288.64363368097406
1514,3124.0516967474173,2884.9776150553416,21.0,288.5258666336604
1515,2607.0378909814854,2648.8470697023126,18.0,288.505896368706
1516,1423.4351581046728,1908.9803078614536,16.0,288.4892167220807
1517,1957.9427964168692,408.2265305059879,17.0,288.1858344749124
1518,1115.039707782375,2965.9825406833056,19.0,288.18267589905787
1519,636.7315062459942,2981.0553804288998,18.0,288.0647778360728
1520,2198.219803299008,464.4498329863471,17.0,288.00752039247425
1521,2301.2147562187592,833.7318161575062,17.0,287.8861783122244
1522,199.1341612398395,2695.9908327625776,17.0,287.7575952037027
1523,571.7917917123178,749.7115563797837,17.0,287.74499898856243
1524,2627.5791649472258,3648.527176036476,16.0,287.67079109384264
1525,3184.137294586478,3570.400361620769,17.0,287.65335473705454
1526,3401.2788421644323,1064.31583785445,16.0,287.62011298875007
1527,3071.87973519245,2636.5147951679237,16.0,287.46778921647325
1528,654.0981613211337,3365.4777562591344,20.0,287.385911907037
1529,1263.5412264178012,2556.6080676544984,16.0,287.3484406576295
1530,3206.3498343188667,1786.4968955401046,16.0,287.29794540140733
1531,834.1635995289597,3170.1163928377478,17.0,287.18259874199293
1532,309.7931958694632,2092.4022174252245,17.0,287.08807127812753
1533,1502.0318334558838,1267.378332331617,21.0,287.086436262759
1534,2443.40576068386,3560.7132259304744,17.0,286.9802100818167
1535,2814.591634463189,2303.9161623897976,16.0,286.7765776853979
1536,1604.2001389331233,154.5417204394318,18.0,286.69146149837644
1537,571.3956165845586,1548.8841546282504,16.0,286.63621597540777
1538,1158.8206231646204,1212.6688361947229,17.0,286.55700889810055
1539,1502.4385012950881,3118.5107944953493,16.0,286.46094649009507
1540,2061.686627917691,1161.9590383288657,16.0,286.26632673886365
1541,3616.2470708997057,2655.0909297444578,17.0,286.2312695657722
1542,1500.3103007292837,2454.6491016786595,15.0,286.17605532279146
1543,3781.154425284641,2433.7081617250587,16.0,286.0328970176846
1544,1266.020725433191,1683.3930866387784,16.0,285.96199852240153
1545,3522.514412800399,1142.6382995900494,16.0,285.9511352289746
1546,1448.0364256941887,2866.830542243778,18.0,285.7502260795773
1547,775.2695964515375,2326.832979430104,20.0,285.48253440809606
1548,908.0624151781566,2192.4976497561706,16.0,285.4256543490948
1549,3566.064497361732,1249.6949787855676,18.0,285.3012890140777
1550,816.4723424316128,3254.949408010518,16.0,285.24578024413694
1551,1276.7356018069381,3100.7755988822596,17.0,285.02214648771456
1552,2293.5708285906403,2503.2599645650917,16.0,284.9513083054847
1553,511.67186526930465,2102.2044797093604,17.0,284.9230168189671
1554,2700.3706820888774,3557.889999464374,18.0,284.91418232252994
1555,2445.354193261651,672.5582773098267,16.0,284.66552373252455
1556,3728.4622269225933,2423.506290198861,16.0,284.6220954348422
1557,1407.3561016780561,3885.2015689527457,19.0,284.5839514092129
1558,2599.933410012481,2134.924147248683,19.0,284.53484851913635
1559,3599.0561786419285,1640.1175375927444,19.0,284.1855570262164
1560,2966.2266294798587,1953.1188254389883,17.0,284.1448536720386
1561,857.5528485669669,2488.042445750089,16.0,284.11515098226295
1562,2360.620993697432,2747.574941901954,17.0,283.78141537421794
1563,3559.8894350825913,1538.115769853192,19.0,283.4570815197579
1564,1676.6103674103745,1172.334549550969,17.0,283.4313976520961
1565,1164.228247402023,3432.031891777646,18.0,283.42686295197046
1566,642.8786997017548,1465.241615747472,16.0,283.38311530068347
1567,2328.8837087799766,2699.0583337358103,18.0,283.1942334061891
1568,2380.28560305395,313.2518669756734,16.0,283.09593027550375
1569,567.5760458495198,2605.1611533005466,17.0,283.0560545407918
1570,2120.1156813795424,3978.1993390847992,17.0,282.96387812425576
1571,3752.2308330084115,1652.3008163999007,19.0,282.92484280676695
1572,2522.5179164686783,2870.983094050947,16.0,282.5417964377773
1573,3640.2352881209986,2286.04818589156,17.0,282.4543882884807
1574,2152.904308907483,3905.7006707383944,17.0,282.37401264044314
1575,925.4459370950914,2022.5947625005733,16.0,282.33100212964706
1576,1436.9325553789429,527.0484753587007,21.0,282.14318600972376
1577,2997.140316023057,2707.558338953466,16.0,282.1311117112907
1578,1081.3587735063418,1430.66080602242,16.0,282.10374882931325
1579,2057.7521694129655,3782.7598418786083,17.0,282.08106987853057
1580,2583.8939065613094,1338.8940409196757,18.0,281.97198243212847
1581,1370.8362924401579,2120.1841201906986,17.0,281.6771197880042
1582,2042.6293981379295,633.5079629178729,16.0,281.5392435065722
1583,2905.390743395832,2635.2658790389223,16.0,281.399751708189
1584,1356.9311009726669,2572.6842095041534,17.0,281.2153334205958
1585,1193.6419491156985,2214.814267323298,16.0,281.2015849975667
1586,1879.0722167122817,3652.954345075885,23.0,281.1115892715016
1587,919.8705826119685,2403.649508043629,17.0,281.02924104352485
1588,1726.461251334204,3899.1813998331654,15.0,280.9928683644039
1589,1836.5090675033218,2642.8420301169936,15.0,280.78587958554124
1590,3559.771846609987,2641.1694560969204,17.0,280.3683115368978
1591,2614.121833066518,2004.0011005707654,17.0,280.15788241741404
1592,2866.370511150357,729.0492265105559,16.0,280.15559601130076
1593,1576.5589075941489,3132.6318864971186,16.0,280.0488153124521
1594,3015.1654659553037,3186.908874665418,16.0,279.9982248351307
1595,1478.3582044123866,2605.931436520734,16.0,279.92494273061243
1596,2640.503555657376,2382.614563792605,20.0,279.8669012628232
1597,1178.4660785657816,1280.5102546999435,16.0,279.8378187958982
1598,3174.0656612042626,655.127290337125,18.0,279.27918947118394
1599,2815.398168360883,1432.4322556576049,16.0,279.2592840257998
1600,2871.6448920640237,3242.1542727754986,16.0,279.1988823495381
1601,3538.261201228825,845.9472195752412,17.0,278.97130036087
1602,3163.884568804678,2646.449596181034,16.0,278.9108107291619
1603,1816.497068294686,1683.6219334655054,23.0,278.81777244975467
1604,2640.9081649223726,2852.887382888347,19.0,278.6373385455629
1605,745.1126612875005,1169.311370448356,17.0,278.5288090934405
1606,1812.1130119277252,3576.1457083508676,18.0,278.47232622552144
1607,3833.8414654121407,1962.1241625174791,17.0,278.4684488873037
1608,1059.524810753154,2016.952374650486,16.0,278.2337846031115
1609,2708.80908360393,3186.5980948748643,17.0,278.20942306665114
1610,707.0959199000332,3438.5380095250102,16.0,278.1529853370507
1611,346.5226022941587,2942.4289925709886,16.0,278.11923096346544
1612,2772.149979322447,684.265961820218,16.0,277.97784462916195
1613,266.0010900688788,2210.006633663927,20.0,277.3889636523405
1614,307.22166449414675,2572.0677701464747,18.0,277.21509818063123
1615,2942.8029218212505,841.438462242028,17.0,277.0735927941813
1616,899.1684465915725,3562.107477894135,16.0,276.96651838136336
1617,2158.4984778441935,3278.898274613124,16.0,276.8315354370111
1618,3062.3685300371476,1188.5373210341095,16.0,276.5760619827004
1619,2967.7089335148326,1119.5904535269062,17.0,276.57410850354177
1620,1668.7037646966714,703.6374428204809,17.0,276.4453672690557
1621,1166.7950371897805,1952.3668370604878,15.0,276.3153472422285
1622,491.8723036856656,1144.2585061548298,16.0,276.2813629777288
1623,2028.967114178756,3075.524233905914,16.0,276.27688762046944
1624,2356.0415062504308,355.5821277412785,16.0,276.1889587755272
1625,1901.2216162257175,1426.0804133292345,18.0,276.1772887515763
1626,3102.601743089325,2822.448113665875,20.0,275.90730296664265
1627,1765.0813175670348,630.1424653120866,18.0,275.5314367780338
1628,3389.7769605445033,812.8217650024113,17.0,275.36877208251667
1629,1635.8703111843552,2998.9878043024105,18.0,275.35462981245877
1630,2538.0594443114687,2894.8789803891214,18.0,275.3287292930238
1631,2668.697600061393,1176.4996841312056,17.0,275.2655456631979
1632,1044.9667949783102,3177.7221281345423,17.0,275.26513771962135
1633,3074.1400909411327,495.6587962268581,17.0,275.2240551118949
1634,3091.6979368952243,1060.1206145613196,18.0,275.0438449681252
1635,2161.923011092051,1497.7194341386735,17.0,275.0283040219069
1636,2212.1758050271787,3245.2965342333728,17.0,274.77790666490836
1637,2070.5676341419703,3438.8822635773317,16.0,274.5730777991729
1638,2831.990035187672,2711.469450915156,21.0,274.52573293752835
1639,2667.263781725186,3307.4716514665984,15.0,274.2459239946545
1640,1002.9662239734424,3246.8650978984797,18.0,274.2018652367683
1641,2597.1086143267516,2680.6942185242733,16.0,274.20181349053183
1642,1620.4746646005249,1938.803008297249,16.0,274.16659766963784
1643,2936.6800000492494,2991.3724490165177,15.0,274.0993926214516
1644,2914.940828875396,3645.5597889471082,16.0,274.0459089389622
1645,442.4219996576711,1144.2586756902367,15.0,274.0133073578473
1646,2987.039455444915,1262.6908039951093,17.0,273.98226453217774
1647,546.5485065338281,1874.432688516481,16.0,273.81429037172256
1648,3102.1994549881265,3440.7870204153255,17.0,273.70479917963723
1649,2263.2491391062763,1038.0095454630653,17.0,273.65004295877964
1650,3591.7128848916227,906.5873256817332,17.0,273.5411023187505
1651,3555.618090034024,2886.542216584001,15.0,273.50113676168195
1652,3215.6368144690096,557.8085535415904,17.0,273.45640861542523
1653,2239.5597811272723,1376.5103644741675,16.0,273.1053467209418
1654,2624.5818844074897,2843.5967889309236,16.0,272.9568342985413
1655,428.0771012175323,1594.7202221071564,16.0,272.6198082968238
1656,757.4702455031423,2962.250152360596,16.0,272.49957962737096
1657,2441.202285121675,325.09126887787704,18.0,272.2978985508816
1658,1739.564096622602,1187.72367754731,15.0,272.064823555202
1659,3013.0902764314087,3289.2777049427727,17.0,271.37603376092056
1660,2894.4456502886856,1957.11976702567,16.0,270.9568473376037
1661,1319.405368682167,719.680679202608,18.0,270.8396459353532
1662,2749.743993804721,3275.6444910891973,15.0,270.73568128833875
1663,1107.189482135479,1821.893426287496,18.0,270.72091659811406
1664,1046.9424219466125,2176.4163585265824,16.0,270.68501106079236
1665,3514.413974768766,1625.425275923491,16.0,270.58359750828305
1666,3745.5382113275423,1448.3423196142917,15.0,270.414327723186
1667,2503.4837440766296,1521.511010806861,16.0,270.3424324889835
1668,1362.779477376231,1788.0958638394695,19.0,270.3114985365205
1669,1687.1839889077683,486.6643146721655,17.0,270.198303313707
1670,1395.0733751164137,1080.599687649941,16.0,270.0800388333666
1671,2340.607249861473,3778.8175645507295,15.0,270.04718607837674
1672,3906.2630905939345,2383.521564254109,14.0,270.02466303120605
1673,881.2594212821036,636.3941156101151,15.0,269.94076308862174
1674,1527.887052011769,919.3836245777961,16.0,269.8100811484053
1675,2801.6240961684243,3827.2886001006777,14.0,269.7654075875057
1676,3158.9590563794136,1929.6580478300868,16.0,269.6125684010107
1677,902.548727572809,2629.3509705284464,15.0,269.51948123209087
1678,542.9404334084358,2605.656040645328,16.0,269.51310216761743
1679,2615.4918720212972,3623.1104512076076,16.0,269.42695517419367
1680,1607.9423777145464,988.8488389258433,18.0,269.3872536100088
1681,1603.6990861708255,644.5662742534524,15.0,269.32206692578484
1682,2744.5030716317674,2213.8357337871166,16.0,269.2700866250644
1683,844.7155671654147,2172.8947360543834,17.0,269.2445674554498
1684,2309.5217531685685,1680.993833406414,16.0,269.1983742889444
1685,293.6839629013917,2520.1828932788676,17.0,269.16015245119723
1686,3780.8430109185897,2527.5812164222275,14.0,269.07174855121116
1687,3481.919337782794,3063.1024693001273,17.0,269.06334959224506
1688,3612.2711240566273,3272.8794328193103,17.0,268.9566042637521
1689,810.056632236837,2913.6319442043737,16.0,268.66474014519025
1690,2779.603923964139,3136.2540190145187,14.0,268.1991767083137
1691,622.7696496865045,2353.204138871345,16.0,268.139499917185
1692,3461.5619085308804,3188.9108067060174,19.0,268.0924280997945
1693,1063.1557056566778,3331.3309675721116,16.0,267.7725572397443
1694,3157.5835147731477,1645.902464678222,16.0,267.7427962049245
1695,3112.6645621435,981.2538141934455,15.0,267.63334161967623
1696,3014.395663970053,839.6198572430261,15.0,267.49094453277075
1697,3329.250851103157,2270.172636690627,18.0,267.4297075557591
1698,2469.545114200717,1591.2326333576602,14.0,267.33519339183505
1699,456.5437363377647,2139.231172216669,16.0,267.2816010543207
1700,2986.1955185247516,2343.0425323455647,17.0,266.78716948143415
1701,3660.5421197186324,2205.4882010256047,16.0,266.7590080936919
1702,2915.8004808319624,1483.1259940793532,18.0,266.51565845371624
1703,3084.042723725533,3750.3403479042613,17.0,266.4727153134196
1704,1335.440234164327,362.19911030912255,14.0,266.3417254067776
1705,2327.1427387528784,3393.7393867631677,17.0,266.29665223642263
1706,1825.4787615944488,3444.8147467534277,16.0,266.22575932615365
1707,1243.9321053716112,3440.96417426929,19.0,266.074066883982
1708,819.0104958790527,3134.877647354479,19.0,266.0046173417971
1709,2961.9617102960087,1429.024969423299,17.0,265.9739620808489
1710,3653.981713862343,2384.9044650546552,16.0,265.9295486114356
1711,3355.191860452942,2032.4553739642226,15.0,265.70865318876184
1712,1600.089069803688,1240.2011993023218,18.0,265.6756984421401
1713,3306.861584867782,2739.620504556705,16.0,265.594188179083
1714,801.0638969774309,2032.227683091062,16.0,265.3177587323673
1715,1354.6488114708252,1883.496607441068,16.0,265.28759117524834
1716,1335.8710072804179,3562.4448017215605,16.0,264.91239920124195
1717,2977.125658421685,3199.688644033576,16.0,264.79333669799604
1718,1204.4718448083165,3605.664267420517,15.0,264.77768061654
1719,2740.093389041982,2247.6891150088018,15.0,264.77084521292574
1720,3283.0837268845034,1520.8425180581162,17.0,264.66206844261006
1721,3045.5519271885328,1822.8346453908941,15.0,264.65398926805466
1722,1155.2347431330581,1254.9724653923558,17.0,264.52894572611524
1723,2055.0978026975017,3017.1249683892947,18.0,264.2104133031238
1724,2403.5837615579235,3462.4265989408495,16.0,263.59508547232144
1725,1063.161867061602,3398.9134936801006,18.0,263.5784504221749
1726,830.7619715356583,3589.7883520181726,16.0,263.47669331229724
1727,2624.5503898817037,656.4618375744946,15.0,263.29616970581105
1728,1641.8643583280284,2053.594404755229,16.0,263.2937428623211
1729,3373.2869479422757,2063.4281070718725,14.0,263.2747307884681
1730,2583.4992812807654,3883.08764352507,15.0,263.21460642276014
1731,533.5350524514806,2226.465121730338,16.0,262.78474364251906
1732,3099.142360333256,1922.2860432030468,16.0,262.7829204189023
1733,1401.4368211526555,3574.7722708364154,14.0,262.64085574336883
1734,2762.1646326730947,1857.9339332952131,16.0,262.5938889138425
1735,980.088849866036,1498.1388694937525,18.0,262.1207317541079
1736,1056.9271255858096,2367.5790416601126,16.0,262.1200672451773
1737,443.7196834927572,1242.238471353457,16.0,261.6336625321149
1738,360.2977415512053,2977.9118807619993,18.0,261.41923221738614
1739,978.3004918606152,2941.476335932428,17.0,261.32966006021593
1740,2408.434339080609,1227.8732430479379,16.0,261.20469832516784
1741,1433.2752335909324,2811.360714328572,14.0,261.1136787632677
1742,3755.1823817508525,2589.9433277499647,16.0,261.0475276566073
1743,3608.4424001249768,2522.568853388464,16.0,261.01452212437783
1744,2953.4414841148778,1999.4125211766213,15.0,260.9600903131618
1745,2792.3398978136097,3640.2447255451802,17.0,260.74114538839285
1746,1522.4725266187006,3606.7485027283374,14.0,260.6721006693981
1747,1690.7522745020394,441.91849650799026,17.0,260.63285757521373
1748,1009.7168416987021,2724.847260304863,15.0,260.49080475186196
1749,2915.385303446909,2552.9071789146965,16.0,260.33232537910436
1750,1120.8332506564914,263.97420645826304,17.0,260.1963241859787
1751,692.1140333081795,785.9124548390483,16.0,260.1548533830475
1752,1496.1018623063571,2610.0615996124898,16.0,259.9538866447614
1753,1108.3539434603028,2166.2517148207257,15.0,259.93066012329757
1754,1026.3456234714536,1156.4718953870654,15.0,259.92941958431436
1755,1438.4121853507509,2548.790439189664,19.0,259.8557764582733
1756,2517.010461722488,2720.3218105490996,16.0,259.83806518889895
1757,1016.808284058322,3554.3044805649615,17.0,259.77957832071104
1758,197.73178271698117,2038.3812436725084,14.0,259.69746151982207
1759,649.758173053373,3263.1225614794944,17.0,259.6968409767626
1760,521.0245592203005,1176.5267229814954,16.0,259.6754622858252
1761,1663.7885688186454,833.9024318204852,17.0,259.424819334833
1762,3593.9700741227025,1275.896724605219,17.0,259.2395892329368
1763,611.030174331032,2085.2490067119475,17.0,259.19229915684775
1764,508.07589195702275,2940.2475048860492,16.0,259.0897670803087
1765,2383.9172232597284,2361.151264242873,18.0,259.0883863723299
1766,3417.7878615596765,1721.299907718322,17.0,258.9063224468286
1767,2784.766791574432,2247.649441728159,16.0,258.69570477798214
1768,1466.247571175313,3812.007454695836,17.0,258.57803399461085
1769,2365.0024781957823,503.68627265521945,16.0,258.3018209039261
1770,3891.857540252185,1507.8459177393408,16.0,258.036709514049
1771,835.3378029178594,767.3548487004667,15.0,257.9674230574647
1772,517.3953068588933,2042.0044316737194,16.0,257.91346853205386
1773,3123.5834784843196,2733.729708290968,15.0,257.87573715543726
1774,1952.068234816835,3258.010809293126,17.0,257.6124917477022
1775,4053.638439879703,1964.0030685181773,16.0,257.5856305812642
1776,2521.0240713410067,3111.7815074164964,17.0,257.28375936137024
1777,3008.435952344643,3572.660776127787,15.0,257.1684074861971
1778,2883.683551980873,3047.893163063952,16.0,257.0403272376869
1779,1931.68741411327,2971.053697622019,19.0,256.89554668779857
1780,3964.221040850991,1643.7709669553656,16.0,256.8785713858228
1781,2325.716684370919,1395.2873221932123,15.0,256.62559575157053
1782,3951.1614458392773,2418.890615887149,15.0,256.62504199521595
1783,3606.8139819383296,2786.057861252567,19.0,256.5090719060887
1784,2700.47910357502,564.350048669507,15.0,256.3872519793081
1785,2131.3479274299743,10.806347117915674,12.0,256.2419884037364
1786,3851.001244648877,2526.1912988291137,16.0,255.93242518084924
1787,1063.29399882892,3263.297359636121,15.0,255.93240645814453
1788,3900.672350126495,1360.4050351533324,15.0,255.87710928982486
1789,1986.411763431527,3715.777592362696,14.0,255.87391545828245
1790,1766.1507192860558,703.3719289140674,17.0,255.8561058407456
1791,629.0959802637578,1480.7814702348658,16.0,255.77326853753667
1792,1806.4178216963023,302.37605370060464,15.0,255.74321337857245
1793,740.7824708405576,2911.2397555573552,16.0,255.10111589165004
1794,1162.6401250192316,2377.9787695013392,16.0,255.09966493176483
1795,1076.689223876989,2932.6634963472334,14.0,255.00204243279103
1796,3018.292573949735,2053.576075048319,14.0,254.98645816427896
1797,3018.539374794324,2287.755065327848,14.0,254.9725630622518
1798,1703.949464399217,2407.495214498586,16.0,254.8891216321237
1799,2506.521832423187,3526.5256420804785,15.0,254.75267680949236
1800,2489.760369444282,3702.521449378708,15.0,254.72827640631
1801,241.82511003862592,1351.6638687556137,15.0,254.66732506803146
1802,1472.4436510780438,418.2450619003925,14.0,254.65476819262705
1803,1030.2501991456113,2569.6057792566785,16.0,254.25227093111386
1804,3186.1365793026634,2557.1535212833987,16.0,254.16999165204612
1805,3144.4321615722,3023.2003497616192,14.0,253.87959058193138
1806,2751.614037867708,410.5915835093639,16.0,253.73878639121975
1807,1368.6331325147016,383.7157910840356,15.0,253.7353854269405
1808,841.0298497032197,1183.6766191014867,16.0,253.5517487746876
1809,152.34170072071078,1718.2945958248713,17.0,253.48491857925475
1810,1890.6396115367897,4055.4550773089227,15.0,253.37258248244368
1811,2173.953001906759,3873.6284091758453,16.0,252.8236030787595
1812,1352.116409416974,1967.5809897857725,15.0,252.76969583741828
1813,1750.9788796997536,3410.3163843889565,16.0,252.65013217273824
1814,3664.208746049108,944.2920377172321,17.0,252.35739115339027
1815,1070.2655310898208,361.5811732849997,16.0,252.18559290689478
1816,3124.52553655988,2675.4457323574948,15.0,252.06758599359515
1817,3487.420640915043,1922.9844766320953,16.0,252.0223864470449
1818,2859.888377704609,3745.2470487864166,16.0,251.98591198570554
1819,3007.3686770057416,969.1031555099258,16.0,251.8927330755809
1820,2379.9952346015566,2299.936249638466,18.0,251.37851527441197
1821,743.3027204812581,1763.4652743654399,14.0,251.30703770976763
1822,2071.4124995959155,1197.5355687064614,15.0,251.12314469905533
1823,947.6352876587343,2432.259267127059,14.0,251.06080585771306
1824,1558.0897263144138,3819.0187958361894,15.0,251.0480940479279
1825,2412.6477442264854,3702.5294297014516,15.0,250.81823822855668
1826,1473.0654252228521,3532.725763347533,16.0,250.70136463377145
1827,240.16803268873258,2833.764502358737,16.0,250.60269218766663
1828,2649.9253215107246,2576.326275739505,16.0,249.6433262366596
1829,2001.330855108843,772.6265474269705,15.0,249.59490409091333
1830,1763.855142924036,944.6746651140675,16.0,249.5568138562029
1831,3412.1738644694788,1032.1824939306773,15.0,249.47795750904643
1832,1426.6450066348432,1162.7874512876867,14.0,249.42695709795163
1833,343.78180156882144,1053.348997405298,15.0,249.40979720298
1834,2788.683756397226,3299.043411506241,17.0,249.40720583514292
1835,2998.2147990397525,3529.3009503514763,17.0,249.39277710744133
1836,2563.933099759085,2271.2190988498223,15.0,249.2937791302824
1837,892.2603691903762,2331.1228705133917,16.0,249.1281236423426
1838,3094.8565374418813,1712.9251712732257,16.0,249.0003705273822
1839,3264.4389753593628,850.4406223312803,16.0,248.9658246451419
1840,1131.6599834809283,2761.45371361821,15.0,248.92513755920737
1841,2216.9716332070852,522.0552550723269,16.0,248.7492956124222
1842,1095.0568021663412,1040.871111392666,16.0,248.64475931343574
1843,2105.228968732829,592.1271876806047,16.0,248.50133991934553
1844,2995.936786020552,1180.556027785369,16.0,248.3026069123851
1845,3638.824550981221,1647.4414354333278,16.0,248.2991507944647
1846,3004.6609096816674,1391.674462124959,17.0,248.28435986821447
1847,1118.183135555833,2495.6180425009043,15.0,248.19759746602543
1848,1473.5434169011849,3466.3552231897975,15.0,248.1247906870793
1849,2084.7784950597024,77.98533851016464,16.0,247.98868045584595
1850,1377.7200412907323,2168.0941009063304,16.0,247.93613470281343
1851,3755.708256826938,2100.497707656623,14.0,247.69681387800563
1852,2488.803519148695,3060.1309355647013,16.0,247.6917635274017
1853,2009.6089250912526,2907.932580366609,16.0,247.6650324574564
1854,2328.545569494304,527.576031029355,15.0,247.48863905307985
1855,2075.088978562185,1353.205901694431,17.0,247.4828888952036
1856,542.2256165699695,1783.0355087783075,16.0,247.4116246495202
1857,424.8953998543804,1913.0192848806398,17.0,247.35214106011574
1858,1880.7038862080556,3982.485365158143,15.0,247.2938219960972
1859,1184.0004449010967,2324.285453278171,15.0,247.27032735965122
1860,598.4350925013935,1616.9162372963272,16.0,247.2034039920949
1861,1379.6941956179708,1315.6119464510157,15.0,247.0269761184367
1862,1440.3814939635836,2772.400738543995,15.0,247.01204360586024
1863,3405.2662353014093,940.0918135341473,16.0,246.99282331592522
1864,2589.4775602946825,3679.3406653778134,15.0,246.95042238729755
1865,1282.2850086218377,2525.276226206319,15.0,246.7950447836156
1866,309.17343115616995,1225.4896828479248,15.0,246.61230671269507
1867,2321.879372446541,1344.0695155494784,15.0,246.53595643517866
1868,2415.1710913408515,2554.169656298442,16.0,246.385917203141
1869,2799.8814875991643,1708.2987424400244,15.0,246.31345425733025
1870,3495.532520870133,2879.8832030717854,15.0,246.26486106075248
1871,1898.0816735608967,3273.841442507701,17.0,246.09782259440772
1872,2544.48997623606,2734.4689497947306,16.0,245.9725310987955
1873,1222.1811698191495,3344.386598106977,15.0,245.82320021890996
1874,3112.177514323117,3126.562267625108,17.0,245.69030690903918
1875,1678.444067601375,378.42316878674785,15.0,245.66863830646992
1876,698.0333053183347,3295.6769780212376,16.0,245.65110984867206
1877,3426.4082050804836,2165.6057189616854,15.0,245.36913943814497
1878,2200.8190256051953,3418.834081172597,16.0,245.35230702415788
1879,3257.058742210146,618.3690774971479,16.0,245.14890246527258
1880,493.3385234416357,2610.5522479939905,15.0,245.10631300816092
1881,183.2983988399977,2161.181221025787,15.0,245.00823907649374
1882,353.1398279466476,1472.7610508011921,15.0,245.00732693205876
1883,3309.657564311153,2031.7511273727455,14.0,244.9566516005611
1884,3696.4968344932818,1408.395471864813,16.0,244.9512202993443
1885,2703.5818635662517,2913.672510856061,15.0,244.8493213987437
1886,1864.0046326186723,2563.2348931426254,17.0,244.69178876791744
1887,2687.943558103835,2895.905385183897,16.0,244.3512022624425
1888,2267.792031261424,3101.4397655958874,15.0,244.10611427725945
1889,2127.504138954854,2538.8906395004647,19.0,244.06530824303283
1890,1489.3607710426513,1854.1598989999347,16.0,244.02102710861038
1891,1865.723064709302,2533.50924900598,18.0,243.80824379684304
1892,3428.7871854177283,1618.777022845602,15.0,243.65380005424734
1893,516.9028611783917,2676.9696359950085,16.0,243.51541287519882
1894,1804.8835646107361,796.3809343630046,15.0,243.48602328471
1895,1186.6167111414572,1058.4594710951376,15.0,243.45153902153933
1896,2480.248152504558,179.6691010870098,15.0,243.37341090633953
1897,3023.7547074128743,776.1124991531788,15.0,243.20604394793241
1898,3163.609664782951,3293.346720847806,13.0,243.18699600914746
1899,1743.8642529175495,3630.644631098983,15.0,243.13625216048982
1900,1734.9152534909745,2348.4240702982684,15.0,243.05250667325006
1901,787.3681035326074,3027.062044833345,15.0,242.9483485002989
1902,142.00640104060005,1989.829253297654,15.0,242.94284800546924
1903,2842.8717595556786,1396.506912056945,16.0,242.9329263466909
1904,1004.0680772430089,1517.1079919387844,17.0,242.80989320625974
1905,2113.6503152807295,1291.7069529521964,15.0,242.78029230285645
1906,1303.571811460221,1306.3886516534676,15.0,242.7335478203673
1907,2938.075907034068,661.8169384692767,16.0,242.52169060228047
1908,1940.4331144391945,2744.353089800886,14.0,242.23658834310146
1909,1376.0876686083466,908.6403836583146,16.0,242.16213906840858
1910,470.7795029617178,1811.767298212015,15.0,242.0925407693285
1911,1377.9705200204994,2545.951958773783,14.0,242.09061166657997
1912,2160.7416378663747,732.2479313007354,14.0,242.06109919085034
1913,2596.7183715766696,3336.2238749670196,14.0,241.91015376692891
1914,647.507266164784,1781.494513446422,16.0,241.8766788004777
1915,2951.669385195453,2146.9461481004582,16.0,241.73659699302948
1916,3603.977656103839,1477.3248679111648,16.0,241.5940640303064
1917,2932.0427572149533,3212.706198537628,15.0,241.48155871278686
1918,1327.5520934494762,2866.2369535478088,14.0,241.4137697229673
1919,732.7637849183704,3153.022854770469,16.0,241.37214206612512
1920,1849.0319250201107,889.2527346112295,16.0,241.3372644854004
1921,796.4743997911888,1614.3529209817805,14.0,241.17192781656115
1922,587.0011152481443,3122.5206546091667,16.0,241.06425790306508
1923,3403.3953901623345,1120.0731359151066,16.0,241.01487533173562
1924,3230.0562091528873,2408.080186906862,15.0,241.00815858456787
1925,2758.9916011830273,3565.9872308628364,15.0,240.6972355479259
1926,1584.6814385854727,2839.106366614795,15.0,240.67777028042883
1927,3016.2655292387467,703.2528551635493,15.0,240.63182509745383
1928,3014.712210786859,1558.1217884034768,15.0,240.52679383653728
1929,3152.7934298463056,2197.16495930745,15.0,240.5090045901047
1930,1013.3056783669748,1941.571679348075,14.0,240.45342445749765
1931,2842.181877493068,2287.1566172605385,16.0,240.37006872901947
1932,1423.586756977288,2685.4878928009643,14.0,240.34839606719413
1933,1368.445170319654,3161.132293160551,16.0,240.3223783865324
1934,465.2704606669262,2710.6959858399264,14.0,240.30405614946733
1935,3348.1202430395365,1451.015868477559,16.0,240.20205677835287
1936,3820.296845676063,2019.4200628963413,14.0,240.06922340491514
1937,2829.9868081131,2977.754165536489,15.0,239.93464734187762
1938,1958.2445060492498,3526.176560970986,16.0,239.78351619744373
1939,3027.0010623000285,1493.6419126651917,16.0,239.7193958601346
1940,3220.634894129903,1164.9763955041471,16.0,239.7160677543429
1941,1071.4494286394636,2668.7898337182105,14.0,239.70647051489084
1942,1867.3946812628733,2639.4262401687924,14.0,239.7039033383667
1943,1627.6275415694308,3773.50909176087,15.0,239.69473803637285
1944,1612.1835081349586,3933.2281656681075,14.0,239.67165467960842
1945,2484.7697545764636,2322.295417005023,18.0,239.64627924775246
1946,1975.7985694064141,1010.4483475007864,15.0,239.64273597972286
1947,3461.0261550262267,2030.0569208440086,15.0,239.60405845713126
1948,3053.3427011471313,3045.040930260434,16.0,239.5389598943749
1949,427.18331795639693,2215.9008019822995,16.0,239.47903473234706
1950,2015.3566453100254,877.7318351861968,14.0,239.37699565130765
1951,3401.5668213319477,1763.6521563322515,17.0,239.33823831839328
1952,1833.5249502554746,3662.4853316567446,16.0,239.29398166593654
1953,2271.661352855254,3136.6980456742203,15.0,239.29041022851104
1954,2224.783882277255,2820.222586556987,15.0,238.94160848290383
1955,2665.046351099974,3667.2333466774517,16.0,238.9337977808035
1956,3322.8679717248497,939.0763348125377,17.0,238.49093743122663
1957,1917.914426086226,79.72047403438789,16.0,238.43423801565933
1958,673.1397970624334,2380.49186613696,14.0,238.2500078746317
1959,3261.8461905782806,958.7523731286485,15.0,238.14386614926974
1960,3068.9336288083123,3412.143251330542,16.0,238.13799657445958
1961,62.681234843838176,2117.1726445624204,16.0,238.07076194941587
1962,2965.5474239216537,1659.044992358531,16.0,237.97824047684347
1963,1848.8318895318139,80.91852937203059,15.0,237.87119578740723
1964,1268.8353708790316,2480.807134016104,14.0,237.86464829275656
1965,534.3373653758113,2364.372036354419,15.0,237.8611795937063
1966,3879.025722216364,1359.913732049842,16.0,237.8019482120461
1967,1717.3825354907638,3224.2075184670616,14.0,237.78298678955898
1968,2221.930672032289,3941.1581105006117,15.0,237.77289350224876
1969,3034.746685634726,316.50944996507843,14.0,237.73847768280166
1970,1643.2986050302673,2786.244471509647,14.0,237.63698007110452
1971,715.1451645326605,2276.781584478999,15.0,237.53267678724313
1972,1270.436754336721,3319.5590844017615,15.0,237.5078138457762
1973,3252.848566385261,3014.1597633004826,14.0,237.4846340152009
1974,1392.342680277637,639.240041806391,14.0,237.46216683863733
1975,3100.8855493509127,2477.9832964879374,15.0,237.45055502082676
1976,2747.036868447229,1981.099402131338,15.0,237.43425762621843
1977,1176.9029482702804,3547.45228316446,16.0,237.3737346401847
1978,869.5153386083226,2278.215801361743,14.0,237.3483575379679
1979,3012.307615505366,3046.8583017207575,15.0,237.33895347137977
1980,1654.535285098028,669.3260967475808,14.0,237.3077170488383
1981,2959.483076757563,1855.73096971976,14.0,237.25892908166753
1982,3762.0465129944764,3059.5134183326713,15.0,237.2226270969393
1983,2005.9102445612787,3212.07785909515,16.0,237.1430218194439
1984,2348.7473476071764,2545.2068361786905,14.0,237.06587679627978
1985,3804.598485053995,1618.4679388522902,15.0,236.9058797310286
1986,3811.087608683073,2503.2870622585433,15.0,236.80404107853082
1987,2805.988962536725,3556.5419364257723,16.0,236.7527311909416
1988,2352.358547097153,3642.846637798576,14.0,236.3876232778914
1989,3485.3159256001204,1546.5337708402467,14.0,236.21152703456275
1990,601.1277650153834,1466.587566140208,17.0,235.98666722859383
1991,1318.498714560394,3264.644292167847,14.0,235.96517403698994
1992,3573.5843932552443,1185.7327593802668,14.0,235.93190930419908
1993,2435.7517994698665,3398.3491746597037,14.0,235.81430209470525
1994,2123.3550538891964,646.7825368963618,14.0,235.77896719150726
1995,1674.3112243749151,141.2341441870964,15.0,235.73088608329925
1996,2314.6213771474545,3358.8138134968426,14.0,235.6161735172116
1997,676.7171465878787,714.2668050181964,13.0,235.60753984209612
1998,1205.9891520301976,3421.0838121976026,15.0,235.60531834668544
1999,3222.3015047529702,747.7618656753787,15.0,235.5110925265973
2000,2831.4396608041243,2336.7493791390557,14.0,235.24184198442705
2001,1131.4875284005925,1437.273240608148,14.0,235.22442824538243
2002,823.0443707740283,1421.4825340583905,15.0,235.2222161345469
2003,2978.6446862856683,2225.3870234239016,14.0,235.1611940296448
2004,3053.434723889654,339.64016741756205,15.0,235.0433115397494
2005,2486.43080395813,2601.6029638101795,14.0,234.96112319519483
2006,2303.9359681871747,3970.3471685110017,16.0,234.8958924933696
2007,561.7227655013235,1934.7665765825427,15.0,234.85743772283695
2008,2888.5481138379837,1386.300546828363,14.0,234.83822540797186
2009,1712.58534174485,588.647392942147,15.0,234.67537422947754
2010,2473.114629438806,2051.0788606955184,13.0,234.61990191830475
2011,3155.148397203987,3402.5165045705257,14.0,234.55727425738965
2012,1582.1792494651736,2568.1800635216105,14.0,234.53408873140472
2013,268.2443713658851,1168.767107294638,14.0,234.53268034164697
2014,1999.5321876034789,3974.5575633587337,14.0,234.52282642024852
2015,1248.4522782561082,1375.414631173954,15.0,234.50279220540523
2016,2642.501041541494,3314.9465130236813,15.0,234.41603888185432
2017,559.2042550330887,1925.7394463063174,14.0,234.39215676685478
2018,2991.70145215163,1155.371761947599,14.0,234.3474488552025
2019,1987.5359515046684,3084.935901933167,15.0,234.29791282888777
2020,2817.883226240771,1916.473571056395,15.0,234.23096735418412
2021,3663.8432164837277,2928.6861129656454,17.0,234.13368959364388
2022,1743.375921112791,395.3520129043837,15.0,234.121944036899
2023,1397.7559200444102,2982.9555662204443,15.0,234.11772393052675
2024,3515.758613810114,2806.2834708991822,13.0,234.0902600662154
2025,1871.6184092365893,2592.7552722705504,18.0,234.08353513470732
2026,2227.572620557663,153.03367013508085,15.0,233.96633170632535
2027,1393.6112358475734,3049.9827922575196,16.0,233.91360599015437
2028,1887.287693234252,1498.8439947281108,17.0,233.9091511051955
2029,1786.7180344662759,1256.3264164957816,17.0,233.70007396161503
2030,654.5431519313213,1939.2227237219404,14.0,233.66873823684972
2031,3836.398994243345,2636.3062537241894,14.0,233.59229574227766
2032,817.4027051051871,2945.75827352425,14.0,233.5303411145019
2033,3403.5950015976564,862.143080056563,16.0,233.43108979393364
2034,1354.1979890118637,2863.2031284740415,15.0,233.35501307564206
2035,1920.9708325182294,3661.3769673390907,16.0,233.1549224938501
2036,2092.5797109353102,2622.344112806725,33.0,233.07038328088314
2037,2802.9146176041745,3534.2218551866845,15.0,232.98337218176573
2038,2988.5659440084883,1291.4045476239733,15.0,232.9789065844179
2039,1254.247856119844,3419.773287260893,15.0,232.94929779395883
2040,3041.8245384026386,2295.1772077117134,14.0,232.8889678169907
2041,3471.6254685192566,1161.8510955348631,15.0,232.86934275802483
2042,595.7916539425995,2106.6642657343505,14.0,232.8647688745825
2043,1410.512185201918,2747.435230237238,15.0,232.71774398168023
2044,3051.0100022675047,3185.744367117657,16.0,232.68600321889826
2045,1107.3778433315438,546.9898652682605,16.0,232.64366185386555
2046,2270.719947687301,2380.700468526898,21.0,232.47827722322714
2047,2147.1199782639455,3452.752306818011,15.0,232.46713514530205
2048,3115.114982468955,1755.5853673720896,15.0,232.43023318811623
2049,228.02894267911077,2255.908672704718,15.0,232.2421306684581
2050,1539.9430174307981,1044.6402807608995,16.0,232.2418722831537
2051,1524.5289108935003,2803.7658975185213,14.0,232.21032967667796
2052,909.1904075378411,2902.298291076331,14.0,232.16850172417733
2053,3759.08534402007,2308.988525262277,13.0,232.06662047339148
2054,2654.25987231357,188.82754401031806,15.0,232.0605168193011
2055,1234.0095417085947,3118.9021976495,14.0,231.91410468973137
2056,893.5673833166867,903.7813464260328,14.0,231.90012233268502
2057,2092.2851544402865,2739.2464100543207,14.0,231.76696487952944
2058,3165.9517265781933,2527.0077297262605,15.0,231.6194761772178
2059,1707.609520448171,3422.691310695942,17.0,231.60928017453983
2060,778.1715940291703,799.6599583721595,16.0,231.58403522384913
2061,1365.2039920569057,853.9805770257735,16.0,231.451406743085
2062,602.5557832616482,2546.1187120576596,16.0,231.39501092944954
2063,1143.751530149753,1748.9977815101572,15.0,231.3321069695985
2064,1214.267139554845,3286.962917841371,14.0,231.21654002580456
2065,425.1726743740059,2111.2775454903353,14.0,230.91350806822493
2066,1645.8157630689502,610.3803557588295,15.0,230.89921755178173
2067,2816.866336598222,766.2374579142588,15.0,230.84608485386536
2068,2933.8076825715298,3039.8745470378276,16.0,230.8144099296159
2069,3657.4392827066276,1003.4690570338233,15.0,230.7790730259037
2070,2777.3793753091495,345.68224244473384,15.0,230.7403899136341
2071,1012.3661427290663,2673.2214307615372,14.0,230.72758908348922
2072,2371.3546032303243,530.1714350192567,14.0,230.72240495496507
2073,1854.6883485369578,3533.4291795830495,14.0,230.70922471488296
2074,3932.4801419867335,2360.416925618819,15.0,230.64758115877677
2075,657.8903309513804,962.281667338406,15.0,230.56071556929962
2076,2463.074287309634,3683.588041929656,16.0,230.38447769097252
2077,1048.43085997756,1117.014281785728,16.0,230.3708220398706
2078,541.8585674450718,2086.8013622179524,15.0,230.31091662682607
2079,1456.720979670899,971.5820722028012,16.0,230.00551584049487
2080,1445.3535536480417,2349.605774342878,14.0,229.9793708429715
2081,3140.505513559967,2898.6924171236224,14.0,229.9483051794232
2082,1762.3282918439083,1527.6712638487263,14.0,229.92966346128506
2083,3278.458439124962,1672.096189766295,16.0,229.8030981628238
2084,3992.472321213067,2152.454909001658,15.0,229.78913271416656
2085,3224.9878441765622,2467.1414285541573,15.0,229.78882359924395
2086,2971.8354220771103,2777.9552654881445,14.0,229.56346729401847
2087,2689.014237380474,612.7253327462329,16.0,229.3676800129181
2088,1475.2959212319563,3221.002280988459,16.0,229.2346725318109
2089,2862.350080072458,3157.3029976792654,15.0,229.20121323113008
2090,1940.6856126173873,3561.7624091036514,14.0,229.1990276382791
2091,3307.667496592456,2839.6330881413573,15.0,229.15540141065796
2092,2427.731404162701,710.4539225232467,14.0,229.1384821493494
2093,3216.5838671607794,2633.1125446890105,15.0,229.08968936591847
2094,934.76621858491,2617.0606386830223,17.0,229.06886570463433
2095,3042.256687096113,719.9096715140435,15.0,229.0464820349171
2096,3644.966284550603,1897.9014765811428,15.0,229.04219279478946
2097,2936.253281467729,1111.6291604927712,14.0,229.02663663428146
2098,1735.666538199848,3787.311607786288,14.0,228.93126106145533
2099,168.0763173296117,2369.2755556290117,14.0,228.88379646338862
2100,3140.8732006469018,1221.829355572405,14.0,228.86673197932936
2101,2335.8530229688276,3552.476438348226,16.0,228.8103724495863
2102,3409.5645402829323,1603.8594822082869,15.0,228.74506974303327
2103,570.4031300481104,2136.9410306934938,16.0,228.64803840365704
2104,2819.531426810687,1232.7451862669343,14.0,228.42024759171778
2105,1286.3487467782522,1541.7068036532269,15.0,228.26953563671947
2106,935.2456602932732,2603.534575038417,14.0,228.19763451680774
2107,3656.530466140956,1055.9837271999993,16.0,228.02869388727743
2108,3163.376802911631,2240.475672122669,14.0,227.9000784151889
2109,3086.894245518668,586.6974021286758,14.0,227.84848739677255
2110,941.9835628319668,1081.8421759912126,14.0,227.83507084777048
2111,3661.262059738053,1331.7286154932676,15.0,227.81857671489038
2112,3877.526537164901,1428.88932280238,16.0,227.6588661667921
2113,3015.86286154311,1280.0035210452643,13.0,227.52679064187853
2114,2788.0067531852937,1865.2955519177513,14.0,227.47223015248093
2115,1904.7483437287826,2566.768780226911,13.0,227.46858810883512
2116,4051.7765199030578,2151.538779724661,14.0,227.4602059797995
2117,812.5743145690374,915.3545902479635,14.0,227.3703847635542
2118,2194.068506009082,2845.521631159051,16.0,227.26086865122844
2119,2343.4129782794557,1068.406675137726,15.0,227.00857559591446
2120,345.55508700574757,2249.3680884853948,14.0,227.0072986227744
2121,3029.5214743248007,1478.5842290008393,15.0,226.9687688603883
2122,955.2618127751956,3369.3244400209724,13.0,226.81812853373597
2123,2553.701999648699,3573.5767128107623,15.0,226.80265677177778
2124,4014.2357806071764,1852.6588420899936,14.0,226.4000209528444
2125,3947.2293095869018,2338.2187950208117,15.0,226.22756782416772
2126,2330.3266956454345,3912.017015682848,16.0,226.20388910214893
2127,3149.5444840839277,370.03743033188186,14.0,226.16850105417765
2128,503.79687913897544,2494.025126658455,16.0,225.96566076554637
2129,1996.4679829733989,3800.6463062980615,14.0,225.9562908052381
2130,368.6757916982891,1425.6105831442703,14.0,225.92175724506546
2131,1732.4079919513335,3119.607715885424,14.0,225.83538955944942
2132,1207.5651647515194,1922.8023567958928,14.0,225.78868428405042
2133,3966.7803518390347,1760.4965700975802,14.0,225.73246190369503
2134,2440.1903821461665,2831.9292317552354,14.0,225.17888135491532
2135,1417.6316823978404,3611.2940119478617,14.0,225.17640473028254
2136,1872.137680667859,2999.789498325661,14.0,225.09137825378411
2137,754.5932904462048,3027.0921144140484,16.0,224.8776052082165
2138,3275.0110207153893,1824.3083868764957,14.0,224.56502897389936
2139,3563.524459059555,2389.904385056492,16.0,224.55861214072468
2140,1440.8290331200008,1875.9153781865748,13.0,224.55699290028213
2141,2660.6646095694155,3121.5534688708644,14.0,224.50635748388322
2142,1683.2128758551335,400.9707138201643,16.0,224.50405290661706
2143,1086.2796283354064,2540.5989705199745,14.0,224.4647144988564
2144,1084.0570997477078,2347.763570251189,15.0,224.38408320596153
2145,2202.839975952311,2661.776832618955,14.0,224.35224425905906
2146,3496.7775201476297,3178.054553078646,15.0,224.30748516347128
2147,1022.4593342292378,2107.69347805113,14.0,224.19749820574683
2148,2589.0546731382674,1236.811002816373,14.0,224.07691546697936
2149,1449.9881945249222,1279.5023113682919,16.0,223.9083927532151
2150,2499.1886148199196,1414.6773438605355,14.0,223.88326867159975
2151,1276.523949431199,2639.6427846237134,14.0,223.8463401492676
2152,2054.959632867559,294.5436694871651,16.0,223.5908313390627
2153,3177.695010165152,1924.7178666809189,13.0,223.51400613932822
2154,2142.85824654087,1522.3495560287356,33.0,223.51304971375146
2155,2759.36805035307,3608.3756315536652,15.0,223.32298926599958
2156,2938.123538185942,2074.1029784238203,13.0,223.2970271741662
2157,478.1240784157149,1028.5168140460764,14.0,223.29310173951325
2158,3102.0407764623847,809.6876392945694,15.0,223.26165022747836
2159,2585.6240215334096,1417.947077367822,16.0,223.0251043612638
2160,2588.4068033764274,953.9483363136411,14.0,222.9285169594562
2161,2906.165914773544,1810.5999077149982,14.0,222.8776440262099
2162,796.8232949568298,752.7083692806232,14.0,222.8066131733564
2163,2469.958809844672,1178.3014779197458,15.0,222.70458383715788
2164,3767.995311258532,1056.784273225438,15.0,222.69572611390035
2165,526.0746075751672,2909.7099530346422,13.0,222.59739569578844
2166,2229.632414514851,400.84910122873674,14.0,222.53620598786824
2167,3036.6498744238966,2162.2873056387916,14.0,222.30887419457235
2168,3269.524679403942,3533.401304677314,14.0,222.25201033427086
2169,2759.1592337754064,3404.0517243676018,14.0,222.24876602796868
2170,692.8273269437539,1034.6568426456076,14.0,222.24064110913486
2171,722.6425338508061,1903.471419471969,14.0,222.16854814934723
2172,877.7661190937199,1055.057491583593,15.0,221.97545292904084
2173,2190.9063641609214,427.82358949236396,14.0,221.9257325963694
2174,2430.2846760704556,1781.0831160833052,15.0,221.90761590820617
2175,3512.183376186318,2281.634772173257,14.0,221.8664384393193
2176,3287.35653021417,1412.283223014735,13.0,221.86617910975917
2177,2926.9116671562233,2778.9796861843633,13.0,221.84515966744314
2178,336.8804823762759,2640.8453950272924,14.0,221.80112995237545
2179,1141.714284020413,2929.1637174905677,17.0,221.71275020510572
2180,2594.2513536359966,2044.695071484571,19.0,221.68350796115544
2181,997.1447404574742,3327.4745061291014,15.0,221.58661311504264
2182,981.6695169834159,1265.2376954664105,13.0,221.27763351998644
2183,450.1221949468969,2734.262408642701,14.0,221.18066948176843
2184,1012.7004988755873,1382.3292666065083,13.0,221.12305991692426
2185,783.956530100707,3396.1611954728487,14.0,221.06939461935474
2186,2630.9039539095943,3719.675005538553,16.0,221.06491688777984
2187,2653.3225818150395,3566.968959623615,15.0,221.00532848099243
2188,1232.8240403760879,2650.8277359621216,17.0,221.0002588201341
2189,3012.0601037342053,1828.537582361551,14.0,220.9879941950384
2190,3382.45076826971,2180.4655948521026,13.0,220.9394009226567
2191,3479.5622904682705,831.7903712287639,14.0,220.89613207470316
2192,3416.8215496385696,1831.4871045871212,14.0,220.8616794800098
2193,1650.4263886078525,1376.742286117389,14.0,220.81462793755907
2194,1337.3694653513767,3594.889224871026,14.0,220.75366552813367
2195,1222.7723487208,1600.8519132552058,13.0,220.6196257337041
2196,2277.308913411047,520.2263717692288,15.0,220.5972077969646
2197,1927.981073873048,1349.230171537358,15.0,220.57861754201335
2198,1101.7573409561155,343.3290460434025,13.0,220.4847688441989
2199,1930.052665947937,1462.3710174048522,18.0,220.4696042179844
2200,3025.1918689753284,2981.1421286263358,14.0,220.3900972159385
2201,1851.5661096497283,3560.357743720011,14.0,220.35629154517443
2202,1259.8010060348572,3772.855518857768,14.0,220.30193303267973
2203,3881.093621990388,2706.779763961343,14.0,220.20982564976492
2204,2922.2253098293613,3188.5269581209386,14.0,220.19640673845151
2205,2855.5244025239003,1552.4255930754111,14.0,219.96124719382914
2206,1309.1755563302006,3461.782751900094,14.0,219.80972484635072
2207,3514.6927751477315,1272.9951665236115,16.0,219.73003259568026
2208,849.2025066293934,3662.28410547019,13.0,219.58873460235665
2209,1847.916886592393,420.27422171560005,17.0,219.56801312435064
2210,3620.755411964122,1530.2258639924767,16.0,219.51388181035378
2211,1853.4517086263172,2442.5922613522926,13.0,219.44758116066896
2212,1430.2663479304824,1477.1711175593166,14.0,219.19974819958006
2213,595.792011387503,996.4116410037245,14.0,219.0951828062501
2214,2583.3362817795005,3950.5705990990296,14.0,219.06978323985194
2215,1233.916760829172,3384.939123736286,13.0,219.06636742681792
2216,2671.40553032865,463.63997350922494,14.0,219.029524458431
2217,2047.0927442413472,2790.5290341737523,15.0,219.01366302600175
2218,1541.6592462079795,3089.204752629659,14.0,218.82722574277167
2219,3656.232834395354,2709.26783250542,14.0,218.7596309613139
2220,2984.6217164003306,3504.168397400051,14.0,218.60305822078786
2221,2205.6157009162343,298.7833335525279,14.0,218.44679641464754
2222,1710.5621435201244,2801.7615398550984,14.0,218.38887224504236
2223,1445.4605260862868,603.7382320178444,15.0,218.27550744546005
2224,2194.358771452972,318.46691616398823,14.0,218.26475874216217
2225,2033.52440070662,936.3290482618035,14.0,218.21009046878035
2226,2774.8190297069464,2726.186045247662,13.0,218.1880983706545
2227,1833.3762250270986,738.2967674965046,15.0,217.76555675999623
2228,240.26607489787574,1397.9059309600375,14.0,217.5352865666844
2229,2990.1147372504824,3586.666908569828,15.0,217.49005919302013
2230,1498.405946054737,2111.2146816453196,14.0,217.4873676223524
2231,766.2057994820236,1044.2844843291546,14.0,217.4337110435512
2232,2575.6307051974813,3788.6516677002546,15.0,217.39762714705438
2233,3703.9360204644345,2475.733814742945,13.0,217.08666608392446
2234,3405.4516127270076,2300.652865627049,14.0,217.02005340586024
2235,633.0386909537228,931.7485141566407,14.0,217.01566062354414
2236,1994.6905835681034,409.9064790737022,13.0,216.93403579814552
2237,3103.1206598544054,1836.3929127016272,14.0,216.89531355470913
2238,1597.9656658410277,3495.8604073002493,13.0,216.77359171600983
2239,395.7904082548252,1291.6299648838383,14.0,216.63744077579227
2240,2001.041138871072,165.54682844467933,16.0,216.5843260347839
2241,4039.741064442488,2058.6497306876804,14.0,216.49563830938396
2242,1355.5627143362974,2328.971529524242,15.0,216.44291538062092
2243,3305.4817504865628,1747.668921987295,14.0,216.37043325933934
2244,1314.5032728075842,3807.484348090327,14.0,216.3680937278085
2245,452.6376894934209,2445.601148487582,13.0,216.27044843273913
2246,2131.121759970216,3253.0985172289725,14.0,216.18229134552368
2247,2443.7918827403214,3479.460493767202,14.0,216.09088295954356
2248,3148.1857847042224,471.25149903565654,13.0,216.00850726098304
2249,1516.8730530303135,1457.3887612550202,15.0,216.00477339618857
2250,2547.1171510270965,2408.3829423009483,14.0,215.95982380713707
2251,2764.597602949993,1178.631249924656,13.0,215.95549210857848
2252,3750.7229718985063,2295.127191469888,14.0,215.93846745195543
2253,1043.5415186783407,736.389404212464,13.0,215.8049100385523
2254,1426.7687771584617,831.3432028147056,14.0,215.68295866448372
2255,978.5455256577368,3705.343443591925,14.0,215.67678489994717
2256,1252.69181811681,1338.7706545584401,14.0,215.52127378547914
2257,756.1251261284278,2709.7804815874397,14.0,215.36374876448625
2258,1036.6252042360345,3247.819843767031,14.0,215.23133965888806
2259,1736.950314981205,121.40007482276667,15.0,215.14335130077242
2260,1568.7284504224492,1943.1867232437999,12.0,215.09187610029375
2261,3821.17059664352,1557.0942829370383,14.0,214.92241658541366
2262,3068.44490064619,1175.162573976772,14.0,214.87627088087123
2263,351.8201922219783,1524.3868466962165,14.0,214.83966427300868
2264,2755.53219873908,3511.630070323068,14.0,214.80442083307463
2265,1723.6706460898,3454.145093799824,14.0,214.7702304055268
2266,1083.5444217372913,1358.155203583235,14.0,214.76809844990953
2267,2268.690557069811,2804.3224933352876,13.0,214.75175106411606
2268,3370.2493274813346,1479.0885347588296,14.0,214.62139895280458
2269,1501.753260922975,1515.7062935755268,13.0,214.57054894028957
2270,3088.5886102260642,3632.2255498038976,13.0,214.26122709387798
2271,1052.0057318277927,922.362909359588,15.0,214.09046231770176
2272,1448.4260250734449,1812.4027024633128,15.0,214.0537461610094
2273,2749.8006650201096,3567.9143666901014,14.0,213.95146591621713
2274,1474.1823888847337,2116.3658870245704,14.0,213.94168518845305
2275,2947.463461165803,3354.697092450454,13.0,213.9141741857227
2276,2291.2091496237194,2426.24148425421,13.0,213.8154622011137
2277,1276.3644593026158,3525.524331623399,14.0,213.7246595387261
2278,3210.334792007629,1778.5916826822172,13.0,213.40834175393908
2279,1183.7329752607359,3138.1108135463205,13.0,213.29945154312998
2280,2383.4029665136445,276.92666318047054,13.0,213.2588905113116
2281,288.70418567726864,1338.6939972351663,15.0,213.2413573560502
2282,980.3897330792543,824.2134954807522,14.0,213.0929531450544
2283,2686.746237420285,3531.579096031915,14.0,213.08641852318118
2284,871.7411382159963,1311.231162196895,13.0,213.06749261106307
2285,3069.0216610308917,359.34156888163824,15.0,213.04056028585282
2286,1415.4362773795156,2868.9345048925143,16.0,212.88775180380605
2287,3473.787726362988,767.1922319928988,13.0,212.8699262156113
2288,1856.8214204159906,3153.7197158830886,14.0,212.7904251971673
2289,1359.8197295735467,2217.2401136116064,14.0,212.76855974031417
2290,1214.9174570840585,188.68182582017087,8.0,212.74639145411967
2291,2763.6526212680733,1359.956542799787,16.0,212.69458379630314
2292,3864.87516397409,2285.731484437259,13.0,212.5946048736462
2293,956.2168740279415,1458.8176318538415,13.0,212.52560604195747
2294,1661.346913960138,3561.736701978185,16.0,212.49477476771887
2295,1989.1686101825053,927.4963284442653,14.0,212.46342876689084
2296,2644.6797668274426,1531.188530210874,14.0,212.46080645223884
2297,1815.2498132474582,3601.1655759519012,14.0,212.3920664064561
2298,3256.3525913185877,2610.3256117246765,14.0,212.274943051817
2299,715.38828627631,2596.3723625295447,15.0,212.22947384090327
2300,2440.7805371415434,2891.7698870221625,14.0,212.20038158682857
2301,2438.916500428681,2043.157840833446,23.0,212.18691294264931
2302,823.2185532458059,3203.3704271858446,13.0,212.1627623334069
2303,2469.161922906203,903.9836650819936,13.0,211.92217701738133
2304,1549.4256530754037,354.5148308893175,14.0,211.88562227130328
2305,722.4999152051256,1138.9647877928664,15.0,211.8700937069043
2306,3819.9538704985825,1068.5223348713687,14.0,211.7501932725492
2307,475.0101187639846,2394.6470627789863,14.0,211.74606745214683
2308,579.2955950889236,1165.5842416760293,14.0,211.62913054560957
2309,2116.3827344314814,1149.938073148088,14.0,211.62835187996265
2310,3091.795266908863,424.8697128519138,13.0,211.45367381642424
2311,3015.951087662715,472.23904466106876,15.0,211.45345075162274
2312,1418.455144281188,677.3132677264019,14.0,211.40735908708962
2313,1015.2313259729276,944.7290335600043,13.0,211.3944776898057
2314,399.9577064172906,1468.0286760779818,13.0,211.25120366251957
2315,2404.3890158649065,664.208695845133,14.0,211.14150874539433
2316,1316.6802154281438,2559.478625488995,14.0,211.0748640959935
2317,3117.1447949759804,823.4744803835544,14.0,211.0100173410193
2318,816.7872224707623,1841.2306264860492,13.0,210.9255653259437
2319,1795.8767829914761,3540.58069791249,15.0,210.914875311918
2320,2865.1355847391796,686.8636316889367,13.0,210.86458141072703
2321,1912.750934380227,572.7860353149806,13.0,210.83469547387276
2322,572.4677950063352,2207.489124078937,13.0,210.80488478721452
2323,1553.8184078858858,1608.5493085446094,14.0,210.70173533662785
2324,2908.5922796136324,709.6212642253834,13.0,210.53971834198526
2325,1347.667941296328,775.730867019681,14.0,210.49044831754932
2326,635.457103466415,2924.590635008467,14.0,210.47058200010684
2327,2401.1503957718396,2752.1919580626914,13.0,210.3125000015809
2328,2890.2974642869667,2555.04243677421,14.0,210.18925624152956
2329,1912.601135775286,4052.359118705284,13.0,210.07264938437046
2330,1210.3415325844364,3543.597263442933,14.0,209.89222393779252
2331,1469.2191662706791,3377.079511688649,14.0,209.84411094113264
2332,2490.6991337241557,586.1423229771079,14.0,209.84246847549852
2333,1800.2786812084714,4002.8384248535767,13.0,209.7846935981341
2334,948.4415972053662,1021.6753841668392,13.0,209.7836174311122
2335,3157.137621085433,2690.432050785983,14.0,209.65653212957886
2336,2694.1032821649164,942.6992805899482,15.0,209.58989873030688
2337,2525.2833253368217,3360.900633081285,14.0,209.54614308772776
2338,846.4017144727593,2022.395183536076,14.0,209.53229271783707
2339,1229.3792360453847,366.3254232523498,14.0,209.4964644761824
2340,2039.0562024650874,3819.7751825585906,14.0,209.49243248201142
2341,2006.9631223315646,2815.4345663369118,16.0,209.34162527399297
2342,3846.2776381670665,1957.0243829354033,15.0,209.28463427959792
2343,1133.3508795278283,2796.4429564640686,13.0,209.2839258875217
2344,2042.487899439462,1076.0050116304299,15.0,209.24469023063736
2345,1444.439958834508,1204.03023650786,14.0,209.05773836789572
2346,1742.2876393389722,1650.7007662465248,13.0,209.0344344893872
2347,3043.998532825437,615.7124555001761,14.0,209.0168653008048
2348,3916.1408003355377,1279.554510278306,14.0,208.93704264876274
2349,3454.286242102303,1367.3242257162478,13.0,208.91482844253264
2350,1000.582606644084,2809.722676083351,14.0,208.9119479420316
2351,1757.3764193256388,3516.7928154106153,14.0,208.9035561739209
2352,2482.717098110255,224.2260372676724,14.0,208.83176524324548
2353,330.3774696756636,1371.1955332885782,14.0,208.80898247056228
2354,2167.3791565971424,82.74369987936626,14.0,208.63460339665613
2355,3286.886080509751,2959.23408749977,13.0,208.6252575831617
2356,1336.711000015738,3156.358785884355,13.0,208.62116578319964
2357,638.0747726101945,1890.5123275108447,14.0,208.5864325760453
2358,3811.6852992935237,1464.5740668697083,14.0,208.55680362337432
2359,886.1681311111181,996.3167756469782,14.0,208.24384501737265
2360,3293.0444194714682,2515.809393016348,13.0,208.2315820437152
2361,3650.213707031791,3174.5668914205876,14.0,208.22161954927464
2362,3052.239585422064,3172.6738576963953,13.0,208.2190436262998
2363,2575.3289962411654,599.5248424082096,14.0,208.16853941640005
2364,659.4054661238165,3136.405261166478,13.0,208.06535297788545
2365,3227.055124920986,2540.148157818378,12.0,208.05346184532715
2366,1274.5856883940294,2569.1131573343714,15.0,207.87558648067147
2367,398.57793227331484,2876.893217055686,15.0,207.71640803285982
2368,3245.5644893074596,2719.7421320768008,14.0,207.60145522226566
2369,2792.7682274753183,1962.4829669453218,14.0,207.55369889037382
2370,2220.500368390415,3209.352757133604,14.0,207.51822804950598
2371,748.5472413967086,2015.1730799502602,14.0,207.42495956167997
2372,1895.956175403736,3917.9323094545925,12.0,207.40240232108397
2373,3033.874094371753,910.6063425979876,14.0,207.30257121884827
2374,2641.9352716134404,1706.4395192511133,14.0,207.2800097404773
2375,2737.936485951095,2644.08491043718,12.0,207.2081734738066
2376,1905.8373431640393,531.2776883380923,14.0,207.20586978451274
2377,3372.901915649308,2444.12693035502,13.0,207.0968866943671
2378,2289.581607076328,566.0186885738193,13.0,207.02090493561528
2379,1561.6825409136272,418.32609811997213,13.0,206.99754463015148
2380,535.9665751662907,1087.2647063730867,14.0,206.9827961638748
2381,3130.588440219836,3131.7947092647887,14.0,206.9650314466753
2382,2697.280385788298,3094.5198777713704,14.0,206.92993650814338
2383,1727.4983331800536,224.16617404261763,14.0,206.85997304261062
2384,868.1998975873203,2632.9603878971884,14.0,206.7934095967407
2385,3410.422900478108,2263.9476346003926,15.0,206.65309709510532
2386,2764.03459019507,1382.9233715271073,12.0,206.6508304745374
2387,1004.3771973782059,1766.8479576949405,14.0,206.59308189928615
2388,974.1045791146578,1652.4923756901499,14.0,206.5321360723161
2389,2984.8719092057177,2789.7507861824624,13.0,206.46031163033828
2390,2327.3096326294726,3886.2775638942558,14.0,206.41654666161406
2391,1639.3614472125853,1524.3588641846334,13.0,206.34299441536854
2392,2800.210132230016,3283.3980933818584,14.0,206.32370997510864
2393,1730.6079573962522,1363.0617909707198,14.0,206.22772537040177
2394,1542.7783566986805,3178.1873495960035,13.0,206.1847036952918
2395,3236.913325090152,2058.414787609096,14.0,206.16913771808666
2396,3778.002821399068,2338.9465310075943,11.0,206.10157392260882
2397,3487.0991471355633,1091.4181058485449,14.0,206.08528679629697
2398,1095.5422030932093,837.7698898764121,14.0,206.05209335833993
2399,519.9029959570499,2400.0147455215892,12.0,206.00364657336726
2400,360.87067398064636,1781.8071438154668,12.0,205.9230578578481
2401,2548.748912218621,1999.2304227499465,19.0,205.90849574020638
2402,3567.404275270114,806.6121923776185,14.0,205.88243457706602
2403,2363.206466548764,801.3525037831049,14.0,205.8809486588508
2404,1914.3074441516508,1265.5755242795738,13.0,205.8446215127878
2405,2549.95280037478,763.1327182901324,12.0,205.83222153612542
2406,3246.1003204862805,2922.4362019041178,14.0,205.77836329804578
2407,3184.4140066854056,705.6245831957219,14.0,205.77553872687187
2408,2722.084274801221,1771.6565271585387,15.0,205.7590142184714
2409,2625.08958438007,233.5000319794682,15.0,205.7159610129805
2410,417.6638571388846,2681.549470906948,13.0,205.62466608718842
2411,3895.947490746547,1621.2018622291016,14.0,205.5712200248415
2412,2552.751137725875,2439.1176875129204,12.0,205.5492213873547
2413,646.3825597702543,1592.8951202862647,15.0,205.43782307344907
2414,1985.5925031870825,2674.7737197423407,14.0,205.38656856691696
2415,2642.2650338729,1625.8537465645193,14.0,205.34354212843073
2416,1431.0723402507235,3187.4765814929297,14.0,205.29418209909616
2417,1182.1183874410913,3739.9865489720137,12.0,205.22050764337195
2418,2953.726054656925,545.3983967673684,14.0,205.10482992441072
2419,397.0004155210448,2995.830132655693,13.0,205.07687531451245
2420,3135.8615811001278,1027.7019732062442,13.0,204.75145680688757
2421,3475.560438361458,900.4184386112504,13.0,204.5516008963618
2422,739.4599950819065,3318.296233412874,13.0,204.46947279923646
2423,296.75610553088273,1287.2423443087898,13.0,204.46380833693883
2424,973.2349068978757,2539.6972464934624,13.0,204.41949167413944
2425,3185.765099820335,1221.1686442688415,12.0,204.38168044491653
2426,1891.192142433734,3420.3862156752766,14.0,204.3054539051758
2427,266.65279938296754,1242.9523816086894,16.0,204.27840625066818
2428,3192.3919553901355,2413.219570169122,14.0,204.15594731179684
2429,2830.1645499957935,2939.5540304928495,14.0,204.08634710519098
2430,914.9071504539157,1954.4706783979084,14.0,203.96931619887147
2431,526.7600767334749,1836.6175991511736,14.0,203.91316498867184
2432,1241.3325840512375,367.29771562641713,14.0,203.80397824313607
2433,657.9347401746326,2283.547677511448,14.0,203.77547210412578
2434,3201.6608090686996,625.8568210253883,14.0,203.67532830722917
2435,1847.8503927236347,830.0961726504253,12.0,203.63226519643567
2436,485.4148897992914,2908.0053503811782,16.0,203.53223170946976
2437,2530.557057569334,2589.136186665303,14.0,203.4754074328399
2438,811.7557865818573,1225.8387509657787,14.0,203.4750311425085
2439,3084.571147311528,1563.92706603539,14.0,203.30835288472986
2440,1407.3297094632615,2596.8662083487357,14.0,203.09143528501198
2441,1388.9389224833524,1241.2975266381106,14.0,203.0335822236403
2442,3185.77395966079,3076.792211359727,13.0,203.02258730844224
2443,2501.1667720039186,2346.2089443639175,18.0,202.93729708211538
2444,963.7989877334359,571.9379542156391,12.0,202.91469491027567
2445,3439.728291075379,2906.6083723269526,14.0,202.77209394056422
2446,2307.5952917791788,2463.2635826303367,14.0,202.71695344262758
2447,1402.4372728934993,3755.5271951061586,13.0,202.71441086731127
2448,120.36926813497385,1852.805926315525,13.0,202.7094398042365
2449,2404.5609200427616,3932.27186353255,14.0,202.61942207739452
2450,2359.544835053988,1493.707059996986,14.0,202.4817865960953
2451,1392.748171889297,2561.969997342209,14.0,202.455448376536
2452,2832.540080762895,879.8552810400489,14.0,202.3647609431245
2453,2869.6154771309552,2293.4318786407107,13.0,202.14028935966283
2454,2677.5329570559397,2597.6992540347755,14.0,202.1203613702143
2455,1166.673887284636,2962.5908287128827,13.0,202.05701370421076
2456,3254.1268691495466,1999.6387133057435,14.0,202.0194492702019
2457,630.3061123017404,1462.4121848399527,14.0,201.98586953050653
2458,1600.7932731136993,766.958709682167,13.0,201.91470733814117
2459,3203.1822114361858,2616.5781164586033,14.0,201.88899642976654
2460,1714.8999550905266,2501.426600226974,12.0,201.79167531539028
2461,3146.4111787568286,1808.1147162007471,14.0,201.69009447060358
2462,1807.4555631760154,899.6091191542374,13.0,201.62291933873186
2463,1410.3689184196883,1053.210952682917,14.0,201.61566167159094
2464,3227.2454791803098,3447.1464088667226,13.0,201.59954324474126
2465,1840.3466182887955,987.8891625414349,14.0,201.59362704985892
2466,3153.416186617407,404.6190716356712,13.0,201.57276868147505
2467,1546.100329914205,2613.056854177522,12.0,201.5308881612259
2468,1933.4076940724042,3834.154879720079,13.0,201.53043818990196
2469,999.8232950706433,1769.7273107900153,13.0,201.4400699122963
2470,3160.8588882247113,838.456813647205,14.0,201.3644253767594
2471,2964.4462323522303,1319.25439768158,14.0,201.3088441215917
2472,3173.132243560288,2235.939943693149,12.0,201.2908584645448
2473,1141.0349999835325,1740.9567057593083,12.0,201.26261833173967
2474,3628.6373006274353,2526.53581955364,13.0,201.22930484316564
2475,1047.2316269994592,3515.729799065314,13.0,201.18074114653885
2476,2106.5039954648346,1093.1815691168194,14.0,201.12669256218354
2477,2287.442009649156,3080.776530063122,12.0,200.96314884269657
2478,3578.601728281328,2225.221140905464,14.0,200.92438430767885
2479,1252.7795451017057,1497.2640745476751,13.0,200.89500515805318
2480,116.9110992186086,1796.9074014550463,12.0,200.80609444618298
2481,1461.4194422816845,3689.32781751513,13.0,200.67366540293656
2482,2957.129179686053,1717.1858730878819,12.0,200.54998402028514
2483,3072.197040394831,3615.0894720152965,12.0,200.49095629706864
2484,2958.972634311936,1050.1834707187797,12.0,200.4848071378704
2485,3686.459606039352,1961.4877365921045,12.0,200.29212583843838
2486,1433.9068914946047,781.939609957096,12.0,200.28322286238728
2487,1867.3995802920601,1178.284428578189,14.0,199.92310619538688
2488,2040.7560232290057,2917.474588239896,14.0,199.88952371390442
2489,3202.9842398184364,1570.3409864991195,15.0,199.87950459306182
2490,542.9633423281956,3180.6732523238393,14.0,199.87947803920653
2491,1220.852154305375,1198.3526787686667,14.0,199.74605269790996
2492,333.2727242914771,1614.729382997926,13.0,199.6526852116627
2493,1076.5347947372316,2847.8679021200396,14.0,199.62004662347658
2494,3494.139901669309,2381.551250672377,14.0,199.5481569546852
2495,2138.74351898441,2639.3329458505386,13.0,199.45348712668803
2496,2367.458672816044,1450.4913870381417,13.0,199.4341352548417
2497,2536.296503029314,1550.7134785489188,14.0,199.38811179746355
2498,3051.8702948603927,2073.3670558782023,14.0,199.36188672349712
2499,2422.2378115647625,1037.1925077767028,13.0,199.2868493638928
2500,519.8591715783633,1456.0662665558118,12.0,199.2635460955902
2501,1122.149519392648,3158.376673026232,14.0,199.24523374384046
2502,1129.753930031124,2829.083509252112,12.0,199.23077269273406
2503,1745.8461782573927,2386.472577774687,14.0,199.15078843333347
2504,495.73724958914994,2621.939555575723,14.0,199.14008972644905
2505,619.3252674373997,2201.3267010234094,13.0,199.0797978572002
2506,3092.250030800373,2295.688640629739,13.0,199.0497470321431
2507,339.840856696922,1281.3612388246986,14.0,199.01600372160476
2508,602.5717352299586,803.7228226709881,14.0,198.9453703410653
2509,2081.0879928567188,3183.291950931877,12.0,198.90144559248714
2510,3059.5944747055587,2702.486997897569,13.0,198.85167033568828
2511,3645.704908142856,1206.5420499284314,14.0,198.83688187851087
2512,2665.607485204082,1481.8071183465122,14.0,198.82701745808998
2513,537.9979610869798,2715.755662584746,10.0,198.59396527514102
2514,2473.426377497966,1424.4303349371003,13.0,198.39635598152174
2515,2108.824453258242,459.25117123091997,13.0,198.3305852335121
2516,2150.9136210716174,419.6208918528073,15.0,198.24898443050682
2517,1763.8207283035247,2963.5167902975913,14.0,198.2411204158039
2518,1803.0342173266465,2631.6105405406524,12.0,198.2135020303861
2519,3055.0865175861713,1619.5427775983492,14.0,198.12016476775418
2520,1036.9538804740087,2277.4921976284504,12.0,198.11492913072576
2521,2404.9462184824847,3962.018939113009,14.0,198.04520422189935
2522,835.9173302805159,2246.3267212083692,13.0,197.98720295767473
2523,2443.39401793565,1051.1675675276106,14.0,197.9447452314998
2524,767.5368565737629,1159.7964412591396,14.0,197.94104720600825
2525,828.5215747115219,3141.8018431170653,14.0,197.88152466014841
2526,3121.588438382716,720.265043897134,14.0,197.84642555667367
2527,2774.6094907479237,1755.0861599872806,13.0,197.80244741937025
2528,850.1104524854393,3111.1085837508135,11.0,197.7281985543811
2529,98.01530101118954,2163.3409258905617,12.0,197.62745975806197
2530,1257.7707292838786,2601.8191980930605,13.0,197.54503430753618
2531,2709.0843591387625,628.8167495619838,11.0,197.2811670925591
2532,2611.5834063002526,1560.1838751729413,14.0,197.17736226650467
2533,2712.2738024330265,2136.242194697307,13.0,197.1512383135532
2534,3335.9640902603355,548.8019943611321,13.0,197.09336263741247
2535,2138.1851240908454,3698.5985422607932,15.0,197.08368768477024
2536,529.320507686209,2630.1181983428373,14.0,197.0271460704577
2537,2562.4573840481294,2353.8339715463167,14.0,196.9319884715578
2538,2463.160072852273,3184.951789151536,13.0,196.90212474425311
2539,1470.412675470341,2754.714036581764,14.0,196.8770328558103
2540,2429.440955793951,3849.5296183132186,12.0,196.76401161885283
2541,2514.212975609373,3419.568174565349,14.0,196.676779909329
2542,892.3078704199692,1644.0168938162917,14.0,196.65195728685734
2543,1589.268542652263,1848.5828699325161,13.0,196.56745822426717
2544,2161.302832048751,701.824731814268,14.0,196.52286799797662
2545,1954.044067498918,1078.8853418964136,12.0,196.47552124517114
2546,943.5354062036338,2351.4348708027283,12.0,196.4704269066519
2547,1852.1632438213073,3548.6738165512056,13.0,196.2589879737216
2548,2177.351854237071,623.2739626864224,13.0,196.2227035846421
2549,3459.7635889609874,1700.5514716959783,14.0,196.09187085932126
2550,713.0430930596007,614.0262282784616,12.0,196.05920177856092
2551,3732.025556075771,2999.072820035985,13.0,196.01883810629266
2552,858.3930835323275,1981.045542185403,14.0,195.98956212513167
2553,2871.6762107927207,1752.0807668787413,13.0,195.7733870410904
2554,292.4048572369923,1485.229911570465,13.0,195.75268167788548
2555,3141.4012330063,3642.2658370408094,15.0,195.7519055668774
2556,1055.3422118665937,2890.6393618070338,14.0,195.63945214003223
2557,2458.4323122559645,559.1982926006976,13.0,195.63590855802136
2558,1580.8623461908107,2798.5576217141975,14.0,195.51134475584826
2559,566.2898687157084,935.8035172937614,13.0,195.45737613640202
2560,2077.0780269708785,1621.934764547087,12.0,195.443458251688
2561,2820.1008163002075,3620.1716289846363,12.0,195.34225624243754
2562,2983.8448225977863,3450.6583988570897,13.0,195.2372032849126
2563,2816.124949857077,1153.0700939075682,11.0,195.22432487592255
2564,2909.0825777042887,782.3813324480554,14.0,195.21607984323015
2565,1352.4318573083688,2939.749711922978,14.0,195.21363137497795
2566,1305.105924493218,1646.5686726935419,14.0,195.12977098247086
2567,428.6804895059678,3037.2278088737244,13.0,195.09764900452203
2568,2479.922937032444,2065.3178593490516,13.0,194.99575613624302
2569,2936.541810577262,3704.521260427426,14.0,194.9562211406268
2570,949.3329301905791,3373.416945757941,13.0,194.94284389170156
2571,2440.462396502987,190.95920537077004,12.0,194.88569967137906
2572,2819.442775964318,1372.356866925062,14.0,194.86925390748644
2573,2731.6251531013486,1091.4534682685692,13.0,194.84897862458746
2574,2489.4398607849066,2158.158358345059,14.0,194.82848440442402
2575,1299.2933249719013,781.2523506595599,13.0,194.74913487071916
2576,3228.241775946546,2339.0167582020654,12.0,194.63864660247143
2577,3392.862501887791,2228.181881994278,11.0,194.56779373422813
2578,659.8734841035654,3080.911379226832,11.0,194.46836222585037
2579,2537.591873981825,3061.6707705439976,13.0,194.36887588916161
2580,1198.7337797922787,3329.5111731453107,14.0,194.03135169746037
2581,1312.375026029036,3762.3282588034403,13.0,193.98020337226183
2582,2116.4827450197845,1197.4208330547035,13.0,193.6888340873075
2583,1202.4730750864298,2288.289068417671,14.0,193.67320236799236
2584,1337.1378571708326,1750.1510680923682,11.0,193.67150064814564
2585,860.1600172142204,3617.997755326959,12.0,193.65810461632415
2586,3785.3433873369754,1687.2803795941663,13.0,193.5784835027603
2587,2889.675550113728,3598.846086273636,13.0,193.38881893612154
2588,1319.5274764157277,3065.856086409426,14.0,193.29056735395716
2589,2714.9261599165943,3096.3303316023444,13.0,193.27826367122947
2590,3256.766410727702,1891.6169492716665,14.0,193.25395252873184
2591,1809.8594579985331,3219.4703894082154,14.0,193.24619105745683
2592,411.8206291451386,1948.4786576713693,14.0,193.2093659352336
2593,2828.726276953953,967.7035801231498,13.0,193.0098110613809
2594,2270.2342026926294,3346.7656325890825,13.0,193.00530757183984
2595,2704.6002073877057,479.1340239645829,13.0,192.9741862712262
2596,2847.55634665217,3353.8600893910584,14.0,192.88121019441817
2597,723.2773324049512,1650.158197274565,13.0,192.8200244152079
2598,2939.8223606507877,2893.4826555720288,14.0,192.79889469975458
2599,1375.8356076236828,1686.6731444706932,13.0,192.68119906228696
2600,2491.9997135743074,636.2886262118192,13.0,192.54277711119474
2601,3709.3497263214194,2976.592760967264,13.0,192.54190821836963
2602,2465.8954303385412,1302.5341494578122,13.0,192.35564993636288
2603,1845.8208636040856,352.8181749571573,12.0,192.30336015133207
2604,2355.6886198585753,3971.9723545458983,11.0,192.27293585358126
2605,1763.4895102655287,1245.5865183771743,13.0,192.2541875020051
2606,2946.7379930213588,3339.1746903067524,13.0,192.23465938077715
2607,825.4153169794323,3611.7564329028173,12.0,192.17609444725844
2608,1538.0034860250798,271.20919146781455,12.0,192.00950384153455
2609,2342.560731806104,2667.607363029157,12.0,192.0039574450576
2610,3335.6370879555766,1278.450618149272,13.0,191.9857562896352
2611,1438.7552616657156,3752.735401316727,13.0,191.98107582568278
2612,2734.6389999435532,3694.007904405282,12.0,191.94003858347492
2613,410.3289963591119,2937.429478596056,13.0,191.90299481267004
2614,3957.5772817788165,2444.6802222403285,14.0,191.8888576163759
2615,2427.630971068264,1100.3802733795853,13.0,191.88477210762835
2616,2608.730668886951,628.3803303059781,13.0,191.85390526958093
2617,2944.0283842061485,1855.830008692288,11.0,191.81064712199918
2618,1089.2849019482296,2770.710597498126,13.0,191.73601791418798
2619,2125.3612774926114,3652.094688883691,13.0,191.68776047740675
2620,249.87931131141136,2429.834233357838,12.0,191.67708302265635
2621,1258.298934468405,2283.705940054784,13.0,191.6689267669795
2622,1494.8944725468377,3242.116534316586,11.0,191.58749424248066
2623,353.46400544288525,2176.706752192195,13.0,191.56095597453623
2624,1322.380776076421,2303.2001345904664,14.0,191.50310050949247
2625,983.2878002016611,1299.1780417798816,13.0,191.4321541319779
2626,2563.9825979675034,750.8350638618822,12.0,191.310714659377
2627,3880.828310292324,2285.2261033168106,12.0,191.3002129937414
2628,2385.803593182295,3465.1176762077735,14.0,191.2705321391793
2629,175.82705013949024,2284.5497726016847,14.0,191.20057696152188
2630,1577.266961530805,3802.0264480105284,11.0,191.19875390702617
2631,605.033059542259,2914.7747000013082,10.0,191.19647065492418
2632,3158.206264331891,3074.414019714517,14.0,191.1762416179717
2633,3101.529297786024,2109.0159548485344,12.0,191.1461121721157
2634,3011.143862710509,1959.9101345648714,11.0,191.14462441658972
2635,1516.2069076598561,2413.7133950393118,12.0,191.0802295246065
2636,1601.7825456565665,264.8578336828603,12.0,191.01272317137335
2637,1706.1912127168944,3671.1258440690776,12.0,191.00618001433617
2638,2335.448691771328,2754.5249505030542,13.0,190.9952270908637
2639,2018.385766966654,1623.8307932184625,12.0,190.96983487662027
2640,3833.2237142508716,1307.082322206559,12.0,190.96543669500832
2641,1121.890609675589,874.1744645981825,12.0,190.92338270254604
2642,1538.7063836821728,3498.93919300935,11.0,190.90864584842552
2643,2600.277835592315,3202.4555632878414,15.0,190.7988225764487
2644,3243.8363029326515,838.3519745030336,13.0,190.77963235070894
2645,988.868083630066,1065.1983250334165,11.0,190.6237219378987
2646,622.7345080210288,3055.193430081879,11.0,190.19431387113679
2647,2668.48232288705,1137.0035345308547,12.0,190.16091805401464
2648,2221.476470654719,3986.306791034601,14.0,190.15362695304157
2649,2377.5771619625702,3620.2807437216647,13.0,190.15053071117413
2650,1519.1402565166932,639.544995561288,14.0,190.06408543133676
2651,2174.9714928438866,3778.823434447017,15.0,190.02094341818676
2652,296.1455044221667,2746.321009813972,13.0,190.02016084424224
2653,2501.1362202912255,2290.5519443214534,13.0,189.98276977424243
2654,2202.4220196172005,815.952958893739,12.0,189.96717628039576
2655,3192.562297896379,3420.293181513621,13.0,189.9353024426018
2656,3155.880041374248,1861.2956652851003,12.0,189.88753877049976
2657,3180.491297140756,2626.4156601397463,12.0,189.87911433372906
2658,787.915057270356,2376.237577607658,11.0,189.8733982086565
2659,2550.787394042894,3101.9222042485794,12.0,189.79998785132923
2660,3578.7907406011227,1123.8577444815337,13.0,189.79799591170047
2661,3058.2585627287835,1973.872809137527,12.0,189.64323640998384
2662,3461.354701533024,2837.034130816236,12.0,189.62407197614883
2663,3870.1623248094156,1561.0358681946282,12.0,189.59646315862602
2664,1709.0437141382185,3843.34444555049,15.0,189.59408350438912
2665,1083.758679333314,1684.9313135705927,11.0,189.564590927533
2666,1471.7978054834487,383.6562222010243,13.0,189.47872380838174
2667,2137.816605817037,1022.5375438288509,14.0,189.4589212107208
2668,2575.0980227809177,2138.542163860069,13.0,189.41836077883949
2669,1429.5520543422099,3459.388505900865,13.0,189.39484636266252
2670,184.48281317806612,2818.763521601104,13.0,189.38871790334284
2671,2759.750832175302,3336.1430662537964,13.0,189.29649358584948
2672,2351.6907504934834,2776.166655346412,13.0,189.184564027976
2673,3517.730572098021,1248.1443378382644,12.0,189.06671775116376
2674,1328.6934968525645,546.7762299001648,12.0,188.95573711983317
2675,1396.412097741143,570.4106541669177,12.0,188.9376333208107
2676,589.3026003160154,2441.908495920566,13.0,188.9077125702244
2677,1864.8547798257648,3444.4026647474243,14.0,188.85024393489653
2678,3066.5434906802316,2995.429137692271,12.0,188.84050583959242
2679,519.9308063781655,2791.0096513801777,12.0,188.82954309602502
2680,3291.118453086314,2449.020600045257,11.0,188.71178835956601
2681,1496.8679856103656,2310.808848038422,12.0,188.6121363287327
2682,2932.090179423001,695.1657374846717,12.0,188.53449760007703
2683,3414.4552480108305,2140.3689924679493,12.0,188.52026467029538
2684,1110.4544621005193,1343.4641411142925,13.0,188.51515595040047
2685,3082.818011036202,1899.4987188211142,14.0,188.4314955866341
2686,1195.3467455306884,3704.598667602325,12.0,188.4214994686756
2687,552.6774608617192,1686.349457184982,13.0,188.38221975255252
2688,2595.028037658292,419.857974363505,12.0,188.36298110809255
2689,1747.6215194202657,3441.3923283529884,13.0,188.3487385050954
2690,484.38216211751285,1932.8258139151774,13.0,188.29536534701077
2691,2424.037770052118,2283.543737916871,12.0,188.26114510629716
2692,2618.620272803091,921.4444493514043,12.0,188.2116822094793
2693,2256.7473615855797,210.89081656428175,12.0,188.18128724156844
2694,134.83059061969914,1883.387395387727,13.0,188.0588221548829
2695,2784.5209456761886,244.16293823235222,13.0,188.05427971845134
2696,2214.5184551967786,3411.597190338492,12.0,188.02681381548598
2697,1022.2604422166212,3290.7756631984635,12.0,187.99361331626503
2698,2807.2814962971693,2916.434824531975,14.0,187.92515344244822
2699,1467.0739580677994,2468.129751691248,10.0,187.8498211422442
2700,2725.0698224763937,3857.974001982458,13.0,187.8493667750236
2701,2223.385518931531,3435.3629547107817,12.0,187.65390837441538
2702,2520.1831585514014,3390.7329547187146,13.0,187.57109536627502
2703,3381.8376555611535,657.4190136120246,13.0,187.5531926157541
2704,1781.4444462097597,1206.8707385284595,12.0,187.48058722302608
2705,899.4887937850997,3234.8683848425235,14.0,187.47729775006354
2706,615.1966635412027,856.3958519698328,13.0,187.46863870972672
2707,1292.671647988351,3377.4918697328094,13.0,187.44169782273394
2708,3010.8705498568147,1767.3726374957237,14.0,187.4338187718946
2709,2662.153253750568,2866.256006877164,11.0,187.29989148744897
2710,3381.8772428595926,1085.204283290259,11.0,187.22989330282655
2711,3704.269928662174,1693.6636034561147,13.0,187.00948023194024
2712,2579.8369794396663,3390.1110661761777,11.0,186.95972803659814
2713,241.52089406571636,2473.9730356260284,13.0,186.90841097566897
2714,2582.2877227521394,2095.4388753705603,13.0,186.89498881246647
2715,1954.0813645701785,3951.455186745548,14.0,186.8530858851927
2716,1713.6820752858055,2714.264855003392,13.0,186.80998676545872
2717,1618.823158296288,1213.3254816028973,13.0,186.6397662502911
2718,2527.138090271517,2067.4789469244433,14.0,186.57874896581237
2719,2675.183923021634,3532.2116764182647,14.0,186.54161742524184
2720,2898.278106715513,2982.3557949670494,13.0,186.3874634051959
2721,3302.7524048580203,1704.0284582548397,12.0,186.2275793293562
2722,560.6596161318532,2668.767942816253,13.0,186.20302970051227
2723,1953.918045844553,3908.22092798998,12.0,186.19211273451316
2724,1663.873849836148,3241.926132806524,11.0,186.03961721357874
2725,841.8861220165755,1913.4568478055705,13.0,186.02054555907196
2726,1691.3338706528154,2898.91479951938,14.0,186.01619954955422
2727,1810.7279843754216,1684.8077275793257,17.0,186.00844906312642
2728,1130.5589396402195,1786.2137861224376,13.0,185.9355811944773
2729,441.005236316206,2998.596979678419,12.0,185.88431670293198
2730,706.2214167953287,1036.1513264644518,11.0,185.84683391879898
2731,3949.7487380773905,1583.7946130025277,14.0,185.7912651064652
2732,3264.6297205882383,1025.6512370143894,13.0,185.78860436938922
2733,1000.0179269544601,1914.4616330186345,12.0,185.7457681012411
2734,552.1656390889744,1856.3412083888782,13.0,185.71891134998074
2735,2225.2263239216786,2965.2853850981833,13.0,185.68358368931638
2736,3860.5801846630957,2498.3554552674686,13.0,185.65981448156757
2737,945.6281452617724,3728.4621169100046,14.0,185.41804872851216
2738,499.5894050779474,2407.884833620425,13.0,185.34301467987444
2739,2448.5478929518245,2610.357074128907,13.0,185.31649498263897
2740,3673.7596877214737,1130.9639690159167,12.0,185.28770834590728
2741,1519.8559498378415,2407.221705056204,12.0,185.27547060404308
2742,1447.3444058984967,3664.8733221823304,12.0,185.24143026211235
2743,2432.5461179736412,1653.313974700002,13.0,185.18630566753674
2744,1298.671892605042,1201.7344536108403,13.0,185.11309875576032
2745,3561.3822071632285,1890.2970525186554,13.0,185.02609335087314
2746,2944.1060399190455,473.6855995611711,13.0,184.98195206057665
2747,532.5738867554352,1036.3991814548122,13.0,184.92072086526028
2748,616.1259416217813,1418.5327234693737,14.0,184.87730745159084
2749,1956.9540339073346,2788.4038403102886,23.0,184.84711690439445
2750,2538.3815764761143,866.2414492794366,13.0,184.77179443497775
2751,2497.1860129584584,2086.2201542363946,18.0,184.73840296143504
2752,2380.0563253354985,660.0815373488578,13.0,184.71447840022455
2753,2683.862133328079,686.3064545481769,13.0,184.69701991625135
2754,1513.8399370532914,3253.8380133723062,11.0,184.68583990646852
2755,545.7207141917229,1445.411775458972,13.0,184.63400873344827
2756,3882.808558733133,1646.533946678976,13.0,184.62832268479272
2757,2917.929023521217,2838.3181956604,12.0,184.60193147146305
2758,2493.8110910850405,2808.149896238369,11.0,184.593610281761
2759,3042.4743131808486,1637.8599452708065,14.0,184.56388528555573
2760,2128.204364746361,3549.645803078993,13.0,184.490206829587
2761,2423.439948284158,2442.0928969124625,13.0,184.46780648424848
2762,795.4480292557192,1482.1395024580393,13.0,184.37487307099732
2763,2622.5817092339425,2179.0365975416744,13.0,184.36158809819557
2764,1776.5532259955664,3340.197604387926,13.0,184.32638061976257
2765,2499.5828566077303,788.1614731369734,14.0,184.32138436335921
2766,3352.926745161663,3505.6081894113563,13.0,184.26028605146706
2767,3767.9438115560833,1263.7290189895598,12.0,184.23785556349628
2768,1852.2067719913505,3938.9918663695435,10.0,184.21718941384754
2769,2068.151130007593,3591.654445821579,14.0,184.1992654155071
2770,1692.1483759102798,3888.173706367799,11.0,184.13572626784156
2771,665.5454200186037,2969.1624919732794,14.0,184.11096282964274
2772,2337.460763373016,3082.8233766127355,13.0,184.01237776883391
2773,1542.1226035539535,3847.662542813671,12.0,183.9497053801539
2774,3194.2355921002522,2974.441595325592,13.0,183.9282004609196
2775,665.638254778188,682.513960033433,12.0,183.85445542334583
2776,1426.4029606585896,643.0264645172053,15.0,183.75601952077875
2777,1193.7370226548983,2525.2549158768297,13.0,183.7520465652854
2778,1819.8711750374446,891.0901858575246,11.0,183.65467147844004
2779,2728.2583792477694,2947.3806407496936,13.0,183.62016567585002
2780,1737.8284882816681,740.856217310598,11.0,183.59808245392873
2781,2611.0967499983803,601.0052811139014,10.0,183.58861315983603
2782,922.0134426498752,728.5658993388269,12.0,183.31449739106316
2783,3742.580252484613,1369.684106666481,13.0,183.26616691798023
2784,768.0175864474407,1663.3896123450045,12.0,183.22879682030586
2785,674.1490346828596,918.6416163818063,13.0,183.22251364353912
2786,1135.7356808544596,452.36088193831785,13.0,183.1738897242465
2787,900.3605796920173,1303.2373129147754,13.0,183.14454236839285
2788,787.374730573893,2932.229832595515,13.0,183.04569305151887
2789,2117.635752069461,747.3891490731891,13.0,183.00895794254185
2790,2444.178376321751,400.94004216438645,10.0,182.93342038806182
2791,2605.7857457066493,3810.014566488764,11.0,182.92936313693534
2792,2463.8141130498484,2175.1341505682753,11.0,182.92665803882602
2793,3111.5918013426,2150.5598569598965,12.0,182.84867578043554
2794,2204.7244006324577,3786.267945577517,13.0,182.8477953812594
2795,199.5458898753771,2332.6804747954684,13.0,182.79022882148945
2796,1595.0194361354613,3930.311481433293,14.0,182.7865108948048
2797,2712.2482227373653,565.535915181661,13.0,182.78116041181175
2798,1319.1144991577564,1260.5413667221026,13.0,182.78057853222276
2799,277.8104636568142,2129.395534282479,13.0,182.761132859633
2800,3283.328600853603,1563.318366912204,13.0,182.7366171157331
2801,1989.561946182823,81.55080099524928,12.0,182.65997060094264
2802,918.4693462589505,755.1438919769523,13.0,182.64148675311722
2803,1453.230373756776,935.1989398383654,12.0,182.63874034072566
2804,963.8885307448717,985.4735814126002,13.0,182.60641978320731
2805,1820.155014248039,3157.917361086502,11.0,182.55426061823113
2806,666.3187273498776,3264.7391150715875,13.0,182.53040989886557
2807,3119.21883956568,3706.6065044559823,13.0,182.37723912863603
2808,1161.4634187375866,2588.5562136591984,12.0,182.24226164182878
2809,2630.7956677751727,3699.4115354910246,13.0,182.18853311757698
2810,2245.6837482911146,37.56965717092942,13.0,182.1090783639124
2811,2610.2229761071876,1458.5436415509596,13.0,182.0903645574054
2812,2920.4848484528516,1728.5729145999067,12.0,182.08758780852403
2813,3471.037014192687,1595.4375752177361,12.0,182.08357345830842
2814,3252.148594057312,2209.7825710873917,11.0,182.05899253960973
2815,1452.3148627793603,2564.0790351640962,11.0,182.05684834033295
2816,1753.6467017730204,3835.8522306503055,12.0,182.03863175528906
2817,3766.7919700813413,1939.829439627978,13.0,182.01040547864568
2818,1075.0654928092483,589.9881689895003,10.0,182.00562035048324
2819,379.54790265223926,1919.4265767435882,12.0,181.99269985743166
2820,3587.8910070733764,1811.399585929984,13.0,181.95677643097642
2821,1918.8173233130549,339.2258004440483,12.0,181.92396084968644
2822,3493.0467406742855,2900.622465554678,11.0,181.914099865122
2823,3122.208631488805,2320.3222541240825,12.0,181.85381113186588
2824,1164.4682054763841,3692.808227359054,14.0,181.84035133201778
2825,3439.551008428338,2062.0971150429973,13.0,181.81844992516116
2826,208.30220182688967,2093.205753803074,13.0,181.8004771026479
2827,3369.883999683914,3332.8083226711997,11.0,181.78355376665758
2828,3216.51781146837,2841.807506834179,12.0,181.71502337011378
2829,2631.5710159235705,3123.039566088034,12.0,181.64573454103626
2830,217.95877488997093,2622.402799375687,12.0,181.63893570652638
2831,3562.921422410308,2680.694589557125,12.0,181.63535584435635
2832,3885.3879740821944,2520.2618387727034,13.0,181.5280766628396
2833,709.2646948022617,1273.737512759632,13.0,181.49159589798612
2834,1710.4701638137237,688.7900489626602,14.0,181.48122500535987
2835,740.9809222804488,2873.791290942296,10.0,181.46946063462883
2836,1391.6183348927905,1145.5700052517402,12.0,181.4578395973967
2837,388.78921726972203,3006.694586023751,13.0,181.3536212989788
2838,2083.4406072802394,3880.111786260143,12.0,181.35085957088702
2839,1506.6071836387807,3820.2395149882555,13.0,181.3316431258377
2840,3206.5068041925642,3489.8186702794087,13.0,181.24602814544124
2841,3207.775745859319,1595.6846214189625,13.0,181.2365723099665
2842,2000.042452111889,4083.6484694396345,11.0,181.19856311032896
2843,1638.5086931763876,1989.148405439761,14.0,181.19285773347372
2844,1680.9834466901098,596.5572964331451,12.0,181.03118862598836
2845,1610.7766541032377,806.9711078003194,10.0,181.01210660215526
2846,1742.1057753392613,3141.297041400887,11.0,180.99286250592465
2847,3177.112285468851,3387.3243691364637,12.0,180.93190541962946
2848,3055.6808893125294,1603.608825698549,13.0,180.87317838090485
2849,2504.870794292424,1844.9680602013536,19.0,180.80362597844115
2850,3589.46477159671,2105.378091092184,12.0,180.79332244609407
2851,3097.99534567958,3004.24626966199,10.0,180.76619283347154
2852,2428.345678508675,1367.3833833075246,13.0,180.73954145842157
2853,852.0115334445727,2912.885096730012,10.0,180.62457177063467
2854,487.9834471917244,1361.950487346355,11.0,180.62210939551676
2855,2281.7349260026413,3536.394289765995,13.0,180.57447911261525
2856,2132.467954100117,3417.7239647696083,13.0,180.56464082436673
2857,2033.5974648864435,1566.2513824919522,13.0,180.5093029815799
2858,1307.332235217194,2347.203340791726,12.0,180.479578442793
2859,1498.4091515612172,2900.7336902698935,13.0,180.47526897433133
2860,2203.852451186542,3572.556305447652,14.0,180.41758594481644
2861,1244.1880293625443,3509.1209054527585,11.0,180.36504767176416
2862,2763.7930635435073,3110.4203610262507,13.0,180.2275721367416
2863,3344.5973225683774,727.0060044400209,12.0,180.21223882125105
2864,3226.5548617641693,3141.264291830355,13.0,180.1738810149255
2865,2820.919168166055,420.88477749452085,11.0,180.1522689411115
2866,1460.3019805907875,1508.4186145618494,13.0,180.14403963916558
2867,3950.455608049411,1994.7423941185957,13.0,180.1319727611294
2868,3625.5996824528897,3259.4003032473934,13.0,180.1190460871227
2869,2722.2683077669462,3862.201295494157,12.0,180.03689576752123
2870,3306.708530200712,2899.701119101943,13.0,180.00317329677713
2871,3336.4321299554613,841.6013373283578,13.0,179.8991620721702
2872,3011.062700133551,1335.5689425647952,13.0,179.89321850473297
2873,3297.265122445745,808.2929606993304,13.0,179.80599838487043
2874,2112.418055185859,2974.714314561951,13.0,179.80357452620203
2875,1090.2366270034006,1248.3903035314308,13.0,179.79776961924014
2876,3503.6045046310564,2653.134158595896,13.0,179.7697587957557
2877,1914.303047547511,966.0771739971408,11.0,179.76345368622
2878,2645.91240908601,1002.8635993087231,11.0,179.73646552489444
2879,2769.458153902088,1594.36212909514,12.0,179.72761017047492
2880,3791.271846590647,1798.1980563892932,13.0,179.61825902345973
2881,3251.092483240062,2179.1771023083356,11.0,179.586425651071
2882,185.97367090479284,2443.323301312822,11.0,179.50553194612758
2883,1057.5950927269478,3611.8188609870526,13.0,179.394866173973
2884,3326.8037374592313,2513.129897156362,12.0,179.37014586595473
2885,3625.1935494569348,1175.0271640205676,10.0,179.1973552269011
2886,355.9952502630955,2622.8408148019175,10.0,179.15074333792816
2887,762.2129357884829,1733.6154653416,13.0,178.9915856128642
2888,2491.817938760231,2147.6053006837255,18.0,178.92113101908623
2889,331.44879408376323,2886.8378838151457,14.0,178.76747894867435
2890,1452.7373394876515,1215.6839426926472,13.0,178.76114976811957
2891,2375.541766011644,2652.2770873546,12.0,178.62369550063852
2892,1137.6047960734384,1359.6478103356603,13.0,178.53295271649134
2893,3022.2594593301187,3356.427595958417,12.0,178.4780418433386
2894,2608.4317785552435,1583.407341832489,12.0,178.44886135083522
2895,1204.2661561589885,418.41627726691445,12.0,178.41700670941879
2896,2126.2630228636117,3383.5509221966204,13.0,178.3857921701559
2897,3064.3849078713242,3322.2238053898973,13.0,178.28974483173602
2898,3730.7695403405273,1232.2014100926476,11.0,178.28664588946532
2899,1771.3222936843626,316.46825724581316,12.0,178.23568932448933
2900,2385.7930588278837,581.2320053145311,13.0,178.21079397561618
2901,1043.4868684993219,3057.9531734372245,12.0,178.18152327587975
2902,3304.508486961084,993.0846975926868,12.0,178.05296434644492
2903,759.0480111236299,2827.156520899983,11.0,178.03867210536433
2904,2266.154279861667,600.7086091846967,12.0,178.0205172020031
2905,2258.8429047435584,444.0224934792748,10.0,178.00770565323418
2906,3924.039291191922,1444.4980072178375,12.0,177.96521924614578
2907,1637.2523472507796,3270.8784363781638,11.0,177.93719049288663
2908,3091.3263282197795,1755.4560664580215,12.0,177.7645760077284
2909,3529.8485652307068,1457.8278850458312,11.0,177.66553756938399
2910,1139.8368132483672,2287.7242470406413,12.0,177.66412070576075
2911,663.352102415312,1761.0256187583564,11.0,177.62520535110696
2912,2392.977054755955,2534.9782788564103,10.0,177.58023658643066
2913,3425.582003645509,3435.573628656624,12.0,177.55997813625652
2914,1291.7516064588478,297.28296580080126,13.0,177.51669020750725
2915,3029.0518837792615,2691.8354908713886,10.0,177.43666353922367
2916,3900.472724477155,2505.6046258027327,12.0,177.422908720981
2917,2778.0120276330413,2081.741034788034,10.0,177.36077672177234
2918,2652.4205432752374,383.73048067731764,13.0,177.35900911481272
2919,1539.9279497459704,818.8939383881836,11.0,177.3455330022873
2920,814.1244550003075,3491.0883294959986,11.0,177.3431437963675
2921,3320.6267747458455,774.9671763177904,11.0,177.32770051218225
2922,637.9861619609387,1748.614388865586,12.0,177.32503772862796
2923,1799.4872318909977,1316.6549038867108,12.0,177.28917383088037
2924,2857.010401659136,3038.3310762057044,11.0,177.2816173004648
2925,1215.7340013570383,3578.2802305368946,12.0,177.20445631399144
2926,3378.3672518383323,1414.9077703963785,13.0,177.1546445800794
2927,2877.821092220563,3848.494535861406,14.0,177.1450501507069
2928,2009.0400805804018,4012.1777451695016,12.0,177.0072679098503
2929,3373.344851521874,855.2155536915989,13.0,176.99410232426254
2930,2371.7339484090394,936.3887080516739,13.0,176.96597889250492
2931,1600.0580581520026,2952.580319486581,12.0,176.93134658279726
2932,3403.2176437161024,2702.5578948153266,13.0,176.87043524478008
2933,2414.29573800144,2372.4848133096166,13.0,176.75552165502083
2934,2018.210766514713,772.8731072872666,11.0,176.708620367116
2935,544.7481442377517,798.7659859054949,13.0,176.6994689450351
2936,822.5693405124651,3060.456779192461,12.0,176.69490494876965
2937,1095.4595080274419,2117.529510786985,12.0,176.59947452605638
2938,2443.99288158538,2680.275095087274,10.0,176.5714804741886
2939,3315.665350654895,1106.7192526804831,13.0,176.5583039999267
2940,1264.927902501955,3018.288308296409,11.0,176.47855347151088
2941,2578.697603717543,1805.6860938448779,12.0,176.42653154389632
2942,2559.9445901188096,3098.2373477929145,11.0,176.35128495632543
2943,1013.3280935752832,2453.229817204232,13.0,176.35047554077764
2944,2043.773885047569,3657.7254028860825,12.0,176.2871613785942
2945,3468.1643650344467,1027.7604326885478,12.0,176.26211739827846
2946,225.55718303121276,1856.6700425887236,12.0,176.26168817418056
2947,3492.352557339376,3008.9575770451625,11.0,176.19756944319124
2948,3523.2490446569236,1090.5888372023717,13.0,176.10898320151128
2949,2545.1386268776632,452.22108660765167,11.0,176.1080283178865
2950,2527.205469651153,1836.518266272793,13.0,176.03995706974035
2951,796.8360856954449,2784.072383457954,11.0,175.90229433002148
2952,2151.9088546693383,3543.7290854191156,11.0,175.88945576274878
2953,2650.5100722934203,1798.2309271837523,12.0,175.85013074771035
2954,3029.7061454006603,1398.2118258087146,11.0,175.82958531090205
2955,1656.847360879797,423.04767559608536,10.0,175.76191621157193
2956,2121.128014311622,834.5517063429452,14.0,175.7406947119407
2957,3601.414020474065,1690.7044708166206,13.0,175.68231996445286
2958,3675.4915484461217,2631.3257191515113,13.0,175.67875855106863
2959,3792.134791019172,2893.2425146583028,11.0,175.67001859000314
2960,936.6345473073748,994.1781497501174,12.0,175.66642902954825
2961,3020.6746275907476,861.3184923705007,13.0,175.5513535486497
2962,461.24432484226287,1385.527601181835,13.0,175.5203344260413
2963,1904.7000171792597,2725.7176369611498,19.0,175.48672808030818
2964,2224.3255578225403,3473.4276590844433,12.0,175.48415201198839
2965,407.01195724538286,1549.5842582288121,12.0,175.43270181065918
2966,243.5925457248101,2081.475121436603,12.0,175.39155728027498
2967,2418.6228145863583,3936.5666611801885,12.0,175.339847731921
2968,3176.996445247657,765.1478252557333,10.0,175.28985979476465
2969,2902.9703050908247,3467.5463381785617,12.0,175.16589191677912
2970,2785.543355206445,479.3524340060978,12.0,175.11280090911447
2971,2769.868670489843,1134.707830907723,11.0,175.10923937794303
2972,3605.8724348021306,1727.4498512121295,13.0,175.055593244109
2973,2365.5647780010677,3672.63152526372,12.0,174.98044546312116
2974,2257.7746936406866,3672.514403818697,13.0,174.93346004804664
2975,833.3825641128088,540.6555463389343,13.0,174.85821558883868
2976,2605.226533945217,2086.9235740530844,20.0,174.76746192846687
2977,2505.8653063469064,1388.8504809598528,11.0,174.76403591783836
2978,1481.7818306492422,2825.89272139685,12.0,174.74162094157776
2979,3221.847822944912,1444.2642751435305,11.0,174.73033783372398
2980,1667.4395385266623,761.5118795085506,12.0,174.71145830855005
2981,2516.209573210649,1590.8819698629743,11.0,174.52476620740265
2982,1521.1670430236584,571.2738532143154,12.0,174.49354259554315
2983,3616.008385672725,1976.6889132534425,12.0,174.49141143193305
2984,1843.5472121437258,1465.8724329131674,18.0,174.46263358558116
2985,2606.631540993535,336.7322871451186,13.0,174.45488171600255
2986,2173.5487469210343,3171.106411437428,12.0,174.35393249360837
2987,1765.5949477188385,1634.2020792151588,18.0,174.32656799451465
2988,1974.8454031933325,481.92056601161846,10.0,174.31992419943765
2989,3613.3325542460066,2952.1037754951017,12.0,174.29896608748265
2990,3552.478969727861,904.2807584347863,12.0,174.22833763322978
2991,1780.9777400943017,3750.6898017734743,12.0,174.21062680801663
2992,523.9640591685431,2347.230273251445,10.0,174.14382654210368
2993,3246.541345538894,1818.4175086984067,12.0,174.10588644078993
2994,2680.3249535458062,3842.351024621099,12.0,174.0965519415359
2995,2625.882209107147,762.1513904537492,11.0,174.08925297212258
2996,874.4227351579908,3437.3297717332425,13.0,174.0701674978204
2997,453.73541572088504,1072.6432742470226,12.0,173.99278404711902
2998,2928.843794762947,1926.0673690377548,10.0,173.8670754048407
2999,2374.777442903833,2871.4874927224923,13.0,173.80531641590792
3000,1766.9005901887251,3946.8592083876824,11.0,173.7658126040528
3001,1270.3283199990622,2809.055282000963,11.0,173.7570435702118
3002,1921.6560131167912,3640.3198170925475,13.0,173.62360625518633
3003,1306.3566881409695,2690.9807550239425,11.0,173.41490185403396
3004,1073.4083640385538,2758.151399920419,13.0,173.40487180940553
3005,935.0907381995554,593.2366235576202,11.0,173.34739208883892
3006,2378.7536877457596,1333.546240268217,12.0,173.26034429741765
3007,3627.415865608744,1782.4306052394732,12.0,173.11716759964378
3008,3388.371868134413,3039.204890958873,12.0,173.07380552921222
3009,3522.3370325168016,1888.3649249305488,12.0,173.04041302370467
3010,1513.1772090925356,3298.7480029199505,11.0,173.005890995893
3011,2064.462402754831,345.00741551904235,11.0,172.9512376624196
3012,3026.735893461612,3575.4347369294724,13.0,172.93735676423105
3013,3565.2214810145474,2441.1524516244613,11.0,172.9339541387546
3014,3892.1730199528292,1624.8228198010058,10.0,172.91065739397501
3015,3670.5146442181895,2095.534891749208,12.0,172.89698541128067
3016,2467.4953218453,1554.7567522754396,13.0,172.8951812010223
3017,1755.554504451533,476.9832305666927,12.0,172.89110668473123
3018,1318.645830823624,700.8792447769652,11.0,172.83048202593918
3019,916.5764226922338,3058.3388419935236,12.0,172.80708207095824
3020,2970.0401531298544,1890.2281378573575,11.0,172.77441396829386
3021,1943.1377048646048,3616.7481276268572,11.0,172.72169269718805
3022,3445.799865906842,837.5560526143564,13.0,172.36131823855433
3023,1768.3990976079342,3543.124922205861,11.0,172.34408351618274
3024,1657.8310729421462,1392.1018863199715,11.0,172.28462524040395
3025,2113.6350675843546,3116.9884548342875,12.0,172.26586841904745
3026,287.3597555833859,1714.4086692731187,12.0,172.1822130278158
3027,2619.0339369262406,3608.302650531681,12.0,172.17888619399852
3028,3699.0066120223883,1158.7950327794904,11.0,172.17412518934094
3029,1648.3640264926655,1881.9712726785667,18.0,172.1050539917345
3030,3014.0430763735662,2798.2345268493063,10.0,172.06286244380945
3031,431.6399577364803,2620.499240009158,13.0,171.99611324707791
3032,732.9852935105016,672.3363773158018,11.0,171.9488381351493
3033,2648.312844068953,3098.6277922077707,13.0,171.84004147915837
3034,710.3200612137144,1787.096944665108,12.0,171.79584840304548
3035,2788.6437415493383,1182.5275274808566,12.0,171.7868560134424
3036,2248.845827361244,3191.387922827351,12.0,171.72529192995407
3037,2464.868094173113,1841.1607749188972,11.0,171.65279247385993
3038,2255.9767358691447,776.5003996001522,12.0,171.60378150625917
3039,3593.0375134334763,2993.6098874821805,11.0,171.55821176883845
3040,3372.3030831619412,3501.371177508816,12.0,171.55042051535406
3041,2436.462120471171,3122.2579708230887,13.0,171.52436318294863
3042,3739.2700172062314,2449.867868247479,11.0,171.52098323849015
3043,1670.3195543949525,3344.201519130941,12.0,171.5160359793461
3044,3770.8264674962497,1513.3724347631653,12.0,171.48905160049588
3045,926.4371943926162,2391.627401087947,12.0,171.44013743010183
3046,692.2931632825274,2634.615780723574,13.0,171.43802837562927
3047,2685.5924891746195,3351.3431000930027,13.0,171.42500430548415
3048,2398.01830531608,353.2267334363287,11.0,171.39218007320608
3049,998.2745439581189,3678.008868024037,11.0,171.28785494919734
3050,1448.5418086928419,1597.5414051796552,12.0,171.2508948586076
3051,3144.5468316659963,3680.049585223023,11.0,171.19090847908802
3052,475.38260901857996,1724.8461218619987,12.0,171.17443726730923
3053,1409.550295412074,1135.9212069731752,12.0,171.15679724167933
3054,2866.785613446745,3355.755542299169,11.0,171.11971672593273
3055,1587.796405293666,1181.150352686545,11.0,171.10181737136668
3056,2905.8242197738314,3412.7476970784337,11.0,171.0966307845913
3057,2874.122628500422,2833.4739273228492,12.0,171.04194540571
3058,3333.0689137664353,3097.2658373254035,10.0,170.9791716755388
3059,2557.866629842337,1921.693660721827,18.0,170.9239656343685
3060,2458.378192479506,790.2785500673381,13.0,170.8873120511307
3061,2770.429473777285,1106.7793159821463,13.0,170.8668434858821
3062,762.5444314165289,1110.2021201685202,13.0,170.7415698814812
3063,2211.7715102410784,3076.8979304828026,10.0,170.7126460070326
3064,2732.686996511972,2986.5539998379554,12.0,170.60580685485473
3065,345.96946911483735,2923.8814181300145,10.0,170.54810723870304
3066,496.2317307844806,1530.0234687999375,10.0,170.52130024697883
3067,3119.0921745884175,2088.2693311740427,10.0,170.48777510513779
3068,3719.056845855114,2771.577213149371,12.0,170.45485457424968
3069,3034.428571551682,503.99548063018005,11.0,170.4209633861966
3070,2143.2245681620298,378.4889373860155,11.0,170.32744706568838
3071,3534.877022772075,1023.2594034368044,11.0,170.278520025003
3072,3582.131926579099,3120.525059998113,11.0,170.24146162387981
3073,3433.6063578275266,1437.1155492949185,12.0,170.20075312896188
3074,1685.2890502114983,1300.6645637031236,13.0,170.1993471242525
3075,2565.717291645375,1955.3779926210066,17.0,170.16535476636224
3076,488.71457703947493,1997.9850872216773,10.0,170.16471393217182
3077,2866.1371823556346,2028.3195116399438,12.0,170.15300411306498
3078,720.6392353284714,1232.773347901178,12.0,170.139068548979
3079,3237.479138546389,572.3192729382486,13.0,169.9807619905084
3080,1996.5535141361595,1530.610765699664,12.0,169.97249400026345
3081,1977.4658665539544,3381.579362181851,12.0,169.90090138926342
3082,600.6203326261716,2643.3101255962483,12.0,169.81328748128402
3083,916.3787274433096,2869.578007873421,12.0,169.81281576788092
3084,3824.0986314524594,2216.8319275762797,10.0,169.7907973994885
3085,455.0441623449365,1897.2257140306706,10.0,169.6961576486148
3086,3996.5806749877543,2366.2579532544596,13.0,169.66427546789052
3087,2347.753755899052,1205.5055301131138,13.0,169.5886440138834
3088,2589.0808784772826,3353.1011049202857,10.0,169.58543899273417
3089,2176.328202468087,3500.197493271301,12.0,169.45774641734897
3090,2401.6489225455653,3132.849989640552,12.0,169.41142891257692
3091,3989.880764783093,1894.3384086523388,11.0,169.37921496301695
3092,2394.4653950721668,3133.7767268042894,13.0,169.37191679903734
3093,3480.5345479865546,1051.0027523482238,12.0,169.29342757528886
3094,2548.709315925108,923.9809268314,10.0,169.29337461898896
3095,3187.255419454809,2746.7423357484085,12.0,169.17843109202772
3096,3751.6209042357377,2353.6794715374144,12.0,168.9744273468366
3097,586.8351538476256,861.7125026213548,13.0,168.96485285159181
3098,2899.7523412983032,3652.4145662745586,13.0,168.93077325939757
3099,3825.5754836798146,1350.6328922496384,13.0,168.85311190981923
3100,2639.459625368095,1951.4009106651133,12.0,168.8501888488758
3101,1312.6096123505226,2307.572612046673,12.0,168.77380348078646
3102,3652.295332277443,2346.77585955359,13.0,168.7730995703685
3103,3759.543402749548,2152.7259710887092,12.0,168.73609601046655
3104,3721.994440132168,2921.5714834146884,11.0,168.71984692460313
3105,1707.8877069215043,3597.353686137612,12.0,168.69616653211597
3106,2771.4006408871437,2818.7176563499834,13.0,168.6961257181949
3107,1408.5904971790567,1014.4258379244839,12.0,168.62387563988017
3108,2554.7955229334552,228.79245327759384,12.0,168.60848942958114
3109,1560.3601875590468,790.965177293043,11.0,168.5720949985582
3110,3055.992732786133,965.5703275387386,12.0,168.53722306049318
3111,1266.9030750198538,3024.489046900613,12.0,168.53517627448443
3112,2487.7116528251663,2669.6566758342437,13.0,168.49390675300953
3113,1662.5014323471555,2824.6042024367307,12.0,168.46074288086066
3114,3666.420723510975,2390.3682585706824,12.0,168.42720873146627
3115,2414.938186598846,3825.656412994672,11.0,168.41399668224454
3116,2635.750861434229,423.5215738702237,12.0,168.3079171052951
3117,2862.4297263362796,996.2654386097682,12.0,168.27051073942135
3118,292.545609244858,2392.3171161731184,12.0,168.23025890833995
3119,3304.2077066322286,1810.1836392575087,11.0,168.12687789553993
3120,2455.3330057455555,3724.6609676619555,13.0,168.04621291270834
3121,4058.433292932239,1973.7096222561427,12.0,168.04453220197317
3122,3618.8416919486062,3112.31337091047,13.0,168.030017996249
3123,2547.6734293596105,1216.0146076117437,10.0,168.01145876421762
3124,2560.500885857234,612.0758461430049,12.0,167.97395288596283
3125,2492.783301211419,322.63778732430404,13.0,167.95068802847675
3126,2526.4029293827375,1442.9650404424901,11.0,167.9324923181984
3127,285.1919632981604,2341.7812128393157,11.0,167.90055124402795
3128,1219.2936707397516,2513.797299038512,12.0,167.87685490714154
3129,3809.5661111152076,3028.778235277716,12.0,167.84593190296462
3130,1001.8181756319528,3181.9422321179895,10.0,167.77383422026807
3131,396.7324140366336,2583.785180539811,11.0,167.75147069962136
3132,621.9916928469597,897.726427779231,10.0,167.7278576828049
3133,2594.4565279595467,221.33874566434332,11.0,167.6928422909796
3134,1504.83608198549,3517.4394475459612,12.0,167.68623905705272
3135,2959.2429151516194,2817.3134515332836,12.0,167.68565051148994
3136,2578.8622063542307,2946.824460314431,11.0,167.6575520789279
3137,3189.125482942957,2009.2980586060607,11.0,167.54835618552002
3138,3399.335033169785,2036.02212382342,10.0,167.52953398968884
3139,3154.787870912907,3261.699125426601,13.0,167.36499740843908
3140,1160.1819663322308,1428.1946789946292,11.0,167.34530034910782
3141,2749.849004745111,3863.0474539892984,10.0,167.33511956797477
3142,378.6438843118212,1030.5231337753823,12.0,167.10596770515212
3143,881.8368867935752,1059.4625842946834,12.0,167.0673773517184
3144,3703.485106764548,1297.638426436012,12.0,167.02773885789705
3145,3168.612437575007,3184.4133894827555,12.0,167.01504629785668
3146,1333.591022058528,1694.9945884647152,12.0,167.00962509647107
3147,3428.9202816649495,2212.717227373465,10.0,166.99805568596548
3148,3239.625889822016,3292.0255494488106,11.0,166.95865288430133
3149,1111.0310391085252,1763.711784218629,10.0,166.93728122968216
3150,696.8588580507303,1108.9704252767917,10.0,166.86029787217618
3151,1138.6681726431864,424.3628365889195,13.0,166.79529161822168
3152,3521.8977859389265,2182.5491524335043,12.0,166.75566791319233
3153,1610.30866447686,2488.4530848152644,12.0,166.7071387578041
3154,1761.6690551656504,3981.2312274565957,11.0,166.67871068405765
3155,1403.7367142094251,508.79613570632335,11.0,166.62437302431326
3156,1339.200911872689,3401.1037937644596,10.0,166.60768785018936
3157,1766.5637799381936,1145.42813227953,13.0,166.5766184433525
3158,1258.554678141641,3654.495401565388,12.0,166.50609751747493
3159,2960.009453576249,3467.246907291643,10.0,166.47053069492165
3160,2704.98052378772,1364.9060663728103,10.0,166.3907515652465
3161,1021.364466935246,846.31395341678,11.0,166.32190742652529
3162,1600.237160866226,572.1050949834845,10.0,166.27288140617367
3163,3711.5919584149224,1970.3310222216987,12.0,166.19692132100192
3164,3275.487528810836,2778.363533934166,12.0,166.12929502458502
3165,2215.420822842986,3009.0579544323223,13.0,166.12758994805537
3166,3283.7844368940714,2137.7062523211994,12.0,166.09276896417254
3167,737.5277395309292,1474.540218223749,12.0,166.0161854434079
3168,1442.208571625589,994.0321644484512,10.0,165.95582625744058
3169,3267.430857449255,560.1919551720473,12.0,165.91145596891386
3170,2791.0223217020553,3136.3984881711795,11.0,165.86373248579744
3171,1889.7371907330557,3096.3902968307916,13.0,165.809291669118
3172,1144.872209096554,1818.4429367271787,11.0,165.72350049881393
3173,1384.911637596198,2634.9722156625076,9.0,165.51084635359467
3174,2873.1122219656313,1659.854680602985,11.0,165.4271696914853
3175,2432.967247872954,826.2067638921794,11.0,165.42671351602573
3176,3056.99149727729,872.4518452666956,11.0,165.4048497138333
3177,3437.6105169970074,1915.466941326478,12.0,165.3903560073465
3178,2782.727553632087,542.3140820493668,12.0,165.34631313962518
3179,3405.46664497857,1843.2463547549776,12.0,165.28491419683397
3180,2310.671549111142,1327.6892550715431,13.0,165.16644201016229
3181,1802.2313145025084,1567.2083056141091,18.0,165.15798435642682
3182,3322.8387006473877,1384.9771182641632,10.0,165.11205271012182
3183,2782.852327148533,2390.8493631100578,11.0,165.08799134986893
3184,1517.451268397613,1304.4328199187314,12.0,165.02515936727906
3185,749.2156681060798,1900.0780985013105,10.0,164.9426799629651
3186,3122.020741982569,2236.3199920815814,11.0,164.932355225796
3187,3718.6631711201344,2533.875199228132,11.0,164.8771685814717
3188,1191.2875203591502,2906.4859176569107,12.0,164.70874333511048
3189,3776.4249569916674,1782.543097286759,12.0,164.66967048897374
3190,1380.397321111437,2665.1754507031633,12.0,164.58784910133133
3191,2497.7046186578114,3381.8497952773205,11.0,164.58479637645132
3192,1227.1781047456527,576.9065555587792,10.0,164.58331231767374
3193,2907.114622755688,2071.423848178175,11.0,164.57196572066456
3194,3638.044468489577,1742.7237187844062,10.0,164.50804891587663
3195,3364.9445441421963,2571.707279321178,10.0,164.50364212937586
3196,710.8057865590314,2575.549639246209,12.0,164.49196464453553
3197,3188.6019960253184,2109.427443318207,12.0,164.4447681411391
3198,2640.9980412206073,3724.2384732131027,10.0,164.4138833767176
3199,1686.4478497332718,956.9207660573285,11.0,164.29547539974445
3200,2910.2118175521628,3158.8736759555914,11.0,164.28807522447275
3201,1513.626548866446,2273.0715973160195,11.0,164.2551438415335
3202,2538.439056307062,3930.0731381419246,12.0,164.22223516971084
3203,2333.994552948952,862.5740233008302,11.0,164.19865536062565
3204,2278.5047875719415,1555.2720588286338,12.0,164.17377485771257
3205,528.5557814117471,2556.1227564392416,13.0,164.09475449451426
3206,3459.2183821341573,3018.730857591661,12.0,164.09049162304092
3207,511.3656958121656,1232.9509936272605,11.0,164.08784003768173
3208,3262.584656901577,655.6727091801081,12.0,164.08449694501093
3209,646.6205664752281,3169.002863735397,11.0,164.04709723251554
3210,2257.782939122297,3229.845800644713,13.0,163.99129001245723
3211,443.97934389465087,940.6685908887362,10.0,163.97073433922165
3212,962.2000018828797,2128.186068452394,11.0,163.94160216544572
3213,1024.5598664809588,3557.1254011998612,12.0,163.90740821379362
3214,1997.5547667466403,3385.7969931215116,11.0,163.85729826830158
3215,1150.2734280658244,2971.185237938657,11.0,163.7155258210792
3216,2080.0364406934586,814.0022985534104,9.0,163.63401492998267
3217,3373.8304784644533,1978.9600869923688,10.0,163.59838068876587
3218,2525.341979488302,3191.4308163640767,12.0,163.56970457072276
3219,3004.80002157665,2948.7528757914597,11.0,163.56903076391544
3220,3791.940374888012,2727.2894911470758,11.0,163.46071199816996
3221,2860.6797494096563,1691.5237962630704,11.0,163.44351656362818
3222,1433.328060009147,447.62610198168534,13.0,163.273530741159
3223,1121.7654676465452,961.5447217326835,11.0,163.22684206653716
3224,500.69086656285793,1105.0638638832766,11.0,163.13719231204672
3225,2604.139599472859,3913.841641839894,10.0,163.05394049371262
3226,1455.381106895908,2255.6094292286093,12.0,163.03518836830534
3227,3180.202623941541,1231.011448332416,10.0,162.96813226854852
3228,3714.7279318935407,1255.3790446374846,12.0,162.93329121583645
3229,3003.0702536175036,801.8451578361329,10.0,162.87960734341738
3230,3885.9704172376505,1911.5134297241636,12.0,162.87699392187733
3231,2328.98815767501,3026.4542658272694,11.0,162.85611773636867
3232,1544.502183532057,3910.8263922076735,11.0,162.85058910321703
3233,3570.587935564991,3286.152732415032,11.0,162.70365057766588
3234,554.8096200824535,3264.1753621816265,11.0,162.60118736789346
3235,3373.315248148608,3473.428955943729,11.0,162.55383012098096
3236,1578.461200038334,2260.421989028151,12.0,162.52137784747373
3237,2902.581329179561,2112.276683941694,12.0,162.48646346955283
3238,1531.6295607062057,272.82895399598107,11.0,162.4850633458079
3239,2279.259457495236,3196.980989752157,10.0,162.43852876242536
3240,3270.1774513368823,2160.970061334851,10.0,162.4153100063768
3241,2562.6229019886687,1444.5155896541626,12.0,162.37389468494652
3242,2445.065727061943,1502.9493171458712,9.0,162.35606919485167
3243,2236.688051265494,383.67203162249194,13.0,162.32098763818829
3244,3446.8639850604027,3064.4438360317367,12.0,162.2225051945237
3245,3125.806545336095,1595.3838414592226,12.0,162.21661225461253
3246,2806.180727463892,3877.439862422177,11.0,162.21167487033347
3247,2507.005483439393,3266.778162413975,10.0,162.02483698842
3248,691.8941049986946,1164.1425739666702,10.0,161.9851684529287
3249,2741.4885439926575,667.5636388263572,12.0,161.97825146942864
3250,3304.638873049105,3409.938541797484,12.0,161.9457460177148
3251,2904.4751432575185,1275.4247009963344,12.0,161.9358094804184
3252,371.0267183098715,1191.1457078984909,10.0,161.88046920135912
3253,1198.158640743509,2650.7502625987213,11.0,161.84822078859435
3254,3042.3764294131274,3133.2161696132794,11.0,161.73951628339995
3255,2153.5328955899968,3928.541081191815,12.0,161.7143244107447
3256,2461.5556398931935,534.3652321506665,12.0,161.6994823253725
3257,972.5964480807589,2784.123936368055,11.0,161.6407617250533
3258,2511.8339936070684,2120.5292857155346,17.0,161.62788189163606
3259,2355.1423905512074,1286.221324043102,10.0,161.57997688274006
3260,1404.5395617398713,356.99127061052684,12.0,161.4610513809095
3261,921.0372854292858,2978.286600299613,10.0,161.44039729887243
3262,3571.9680535791185,2620.851144265116,10.0,161.3872831576163
3263,3087.2457959869657,3409.207146648151,11.0,161.36017004002855
3264,363.5438403750986,2551.49966067517,12.0,161.35760454373985
3265,3539.8758589525605,2412.8628197447483,10.0,161.30305636111126
3266,3092.442206683677,3710.684580467391,13.0,161.23266528431466
3267,2296.7634878323383,1596.0474234623478,10.0,161.22011256167244
3268,1290.424282168718,1810.9848974563874,11.0,161.1946451775131
3269,1137.9792363417605,3593.2220397062506,10.0,161.1916205288417
3270,3637.602606309477,1012.4042704776704,12.0,161.17429273180483
3271,1998.3769810986855,328.5740648863406,12.0,161.15152903459472
3272,897.3648645311798,2558.185441500786,12.0,161.0711616441747
3273,3028.9946542608245,1759.5140827136229,11.0,161.0351465652506
3274,1595.6246142241748,3315.0859827313257,11.0,161.01531704501747
3275,574.7001170781936,2952.0152113959366,10.0,160.9988473225019
3276,1858.425141687286,1043.418098827307,12.0,160.9576603199386
3277,885.6346844110101,3459.44992109089,12.0,160.93715006606925
3278,1220.5995950283068,3357.3564700636744,12.0,160.921182500106
3279,491.02615830411156,1589.673580544746,10.0,160.8118054952578
3280,2632.69551869335,601.5454891396412,12.0,160.79800312278513
3281,1613.258646491502,3415.078500732252,10.0,160.77264793747705
3282,1841.020359946878,3603.361142730385,10.0,160.75194649896983
3283,2950.4983712195663,780.3325401994638,12.0,160.74884903462677
3284,1409.1069092029002,2683.6554608644633,11.0,160.71746744941248
3285,2084.6518754999643,2568.399785086356,12.0,160.68635528867546
3286,1360.222253075997,3056.175893292167,13.0,160.65977113938123
3287,2585.448773887458,829.5206443379282,12.0,160.6586316038535
3288,231.65952907886128,1915.6056072166148,11.0,160.55905419393608
3289,3328.6489420054777,1833.0584898909528,10.0,160.55031383942
3290,520.7216338745621,1310.3969692574597,13.0,160.54071198204096
3291,1748.0776382897,2808.7772815365356,11.0,160.42469297538096
3292,1292.8084627203395,1416.0176713433764,10.0,160.39651265054172
3293,2311.6042414451936,3608.4318811533562,12.0,160.38850930815482
3294,143.0759703946563,1845.9855035237665,9.0,160.37723472064118
3295,524.7044658228002,2455.7507009050682,11.0,160.34449314353185
3296,1827.3906754656887,2791.376458791938,12.0,160.16328626558723
3297,1534.4222514882238,3111.4648451024336,12.0,160.1520093568985
3298,1249.661141966506,1210.360822146205,12.0,160.13040964366672
3299,2532.002420645206,2118.530306105972,18.0,160.08759821975082
3300,257.48160577951245,2060.5791704085473,12.0,160.05508601295503
3301,445.48418270658533,2395.3675840513915,12.0,160.03878702167896
3302,2118.1099667576195,849.0371628252598,10.0,160.03280082516716
3303,1564.9962734210849,3461.4306550990627,11.0,160.0235911166251
3304,2595.7706355855566,3044.8923320552035,10.0,160.0229722595359
3305,1387.9025785933159,1496.2668432280486,10.0,160.0033779877876
3306,3639.1291225397276,3227.39103748475,11.0,160.00084978769112
3307,3541.2954103094103,811.4922836021782,11.0,159.98010453224012
3308,1063.9741420000034,3669.572334495855,11.0,159.93698100456533
3309,1756.4338635361896,1048.628682861832,12.0,159.92641581789132
3310,3876.6013079800614,1312.530185087907,12.0,159.90023489987513
3311,1625.6947673468778,576.2622546781532,12.0,159.85511142321423
3312,1164.3537237982355,1707.0882286156348,10.0,159.69602977620696
3313,1272.8069767742463,3133.1082252953684,10.0,159.60541238045747
3314,1841.9762641304692,113.34873297213755,12.0,159.58898117701082
3315,3049.5006026536917,3526.3158793686785,12.0,159.58115455675187
3316,3279.3181793298063,2062.2314140600715,11.0,159.53126610155908
3317,211.84757867317452,2749.280172900928,10.0,159.49867337249557
3318,1158.596617100352,2399.0699161442635,11.0,159.46314304184367
3319,1578.0759469277768,2691.2604797256254,10.0,159.45246644305297
3320,867.3753959318585,3559.9346205016695,10.0,159.43283250052744
3321,3950.1282706285624,2297.0693639705223,10.0,159.38731811060072
3322,2980.7606557457193,3235.9646925822817,10.0,159.36422181595918
3323,2020.8135773602785,723.6231178001105,10.0,159.20088740318843
3324,3282.5687189318833,1012.6860011302019,12.0,159.19400053067437
3325,1300.2036724452198,3002.7413714649824,11.0,159.10142764495853
3326,2946.5692676813187,2944.6086280697564,12.0,159.02700190388362
3327,2062.888748672371,964.2528860611563,10.0,158.98498269658504
3328,1820.0692195845995,1180.83112515727,10.0,158.97719232627344
3329,1024.650153644527,3652.6277254626834,12.0,158.97223788294525
3330,1734.1826235081037,3746.6587597454427,12.0,158.95400102398463
3331,2181.631288176149,440.9398784422872,11.0,158.93405281465118
3332,2762.973036360944,762.1380408032603,9.0,158.9275404285106
3333,3032.0444900784873,1436.5485125057537,12.0,158.8719907776605
3334,2200.1095547523937,3656.7246338122727,11.0,158.86889499568028
3335,1160.6904109416596,3611.224984774632,10.0,158.8510621095526
3336,3628.947496562299,2338.436361655179,11.0,158.82067582050718
3337,2557.4841328407942,3285.2768890907137,12.0,158.78479107854542
3338,1940.0021141904917,643.0746950600733,9.0,158.71717075058768
3339,1400.6695215140287,1980.5707394170652,12.0,158.71546093556697
3340,914.0300077872643,1899.9402301481523,9.0,158.7069575840712
3341,3536.01015487889,1246.579668610339,11.0,158.66377456877197
3342,1186.826549129382,513.6257466943849,10.0,158.64273532962986
3343,518.041958355854,1706.426363546835,11.0,158.62586328865095
3344,659.5754580126977,1153.4518569569714,12.0,158.60759797925067
3345,1096.0256555478811,1999.344487881792,11.0,158.56071782197262
3346,2271.895176196913,532.6130917581401,11.0,158.5095928886901
3347,1217.0480967336352,304.31390598786584,10.0,158.45281474949658
3348,726.6972951916924,1087.268301289699,12.0,158.387039229894
3349,2849.564203853053,788.5299731441899,12.0,158.3776805212019
3350,3573.1509773133025,2182.893450602274,10.0,158.3629069970318
3351,3643.96363267928,1917.3171201194841,10.0,158.34783146783985
3352,719.9325307687342,3172.547613270136,11.0,158.27722009205144
3353,4032.507349925885,1944.0391208473438,10.0,158.21001308445025
3354,1729.7012186535892,462.9061115436936,11.0,158.13766565671915
3355,2372.6451183739496,3843.689492843726,11.0,157.92173601288766
3356,2692.153126735798,728.5167382491134,11.0,157.8999715922828
3357,1165.2945412749061,3733.968937342152,10.0,157.8030044312591
3358,2938.765753051726,3732.6673874579774,10.0,157.75459624734233
3359,368.9502628040544,1294.2517598826398,10.0,157.73584131577945
3360,1331.9520012604148,529.7274999151895,10.0,157.72136608167477
3361,3626.2736154481,1321.7754429955073,11.0,157.71431616397317
3362,1640.9580669807685,2751.904671399475,9.0,157.67897932522763
3363,245.17707914716968,2173.223805391897,10.0,157.67288604907688
3364,1092.583450853811,3314.988427922318,10.0,157.66266243466634
3365,182.31135332425913,1631.3334243295478,12.0,157.65775879682678
3366,1738.6553894796523,3072.884478667551,11.0,157.60938931639217
3367,2463.5937783402046,386.305502634529,11.0,157.58396053998194
3368,2611.0796775352574,2431.701575769494,10.0,157.55804930904856
3369,1143.2900955282744,756.6038751650117,12.0,157.5308798438399
3370,3700.3225264140874,2981.4644489493603,12.0,157.4969149933468
3371,2069.690026813539,976.997755708134,10.0,157.47385312968
3372,3143.643024761811,1855.105786040122,11.0,157.44666794183155
3373,2221.0292293727066,2686.158780696574,9.0,157.43208026136375
3374,2227.5233695067127,1375.4643648570884,12.0,157.39164055723614
3375,3242.6488087773414,1062.2200700947815,10.0,157.36975738172347
3376,1164.979260560232,3353.324962053277,10.0,157.2397373973767
3377,2597.41399360998,2693.471622054704,12.0,157.2376947684827
3378,3457.6464356666397,3352.2192447025695,12.0,157.1869639586365
3379,3054.3605949609455,2851.775350199397,13.0,157.14017724609548
3380,2862.9371514650343,3081.607476271124,10.0,157.12221329442997
3381,1756.9586435491956,2483.735741887812,11.0,157.10868176238546
3382,3988.8039561246646,2165.3282708901397,11.0,156.97987656840326
3383,3517.992690665757,2323.668075982852,10.0,156.9537923635541
3384,1056.0383456874986,1045.0638395198148,9.0,156.8876209715309
3385,2002.5303712012053,359.02478180265314,12.0,156.86851427667054
3386,1250.218785703721,921.7465900355218,11.0,156.86050346596724
3387,3519.0605037014634,3010.869898439194,10.0,156.84542080636595
3388,3487.5663884492437,3275.023033738096,11.0,156.84514349381766
3389,3473.219955508264,996.090034683977,10.0,156.8285370162609
3390,3150.77483163432,2424.939786710562,10.0,156.7833965927826
3391,3254.9589258006376,1675.725447867998,10.0,156.76856272583134
3392,3034.141982326754,1001.464569833068,12.0,156.7611009926068
3393,2584.6727610380162,1369.846018159171,11.0,156.52207613612558
3394,1576.1532023865132,3685.375533074637,11.0,156.48742640016397
3395,2855.0537735072994,2110.7211998563457,10.0,156.42959987414304
3396,1334.3408472492317,3333.4923514145435,12.0,156.42075176911754
3397,3720.4752014150426,2386.4740387055126,12.0,156.37793549429608
3398,1929.0952924726002,937.556847593525,11.0,156.37002514391585
3399,940.552757196023,3267.0953648995173,11.0,156.3060384793711
3400,1114.2489976724125,2571.1759249978954,11.0,156.2298469062008
3401,2265.1024669872077,3780.13816984299,10.0,156.2273080423346
3402,431.6956608204812,1289.7425032796684,10.0,156.1881999069702
3403,3019.3647356039432,3404.2905946762185,11.0,156.18672433786975
3404,2936.1319351494344,2627.202316142095,10.0,156.1678725094798
3405,2461.4917957147823,2791.1231920406017,10.0,156.15954318268743
3406,3172.431350689925,1627.8169400221532,10.0,156.14416526814617
3407,2646.682380793762,2607.7277636970352,10.0,156.07694862269136
3408,3608.497097222258,2173.260289129801,10.0,156.07536687837586
3409,440.16733659887086,1778.2543308810707,10.0,156.05291965199086
3410,2282.666748934771,3712.5877375953683,12.0,155.96179911292603
3411,2732.103095278619,3218.6374278263893,10.0,155.94822893916373
3412,2546.8267216022814,2463.36077896311,11.0,155.88928344189324
3413,2664.2640860537813,2979.854553060541,10.0,155.87649308175716
3414,2119.5240047901348,3140.409546404993,10.0,155.85274154119023
3415,2487.8464792677473,366.11111593248256,10.0,155.84659165439004
3416,2434.670461787785,3404.142665749891,11.0,155.82074548740542
3417,3675.3453085993688,2032.6432386000279,12.0,155.78991517771385
3418,2776.67929437919,3538.5144965871605,12.0,155.71958376239934
3419,1223.22215233577,689.0445873131672,10.0,155.667506846227
3420,2043.2681177791435,2700.044555960997,18.0,155.628221171113
3421,1083.4716792945471,2121.7675992908125,11.0,155.60814208742266
3422,2668.709327622468,2669.9906940531705,10.0,155.59981079168824
3423,2346.271042770825,971.0848717811671,10.0,155.59673623165108
3424,3253.8161328882175,530.2883828532061,11.0,155.5537237552037
3425,1607.3751856108404,1279.8669215861455,11.0,155.4980621346363
3426,3919.435752807159,2222.482209905861,12.0,155.47031628961054
3427,3146.4765644578406,2080.467181393501,12.0,155.46135525933988
3428,2110.4352535445796,972.4258122532922,12.0,155.3585165546287
3429,3377.0993050828943,1364.2026550419696,10.0,155.29261572591446
3430,929.2204248777257,2935.959968560738,10.0,155.2901001587733
3431,649.6979111718508,3158.060041152281,10.0,155.27608892125986
3432,224.26724262792018,2724.2842444342896,11.0,155.2718658259069
3433,3177.8721115861085,1739.1686562838947,10.0,155.1869773577962
3434,2157.3562918060156,3362.1884432154957,10.0,155.12254926570537
3435,3375.2338905122483,2859.756689645594,11.0,155.1066251553786
3436,1359.4475484710058,2712.26092762595,11.0,155.0806677001956
3437,3768.316617640466,2022.3768563381793,11.0,154.98651223870743
3438,3109.3668179433794,3591.0461430400355,11.0,154.9324667789143
3439,2024.0694084187328,3548.2564104448224,10.0,154.91200363570528
3440,1025.6609833156238,1118.356913762252,12.0,154.9037653411687
3441,1828.351411304723,1030.0094685283734,10.0,154.81216789380974
3442,2409.48079556433,3054.592127395808,11.0,154.80638856939711
3443,717.5035707759728,1875.9348162150413,11.0,154.75337572146776
3444,2149.8535727392527,3825.1161601325225,10.0,154.61728581837792
3445,913.0693470320159,1723.778674864393,10.0,154.59372431449302
3446,1735.6989667354933,3552.604274078789,12.0,154.58469269002663
3447,839.0810041542461,3086.267823119152,10.0,154.5646414562608
3448,3747.388905160168,3180.653073137543,12.0,154.50972940270697
3449,2701.66015254395,3125.217316713249,11.0,154.39268235908003
3450,793.6661988568649,3167.0124511425483,10.0,154.34784381690184
3451,1886.6248703041595,3993.2081151963926,11.0,154.28959405351995
3452,2046.0043541091304,142.7181524585785,10.0,154.27514442492776
3453,3408.2012565263663,2883.1528239426293,10.0,154.23634000847423
3454,2895.551276262517,2816.8865701294376,10.0,154.18458188601082
3455,1465.2268397771782,1297.2186655094372,11.0,154.1326839430988
3456,2073.0323789489753,612.2300416068198,10.0,154.12714617463251
3457,2438.758575518165,442.87262628627377,10.0,154.1270172019423
3458,915.692181820624,487.1557836191213,11.0,154.12336769676276
3459,995.7400792078112,3316.8760176778314,10.0,154.091355452786
3460,3118.71604955706,1398.1140068735244,10.0,154.0785621510133
3461,134.43130193363348,1732.6353350826703,12.0,154.04129734563756
3462,471.4976316425455,2488.414676005854,12.0,154.00190814445983
3463,3371.8972390916383,2139.1965549910565,10.0,153.9808922360639
3464,3656.8562428900977,2157.516162492845,10.0,153.94124230508672
3465,1151.3613959805018,812.2534985614294,11.0,153.92344712121036
3466,3300.4873790380802,721.5867847627596,12.0,153.8923908334279
3467,2311.7635757043295,2764.360559086747,10.0,153.87255556105595
3468,1947.9895897328504,120.96552831054935,9.0,153.87221964605604
3469,3043.7407585378514,2562.8403741082984,10.0,153.85662935810484
3470,2518.4240375442605,2630.9461998111506,11.0,153.76144981290864
3471,2704.080460758758,3732.2848171230453,10.0,153.7564871897617
3472,3391.394439167883,1174.4778495331393,12.0,153.7377315026002
3473,1863.6975633962618,2674.7581543531305,19.0,153.70815609216962
3474,2282.4335709808397,717.5097377170107,12.0,153.6963964319741
3475,3136.6471758098337,949.0004985178487,11.0,153.68724387093712
3476,3914.2789830526012,2039.252832147386,10.0,153.64210531915177
3477,801.4786916944859,2734.6297025592667,12.0,153.5734086179983
3478,1534.04236883996,1091.0788865019717,9.0,153.53625260432761
3479,2664.1751854544636,594.7151292581319,11.0,153.4951966968373
3480,2343.9476414488963,1308.7062014167232,10.0,153.43100503979338
3481,2725.217208818874,3447.612733530331,10.0,153.38919669858376
3482,729.53478226284,2161.9408807136633,11.0,153.38133498371639
3483,710.0472544637583,2820.048425348643,9.0,153.37732078550766
3484,1398.3060214376076,3872.0287109325564,10.0,153.37100735470344
3485,1990.7370498128748,723.7517626374657,11.0,153.32730331964086
3486,2329.2697893371173,3684.2225076286554,9.0,153.30214417203536
3487,1182.644059389656,2513.407313527485,12.0,153.282978833524
3488,1130.9128140599553,3572.676159242994,11.0,153.24948557410497
3489,2119.313945358365,3743.516212899049,12.0,153.03622675447946
3490,2232.4140479050075,3741.7803611505824,10.0,152.99561945286985
3491,885.3427972776516,2705.7398594490123,10.0,152.97476083587355
3492,1122.0820366380035,1511.5781843002808,10.0,152.87176572328644
3493,3787.6797319968423,1883.9189628510323,10.0,152.846550367676
3494,2806.4332537788305,3698.6170063823624,12.0,152.810921572006
3495,3669.0879007602966,1691.836879510326,10.0,152.79878618363384
3496,920.7185663444765,2103.2568131346243,10.0,152.79791901856376
3497,3914.495559013596,1569.793584782125,11.0,152.74231757943306
3498,2378.8799414407003,2895.8912021566375,9.0,152.73414572466635
3499,2374.312990363902,1074.5328462580153,12.0,152.70240039088523
3500,3635.9630149474137,1819.3144763561384,10.0,152.7003682058333
3501,2730.934584030863,1420.730896723132,10.0,152.69973602194804
3502,782.5380878642504,2913.976267438231,11.0,152.69670832061058
3503,2805.718657712462,988.4354899587596,10.0,152.69166722055974
3504,564.5432448337357,2358.4946100221987,12.0,152.66264471942762
3505,2282.485139438471,2456.9649291164374,18.0,152.57690269386325
3506,3689.833077492863,2483.5976209257747,10.0,152.5740576225127
3507,2429.7053473165124,2132.4005181416387,11.0,152.5072461392081
3508,394.3917944202055,3134.966757373683,9.0,152.47255979259037
3509,2620.519768155411,2931.5460977884377,12.0,152.4487314141041
3510,2746.590460154013,723.5207387901213,12.0,152.39324888107848
3511,3249.0358458228616,1304.5390788740133,9.0,152.36219911212658
3512,315.86938327348554,1545.4280123125075,11.0,152.35627680202688
3513,1607.382499088162,1293.9313446932745,11.0,152.34229445625635
3514,2827.9813113387218,261.8596857341966,9.0,152.31072761557928
3515,2529.2624421630408,386.9678649392918,10.0,152.3084492455763
3516,582.7291392722127,2515.8900926859633,10.0,152.27928033120656
3517,2708.001714268615,2344.034238692629,9.0,152.2759096576494
3518,1481.7425597249762,867.1642512371443,10.0,152.27411053685373
3519,3131.738512395176,2533.559310264384,11.0,152.25992505096008
3520,1054.2019558546722,2596.036633909965,10.0,152.22294331623726
3521,1173.0808541156825,560.4738118487535,9.0,152.21596619443238
3522,3860.1127935632458,2352.156017368287,10.0,152.1991831083814
3523,1528.602145728991,231.46304843436175,12.0,152.16081591616435
3524,1186.9006570890376,1083.592067649145,9.0,152.1009341006976
3525,706.4764119199116,875.7795069412921,11.0,152.065503339261
3526,3138.914487740966,1754.049602897324,9.0,152.0638194171186
3527,2197.997826382339,3743.3535492600117,10.0,151.9658467662751
3528,335.31148883375994,2298.0825904785615,10.0,151.95607513481562
3529,1303.231256616319,3432.7811799830856,11.0,151.85782978976718
3530,727.0276907817043,3373.1184892430683,9.0,151.84957499267182
3531,1098.086561449102,1871.6313894277157,10.0,151.8369481048446
3532,1296.63769133152,1130.5389286922841,12.0,151.83589972685857
3533,1513.3613865556338,521.9904724921852,10.0,151.7278940242609
3534,219.57269883601407,2114.0650971223286,10.0,151.67279405945155
3535,3400.641584996383,2405.8635920184242,9.0,151.62758242854682
3536,2858.4771097652947,2510.5435599517637,12.0,151.57563639933056
3537,3022.452060834375,3670.769788235379,10.0,151.53387217965596
3538,1371.2384941323764,3191.8700043509057,10.0,151.52726577314735
3539,2131.2995980369324,654.597797062272,12.0,151.49689240796266
3540,1499.8301434104953,275.02031359867686,10.0,151.49629126437705
3541,2110.3567680037017,723.9828354910017,10.0,151.41877903328498
3542,2843.1725773009052,3383.5646137152157,10.0,151.41711049909986
3543,3336.0432503625766,2334.538301800126,11.0,151.41114476242447
3544,3594.353446659862,1868.6721274041784,11.0,151.40641616773627
3545,2306.191236771094,639.1965857751597,10.0,151.3788020172081
3546,2400.375167428852,434.4452473298956,12.0,151.337201194986
3547,3055.333792073132,1394.0765110138257,10.0,151.3288134255351
3548,2747.2915147910385,3850.1904371815376,9.0,151.29477840829213
3549,3275.019055077753,3217.229166590745,10.0,151.26318269277928
3550,3157.4425115244667,2272.8693278631927,10.0,151.23449484763947
3551,2737.8537437247705,2433.294115537468,10.0,151.21893719227197
3552,825.2193442947345,1044.1842732497646,10.0,151.2180810601494
3553,2869.9646190303347,1361.4830044522762,10.0,151.19550157102677
3554,3415.774992357249,663.011295023052,10.0,151.19394288592804
3555,2909.533454298066,3325.0320684971216,10.0,151.1886017778749
3556,81.95676994423096,2083.4566684762303,11.0,151.15587480357266
3557,1475.3255635402647,1931.5510089355294,11.0,151.12641690386027
3558,1900.7337427764685,933.5628298303495,10.0,151.1178586807867
3559,1704.354420627652,132.44577956362528,11.0,150.88637695566266
3560,3910.466981517355,1300.2165167605813,11.0,150.87952746058127
3561,2917.107541927254,1862.4414154048784,10.0,150.81104766620527
3562,1039.662149658083,2795.688406758848,10.0,150.79299687790746
3563,3170.3660458734225,974.6553553347363,10.0,150.73304481560436
3564,1522.0071612657948,1217.6868596590548,10.0,150.72001051901995
3565,1517.8527556716156,2657.3887851733803,10.0,150.6955516708903
3566,2620.1449903678013,3062.4468605258835,10.0,150.68666445565307
3567,434.6024987819795,1552.059133512808,10.0,150.6282110749635
3568,479.0141752614012,1966.31373410188,10.0,150.60587601871651
3569,3357.8732166484356,1405.6595637900455,11.0,150.58611509677414
3570,2997.224695982794,1666.0924660927255,10.0,150.51749310877815
3571,1522.2185027007006,1602.6773480547545,11.0,150.48949785392213
3572,3785.8769006465272,2903.5223809756258,10.0,150.41215173755725
3573,2896.158959892157,2807.6693834816074,10.0,150.37996701204625
3574,3366.9075034227167,1943.9034860218037,11.0,150.37839144823567
3575,1142.182426628748,1858.039893810915,10.0,150.2848852766712
3576,3844.1285788847817,2353.992971613861,9.0,150.25881824574446
3577,1205.9095657281716,2706.9830559662737,9.0,150.24381218151674
3578,281.42392635178925,1889.5243846148076,12.0,150.18736449046787
3579,2279.2598379662018,1498.4917394717359,10.0,150.1815145233231
3580,2808.9476884431683,2500.402066406913,9.0,150.11283131169628
3581,1251.9111330439277,549.6889007781201,10.0,150.0985891658429
3582,2591.9573078791223,864.0618620466126,9.0,150.0747859292259
3583,600.188420677402,2890.596001165456,10.0,150.05565802867798
3584,2382.417632099033,585.388296715944,12.0,150.04266484974457
3585,2979.9628986776324,3229.81343126679,10.0,149.98914107326004
3586,1609.7377810701519,3544.0281440940844,10.0,149.96706687112595
3587,868.6282698857367,1733.0740904801635,10.0,149.91268261776395
3588,418.0902709582019,2796.0223486642267,9.0,149.9003704520548
3589,2999.29243955907,3423.900052791751,11.0,149.84291160102322
3590,3841.4083554171566,2501.3249226126186,11.0,149.8340131750531
3591,1843.5984093013597,3812.303506254709,11.0,149.81762240284104
3592,1641.9216747355138,3634.1083217504993,9.0,149.80247634494492
3593,1010.8685283677728,3125.6591539716364,10.0,149.72606129154943
3594,2886.5133810443062,1168.0342684644947,9.0,149.59368572892888
3595,1439.6130559618211,496.4023506531001,12.0,149.39956124573865
3596,1854.225876681974,948.3734830134815,10.0,149.2760843665222
3597,713.1082217147506,2779.584003199552,9.0,149.25623901323436
3598,491.71987891915927,995.6251784723219,10.0,149.2499795188471
3599,1183.6886906665045,2772.7378831035553,11.0,149.24323055877431
3600,2038.4606138543359,173.2743130358442,11.0,149.13793827758528
3601,1518.1992617640478,1442.0010693800753,10.0,149.1280880093112
3602,3519.62946350486,1204.4757258578472,12.0,149.12446144608435
3603,2309.5253099655847,64.38807527123555,11.0,149.1172554884683
3604,639.9327889595054,2139.729827474905,10.0,149.11379352408687
3605,719.03796741551,2393.9185110154676,9.0,149.09580322290515
3606,992.587822519837,2568.864004466024,9.0,149.07438134477954
3607,1833.7444782125813,3426.718370125665,11.0,148.89998017566452
3608,2391.6894885380725,3498.580070100507,12.0,148.8751928961915
3609,448.9647386809943,1142.0996392512993,9.0,148.81154116444512
3610,1714.3714322977844,415.2740711464823,10.0,148.80649990351108
3611,2300.424234325417,3273.1131012000556,10.0,148.80217547013683
3612,472.12248605118515,2769.9374599941866,9.0,148.78301387120442
3613,2857.574137110354,3561.830498786315,10.0,148.75669068468846
3614,1621.4829412112533,2536.764030975552,10.0,148.75074267979264
3615,3599.1487375095394,2323.8795939925744,9.0,148.72236729625715
3616,3476.0379576604673,2680.0008264919697,9.0,148.70507499946902
3617,1344.849558893338,2713.45204082146,10.0,148.70077052321878
3618,1575.158346881008,3872.4721154401122,10.0,148.65621071313947
3619,1711.4374877912237,3151.895051051126,10.0,148.60911765388607
3620,3465.289942275124,1338.9019922493376,10.0,148.49424493177892
3621,920.0282387600296,3313.2417371300585,10.0,148.44720860719553
3622,2834.5025398563807,3214.740394190754,10.0,148.41497077049198
3623,684.8213620709914,2451.5506782811804,10.0,148.3271944126304
3624,1366.9087367644397,3709.6039738820277,10.0,148.28732879668664
3625,2207.644375398171,845.7213700062238,10.0,148.26536491982785
3626,2033.037898338414,3608.7066559474183,10.0,148.21300252567153
3627,1080.588149644216,3385.0741553598423,10.0,148.16668497833626
3628,2130.2549456105858,3171.1877245140463,10.0,148.10770457886395
3629,1042.909782169892,993.2722270659673,10.0,148.06078605785865
3630,2084.5381462274586,421.5676402772886,12.0,148.05463332511664
3631,1612.4092675406637,3045.228785220995,10.0,147.96341855330323
3632,452.8103554302704,1934.926557668041,9.0,147.95709527896452
3633,3289.439556356042,1232.4834098373428,12.0,147.8053258193247
3634,3327.7121659743684,1288.5917244186192,11.0,147.78984388026706
3635,1405.4783323925699,1688.1114389892446,10.0,147.72713687238317
3636,1849.2624506534378,3203.2811975838226,10.0,147.67848888974078
3637,3821.8082571180416,2866.9683524203783,9.0,147.66831329820116
3638,1340.018234018002,343.27276445608067,10.0,147.65742776880415
3639,249.16655758590264,2374.480813278464,11.0,147.65689659153077
3640,2009.4208167713848,86.3395935308225,11.0,147.4960331152034
3641,2226.440159542922,969.7836311338563,9.0,147.48974405002804
3642,2572.0798444269085,2116.6896214353465,10.0,147.47148109097748
3643,3585.448014036129,1911.9573140033287,9.0,147.4243833446376
3644,1317.8935831542112,1171.7290487969715,10.0,147.4037511107181
3645,490.43172709911937,1190.126327593554,9.0,147.365796097305
3646,2160.4622254264673,737.9371099105822,10.0,147.33826566664453
3647,1083.9300586526117,3545.803154315279,9.0,147.31399327601528
3648,1272.031153942534,1792.1351087701457,9.0,147.28964244433843
3649,75.28209855374776,1946.7925318953673,10.0,147.26379666298135
3650,3000.1330772868205,2414.737032972312,10.0,147.2558836353993
3651,1849.0397238607584,3008.1522488420187,9.0,147.18677819748154
3652,2569.1024044681403,1857.1361426237254,9.0,147.18589190146488
3653,1373.212385358874,3770.1673391473005,10.0,147.10786331971843
3654,2824.4085427569926,3692.126604051698,11.0,147.0855855585774
3655,3806.075590023907,2231.573777012623,11.0,147.0818893405031
3656,3648.263182665769,1707.1379798942498,10.0,147.04612985070284
3657,3148.989296910171,3281.3174703196696,10.0,146.94598605884556
3658,3244.1273739255384,3419.849146419547,9.0,146.8838718592615
3659,1848.7086819591254,1338.7228824278586,10.0,146.87442622156914
3660,3942.155324611329,1670.9355357732131,9.0,146.67421808840882
3661,2563.493619074468,1936.9708013295417,18.0,146.6653546872843
3662,3033.1466598644456,2095.3736984730103,9.0,146.65390028505186
3663,1650.4116953312255,3477.154500958783,10.0,146.5982968612985
3664,3079.650419200761,3406.506513187271,12.0,146.49374902582127
3665,949.5630561442259,2899.557158185819,12.0,146.46984724499265
3666,165.1323261740689,2572.942669430055,9.0,146.45828883680818
3667,3312.9480317308357,587.0870545686712,9.0,146.4241702092726
3668,3393.089253277692,1120.913859788533,10.0,146.35478217645257
3669,2812.5538331198195,1684.870629118498,10.0,146.27534248309385
3670,2856.022337266493,1172.6854593280175,10.0,146.25763163964461
3671,2947.4862377025283,892.1441321816122,10.0,146.16618430440684
3672,3550.684339596227,1082.3948508003289,10.0,146.08418076692342
3673,3731.5447279310997,1572.962660268558,11.0,146.0708286908825
3674,2504.5212533273198,1782.527259366099,12.0,146.02798450034297
3675,1219.5449326895177,288.1307134470522,10.0,145.97330113066334
3676,2961.9503410787797,2049.907215089925,9.0,145.96172327045667
3677,1956.5146338261586,1404.5966775509205,17.0,145.95522705167645
3678,3720.1244411667976,2229.6815466542525,10.0,145.94265430771898
3679,1387.9596878323348,2218.4369158844206,9.0,145.90790166859117
3680,405.87496031115006,2155.2979374555084,10.0,145.81448125288327
3681,1320.3134881430153,3142.1935860159883,9.0,145.8037158950472
3682,2446.4103894143695,1407.556981009521,12.0,145.80297144126735
3683,2181.4962844205875,3552.2732349496814,10.0,145.7898938122693
3684,3874.310423495262,1664.5204383383814,10.0,145.75324578864377
3685,1442.7262759448274,884.2780057902394,10.0,145.72562921974907
3686,3192.2588253420145,1150.6486339322391,10.0,145.71951150989548
3687,1524.5291505934297,2773.4828714510645,12.0,145.69306656994183
3688,1699.4786666000996,2944.814939481926,10.0,145.6769112803719
3689,2390.7070028732733,3258.1211604647947,10.0,145.6657578401497
3690,2781.972250828097,3365.016850501929,9.0,145.6491708950645
3691,843.0989782813034,1902.3149950794507,10.0,145.63196931065949
3692,312.4912233832015,2866.570184354544,12.0,145.5709948149198
3693,2808.4128214761295,467.4510577472908,12.0,145.5473019473231
3694,573.309192921244,3254.50359818586,10.0,145.50091363115442
3695,1862.7888391026124,862.9677019087522,10.0,145.40001355093773
3696,268.151460223636,2356.4787846459676,10.0,145.3850730983554
3697,3401.4510472582533,950.7095593366253,11.0,145.36293068097604
3698,3357.987054412883,1862.9146102123766,9.0,145.3465424509723
3699,968.9720748469024,3480.5721425252614,10.0,145.3126922533919
3700,2561.6438143959485,1984.3367149120643,19.0,145.2412472285886
3701,1002.1116741357743,2064.522691989192,10.0,145.23373936373974
3702,1712.3409524873518,3404.813868169159,9.0,145.20294592094154
3703,2349.08170859506,1721.7117427099608,10.0,145.16030737758973
3704,1459.6588795071716,2735.051302997585,10.0,145.14103585242
3705,716.1033075747097,2721.9487548478487,9.0,145.13098132533239
3706,1991.6838320494985,3279.1522390794717,10.0,144.9658546236217
3707,3271.1935571226127,1754.0705455721277,9.0,144.8993536094978
3708,1794.4510202495242,2626.9026035837787,17.0,144.85456667055752
3709,2811.9240260190127,522.5123817510545,9.0,144.83810243010691
3710,3080.236101598789,2647.62963820274,10.0,144.82570549198874
3711,2793.1381313272077,3234.271484222931,10.0,144.7640459493339
3712,3425.1274405783233,2909.0414086590727,9.0,144.75538098642897
3713,2558.736908630559,1688.1067653027405,10.0,144.58804799408614
3714,1683.4168123632114,3535.1168779320005,9.0,144.5605900884202
3715,2748.988735768064,346.8390609304186,10.0,144.49558410159554
3716,834.855829968192,2516.614964285273,9.0,144.49310311550033
3717,1625.0656520206207,3227.04549630146,9.0,144.48668840740478
3718,3016.931021397494,1889.0883708421297,9.0,144.4810632301441
3719,1386.7614921592647,3421.989278532101,10.0,144.43355589785045
3720,2026.4190415186472,3974.9487601086175,10.0,144.3739778385542
3721,2763.369782662189,3037.9976511251252,9.0,144.32112718842868
3722,584.4325804462628,3231.940766665412,9.0,144.26037891406745
3723,2366.9782315882685,3046.4698026078363,9.0,144.2354345362335
3724,860.0119103988798,832.8424845271715,9.0,144.213665183668
3725,821.817923526804,698.4506467094702,11.0,144.1741187128959
3726,3258.049301805852,1917.2500908018385,10.0,144.1707737168873
3727,2753.960645144896,528.6279132859418,10.0,144.1260815249462
3728,3231.9942090553786,639.4786906651284,9.0,144.12235984162828
3729,1774.176853335054,595.9209989006503,10.0,144.1080902550144
3730,3524.036064012841,1962.6722048006015,9.0,144.073688598755
3731,2351.302783185745,397.6932716432898,10.0,144.06012920767733
3732,1385.8179724292575,1720.7225474913687,10.0,144.0001164364737
3733,1919.0384602533343,1194.149210795132,9.0,143.98960488586636
3734,1827.3022788601136,2522.877540213567,9.0,143.91507278379078
3735,3335.1116448952757,2809.2361840851977,10.0,143.87541267078444
3736,2075.3795622529874,2797.607238448186,19.0,143.870793967128
3737,1391.1626092744257,1551.8452713410759,10.0,143.7789098401713
3738,2548.963847726274,2357.827411976861,19.0,143.72872776461543
3739,2561.2415083825645,3648.459077337832,11.0,143.69207468813002
3740,1031.407484830651,365.45962709541135,12.0,143.67764317415669
3741,1226.5707808644872,622.1407921173754,10.0,143.59833967195434
3742,1341.94563733905,1362.506205115365,8.0,143.45069072161039
3743,2658.5620155496863,3579.337627686445,12.0,143.43791348169094
3744,3735.1517596263757,2602.3205759357224,9.0,143.37801346810716
3745,2045.9684062310798,3236.169222802482,9.0,143.36048869061173
3746,2659.179140159766,2755.921031676882,9.0,143.30729747922436
3747,375.14170738584687,3068.563094998632,9.0,143.2734594193766
3748,1818.0077638070493,2842.83712813913,19.0,143.26148388929326
3749,2959.4751515420735,1101.282080405177,10.0,143.17052041501486
3750,2674.3092903092047,3027.1908134499677,9.0,143.158151250512
3751,1960.3344328977644,3770.8496561169886,9.0,143.15734838290206
3752,3783.1891765270166,2788.07115997477,9.0,143.14238807491165
3753,883.766327510571,3385.2994499260817,10.0,143.12586443367522
3754,2322.2601780925784,3919.051378907993,10.0,143.0265023613917
3755,334.5739362786645,2679.0397180940136,9.0,142.9044324401347
3756,2833.2130775761166,3751.1310615233588,10.0,142.86957276477082
3757,139.90160198113543,2164.402711099276,10.0,142.83929659248005
3758,1365.3719361866576,3359.5798093758726,11.0,142.83465084088564
3759,3490.9988419647543,1840.72277363887,10.0,142.82199298919932
3760,3112.409252205655,774.8996254444592,9.0,142.79239075088577
3761,2847.1675674035437,3797.4284421095113,9.0,142.7846470329408
3762,2127.3015397006084,3417.433486382235,12.0,142.74636572673035
3763,3833.831625476267,1529.9162111521648,9.0,142.68073789752265
3764,1735.575568191984,3283.635178807985,11.0,142.6762380874584
3765,1381.8841044870314,683.6155286507466,9.0,142.64057609395343
3766,1407.1308799337767,3499.1712144353382,9.0,142.51835615091247
3767,2712.5295303760754,2464.0408882271727,9.0,142.4361699805673
3768,826.3298595868976,2998.000752131379,10.0,142.42283021667456
3769,2130.387170990221,1247.0679025872398,10.0,142.41137822325413
3770,3267.4164044335957,2067.877484937498,9.0,142.3532597788785
3771,3172.9221690324375,3321.7626384256537,10.0,142.32366892279381
3772,700.3909763490932,721.548589385468,11.0,142.28591681409603
3773,2343.3302834675274,1736.267465131751,10.0,142.27836098570975
3774,3773.049214170621,1834.7410346180752,10.0,142.27765895605287
3775,924.0564297153718,2818.3297876067822,10.0,142.2355080233568
3776,2108.672006870788,337.62385361095676,10.0,142.22180887146206
3777,2318.3789174622284,212.71983286791837,11.0,142.19500618409893
3778,3263.6646603057343,3580.0365722995357,10.0,142.18481535066462
3779,1465.9918146713364,1572.1559585209488,9.0,142.14498642941584
3780,2870.038871467788,2582.217632234806,10.0,142.1212174485554
3781,1592.296574635357,870.0216904679309,10.0,142.09967630232984
3782,851.866134668864,1759.937059212137,9.0,142.09807497709278
3783,2274.4243969068825,3266.647431079117,12.0,142.07069253771647
3784,767.9399261443255,2145.1050283823693,9.0,142.06025507200704
3785,1378.2402873592716,2632.1738833876793,10.0,142.0566221564124
3786,2671.706955454343,778.0316375549364,10.0,141.92220573218424
3787,2334.3676076283045,1599.8379322483836,9.0,141.89719243570562
3788,584.0748828971163,944.6319941574968,10.0,141.86303405988622
3789,3857.882590332705,2229.016977727907,9.0,141.8562236034221
3790,3349.1412171070647,3273.9479726098007,9.0,141.85570944563267
3791,3838.967124342423,1775.3717168709543,10.0,141.81800452910528
3792,453.87456633574755,1565.9519094768277,9.0,141.78921626547373
3793,2447.5748814224967,2197.0853373751165,14.0,141.74152543360952
3794,2945.008498636152,3003.5204704839884,10.0,141.74081659480714
3795,660.9240345349722,1959.351339621342,10.0,141.73298525391743
3796,3529.02759845652,760.9694962738571,9.0,141.70397781399353
3797,1564.078043106919,3889.4528479699898,9.0,141.68521408401145
3798,3159.426696264609,1556.1091100431465,9.0,141.5601843866752
3799,2560.35720254064,426.6109827242158,11.0,141.51151356275025
3800,932.150689291265,1611.4346759053296,9.0,141.49112251726507
3801,2430.7287443857217,481.3287240742556,10.0,141.40877270147473
3802,1824.6122846452415,3932.014691187622,10.0,141.39112994737997
3803,300.4735630357026,1135.3467064578326,11.0,141.32840620973386
3804,1314.9831573425045,3724.197817879849,9.0,141.32562027961737
3805,1108.5637956382045,696.9141851080718,9.0,141.2968621036629
3806,938.0885068502473,1896.524698389305,9.0,141.2689177088905
3807,1717.372091192267,3214.555865176843,12.0,141.26718988749462
3808,460.968960320484,3001.422336178159,9.0,141.26101269243102
3809,2719.3386062035097,3803.420308672442,10.0,141.25010337879812
3810,3795.558502576831,2556.0060086422436,9.0,141.19958303954692
3811,2510.6296079667304,3459.2399138596074,10.0,141.161419745179
3812,2687.862082491828,3058.589360859895,9.0,141.0972888741417
3813,2278.9304213654405,3374.676311322296,9.0,141.05183196762243
3814,1814.9313609072706,1313.7561106710034,10.0,141.04002094500967
3815,1253.0947427695635,1163.997949390832,9.0,141.02699265711453
3816,343.97167676827854,1832.5415031841667,9.0,141.0185097728131
3817,1454.5527834598247,739.9339491028849,9.0,140.98400218942626
3818,540.8268995493632,3066.7465093899373,10.0,140.86745852534605
3819,1765.8594327739438,3389.887901744924,9.0,140.84289995822755
3820,2350.44679204729,2470.2155426877516,9.0,140.815624616455
3821,1648.3899787220844,1178.13131838725,9.0,140.8099536015358
3822,1065.4596671803738,2382.4541927493124,12.0,140.79805433329494
3823,400.5675492258469,3098.0302398954996,9.0,140.74110118211348
3824,1197.8431223615542,2970.266079766241,9.0,140.6839475344547
3825,3565.5274592455185,2365.0073985483887,10.0,140.6659624846771
3826,2517.703921608637,646.1063543882643,10.0,140.65414788734014
3827,2882.6129278210447,1340.1126658970818,9.0,140.62975609990764
3828,653.0857650806895,2811.000729976244,9.0,140.58896759052195
3829,2641.986699854651,2909.1061719800414,9.0,140.58632905100367
3830,334.77564816785275,1771.1963378710286,9.0,140.58533795804362
3831,2722.5774713078895,1258.9674692793558,10.0,140.54601501094163
3832,3733.6433732990854,1120.320681098786,10.0,140.52350323779447
3833,1625.2480373817841,701.7906351653594,9.0,140.50032634925591
3834,3715.6651395458425,2572.901959067644,9.0,140.4882259936911
3835,3124.099833228598,2778.4268685842085,9.0,140.45081717050863
3836,2800.430508981942,3007.1879881665577,9.0,140.4398569778267
3837,1877.263170562297,3073.4894069152797,10.0,140.41172304799986
3838,2697.477601429497,264.19510312392146,10.0,140.38551215182085
3839,3048.707959453609,1577.0731661478521,10.0,140.3655975609799
3840,742.7988558952849,3345.3206087439708,9.0,140.35925479368734
3841,2287.5145256545647,3996.4297319469065,11.0,140.35143925652736
3842,1659.5242085090729,3629.2325576034686,10.0,140.30914563716073
3843,3265.545085576795,1560.1289595306764,9.0,140.1620048764266
3844,3000.3042581233235,3477.684069986946,10.0,140.130673336529
3845,1733.7068219616058,3609.7171449425546,9.0,140.12375697362103
3846,638.9480931505898,2480.0843210061653,9.0,140.11858976897784
3847,1271.6044962892115,816.8894238730537,9.0,140.08915366073668
3848,219.76122786580888,1973.6106829430605,10.0,140.07017164562535
3849,256.32959871147,1988.0979618387178,9.0,140.01626246110928
3850,256.7768461890741,1679.9933983456858,9.0,140.00766306922185
3851,3745.540764153933,2749.670565097098,10.0,139.951616109461
3852,2702.4294367415496,2050.6602487525056,11.0,139.94504505885055
3853,404.53363637084175,2859.636658667262,12.0,139.87947244932553
3854,1334.5512042468802,171.61223361661874,9.0,139.84907137115405
3855,2676.1119799402322,816.9572026777764,9.0,139.8380935526029
3856,1213.3957082194754,2760.8133741108004,9.0,139.82849840133565
3857,256.1299925386548,2397.069393148111,9.0,139.7633840626046
3858,2417.192016027317,2708.9419242620224,10.0,139.7546294198744
3859,1630.0437841106648,2751.3483169636233,10.0,139.70220797147581
3860,2196.8922048270206,2860.7997273284695,9.0,139.65905361972247
3861,1175.8793505988663,2185.5412154208184,9.0,139.65108878284164
3862,1062.8080050150634,1169.022360503155,9.0,139.60817749276111
3863,952.5923106815179,955.6997336274928,10.0,139.5377692629982
3864,3497.454142002289,1249.452299051079,11.0,139.47540402402657
3865,1830.4501823766357,671.5098310758127,12.0,139.4204231788864
3866,981.676111126839,612.9089550883109,9.0,139.4153674874881
3867,2506.382014496372,3852.8955684060315,10.0,139.41176878612583
3868,1396.2807578457089,535.2006003283523,9.0,139.39506203666184
3869,3302.8739702148314,651.1326440532404,9.0,139.3784562713317
3870,2201.970331121706,174.93319906934101,9.0,139.32926687958386
3871,1467.910198355052,1775.508574020649,8.0,139.32629516043772
3872,2583.5795735883307,1236.561191658226,12.0,139.30944844072488
3873,2083.0552880637692,4059.014841033254,9.0,139.30707900226514
3874,2160.713499312056,3610.7349069534316,9.0,139.29343706375778
3875,1110.0318543563506,3002.3370081444546,9.0,139.25731601902086
3876,481.9998843979734,2076.1418985698106,9.0,139.23647858632626
3877,1969.040962528344,115.41444067714802,8.0,139.2255779037724
3878,589.8168793908434,1596.8241246480275,9.0,139.2173188321568
3879,2480.3900807409805,3948.0003356586562,10.0,139.21206666756655
3880,1261.9842591800486,800.1375053351303,9.0,139.13785640429924
3881,787.0125522527471,1774.1242206107993,9.0,139.09801622458042
3882,1927.6951846583029,3882.413445195642,10.0,138.99065999685828
3883,1664.8843493331372,3598.1293180562775,9.0,138.96238881128988
3884,3157.801336005637,3728.1461996877815,10.0,138.85260967304765
3885,3489.095923165232,1521.0481794998175,9.0,138.84234796453768
3886,693.6489732423917,1720.5684736509559,10.0,138.77004419685215
3887,2140.540694683308,3293.4727413335745,11.0,138.76264139254857
3888,1553.4917938941824,1701.096536504137,9.0,138.7357823551726
3889,849.5910041473172,1689.9123556301433,9.0,138.7304113004362
3890,2611.527126482634,3875.801442393711,9.0,138.70921539922173
3891,3023.1043843950692,2632.972486046688,9.0,138.59386198330256
3892,2546.4189917548,2774.0164529628832,9.0,138.5850216956433
3893,1909.9816753422017,450.84066469105113,9.0,138.56886022938468
3894,2473.302854259293,3428.8672424535407,9.0,138.56633684347523
3895,3115.350757841581,462.3558290336726,12.0,138.56463365599808
3896,2341.53122015115,3275.522628613876,12.0,138.55687431626922
3897,1995.8020417052958,3587.1418392780106,10.0,138.42996468725025
3898,3743.894538716024,2254.8529536902965,9.0,138.42932327641145
3899,2914.572881656138,2022.2055696673215,9.0,138.4180164661327
3900,3134.96158402861,722.1390486296968,9.0,138.3592890108704
3901,643.4172453705714,1325.3921455261761,10.0,138.33937530073015
3902,1974.0216547602718,3182.8520083884105,9.0,138.3327744801883
3903,2144.6482978627105,873.8935236708173,9.0,138.295852634396
3904,1699.7446558563406,3212.5246475275408,10.0,138.2827959741564
3905,3446.636744601131,3287.1331966394323,11.0,138.26842377780213
3906,1383.1285309840841,3387.839329272175,9.0,138.234416292778
3907,3748.159597851415,1168.649617329134,9.0,138.1888251694907
3908,618.316586360601,2306.488942350222,10.0,138.1258089475184
3909,1160.369805818755,3681.484773130247,8.0,138.08517137339817
3910,1048.114637222157,3130.8041344889216,9.0,138.08003211619547
3911,995.6538943727204,408.52621141475186,9.0,137.9899198648522
3912,140.83438300154288,2240.9862591857595,9.0,137.95654132080537
3913,3176.73583416737,3141.4320167301203,10.0,137.9333749546344
3914,3617.528511812911,2533.136178501521,8.0,137.92144459347585
3915,444.0975491529057,2155.304912269269,10.0,137.88588373866494
3916,1230.6261401221211,2846.02400727682,9.0,137.86072361488058
3917,2672.848762472725,2966.949364148997,9.0,137.8511232244546
3918,1478.91297234336,3426.5582688055933,9.0,137.83885731078647
3919,2761.2151833594385,3253.6194682069568,9.0,137.7780178215424
3920,2817.6668830214667,308.8269856076713,10.0,137.75170263464727
3921,2651.887904147377,534.8171284785321,9.0,137.73819646595348
3922,402.44117570151025,1908.7946725865272,9.0,137.73398422135944
3923,1555.0134939491147,3462.9795725367876,9.0,137.7191122610412
3924,2659.988197616686,2937.5137925141444,9.0,137.6713054792003
3925,3844.8955951373337,2800.103039836446,9.0,137.64608368361715
3926,1015.8708330333561,2469.1521279209246,9.0,137.6267795400783
3927,795.3914616811916,1536.6359783045466,11.0,137.57561347523676
3928,2224.417006235255,3670.173139945617,10.0,137.5543098848873
3929,1201.826934862534,2458.120744275365,9.0,137.53318785678817
3930,881.4578974837526,3179.8263427197594,9.0,137.5036404830495
3931,2557.0267670131307,3356.098150126068,9.0,137.38724856262232
3932,2588.4333499883182,3097.211034697445,10.0,137.3490275702331
3933,3336.1034231677695,1903.51814568249,9.0,137.34710136293458
3934,565.8983211079458,2015.9152046548647,9.0,137.34221010824595
3935,3396.9125870400853,1884.0938502395984,9.0,137.3057096000182
3936,982.69481863732,3519.0647349505684,10.0,137.28457601934048
3937,2816.3890267040024,3453.1936358526063,9.0,137.2839869801323
3938,1644.4006885548456,2139.0064011644404,9.0,137.24444879130763
3939,628.8554535960527,947.9538219025873,9.0,137.24367505278124
3940,2932.7629940838915,859.529240860131,10.0,137.2400136856518
3941,3425.93950464862,2085.6738285006586,10.0,137.23566860194165
3942,2615.271025898358,3362.2982086411353,9.0,137.22233613460426
3943,2798.527196577253,3257.7923945575703,10.0,137.20502725794447
3944,3502.03590344698,2441.116200519562,9.0,137.19227344721335
3945,111.56514108833608,2046.03917014244,8.0,137.15813615687284
3946,1281.5298143058114,2198.8168916022655,9.0,137.15542770924367
3947,2611.098207015051,1412.7591945178654,10.0,137.14822652947038
3948,2383.4548034228637,2970.916944400044,9.0,137.09815689046002
3949,1413.6134661118106,2214.1371649538555,10.0,136.9821082985161
3950,3449.086136941657,818.1353657882746,9.0,136.9284690697048
3951,1936.7817077701511,1041.3771454762355,9.0,136.9217432440402
3952,1451.8661639861746,3285.0441617604993,9.0,136.89895392015
3953,3082.921224306374,2050.0236295084865,9.0,136.83755502911916
3954,2473.4158177053487,162.25442326591278,10.0,136.8300884964656
3955,2836.7821830955286,1556.3305346045913,9.0,136.79224668657443
3956,730.4721758868635,3249.816163107216,9.0,136.7491971484952
3957,1704.9181665229776,345.1246595254613,9.0,136.7236087821583
3958,2665.932886598299,3586.050739282325,9.0,136.68202882159173
3959,1986.4981136949973,3546.9105742462157,9.0,136.6424173567982
3960,1418.2678605849474,3001.9257800367077,10.0,136.5869195786315
3961,4023.565056013115,1823.2095973895707,9.0,136.50779106318228
3962,2729.831377763927,1116.5037741058945,9.0,136.45366099650005
3963,1133.8142357050833,3791.385329462792,9.0,136.41801658243503
3964,3686.1472740678078,2753.5136948018935,9.0,136.3961237153758
3965,2529.0369124766526,1710.5823915705553,18.0,136.39600247156747
3966,667.9087393068356,1808.9515310152221,9.0,136.29170266592064
3967,572.9710972218451,1312.1620609138156,9.0,136.27581976256005
3968,3360.1615204572167,3203.1398079398996,8.0,136.25729103556966
3969,3973.1143339874798,1878.0122092202307,9.0,136.24264749060055
3970,3761.98645384869,1998.331469048384,10.0,136.24085726283732
3971,834.44094688519,2348.8498705148927,9.0,136.23545016147702
3972,2602.440224647101,3166.4239881930985,12.0,136.2269599374923
3973,869.3980417740187,1790.6395994885006,11.0,136.14384491362782
3974,3556.8854505243826,2223.517246246278,9.0,136.13450866957882
3975,1356.769866176969,1993.4267095050159,10.0,136.13148894626775
3976,3744.15537169335,1784.6136901000555,9.0,136.12179722407134
3977,2681.033511418723,3706.5075125196618,8.0,136.05511671502703
3978,2833.1577985268573,3581.0121755015216,9.0,136.03234786688836
3979,613.6341866098505,1994.7799814988728,9.0,135.99877746428538
3980,1530.6297983759198,2944.852379823599,9.0,135.95071697198813
3981,2605.023638025839,442.985253139358,9.0,135.93588002155974
3982,1687.465885572035,711.2560334550797,10.0,135.93065686601176
3983,1520.414526074034,3656.784029755991,9.0,135.8728731400797
3984,3450.799720212718,2804.011929275933,9.0,135.84745167469273
3985,488.0078558090733,2246.0784101393892,9.0,135.84676261190825
3986,2467.170031699215,3558.62907131908,9.0,135.81422411895022
3987,2978.9356567892833,2306.9197691277295,9.0,135.70003433464765
3988,2737.4098284887455,1813.099270843677,8.0,135.64962019363298
3989,1045.187795353062,3709.1396908730258,9.0,135.63991430475767
3990,1530.2281060020061,3398.9175128332377,8.0,135.53147113987873
3991,1358.1183884865334,1190.3708099808212,9.0,135.51508731259156
3992,766.4763885627231,3270.1171143740316,9.0,135.48487376729915
3993,2507.128589411939,1915.0778100836303,9.0,135.47594313702314
3994,1222.9395078596037,3142.6139744828915,9.0,135.41832762340326
3995,3060.0982212619656,3515.8695611374947,9.0,135.38422022836792
3996,2327.6753809562674,1049.176960243648,9.0,135.38129046572996
3997,1083.9439905910738,2360.1129198917906,9.0,135.28459420262087
3998,528.2910134005839,2031.6010454019597,10.0,135.26968660361428
3999,535.0422459763369,2262.3085527028366,10.0,135.19966023283556
4000,337.3319212276603,3081.982474194964,9.0,135.19802617933843
4001,2529.0149553624774,845.6822034371008,10.0,135.03434561086516
4002,1629.6488804304072,773.1547639753128,9.0,134.99723043557645
4003,2136.5886204696762,594.0622654875813,9.0,134.96951313494702
4004,746.9032823366,885.9032901363182,9.0,134.91455180433036
4005,747.7479947856723,2526.93023610087,10.0,134.89811808123295
4006,956.6256739200292,1088.104747558027,10.0,134.88334884523744
4007,3878.792311392407,1589.2357778281896,9.0,134.85784642684112
4008,518.9351756442117,857.081753587395,9.0,134.81616978115977
4009,1665.3455717814493,3278.088956598832,10.0,134.77424640570942
4010,2993.837204224347,2667.9154764849654,9.0,134.77327227751226
4011,1507.4252353684235,2364.8473689741413,9.0,134.77302673994157
4012,3171.0122333492254,422.1947680270057,9.0,134.73425412066322
4013,1795.8815029481077,4038.8968282460137,10.0,134.7176523732191
4014,3128.9270132424394,2346.041290536759,9.0,134.68718465262512
4015,2428.862356918266,3266.7821925920366,8.0,134.65186921612326
4016,1512.1330106631708,173.09258950798866,9.0,134.6502103411872
4017,443.52118995702284,3147.478537313607,11.0,134.60039440291314
4018,3783.0797274270994,2394.000017852104,9.0,134.59715354691662
4019,998.0544285990603,454.85923401213284,9.0,134.54080660146198
4020,1920.0223678926334,3028.103802611076,9.0,134.5275343349363
4021,1753.1638140075354,2859.399207453807,9.0,134.49833759367823
4022,1166.6397061425357,270.85109072546396,9.0,134.48917418370462
4023,2994.543811540602,3488.1076779373857,9.0,134.34251564086114
4024,224.91138484272844,2682.0544179502904,9.0,134.22652787295482
4025,1506.5255607266745,261.22733170981087,10.0,134.21596442312617
4026,883.3403804735316,2908.308174893771,9.0,134.19822518767035
4027,2709.7102907536696,1153.0719905600886,10.0,134.19649281224645
4028,645.2157266913487,2690.6457977372006,9.0,134.13198735063497
4029,2533.8654282421962,660.1858644975938,8.0,134.05069571456698
4030,1025.1254447885728,3087.6462631025624,9.0,133.9861648258355
4031,3014.1500952214196,318.0998344461125,9.0,133.96196469758058
4032,2169.8111122687765,1235.9045579159524,9.0,133.94093193310462
4033,3117.4919558159963,624.0534701911505,8.0,133.92518430719602
4034,2382.603173500103,3912.55645714871,11.0,133.89580168173262
4035,3483.013832943411,3402.441903023539,10.0,133.80777998444609
4036,1493.4767347716854,999.2757456326566,10.0,133.80427402879445
4037,252.69666854508085,1828.8402761005464,8.0,133.7635580264421
4038,3283.8431851868827,2548.9760667936366,9.0,133.76242227160634
4039,852.6273849561509,2681.448711354684,10.0,133.74953876678856
4040,3338.735903923079,1180.148241214851,9.0,133.69444110775873
4041,141.9693451744045,2381.366491815588,9.0,133.68970266392913
4042,2226.598563300285,73.08447606272914,9.0,133.66476946308083
4043,2535.138440438794,2378.14464282322,8.0,133.6614316735011
4044,2261.557143917037,3795.8922330438095,9.0,133.6606295729422
4045,1813.7613373105698,98.37259323160785,9.0,133.65960349672935
4046,3245.9868564316457,1239.6693120403343,10.0,133.64901829064647
4047,2138.5136070687254,3089.715524000982,10.0,133.64525285475025
4048,3239.0362458326,1748.0092900374311,9.0,133.6111917794304
4049,3671.5698693895893,1848.1462249298374,9.0,133.60624348231022
4050,276.2310722840797,2049.337363630121,9.0,133.5812009340957
4051,486.0699949127274,2730.889531319479,9.0,133.546807472208
4052,2041.2012184795128,177.93464577384916,10.0,133.49919323432263
4053,3805.77576428111,1307.1204713542925,8.0,133.489441926649
4054,2897.9738579456216,3530.1781214468824,9.0,133.44523783137495
4055,1281.8816462662353,931.3785183513459,9.0,133.38011213526295
4056,686.9337784644165,3260.5054166918508,9.0,133.34345221953066
4057,2289.178990171812,3162.866603770658,9.0,133.3403615890122
4058,2194.0219939991634,3606.4501058147866,8.0,133.29397069221866
4059,841.3554489329822,3049.208258802714,9.0,133.2638840259095
4060,1412.67140461922,3580.7795737023566,9.0,133.22022124415258
4061,1687.3631258789853,1498.821239536673,9.0,133.21971624241942
4062,3300.4366653033967,1991.3869131975214,12.0,133.2048918274109
4063,770.6114944975344,2190.985216660016,9.0,133.1926831085226
4064,3292.5045080190207,1765.5415542671126,12.0,133.18629704532106
4065,3405.035369397787,2487.007738647517,9.0,133.1321342158289
4066,2086.399535192779,3055.426363751794,11.0,133.11774557647436
4067,2515.519847288782,345.0886394221466,8.0,133.09935869027913
4068,2617.7096906260804,721.9124835056763,10.0,133.01863197141304
4069,675.1130269587006,1478.3772245948553,9.0,133.0122613474502
4070,2385.693407824953,3903.018440897716,10.0,132.98440673650074
4071,1973.4201802712355,2955.2705634825393,10.0,132.9599103367613
4072,1466.1766866244227,1656.0779667139286,9.0,132.83165162506472
4073,1264.647510880217,3262.021702463558,10.0,132.81442429228218
4074,2214.2121077321917,2520.5655362197895,9.0,132.75321061096903
4075,1470.691761066966,3101.6147004677664,10.0,132.7511334746265
4076,2557.2619827140143,2822.806298163699,8.0,132.74375219714855
4077,913.7278064873489,2328.8056260803723,8.0,132.67471749605764
4078,1335.559455288855,410.738099143192,9.0,132.67176766694612
4079,1501.7728844633814,3306.400026686371,9.0,132.65779659161967
4080,555.039883165398,825.4675451484728,9.0,132.65008206315272
4081,1655.541094389342,3414.7109426046563,8.0,132.64255283647577
4082,2436.4907293073065,1243.095244596955,8.0,132.61058424640746
4083,1124.5569565155015,3496.1674076252725,9.0,132.51332047116338
4084,2104.893059966571,480.19322594331857,9.0,132.46929538013177
4085,1514.111302372358,1123.103725376678,9.0,132.46381690162775
4086,1072.7790166532352,2213.9758279597304,9.0,132.4379639030621
4087,1651.2324470116291,3025.184220146792,7.0,132.3566002322987
4088,2654.104102260651,1594.1011903325675,9.0,132.3313650283872
4089,1923.5058098947525,299.2352801712462,10.0,132.32634933285888
4090,1550.1256689081067,2505.969665562486,9.0,132.30333847154844
4091,2272.98072776807,687.1024606256793,9.0,132.2232830661421
4092,1542.012339158026,3360.8513124183764,9.0,132.20621712578827
4093,1475.447657058474,3443.061548678544,8.0,132.1817153948171
4094,1667.456738450741,1372.9689781977906,8.0,132.18115149481045
4095,3420.448712563725,2099.1724139639214,9.0,132.15596192455078
4096,1507.509561147861,3278.827607349546,9.0,132.14347354863563
4097,3213.3497673321126,3667.893079189556,10.0,132.10700145053764
4098,2119.2213526403807,3070.5600179438566,10.0,132.10303018735218
4099,646.191065805321,1909.6865113501633,9.0,132.09404258411644
4100,2798.890630500673,2042.537674637839,8.0,132.08536908170942
4101,802.4666485847271,1576.6315257923154,10.0,132.0533007848394
4102,1755.8143175179928,2378.8974723378933,8.0,132.01102473522013
4103,1257.931729264052,240.4795120155568,8.0,131.94484586219704
4104,1577.3343552232204,3664.4244288631166,10.0,131.9264055960694
4105,2002.66367342824,684.295391424384,9.0,131.78837995409643
4106,164.64382204554394,2127.5139894650893,10.0,131.78704102019347
4107,888.9470921703537,751.4656030540318,8.0,131.72402990839302
4108,2796.920298102574,1564.5743365750127,10.0,131.68614984951682
4109,3198.4141494725186,552.5749579856622,10.0,131.66436297012103
4110,2838.397999441206,3255.9336514427077,9.0,131.6499616626731
4111,1778.4441970090777,3250.9737188861513,10.0,131.59765108666392
4112,3744.1632484224374,1022.6670041702863,9.0,131.56519534948984
4113,3887.9494435119755,1459.504489610183,8.0,131.51316215295807
4114,2959.582367607487,2239.7344520251854,9.0,131.48558089257983
4115,1309.9715358707763,739.4416319380076,8.0,131.46036824241364
4116,1407.5506897077764,580.3018142177477,10.0,131.4575005744345
4117,283.37421696810713,2120.9879126429055,9.0,131.44275779741744
4118,1463.6340176901272,710.8968549490224,9.0,131.38014762956544
4119,3219.0907840413024,1325.7810454629932,8.0,131.33119458239184
4120,1101.9710276577962,516.6745271829179,9.0,131.29618250381728
4121,522.7740387334832,1856.2122992936502,8.0,131.28259425985036
4122,2357.570133272113,833.898012815227,9.0,131.27411846170145
4123,2749.0282350084667,2282.06906697104,9.0,131.27161583967225
4124,2020.889798671573,3446.807878998016,9.0,131.26487782416754
4125,2632.498093227786,2646.971673271024,8.0,131.24796029784247
4126,902.0077556005476,549.5298560011372,18.0,131.2436090928928
4127,616.086681645596,2056.1269223641248,9.0,131.2343639721898
4128,2055.8408588996695,3050.232760816353,8.0,131.2267875841029
4129,2089.08926810748,3656.484235686367,8.0,131.1541983966798
4130,2608.0333703068895,793.474603193167,8.0,131.14766438013228
4131,2129.6537596318963,2614.2047353514836,20.0,131.14298943332054
4132,903.1049044516686,1951.0019040962304,9.0,131.13100281559204
4133,3489.6289876060932,789.0270711994091,8.0,131.12034563865646
4134,1942.4412637115524,1318.6829353521061,18.0,131.11913181357744
4135,1591.9149180438303,2897.9985989474926,9.0,131.07324798474176
4136,2626.4098589231726,888.9119678205874,9.0,131.01918736898685
4137,2238.5039115175896,1219.1196092681637,8.0,130.94087908023084
4138,1716.1040894391379,1248.316071104345,8.0,130.89153060349412
4139,2820.7942296972365,2703.2026944901986,8.0,130.86342617843445
4140,1012.4301060574206,3407.16846084408,9.0,130.835042808348
4141,2329.3742906376483,3304.765406792008,9.0,130.7890628643037
4142,1549.2105211893606,3819.678211803086,9.0,130.76651268642647
4143,2062.375882087937,2624.7478086620295,9.0,130.76151089312447
4144,2786.4992037589204,2760.0407168935226,8.0,130.73311779188992
4145,2109.7759707208374,3049.560670588248,9.0,130.7301509892567
4146,1686.0089109672183,1394.8502801405314,9.0,130.70612522120624
4147,3941.8749497500603,1817.331372873256,9.0,130.5934216826555
4148,2671.829219856795,646.3503998884579,9.0,130.51259899719696
4149,2539.183323501204,723.1384432134661,9.0,130.35792116213355
4150,2621.964123368767,2948.1114401506943,9.0,130.35332078109442
4151,2456.632466058817,3044.745853787235,9.0,130.27239332995865
4152,2275.0824348129777,3650.5766246395538,8.0,130.25427244988194
4153,2647.5780119921437,747.9250997661151,8.0,130.24776714146893
4154,1093.3533627044396,2460.4713155088934,8.0,130.24441553185963
4155,2179.4487376468837,2942.9393316098394,10.0,130.2204182251986
4156,3347.086308341616,3543.5369402019323,8.0,130.1645956173882
4157,2509.452103867583,3877.8508868951094,9.0,130.08882071221325
4158,3553.1351068829467,2137.13395967719,9.0,130.08580187966794
4159,223.76606917045424,2017.3482868259641,9.0,130.05424287646997
4160,1586.5548633424473,3671.8438360681184,9.0,130.04143196589635
4161,2017.6835056393375,3891.053746481419,9.0,129.99911981869397
4162,376.69297176918326,2308.578973143719,10.0,129.976271415981
4163,2104.4236010777213,3449.957207498744,9.0,129.96343194699497
4164,2409.121197591969,3401.3221097217347,9.0,129.95985803352448
4165,314.9207005768257,1689.3537626975233,9.0,129.95402351122138
4166,3108.4223672058492,1979.9163167871757,9.0,129.93529298849197
4167,1333.8245906230868,832.9762549043055,8.0,129.93171125910274
4168,2142.3836005785183,463.6881788674511,10.0,129.9111286410182
4169,2209.2901073376615,1077.598483704365,9.0,129.87171808847293
4170,3167.440770830965,637.9959019548312,8.0,129.8694688811565
4171,866.8626347436224,2661.453439291083,9.0,129.85764797564238
4172,2838.4032628247273,507.8566870174036,9.0,129.85511612717798
4173,1776.4215622582917,524.3062597587486,10.0,129.7537659041532
4174,1604.6352375059685,3712.437047777285,9.0,129.68289502710934
4175,1180.8866145945547,912.7801625128792,8.0,129.67964391603255
4176,3820.010367018726,1182.5519976837536,8.0,129.67814287269442
4177,2818.6880951178605,1595.0808164925,8.0,129.66619772264406
4178,3282.9215231192316,550.0079249280174,9.0,129.6651643695985
4179,3903.8098379441135,1916.594036994915,9.0,129.64068653098417
4180,1502.7739743973927,3100.537048772954,9.0,129.63642172346167
4181,2891.9616621271553,3614.9078392113565,9.0,129.6355609190489
4182,3232.208010123255,406.0270705555519,9.0,129.6277830050189
4183,1166.460550866399,2402.4936136990864,12.0,129.61929775795616
4184,988.7844484725672,433.9849230237156,9.0,129.618424716028
4185,1560.180792118309,594.0070512864147,9.0,129.5899248278755
4186,2993.180995164594,2655.5300515334807,9.0,129.58392867555708
4187,753.9044570185304,847.4991811148657,9.0,129.58371709913396
4188,3434.5518418368433,1491.4684889868183,10.0,129.557088264238
4189,2251.087385398868,3447.4083703312076,9.0,129.5383935342935
4190,483.8222268676869,2695.4019409199227,9.0,129.5208015942748
4191,2501.226896267114,2455.954161828336,9.0,129.51029896107764
4192,2752.641232873657,209.9254084241535,10.0,129.4963566116904
4193,1313.4996915634508,1726.7043806051304,10.0,129.44379145389425
4194,1312.2153626499123,199.00215326923424,8.0,129.38057675050757
4195,944.0272983616417,3563.388908947791,8.0,129.35580034300568
4196,1587.765563533964,2516.2019540505016,8.0,129.29057721623337
4197,2869.958786618378,312.4927815101833,10.0,129.2765406395123
4198,3225.0376205649613,2577.51303133538,9.0,129.26674245755257
4199,2619.5372518846457,1659.8195044090696,9.0,129.22972691728464
4200,2650.96808115571,1667.7165417081085,8.0,129.19630462301532
4201,989.1963463721236,3015.280813735457,8.0,129.12586042662136
4202,1256.5831635029099,1587.0034684190182,8.0,129.12577069144953
4203,1802.788349614293,2578.614004036548,9.0,129.08015439319027
4204,2561.3900521388928,3304.0503520585876,9.0,129.0544986655611
4205,3442.54326802206,1984.595609408638,9.0,129.03597025293973
4206,2926.352420700098,3546.5795717969727,10.0,129.0197555917473
4207,2017.6084217445025,3855.5580441717852,10.0,128.99374262706428
4208,3384.7382961372155,3169.893830976333,8.0,128.98763534757245
4209,2074.5139991070378,3459.041998986011,8.0,128.98380358104492
4210,3120.3413367155968,2116.0885975568053,9.0,128.96689861477222
4211,2457.197224509401,1852.8810177208452,8.0,128.93487202817823
4212,3571.942787573292,1781.9488498448559,9.0,128.92951663517613
4213,475.60260427025185,916.9343930365153,9.0,128.90519299314332
4214,161.18265275809281,2210.836900778737,8.0,128.88359585802033
4215,2984.147467950753,1949.1081193578586,9.0,128.86430835293137
4216,2844.1114401248346,1017.9221740995943,9.0,128.86267167705137
4217,1813.1052364977313,2547.8853376391685,9.0,128.85485398766517
4218,3049.2177543070343,2405.578731904541,9.0,128.852126283722
4219,2246.863839575875,2658.7714095706124,10.0,128.8196286194523
4220,2565.2104625563857,2563.131691716766,8.0,128.8099497355203
4221,997.7219080857196,563.7924852987217,9.0,128.79028434414244
4222,2798.899193476415,1767.9204463506678,9.0,128.7900322606061
4223,2602.5820698932157,3313.60445027077,9.0,128.7783302024937
4224,2482.8382981037194,1352.0747964843588,9.0,128.76315635124138
4225,933.279528496452,3432.5150916768175,9.0,128.73625034987725
4226,3580.3541702038083,1231.7626969921366,9.0,128.7325154950034
4227,2089.3649495390723,3636.1810218761025,9.0,128.71888141467176
4228,1546.0429242494995,3289.259991368165,8.0,128.69778655657984
4229,3118.1050393611636,1599.9481837729722,9.0,128.69104736906945
4230,3634.7824019769187,1443.7242853673124,8.0,128.65872618370526
4231,424.28244997665803,2030.1509588067227,8.0,128.61971201793875
4232,702.5240980978015,1315.2421392359347,9.0,128.6189477056901
4233,1809.9973238755395,582.556115562664,8.0,128.56777446133273
4234,1567.7012122356493,965.1811553103728,8.0,128.53115312884773
4235,2449.8937655268705,3798.7943972482535,8.0,128.4903558512975
4236,392.23265725851206,1263.9595151335134,8.0,128.48858391558184
4237,1563.5940099985114,2943.981330046041,8.0,128.46794741238938
4238,1382.8422995082858,3660.272816330682,8.0,128.44110608499824
4239,3371.1435312488156,2394.023120258635,9.0,128.43871743064665
4240,1816.5523366338368,2716.32342517989,18.0,128.42839636190035
4241,2545.9857051958566,908.4952445969443,8.0,128.29783669751225
4242,2125.1617546238454,793.8553270468593,8.0,128.2830943368985
4243,2510.723933785848,2301.5973702119563,9.0,128.23471816930623
4244,177.0981489950188,1924.6234901362077,9.0,128.20884636035962
4245,2350.73801319215,2349.171754755669,17.0,128.19565259805665
4246,1179.9522598844128,2503.1164942245646,9.0,128.16718605203653
4247,3008.934863102441,688.8747065103579,9.0,128.1289940900945
4248,1477.0685538024677,2076.433125328222,8.0,128.11604689519362
4249,2837.551386587731,1492.2628660905723,10.0,128.09531639896267
4250,1485.8257948909668,3799.199613571728,8.0,128.0926515849859
4251,1062.148775229036,1311.5872061120867,8.0,128.06617980119546
4252,2935.289078176158,2333.1193340561435,9.0,128.0473227180649
4253,345.60794466840247,2104.740833062139,9.0,128.04129693103815
4254,1666.4550871477418,551.7378150488339,10.0,128.03874807392964
4255,854.9389736721746,2163.7531839275052,8.0,128.02181759487252
4256,2691.386463966588,3809.5741482262606,10.0,128.01534168617434
4257,1957.4818555406719,1226.615588954212,10.0,127.97287725918675
4258,1998.9265979003878,2855.6292121181787,8.0,127.9377130063401
4259,1900.543182456943,187.8999920751205,8.0,127.91155072105543
4260,426.15033135754,2793.267736841443,9.0,127.89107735530527
4261,3343.011363083948,2202.920619116182,9.0,127.8378101968156
4262,1784.338108349095,2719.971132894449,19.0,127.82224950442888
4263,1003.2181476189676,655.078739505165,8.0,127.82101332925626
4264,1685.7945001876676,1102.447917085181,9.0,127.79047702213278
4265,3417.959271450427,3457.9413812577673,9.0,127.77767638631569
4266,3083.095571244057,3677.563683484817,8.0,127.7548872826851
4267,2877.493696836293,833.8616737759884,9.0,127.75041591072137
4268,1888.878022205771,2558.9910878863716,9.0,127.74308501446957
4269,2324.294063315204,2802.0499280381036,9.0,127.71976413824001
4270,2986.896508109239,2598.896650776996,9.0,127.70705439107054
4271,1428.060001438775,2508.8266840713213,9.0,127.62089053266328
4272,3394.500212081709,2965.517113794103,10.0,127.60914138945046
4273,3755.2866457261616,2478.5194665777885,10.0,127.50260409434004
4274,576.8194753047437,3304.655802147191,9.0,127.46484615230469
4275,3323.789792767891,1064.83168404388,8.0,127.42652123668032
4276,842.7232561197101,2556.4281755625225,9.0,127.41625982710856
4277,1441.3114226400621,3511.5657466755747,8.0,127.4134890936505
4278,2949.999537041351,3587.9434752463503,9.0,127.32038827060255
4279,3015.7183370006296,2445.2255917547104,8.0,127.30965957540005
4280,1132.0410976410963,3129.545766239249,8.0,127.29377256158779
4281,794.3173845582235,2415.901637380135,9.0,127.29302178218015
4282,2156.940935718134,3451.205415542109,9.0,127.26080730089835
4283,2116.1710769544684,3218.7307684695506,8.0,127.15772270171107
4284,2774.207723277571,1236.1842704282294,8.0,127.10192943403771
4285,3138.8541376362577,2588.062170991065,9.0,127.02438273457749
4286,3220.9843120060696,901.9305648437131,9.0,127.01728593123931
4287,2822.5817734282823,351.27903850817603,9.0,127.00216519125202
4288,2989.876152430302,326.2418890467865,8.0,126.99904853059795
4289,3011.5985570029106,2017.8100103711067,9.0,126.99739125143493
4290,2710.5303140945434,2213.000037668322,18.0,126.98817648932825
4291,1595.026452410988,1053.7836374167737,8.0,126.98389263752642
4292,1599.8957422041253,3748.214913597847,8.0,126.95504378461247
4293,738.7671179791784,1965.1029718923276,9.0,126.9309473741069
4294,2831.508168537735,3674.0551213480253,8.0,126.92370233861567
4295,3038.8814451896747,3437.858935238188,8.0,126.91791707042994
4296,2718.760539140102,322.28633124779867,8.0,126.89472678114682
4297,855.5040219835912,1451.0957123326466,8.0,126.89334312808687
4298,2285.4499739589223,2585.3745923452025,10.0,126.87214484422718
4299,1090.1691877629096,3198.8903873369054,9.0,126.85387490757587
4300,2602.107696600173,3505.9737153680626,9.0,126.78823464752708
4301,1015.9004579595891,3477.421853765876,9.0,126.74196503212843
4302,614.1615209331258,2247.953047919944,9.0,126.69515680587335
4303,1231.1977635400808,2963.887545394427,8.0,126.694102057098
4304,454.28407776705035,2878.520606601435,9.0,126.68719720680161
4305,2589.1326422188267,3492.7915460267855,8.0,126.66380675114814
4306,905.4339866734734,1690.9447654328283,8.0,126.59287911778793
4307,2652.403358249069,3266.0000330102225,8.0,126.56784754919951
4308,3846.502218989847,2408.771530302948,9.0,126.56598145781223
4309,2609.819648956585,3816.982349139631,9.0,126.52424546170683
4310,2088.1107897322195,3109.194904691249,8.0,126.50944603706887
4311,3973.9954756127395,2252.2395285238626,8.0,126.49614732403471
4312,617.9902243796416,1513.8078183015264,8.0,126.42551805190273
4313,3970.86268833363,2221.3949305073324,9.0,126.36255471828022
4314,2323.7929814933236,3261.849534365859,8.0,126.33869216241393
4315,2180.993673583693,1043.5146424800096,8.0,126.33166368531332
4316,566.815978530169,2147.9533252163415,9.0,126.323937468101
4317,2985.8547037937847,892.2068825080208,8.0,126.27204458870855
4318,2878.381586357671,660.0933782863576,8.0,126.23223091018276
4319,2583.0541035573833,293.8371091288286,9.0,126.21540045914428
4320,1505.8782840770257,1404.2531976246153,8.0,126.20566676839044
4321,2612.449603079667,549.578286129181,10.0,126.19781876419377
4322,3554.01071070217,1215.930435346139,9.0,126.1707122371491
4323,2202.316958934601,38.014963517234534,9.0,126.16950692827814
4324,3495.4059066175846,2508.4844736726022,10.0,126.09579116194743
4325,3389.1517332856233,2914.0178949342117,9.0,126.07570176860781
4326,1117.1246554229147,640.2211115180271,8.0,126.07029729757241
4327,635.6218111778575,1955.8738966552064,9.0,126.0570303899463
4328,698.1046162000281,2041.9372278636388,9.0,126.04560028551877
4329,1794.7342612537914,2726.2904760300817,19.0,126.0126364289332
4330,1275.8169997557206,1251.2640914873527,8.0,126.00576972009624
4331,3531.2513280189814,952.109540015286,8.0,125.94007861334148
4332,2949.1058603574243,2592.5948409665207,8.0,125.9231981892926
4333,1543.0818961451434,706.5679184707292,8.0,125.89552691236099
4334,1685.2045026558137,236.5469909148791,8.0,125.85867066303594
4335,1871.5471663234212,2679.1597531775683,17.0,125.85615976356286
4336,3353.1207611496884,1223.825908980721,8.0,125.79816661772306
4337,1260.9457163668585,2433.785247007948,9.0,125.75001245076209
4338,2209.5468184689043,1480.7347276048151,9.0,125.74144828243038
4339,1632.5291704496249,316.33141655017573,9.0,125.74040529544945
4340,675.4687056951785,2814.9910017158045,8.0,125.72216617042034
4341,2937.806499710072,515.1681382780462,8.0,125.70058485494997
4342,1194.4388490987083,779.306258729557,9.0,125.6716745068142
4343,1255.957214742203,1450.0182915709408,9.0,125.6055374275938
4344,654.300454798287,1577.0766663260026,7.0,125.57552068920867
4345,3224.267651968166,2126.0920692869263,8.0,125.57485554481406
4346,3871.655718573652,1820.0134040338014,7.0,125.56211863655868
4347,2172.0530494358227,3806.2944120303946,7.0,125.55512554497977
4348,3204.460545348633,1831.2341016544815,9.0,125.51335429167476
4349,3132.804251267349,2395.7024291123853,8.0,125.49487512132046
4350,1029.165021955804,484.8392955137972,9.0,125.47106226524338
4351,925.1296857733334,770.1952652744361,8.0,125.37919477387462
4352,1927.0347591735267,481.8548708395332,9.0,125.36355255946798
4353,3468.821989205866,1394.566458990991,8.0,125.33476168102311
4354,3237.1542504129407,2374.132206201669,8.0,125.32712456217408
4355,2089.0808643700266,3493.246469297701,8.0,125.28011031757536
4356,1528.4689004258223,1289.0938402817067,8.0,125.27557603239177
4357,3674.0689409387346,3056.073811918352,9.0,125.24798487650345
4358,2889.0334932349783,3490.781431351373,8.0,125.24551501909727
4359,1378.9334440859811,3769.6203790152276,9.0,125.24257267496141
4360,1088.2111254990425,1267.0656401829076,8.0,125.22264706964225
4361,740.7879963396626,2829.572710371586,9.0,125.17229011800536
4362,2791.4055286756916,3447.7671572402724,9.0,125.13921701511542
4363,861.5706573572634,706.9041898839325,9.0,125.05675727982317
4364,3390.7616998703975,2377.8881917286785,8.0,125.04169976250964
4365,1358.533616492203,754.1569715227251,8.0,125.03564785196679
4366,2841.037153708696,1305.8198889970827,9.0,125.02775862482017
4367,1167.8123207614194,2924.7478404115977,8.0,125.00598356706513
4368,2467.1996845650997,2677.2376772794346,8.0,124.99038362228686
4369,1199.1242237337242,3380.5024676269,8.0,124.9682464150443
4370,2118.0777358717673,3268.8576905975483,9.0,124.9672383584006
4371,2443.0812617168,2944.9174851502703,9.0,124.96213100136995
4372,1998.5521844511688,1025.8224308640097,9.0,124.94045853168561
4373,3756.1175205724116,2864.368321122697,9.0,124.9361005698362
4374,1898.4127161871231,1087.7332572256341,9.0,124.9303370237505
4375,1668.2692655008066,1526.5767431796207,18.0,124.91799896494324
4376,360.8317208958836,1591.008885771945,8.0,124.88579028688136
4377,3327.7619526121744,1665.1811561055733,8.0,124.86489461301738
4378,1841.2633076851537,854.4291883374098,9.0,124.83922401886424
4379,1778.125526758709,401.42336654660534,8.0,124.81086423332845
4380,701.9319481033302,1383.912313964069,8.0,124.79671473647429
4381,337.5443414331125,1500.193189193133,8.0,124.76775106927539
4382,3386.547812634462,3137.7916101078654,9.0,124.6967594549255
4383,2742.706474509445,2115.6010387159636,9.0,124.69413992625482
4384,2916.9935349972707,1247.8736027685522,9.0,124.68935402625588
4385,3890.298588577971,2715.9269505226353,8.0,124.68902975624354
4386,3793.243817269967,2108.033922427427,8.0,124.64729315431038
4387,407.111235972263,2363.8662214007263,9.0,124.63702590641775
4388,1971.9380198812107,3146.1664104095876,9.0,124.60832828651635
4389,1630.9778074642236,625.0764653441861,9.0,124.60335772567345
4390,1813.1711145228483,3790.0978260273214,8.0,124.53346479614406
4391,1667.480527963102,2169.398795693971,10.0,124.52104209225061
4392,1930.0204400257005,3473.1101160224734,9.0,124.4874084806741
4393,2659.609987184742,3203.356512042402,9.0,124.47241680273277
4394,1577.467080573523,999.1903521066023,8.0,124.46259039841334
4395,3523.7196980407507,2231.588792835114,9.0,124.45685610795435
4396,572.8953446248805,1450.9521099213068,9.0,124.42894229364919
4397,2236.9672110290685,1504.9487329647584,9.0,124.41515571062307
4398,880.1624266444472,3497.8726596820325,8.0,124.412888123051
4399,2401.089454155881,1351.9515878303646,9.0,124.40060725329684
4400,3354.4611123218406,1990.8273155125894,8.0,124.30144506421944
4401,757.4091667426994,1500.7796598925765,9.0,124.29820313008061
4402,2905.974967999345,2521.7183626545325,8.0,124.24383724419238
4403,719.2102842211012,1539.0430030355894,8.0,124.19871093841374
4404,1551.9838095007858,163.97264485680049,9.0,124.16894070962591
4405,1169.5621206730639,1018.0923351687529,8.0,124.15154524965968
4406,2906.9271504744083,463.8994257842614,9.0,124.11447130805676
4407,2539.16249905422,1018.7874762956486,8.0,124.10041461393081
4408,299.9097034394048,1797.5830845023822,8.0,124.09467330836979
4409,3063.989571735017,3749.7449853125436,8.0,124.04611867014877
4410,817.9352968632293,2988.2366204680316,8.0,124.04271184049159
4411,1401.0544642794293,1856.00180541219,9.0,124.03958950679367
4412,2686.069467609174,3501.9954919184574,9.0,124.03326307605327
4413,223.79746277756777,2792.19939028924,8.0,124.02059522393375
4414,2865.118364164681,964.2274111839383,8.0,123.99969443189181
4415,2276.5698770831527,3042.672110051382,9.0,123.99468056393019
4416,1074.2596952882284,3662.501534824084,9.0,123.95453848612559
4417,2707.659296570719,2882.8877914549844,9.0,123.91569112744943
4418,3952.325261489477,2133.530428513599,10.0,123.87076417037669
4419,1793.0272473665516,964.820561327154,8.0,123.84986525362828
4420,3627.104947131871,1561.0550946667229,9.0,123.84693345399192
4421,3442.51541967943,1380.9846336209794,8.0,123.83372638351808
4422,3132.7078821188816,1528.0414371861893,7.0,123.828502718997
4423,3075.0865651011613,2780.723239763792,8.0,123.77408212751578
4424,2671.0375486175917,2074.763209990893,8.0,123.76453194114083
4425,3148.4905209647072,649.0966904669438,8.0,123.75916172738944
4426,2116.09015671329,580.7165247475712,8.0,123.73207507329381
4427,931.2081501336829,1386.9605846575078,9.0,123.71646371853804
4428,3303.9056260466086,3580.351915159018,8.0,123.71391496668078
4429,1160.034407599198,3496.952652826609,9.0,123.66910747011718
4430,3679.7302928523964,2401.3996166886263,9.0,123.65686827662047
4431,2062.6534023011973,3263.0076185767557,8.0,123.6258469376775
4432,1361.829337738695,728.1194306974543,8.0,123.62131295727018
4433,2822.8671194375243,1363.7761802094553,8.0,123.59812053863945
4434,2304.486491834436,3460.1039620708093,8.0,123.5473016809504
4435,3499.864268922593,3241.083151539542,9.0,123.51257274114447
4436,3001.2595281525196,1420.4814039594658,8.0,123.4759897174255
4437,2654.5240941172665,3522.151935874893,9.0,123.44775174685122
4438,1801.5329987640891,1034.8572333058207,8.0,123.39673440609418
4439,2630.2833742998346,188.9286409676921,7.0,123.36676944229299
4440,1967.7707390877626,772.2126682191071,8.0,123.32798556228721
4441,1758.9905158687764,3620.7686428243155,8.0,123.30277665045355
4442,1417.1736766863169,991.1157411049297,8.0,123.25568140831155
4443,1351.0003975062934,1102.5102331662804,8.0,123.2546873386996
4444,2102.5449630092794,626.2011704980418,8.0,123.21563682578105
4445,2696.8316856763226,2611.079083534908,9.0,123.20376255909606
4446,2154.198327311943,1448.6301406414939,13.0,123.19625019151437
4447,2952.0012138810603,1160.8573203957787,9.0,123.15168812790384
4448,2596.9338457853123,670.5927257324427,8.0,123.14277917929107
4449,1424.078659670765,3041.086228470501,9.0,123.10132822993812
4450,3463.9835123464,1148.5414679037797,8.0,123.0895664967489
4451,2481.4834906740443,3758.585816392236,8.0,123.03654509146413
4452,3289.8108780693096,1992.2447667787114,8.0,123.02817935052951
4453,2999.027202099406,2612.1401158952867,9.0,123.02346974330877
4454,1359.597982178697,470.02132783555237,8.0,123.00080105976679
4455,2300.218128427132,770.8890712673675,8.0,122.9952763550074
4456,2390.1816704271446,3642.2365805980107,8.0,122.96693763230013
4457,862.7702140335447,3090.1556998363462,8.0,122.94456540777519
4458,1254.1389284481068,2758.0230825194317,9.0,122.93951316046179
4459,308.77505832606226,2637.1612235860116,8.0,122.93015296635886
4460,2863.045842189139,2549.8932938705357,9.0,122.9204360435354
4461,1231.3733652154456,412.06863088207547,9.0,122.9148081910851
4462,2150.9563254427553,3406.31267694134,7.0,122.90247068894658
4463,2025.6930850967901,3312.1424391301807,8.0,122.89855929316914
4464,3307.101637930365,3469.1380710779836,8.0,122.88057410749737
4465,1048.1585990478193,3306.152104420786,8.0,122.87867405061561
4466,3299.169335097673,1353.5489051737459,8.0,122.85929482738995
4467,956.8044018734535,3645.7382241806918,8.0,122.81004751546767
4468,871.5529755914533,2938.0839539706963,9.0,122.80044814252376
4469,3926.8082032758693,2103.608604554942,9.0,122.78114464056087
4470,3529.004906331064,1793.9812958032048,7.0,122.76092122085232
4471,3591.592316553416,1556.440724499238,8.0,122.75320629625142
4472,168.19084640411253,2472.4719789990704,8.0,122.7448757847818
4473,508.25429173262427,3189.9161961135073,8.0,122.73274302330088
4474,676.2824693723063,3091.2137785125637,8.0,122.6845843757543
4475,1168.5492379041918,246.28191960179842,9.0,122.68444180959898
4476,2354.8972754805086,3298.5922018719607,8.0,122.66860067270746
4477,891.1708814582228,1568.0162423177148,9.0,122.62243157006775
4478,2632.960354062381,3400.2917831732902,7.0,122.58982215132738
4479,2151.4512145715753,3462.119649331431,8.0,122.58913169444595
4480,2893.2168906775173,3765.530654549705,7.0,122.57019073370252
4481,351.1590099106058,2903.9690149481667,8.0,122.55071806778241
4482,963.7759682846137,713.7556315336491,8.0,122.52659465604705
4483,3472.675923071249,3270.192019950583,9.0,122.51747375807027
4484,1024.963134847898,2551.2521479626803,8.0,122.5055138566679
4485,2065.5317354983877,727.3459370652644,10.0,122.46412127472054
4486,576.8157624932189,1631.4948313586567,8.0,122.41173042450481
4487,994.9099516248519,737.5018668674919,8.0,122.39264146801477
4488,818.6766175922928,1542.7821610191152,8.0,122.38818846024161
4489,993.8891079298733,1264.1655214657,8.0,122.38442618744587
4490,1046.8923963634809,3243.764355255325,8.0,122.3656640150911
4491,954.5161451253992,2050.0647344059207,8.0,122.35216771965392
4492,2897.944749493871,3261.3700549505284,7.0,122.344233909084
4493,2450.1701726831716,1553.9532125701523,9.0,122.33112258970526
4494,1790.1467990849458,1363.7157980896486,8.0,122.24568614835911
4495,1136.870945335474,1148.2625990449799,8.0,122.2304573338379
4496,76.08938605526627,2180.0206601593018,9.0,122.22510868845778
4497,528.8030314131205,822.1275706017583,8.0,122.17657803634643
4498,3088.819699722874,2274.192675601629,8.0,122.17252579265313
4499,2247.168994366962,657.2352524585408,8.0,122.12432234616645
4500,342.7396509265739,1986.8281412462209,8.0,122.11456675707349
4501,3998.1578414156875,2237.5515695778204,8.0,122.08529302626458
4502,970.5553488037136,469.28349156105315,16.0,122.08322441668828
4503,896.71872398637,1837.7702590863248,8.0,122.06673692906188
4504,2552.141021074974,1327.2998171950185,8.0,122.04423455279957
4505,505.2903907415132,2528.898191983947,9.0,122.03683941382297
4506,367.5343884859042,3079.119053145648,8.0,122.01941581341161
4507,612.5827481468228,1824.8107730441684,9.0,121.98374836222612
4508,1479.1479805256001,1205.7615351717654,8.0,121.93044566381063
4509,2252.0374444907598,3313.7617071760956,8.0,121.92093083362784
4510,1912.1300980493554,3779.352427641509,7.0,121.91912785605105
4511,2748.720582612039,1734.870885544204,8.0,121.9141766980934
4512,1257.19614504168,345.1691731147793,8.0,121.90174175198837
4513,3099.4288855022364,2795.7586039821304,9.0,121.85774847417406
4514,1400.3405755842655,1938.0306750707687,8.0,121.84838283915103
4515,3508.443298429361,883.128901316591,8.0,121.83670004649909
4516,2992.8596257639338,3617.076737158815,9.0,121.82797807433028
4517,1887.5120527465315,1149.6775783464461,10.0,121.81657748497473
4518,1876.7825958859078,981.4556566443835,8.0,121.78630870653298
4519,3236.037968982719,1370.0690500021417,9.0,121.7828747377775
4520,784.9243441121126,3506.9519959482086,9.0,121.749510978172
4521,2973.092914152933,3326.4426675728077,8.0,121.70997685611502
4522,3710.995878006197,2773.882719774028,9.0,121.70631543113785
4523,1447.5551772130757,1546.1291546535074,8.0,121.69007258977332
4524,1512.0976249730302,3717.1615220737517,8.0,121.63353741209764
4525,1932.5225501743253,3357.974802315807,8.0,121.59557751986227
4526,3438.7116525265346,2490.5654557266444,9.0,121.59194650004758
4527,2712.04978769827,3583.014630278171,9.0,121.57938198684344
4528,3748.7511801858946,2134.927329270143,8.0,121.54886569212597
4529,1708.286885299635,552.7861068389095,8.0,121.5425210825026
4530,3341.1233311797528,803.5096765900008,9.0,121.52582278647407
4531,2253.6042008724016,3676.8228473344325,9.0,121.51624575828812
4532,699.7577587249857,2329.7185738358917,8.0,121.50150256100618
4533,2859.775285146957,2152.2580192651917,8.0,121.48178214169158
4534,1602.1538450221017,3267.7724957459086,8.0,121.39345320356755
4535,2345.633452684029,2557.1509203386695,8.0,121.38539570484959
4536,3286.9792856842223,576.8812784899401,9.0,121.38212201735227
4537,522.7147023742958,986.2145208690847,8.0,121.35126683962372
4538,2401.7726633536477,3662.757822394377,8.0,121.34160497449642
4539,2731.787176714334,3771.1822595010326,8.0,121.26087269421583
4540,3732.527441725742,2811.8598276473504,8.0,121.25342210878135
4541,1829.8097932551289,3105.87962353596,8.0,121.24452191101423
4542,3516.1017315295494,2083.748720339711,8.0,121.22002628126677
4543,701.1571446506338,1738.4508249780017,8.0,121.20880212405635
4544,2315.9530409233485,1312.3046370794675,7.0,121.20450743958159
4545,3702.2123975187383,2827.9836281728517,8.0,121.18884914866479
4546,1291.9497906102663,306.815644554825,8.0,121.18247822128038
4547,3569.0767792596343,1489.9310007949177,9.0,121.14027784819856
4548,1697.9140385459693,1343.2025181647118,8.0,121.10988431639183
4549,1532.1280487169713,1007.0259493474551,8.0,121.10520468221526
4550,2506.985006724305,460.6675529594423,7.0,121.09579657890943
4551,2480.5240880733477,1707.3933754871398,9.0,121.00741053490297
4552,3764.9483900853747,1726.871877857087,9.0,120.99220024803468
4553,1790.5205885843998,3531.648626422925,10.0,120.9680967418328
4554,1023.7617135001435,667.792958204324,8.0,120.873162175571
4555,3001.5214256147083,353.79481945437084,8.0,120.8727199134518
4556,3251.3388541365557,1224.2820905491399,8.0,120.84980924257506
4557,945.921606578573,1650.8606300948732,9.0,120.83146505572863
4558,3729.7295869767345,1467.84510081494,8.0,120.82961086858408
4559,912.3677199351589,3342.060045000426,8.0,120.80888715486154
4560,654.8376491050752,2794.042322726332,9.0,120.80627011213065
4561,322.8782148474369,2292.50402283208,8.0,120.73885421444453
4562,1389.1731140734164,3836.0813153061627,9.0,120.7275308053521
4563,3002.254436260145,1041.2545133302779,8.0,120.71609814349293
4564,1393.5035827733834,3216.125927672819,8.0,120.70001095690978
4565,1403.1642809272823,1300.5648176947268,8.0,120.68032962710757
4566,2340.062715341764,1590.3896704659642,8.0,120.67471093086776
4567,3709.9208804742843,2429.1167863022047,9.0,120.66885225825652
4568,2018.9677399230163,1083.9604451208554,9.0,120.66323357304714
4569,2832.05896507115,700.961057603207,9.0,120.64966076131095
4570,2442.8474685277033,1189.833518528812,8.0,120.64829182378914
4571,1206.920894111941,2940.7674468288715,8.0,120.63551509677747
4572,1998.1250855858764,1617.8001837986653,8.0,120.59744537028064
4573,3749.2794869729646,1039.008542291486,7.0,120.58347505817015
4574,3512.6834104727595,2787.4111655532765,9.0,120.56347982706386
4575,2430.9377091135466,2782.7721685307397,8.0,120.56208193457392
4576,3257.241212317793,3404.3409648153,9.0,120.51721346200596
4577,935.0723290439562,1413.7538088945091,8.0,120.51337670267917
4578,129.88895388534965,1940.6164113093316,8.0,120.50199109019705
4579,3711.193649456724,2919.0448824532614,8.0,120.46663293964927
4580,3449.8069608377164,1832.7440524021904,8.0,120.43190555032848
4581,1987.8964905409466,1060.0631879441826,9.0,120.36450445966948
4582,3572.830042302003,2163.2065836894285,8.0,120.35565949837103
4583,704.7195483796819,1359.483536830728,8.0,120.35269124179167
4584,3735.1425952979025,2702.082106154814,8.0,120.33241526222395
4585,1657.7808048671232,332.0576784064242,7.0,120.3157381411443
4586,1055.0893342622728,3689.990104970659,8.0,120.31191748992472
4587,3827.3856672485886,2935.0559364437877,7.0,120.29355859944005
4588,909.9188864934895,2995.234092474222,8.0,120.21331750191118
4589,1085.8974782754788,442.5675090408062,16.0,120.18604933390034
4590,2493.0270602481014,1244.471480187085,18.0,120.1749565474397
4591,3657.962353228358,1204.5190956296565,8.0,120.15708095710055
4592,3212.918742165525,2566.8809933495395,8.0,120.13685323172228
4593,2404.0468451750867,3718.673818223752,7.0,120.06117006496518
4594,2881.3326971781307,1102.946860085427,7.0,120.04879894175328
4595,3305.9498491016484,3552.3492303810262,7.0,120.02120893987015
4596,2658.0555371429796,2442.0403393902807,9.0,120.00804246633946
4597,2003.2387074477317,3400.7363976459355,8.0,120.00433370158729
4598,3754.758753842152,1383.2703470404695,8.0,119.92090630413682
4599,3757.230389258411,2051.6987127220655,8.0,119.9012398679165
4600,2890.183429608759,3241.0523794789724,8.0,119.8976500162102
4601,3024.053624917997,1589.2894944242557,7.0,119.8923095774995
4602,1277.291099034209,1687.2316557457118,8.0,119.85079094691525
4603,2864.649458042706,1872.774185788538,7.0,119.76502300529073
4604,3741.236354189127,1573.410266275898,8.0,119.74733235155612
4605,2664.242830628099,1044.8522958140547,8.0,119.73197210399336
4606,3497.81080301723,2597.1530254107065,8.0,119.67258259554413
4607,2155.9887467809676,3943.3583394965226,7.0,119.65899580168339
4608,898.1977809026386,2133.17425366126,8.0,119.65835114593719
4609,2719.0472940462146,3193.220448427919,8.0,119.57850812566723
4610,2863.900214326625,2021.7676378086876,8.0,119.57217006189153
4611,1200.6198045630783,347.76710288775996,8.0,119.55379289868519
4612,201.6631389272477,1458.037543931183,7.0,119.50800540003235
4613,3052.5134693994933,2664.0096692503785,8.0,119.5023152354744
4614,2023.843592284553,2882.8285741077984,8.0,119.50049443240698
4615,2137.2480800764706,946.0843890013045,8.0,119.41520506022302
4616,791.9801833287145,2665.8261268564447,9.0,119.41181517307899
4617,3234.7520797263774,3011.009167807064,7.0,119.39177529785063
4618,756.0390570184896,2742.9975401877628,9.0,119.38881188871362
4619,2583.7376759526355,3697.625144507932,8.0,119.36284463210525
4620,3326.0252412996997,2085.1556445514825,9.0,119.36272840589685
4621,883.8189842573297,1257.73615340155,8.0,119.35740804896724
4622,3147.937549963027,3183.1176754999024,9.0,119.3297141939174
4623,1621.1022569788695,275.85693283356085,8.0,119.32647534325878
4624,2022.0062474878102,934.2681246209478,7.0,119.27312697520885
4625,1090.1230822771636,3459.168340036712,8.0,119.21430074769324
4626,2040.0935512304445,1004.4904947145442,8.0,119.20805142435653
4627,1914.119864345526,1468.4557102111771,8.0,119.16131327873065
4628,1512.1848510240254,3800.8158334777822,8.0,119.16068626961011
4629,1250.9039819372483,3293.994723436834,9.0,119.1593334751859
4630,1174.2678942141015,987.0960819633689,7.0,119.10986943841588
4631,2859.15967526723,3003.255937488854,8.0,119.1070973846021
4632,1123.261218587371,1027.9694891505758,8.0,119.10663375476162
4633,1606.6297789088537,919.1406308435443,8.0,119.09902739173992
4634,2561.8420385524264,2472.24988405311,8.0,119.06674143112997
4635,1483.3143285627345,2899.6263569154517,8.0,119.06392681483433
4636,907.0948354514912,3607.8570895713533,8.0,119.010737215062
4637,3381.1638287229093,2608.040590209757,8.0,118.97197133068926
4638,1220.7371501670607,3072.854700465635,7.0,118.89817175731852
4639,1040.4581193148892,1931.7003948680808,8.0,118.86570534846486
4640,2680.8950552480633,356.7670180325115,8.0,118.85288041813598
4641,2798.4405960100635,3303.5912534558283,8.0,118.84254982711727
4642,3407.5180549436063,2209.0649255280127,8.0,118.84195551216854
4643,764.8231974572196,731.8385883957914,8.0,118.83851272144642
4644,1419.927153608178,1269.2342463715217,8.0,118.78157806200029
4645,3015.060943088194,3498.024995278103,9.0,118.76009019921419
4646,2669.897887987015,2620.113686856717,9.0,118.68452325485976
4647,3853.922346499013,2888.5104370419804,8.0,118.68231925331472
4648,635.1198713329113,1364.9522173409484,9.0,118.6743273820087
4649,1903.5727669429946,1105.7412156004098,9.0,118.59558465101208
4650,1123.7997477973602,3095.109641840937,8.0,118.56896612951444
4651,316.9266405736991,2552.889558644102,9.0,118.56487360147887
4652,1051.5028340602648,2187.9929484702675,8.0,118.41790444080063
4653,2110.830428593448,425.8813288541062,8.0,118.39407785602626
4654,1463.4301649440229,819.4992606533957,8.0,118.369773149803
4655,3573.6741500839603,1200.989612976315,7.0,118.35538644968331
4656,3551.7366656926038,3188.2683093446453,8.0,118.34466912151997
4657,1260.8995856178974,1321.7739262716614,7.0,118.33229585414705
4658,2478.2548018220386,801.2188161545298,8.0,118.32030692493332
4659,2256.684148721955,1074.7996990551535,8.0,118.27096121662234
4660,1198.457130493597,1147.2823591351228,8.0,118.19374904180913
4661,2348.0027174029246,3201.7288970910054,7.0,118.18260519778296
4662,2115.1015168104063,419.4005595405777,7.0,118.1591998884585
4663,1915.7841777417975,1329.303148480979,8.0,118.12537304272274
4664,1625.3710496873057,1627.8042598195802,18.0,118.0872704769909
4665,359.57338457332344,2020.3445926929917,9.0,118.074353451144
4666,1877.480746174015,1406.6445981041381,17.0,117.99590699136195
4667,688.8743663700591,1538.2873046960751,8.0,117.968699386535
4668,987.0240254307355,2376.9983037885777,9.0,117.96213628148739
4669,2895.7570373359003,414.95855116219064,7.0,117.9532535981999
4670,2315.1236702016286,988.4470418946637,8.0,117.94948295310473
4671,1027.6806735589166,2967.674779514798,8.0,117.93358846503551
4672,3124.7452333913657,1930.1806423444898,8.0,117.89639643628082
4673,2245.0664535513683,504.78603079424937,8.0,117.85491233064315
4674,2638.806970610332,1041.8812330748874,8.0,117.83802572621116
4675,1246.6910827299312,1849.1972672431739,8.0,117.7993356964288
4676,2113.5297081774456,1416.8375370816639,8.0,117.79932559240339
4677,1890.8308644395356,2925.517482545022,8.0,117.79745622687057
4678,1370.8489964897901,3427.8623337820454,8.0,117.7842004973417
4679,682.8389122804209,2413.243082819874,8.0,117.76824930429979
4680,729.8213387178587,2415.9247653050074,8.0,117.75679855858473
4681,446.17151704665383,1297.8928187222593,8.0,117.73813716042244
4682,3426.7996980875014,1641.4554940169833,7.0,117.69259806925429
4683,1962.9733854322233,1347.9270287905572,9.0,117.68486239596574
4684,3526.9190856650594,2684.573018728661,8.0,117.55379526045351
4685,3448.677217060562,1521.740544856702,8.0,117.53599934123238
4686,1524.9603364929887,3198.002525385132,7.0,117.53589921038825
4687,2221.8610907831544,1099.790398267512,8.0,117.53100314775516
4688,3823.766846786376,2371.2475916522894,8.0,117.51959929269398
4689,2292.7420231066294,3543.6903660395433,8.0,117.48774071933076
4690,1198.039037731348,619.4438218340002,8.0,117.46738616705363
4691,2792.9523209613226,929.8216887317495,9.0,117.45527708506795
4692,3122.3166146843173,2951.4642497986847,9.0,117.44191996411324
4693,2065.246623717917,1227.9908631452563,7.0,117.43473401851065
4694,3847.0540240643786,2217.9292223555235,9.0,117.43003625979127
4695,2812.3042284533226,3752.965262173225,7.0,117.42634321928726
4696,990.2403572171713,3279.9705425334937,7.0,117.41096943921912
4697,3716.4781590918665,1973.4668743769091,8.0,117.37832775225279
4698,1723.059180604919,1248.076571246932,9.0,117.36821302068684
4699,2843.970465856126,1796.7235871597554,7.0,117.35782305311123
4700,3651.9780858465224,1984.5202374477758,8.0,117.34346597436904
4701,2619.924943949679,2589.8818578906667,9.0,117.33187677601457
4702,500.57151759606967,3183.5714813013956,8.0,117.32013395538438
4703,814.155905140268,2442.657038269153,7.0,117.26762480246786
4704,1475.0672307573243,2166.152543775912,8.0,117.23127442213342
4705,2701.152130897179,1347.0888627550435,8.0,117.2285763637031
4706,2284.6843056717894,3172.920804058797,7.0,117.21747231012112
4707,286.19359060685656,2166.3057526767348,8.0,117.21436407194196
4708,1261.201574860915,1177.961305292749,7.0,117.20765539563737
4709,3345.929259158187,665.0574956040431,8.0,117.18640963881408
4710,3750.044848903448,2643.9191999478467,9.0,117.17602429983381
4711,2731.7134013412583,953.2391345361419,8.0,117.13121180048718
4712,1259.8109244033765,3200.8284726879406,8.0,117.1131079250326
4713,2417.2768307796514,2749.1883906684534,8.0,117.06411787495719
4714,1228.2200135211995,1956.9007716964122,8.0,117.06297175113156
4715,2345.9557768659247,3800.309572192076,7.0,117.06267947594627
4716,1677.7123942002959,2969.9038872340607,7.0,117.0582966865203
4717,2459.7609354333586,1691.1666604488119,8.0,117.05625362431871
4718,3715.1763591557547,1447.1560539707395,8.0,117.04952392000997
4719,1531.5107250993387,2465.615281583524,9.0,117.04336126557777
4720,2984.772073113858,3201.7390618444388,8.0,117.02944906647852
4721,2099.935225815165,3971.299473886508,7.0,117.0020179451275
4722,3551.2128104074727,1439.4398334253378,8.0,116.99137968969569
4723,2895.962922271301,2413.2327759548916,8.0,116.98994909780859
4724,1524.249694452535,1666.494277095501,8.0,116.98811347675294
4725,2284.0490057730117,387.88996439941917,9.0,116.9107331773707
4726,918.3051033856194,2596.7579341394044,8.0,116.88418738280608
4727,708.9672702625617,1522.9477459479397,9.0,116.8522958878774
4728,1226.6297115600526,1549.5346676471625,9.0,116.81786537745855
4729,3507.3210992979652,2989.219795200014,8.0,116.81323073557331
4730,1802.2009623989202,737.3878797982501,7.0,116.8058574361691
4731,1553.0080215863422,1518.160668406222,8.0,116.78414555836291
4732,2945.163011829842,2456.2979060915122,8.0,116.7290892485476
4733,2822.8006424016485,3077.26963122397,8.0,116.72753413087199
4734,1830.2935238280957,1234.4845898299159,8.0,116.67978423920118
4735,1531.9184938947244,2516.918387059953,9.0,116.67137906857631
4736,2067.792044935151,3886.728252425647,7.0,116.66165390868758
4737,3210.7060580848847,2125.2989588437235,8.0,116.64656927597636
4738,3387.0275640543223,2089.749262348733,7.0,116.64329540845655
4739,2431.1635785916674,1196.327718855056,8.0,116.623533089108
4740,644.9715827905098,1020.5003584269906,8.0,116.61017303962551
4741,2645.8613505033527,1682.2426324011033,8.0,116.60605396073018
4742,3114.2898215800137,3536.8944245177527,7.0,116.51027295955842
4743,2496.9358570887575,2424.0059516752594,8.0,116.47465433564577
4744,224.71848823769514,2588.2633621649256,8.0,116.46160645607628
4745,643.0601132767397,1221.942243948058,9.0,116.45456346021359
4746,2392.5850373204958,3426.220178214632,9.0,116.43646975195925
4747,2619.165539861392,1886.474852504969,8.0,116.43199854367845
4748,3026.158563114316,1877.1462838640516,8.0,116.42978730903673
4749,3628.2461440168363,854.169290502519,7.0,116.41887821272078
4750,623.1584371503359,950.9267496078315,9.0,116.41138463643843
4751,3473.2585877631964,3199.198551722028,8.0,116.34249739627208
4752,3371.7842651057945,1779.844024914067,8.0,116.31117450935096
4753,2058.0755701323696,3065.1642700207317,8.0,116.276221618493
4754,2758.9759881213945,560.0909475821413,9.0,116.25052046451552
4755,229.32020348639466,2285.7211316092694,8.0,116.10462367580053
4756,2103.690781904839,1558.0003557010934,7.0,116.0971385033814
4757,1385.7949800835713,3098.6148336689653,7.0,116.09667922322575
4758,2996.4190991401633,1488.5664375488986,7.0,116.05638281161812
4759,3078.080579231317,2565.9374852903984,8.0,116.05063682573982
4760,3428.87554470045,2133.48891184554,8.0,116.04518852991609
4761,2376.293899625424,2746.1021375656037,8.0,116.01244646494345
4762,1598.9731024100058,1050.9810323285808,9.0,115.9998898805776
4763,1083.20150901536,2111.800528271301,8.0,115.86926043695746
4764,3893.8576584134444,2342.328700368599,7.0,115.8547968708727
4765,282.8168058677527,1861.8696397952672,8.0,115.81260835434207
4766,3188.043758659129,1835.9250680664009,9.0,115.74933232623609
4767,1333.12227786605,1123.8546692009486,8.0,115.74271372808334
4768,684.4880670373748,3409.035466871719,8.0,115.71545956198645
4769,1733.8252582310517,2528.129611410108,8.0,115.71292762585057
4770,2723.7996841649147,2060.151803752941,8.0,115.63599170874815
4771,924.4418605675055,2695.2263391363836,7.0,115.63551677450099
4772,3640.962889551158,1615.9306314266373,9.0,115.53236076981695
4773,2739.368842342353,3819.4379355035376,8.0,115.41408329455916
4774,1503.9572187424874,396.6670437030036,7.0,115.39538323754687
4775,1200.8156053928114,1015.1815316176844,8.0,115.35423047462372
4776,1904.9720283631839,1243.115342818797,9.0,115.3518900357292
4777,743.8287309385097,2512.01209459349,8.0,115.34630131068411
4778,3483.012145820038,2633.1119167177635,9.0,115.33116862016652
4779,2170.375325203568,2774.145388389105,10.0,115.29506781940886
4780,3961.1076273068497,1737.419376218885,7.0,115.27230878724673
4781,715.9784275570264,2666.2003701446843,7.0,115.27101802848192
4782,2018.900677100753,922.8651101128472,8.0,115.26726857776816
4783,972.0504204588426,2691.799260694807,7.0,115.24305013309787
4784,3490.248298664393,2223.1676616141394,7.0,115.20859478525263
4785,3124.9009180498806,1464.0101179041499,7.0,115.1817879554923
4786,3070.183566391305,1899.1785966459452,8.0,115.17477491420571
4787,3632.822496824383,2570.1701304736475,8.0,115.13151197967034
4788,1350.038658386705,975.0983393316718,9.0,115.10091024053504
4789,2041.771475791786,3906.34933101544,7.0,115.08603423981052
4790,1465.9781148029754,3782.0956236813936,9.0,115.02808504658586
4791,3460.9758397235787,2387.183425303942,7.0,115.02040548048902
4792,3653.021689778342,885.0134648803412,8.0,115.01789173518554
4793,2858.7667897827887,3267.05060350261,7.0,115.01171813867832
4794,703.8987049498842,1906.6854217921095,7.0,114.96220866424345
4795,2488.724437579853,518.06952345127,7.0,114.94689777990929
4796,613.9840921073746,3158.7742650327896,7.0,114.93705325556738
4797,2501.8114545117096,1723.857908839542,8.0,114.92895009392205
4798,1771.0717666313922,3198.333398866485,7.0,114.88973123720946
4799,3423.9030307381136,1089.173213387239,8.0,114.88313502435243
4800,1588.2658147338032,369.7817744300287,8.0,114.76415775666277
4801,1376.2526086790238,825.9310794041061,7.0,114.76187108545041
4802,1600.8078986911532,1651.3036555439053,8.0,114.75202671546035
4803,502.9688954698665,2570.718924652709,7.0,114.74636127430338
4804,1343.7766286142773,2615.190920525268,8.0,114.71144997365926
4805,2201.7163109867743,2895.2212834233746,8.0,114.69821403986283
4806,2475.177916527529,579.7545162773055,8.0,114.68971121475442
4807,3566.617457905369,1608.9018099388009,7.0,114.6660852601682
4808,2414.776279930931,430.13965551003133,8.0,114.65192780405906
4809,389.2354851178327,1226.955544745846,7.0,114.63758667703385
4810,402.84879441876933,2332.647064953163,7.0,114.62305363434027
4811,645.9531654351299,3301.80899034425,8.0,114.60600301872395
4812,2916.9083833491504,1544.0464860103687,8.0,114.59343955870565
4813,1242.6365337180139,1507.3424523658075,8.0,114.57512235875575
4814,707.9313851633875,744.8234700746084,8.0,114.50622893332135
4815,1511.9847369618042,2420.057951271395,9.0,114.46361610857481
4816,177.3014638249004,1840.134137282558,8.0,114.4404132116068
4817,773.2830326209322,3450.1422944073915,7.0,114.41731581283852
4818,1592.9914392814198,735.0634451211855,8.0,114.40862839187498
4819,303.36958829381734,1313.800363129832,7.0,114.40394124254968
4820,2159.817095145068,2636.9084653108516,7.0,114.34045480841023
4821,3365.1006558905515,1913.1482986243016,8.0,114.31257759375234
4822,985.9787124302682,2419.734789759072,7.0,114.30137186628403
4823,2430.198790363176,2622.233951043342,8.0,114.2824849128599
4824,705.210955423672,2264.0574713481296,7.0,114.26847796335854
4825,2656.1974798159245,498.81845595047577,8.0,114.25878827672435
4826,2805.101094281986,1272.4915531597298,6.0,114.21561773980478
4827,2984.2921012505485,3659.766981143223,7.0,114.18979522390562
4828,540.324595085588,1276.1858625817963,7.0,114.12176904757416
4829,844.8506747034268,1563.7400880255013,8.0,114.1120220182971
4830,2471.2646094831803,2172.6946766328697,8.0,114.02906794604093
4831,1174.6173642415802,2735.7852075931064,8.0,114.02786469710051
4832,2625.271380989499,3846.7305892878408,6.0,113.98646119008129
4833,2157.708114737591,3754.0032248349958,8.0,113.9794469950409
4834,2273.9326212046267,57.8553891175103,8.0,113.97882800420595
4835,557.0030204050503,1346.9783781635062,9.0,113.97632774285579
4836,1153.007454730607,2442.206731048086,7.0,113.97592198481667
4837,3701.2675843259335,2948.794707736659,7.0,113.97249400465637
4838,2621.2421294279316,3907.9851288178984,7.0,113.94992213586431
4839,3149.946939565834,3639.660716748811,7.0,113.91448928918348
4840,2944.7797747712757,2336.7510757183722,8.0,113.85965261357092
4841,2317.2582053682254,1287.253188535575,8.0,113.84396779834978
4842,1676.940788346928,235.93309168425282,9.0,113.81878347446916
4843,296.8287557451963,1591.276961487376,8.0,113.80990530412404
4844,1013.8160245442172,1845.023331672349,8.0,113.80927576427342
4845,2288.926530330742,1573.1944177469177,7.0,113.76819298418856
4846,3905.3897717942245,2282.087868231386,7.0,113.76735580683471
4847,3314.0568879987773,1081.3665992078065,7.0,113.760407159965
4848,2003.0301163367462,1542.5332150877873,8.0,113.74932040626429
4849,3097.676119092862,970.3033385904708,8.0,113.73098525431061
4850,1240.0784805077928,3249.296205529749,7.0,113.70059552485839
4851,835.0251386504926,2225.2385592367946,7.0,113.64469353112148
4852,690.7129101313665,1414.1986467515403,8.0,113.63936508404353
4853,3421.7177532298065,2968.1609972278698,7.0,113.62406448526512
4854,3149.0837366335454,3083.872527609085,8.0,113.5982729794943
4855,3301.5689811897932,2322.110963432349,7.0,113.59437682609254
4856,884.1886151816364,3128.8723348146063,7.0,113.59232147224066
4857,1635.2550878442391,1284.6657574809938,7.0,113.5840589264089
4858,1762.209465522275,1459.2828896460671,7.0,113.57033067380387
4859,268.39056910733495,2798.2787776800374,7.0,113.56778555864263
4860,317.6526419788001,1159.1280469774556,7.0,113.52536956171531
4861,1216.9178967532146,2783.202037257559,8.0,113.47149214421974
4862,3093.007876089555,1991.1350785315376,8.0,113.45928157239369
4863,1601.7603438834399,529.9597393214121,7.0,113.42146466571022
4864,2331.8795086942273,609.330617219804,7.0,113.41872495518936
4865,3553.601736980376,2814.455353565612,7.0,113.37719041686364
4866,3634.7165871055104,2095.18181458732,7.0,113.36655539922224
4867,316.97222101064625,1843.6997822008043,7.0,113.35696241466351
4868,973.8057473348981,1578.251690210276,8.0,113.35233250838785
4869,315.67342301013844,2615.798314918829,7.0,113.3340468040301
4870,1624.900931555728,2799.220210554441,8.0,113.31846532596614
4871,2603.840548829386,1499.289785973399,7.0,113.27099268239726
4872,3683.305084082622,1751.0437587538268,7.0,113.2457426267268
4873,3917.082769602676,1651.4545021156691,8.0,113.24084528819333
4874,3391.0594376041604,2746.4080314062085,8.0,113.22432549819116
4875,2131.124603791896,347.0034358761899,9.0,113.22124954432884
4876,2533.9964914621796,2873.834420244424,8.0,113.20104049503924
4877,939.6702786030548,3293.248997206854,8.0,113.18454625279817
4878,3387.8666551325036,935.6866565409242,7.0,113.13029272377632
4879,2724.982699595136,3667.4969277579203,6.0,113.07101823292523
4880,2675.7298090038003,1047.083130541247,7.0,113.03481190192865
4881,1109.0492751305032,2205.129214937253,8.0,113.03457735496615
4882,1533.466810191019,541.0872342883782,8.0,113.02482982693304
4883,3479.8682692898483,1292.7267519134832,7.0,113.02433137336952
4884,3828.427803244267,2525.5486466605707,7.0,112.99094094192378
4885,2954.4838094701313,2380.7968085823277,8.0,112.96057876801983
4886,366.997560997159,980.7912353814618,8.0,112.9500537575403
4887,1403.1709197475877,3539.2712384207307,7.0,112.93991246782217
4888,3670.2698163687473,2017.8978201133789,7.0,112.92613982838884
4889,1044.8983088229043,2407.6461592420796,7.0,112.90532509919358
4890,2435.3418379238333,2838.1525874973827,7.0,112.85495061611667
4891,2970.5818874654587,3383.1216969687866,7.0,112.834181952326
4892,2979.6872600450165,1500.1914372949327,7.0,112.81775024647072
4893,183.62663056630737,2784.874094681158,7.0,112.79805588800804
4894,3125.8852153361227,780.0120981962389,8.0,112.78324109617715
4895,1559.120742480839,3624.711835279025,7.0,112.78025460214153
4896,3457.36425682069,1577.2737779389981,7.0,112.74309499715372
4897,403.0817994767927,1836.8632688029609,8.0,112.69899404017781
4898,1883.9565574791002,813.0284638698482,9.0,112.67020116474698
4899,3698.2518216967874,1637.7107541899786,8.0,112.65784534531494
4900,860.3970658685159,808.0499853494321,7.0,112.60807852841542
4901,3007.1730374687945,2842.8123488051624,8.0,112.59910204139169
4902,1069.859554301613,2954.348385315902,7.0,112.55985220448498
4903,2733.2824955647498,2056.975454069893,7.0,112.5528606771572
4904,351.7517922744204,2552.3774908388446,8.0,112.46125299952338
4905,2334.9937165774386,1231.236128353256,7.0,112.45787774562065
4906,1844.7191842952434,399.2411496750915,8.0,112.45630100854422
4907,1542.8516633906272,343.38537611358004,7.0,112.43008007892045
4908,923.7120220666068,3475.2128662397295,8.0,112.41205516063694
4909,3766.8604285086626,1454.6907847501197,7.0,112.39126109865141
4910,3532.0213477297625,1624.927751774434,8.0,112.3802181321052
4911,3433.9860123695953,2371.986176078647,7.0,112.37244431757973
4912,385.76743990763293,1510.7713211207754,8.0,112.3504141347903
4913,937.7451161824473,3204.9345873326547,7.0,112.32276233638522
4914,650.161460805878,1059.9775329635497,7.0,112.28477007962427
4915,644.8962805320983,2116.489460192548,8.0,112.26411321692898
4916,2281.2310218885596,3775.0061780568685,7.0,112.2412154505025
4917,2435.7801696840156,1903.7906795201109,8.0,112.1923857815793
4918,3601.08687345676,1287.0375390709648,7.0,112.16715741670444
4919,1208.1594080584425,451.70614374211,7.0,112.15248619585317
4920,2943.1267982332247,2693.7276291866697,7.0,112.15051654583621
4921,3222.898287195636,2930.2617480492804,7.0,112.11125153498395
4922,2441.012629720061,2573.7555289476,7.0,112.10588898556868
4923,3215.277938534068,2052.9038256456975,7.0,112.10353489898039
4924,3406.9779288624304,2594.681372022523,7.0,112.06435594487198
4925,3477.9391653415687,1287.099739906553,8.0,112.06047210463242
4926,755.8594055411747,3151.8160760592905,8.0,112.05723583804377
4927,3504.1397181433995,978.8597588916456,8.0,111.92813343039933
4928,3955.5226421163043,1952.425246780516,8.0,111.92618198580064
4929,963.99999051274,2576.086248060701,7.0,111.91957635388879
4930,765.9144158618783,1972.8180286833906,8.0,111.9043155725538
4931,3193.2933406759316,452.14228913613715,7.0,111.9024054980919
4932,2405.769600202858,2242.3404251252337,7.0,111.86696157181795
4933,2683.7057114734034,346.09360827237657,7.0,111.86518360949908
4934,3594.7220432090076,1708.1784152645107,7.0,111.8462004319355
4935,1928.2757266333192,4083.48632943903,6.0,111.83070337957976
4936,3999.041802392712,1703.3985983032533,8.0,111.8009741556795
4937,594.7309834369755,3318.1729881696297,8.0,111.78777297240957
4938,3753.3453434107514,1337.6184645623218,8.0,111.78030878734035
4939,1959.5594652846598,79.05931720257492,8.0,111.75209414907034
4940,1030.4525200206833,1652.8024358821801,8.0,111.73477181597694
4941,427.7921159406052,2909.144528114708,8.0,111.72084093336467
4942,3198.142695770246,818.8750440619759,8.0,111.69861559915192
4943,2984.118531256395,509.37563788997926,7.0,111.67320533219136
4944,2042.0970225679002,829.6955243589854,7.0,111.66729167094046
4945,1305.5479706043911,1447.4769298885024,7.0,111.66669212066823
4946,3336.3896585116727,2519.8042723212193,7.0,111.62932459440385
4947,2718.1745771448095,2684.3001197518615,8.0,111.55483116917438
4948,1483.6015607705267,1808.2753604371992,7.0,111.53857019009804
4949,1192.049911349489,2194.3159588653243,7.0,111.53063648591333
4950,2025.7986268549569,3900.797753266828,8.0,111.50593914775689
4951,2064.8935858917603,476.0124307960692,9.0,111.48838508367598
4952,3101.8537454111515,1166.359269772857,7.0,111.42990092634132
4953,3656.212046822927,3144.389345684741,7.0,111.35107962900902
4954,958.7686296420319,421.3683485086435,6.0,111.33344239686778
4955,1824.8341249439304,666.2297187472273,8.0,111.3290389508075
4956,591.812780524026,2345.0569011128123,7.0,111.3131923129897
4957,1924.0672075542006,171.91605849927404,7.0,111.2950372901282
4958,983.853800333329,2186.263702960231,8.0,111.25382932273514
4959,1268.0468218546275,395.7983279761831,7.0,111.24037417077533
4960,1048.8539309735509,3369.662333469877,7.0,111.22532188569753
4961,1779.6056003907217,2586.2363060322464,9.0,111.22338382732897
4962,2837.8134802600784,1579.8635790578583,8.0,111.21515885930631
4963,2319.787719915421,479.84909281858444,8.0,111.18831952641345
4964,2654.2612187955997,3929.0093809567634,7.0,111.13399116031964
4965,2937.1885241968885,2081.9790598484624,8.0,111.12380456151158
4966,207.97092950959282,1894.965640129088,9.0,111.11856250871182
4967,293.36786712201757,1631.9135109167296,7.0,111.11409945832231
4968,1283.2793349988792,1497.6564482993986,7.0,111.04601287071938
4969,3176.132863901204,1032.8019576469947,8.0,111.04120079706055
4970,570.3373010180828,1823.1140999954641,7.0,111.02431790366752
4971,2740.1541433709535,2027.242066198388,7.0,111.01614126355014
4972,2014.896526223518,682.9995155148006,8.0,111.01240153038461
4973,1696.0228621575204,3230.2149797743837,7.0,111.00944253402375
4974,1173.7521140709086,2668.8263359106118,7.0,110.99119270903313
4975,1232.870500106439,3316.3996377986314,7.0,110.96388528938085
4976,3382.645005804231,3107.7317864605648,8.0,110.962668989273
4977,2597.493970133993,162.81061127392604,8.0,110.94553977525966
4978,445.9270633644922,998.1376738505857,8.0,110.93496192587038
4979,3087.8414824070956,2662.3461693816025,7.0,110.90461398650193
4980,2104.2598177643536,3225.144308582426,7.0,110.8886403274169
4981,2556.943256469085,350.49218272272094,6.0,110.85953632182158
4982,3042.031625596519,2073.854575740511,8.0,110.855924342673
4983,1546.2927568216605,194.7693766546468,7.0,110.85021750743851
4984,523.9019492176989,2826.720735833496,7.0,110.84594435436136
4985,1496.9189960639458,358.1589872126644,7.0,110.77953731564568
4986,503.7867964256227,3113.103831217475,8.0,110.74936509270857
4987,2676.8202862511184,2434.746804428452,8.0,110.72705644533568
4988,1058.0613949335327,305.8068744223072,7.0,110.70807270746481
4989,3362.1726060706264,2649.9875956409483,7.0,110.6988623964935
4990,3649.29969575389,2635.835304512467,7.0,110.68655251640288
4991,2822.9986916863763,2876.256919179294,7.0,110.63456865126737
4992,2686.058038720274,1959.0266838597695,7.0,110.55368409943536
4993,2975.0869362229932,534.0626307001575,9.0,110.55109260759366
4994,1558.1860852720388,754.1540232699699,8.0,110.5379388912587
4995,2392.2660764355883,633.17609760518,6.0,110.49788892085934
4996,929.6816975489978,2539.6692312178625,8.0,110.48798144468475
4997,3158.6456224471835,1305.3044489740348,8.0,110.48578529185576
4998,3114.147795666085,3693.8497482196044,7.0,110.47225587352031
4999,2917.3542891666707,2242.4991788449497,8.0,110.45560000247909
5000,3556.374755198483,1825.0736832404964,7.0,110.4074456771678
5001,1506.8544558231308,722.3671489034608,7.0,110.36763690722547
5002,3333.509831006675,2743.5519886878856,7.0,110.36729243822153
5003,1689.7380593500618,2909.9027466144785,7.0,110.32423999660165
5004,3254.7315159730188,1873.0718122517112,7.0,110.31768808785866
5005,3731.299039853073,2088.071541489621,7.0,110.30341475435276
5006,2582.803380825664,2266.9005383301783,8.0,110.26087425820853
5007,2586.952139704094,3742.38991232319,7.0,110.25894425607574
5008,1410.7742497324848,3408.0281224237106,7.0,110.25174741555708
5009,2955.309022383672,616.9106992087242,7.0,110.22931084704246
5010,2438.3298838859955,2296.9556042663808,7.0,110.22541739677484
5011,3771.828836879936,2102.9078467364457,8.0,110.20442954927765
5012,3750.2645106327145,2265.1437580405704,7.0,110.13877682460193
5013,2381.7447619116183,3275.0068920260837,7.0,110.13790353629707
5014,1019.517701733733,3767.300925256933,8.0,110.10016996242953
5015,2092.640858038027,3783.9702134082772,7.0,110.09755735356964
5016,401.2354303326058,1206.7095331049986,7.0,110.0908648123007
5017,3046.9469543603723,1083.2653376373428,7.0,110.05403311420564
5018,1279.9348497390115,2935.0395771421367,7.0,110.05064841197162
5019,2577.705340113517,315.6421793464138,8.0,110.0270001236872
5020,1754.070517963816,899.2972483491396,7.0,110.0186595235206
5021,2032.2948938656289,689.1609713139934,7.0,109.98690061203835
5022,3465.9373494971287,1954.7637912451676,7.0,109.97042898310326
5023,1171.0111397011526,1345.111863325421,8.0,109.95343269207974
5024,604.2881100746863,1769.8518975191348,7.0,109.95321769055927
5025,3658.7565268905087,2962.9205094100153,8.0,109.90295757235377
5026,2809.4867155051384,584.8359509283721,8.0,109.89879352299161
5027,1333.853673896621,3555.1471926680865,8.0,109.82518561784634
5028,3176.8340277415004,2443.2132409992105,8.0,109.79487370562019
5029,3666.6056348856514,3051.2889248831143,7.0,109.79051656689995
5030,2291.2693200503554,1062.132273949878,7.0,109.78454987096804
5031,1609.9144299907882,1722.7455945129584,7.0,109.76476704252035
5032,1349.3853159390296,787.2893157087568,7.0,109.75933934256267
5033,1604.032541716585,142.80407366812992,7.0,109.73288358500656
5034,1362.330755359899,1651.9208377164566,7.0,109.73008509808044
5035,1513.062621642053,3403.7213129590205,7.0,109.6866553214791
5036,782.1522925161639,3202.674583674174,7.0,109.65108676799755
5037,2331.594374355596,1436.5002827222731,7.0,109.650054570194
5038,962.0340373007981,2087.851433440383,7.0,109.62879391515658
5039,3893.5162055317933,2734.1446929544763,6.0,109.61544527039642
5040,3109.7929283393346,2273.166269249807,8.0,109.58635388483614
5041,2456.0179761158497,1702.6891029876303,7.0,109.52736011501753
5042,2093.104509478079,1024.7415978476763,7.0,109.5084830318359
5043,1106.2282820828775,3342.239702464086,7.0,109.4464813442906
5044,2670.7666085629803,3678.942133087762,8.0,109.44471238819182
5045,1409.6314419149246,604.414477259315,7.0,109.44079841092012
5046,3108.1299672621567,3639.7762392869154,7.0,109.40868192353467
5047,958.2700408903116,2852.207649726499,8.0,109.40419755637014
5048,1212.825839707926,532.0437470201495,8.0,109.40261067124422
5049,927.2899912454351,3590.5043567959683,6.0,109.33481320392609
5050,1813.8942496898158,1241.2956966732843,7.0,109.3277132912061
5051,3361.1018285367672,2898.946197713776,8.0,109.32087001175887
5052,2255.288390589212,2766.011247742269,7.0,109.28899055210515
5053,350.690791346398,2446.1471277645874,7.0,109.24736144649998
5054,2263.1953171747114,1228.2660993049547,7.0,109.23301308497184
5055,506.27291390631785,2143.1823068752237,7.0,109.23296900909052
5056,2385.9548210480616,3287.63290250098,7.0,109.20849254207847
5057,3637.3300708119014,2300.8561708661578,7.0,109.20061391758152
5058,690.8587109405349,692.3076880198557,7.0,109.18023596035917
5059,3817.0872192211446,1406.5671669192811,7.0,109.15833886946609
5060,3399.6347890314196,850.869356807161,7.0,109.09644294151647
5061,517.9324164104296,1622.9234631360832,8.0,109.09338662340714
5062,2741.709607390961,1359.7509202159072,6.0,109.0908671153447
5063,562.0265297193582,1225.2334818551224,7.0,109.07322077801192
5064,2251.321565912945,3592.0877297270385,7.0,109.07262513987872
5065,1807.2794361633648,1377.6216603619562,7.0,109.06735829945981
5066,683.8924421417987,2692.28873439207,8.0,109.05759789427833
5067,2638.0442191981515,2697.7647450015656,7.0,109.02540997225294
5068,3421.239310208731,2784.8574069495985,7.0,109.02359415174254
5069,1930.001570665265,3388.045682973316,9.0,109.02178789778756
5070,1800.7655601838676,1518.332297260797,7.0,108.99521951197892
5071,549.0958197801122,2815.87195545519,8.0,108.97803247934665
5072,2455.0261893194765,2330.3382729869563,7.0,108.970449829143
5073,2596.692838258605,485.24737882102403,8.0,108.94810250054996
5074,2533.8345728116974,297.64028778186554,7.0,108.93583017454007
5075,2880.2847944380424,2895.5974507274045,7.0,108.85155957810237
5076,1148.2531193985158,1101.7422037237077,8.0,108.80406163967069
5077,3274.283776061928,2602.8313036706586,7.0,108.79838312528435
5078,933.6336814633554,1587.7894570338096,7.0,108.78889828667289
5079,2543.904766680977,465.3901888554996,7.0,108.72242291669059
5080,291.2217494372942,1196.1834920369695,6.0,108.6995079633811
5081,2699.1881699821183,1674.909495455954,7.0,108.6980702621768
5082,2918.087952070596,2431.7951106340183,7.0,108.69048490163135
5083,3110.2206302024006,2692.3474389093303,7.0,108.6887218871428
5084,1658.3300389880592,2944.976006337373,7.0,108.68651557244068
5085,765.6793036549623,1624.895652717216,7.0,108.68371176158783
5086,2300.621685382439,67.11193777282296,7.0,108.67317360059394
5087,3723.2136356043575,2271.842950276706,7.0,108.62110417856141
5088,2563.2326059135917,2318.2926714245928,8.0,108.60494717163951
5089,3149.1629702146693,390.18810845217405,7.0,108.5980518410212
5090,2577.038544710794,1881.1988797108943,7.0,108.59745293843126
5091,1819.2264450264643,2510.9473885612783,7.0,108.59699352225265
5092,3152.946284960883,3386.388807058202,7.0,108.59420893172359
5093,3180.087757132361,1101.671427062508,7.0,108.53947800822031
5094,2009.1222779893178,1023.9856691872525,8.0,108.46217844652912
5095,1305.1752779556523,1954.250739127934,8.0,108.43344099570015
5096,3234.0895744634468,3320.2300314361187,7.0,108.4288895172359
5097,2302.818517827382,3106.0765002860376,7.0,108.4051723239287
5098,1641.0170770697634,974.6905572515967,7.0,108.40269298455755
5099,996.9160075383691,1383.1848310939367,7.0,108.40020159975177
5100,3550.9533484880894,1449.0551457199797,8.0,108.35567029622715
5101,2505.2098110976494,546.9717199041736,7.0,108.32255145069932
5102,1256.218517077574,2442.242872665287,8.0,108.31641010756368
5103,932.2788098694049,989.2735812527958,8.0,108.22611058088515
5104,2923.3764625216404,737.2267172285157,7.0,108.19400873765606
5105,2611.2176502525044,2638.200998383495,8.0,108.17152258614254
5106,2181.1703017926625,3859.3146964920625,7.0,108.1590370881982
5107,2371.197890642992,2594.081380311251,7.0,108.1450228461324
5108,3070.1365838340876,3154.1753565902204,8.0,108.09031639886145
5109,1332.080495367134,2741.9723803327315,8.0,108.07648103605935
5110,1787.0423723826848,2928.6760489158582,7.0,108.07086368857574
5111,2917.678844812593,1656.4891715678993,6.0,108.04359544155758
5112,1189.8318684803364,2205.30919271743,7.0,107.97874606858994
5113,1970.847986005705,245.89970102631528,8.0,107.94922525984265
5114,1346.8592849662261,3734.3662919408202,7.0,107.89260588999302
5115,2685.1786258401803,954.9962589588862,7.0,107.87430938135772
5116,512.1677382495819,1718.0574724674661,7.0,107.85321860125774
5117,3780.8835979424757,2843.890712702052,7.0,107.8286337495656
5118,1036.8352861853582,893.7700655814507,7.0,107.77029066356364
5119,558.1092378216952,2294.302911306479,7.0,107.76711816333727
5120,3257.8119509914477,1197.0477386200362,8.0,107.76429503485042
5121,3171.2814275316778,2088.78365440607,7.0,107.70280815833867
5122,674.125220987759,2371.844898480832,8.0,107.69884909552698
5123,3436.2165445781748,887.9051776225047,7.0,107.67724076122653
5124,944.2461705938109,1646.8120836423384,7.0,107.67611644795328
5125,3934.5624704945253,1384.396362583235,7.0,107.6214073331664
5126,979.0837409979379,2657.799083370873,7.0,107.61344898522349
5127,2741.139134237351,439.822175839854,8.0,107.59053282533588
5128,798.156015353058,3166.0654274972208,9.0,107.57204131442988
5129,320.8319128349657,2418.329353633983,7.0,107.56357371519704
5130,3595.8760558637846,1793.1915367453046,8.0,107.53828805381286
5131,1792.252697591478,2446.884125978717,7.0,107.53791004033742
5132,3708.978331297153,2305.2921280717687,7.0,107.53487363183248
5133,2638.8492083235883,779.8194867567767,7.0,107.53426841205966
5134,2734.9488902504204,2803.919792276115,8.0,107.53317523432192
5135,1174.3608386946332,2428.005847318114,7.0,107.48818861988634
5136,2499.9930733595447,2685.423481722022,6.0,107.48447353747703
5137,909.3039128172759,1844.9925011687394,7.0,107.46681326472327
5138,3548.206885000828,1987.7906725527405,8.0,107.4536928455041
5139,2600.905166382612,2459.240401354824,7.0,107.45203223932828
5140,508.0904663306834,2177.115421529463,7.0,107.41018816925707
5141,2963.790532333368,3623.331721548856,7.0,107.39895127920417
5142,2936.206908976286,2115.9030800213427,7.0,107.37820365605302
5143,2332.5129339040045,1491.7274552081858,6.0,107.37599253488358
5144,2324.111708724893,431.8155762024942,8.0,107.37430494489027
5145,1079.2170210444078,3772.987348580867,7.0,107.37128240081435
5146,1218.6208910511612,3208.7880108513023,7.0,107.33581732028472
5147,1650.2528762366844,1575.152902509998,6.0,107.32265520861012
5148,1438.1046992100946,1458.7918360073936,7.0,107.30722235491668
5149,3050.168107152267,1239.9967189129334,7.0,107.29939602516744
5150,2918.702085152278,3108.0189127622502,7.0,107.26785114400678
5151,3274.947429619205,1487.176218242657,8.0,107.20175961254625
5152,1672.0542308744489,3502.6314938984606,7.0,107.19637123667358
5153,1642.1082337494422,2685.9336933947952,8.0,107.13441030491484
5154,1779.6125308893631,3278.877481259854,7.0,107.12841065844044
5155,2668.270081356515,1305.3878932465354,7.0,107.11779194132404
5156,1192.301155723806,969.9841482071903,7.0,107.08679387112184
5157,3054.865343797483,3064.505377327392,6.0,107.08485980211591
5158,533.7120949610455,1356.1394232605453,7.0,107.01892947573896
5159,1243.9830307441434,506.2662045999515,7.0,106.99365987366822
5160,1672.1490647035653,2851.8242130375047,8.0,106.97519958996645
5161,1092.288340488228,2590.8884293310593,7.0,106.97160069435276
5162,901.1644168461123,1284.829318133561,8.0,106.9660188268162
5163,3454.2149697362597,1626.0381311952149,7.0,106.95565777223408
5164,3110.0153212672126,1475.2260767366954,7.0,106.9324273797866
5165,1504.0274446347626,3669.7939419799236,7.0,106.9300970544746
5166,2134.7393016028864,172.30164504912054,7.0,106.92417764627812
5167,2491.946318506713,1109.0761511893884,7.0,106.90526470334602
5168,161.83400588893096,2198.5362093194653,8.0,106.88595851668268
5169,992.0235841146366,602.702124655293,7.0,106.8540268009108
5170,2606.9406076805085,1270.919176125102,8.0,106.84462981347583
5171,1374.2405116205696,646.8634008275615,7.0,106.83984359209393
5172,2717.8780090394225,2431.9020359099154,8.0,106.78332051463232
5173,529.796735747356,2706.817649363718,8.0,106.77460714851843
5174,693.1956631277038,2920.882326034693,8.0,106.7607782652726
5175,3245.2589704548527,907.0627276337523,7.0,106.75940040737157
5176,3335.849317680926,1483.1664997461714,8.0,106.758574821493
5177,1507.0072038857008,1708.3556258368092,7.0,106.73554786253148
5178,2603.8494949784704,2495.9900123618927,7.0,106.70641014446083
5179,3380.9924956210257,1808.9055744976338,8.0,106.6936111436737
5180,2385.9865211377005,3748.547385726473,6.0,106.68901385163684
5181,3338.0441938426425,1547.743639732765,7.0,106.67934820015964
5182,2429.533309154416,3430.161921626773,6.0,106.67567154872309
5183,2777.00180196197,1679.3042309870827,7.0,106.67161536619152
5184,1946.0611128937392,4057.799502447471,7.0,106.61187679536681
5185,3076.9823784480805,3046.6960388786233,7.0,106.59737313884371
5186,3303.7081430141184,3090.0442783420795,7.0,106.59673681711746
5187,1043.0357376257784,1033.0497694154424,8.0,106.56885488863921
5188,3303.7898211510455,2102.944334566329,7.0,106.55839073091968
5189,387.9117009801268,1127.1949219106527,7.0,106.52274248685234
5190,2876.3264344440704,2772.1895285024384,7.0,106.52012487832751
5191,2721.4788643757115,506.0191496863717,8.0,106.48345735784395
5192,2145.879318469611,3310.8925473860954,8.0,106.43194196869104
5193,869.1069805588756,3192.630680916215,7.0,106.32081403691437
5194,2308.0089469711343,3031.249109620275,7.0,106.32017230780063
5195,2606.7922681963278,3223.027040955639,7.0,106.29371454004253
5196,2768.6592615772643,458.25645469401314,7.0,106.26978089754168
5197,876.7590961787739,3278.701246080512,6.0,106.2572093759544
5198,2728.131678893495,1935.8004450324383,6.0,106.25537867258619
5199,2320.2199887087504,2847.2008071440114,8.0,106.23789655571446
5200,2439.970612085409,3060.521281392103,6.0,106.23711535854974
5201,2230.8097866391513,3297.8656207678064,7.0,106.17685105246612
5202,1358.2468404198733,693.1982373586344,8.0,106.17498076342042
5203,2182.8719878879397,1427.9159808794034,6.0,106.17084570746671
5204,618.6868952475292,2800.0386840158467,7.0,106.16235397560301
5205,2831.343330945907,2244.3819679785147,6.0,106.13477892784084
5206,2012.2494559303882,2587.3003219027755,7.0,106.0731821492864
5207,1397.1874681082566,833.0452630895622,7.0,106.058470560476
5208,990.369146423167,779.6797370080301,6.0,106.04405972060331
5209,2042.8313501395846,2884.264927553582,7.0,106.01608037461409
5210,3813.525183334347,2369.0785786263004,6.0,106.0098228310807
5211,2017.872503300881,126.8615688800406,7.0,106.00732778802082
5212,1039.625119317683,855.8313742236487,7.0,105.99978178662954
5213,1332.00652264292,1905.760916960434,7.0,105.99213841316228
5214,3079.8021986106028,468.23143259440377,8.0,105.969793760507
5215,498.70162172686946,1676.20114493101,7.0,105.9576694598482
5216,1598.3583180123867,2488.517592383119,5.0,105.94519864914821
5217,2045.1303009326193,907.325853116563,7.0,105.9076323711957
5218,502.6782394957123,1087.735316679455,8.0,105.89282705593843
5219,2591.1364677700512,2752.250248666561,7.0,105.88755709218191
5220,2188.1302516086184,1264.3682511785896,8.0,105.8838186565549
5221,2187.780980685876,3104.753208251389,6.0,105.84347452267154
5222,2874.833073107319,3208.189595906219,6.0,105.833226713501
5223,1189.7618654625278,2437.8708515006015,7.0,105.8175361693845
5224,3180.005336897339,3233.1644316475217,7.0,105.81095360535606
5225,182.50303545126806,2312.04104969663,6.0,105.80630923344717
5226,2379.6982037224852,229.8341614245778,7.0,105.80304308617195
5227,1941.7602095881537,548.3305761358039,7.0,105.79595155601751
5228,1518.7628864788971,466.0718316640448,7.0,105.79316852283237
5229,1939.0559551692186,3072.816510310656,7.0,105.78390890771125
5230,3484.198016968601,3019.9936217699947,7.0,105.77968860034319
5231,3348.9019000206886,694.9834708243422,8.0,105.76997728909976
5232,2689.3169490821288,2120.98431555262,7.0,105.73448640037192
5233,940.3079165284055,1036.7193308743724,6.0,105.71124875688939
5234,1554.9714505445877,1926.2463093109734,7.0,105.70188046811425
5235,806.0986262231909,2048.7166014550935,7.0,105.6648371314127
5236,786.8703214119859,1876.6432574429473,7.0,105.63959939035954
5237,3219.8399186044485,2244.9024301079444,7.0,105.6177763349079
5238,2853.728299639199,2667.2215521302965,7.0,105.60215859962359
5239,1946.8927111454577,2942.6705669281346,7.0,105.58308652002205
5240,3261.044609342931,432.00783818067947,7.0,105.57544659756158
5241,2178.1610729872073,1092.477107819594,13.0,105.47712179962173
5242,1229.5077924946952,1633.2223737214304,6.0,105.46337468943813
5243,3096.6256544661646,2532.32436691396,7.0,105.45157919456086
5244,1509.6824827783903,2840.750511102379,7.0,105.44892995777396
5245,1005.8007731104135,1144.0072999105332,7.0,105.44555915411084
5246,3467.5968087785513,1334.0137794057819,7.0,105.4301329558122
5247,601.3198525959423,2784.1249672492377,7.0,105.34233641578695
5248,1066.631813754519,2799.912020018363,7.0,105.32307260743363
5249,1721.012262410738,814.1794738936119,7.0,105.32256194690423
5250,3446.9761710614157,2101.883177721304,7.0,105.25926777783518
5251,1077.1691250425395,3028.306598136117,7.0,105.24356316179238
5252,2448.8148104918346,3884.7898687251763,8.0,105.21258744259018
5253,2569.0131766263144,886.1562657832045,7.0,105.17678428581137
5254,1720.1314441826066,964.8710089527972,8.0,105.15938103471515
5255,1553.8465667657395,500.3200957161575,7.0,105.15525108414236
5256,2464.938706192589,2543.34154321087,7.0,105.15021488145385
5257,3112.1373156656314,1579.6830323072397,7.0,105.04941531812524
5258,865.8029979005045,3601.768185597247,6.0,105.03693438281313
5259,1492.6466566895913,786.2003085792046,7.0,105.02314637487449
5260,529.1921675965908,3199.5301673579847,6.0,104.96294301958416
5261,2410.1134391742416,3512.1979218821275,7.0,104.95685015633292
5262,3251.3625840742234,2415.139073301476,7.0,104.9472932698956
5263,2852.339943009724,2914.6486569656627,6.0,104.94398926926429
5264,3306.2947654141763,3332.7939386912353,7.0,104.93169468106274
5265,2933.231782045633,377.97247481974773,7.0,104.83506404659063
5266,2421.894655151224,1428.6743051617232,7.0,104.8228951029132
5267,865.3441040278229,2190.1521760872665,7.0,104.81452361044771
5268,1690.793477369823,2272.820911245906,7.0,104.79644238418938
5269,2271.300720258481,3415.2672138680628,7.0,104.7841608358298
5270,3473.9203764173435,2186.906558199942,7.0,104.76772621954218
5271,2399.0408620463127,3322.0847490759456,8.0,104.76630354663146
5272,1476.1255479707336,3191.1951591603665,6.0,104.72518483592835
5273,828.0294760987897,1868.2080629135248,7.0,104.7096867721515
5274,2516.3463747036712,401.93059015954566,7.0,104.65724221868824
5275,3094.0993672000664,431.03296559299577,8.0,104.64802628309481
5276,307.05410214999137,2169.8294055992596,7.0,104.63695816294526
5277,850.7665052752337,887.5237106525376,6.0,104.61777563269325
5278,3304.5469438608984,2140.64268075785,5.0,104.60428288551476
5279,3080.3293102668263,3696.133045193053,7.0,104.4853958528224
5280,298.0251043788888,1143.6784141312198,7.0,104.4433070279052
5281,1136.1554523098062,3532.0349964561337,7.0,104.43355129387308
5282,1375.7943451232027,1004.7177919030232,7.0,104.41715010439438
5283,1042.7434015359738,1329.1390577198363,7.0,104.41477160338951
5284,2088.3130384890815,903.1251931282548,7.0,104.4114860921999
5285,3256.147506766311,2084.7125907755785,7.0,104.39308477066001
5286,1605.076179121537,2508.9140733107397,7.0,104.3879440235743
5287,2474.3886455811344,1403.1147406428186,7.0,104.37203642959662
5288,3907.9065099475424,2625.281460253428,7.0,104.35967356535042
5289,1755.009174055005,3971.03834439239,8.0,104.29448228882417
5290,838.5002008411118,2680.9564064191627,6.0,104.2834067316969
5291,2599.1493957015373,1775.5177473071371,6.0,104.22083341325748
5292,3111.615573666419,2594.788531243964,7.0,104.18029884149588
5293,3543.2009533144505,1153.170206787121,7.0,104.16481374339915
5294,3501.195412780589,1256.1682952641206,7.0,104.16289637605094
5295,3737.3493719949906,2358.886753471018,7.0,104.1440033178261
5296,647.6722508032807,3037.043085842482,6.0,104.12735186577991
5297,2132.8671405669115,3777.228289594747,7.0,104.11354509167039
5298,195.2541283144612,1547.8843075563834,7.0,104.1124684288233
5299,2057.7224120204155,1491.2378505764027,7.0,104.10059214688933
5300,2215.0095876133773,3274.4887852408833,6.0,104.09671570778136
5301,3064.2994261010926,2181.500676480539,6.0,104.0938370114185
5302,1055.3104128458751,1310.150501825158,7.0,104.07554149283166
5303,889.5289399738418,2157.0865959836156,6.0,104.07266791594287
5304,2188.1064379384748,536.3493994873809,7.0,104.06246776292637
5305,2206.2983738251323,2552.1272325878417,7.0,104.05337561262856
5306,2513.2921922098194,2896.1198677215475,7.0,104.04111801522221
5307,1658.6730174481445,228.32321763427584,6.0,104.03957876964145
5308,1822.1300425982408,3191.894442027069,6.0,104.01724385915693
5309,1578.9208914957176,712.1767410312568,7.0,103.99195559684324
5310,1153.9565135644275,1045.1635964059385,7.0,103.98305421363732
5311,3651.24039131089,900.8204648142548,6.0,103.97161530091198
5312,3707.2759424747996,1596.2535950912547,6.0,103.90465750580135
5313,3676.9796856853677,947.3025150127122,7.0,103.88479147571393
5314,993.0590254834793,3446.3172416191237,7.0,103.86486549140456
5315,2848.7415906881374,890.9097323923303,7.0,103.85487115010751
5316,535.7914872939596,1118.9656621137328,7.0,103.85009247485756
5317,1668.0767063025053,3102.9205744961646,8.0,103.83712438620667
5318,2745.1723938277028,3484.914018669083,7.0,103.83438009946217
5319,828.7633306198064,796.7172103548253,7.0,103.82395702649218
5320,3607.721603692963,1960.9961994419964,7.0,103.81694930320067
5321,2506.218277486372,253.53720941599153,6.0,103.8060215314263
5322,1033.8662296244122,579.0055492388553,7.0,103.79122128861808
5323,3008.1974616192942,2660.029584931094,7.0,103.74519340985195
5324,359.67516902403975,1646.9693973709843,7.0,103.7389358988282
5325,3018.7636234251536,2473.2951849457886,7.0,103.73510397399082
5326,3406.8756514217207,1562.8733085111965,7.0,103.7342154649273
5327,2848.2889632735805,553.9348427974529,7.0,103.72824331375391
5328,595.0218582868929,2383.9191953384934,7.0,103.72073340831585
5329,2781.872116943097,1718.184707555806,7.0,103.70552558678558
5330,148.4800683709115,1654.036006008829,6.0,103.69536361043585
5331,1164.809758560146,550.7917481023966,8.0,103.68843870067826
5332,2196.1881647872983,3305.780605503597,6.0,103.68027129908545
5333,1981.1618800201713,1335.8682113101129,7.0,103.67408575187554
5334,1989.262170134288,3642.074944567566,7.0,103.6425216550419
5335,2235.9474641771694,682.5400768327693,6.0,103.63441854606117
5336,2881.874159970403,1771.4404915243206,7.0,103.62381100203203
5337,1585.713847703343,2928.668540299454,6.0,103.61273992546666
5338,1348.101339756879,3468.239886159371,7.0,103.55295008933172
5339,1088.6924864281905,1213.1602454124657,7.0,103.54564448639341
5340,2792.6160509440683,1992.7277013709886,7.0,103.53510048528726
5341,3500.503984165678,1871.7422757681506,6.0,103.51813689042646
5342,789.2675872241562,3060.1909140954813,7.0,103.51717809156736
5343,1126.927917418107,3486.8315862994573,7.0,103.4990416105431
5344,2569.227182718688,721.2556756420884,6.0,103.4928500138877
5345,839.7409233624855,1603.925292503473,7.0,103.39000591358182
5346,3429.977838056557,3381.7734202235138,7.0,103.375510532736
5347,1322.187270226859,212.244890698093,7.0,103.3603972158511
5348,2271.8441900826588,1213.64605838332,7.0,103.35202127968859
5349,185.4692034725553,1890.7543646586562,6.0,103.29958363156206
5350,2717.0146805882005,3363.580144298549,7.0,103.29328623262427
5351,816.9772920353439,1744.1939874720376,7.0,103.28579027919189
5352,1143.0867944290121,724.3113221010775,7.0,103.25133047166975
5353,3736.632594959618,1908.4950570109822,6.0,103.24356443545499
5354,3016.7200463176537,595.1033467143025,7.0,103.2124115438069
5355,2409.1482184201923,2418.0628566471464,7.0,103.20315794828679
5356,3327.195411493505,2141.145679468521,7.0,103.15776143909176
5357,3338.7790122187944,1402.0945528741497,7.0,103.10715859449853
5358,325.4696091618382,2121.6493716184755,6.0,103.09495418046538
5359,1606.17254471262,125.69533524405689,7.0,103.0538387836048
5360,4051.9103586108604,2100.6881046444755,7.0,103.04979308339587
5361,2681.1661779600568,3774.014874128799,7.0,103.0445093744512
5362,1180.2397693152645,3000.1265568377835,7.0,103.04297582347748
5363,2127.914187597598,4006.7673060219963,7.0,103.03973324456304
5364,1126.259959423146,2358.066541208193,7.0,103.0389761798945
5365,2171.970325360547,508.28590354004973,7.0,103.03885020072113
5366,3526.6217606205078,3356.02063205206,7.0,103.02787816794547
5367,2746.987309779637,1171.81554892762,7.0,103.0266558003847
5368,1980.9528246258158,243.08783366999128,8.0,102.99366803624099
5369,3391.888144474729,3420.0031922410135,8.0,102.98042799156994
5370,1033.1891361574776,537.9196806652201,7.0,102.97844106925055
5371,3257.1155943534945,2422.3595015551155,7.0,102.97414952458698
5372,585.8119418873802,2714.2576507474946,7.0,102.97125751706245
5373,2834.0661130220246,3124.2062416479494,7.0,102.96969062902367
5374,1624.764659449749,813.0765111266084,7.0,102.958616544558
5375,3116.082326317606,1544.7919556933577,7.0,102.95508976137417
5376,615.2604274822976,3340.2737962360516,6.0,102.93146372910053
5377,1546.684647501835,2066.044834122596,7.0,102.91951370268923
5378,665.7651119116075,1080.9135922840492,7.0,102.88262954084207
5379,989.335640969878,1241.0741181106123,7.0,102.87745130677052
5380,1624.8970756309054,868.238548943195,7.0,102.82531371919524
5381,3787.2811641702947,2826.9614691545275,7.0,102.81105310959975
5382,2249.911113685959,2780.094477976094,7.0,102.79873545730536
5383,2549.796681308824,948.7918095102375,6.0,102.79842453947631
5384,830.1055624089156,644.0726438393616,8.0,102.79819935583103
5385,3052.767470117139,1777.1670306477902,7.0,102.77953506809983
5386,433.7937421615923,1401.1605989262296,6.0,102.73224497824444
5387,2528.0893059818127,1171.4805840942201,6.0,102.7312242116723
5388,3069.501415673144,2139.7477201574557,6.0,102.71001570363039
5389,1947.67132943275,311.8887547389318,7.0,102.70720271503748
5390,3137.678814132117,3289.0669270576623,7.0,102.67313379657821
5391,2277.3389229115555,976.0122995631257,7.0,102.66776849277429
5392,1738.6952318418419,3936.47871002933,6.0,102.65989613754964
5393,2839.867397829177,544.0298678236494,8.0,102.65527041473703
5394,2368.8188628106914,3558.977676980243,7.0,102.62817584322103
5395,3160.7761746438887,492.05778959448645,7.0,102.61385028099582
5396,2097.779420844241,28.964155362230674,7.0,102.61070428152135
5397,3842.639874081071,1934.7507342905383,7.0,102.5868081638356
5398,3358.5051266936757,2503.265912242644,6.0,102.58085165614283
5399,1638.0752365555522,3021.197296444319,7.0,102.51726080023869
5400,2524.1345212200645,891.6722305631197,7.0,102.51097341642385
5401,3519.1580460446876,3071.0873520606024,8.0,102.50924029705742
5402,2841.0733744621234,434.30640989742034,7.0,102.50822619052794
5403,1806.0776825282821,3939.51674769388,6.0,102.5055511512975
5404,980.9815660613789,2055.8622280293253,7.0,102.50523543355494
5405,3906.0786999329925,1454.8230093210714,6.0,102.48615456459093
5406,1405.6759919750157,2553.182544193306,7.0,102.45274764273618
5407,1868.1442955480622,3739.853648221026,6.0,102.43633580081833
5408,1334.133443871002,1547.5065223975375,6.0,102.39421708825034
5409,1208.5368367636634,2392.262567974431,7.0,102.38711938804055
5410,1029.9664971445552,2796.8028208922524,7.0,102.36225657913829
5411,3521.2189566406337,3003.292496048299,7.0,102.35863202654039
5412,3977.7033504686137,1915.154994103475,7.0,102.33761198233061
5413,2792.025478735784,3108.2202722559923,7.0,102.33024282010284
5414,1595.2798381075652,681.582145305923,5.0,102.3027818985919
5415,1068.3154855318814,1984.8881633143885,7.0,102.28946295336526
5416,1001.0705874997783,2780.321639474417,7.0,102.2736089287291
5417,1449.133236952147,1857.100397851988,6.0,102.23189774425245
5418,1652.8770614580478,2130.5901629686437,10.0,102.21289391719081
5419,2282.7506170476668,2712.88581659803,7.0,102.21018432789451
5420,1463.1403598929799,1268.0238896595968,7.0,102.1855052855336
5421,1966.0222500905159,3541.9259719500556,7.0,102.17821849889663
5422,3053.225724656532,2589.710147151486,6.0,102.1622437259848
5423,429.1463623720214,1181.8709012080164,6.0,102.15413637792204
5424,3442.0151235700864,1715.31290747021,7.0,102.1492663600397
5425,845.0774285810348,1283.869103367639,8.0,102.14089783205786
5426,1951.126875904681,2740.8583147687627,7.0,102.11851500215953
5427,1305.9767863972936,3778.2061380410014,7.0,102.11308660912125
5428,2670.0846741991177,1558.396305265485,6.0,102.11176142053664
5429,1694.87531583845,3935.5251655449747,6.0,102.10468042023471
5430,1027.4560967145378,1249.6412393690662,6.0,102.1019283088095
5431,912.6284856672929,799.2612493870357,6.0,102.07032633757747
5432,288.15636162002846,2995.1766856288814,6.0,102.0236655255637
5433,3235.8443606830238,2174.341437373215,7.0,102.02365562712026
5434,2380.926978773899,612.7323890594737,7.0,102.01786461056659
5435,3416.3309286053004,797.0256268196385,7.0,101.99649179722589
5436,3021.487577976825,2968.8432596168113,6.0,101.97112081066217
5437,1489.3316400638791,3846.742455545969,7.0,101.97046435853777
5438,2336.7047472494164,2605.0254486447507,8.0,101.9655950889948
5439,2538.30640737348,3663.8287409737204,7.0,101.96106277525199
5440,3016.920898563915,2249.788663317226,7.0,101.88832883607458
5441,2944.0543953419906,777.1890082308394,6.0,101.87557263028427
5442,1807.0038592776245,569.5225728111318,6.0,101.83993350655149
5443,2871.85980521703,700.7046860364438,7.0,101.83844925048217
5444,3924.6202946088315,1399.1445760605418,6.0,101.83708605675564
5445,2140.164346708124,480.17523220357384,6.0,101.79807060013756
5446,3412.761411408158,1934.9997488235572,7.0,101.76727538877041
5447,1373.101353967128,3311.840391100002,8.0,101.74914689369695
5448,3621.2061720588695,2476.8783732981237,6.0,101.7347617809119
5449,1136.0909220096949,1978.7670437381985,7.0,101.71558300947538
5450,3795.046990410008,2485.1127879677724,8.0,101.71509262276902
5451,2657.8925654456075,875.7992310134144,6.0,101.70738677805699
5452,2878.323304773936,3643.006650115352,7.0,101.70698518731692
5453,3405.2364840454525,3341.697778846463,7.0,101.69507584170901
5454,2035.6391538976193,2646.875996281478,7.0,101.6918422625225
5455,218.90690343073297,2193.8938058677004,7.0,101.68511817327858
5456,3077.912881181789,3333.090827539387,6.0,101.68443106859965
5457,2647.2485968213523,489.4901775004321,6.0,101.6703668549878
5458,3191.997191748978,3490.248002113296,7.0,101.6512553712858
5459,2438.599954532835,665.1815601776111,7.0,101.56226643090665
5460,577.4713013690993,1983.669210779567,6.0,101.52817204965369
5461,605.237158296248,2886.15036086328,7.0,101.5192025257399
5462,2391.2535344150165,1377.2477441571552,6.0,101.51027238877634
5463,3364.927482881352,1107.1346230494617,7.0,101.50617686279456
5464,3021.7537540811377,3587.513967089437,6.0,101.50295371503915
5465,3264.930592751195,2127.8293176060793,7.0,101.49237192976302
5466,2407.50413354149,2494.937596152606,6.0,101.46496563606374
5467,2521.107403601006,3563.1511522710844,8.0,101.46377648034745
5468,1117.6696832052787,3764.999492064634,7.0,101.44094279499303
5469,412.07784523947976,1337.687392592885,7.0,101.40228333468686
5470,1112.499618198043,2868.101398870407,6.0,101.39941327989779
5471,1047.0384304930333,2244.9373674072067,6.0,101.3896862055898
5472,3349.044286239559,1991.8531630970747,6.0,101.38625002270754
5473,990.0709668937177,2867.2863376820987,7.0,101.38163698657107
5474,3848.0498301334433,2369.1713254794836,7.0,101.31360237274207
5475,1299.8789289422682,1466.9064847692325,8.0,101.31058268925932
5476,2809.2195470611114,1234.9997382668407,7.0,101.29432236905852
5477,2739.683558915604,2098.037725990296,7.0,101.27912491306613
5478,2567.1884473397395,2998.2957503965713,7.0,101.24178786643026
5479,4061.8838809177955,2087.2330515806384,6.0,101.2120661379222
5480,2059.7689949022088,3881.952938736944,7.0,101.18993443876755
5481,3640.728914608088,1931.7713491805052,6.0,101.14805539187245
5482,1858.1225692292642,607.2056572810516,7.0,101.12828235786984
5483,1213.2779177509199,483.5191497813829,6.0,101.12675327460151
5484,970.9190460050513,3246.5073731107514,6.0,101.07848583589548
5485,3429.242601055668,3359.5110924709475,6.0,101.06667297852451
5486,3265.115592976808,2856.163509990157,8.0,101.06225598968786
5487,3430.45197213058,3054.725983178607,6.0,101.0505898000222
5488,2095.8096131582993,3155.588271094646,6.0,101.02552198010112
5489,810.3290279315278,637.8188384373706,7.0,101.00021282695941
5490,3693.0258400259163,1358.8453514782339,7.0,100.91915705695735
5491,3720.1248636108353,2641.106191314557,8.0,100.91253060514539
5492,2852.3113041528964,3024.386682700654,5.0,100.86156979592258
5493,692.5330615364403,3343.9044824949433,6.0,100.86094063091493
5494,2679.518658404561,2794.0399613599234,6.0,100.8554967276651
5495,2650.946612025379,2018.224260527626,7.0,100.85354990676976
5496,1367.9115438760566,238.99734122328957,6.0,100.8087789275101
5497,1266.058646095588,694.0609774081333,8.0,100.80146980747585
5498,429.67870124428975,2961.848381909785,7.0,100.77377841127816
5499,1413.177546035477,1442.0610030045634,7.0,100.77361845968483
5500,2013.7126818922673,3951.4914724964665,6.0,100.72373931518828
5501,2886.699506302605,848.7362850430436,6.0,100.68525660726354
5502,1587.126794707775,3782.4657728672223,6.0,100.670087833208
5503,990.1045807292849,938.2843910401003,7.0,100.65341770576842
5504,574.1598314452275,1114.0541434680626,7.0,100.65023931420336
5505,2380.5016170944145,3494.1915488292393,6.0,100.63326490600595
5506,955.4913524565007,1944.2972550250747,6.0,100.62393847367659
5507,1265.6887977184817,1121.9268490536915,7.0,100.59216157904746
5508,2464.6503091522122,3924.1008287693976,7.0,100.58498027500025
5509,3124.725432941746,2481.0924314032663,7.0,100.57800336238874
5510,1239.7528934037302,2821.0735823587993,7.0,100.55796644695705
5511,1658.0487018540719,414.6649363055362,7.0,100.54066647711176
5512,1131.5089721709721,3739.285857940419,6.0,100.52089796047446
5513,863.129937895169,605.4836891639434,6.0,100.5148118592469
5514,734.8889514982384,3107.1720578232007,7.0,100.49895656110398
5515,2574.1914029637855,2174.9200878611427,7.0,100.49142560313507
5516,2712.833686258923,3480.8896694286727,7.0,100.473058647438
5517,1013.687811668967,1797.5251103162761,6.0,100.45836617396407
5518,2507.037925697262,2385.2440580980365,7.0,100.45629731741683
5519,1601.1773039865207,944.6618370211498,7.0,100.43682844429273
5520,2878.868380043861,449.54263394963453,6.0,100.43160555309636
5521,2578.806818264817,2041.51223725927,6.0,100.43049799852814
5522,1910.0526656951147,3939.522607603858,6.0,100.36276457606674
5523,1843.0090880788114,1159.225120991646,7.0,100.30008952878434
5524,1332.3427574189966,2650.5227363091203,6.0,100.29991918605958
5525,3824.7703794581444,1645.8257297473363,6.0,100.29221957010955
5526,2981.9685910855924,3158.757263927442,7.0,100.28907601924698
5527,2766.0214146772996,1087.2146494367255,6.0,100.27477484397156
5528,2231.1104746895467,3073.931403201653,7.0,100.27042627522806
5529,1624.3160324303105,3147.0456344447625,7.0,100.26325627994349
5530,3818.206711451077,2888.0169454608094,7.0,100.26118652760836
5531,991.8939534478345,2214.30153598084,7.0,100.22418210984492
5532,2919.3080301604396,2466.450557626403,5.0,100.21983259549914
5533,2775.0549899634375,2623.433912973557,6.0,100.19081363001831
5534,3221.878855742924,1288.544655041357,6.0,100.17582127901657
5535,3225.3404203592413,1934.2208183845107,7.0,100.15176181014249
5536,2480.753923803064,3189.974450463874,7.0,100.14251030478005
5537,690.9722743909978,2137.0971717450816,7.0,100.12412336122041
5538,2817.241358516981,1333.1948371137285,6.0,100.0907027240944
5539,2674.2600622436407,1866.2053781439313,6.0,100.08686926958433
5540,979.4729145675508,1983.1964549284494,6.0,100.07022777472102
5541,1808.042550759887,2697.115008214791,7.0,100.0663512065381
5542,2034.2660122146876,3923.6339086327293,5.0,100.054717664557
5543,3005.822337170672,2143.1536766638665,5.0,100.03273973932428
5544,1540.4500304416408,2918.9344653493704,6.0,100.01085802830136
5545,3709.15249873383,2502.8884452022608,6.0,99.99951042334065
5546,2786.087390980066,1292.765052708111,7.0,99.96021514595274
5547,1614.6876911619431,530.7737534476618,6.0,99.95981525518262
5548,2465.85637839721,703.0234493393159,7.0,99.93596372142477
5549,2875.9638953202034,1719.7865603212078,7.0,99.92847695844512
5550,979.090043547987,3529.776297998762,7.0,99.91981349491267
5551,2758.2542626902978,3700.20786533444,6.0,99.89764854748199
5552,3927.746202027198,2196.266396502946,6.0,99.8576869108661
5553,2922.98425648085,3307.8449083541454,7.0,99.85716633690758
5554,2428.077913470108,232.10437338728124,7.0,99.81212720851094
5555,1451.9379922075839,3408.520723803048,6.0,99.77203554725547
5556,3230.6477184032515,679.4333878246796,5.0,99.76505386465897
5557,2542.9852805220476,3859.214882912061,6.0,99.76017796772456
5558,577.6788766776782,3175.4775878288656,6.0,99.68836212440043
5559,2163.777305680322,949.849284001409,7.0,99.67050893000595
5560,2427.518807445715,2313.941258187106,6.0,99.66485804301982
5561,3837.0537307559684,1349.0217534912117,6.0,99.65886222781506
5562,1964.168251618468,784.9478698308332,7.0,99.64577592695323
5563,3603.899038597574,2623.70558073928,7.0,99.58969167022285
5564,1454.8874951047683,3029.391244735961,7.0,99.55267139323063
5565,1985.7086137901438,3001.681522956166,6.0,99.5202713953123
5566,1146.0225041377084,1228.2700568298435,7.0,99.4857777657329
5567,1190.7873600877845,3765.4068300051335,6.0,99.48021746119754
5568,2359.775819612286,3524.7899175595508,6.0,99.43671950044268
5569,1411.7079166169544,2819.0795116162244,7.0,99.37201922293048
5570,3529.097220436327,3274.152041308971,8.0,99.33313789298225
5571,1933.2810905601089,4046.521864039067,5.0,99.3288297880958
5572,2884.124652314299,3191.910300285812,6.0,99.30029087149036
5573,3236.7407780726912,2066.2986781123445,6.0,99.24916383924075
5574,2228.72893048102,116.06390210212778,7.0,99.20909240277557
5575,228.1110882268507,2072.1126570037904,7.0,99.17808824215072
5576,3521.0187732902286,921.0722728012283,6.0,99.1754228532846
5577,376.92479096055877,1881.765896626406,7.0,99.1722591026369
5578,2227.8175031180817,68.8820669329049,7.0,99.16988225571731
5579,2074.3240395947196,3643.838180340379,7.0,99.14160547744741
5580,2191.2067984225673,3346.786958833887,6.0,99.12969973154053
5581,3140.226507511722,2203.519213435198,6.0,99.11806637904574
5582,1891.128231710981,795.8567323870978,7.0,99.11662387913711
5583,1524.2901371572407,225.09017893528406,7.0,99.10959011760205
5584,2261.7759581539813,3018.4568514937437,6.0,99.07518751239405
5585,1305.0696789828382,2826.909893364747,7.0,99.04896617372825
5586,617.9162683772598,1333.6285503485649,6.0,99.00536668456705
5587,1018.2366508227838,3025.8906472474,7.0,98.98613302015647
5588,1855.7133960185813,3852.0818630217354,7.0,98.98125866395294
5589,3369.8920389396267,3431.0594261837728,6.0,98.97416098341405
5590,3296.0100941003025,1404.0593971304713,6.0,98.95734707090074
5591,2759.161662063614,1272.9150340311276,7.0,98.89280447562044
5592,1746.061054628284,3199.783905871565,7.0,98.88810617227917
5593,1449.668369964913,3371.5155624784193,5.0,98.8705159184823
5594,1660.975730708252,1551.170670229492,7.0,98.81860739952747
5595,2927.9761676865837,917.7013035485753,7.0,98.81656433019432
5596,1614.9111801758118,417.7563496423805,7.0,98.76078413215632
5597,1454.5881030562769,2676.240823484676,5.0,98.71872252959012
5598,2712.957691685345,1477.7617226508441,7.0,98.70403327219228
5599,175.57406795747454,1610.69625123969,5.0,98.69049904743034
5600,3520.830192326257,2410.858230459358,7.0,98.6804283070539
5601,1794.107530637536,1255.2399778349686,7.0,98.66423094371795
5602,2170.2364409795136,2408.7467108626474,6.0,98.65395135866403
5603,920.9954346011901,2985.7325669103825,7.0,98.64659544957838
5604,1456.9189373642882,3536.0305736449486,6.0,98.62071362409348
5605,786.7036261561353,3406.706397593292,6.0,98.56297667172615
5606,3342.301848041792,1521.0905447238695,7.0,98.55826157671136
5607,3162.053586189353,2584.505607234908,6.0,98.54470826421525
5608,1789.840948860009,375.64771911305377,5.0,98.54314737749459
5609,2630.929779769544,1568.490007678473,6.0,98.51807751464865
5610,2317.9970240426846,3887.755906019087,7.0,98.49941459334283
5611,3080.724517662071,1019.6842557862826,7.0,98.48257068578596
5612,2255.399463611097,316.46683322212914,5.0,98.43774826561553
5613,2034.6756553746566,360.1113189376784,7.0,98.42781577873984
5614,2825.898541335085,2028.9154073952811,6.0,98.42023809741536
5615,2886.103375021113,3673.4368980527547,6.0,98.39945550952285
5616,1124.9499777447377,3396.1811872463936,7.0,98.35515040100834
5617,1107.2537081361668,2077.935902933133,5.0,98.34131097944525
5618,1842.0330534586005,2419.5985884949378,6.0,98.30363568644279
5619,3066.0884488683296,3389.2656668245995,7.0,98.27677236940137
5620,1726.1403567475552,985.9533249131051,6.0,98.2631330538489
5621,2936.2185354740623,2596.084327955183,6.0,98.25465705779234
5622,3750.445917341295,2204.8660545351995,6.0,98.25383691750241
5623,1565.9702263423667,3516.2105243507067,8.0,98.24900700037229
5624,3367.5494009712856,897.0696563620131,6.0,98.22297387301121
5625,1909.3002721408172,3785.946488734615,7.0,98.214171711334
5626,1585.8697082205276,3068.097450381638,6.0,98.20488864975674
5627,2929.125658381272,1284.296022700034,6.0,98.1654735783961
5628,2221.314670594987,1530.877504942175,7.0,98.15713938882674
5629,1267.9522861268197,2387.9406718316313,6.0,98.14127945146268
5630,3660.1483701801735,1090.8999645447032,6.0,98.13408671098728
5631,868.9706475023773,2081.9581887323757,6.0,98.10390089329942
5632,1494.8349512093866,1619.1414610049237,6.0,98.09281652864081
5633,3790.5164898392213,2231.941776915172,6.0,98.0288272940916
5634,3310.2406908065104,3570.178419749703,7.0,98.02768763193743
5635,1151.475918969612,3004.978477559036,6.0,98.001160294486
5636,3264.2840933417406,3468.6838421076427,5.0,97.98420139929674
5637,2401.8876447736166,3682.0416579308257,6.0,97.96370012122328
5638,1691.5673079590972,3630.8260557787175,6.0,97.93651627771337
5639,631.1470213313435,3367.0601463725825,6.0,97.93634351812878
5640,344.8270185309743,2062.978608620239,7.0,97.8981994394361
5641,3470.49170285902,3325.081859596135,6.0,97.89302332957625
5642,3305.717266887789,3589.9405456386735,7.0,97.88574204349422
5643,437.8952294291008,2499.296770835907,7.0,97.87066016216642
5644,1155.734505104912,1909.103437606072,7.0,97.86800350900072
5645,2612.6945099192803,1327.7003236529627,6.0,97.86250604885876
5646,1479.2541262314596,3020.9323961303676,7.0,97.83348679215104
5647,1476.9042331641049,2834.4753805827236,6.0,97.83246737782389
5648,3082.3377260760203,555.7259373248318,6.0,97.8214938704476
5649,1080.6445497388156,3580.502905370839,5.0,97.80053971813655
5650,2948.1203118526228,2371.9390045441387,6.0,97.78256766519037
5651,1545.5943921332391,2791.2634035725973,6.0,97.77925465305042
5652,2842.1532026305304,3839.4738983216434,6.0,97.7736685173582
5653,2742.080882826749,3283.4684436727257,6.0,97.74606326327
5654,2033.7774968258902,99.76268290572146,6.0,97.66123970948848
5655,1098.9272880002554,1157.3380489491524,7.0,97.60356743003915
5656,117.95992434880847,2246.717959857588,7.0,97.54923817069776
5657,3089.4674450167895,3730.151038872084,6.0,97.54710571793572
5658,1267.4970189222493,1839.2893057082356,5.0,97.5462421053466
5659,946.183940626184,3323.214495520811,6.0,97.49742051154436
5660,1035.0200912522937,1076.8581025584115,6.0,97.47114374762327
5661,2714.529275367625,877.7742333486303,6.0,97.43496577221467
5662,3108.99119675817,3301.162679525985,7.0,97.42949511027956
5663,1206.342496782608,478.9054251389623,7.0,97.41032390754849
5664,1768.524117492851,226.17971564238056,5.0,97.38018671193497
5665,1781.4883889446025,867.86905500245,6.0,97.36517807964218
5666,3415.6859157133986,1098.7288227926938,6.0,97.35566013319756
5667,1700.7516737492876,1395.4463427429353,5.0,97.34869724930692
5668,737.9319299194798,1371.0699639389609,6.0,97.34491793310175
5669,998.056525808258,2418.892092280327,7.0,97.34155905055506
5670,1008.2758436905267,3318.4460333193983,5.0,97.33133012052079
5671,1638.5063545236235,3398.1494079337685,6.0,97.32144338035238
5672,1932.9757161318355,3098.21940967087,7.0,97.29470600866063
5673,1956.0709149080578,1238.7131353062002,7.0,97.28757785957688
5674,2667.124269809024,3610.760436112411,7.0,97.2823966200721
5675,1948.0686948019586,3014.2782919747688,5.0,97.2820078817549
5676,2332.7951002022833,1474.3032129210653,6.0,97.25234773552714
5677,3827.0164651177242,2585.8383543556456,6.0,97.24587567764225
5678,983.9961282176334,3324.7835051301613,7.0,97.23098580673371
5679,562.1182818886898,3304.5309957209442,6.0,97.22397281408561
5680,2790.9385084249147,3120.1504692270964,6.0,97.19870293822609
5681,1410.4669783270665,2079.0301578176773,6.0,97.18682561818977
5682,1685.2395217108035,2231.9391421651794,7.0,97.16457315665455
5683,3449.9893313244124,3116.710082996016,7.0,97.16168817392584
5684,2307.2211802829665,1499.472232745015,6.0,97.15673075290427
5685,1188.0796304666978,2896.060121565426,6.0,97.15354587946315
5686,2558.036642130494,2141.2140571611562,7.0,97.11673023613132
5687,703.9556219412649,2100.129742206829,6.0,97.10369548340752
5688,2032.8793230561628,3941.1200251071327,6.0,97.08010041783953
5689,1418.1137120770259,1293.8873726858194,6.0,97.05637548041003
5690,3015.536224466785,2270.133148084963,6.0,97.03976278250856
5691,3112.453865741455,3179.021211385552,6.0,97.03763505684006
5692,1246.991898381352,1023.779772421777,7.0,96.9680739982196
5693,3370.461715207749,3391.274510076678,6.0,96.9630844824689
5694,817.9965375747387,1013.1909302451342,7.0,96.88230459668492
5695,1636.8642348188457,3703.9161945254373,6.0,96.87402665201053
5696,660.8209945792672,1365.7907212639207,6.0,96.87183027737889
5697,1072.906599058471,2629.3080862886245,7.0,96.85972824515953
5698,2652.105498196711,340.13841465926714,6.0,96.85949089184923
5699,3278.492317272112,3038.8843163870315,6.0,96.84741096582334
5700,1176.7212472866947,3631.8590568592354,6.0,96.78703634534503
5701,1530.4854352835957,2718.8902690400564,6.0,96.78617923896778
5702,2835.956652581828,1814.5782820653699,6.0,96.78293291530623
5703,706.0869932953152,2994.3360811764996,7.0,96.77544912107217
5704,891.2761155723989,3687.0517208061583,7.0,96.76162811198867
5705,3302.7828956791695,2082.922169278684,7.0,96.69796439205373
5706,1092.872717714015,3730.892862015822,6.0,96.66330581947983
5707,3476.8696470253285,1739.857913750884,6.0,96.63627137275029
5708,3711.6312597048113,1036.011833128638,6.0,96.56517071067427
5709,3878.278617797956,1257.5049879417859,5.0,96.53059685423688
5710,2912.9459221709726,3546.485604190203,6.0,96.50972455648943
5711,732.8624189471159,2223.506330364195,6.0,96.4599866258532
5712,1629.1876809329458,376.4893991358773,6.0,96.45645361190199
5713,1421.9602194246281,314.15600703467913,6.0,96.40118880097421
5714,1345.5065526942267,2653.211666444423,6.0,96.3571637887631
5715,1254.8401724700996,3716.765280907601,6.0,96.3538329255115
5716,3204.5388750510897,2136.154635021865,6.0,96.33369141774561
5717,3438.4888934473906,1755.4927422599535,4.0,96.32065854498231
5718,2113.6632975854714,1490.1765028441182,5.0,96.29735595899434
5719,3843.8441616713594,1551.865724097897,6.0,96.27455725092348
5720,3484.2631044055775,747.792917237109,8.0,96.27194904859438
5721,3888.696557290007,1480.0296957672886,7.0,96.25361970267029
5722,3176.280032792409,2853.025843702313,7.0,96.25280748493657
5723,3201.593807353154,2463.320295488388,5.0,96.21767248038996
5724,3369.546580818803,1606.819624758455,6.0,96.21626457255381
5725,2888.0046849069454,2686.715726682672,7.0,96.20727858793343
5726,3815.9144625918993,2456.526160199035,6.0,96.2011524449945
5727,1963.7654933272172,4061.079167655077,7.0,96.16978636516382
5728,670.1154769514677,1378.8195789266488,6.0,96.16492357853345
5729,2217.0640052010353,2745.7706460512895,7.0,96.16122841060923
5730,2227.8387376936375,194.1213756380085,6.0,96.16116124122851
5731,3401.989672076434,773.0377495582107,6.0,96.1597000878389
5732,648.5771800419903,2072.0555652130133,6.0,96.10260331027158
5733,2089.123953339053,380.1371323420263,7.0,96.084300213647
5734,433.85149946484586,1195.9002241821695,7.0,96.07601136399894
5735,84.80687904759422,1930.2670608285116,6.0,96.06332945977904
5736,1283.0041798567727,3615.084073903063,6.0,96.05653984460301
5737,3662.8125783157343,2325.541956613716,7.0,96.02942964814606
5738,2817.1926752558543,3800.542407210299,6.0,96.02853598228351
5739,1560.7878375700323,3308.163899174522,6.0,95.98135328086825
5740,3245.0865492305015,886.067639537188,6.0,95.97873955471887
5741,3971.0423015022275,2003.2761384459036,7.0,95.94808350338602
5742,758.2839202233841,585.1116514131883,7.0,95.93415509333937
5743,2936.506031872192,2395.7813829449237,6.0,95.92810268112412
5744,3045.7948942271696,1132.1253568079026,6.0,95.88878283122887
5745,2686.2058153478733,1751.4682535015706,6.0,95.84810530055334
5746,3576.54075080775,2711.0494233050304,6.0,95.80812375773003
5747,205.29284809796047,1772.061213960605,7.0,95.8026431130635
5748,480.1916544276575,931.4406915156784,6.0,95.79357019277549
5749,3212.241870868644,1314.7754690647243,6.0,95.78627928720576
5750,1295.9980951841558,1047.5161120874334,6.0,95.7683648788105
5751,368.4541476840851,2634.111608930302,6.0,95.75365466240093
5752,3381.755673628013,3207.287048895486,6.0,95.74859210447501
5753,1030.271217948784,446.79253396355193,6.0,95.74485864771265
5754,1414.5081643513581,2315.85335473687,6.0,95.72788581899715
5755,557.45102081109,2798.0957627462444,6.0,95.72641223791663
5756,1541.9191307695412,1315.1420247795024,6.0,95.66446048470164
5757,2599.9732705293536,3305.442995263518,6.0,95.63403804353477
5758,2985.8868223799122,1218.2651305211043,7.0,95.61453484948643
5759,1170.8804860179894,2944.8588574475193,6.0,95.61306593992325
5760,2997.199947047331,767.1799972624402,6.0,95.55706084478497
5761,3326.8132357441878,3029.8108298333145,6.0,95.51539004650331
5762,3919.4230850372796,2019.2958847522868,5.0,95.4239285926017
5763,3788.8505814431282,2341.894819416523,6.0,95.42127799072719
5764,1849.904902580492,2595.117837089867,6.0,95.40915350191389
5765,849.818380050976,1837.1988224781746,6.0,95.40157539568214
5766,319.5369303413238,2833.731464371581,5.0,95.39547299625578
5767,611.8010761094442,3315.2080925135056,6.0,95.39195612344133
5768,2098.893847862176,3101.5457301894044,6.0,95.3778238331383
5769,453.4643351971823,1642.0412759481358,6.0,95.3768121682666
5770,1942.4831934598908,788.1804131086161,6.0,95.36298872674254
5771,2603.798515805398,3296.0937701709336,6.0,95.31306146760639
5772,1507.2614617836948,3812.5413326424377,6.0,95.30889638386964
5773,2688.7217353666524,2178.4709032303454,5.0,95.29500241007943
5774,2357.0131167694462,3685.49693533015,6.0,95.2841458363121
5775,3101.4961478771997,3453.3267758469897,5.0,95.26310567417886
5776,3009.7625361845276,3616.9591765582163,7.0,95.22955337863434
5777,1257.1218958523352,1580.7655018109806,7.0,95.22911198796409
5778,1587.8702728421868,3686.997478673722,7.0,95.2280227468637
5779,2043.0096636808012,2977.1219230090915,6.0,95.22117066610262
5780,506.600499756339,2032.3294490478297,5.0,95.21218799508817
5781,2265.920497410357,152.9001012182003,6.0,95.16716232347352
5782,3230.798263616555,1953.4457681375088,6.0,95.15110241733859
5783,2886.5114405578274,2077.9055562533217,6.0,95.14930346648538
5784,466.175529873921,2839.30646282997,6.0,95.14609756851438
5785,1082.517240330544,607.1709000514282,6.0,95.14337895527511
5786,1745.445265818687,665.2971401261985,5.0,95.12905990348789
5787,3565.6193366382145,2761.1942490050255,5.0,95.11537972928355
5788,2217.812107113733,434.5555211012666,6.0,95.1108610303123
5789,299.16763647338695,2682.882793425099,7.0,95.08670397559646
5790,233.47951874353825,1993.9600277985555,6.0,95.08093144183313
5791,209.51111833862484,1407.9454601766854,6.0,95.02275179222126
5792,3469.6120645396695,1984.0905140200086,6.0,95.01761281461766
5793,2029.705146486787,2667.909801601493,7.0,94.95102696069596
5794,399.1086119966956,2227.0331646945656,7.0,94.9495801703247
5795,1023.1673328694256,2949.785890935021,6.0,94.92077486612949
5796,1345.8222436015483,3453.4474735648314,6.0,94.87714431996045
5797,988.8685664893102,1201.2066011239326,6.0,94.86929603225933
5798,3778.0301340856468,1202.4636868650161,5.0,94.86929232701247
5799,2658.759544445509,2839.7786592928564,6.0,94.85850933122093
5800,881.9214492097298,1102.0795360780185,6.0,94.84971104299537
5801,2922.8498208651,1699.0751410571731,6.0,94.80007550183204
5802,302.88309358829804,2357.875640756213,6.0,94.76003421933115
5803,3877.212686036064,2118.0732303372292,7.0,94.73755121141639
5804,716.5406849808517,2677.8162488270473,6.0,94.729941933071
5805,2539.1895751058514,2106.532244969886,6.0,94.71715901193785
5806,1268.7986913493971,1483.9841377255868,7.0,94.70381723376236
5807,697.4292557967502,2033.0934926966656,6.0,94.65209932771945
5808,672.4118099697214,1219.7037764977194,5.0,94.61794386055844
5809,1228.1294008458904,3082.7377985814614,7.0,94.61599066086097
5810,3631.1824211707935,1000.7563140406834,6.0,94.61324488869738
5811,769.1112947679112,1508.9277428646499,6.0,94.60901884498914
5812,3893.7247434538504,2191.0784309421074,6.0,94.58000918651321
5813,3456.5621610437547,2520.885016273531,6.0,94.54061134287247
5814,2179.1109201418326,3158.5047052395303,6.0,94.53593652894175
5815,2821.0608630040806,3466.9750707667536,6.0,94.51255442703568
5816,327.2201510339876,2752.455980191222,6.0,94.49825492056382
5817,1058.9358951031477,3092.5697285936694,6.0,94.46653704484048
5818,1604.9361092729475,2291.210767807834,7.0,94.46461804532525
5819,1755.222667736051,510.187282289694,6.0,94.43024884074686
5820,3826.990811069365,2913.8909013570856,6.0,94.38210615092939
5821,550.8863406307449,1392.8118553771708,6.0,94.33726568030193
5822,3526.9861552480365,1789.0676076154898,5.0,94.33517551437473
5823,2878.8010726867574,1670.442699899594,6.0,94.33104902196294
5824,1525.682517683224,645.9994642156335,7.0,94.31790113552138
5825,3911.4028508444526,2125.119505499071,6.0,94.31416474265622
5826,3042.44441684101,1245.096302938079,6.0,94.30877948949762
5827,2997.80948538376,2299.739037204548,6.0,94.30458196645331
5828,921.8248482747108,776.1002670637226,6.0,94.30314150979764
5829,2052.2106627357944,3110.050230591758,7.0,94.29209645777806
5830,2452.4297155299473,709.2631923906243,5.0,94.28152726079665
5831,1496.1196989746284,3805.448402379357,6.0,94.27914843256863
5832,2757.1495392296697,2579.925305388096,6.0,94.24040233662548
5833,500.11413449019625,967.8511030888842,6.0,94.23619392366435
5834,2780.71013196585,3100.9601933498457,7.0,94.23089685465263
5835,2622.517783352895,543.1940556236856,6.0,94.21888752663301
5836,1385.9008928562498,331.17246066827914,6.0,94.19493332453379
5837,986.2501035983121,1861.497885698507,5.0,94.18740098205122
5838,3290.142100644467,1202.5931860580756,6.0,94.1716635483161
5839,2599.0198042095953,1096.5074785478002,6.0,94.1715629904941
5840,2809.9281281077756,1118.5817756779404,5.0,94.15619166578107
5841,3237.4322139112655,730.8436461779804,6.0,94.1522070740648
5842,1427.8408897344993,2461.0150921985696,7.0,94.1414127904403
5843,2283.3087219391873,4008.416730053,5.0,94.13858215538848
5844,1551.4942670376354,1060.8426163095185,6.0,94.13679651427215
5845,3608.43579495112,1744.8084949910883,6.0,94.08872384654357
5846,719.5578135544084,2191.169682209556,6.0,94.08271735590625
5847,2878.491637272124,3612.0700608740963,6.0,94.08143326411084
5848,2249.168276838351,2765.085625958472,6.0,94.07613302555112
5849,1058.4775845448612,3120.530094690317,4.0,94.07096772461273
5850,1016.504995382061,927.0007975421322,6.0,94.06933431920561
5851,3798.5639676059805,2405.077334812811,6.0,94.01009823247952
5852,3147.4252778900395,596.8115913831588,6.0,93.98442452691265
5853,1523.198619446418,1236.4331259570165,6.0,93.97564004922302
5854,3467.5695475685015,2485.020482678046,6.0,93.97554407904963
5855,2855.2994537628742,3449.108381399899,7.0,93.95754609100787
5856,1741.3490802916622,2753.426869421539,5.0,93.8975008456021
5857,796.0814310610497,1007.056772860036,6.0,93.85413105792944
5858,1669.9969910919856,1978.5558446047887,6.0,93.8389215483336
5859,1182.2162329993112,2855.165904734016,6.0,93.83519231665299
5860,2461.3457165808445,1224.1734713169199,5.0,93.83430234350449
5861,1369.1237963561703,3532.1463156773175,6.0,93.81845658699983
5862,1251.465901509788,1764.4723127609914,4.0,93.8089972671666
5863,1348.9172323189334,2967.084084285513,6.0,93.8023742784057
5864,3091.047564076926,1069.421656978867,6.0,93.78068743198237
5865,1542.7758481754909,607.8700885053448,6.0,93.77259093939918
5866,456.9207366123072,1249.9427779953107,5.0,93.75228252721851
5867,3199.7874098214925,2167.9860730146,7.0,93.73709549824015
5868,3242.757616496398,2098.970023388246,7.0,93.7315372027182
5869,1538.844567797823,1514.7549409499388,6.0,93.716388815088
5870,3017.218106519731,2336.181809598369,6.0,93.69999361540195
5871,440.88691080093577,1174.2144060539633,6.0,93.69934135774278
5872,1878.286379667422,652.6357236126887,5.0,93.68124205452008
5873,1019.5979091833087,1695.290697433462,5.0,93.67488941348275
5874,1399.7509615418373,3393.5878210403707,5.0,93.6700352325181
5875,532.1219745634344,2166.430082973863,6.0,93.66152192011332
5876,1323.5019769000478,876.4367621000222,4.0,93.63867014023701
5877,1899.023716446956,3718.5690348276253,6.0,93.59532111441504
5878,1983.9207508365698,3855.5789125898323,6.0,93.59177956174408
5879,3957.36995247088,1970.8989332422734,5.0,93.56215657346414
5880,2363.218717868889,3757.876146385718,6.0,93.53544662813607
5881,2457.2858704625496,1797.811184221954,6.0,93.52556424614292
5882,2493.5471197290685,875.2523746253872,5.0,93.48108886000105
5883,2058.4404365711125,1050.9890394776658,6.0,93.45377263801684
5884,453.74963179372,2935.0331123365686,7.0,93.44227810717489
5885,3011.1721587610214,1847.7658825496712,6.0,93.42132806228936
5886,1186.9360376700197,3223.4966536763727,5.0,93.3717241625262
5887,1585.5030612455182,1496.9517809187778,6.0,93.3549373633004
5888,1806.4913407978788,2929.9219649014112,6.0,93.31915103267671
5889,1462.950769349555,3839.540542322849,6.0,93.31206580335024
5890,2253.897325309978,977.8487696359367,6.0,93.29887057920213
5891,2861.1593954579957,3731.522735704059,6.0,93.2505785214933
5892,3139.1813805428487,2246.855787199523,6.0,93.24569812016244
5893,2101.1895102444505,3871.5049868739593,6.0,93.24100857157238
5894,1379.4386849253453,271.04915995326945,6.0,93.23875458454212
5895,800.2134455325322,2271.1715141753702,6.0,93.23244191860753
5896,2533.2530110382245,1247.514818573333,5.0,93.189368970539
5897,1006.0510174641236,1058.000102023618,5.0,93.14049371363285
5898,612.9602056557824,2144.973234794042,5.0,93.13377416676995
5899,3802.9019189554733,1873.0845336226182,6.0,93.07511471644953
5900,1198.779888736635,804.1415569169618,6.0,92.988799952691
5901,2432.439788201781,2905.094230610056,6.0,92.96085104106905
5902,788.174656815384,2533.864753807943,6.0,92.96065110029156
5903,590.1461632708852,3256.5323293743663,6.0,92.94802938900649
5904,2220.885037136078,1060.4428393475864,6.0,92.93062192533831
5905,1075.8625106792726,1890.157007050579,6.0,92.87649109241569
5906,1199.2970276553028,3587.9892681141478,5.0,92.85902052060182
5907,731.0121493400002,1755.5190226138122,6.0,92.8587586070561
5908,1087.1682932601886,3360.8351986432913,6.0,92.81519330841424
5909,2432.202768336799,1428.0372420736508,7.0,92.80021688160181
5910,1905.9382304596732,435.9894197001748,5.0,92.7914779967381
5911,1194.8823905983604,1467.1786295799718,6.0,92.75214318653012
5912,2062.056788300563,3656.073643427963,6.0,92.73194150817078
5913,1394.1867251232316,2996.1940861096323,6.0,92.72008741533374
5914,2783.167240757668,3055.2403281091742,6.0,92.69807410486678
5915,784.5304158779036,1138.0296227708382,6.0,92.68808683954713
5916,1715.2514447262745,216.13500962142174,6.0,92.6710543129076
5917,1800.184694353162,3749.918350162179,6.0,92.65330603226658
5918,3093.7218169277494,2504.5104635782445,5.0,92.6136366573652
5919,2709.9231785482334,1305.5450300996367,6.0,92.60046687164062
5920,1473.4301251217871,3184.952519617257,6.0,92.58910644579436
5921,1575.084539403898,376.65096825100244,7.0,92.56914430891555
5922,435.47749911266015,3062.3002100296285,5.0,92.56102841798591
5923,634.2093473933328,3062.5268691134775,6.0,92.55176058701531
5924,1070.996297142034,1270.8507121776443,5.0,92.55025965586903
5925,2483.9707375926164,478.60814537273376,6.0,92.50974163116466
5926,3268.1217150224834,1370.5280358044427,5.0,92.50898678288894
5927,1893.1452730558403,3755.685996235711,5.0,92.497536850315
5928,3614.4851176443854,2999.7833436315764,5.0,92.45031086283115
5929,3246.196530444919,1096.8946731892208,6.0,92.43669346802037
5930,3402.078698825823,2005.5755164502375,6.0,92.43164752338524
5931,3052.684461825239,3221.1877824513163,7.0,92.42167332011851
5932,691.5198870024166,2150.0113331433195,6.0,92.41865853580445
5933,477.07776202746163,2927.840520381515,6.0,92.41199465604365
5934,2532.844487745871,2200.4878379032116,6.0,92.41141811268913
5935,1561.9617723837177,3737.514247671012,6.0,92.32939033008091
5936,1038.1072152538966,780.5933450976063,6.0,92.29382025288513
5937,3710.0911926734716,2628.950674563935,6.0,92.28211789721266
5938,3755.5124601517196,2954.9493577123703,6.0,92.27026587206427
5939,2446.224591309421,3083.129020219399,6.0,92.26626110220144
5940,3256.136208061724,1788.1475239555632,6.0,92.26256872951014
5941,2611.06466427345,2868.7657687675137,6.0,92.25812141500576
5942,2115.3111355960277,2617.077608381814,11.0,92.21783912016133
5943,2813.9551303814014,3559.0071857293156,6.0,92.20903464732743
5944,885.0525832351971,3020.498294262074,6.0,92.20244712012554
5945,3330.4342372433684,2356.482503857524,4.0,92.20218762160333
5946,2402.997044872259,2577.880555003271,5.0,92.18664085271186
5947,2211.486079703458,3319.1296136938854,6.0,92.1599621853176
5948,3368.127966403482,2365.817444324888,6.0,92.0706049731385
5949,953.8135745113582,2981.4770738145585,6.0,92.0525290055325
5950,1958.9583073647302,3327.6340094501656,6.0,92.05231185658457
5951,2834.116179465412,2738.0434791916514,6.0,92.02036640740643
5952,3746.2326392580244,1967.9290559292963,7.0,92.0178947575913
5953,2231.1822924703342,3757.566642477402,6.0,92.00655590326707
5954,3700.9407382962377,2330.9416664222667,5.0,91.98677626668628
5955,1177.7967618767702,795.8939809704519,6.0,91.96539282288614
5956,3448.1454697559325,3439.4649413554116,6.0,91.96483869375724
5957,2588.038055254413,1264.8503731885696,6.0,91.94749085100578
5958,3208.8464053840703,1611.0925241884283,6.0,91.9195068472697
5959,1081.936438604214,3158.8070172232624,6.0,91.8941546690559
5960,1994.9794203713286,261.0000160853845,6.0,91.88213698117076
5961,3357.9323748933475,3311.4096685556983,5.0,91.87606337077344
5962,2180.0601719676915,3736.4738281875193,6.0,91.82183869935096
5963,1509.7880933401352,3519.938732100209,6.0,91.81879183278741
5964,745.2458873276257,2815.1581276300844,6.0,91.81309551166078
5965,3024.1564210729334,737.0957053592649,6.0,91.80526104500083
5966,2210.491116695111,2790.5272652210633,4.0,91.78467865443575
5967,544.9044493360265,2232.8451361881694,6.0,91.77705031425492
5968,2735.9419594630135,3505.4976448028456,6.0,91.77417427418781
5969,418.85323229361217,1465.1164392397952,6.0,91.76490510758056
5970,594.0352711377449,2031.5320662986833,6.0,91.75940182819797
5971,3224.233717196148,2631.269425354163,6.0,91.73948059982035
5972,1311.8078286284592,3683.5208413723585,6.0,91.72944600530259
5973,3565.508919372103,2488.945643056386,6.0,91.71596626310208
5974,3771.5819659337394,1993.813366336018,5.0,91.6881306090882
5975,1133.0701734817744,1268.497313849152,6.0,91.65901628958048
5976,1919.8042174212676,3200.5792908826284,5.0,91.64804952808541
5977,3448.9855985043096,1781.7661384094645,7.0,91.6288183757279
5978,373.2379748032061,1060.0782864793405,7.0,91.61084107850506
5979,423.9418359943905,1033.5723424913313,6.0,91.60974061561248
5980,1035.4205913506319,3403.0059320593487,5.0,91.58082129666627
5981,576.062366134742,2837.068329270749,6.0,91.56597269470767
5982,1667.9454981259228,2802.232184759445,7.0,91.54261832405474
5983,2351.7718759065488,3229.2431571392835,6.0,91.52807240890274
5984,2998.5262583388267,547.4104470695187,4.0,91.51959004405722
5985,2409.5052602083974,3786.8133987721226,6.0,91.51922376964954
5986,3327.9734128571586,3130.057204287377,6.0,91.51851870639311
5987,1105.2890303804493,3658.61185551354,5.0,91.50559830876486
5988,2770.4167185953966,2035.2167079682788,5.0,91.48416850726016
5989,469.8012798380932,2323.968635029713,6.0,91.4826235909293
5990,2718.515933240283,2849.51209847811,4.0,91.46852787428742
5991,2703.2083368004864,1847.889572475217,6.0,91.46220468473314
5992,3074.539785081775,2328.8012299466504,6.0,91.45048040840086
5993,392.5817254645878,2828.9519778726767,6.0,91.44960941029328
5994,3397.922605387383,640.5121431109533,6.0,91.42133565842639
5995,1722.854732542362,2873.0556761580633,6.0,91.40268518166557
5996,978.153901281335,3665.4678245759637,5.0,91.39369314971218
5997,3734.1009826719046,1051.6052466090161,6.0,91.39019111998041
5998,1112.8249123378505,2957.903110718915,6.0,91.38043843514525
5999,1891.0210467845254,701.5905880741723,6.0,91.36211647957781
6000,3056.9446934343023,807.5804625423239,6.0,91.35064942254859
6001,644.021730926061,3007.4900097131704,6.0,91.31783932629044
6002,2722.9560646837217,2995.9740418354763,5.0,91.29556440821965
6003,3616.8961509154165,1209.1318521530459,6.0,91.28998144142759
6004,2098.174152272496,3852.6297883301622,6.0,91.27036995233217
6005,1136.0222994736882,522.5903518154586,6.0,91.25170005868878
6006,1111.1660817113452,2231.6076806011292,5.0,91.23300723591765
6007,3784.561306914636,2649.9218140487337,6.0,91.2253845755193
6008,3108.102193729211,1171.1162949249851,6.0,91.21939900331357
6009,2283.2024457911875,1079.1873666322829,6.0,91.21334826916863
6010,2770.923380818846,1724.5297537500278,6.0,91.19258949976866
6011,2826.5384940281006,2499.998678168817,4.0,91.18185760610268
6012,2488.126985224784,140.6092099426523,5.0,91.1720412098799
6013,3296.8837292164476,3038.6536156636303,5.0,91.14924607866767
6014,2116.0866342632953,92.9804377991095,5.0,91.12066267189071
6015,730.8605475336276,713.8886872784465,6.0,91.10946090666013
6016,1835.1687438692588,599.9460369540861,6.0,91.10596314250428
6017,883.7960583415784,3082.4031020521024,5.0,91.08718423667479
6018,1708.1445353013123,821.1777199984313,6.0,91.08415386865161
6019,3324.183070642096,1986.1693878033923,6.0,91.0794119335515
6020,3951.1788077710776,1588.7519513859068,5.0,90.98369756377555
6021,3509.9184329222453,853.437166826783,6.0,90.9644790897571
6022,2902.8669312414163,1390.5006985967777,6.0,90.96221690496604
6023,1261.8707988386282,3762.8736910479006,6.0,90.95202057752118
6024,1302.4689280531459,1458.1075138923968,6.0,90.94890158986931
6025,2288.8982449083196,386.4661160205865,6.0,90.94004610792477
6026,583.9972984434263,2530.0684361633553,5.0,90.93463079490391
6027,899.3880384894342,1993.767864945894,5.0,90.92952704659322
6028,884.5688577789371,3289.5100121662163,4.0,90.90876961940818
6029,837.0744413307682,1044.541210309683,6.0,90.8930685794786
6030,3043.3581495522403,1054.8542452575207,6.0,90.86746298777531
6031,2030.4710994214902,749.4498006132108,4.0,90.85357423736652
6032,3669.5480045152426,1105.5366097535223,4.0,90.76008321113211
6033,2725.8447984518375,586.8692057642877,6.0,90.75869447226165
6034,2345.931749459105,3851.370975079732,6.0,90.75293132449812
6035,2655.8466065316748,326.0832453357667,6.0,90.71547183770947
6036,1490.9968758480438,3525.070995497211,5.0,90.6847833103963
6037,247.0444733087397,2321.4035576157535,5.0,90.67386836445422
6038,816.5391228159401,626.8612356032696,6.0,90.62785344869614
6039,134.4379512431882,2291.174730110244,6.0,90.60127794197801
6040,2886.5059670779456,2243.8537287236595,6.0,90.57474105395747
6041,3182.043840779985,3619.7810675716105,6.0,90.57357323806677
6042,3893.4736323333505,1818.98994691726,6.0,90.56885788211152
6043,2767.130467568355,3724.017567425712,6.0,90.54477082393682
6044,2476.2814706616095,3651.163180147028,6.0,90.53793425798999
6045,2123.4848398440568,3631.985482768747,6.0,90.53601847519607
6046,2423.126179098653,1317.4769475727053,6.0,90.53538686187947
6047,2540.050187507657,622.0281294526926,5.0,90.52426681032
6048,790.4791125548987,3357.9857326872634,6.0,90.47773511494944
6049,2436.467408419258,1265.0014625194888,6.0,90.47527188227961
6050,2692.9483193316796,3751.811827151811,6.0,90.46143989666471
6051,598.9987017988526,1248.3133039467496,7.0,90.45014854066929
6052,2140.1379813130025,3948.538992890082,6.0,90.43963740767416
6053,3976.4911497984567,2411.959432747742,6.0,90.42416918130145
6054,1357.11894645534,1031.1219240306168,6.0,90.39802786551772
6055,1963.5068565538888,683.5990025391147,4.0,90.38833418360886
6056,1940.1975229544762,255.51253260541398,6.0,90.3631404527223
6057,2606.484242402867,2797.7628715710216,5.0,90.3260211673176
6058,2627.048685291909,3355.4409863928518,6.0,90.32368260848276
6059,2127.685028002331,3975.686770075587,5.0,90.29590784817188
6060,1044.1774219667216,2716.155795775403,6.0,90.29506928371998
6061,1172.8962791778345,2653.920795367057,6.0,90.25741208549748
6062,2337.4403386909357,1556.2070542455558,6.0,90.24518995766226
6063,3222.4142255458405,1308.7789388905096,5.0,90.24183002864125
6064,2673.0290095531577,1584.4369053517144,6.0,90.19172683344812
6065,1855.8659543994268,1268.8363611759385,6.0,90.15841083455133
6066,862.4413860648546,1786.5243918308176,4.0,90.15680823972434
6067,1953.1030141657393,4027.4823238686836,6.0,90.14063611735183
6068,2570.5124261973483,2848.9291371975078,6.0,90.12721625165663
6069,1072.5305869165618,1847.9811244172606,6.0,90.09516609780198
6070,466.3697622229166,3107.749213882944,5.0,90.08170618759479
6071,3823.5357976388404,1292.0580251771592,6.0,90.04200101466851
6072,3158.962083216753,3326.0883865707983,5.0,90.01526037607529
6073,2484.071088861438,138.542912127938,6.0,89.98481763167449
6074,1475.8490950017228,1996.2421137078427,6.0,89.94555403176169
6075,2538.5421723653963,1759.8929133062622,6.0,89.94392932702915
6076,1031.9585684198344,3643.4984455446006,6.0,89.94115284833313
6077,2486.921522062962,3662.614189129342,6.0,89.90916006154653
6078,531.8360070745296,3029.1791197273583,6.0,89.8919641589179
6079,1620.786876879331,3429.5193653982587,5.0,89.88238912358544
6080,3915.452735348387,2364.7918530096545,5.0,89.87864639893162
6081,2256.7961672508304,65.3350036401663,5.0,89.87251154193356
6082,2567.730020858543,3791.5608012868447,6.0,89.8576960256951
6083,2898.9899784855015,1041.096539755085,5.0,89.84642048912303
6084,358.4722531230322,1140.775216593354,5.0,89.82008594889689
6085,1812.6315181703708,968.9430653269218,5.0,89.81898775236341
6086,3659.186328780455,2137.4649071465583,6.0,89.80269641948075
6087,2630.2242972927015,2286.5178013714867,6.0,89.76890096276841
6088,3127.076412818971,1360.450880499062,6.0,89.74374284099659
6089,3693.4458667535882,3195.802294206654,5.0,89.73475103114684
6090,3552.642259517153,2992.3071074019126,5.0,89.71129368059935
6091,1489.5952924762892,1735.0214721599098,6.0,89.7030900841267
6092,3730.452022619671,2384.9208327102956,6.0,89.69211151324981
6093,1133.0510779406136,3577.4288109646955,6.0,89.690694806588
6094,2320.7067333308933,3516.154581298493,6.0,89.65627869226756
6095,2344.876211131078,1008.9673525804787,6.0,89.63511113483962
6096,772.8503101627522,1545.5421236354455,6.0,89.63011561838992
6097,1900.5004131323494,3844.5458921302707,4.0,89.5898472361713
6098,2009.1217788477004,302.0085193842413,5.0,89.55675668707934
6099,3694.457595898538,1331.437592631279,4.0,89.55017439406606
6100,1814.4138200768361,1169.5333962892607,4.0,89.54342450136916
6101,2192.881308185345,2690.7849172365823,6.0,89.5280388119355
6102,2647.187356625358,2517.4220758614974,5.0,89.52780038168254
6103,2167.8625420547082,1275.1736471876623,6.0,89.52514347730931
6104,1186.834972774048,607.9355161893271,6.0,89.51346464401229
6105,590.421208844058,3007.803333693348,6.0,89.47963942761777
6106,2923.000594676738,3693.5653466125887,6.0,89.45433627240489
6107,3068.597596662618,769.032905453108,6.0,89.43587827384408
6108,1890.3713741610431,3018.7998242471704,5.0,89.42362245380853
6109,1231.5841749621,847.2274490942896,5.0,89.38368258664444
6110,1377.9101953433644,2235.549569820748,6.0,89.37519762592306
6111,3369.0839452871637,3346.4152118484717,6.0,89.36526800884405
6112,828.5574656610615,2842.0948404288833,6.0,89.35496033327895
6113,3504.8782935595555,2971.096996149671,6.0,89.26425841110057
6114,3622.844167593948,1871.9170688941624,6.0,89.25711825827307
6115,2419.153954685982,2948.5020179159624,6.0,89.24072788235112
6116,3065.794045316139,3251.5943670110105,5.0,89.21325839662711
6117,3467.1135304255486,2331.8179013429344,6.0,89.20136012765047
6118,3707.965773581963,2587.490692492561,5.0,89.20045218704735
6119,561.733844853271,1050.4044915352144,5.0,89.17149767649633
6120,3004.404842831122,2493.780191396456,5.0,89.10507440108553
6121,691.9603154551414,1306.913405797947,5.0,89.10484558130689
6122,2238.580270256953,2422.5098038637425,4.0,89.10181507226332
6123,3072.0375915724235,3378.4655475289032,6.0,89.09326702886104
6124,1159.4561248599641,3318.4926874971798,4.0,88.98878052489238
6125,3548.453716285224,2076.0169539238213,6.0,88.96364056461653
6126,3827.8712235711173,2132.9572201568044,5.0,88.93989393485921
6127,2866.8406082135666,3706.15918600621,6.0,88.92060470602269
6128,3245.552169394397,3076.511051990111,4.0,88.91395799667663
6129,1177.869699124546,2203.890525539386,6.0,88.90977942242235
6130,1875.4614063282402,2543.4964309730562,4.0,88.87442483495545
6131,3288.007853065316,3525.497956602734,6.0,88.81617275411641
6132,2929.008582458094,3601.4840267062564,6.0,88.78878263376725
6133,1196.4458708559296,253.56612154293856,4.0,88.78626700079562
6134,3386.9685173203725,1040.4899087862357,6.0,88.77659917937123
6135,845.9007530229552,2884.4862790565116,6.0,88.76446045142737
6136,1804.991511530645,697.4166439531422,6.0,88.75899369907123
6137,1667.4730389386407,3852.0853934677093,6.0,88.75720984493883
6138,1279.3944952672355,3345.274903805529,5.0,88.75572155913353
6139,2793.9155744467316,3575.467874454059,6.0,88.7256871582242
6140,1844.1499711401407,1527.5666778600225,6.0,88.72520247206567
6141,1570.0465518158392,839.594355158399,6.0,88.69362625707822
6142,2804.862100902949,2283.049509588582,6.0,88.66715015325292
6143,2902.060617754324,2204.2013358120234,4.0,88.6541156660687
6144,998.9628144465341,494.40288158985607,6.0,88.65282900882947
6145,1476.9989650402956,1042.9810878238095,5.0,88.62404481242842
6146,3727.3686563189226,2916.6290889933607,5.0,88.61686624830344
6147,2415.7983827884473,2630.439824126505,5.0,88.60713986974994
6148,2724.064655436602,3831.505210376172,6.0,88.57471904551231
6149,1458.8130964413365,2505.305352754832,5.0,88.56648653992576
6150,446.935276505346,1093.480701148977,6.0,88.54699675525538
6151,1741.0923497175665,274.4609608075244,6.0,88.53409795586818
6152,629.1779257801844,1374.222930810616,6.0,88.53288614381455
6153,1859.8838851969988,3806.5108011740035,5.0,88.52667453515589
6154,2529.0014156115653,773.5249113430809,6.0,88.51663514834154
6155,3413.5096268354096,3009.9239656738578,6.0,88.513585099028
6156,2349.909219235453,3421.581675043489,6.0,88.46001258730664
6157,399.6187754546374,1815.7104228195742,5.0,88.45821694599518
6158,1733.5649943612275,367.8707421117233,6.0,88.41337972392375
6159,2389.138566533664,1293.612522052946,5.0,88.37499797830661
6160,3771.5425214429206,1809.469549006576,4.0,88.36175682641351
6161,3614.063682677142,1915.0541564527337,5.0,88.36107180084163
6162,2535.0270534878546,1658.394825958154,6.0,88.34377550725998
6163,3434.5064642874427,905.5174661567863,4.0,88.34181742224328
6164,3866.0184685222466,1234.0732993025915,5.0,88.33100284471654
6165,3485.9679440392047,1066.0449266337782,5.0,88.29639676388449
6166,1403.5484909166087,2324.4716707230546,4.0,88.27314795733871
6167,3212.103672062362,1647.068488986754,6.0,88.26711267179164
6168,2305.170463061479,3803.4277775825935,5.0,88.24518504021607
6169,2471.000093111243,3474.412017498558,6.0,88.2444214499742
6170,2541.744050271878,3244.4095546954745,5.0,88.24075917548068
6171,3642.062128207573,2927.0109671603304,5.0,88.23028448548537
6172,2754.5163232484583,1958.8582663924722,6.0,88.2073340621232
6173,1153.3934632878372,667.88895793745,5.0,88.20238747627549
6174,959.4785693675472,3123.9114476505565,6.0,88.19172826468207
6175,3254.789080767264,1570.4042283672268,5.0,88.1901844234245
6176,3723.0353670298573,1021.5589229733797,6.0,88.18518344907265
6177,2794.5029582673787,1651.2159482394352,5.0,88.17290350834394
6178,1576.128716391876,737.5672063476336,6.0,88.16824431778767
6179,415.46001248783716,1824.879415090032,6.0,88.15830711541135
6180,654.8617143551772,820.1621580379004,6.0,88.08601390308124
6181,2421.216436426289,1580.4132239521625,5.0,88.07773888607478
6182,1318.8790598693072,2596.8659946653347,6.0,88.05807367247033
6183,3081.046640049027,3104.4499830166146,6.0,88.04553303097761
6184,1988.8141374550432,3162.858022933333,6.0,88.041500943623
6185,3415.9283508020176,3185.917327003715,5.0,88.03407364861737
6186,1366.1180110547828,3825.135338474043,6.0,87.99454471754657
6187,3490.9958302285377,2625.439023132405,6.0,87.97851388275272
6188,4045.733140274606,2165.5334747020306,6.0,87.97820135870374
6189,2758.0136132795706,2942.5976029269277,6.0,87.95919648077265
6190,1587.7816799883424,905.3601003912206,5.0,87.90478719030378
6191,3597.883878340943,2367.4573491453893,6.0,87.90352098771803
6192,2575.522315263687,2882.8803626784247,6.0,87.87191844881698
6193,3181.58400819186,636.0842322105426,6.0,87.82155591770372
6194,3816.906290446918,2283.2191637449296,6.0,87.79560299171528
6195,1191.5427208424971,2595.4231057488237,4.0,87.78225405651806
6196,2412.0793211912846,3983.4958296313084,6.0,87.75292074289779
6197,2998.5295197314535,1454.995821058957,6.0,87.73268994515496
6198,669.0244760927354,2012.4712350115449,6.0,87.72374687754699
6199,1015.4482711126042,1896.552384280068,4.0,87.70231286159202
6200,3465.853683370288,1724.3962042265925,5.0,87.68229165647666
6201,558.8416305191299,1512.38826548907,5.0,87.67551023556321
6202,2995.786233610186,2891.576407958605,5.0,87.6713752435937
6203,3674.9630294219223,3079.581950730743,6.0,87.6642775064072
6204,1504.0192589111653,2551.9727165069776,5.0,87.65826739119643
6205,869.4851881237555,3229.201719973814,5.0,87.6387841738572
6206,2789.7699048575205,2942.9090914136423,6.0,87.61635123392587
6207,250.6003794943625,2896.2244268450736,5.0,87.55022631514262
6208,1499.8957169551263,549.5647481627103,6.0,87.53411303869287
6209,1343.9186695882179,1661.8593706348324,6.0,87.49204039177039
6210,3354.152320730378,2081.399567218477,5.0,87.43880085783034
6211,2106.754239443631,4041.6862635272582,5.0,87.4288582741211
6212,1018.6463283819228,1220.0310814466072,5.0,87.42872331884497
6213,1339.185231044993,1430.3616144872817,5.0,87.41270559634789
6214,432.4639067661731,1661.9024288721555,6.0,87.4096130503773
6215,3018.1699518143346,2938.9687769442685,6.0,87.4092826244164
6216,1320.022779596195,2822.9293750979828,5.0,87.3916986829051
6217,2776.0265503928404,3762.140543098038,5.0,87.30739771188293
6218,2366.032138861956,3717.3261223444215,6.0,87.29960211180426
6219,4070.6988173055574,2234.0434158630133,5.0,87.27983881512706
6220,2994.0708177330125,2640.9750732918305,5.0,87.270477663612
6221,1763.0831893556701,1623.6120542717265,6.0,87.25103427773205
6222,3386.002478700013,2413.9774730125923,5.0,87.22613113901372
6223,2619.1343529037167,3358.5310805426843,6.0,87.21947582212748
6224,173.0036749659719,2012.0604895956387,5.0,87.2034953410414
6225,1799.116025792128,817.9374212793745,6.0,87.18962526555553
6226,1327.8747050671548,1038.1139440091572,6.0,87.18418879171207
6227,1739.0143323263778,92.44830511756324,6.0,87.18123383429632
6228,735.4927952758152,1532.953927329224,6.0,87.15174591413933
6229,2221.7574499334396,3359.876887890906,6.0,87.14314567751667
6230,1172.1411687008824,747.0028157156947,5.0,87.12428672615472
6231,3210.497885833255,2188.8022403647396,5.0,87.09793591606083
6232,2559.0670657623737,319.52870811895014,6.0,87.09101091119727
6233,1806.1719506305799,610.310010341443,5.0,87.04070196820933
6234,3835.9353971171204,2815.623058537053,5.0,87.02154041055695
6235,2916.930158023249,275.6157970889155,5.0,86.98932162423729
6236,2378.8700055632726,2720.4611982284246,5.0,86.96490836261941
6237,3086.779521591166,848.6061459632061,5.0,86.9589047324474
6238,3775.897218340545,1923.8447899457522,6.0,86.95809312776727
6239,2704.197301626183,268.36601232921123,5.0,86.9324646098362
6240,3104.844056885218,643.0525687817986,5.0,86.9313205639366
6241,1859.9800609986864,1021.5860766640096,6.0,86.91793014190193
6242,3043.9849573080346,3465.3992828937185,6.0,86.91253679326877
6243,2567.5233175142944,3044.1247759468615,5.0,86.9120792572954
6244,1640.2051433901506,3100.881530510523,6.0,86.88956049881428
6245,2690.1658354567835,493.86184550741217,6.0,86.88029929856054
6246,2950.526693617137,554.5377108449087,4.0,86.86383025980237
6247,2312.7968191790474,627.9645285381416,6.0,86.82856844822099
6248,549.9634871997106,2684.0626998180724,5.0,86.76570583670426
6249,3276.052109978467,2207.403240718178,5.0,86.75794232934098
6250,2863.427957495291,2371.7354429215093,5.0,86.73715849344353
6251,721.5686012338197,3333.836021306535,5.0,86.73251753636087
6252,1785.9607319498177,571.0851474610974,5.0,86.7265462563633
6253,3667.941868796337,2825.9069353005348,5.0,86.72193258642099
6254,1570.6044179538592,1370.1722322857565,5.0,86.69370099914032
6255,3940.514593717146,1863.554031858398,4.0,86.67252747051465
6256,1598.0557061395211,1626.928347769007,5.0,86.6314144581174
6257,2920.717785030833,438.73370859059577,5.0,86.62632531280093
6258,3057.983838023969,3298.6185567448183,5.0,86.59113209424704
6259,715.9273159014282,640.9298264993967,5.0,86.54433657192853
6260,1091.5950886776493,2811.820421383537,5.0,86.51345858511104
6261,226.55799079862686,1781.1591960055725,5.0,86.47541344033208
6262,769.6394038745748,2928.891271471098,5.0,86.46736702029351
6263,3027.9422040025725,2493.9017414499435,5.0,86.45584680613639
6264,2488.8750663414785,985.3827617558499,5.0,86.41209482104976
6265,437.62255898741546,2056.009076384129,6.0,86.4052710135037
6266,631.1125655564596,2172.5083157078566,6.0,86.40013256835415
6267,3395.004287556145,1971.506408652141,6.0,86.3979868099382
6268,3173.707943056905,2614.2005324349693,5.0,86.37050252705582
6269,1855.562926662743,3515.926293473163,6.0,86.3667089928589
6270,1072.0767739695648,522.0517977219664,5.0,86.32216573772779
6271,3139.08189822539,1695.0622083861806,5.0,86.2867730634609
6272,273.49761659354425,1605.4966993419127,4.0,86.2518450919321
6273,997.0009121050831,474.9244717637285,5.0,86.23364337996607
6274,3411.4083878361316,674.2295220309915,5.0,86.18891101571326
6275,404.6543046525673,2000.766407862896,5.0,86.13481800974756
6276,1510.5443819079844,2344.5827194535714,4.0,86.11163015374854
6277,1947.9127327309125,3989.332718322422,5.0,86.09669267006115
6278,3365.5261167714357,1174.4745141360277,4.0,86.09441497043582
6279,2675.899803349198,2366.233330590247,6.0,86.08730146342397
6280,1073.5608971388979,1005.0042417147301,6.0,86.08712393679015
6281,3180.599483274744,1329.4849056948751,4.0,86.03319248763209
6282,3835.914416294295,1259.536929467137,5.0,86.02857503186398
6283,1119.786361566223,3533.582027629353,5.0,86.02849505328967
6284,2445.8881209933393,1540.5971121606233,5.0,86.02592519997779
6285,1004.819801852941,3413.6596206349013,5.0,86.00130271126018
6286,2571.0430062044966,315.0468019468496,5.0,85.99405644257884
6287,2557.1531198819685,3956.7208601609204,5.0,85.96956265361844
6288,1245.075858254675,2667.902243228282,5.0,85.96531931895909
6289,2894.5140367610393,3330.9432151898786,6.0,85.94583390436189
6290,2818.1588327735735,2534.5135946170362,6.0,85.93036503303266
6291,2418.8429404641925,322.61710525518924,5.0,85.91120569654377
6292,3337.606637385017,2217.0329568773645,6.0,85.8746047352835
6293,1057.078182029398,3710.0303077065846,5.0,85.84971763213949
6294,557.1564932817691,908.5776987372426,5.0,85.83970833906255
6295,2087.800860172377,3729.466852898074,5.0,85.83706444890389
6296,1391.789177148065,1925.3599250093682,5.0,85.82519364896183
6297,1786.5086624276482,1164.561320462047,4.0,85.80551260266725
6298,2778.932233546072,2117.4892623499363,6.0,85.77869185301044
6299,1559.5416267534001,2539.492418755099,4.0,85.77126836725964
6300,3492.5461907671865,1138.4647280516053,4.0,85.76677926632257
6301,3502.497603762889,884.4270035790744,4.0,85.76329860121223
6302,1004.1515095937136,1849.406632209046,5.0,85.75726958866618
6303,1590.4228874083421,1783.890802439541,5.0,85.75584033571542
6304,1293.9637241810137,439.0612453857225,5.0,85.72792626347628
6305,3011.4178791062363,3024.0897586431965,6.0,85.7271498676218
6306,604.3680266974357,2731.009073154257,5.0,85.72156872227504
6307,3603.623891737828,3107.7985851104845,5.0,85.70979161831913
6308,3136.372156907364,2260.854639380424,5.0,85.70962469358881
6309,3203.9712649145854,3649.5545677274204,6.0,85.67498467788737
6310,2504.4658075964057,2393.489001489797,4.0,85.67414419363162
6311,1909.8387740373878,3750.6304588476833,5.0,85.66325651902258
6312,857.6409993764656,2721.867802713553,5.0,85.62695730461256
6313,2903.582458301079,1949.9614492359528,6.0,85.62038908460725
6314,1217.5948956522973,749.4546905842351,4.0,85.6163676695441
6315,2685.939815772598,3418.935347804273,5.0,85.61020196813115
6316,2995.0062012525045,2269.090520014923,5.0,85.57914857574751
6317,2394.5358138135025,3766.4560612216055,4.0,85.54383812175668
6318,873.475014100704,2202.906193288032,6.0,85.52483515776217
6319,1866.4693818071075,3905.375740611212,4.0,85.52456138949395
6320,3898.8875438512346,2730.2136439830397,6.0,85.48202280495481
6321,844.873746894892,738.6279856316045,5.0,85.46610078100069
6322,1326.509264687028,1833.4377461555173,4.0,85.45665064533918
6323,3799.3203861861152,1331.2013465865316,5.0,85.45480813181304
6324,1531.4062672252796,574.0086854977867,5.0,85.45234264220092
6325,2720.472570636674,3728.5534969595615,4.0,85.45181119658545
6326,1425.989135835714,3821.5047863788764,6.0,85.4508006474019
6327,2570.4770310964436,2411.9380618720415,6.0,85.43948328899954
6328,851.4291706250427,1252.8196593335592,6.0,85.41519320878587
6329,2430.5024376412402,1823.5599510111792,4.0,85.38392403274841
6330,1236.4923447037588,3027.395445082257,4.0,85.38038095797114
6331,2398.0909872014236,140.5338684066807,5.0,85.35292615868379
6332,2621.5720824138593,3252.563042149926,4.0,85.33534387997199
6333,2527.9201489984084,2453.1621495249747,6.0,85.32908413034798
6334,320.6096317046613,2449.8903121259177,5.0,85.32665216201937
6335,241.424161066065,1563.5062893067359,4.0,85.3213215676472
6336,3999.0377519044737,1984.0458537176369,5.0,85.31845760617105
6337,3747.7407749482154,1608.0420060807398,5.0,85.31196730694552
6338,4056.5246856215645,2239.038284430685,6.0,85.29724624494321
6339,566.3614038871973,2261.130308332868,5.0,85.24809999412074
6340,1211.4659570814104,3448.549699676554,4.0,85.21500425780457
6341,2820.1426601568132,2214.546137469031,5.0,85.21244629529369
6342,3211.410943944749,1973.5604185581292,4.0,85.16662151975694
6343,2344.9442245046953,1244.9298337549956,5.0,85.15900379281177
6344,1671.5377217161424,3105.410457133064,4.0,85.1537524221672
6345,2767.440317922692,2437.4040952176283,4.0,85.15365542477448
6346,2406.550372397267,328.1668109894984,5.0,85.12374437681609
6347,2909.410439159607,2348.810001516773,5.0,85.10644464083344
6348,808.7883477156868,2540.542321142228,5.0,85.08636109607674
6349,3812.0067804173054,1939.0264468874354,5.0,85.08412781929565
6350,1718.5154206558893,1668.4401441937032,4.0,85.06582275610288
6351,2689.92818911,1153.908308208537,5.0,85.06306461249808
6352,1461.9775843863208,3281.5584499159304,6.0,85.06183150025367
6353,2837.3572853190262,755.163493713855,5.0,85.0520680252604
6354,1278.4500318877967,256.53340872526866,4.0,85.05087140151161
6355,2991.8841186430755,2439.9784556457694,5.0,85.03737650159806
6356,594.3855026347339,1304.4405452598035,4.0,85.02184466675229
6357,3942.105425104645,2270.5908864045464,5.0,84.95626994021542
6358,1958.3700729043,3242.124411445452,5.0,84.95253894323986
6359,2216.0643742697694,30.58061510714393,6.0,84.94680486022281
6360,1601.4850523122525,406.0174861677077,6.0,84.94455857209812
6361,1380.935340045307,2976.8910259931113,5.0,84.93846517934756
6362,2285.8234947723563,2768.941091126661,5.0,84.92179883898626
6363,2247.4697869067395,4036.548206656731,4.0,84.91233612771191
6364,2426.381256597644,3134.474398931279,4.0,84.86605899000271
6365,2388.1618015874506,694.1465971336129,6.0,84.8318023917694
6366,3482.0787457566244,3386.565316024964,5.0,84.78460523124593
6367,3396.089238308445,1778.6547858967342,5.0,84.77243551871328
6368,1577.2395063547876,1677.2992228563471,8.0,84.74777129821894
6369,847.6365222511249,3525.0144224371616,5.0,84.7316878837965
6370,2669.9349330499786,379.5498476936998,6.0,84.72933410319158
6371,1746.498550637038,477.0139970119643,6.0,84.71674449317801
6372,3230.382608834946,783.1829269657212,5.0,84.7025777699039
6373,2361.0671283174233,453.55410028782154,6.0,84.69571901280763
6374,3394.903445755722,2072.0764626630494,5.0,84.69293303170653
6375,1075.4201193405102,1454.1757336500762,5.0,84.68385759297175
6376,2270.002869357106,3845.5340168211706,6.0,84.64286892523978
6377,1774.5585030160905,727.123083095073,5.0,84.61845121563535
6378,2347.000004497637,3500.549879060325,6.0,84.61194082356054
6379,2718.3564799863866,732.1021293133049,5.0,84.57875138065423
6380,2868.539611866577,595.037603888517,6.0,84.56543895976438
6381,2336.791260241408,2616.6200708247743,7.0,84.5288954561299
6382,3453.5267293911693,1391.057758979864,6.0,84.50981184832553
6383,1828.0596491094298,3071.7975847006105,6.0,84.47345824018763
6384,1503.9285781166038,3072.626279328342,5.0,84.46814560587822
6385,1046.066119914447,1750.989957346189,5.0,84.46224689935212
6386,3659.651273446995,2016.1694429142851,5.0,84.46034999900434
6387,2082.476953401801,3132.0596422613708,6.0,84.4451005163472
6388,2031.5153130071142,77.63401505347983,4.0,84.43300998948699
6389,1093.1235069821562,3509.0507691162265,5.0,84.39352851011348
6390,2554.0467094727996,3793.6843209550575,5.0,84.39061124642676
6391,3659.5658101434187,1702.4387002106625,4.0,84.38604553775713
6392,3584.1814161352454,821.3864351208936,5.0,84.35752489543911
6393,1501.6186813695185,2353.2140027791374,5.0,84.35636756450246
6394,1408.7894962297487,2155.140649466501,6.0,84.32257387225938
6395,3338.5170335034572,663.8188319486032,6.0,84.2873276188819
6396,2410.4703452822077,3782.5070538895884,4.0,84.24133941588258
6397,2635.5371485040514,2313.1160009914815,5.0,84.21926654402509
6398,3078.5263541862646,2309.165259853645,5.0,84.13277908887275
6399,3721.490708417072,1711.4141351280298,4.0,84.10986995669217
6400,1464.777535059964,3668.097994906306,6.0,84.09903000171009
6401,230.4075307233886,1453.4130226280754,4.0,84.09195062158275
6402,218.0955701602882,2750.8806113882442,5.0,84.07827279733739
6403,109.59818649738013,1822.151523335769,5.0,84.05077268840824
6404,3299.5729371417156,1126.8714667442398,5.0,84.03431689305197
6405,4030.4076356225264,2259.172135153316,5.0,84.0157833598157
6406,1916.9594179179373,3495.984857455368,5.0,83.99454173885938
6407,2758.081322806977,2886.979533334368,5.0,83.9808481840632
6408,1194.9830530236552,2823.873079961357,5.0,83.97553157727644
6409,3819.026600683055,3011.9686727171006,5.0,83.966033150263
6410,2498.054751997861,2474.434061339738,6.0,83.94747228201291
6411,3625.5267231553253,2566.5282289678235,4.0,83.92017693504334
6412,3344.5437722243846,610.5808988530109,4.0,83.90939861207785
6413,944.5321007329701,3628.429575845965,4.0,83.89585218786405
6414,3130.976085788631,2911.025098890232,5.0,83.85878652918026
6415,3818.585555916652,1145.9664523643562,5.0,83.85463723974762
6416,3273.008927007087,2655.517155741593,6.0,83.8426505461468
6417,1099.5161958556391,2756.066749339327,6.0,83.82637374944304
6418,2981.8556174645655,3131.4216250510763,5.0,83.79790776144824
6419,3199.1288727849264,3522.41874119333,6.0,83.78792749872211
6420,2155.568894460746,445.1211693601986,5.0,83.75422345111747
6421,1790.4524912422346,3338.4971112657204,4.0,83.74462758479268
6422,2369.441920592539,3442.4412530716295,4.0,83.68617075260926
6423,507.08871105628396,1284.342260944699,5.0,83.6711671216963
6424,2160.1558815959293,4020.308201106515,5.0,83.64550116036528
6425,3288.428799382627,1861.556576591904,4.0,83.64244554909716
6426,1419.9974860456782,3424.5017284841065,6.0,83.60407416216788
6427,2766.3990444190654,594.4136713212515,4.0,83.58066655839853
6428,4001.2196037342583,1944.238238786901,5.0,83.47530508660722
6429,939.5577766340102,2728.400402825273,4.0,83.45930376135641
6430,758.9052738877564,2774.082837070244,6.0,83.45860418377768
6431,2169.110101923786,1584.593243108102,5.0,83.42569495461798
6432,2061.743035842147,3823.3062447273123,5.0,83.40417965009426
6433,2475.649086986426,2462.1712518336444,5.0,83.38977942634415
6434,1135.0063958675075,3276.655189713386,5.0,83.37138260429653
6435,3252.8325278785037,2597.3283349757858,5.0,83.36132151413499
6436,292.7021887249339,2883.0209581142353,5.0,83.31720939189586
6437,2921.5386886969677,3646.5486968592645,4.0,83.28349692629564
6438,364.6860270518754,1166.5134134761647,4.0,83.27198044736008
6439,1840.875819795799,3151.451757371026,5.0,83.24953069854915
6440,503.39696291620396,955.8160503046043,5.0,83.24299664458609
6441,2588.467511695123,1992.3563019586772,4.0,83.23790756479289
6442,3899.8849494665455,2068.3589462865416,5.0,83.23304476619437
6443,1434.0822075869476,719.6761762455301,5.0,83.22404477000897
6444,2739.922010909887,3600.0322655394066,5.0,83.21922516823817
6445,920.0546528562863,2158.390475053313,6.0,83.20987147386536
6446,797.8626079186354,1110.3206816869579,5.0,83.20798918145157
6447,3709.04096008519,2265.9156140397768,5.0,83.20199751569375
6448,2359.8462910233866,3131.549350000355,5.0,83.20132752080283
6449,2909.485423889994,3720.947782186623,6.0,83.14527213120105
6450,2690.572093577289,1629.0272870709969,6.0,83.14136097595174
6451,2691.9789313836336,3714.8943134748174,5.0,83.12717742566383
6452,328.0200594794834,1835.6179297106446,5.0,83.0592259964877
6453,2564.4115376867244,2809.460015513265,4.0,83.02402570536766
6454,1914.7328199077172,3932.696121714985,5.0,83.00049090703338
6455,3339.517019467274,3175.430137549636,4.0,82.94622274733358
6456,2779.5755050365447,679.8039867389276,5.0,82.93584363989474
6457,2871.0435710990996,1761.4134144275263,6.0,82.92255413863053
6458,2570.474104635502,1845.5402143606918,4.0,82.91711360246154
6459,511.36674456281014,976.1052887775822,5.0,82.89241873428487
6460,2529.94527755233,1594.9638344182897,5.0,82.87791336352473
6461,1939.0861527199831,248.63030567888373,5.0,82.85488935871706
6462,3032.357867673281,2911.7633511103527,5.0,82.83361657833156
6463,3469.598753558353,3284.978958622363,4.0,82.809803909184
6464,1823.8881415382475,2796.944536940143,5.0,82.80674761627563
6465,3122.0668809713743,3418.3384660882516,6.0,82.79675619267972
6466,2387.915768867308,1489.5579795676897,5.0,82.79184275152541
6467,3678.6016931291065,1996.8565177301348,7.0,82.7670386680449
6468,1488.4089522457173,2921.5073359010134,4.0,82.76381665210297
6469,820.3589110618148,3312.8051966118114,5.0,82.74307958352787
6470,2037.559239255156,223.62617004308845,4.0,82.73046188003224
6471,2362.1685212477196,3010.628386356989,5.0,82.69991232696525
6472,569.3155075822679,2031.1172328292982,5.0,82.69822128560979
6473,1666.0581471647731,3712.0595437391066,5.0,82.60454699910322
6474,4049.147553694085,2031.1921215634416,6.0,82.59615439790915
6475,3048.5271912255434,1517.4408314494071,4.0,82.595745215417
6476,1393.4657849129155,2377.640184828996,4.0,82.59006166639296
6477,1095.412680298213,1933.4818191481704,4.0,82.5852090144976
6478,1154.8499147532941,3268.5209938589487,5.0,82.57573139470881
6479,3082.16497151858,3761.9973658761874,5.0,82.56687881421314
6480,1514.5424931378293,2565.99332747086,6.0,82.56440359871229
6481,1991.0853257158246,576.7414282345943,5.0,82.55992632816404
6482,3297.42624309337,1499.8771452779959,5.0,82.5400714865207
6483,911.9861311196017,3529.0539201499205,5.0,82.52736631374651
6484,3174.140080039133,2899.427166308188,5.0,82.51491682018752
6485,1415.0672766629289,904.0343646586862,5.0,82.50991352317922
6486,2833.618430667392,2870.5568736831488,4.0,82.47899680698437
6487,3953.6119823855506,2075.495085135679,4.0,82.46356911030547
6488,1247.4029463856007,3723.471170132293,4.0,82.46211256825015
6489,353.56074410828853,2050.350606489644,4.0,82.45523542085425
6490,512.8347862907939,1085.670855344078,5.0,82.44367890942473
6491,309.32026864996766,1851.9553942967048,5.0,82.41295470850172
6492,1135.551678466258,3600.581398220421,4.0,82.39466314428688
6493,1522.882350262188,3515.522193364856,5.0,82.38324834009559
6494,950.996186859758,3254.014577152441,5.0,82.37800849046458
6495,1879.5968022720617,623.4691789349293,4.0,82.36689751023722
6496,854.0877036437531,2737.0965397731075,5.0,82.31412918662525
6497,2739.449128299497,2469.086257898054,6.0,82.30436486038988
6498,2775.573286724646,2580.6105830920674,4.0,82.29998742404919
6499,2495.00156858227,2338.0430163195133,5.0,82.27147395475501
6500,1004.2778766744946,3614.062539171867,4.0,82.24705314731068
6501,475.5584903920009,3000.4967707855812,4.0,82.22936071876265
6502,1245.9356066408582,3160.602660777597,5.0,82.21708594742556
6503,2767.573513976108,1928.538587906854,4.0,82.21052657874083
6504,130.95437320867424,2240.1221419444796,5.0,82.20676044739069
6505,1148.5697968455709,2693.407867482473,4.0,82.1706615720517
6506,1353.9389801478417,1561.0242565324763,5.0,82.1581697834089
6507,1717.872289526266,297.4885020975205,4.0,82.14379036449932
6508,2591.1261264179516,2380.4950764465366,5.0,82.12653159929337
6509,3639.90552632998,1434.3813548123408,5.0,82.05963946999381
6510,996.1273391093115,3435.761700118553,4.0,82.05527121897866
6511,2820.659686208734,3008.0091062927686,5.0,81.9943706540121
6512,3280.5354417270537,2281.542245999081,4.0,81.98588943834149
6513,1300.361383950458,3762.1413995987145,5.0,81.940911332932
6514,1376.549033083082,1319.9137924113406,6.0,81.93461826514888
6515,3111.5989101411706,903.5380878636231,4.0,81.93342771616928
6516,3377.403080510688,1351.0366844400182,5.0,81.91228093386378
6517,2444.4103602150935,3705.566436428481,4.0,81.9012620651916
6518,3083.6881751867886,2620.1151168156593,5.0,81.88966891118648
6519,3880.5080320973098,2561.5910936706123,4.0,81.87544391882906
6520,2081.5255968613424,3942.379067691877,4.0,81.86263049267578
6521,3282.4661197252735,900.3723720858139,4.0,81.838451512922
6522,2558.8574240789217,1083.371689752092,5.0,81.82254948434601
6523,2538.5579692927413,2207.4027127305676,4.0,81.80651900415845
6524,1580.535891897799,793.970578792697,4.0,81.78856226185299
6525,2243.2941947619975,2870.2864614794275,5.0,81.77610741593678
6526,2778.49499242348,3682.6295554420603,4.0,81.75421624325463
6527,2367.893628917403,748.9422896525233,5.0,81.71137582048688
6528,3634.686292831139,1682.9091795989016,5.0,81.6534395053277
6529,1592.543317184849,2875.8685627092646,5.0,81.65090712633845
6530,3280.558239673917,1613.376011454833,4.0,81.61384223863058
6531,171.56280361371915,2002.1174153122802,5.0,81.59761991282414
6532,1565.9028230969136,3268.6072798981963,5.0,81.57339360203858
6533,2772.566255796253,3379.429838311137,4.0,81.56394715017406
6534,3212.531550998652,1077.4239802973045,4.0,81.54163303594382
6535,3255.5587610067487,3558.9768351993816,6.0,81.49847528698155
6536,635.4824278164101,773.6171807150413,4.0,81.49289529110048
6537,3036.9387907570344,1112.3868379899168,5.0,81.4753581538501
6538,2285.5524646217395,3953.5885579099613,4.0,81.47014792678019
6539,290.3999315735032,1593.5049887667606,4.0,81.46569117889581
6540,3577.493116991247,1965.0460263053942,6.0,81.44544378371108
6541,3339.517572863204,3122.017366110987,6.0,81.43667261785406
6542,2704.0743238010637,2167.9471240575904,5.0,81.43041567824004
6543,1386.915627816558,893.0294698034144,5.0,81.4007152585641
6544,3093.402188529071,3544.526240469181,4.0,81.39962902257517
6545,1717.1015538385268,810.0211566955022,5.0,81.39949288268066
6546,2713.026862256894,2156.023756155735,5.0,81.39284595736505
6547,1712.6391752788293,2928.169173258828,5.0,81.3852588098607
6548,3327.0271846008322,1201.5221063470572,6.0,81.28184289287059
6549,1032.005813553542,414.30017407817974,5.0,81.25046410894852
6550,1638.4772234517175,1603.589236517387,4.0,81.24091648816956
6551,2074.6211342406045,3297.0905696125137,5.0,81.21205347123174
6552,2850.9670475971466,2537.0233047416277,5.0,81.20828644289452
6553,3065.1616870603875,963.3590186450386,5.0,81.19848498609439
6554,493.34576915392205,3156.8585793040015,5.0,81.08666153566537
6555,1024.336294035919,1481.8465444977894,5.0,81.08026894570192
6556,301.0312323226224,2311.921371108893,5.0,81.07933417822066
6557,2779.7697981404717,314.33292127279066,4.0,81.06662814377614
6558,249.2036833953652,1603.628740149111,5.0,81.0648548924893
6559,1484.5685346301882,619.5281054519969,4.0,81.06096805317475
6560,1691.4296156685336,859.3363748263602,4.0,81.03786013323135
6561,3190.561995374414,2167.504207312234,4.0,81.0290672372767
6562,138.47194364016747,2021.9463825787893,6.0,81.01619700971422
6563,1103.0823322823037,3350.6237316389534,5.0,81.01070007861253
6564,1247.4715007121897,2461.5573340282403,4.0,80.9961902805016
6565,2410.5265453572565,2396.402340097306,4.0,80.9914365307169
6566,2237.4541548248576,1499.4135292400078,4.0,80.98367745529515
6567,2891.385350396425,320.47535050473067,4.0,80.97938114443885
6568,1794.5636672095643,657.4357124554049,4.0,80.90445188317956
6569,2248.518607371202,616.4282851198344,4.0,80.89042845225039
6570,989.0958097476491,2183.6221800984576,5.0,80.88877513927184
6571,2860.0441004338813,3783.2565543025016,4.0,80.85865730356274
6572,3405.5711832651486,2071.4610548638802,4.0,80.82817803413465
6573,3041.011615124184,3446.4031846115186,5.0,80.81487581666504
6574,2722.6205213123276,1622.950504887404,5.0,80.78861843887796
6575,2791.553797187522,3688.4643225957757,4.0,80.75956222306502
6576,797.0297886665851,836.3242836841845,5.0,80.7203250632541
6577,751.6229490530661,1550.0952130578883,5.0,80.69620332035642
6578,3516.914484306546,2509.3664719266053,5.0,80.68210219039302
6579,206.35656934616847,1955.0634855953538,5.0,80.60299072474452
6580,1542.0571916941062,2608.8369540800436,5.0,80.58926692180303
6581,3583.035932421231,2738.9591933158913,5.0,80.56700472621164
6582,2524.0623021124734,2852.678816736392,4.0,80.56178285628546
6583,2265.509351104052,696.6635439674662,4.0,80.50151125769118
6584,3453.6507720020336,3396.5521964212344,4.0,80.4946940404308
6585,2304.162016620669,2901.6135643261514,5.0,80.46315491557213
6586,1310.4747429590448,2960.566542933529,4.0,80.46308067133135
6587,3522.657283969702,855.939647953942,4.0,80.45831698249958
6588,1504.638068636081,1077.1716968729554,5.0,80.4409384064427
6589,1412.8315732090734,2488.5958022475484,5.0,80.42304384873015
6590,374.58676868919093,2410.5266947154755,4.0,80.39060115861625
6591,1141.401626771949,2322.9053891875183,5.0,80.3861277077655
6592,1040.501565896916,3356.5691079921667,4.0,80.36801587604171
6593,2620.6475309200378,3779.443538551612,4.0,80.33604048004423
6594,3080.492114527499,1339.5679356526805,4.0,80.32910032645994
6595,2139.561779985165,2901.465178986862,4.0,80.26351717821849
6596,1608.3968493267207,585.5992598150098,4.0,80.26304314333657
6597,1675.1927157453504,3714.028140126448,5.0,80.24489221841367
6598,2715.382246123114,2805.9994195518093,4.0,80.23795448048773
6599,2455.422694122175,3077.3720455588596,4.0,80.1965440942335
6600,2864.4748303460437,413.53611855816547,4.0,80.18943350403809
6601,724.3850239797495,3407.5674815280927,4.0,80.16813169269193
6602,2552.377629691073,3004.4621887864405,4.0,80.13960402784775
6603,3170.3897975431028,1310.0583801590788,5.0,80.13106116073939
6604,1329.572343223768,1842.5269401192318,4.0,80.09285289165538
6605,746.6082277841073,2349.113902135836,5.0,80.06451005354333
6606,750.5816558403966,2002.6318628064762,4.0,80.03798002418145
6607,1383.3698979184041,1985.523483821085,4.0,80.03083018846633
6608,1134.483363423247,1134.6629201574897,4.0,80.0091363655284
6609,1137.3758280168652,2862.9440512207184,5.0,79.98089885100543
6610,973.5371871464971,2123.5751615743757,4.0,79.97860669176802
6611,2498.6634096317634,3131.9466990342235,4.0,79.97690625548492
6612,2661.588525316979,1834.5959090994832,4.0,79.95759028190568
6613,2678.3479460573944,1360.9422865728807,5.0,79.9502345006899
6614,3860.2626288840693,2150.818723490306,5.0,79.94965474973736
6615,2397.5295473046795,1511.566182556942,4.0,79.91996070571813
6616,1836.551033841963,1184.6678930320454,4.0,79.88327587143607
6617,54.87650307220909,2090.566610886183,5.0,79.85435355724981
6618,3921.3477435174473,1690.5966817028395,4.0,79.85001123637059
6619,1180.3645539838617,2151.4685716691197,4.0,79.79472804611743
6620,1915.503423469033,3703.5676924718673,4.0,79.76456211394678
6621,959.3978841277294,3401.5181004515875,4.0,79.75604263467277
6622,435.46900207756363,2915.427145075321,4.0,79.74000684333961
6623,3119.4677590052293,3765.6022589354493,4.0,79.73306842213306
6624,859.488399186972,1341.6369917889447,4.0,79.69590965620111
6625,166.70185002716636,2408.8526226157296,5.0,79.67181495896519
6626,465.418421780556,2011.4086366162635,4.0,79.65894245518713
6627,399.37653845495595,1331.0533411979857,4.0,79.6326975911208
6628,696.9978761903033,1579.7238321538018,4.0,79.62943328416969
6629,876.4734818166393,2622.4414550184238,4.0,79.61021877540367
6630,3564.6235686393356,1502.5401669630887,4.0,79.60143766268374
6631,418.25956720331226,1390.044610931008,4.0,79.55969549970293
6632,3866.631203133298,2922.6119438476494,4.0,79.5575415959462
6633,2223.3748258447804,4016.5688151242753,4.0,79.53003548022915
6634,3037.3506394246583,2323.494583912873,4.0,79.4804241286188
6635,3506.7068882667945,1873.0785329413372,4.0,79.47597587142178
6636,3152.6236231975017,2153.557924394099,4.0,79.46167807465532
6637,768.0253378873714,2375.322223041905,4.0,79.46018929745988
6638,3387.4778488732463,1160.384766035484,4.0,79.459778712938
6639,1450.5820809685529,3083.5774358360495,4.0,79.45903545620584
6640,2913.9028503121804,914.6193579509969,5.0,79.43713880898996
6641,1715.300842062853,2374.939435881545,4.0,79.43000813714785
6642,2505.0880398666495,3656.2599502438334,4.0,79.41850006475188
6643,2785.4897387494025,3749.0948179237457,4.0,79.39890730217303
6644,3652.478704155213,1357.5807480746,4.0,79.36899864317022
6645,1757.1037220925161,3305.459119847414,6.0,79.36444046922075
6646,2176.521093515939,3326.544154096854,4.0,79.35993227128866
6647,3714.610568545533,2661.5618979884453,4.0,79.35610635420531
6648,1513.364744448354,3022.5667723187908,4.0,79.3489137154922
6649,1530.598638192973,1918.8528562584308,5.0,79.29608651739227
6650,424.4620401231741,2612.9789453050157,6.0,79.26813192116035
6651,1284.047080181848,3483.672221209011,4.0,79.23906862053673
6652,2593.5036075287862,3070.481882833071,4.0,79.2376908885918
6653,1863.1074206909113,3045.3986669771693,5.0,79.23581959911354
6654,2649.5769888255795,2932.830636221802,5.0,79.2151968710971
6655,2675.4468223161625,1783.5950373578828,4.0,79.21448986454308
6656,2491.3211994578237,552.5107727396634,4.0,79.20129569990303
6657,1783.5000473593675,3668.3331099985953,4.0,79.19703077889365
6658,2962.522916169166,1791.8843809273035,5.0,79.1601579952564
6659,307.51540985791297,2284.6159686978745,4.0,79.13694957251025
6660,2923.170818579075,1809.421103425933,5.0,79.13681070807554
6661,537.4945420297942,1482.546068628357,4.0,79.13033869030107
6662,102.04205292916137,1899.339749372811,4.0,79.12205077036191
6663,1631.6265243386797,635.502238613737,4.0,79.1089095123944
6664,3177.1486726537564,630.5968011856152,5.0,79.10794946052587
6665,1239.9502024591407,1674.9798829311394,5.0,79.03366995665066
6666,2933.5285269807714,3622.4362754640615,4.0,79.01896542500793
6667,1491.9147318494959,3609.312457345426,4.0,79.0182345958137
6668,1329.4177624497233,2621.5449444086958,4.0,78.99814431731625
6669,1124.8989015586292,1400.0358049044673,5.0,78.97815165211054
6670,2577.6175480198713,2160.5131892912304,4.0,78.97156274027108
6671,2478.0809845816293,478.5593514882157,6.0,78.95249084333236
6672,2229.494848038176,3840.512894862134,4.0,78.9355732317984
6673,2932.0674280818225,2484.39543418773,6.0,78.89548235561163
6674,2808.4717715151355,2624.403870729707,4.0,78.8818398508088
6675,1413.3900492466362,412.55149439111796,4.0,78.86488472005365
6676,1995.9943802232415,1098.7655408090507,4.0,78.84943760039226
6677,3620.4217599642143,2378.382490014647,4.0,78.83001306416041
6678,2528.4404169870477,2534.6553846485367,4.0,78.81584181178329
6679,3507.0102973302996,1305.8793589790548,5.0,78.78147601377833
6680,2130.58189638029,1609.0141930146317,4.0,78.75947940978693
6681,1255.474584555474,3591.309902882938,4.0,78.74983872534636
6682,1019.3343471286787,518.4062203331443,4.0,78.69871427010682
6683,1602.5666955241256,3257.451869756625,4.0,78.68884129372877
6684,3222.714154165188,1634.0476935737615,4.0,78.68820256491574
6685,3568.506510677339,2960.485136198345,4.0,78.67122370873051
6686,2528.0925524198415,2874.966096039243,5.0,78.6621674477261
6687,959.9877388556706,2981.294774329551,4.0,78.63572721252214
6688,1159.3998412563908,2622.616258602678,4.0,78.61100062279996
6689,1463.6119807619937,3848.5943662957143,4.0,78.60643629352842
6690,3630.3662756537074,1247.028992932097,4.0,78.53815743568205
6691,2496.5976119939523,743.4319845479571,4.0,78.51475198437382
6692,2114.9845432399525,567.5253623500772,6.0,78.4926953448344
6693,1265.3556559146605,3366.9484762680386,4.0,78.48577865597731
6694,2809.4322474266423,1057.5521584521944,4.0,78.47973642741377
6695,3126.141196408328,2259.0672941464413,4.0,78.47962189649816
6696,3593.372375590129,1572.5887433413775,4.0,78.4756678192779
6697,1006.5285299784956,2533.6833784349824,4.0,78.47170630838701
6698,1960.5456166661613,3017.386380976301,4.0,78.46103183208749
6699,492.9314609688216,1632.642856941883,4.0,78.44627464882605
6700,3919.1092513502167,1521.98019066724,5.0,78.44552849420579
6701,3231.0494636751714,561.2415653663938,4.0,78.43984118078797
6702,2904.4045008723397,1478.5785972706192,4.0,78.43300480130524
6703,625.0973252592736,2830.675827193177,4.0,78.42217864880467
6704,946.4931871713524,2101.4708970540005,4.0,78.42206919345941
6705,548.6018342317124,994.6128262688014,4.0,78.4100463964346
6706,2659.557104251362,3650.478686645851,4.0,78.3998183263732
6707,3892.384514708317,1251.1558668989323,5.0,78.39922214486558
6708,2115.961613489676,3584.744088391713,4.0,78.36437556814963
6709,3064.4163341774997,3698.00455682015,5.0,78.36388669669928
6710,3870.107150641711,2541.6494095505805,5.0,78.34110205550593
6711,1193.3789743610266,2698.432072616116,4.0,78.33481516243609
6712,2029.607454689258,3124.445257049019,4.0,78.32705932813066
6713,3290.2677723913434,751.1383060207594,5.0,78.32673869139607
6714,2812.358602101491,3064.457705057967,4.0,78.31523715564889
6715,2926.588224765534,1681.6295179481776,4.0,78.280436958824
6716,3322.3508428819173,2644.106684098093,5.0,78.25921912216243
6717,1410.0940860978037,1900.568500739963,5.0,78.25625816978749
6718,674.1314068843095,1425.6673880945743,4.0,78.24683428576515
6719,424.39226779435495,1599.097072637069,5.0,78.23191354486582
6720,1687.0104311247767,811.6738659731482,4.0,78.22497783530227
6721,2834.407079677511,3010.505029670875,4.0,78.21126785148485
6722,3141.008093158038,3609.930150206316,5.0,78.17691194088582
6723,867.4440554795189,3585.059037623625,5.0,78.16445278211886
6724,781.6285624513893,3331.608047805409,4.0,78.13589792890468
6725,3389.316549466602,3374.9372000194267,4.0,78.11187498282895
6726,3510.6638895475876,1567.9968627559806,4.0,78.1031841851369
6727,1137.9105894048207,3112.6016689425574,5.0,78.1015365659499
6728,2308.5791083544755,3490.481126637686,4.0,78.04958638683804
6729,2243.528094610129,490.68055457986554,4.0,78.02145957054933
6730,1651.486051687273,3557.283394253616,4.0,78.01785393415115
6731,3835.3429157869264,2845.5650132902147,4.0,78.00738674155902
6732,2425.5350684378973,1751.3685473379971,4.0,77.99264884098746
6733,2076.6256456078063,2894.617230263068,4.0,77.96918939908714
6734,1192.4768373925199,2554.5609397883704,4.0,77.96052692461203
6735,1072.3039238468975,1608.603030676971,4.0,77.9590581007587
6736,3124.5391614768414,3679.411304944689,4.0,77.95246492844196
6737,1640.9681047954255,3928.0030782567233,5.0,77.92446552303285
6738,737.5172362657479,1171.5008239303327,4.0,77.92169371787003
6739,2368.443211697694,1772.3559552196575,4.0,77.9140589439296
6740,2735.612538724093,1844.401281540361,4.0,77.90522471213531
6741,1549.3899694438112,3186.5271912056623,4.0,77.89932473983816
6742,3343.963487075369,1321.6492129924197,4.0,77.89366826966464
6743,1377.587896128257,1367.5269301252158,4.0,77.87644974669482
6744,838.5794880464211,1800.522329860602,4.0,77.82980326307768
6745,1802.4529375106995,714.3452449966462,4.0,77.82262140385762
6746,1611.4910803986868,3625.495972214837,4.0,77.8137641837958
6747,3363.466678547741,1842.6001982769064,4.0,77.80230455298157
6748,3705.203263368105,1228.3393492287346,5.0,77.7693146231787
6749,2049.6412266669163,351.9548991787723,4.0,77.7646119088629
6750,2440.230437153073,967.6242065084913,5.0,77.74581424731424
6751,1018.4802367674315,850.4401279070975,4.0,77.7398747346226
6752,4010.722079136937,2382.9732568384907,4.0,77.73935095459724
6753,2742.608522555155,2539.952071696465,4.0,77.70885086400507
6754,3542.5513734629885,1851.5162826212868,4.0,77.69955509071158
6755,580.664408910015,3219.469900905795,4.0,77.6884518999872
6756,2651.1135307598333,1426.3173848866527,5.0,77.68511812639669
6757,1765.0737130147363,3143.6953872069885,4.0,77.65240301731352
6758,1093.3952452749384,2401.9929931457345,4.0,77.61831785282027
6759,884.4534194732133,3065.5920326641844,4.0,77.60930688765464
6760,3369.5984346898654,3102.074420839654,5.0,77.60771191007217
6761,3189.4592537859194,1399.560196862672,4.0,77.60398792495444
6762,2006.5656414360471,3116.5739853407017,4.0,77.59152377658518
6763,1679.4890152017404,3813.655755171126,4.0,77.58506489626069
6764,3454.48219956656,1298.6412961304995,4.0,77.52268287373246
6765,639.5537013734137,1808.5268410006,4.0,77.49848218600425
6766,2904.4575214160004,2502.4050231359934,4.0,77.48452719626363
6767,3490.5234154585037,1221.4136408512234,4.0,77.47949199747137
6768,833.4406047384352,1717.564364674275,4.0,77.47609774690358
6769,969.7325786920179,2697.914789367018,4.0,77.42621217773323
6770,2539.5643120000727,2914.60255344985,4.0,77.40343622757895
6771,1227.3642091243187,1975.9915872636334,4.0,77.36283241541022
6772,3849.704766288105,1228.9234122751761,4.0,77.32676748973326
6773,2067.915571977528,804.3033427888187,4.0,77.30428544366147
6774,2336.515638437708,277.4552557573778,4.0,77.2870737134088
6775,2698.335908461601,2778.429384981697,4.0,77.28371471060446
6776,1070.5350295628675,2553.570604901984,4.0,77.28032533934427
6777,656.6633819846408,2646.5527607168065,4.0,77.27818231077646
6778,236.35007884855438,1801.4935944092954,4.0,77.27280120815391
6779,1036.4745530547013,3199.374672802417,4.0,77.26086721098656
6780,1735.3800611603774,538.4008903547625,4.0,77.26018966561892
6781,3514.938072830683,2973.385074631201,5.0,77.24604038859432
6782,3759.553841571448,1501.4162142024504,4.0,77.23720570883893
6783,3141.470080303137,2984.3709438594196,4.0,77.2244934143641
6784,2732.5368330443757,1593.6118885427525,4.0,77.2087108159036
6785,4066.384370374805,2246.864741928394,5.0,77.20471351922521
6786,2767.026216585542,1464.6021399626097,6.0,77.18113671763965
6787,2739.3802829264732,3135.4441979886456,4.0,77.16070280269054
6788,1660.403283002793,107.47508233168006,4.0,77.14667032141745
6789,2317.4264381683934,107.67124322832417,4.0,77.13467150911515
6790,2119.896037215192,3570.434594017269,6.0,77.10880511645342
6791,3788.349097414979,1025.4621200536965,4.0,77.08989267157244
6792,1912.3674209261035,1396.356681141642,4.0,77.08715919229377
6793,1595.5803479758542,2816.392064822668,4.0,77.08562455288245
6794,1028.0050801027069,383.7438465208004,4.0,77.07640873771484
6795,592.421833545624,1261.4785884534556,4.0,77.04583936691913
6796,2775.485037140994,1428.7115196310954,4.0,77.03268796314224
6797,2056.925493109774,4027.813889546488,4.0,77.0301706081596
6798,3633.5345205378794,1267.542711616071,4.0,77.02338585186999
6799,3422.574719452155,3290.532362194048,4.0,77.01323984226153
6800,3004.6131495639556,595.597092560052,4.0,77.00110037724065
6801,3944.2631030873936,2324.9102579557175,4.0,76.994751654213
6802,3161.6129840136146,3108.4615472137043,4.0,76.986970191664
6803,588.5914343648502,1018.565218982863,4.0,76.97169903236352
6804,323.19538733824544,3033.9422744275385,4.0,76.95680281665513
6805,1219.372138768618,3741.464216420966,4.0,76.85529316678884
6806,2977.086570910118,1627.287808915948,4.0,76.84370634166741
6807,1679.515431259901,1530.4315153000348,4.0,76.82506486461189
6808,3633.6547981861695,1555.5837506534128,4.0,76.81242202241746
6809,940.9952219769738,2897.3880266651054,5.0,76.79991274401551
6810,499.49689459304807,3041.435307983712,4.0,76.79348284157804
6811,2782.394057796684,926.6634883540864,4.0,76.78215186716827
6812,3783.049211779938,1121.7266123649063,4.0,76.77765750680585
6813,2778.844897274658,1487.4221991916686,5.0,76.7678491809309
6814,437.51446624876394,2514.5396901880868,4.0,76.75255903425415
6815,2564.6355774010926,199.49294809346816,4.0,76.74526570341737
6816,3637.461520798985,921.6863890294754,4.0,76.73741790254728
6817,3049.6165407829744,2526.4066539050013,4.0,76.71934117426778
6818,2345.4823992922607,2514.7158703595637,4.0,76.7158003389184
6819,268.7083848279098,2482.573068274667,4.0,76.69471178438498
6820,3826.020630524883,1474.662589879807,4.0,76.67141998679804
6821,2444.645681921728,2322.4125230019736,4.0,76.63712909530689
6822,1407.3480124571822,3321.96927640998,4.0,76.6230040518552
6823,2237.0166424221056,2536.946770718406,3.0,76.5808416616026
6824,1924.6537702526011,3050.494616156534,4.0,76.57510783585568
6825,2498.122239336831,2091.3699540429925,5.0,76.5724115173735
6826,3082.676072251723,327.9972031198433,4.0,76.56868181890371
6827,2639.525214587518,2975.6216686354073,4.0,76.56490818098537
6828,1922.4418970768681,59.60269535301077,4.0,76.55879660886562
6829,2400.5808757521213,2968.3076876095893,4.0,76.54350020193381
6830,2664.500096591967,2724.4730026483735,4.0,76.52495040321122
6831,1330.0287741841416,1180.6457641090321,4.0,76.51074188287454
6832,2221.3907955516156,609.6424762951286,4.0,76.48712627589804
6833,1686.5732030552385,3397.702630529096,4.0,76.48470588125781
6834,1668.5018053696003,2637.6496076445806,4.0,76.48271450247435
6835,1839.4190563839736,3752.534914884525,4.0,76.48241392446155
6836,2315.648304305872,407.5063523889982,4.0,76.44969242086285
6837,622.0324403681967,2175.431509350829,5.0,76.44447562950752
6838,2904.629172386947,2745.003979919624,4.0,76.4217679536142
6839,967.9573436172117,3518.2908145463894,4.0,76.39451551279743
6840,3736.525226265453,1355.647043649877,4.0,76.39031098188819
6841,610.0829752208667,2469.728811906066,4.0,76.36826278613728
6842,765.6032829850204,721.5461533652448,4.0,76.35624157393524
6843,3684.3354459769394,2851.404239965295,4.0,76.35541341742638
6844,143.84831050631044,1756.39660642528,5.0,76.34996605505555
6845,2384.627832541765,2643.4137095211227,4.0,76.3403386815197
6846,648.4157970030799,2720.5211982423657,4.0,76.30788591871553
6847,2544.6097680176,2163.6502601820685,5.0,76.299315899871
6848,1747.5423418640894,823.5757342891578,4.0,76.29617282809035
6849,2509.066347343763,725.3419247593334,4.0,76.2840690462123
6850,1663.5872500634453,3514.685268971444,4.0,76.27685154815873
6851,2454.942583306007,2907.7896138046517,4.0,76.26752651429022
6852,3001.043997891011,3837.2340979904175,4.0,76.26078551579381
6853,444.69390237988677,1661.6247586801735,4.0,76.25603476591168
6854,3263.258028979563,2230.4695814778956,4.0,76.23413210689867
6855,828.7228889215789,2817.9842162848677,4.0,76.2074352168853
6856,1717.4890128391762,3680.3618464939573,4.0,76.18827840041715
6857,2872.704195917325,2652.5527466639865,4.0,76.1881751512013
6858,3721.6237471234517,3069.397547454809,4.0,76.17097629354151
6859,1294.6551626926032,2410.4885311108656,4.0,76.16478955196862
6860,1785.8773950340583,3767.7769524140435,4.0,76.157198137788
6861,1050.4314576829424,1194.372902671382,4.0,76.14965853732471
6862,3912.7195587654983,1434.9698191853056,4.0,76.14326677368824
6863,1611.6947386308937,2299.639921408546,4.0,76.12812788822592
6864,3438.5435843423506,2289.3783232822752,4.0,76.11770828833531
6865,3671.6726837162473,2438.5575743829245,4.0,76.1008158414958
6866,2092.459869960359,3005.4427308176837,4.0,76.09469669423197
6867,2797.0030528559437,616.1908706511052,4.0,76.065186346394
6868,429.5228447278953,927.5675189952938,4.0,76.0550362117862
6869,2967.61469462158,757.4328759045959,4.0,76.04413809376945
6870,3195.423678355221,1189.3408489354122,4.0,76.04305632215332
6871,2235.543127574798,973.7036144487901,4.0,76.02850215665298
6872,2926.419263612583,2341.544715309768,4.0,76.01338709005341
6873,2498.5845143786196,1209.3733118399364,4.0,76.01251759835887
6874,3912.3911426741033,2064.5990503111266,4.0,76.01098545281559
6875,773.5204947102125,1999.4701371438766,4.0,76.0025961700858
6876,3527.654664419332,3298.404348664131,4.0,75.97622099086504
6877,2844.0234280429704,1301.361997500151,4.0,75.97325247320295
6878,712.6710138235007,1863.9834532417315,4.0,75.97078630715606
6879,2486.0036185297427,2523.598465570721,4.0,75.88103576570336
6880,1200.6310109532226,637.4675898233793,4.0,75.87923638441382
6881,1139.6870032416862,2755.9193747990194,5.0,75.87267793489545
6882,1477.714955569541,3614.95841760311,4.0,75.86776418672227
6883,948.975169507374,2286.3119241561144,4.0,75.85481085457293
6884,155.3855422923197,1808.4238430656048,4.0,75.83101607605123
6885,1374.3493676172432,1513.4209820464184,4.0,75.82605083734265
6886,3476.579099176241,2198.584427688487,4.0,75.81671579557698
6887,2751.609979765101,3373.516079105003,4.0,75.8097150253303
6888,3441.4351747333685,3036.399664648709,4.0,75.8057166507219
6889,1175.375171080824,355.02781861744313,4.0,75.801292865672
6890,1297.7082975555743,2991.4400086364153,4.0,75.78897086948237
6891,1445.341231041364,3267.5375705411793,4.0,75.77176630994518
6892,984.5657053390275,1893.6539108398003,4.0,75.77100558315593
6893,3331.673444464613,967.0124105202186,4.0,75.7704085143309
6894,1143.242699229085,2009.9453573582412,4.0,75.7402838838608
6895,3706.4317374901593,1130.4550185723785,4.0,75.72878904542934
6896,1901.5977891679408,3522.6792208612424,4.0,75.70419987246336
6897,1919.0182078182268,3293.322676298291,4.0,75.70162409277548
6898,3415.5162093663444,830.6989465599293,4.0,75.69093824691028
6899,1339.0168858655836,1871.629005030543,4.0,75.67463469348311
6900,2315.45397394706,3504.492750024895,4.0,75.66838766332933
6901,4082.1589828098413,2215.4872071472087,4.0,75.66550506359206
6902,3229.000805289078,1524.2888830434224,5.0,75.64860445696769
6903,3415.662012301835,1414.5410384911786,4.0,75.63903777994344
6904,1311.7440293339605,773.9694073039277,4.0,75.62982684246694
6905,2810.3291673776844,1578.430691018001,4.0,75.61217908932147
6906,1832.5566864820062,3408.493150960121,4.0,75.59724851450352
6907,714.3316532381114,777.6165860732759,4.0,75.58855514168528
6908,1269.0115145139775,3501.3254296771597,4.0,75.56714437989619
6909,3691.465656394781,1207.616552924208,4.0,75.55761925629682
6910,2808.5634400701833,1202.402321155209,4.0,75.54102262784389
6911,2005.5117205097417,1172.3922202810004,4.0,75.53532370761877
6912,1021.2548035880554,3623.055696262531,4.0,75.52039583004752
6913,2763.7496869089164,2108.121116975259,4.0,75.51765298778832
6914,3821.5345935123714,1917.519222153475,4.0,75.50796212614756
6915,3438.413540337208,2980.0731051056755,4.0,75.4952040671905
6916,318.3895407858188,1762.4551171695089,4.0,75.4675858277426
6917,2312.5419290919463,1584.433127592738,4.0,75.46540173601
6918,2625.565774306545,3911.4305348579924,4.0,75.40810555047663
6919,3432.422527605428,2605.4388196516306,4.0,75.39208097404912
6920,442.5747383464279,1828.636562304523,4.0,75.39092304088749
6921,2535.048828003081,3431.7625300255927,4.0,75.36945780392222
6922,3044.5074396367263,648.3052942526208,4.0,75.36676574570913
6923,1295.4099110932955,3549.493457145669,4.0,75.360514011991
6924,1593.3296539059675,3850.5899371908995,4.0,75.31965412362857
6925,2677.598926945152,2745.3882281850238,4.0,75.31807351219734
6926,552.6972516287988,2274.098068005262,4.0,75.31354557439755
6927,1724.9197026723166,3938.2331532959824,4.0,75.28832062785875
6928,2515.6295190534743,2922.466954827135,4.0,75.26454489626877
6929,1512.2921906163288,1786.0277126475396,4.0,75.25909362854303
6930,1454.6764981856295,2294.3369344700927,4.0,75.25392904950272
6931,3472.633377881231,1658.502942700764,4.0,75.25067754091893
6932,1905.4929609242022,2949.6410467904666,4.0,75.24921501716292
6933,2609.4820908302167,2874.4518256950882,4.0,75.24137447734135
6934,1591.4956925957813,3811.4675109622917,4.0,75.23077935926015
6935,3137.3331529622733,1165.3546423339867,4.0,75.19182942256248
6936,1942.0246388058958,3961.610833274307,4.0,75.18161664505222
6937,2604.402608468054,1456.3530870271145,4.0,75.16980802866443
6938,2997.6399245728444,1104.9806253826619,4.0,75.15197261875377
6939,1030.5676794148828,3714.377160518004,4.0,75.12583442741327
6940,1699.3452709989285,3276.43045981126,4.0,75.10187978946155
6941,2064.0871078052915,3050.233789029493,4.0,75.0896428162541
6942,1803.4340477896549,278.2545803169421,4.0,75.07499747076491
6943,555.5512486445613,1972.5774163316844,4.0,75.07486218251526
6944,2168.6195199843883,4009.4984563083967,4.0,75.05826365651743
6945,1818.898779412643,399.73933785878484,4.0,75.03719778705846
6946,3193.5400645082827,2793.682372384853,4.0,75.01842867538542
6947,1951.4044009038557,3924.456439271356,4.0,75.00206231823952
6948,1407.7691355375805,393.9275915604696,4.0,74.99424131732472
6949,1497.0537817952825,370.27695490193474,4.0,74.98684705919445
6950,3205.348588973684,1496.6322639397356,4.0,74.95483852272962
6951,705.5442879578333,1371.392076165019,4.0,74.95323197574447
6952,1176.4172595154967,763.4500353719924,4.0,74.94755493902242
6953,1199.5534841059173,1118.593171179066,4.0,74.90567132950514
6954,3072.7486009123286,1507.621710862411,3.0,74.88991701945184
6955,537.5147516820305,1026.3852754958084,4.0,74.86000399060609
6956,2328.99107763222,3697.2993636126084,4.0,74.85106715948413
6957,2601.0032016929495,3879.7393633278807,4.0,74.8468642831159
6958,3498.03058730272,1922.7378592320497,4.0,74.81037794675547
6959,2257.0195533663336,4021.1888946203762,4.0,74.80317601818555
6960,999.4995969273842,1979.4587254499081,4.0,74.78137807013796
6961,1741.488948991618,3859.3800951465055,4.0,74.7799068200462
6962,2829.476049127088,3461.3708982955086,4.0,74.72722666681535
6963,3131.4978056170407,3544.483008427061,4.0,74.71639923198012
6964,1874.5921590558369,3817.5700429640265,4.0,74.71554352100821
6965,2970.5755107624623,3836.449510981274,4.0,74.71548149412573
6966,2957.570609515498,2453.4710341197474,4.0,74.70725132066663
6967,1744.0008208557392,3588.5936198133445,4.0,74.70217897855116
6968,3690.2888519969797,2189.5320641354124,4.0,74.7010832753988
6969,790.3570110874448,3268.3340162826935,4.0,74.6962495365093
6970,438.254598570336,1999.0288055591077,4.0,74.64842733856112
6971,1023.7791345191989,2188.9952739942946,4.0,74.64778775566033
6972,1704.3545650034148,159.42881759480537,4.0,74.61802525141198
6973,1031.9904347979034,3334.3789492924134,4.0,74.59709077037398
6974,3845.395619061553,2564.6611620286158,4.0,74.58368841907433
6975,1036.391887577244,3471.5280016093393,4.0,74.5834815867725
6976,1659.5175869004327,3955.578636865024,4.0,74.58270595864575
6977,556.7215777232954,2519.3937974887012,4.0,74.58086564936252
6978,1639.6989039629366,910.5360038634084,4.0,74.57974489068312
6979,2184.348619040695,942.5006059879458,4.0,74.57131918945603
6980,2697.539816297794,3159.3168565577685,4.0,74.54965760971186
6981,1820.2878318142707,2564.526232765251,4.0,74.54534652832706
6982,1614.3002246059204,1516.0125960233386,4.0,74.54008795861311
6983,3605.502583170255,1453.697100058832,4.0,74.53634727548564
6984,2990.5267498777657,3793.49444474715,4.0,74.53539215351104
6985,1290.6711891761722,726.3519062183796,4.0,74.53386732967594
6986,3188.9306230436855,2911.2970418256814,4.0,74.52433474076688
6987,2164.471735787851,110.65409919927774,4.0,74.5232239780371
6988,2570.5680579269074,3954.564888243893,4.0,74.51059720217744
6989,2977.4206331719306,2427.533721786402,4.0,74.50481266358587
6990,3467.5623494504393,2320.5704652829977,4.0,74.4524545473538
6991,3562.170249595326,3220.9242115744464,4.0,74.45146031461843
6992,1410.9939384557244,959.305493647422,4.0,74.45037236853592
6993,2940.407027153285,2064.3901071167948,4.0,74.44432301487554
6994,217.4815401539073,2422.3525888497506,4.0,74.44248530464438
6995,2082.369561553066,1318.4485375636502,4.0,74.40466771641432
6996,2504.566815138888,266.2533807427503,4.0,74.40031987904256
6997,1948.451164595211,341.4707373667648,4.0,74.39740212056263
6998,1553.6270747686692,1353.5883065329351,4.0,74.37323609966455
6999,1442.5919529737187,1737.3625949258287,4.0,74.3508800751548
7000,2059.2619990075927,3129.015320740175,4.0,74.34874017757879
7001,934.3063579828938,568.4742168967587,4.0,74.33992196899442
7002,2932.592181126707,1777.576798990578,4.0,74.3309880831405
7003,3455.635253869837,1510.4402826469843,4.0,74.31314932975353
7004,3430.572228640925,3038.4154402134736,4.0,74.31093388780648
7005,877.421952166968,2557.2961079120755,4.0,74.3098178539247
7006,542.4182733899509,2679.6875810566567,4.0,74.30403375312173
7007,2890.5731843499307,2333.5985665910607,4.0,74.28346773075367
7008,866.4712376502349,3503.590781064692,4.0,74.26538163804778
7009,3199.449201923582,2177.438831275397,4.0,74.24609078102318
7010,382.5233708095912,1653.6472597049437,4.0,74.24577598654729
7011,967.4235981337519,3139.4018459396843,4.0,74.24325136200571
7012,2481.3939105590925,3936.572979304743,4.0,74.23757990347585
7013,3731.3789411211933,2134.4708272608646,4.0,74.23456701348232
7014,2747.5318448358075,1561.694082618034,4.0,74.23037135102115
7015,2220.6707196402235,3811.390339939115,4.0,74.21944183209189
7016,2498.6073867022387,3294.4858708483557,4.0,74.21794087373931
7017,315.3152094352532,2728.5934672266862,4.0,74.20763129559796
7018,2170.417314450448,4004.623349731662,4.0,74.20370054701364
7019,1085.962763080877,2848.7173381739385,4.0,74.19222468650067
7020,3253.342305658277,2965.0002230595665,4.0,74.18827050609127
7021,471.50615481797325,1510.5954046070437,4.0,74.18382438053321
7022,2068.0333529349705,751.3521591863151,4.0,74.18038496365227
7023,1133.9622979173919,1128.717224104406,4.0,74.15407114247996
7024,2591.505484827965,559.5358714276773,4.0,74.12109088025755
7025,2056.563353379808,3801.7333381816115,4.0,74.0545932290814
7026,2754.5515492290842,651.4954923123634,4.0,74.03049741634655
7027,2214.4716923378337,1398.5311810106427,4.0,74.02974639548817
7028,1039.2978191332923,3619.0447799128992,4.0,73.9938151142438
7029,2527.5264841568537,1101.7065434291276,4.0,73.98761864558536
7030,3636.3130063267913,2357.61270972616,4.0,73.98658928162395
7031,2396.7170978148297,918.525574863008,4.0,73.97226825698911
7032,2499.2604817327056,2596.925583524075,4.0,73.96833100268238
7033,1271.3909926870153,322.5968482117824,4.0,73.95519494001805
7034,433.7090117065021,942.9575991597352,4.0,73.93853785354383
7035,1655.7051806250597,2762.5198507724435,4.0,73.93482717240276
7036,1559.1005222552744,2334.231130008707,5.0,73.92165189219345
7037,1096.516012950799,1645.7057700082485,4.0,73.91843045347122
7038,3111.471435197653,3356.254543187691,4.0,73.91787827248491
7039,2480.3570427982686,2601.1439880374046,5.0,73.85647215980829
7040,3115.4591865942693,3354.6856506192053,4.0,73.83647642828257
7041,405.5844006991485,2135.467651295664,4.0,73.83599213432304
7042,1490.8765791593905,202.36661402185968,4.0,73.81597638086464
7043,2758.020425463845,3550.334047132723,4.0,73.81565767078044
7044,919.5022894190057,1333.451292811697,4.0,73.81458694846809
7045,3302.5427343735214,2556.6980771991107,4.0,73.81394753670092
7046,3713.3858948843645,1986.4372808846158,4.0,73.78781647516911
7047,1275.6505200385516,2861.4017443639486,4.0,73.78564091154786
7048,1995.5813180498885,4016.571375266071,4.0,73.77020930280757
7049,3300.483264862887,1255.3314795951294,4.0,73.75808344433082
7050,1910.2871595968093,254.05053932591164,4.0,73.74797477230554
7051,2535.553909770731,185.39659735614254,4.0,73.73829223514227
7052,3385.547925220912,2019.528974395129,4.0,73.71111406393598
7053,3415.6414241838893,1269.5148931351268,4.0,73.70742596111891
7054,3425.3992394058387,800.3916879251783,4.0,73.70449713974483
7055,3277.950254365408,3191.274899831611,4.0,73.70113885970048
7056,2543.3805619248383,3264.5062520731913,4.0,73.69085500768881
7057,1446.6589378496112,1341.5190916184076,4.0,73.69084300168979
7058,3235.697849100565,1829.9782120138339,4.0,73.68134093711126
7059,3256.5163793376955,3072.5767882764117,3.0,73.66039630154062
7060,2395.9840324510437,1630.2856853030437,4.0,73.63791087872481
7061,675.0235046794677,2583.315690032264,4.0,73.62311857341143
7062,2667.60923416693,2659.527311572035,4.0,73.6155195120625
7063,3043.405468619961,3719.5332050617003,4.0,73.60845644688648
7064,1858.4735829661884,1224.460250720108,4.0,73.60283932923065
7065,405.52624733451,1564.6760734458937,3.0,73.59935787198742
7066,2712.5778009617216,1556.473712249134,4.0,73.57805457263427
7067,3409.2964722571683,3487.3306822614823,4.0,73.56817441004492
7068,2938.5473499091527,1175.6205102832716,4.0,73.5589272592098
7069,1224.634886454515,553.6183629280206,4.0,73.54730172637557
7070,735.2884373728607,2042.3917908795854,4.0,73.53746991491387
7071,2453.5265294464275,3535.6354026779436,4.0,73.52530983824597
7072,470.4356858791417,1172.4764060145133,4.0,73.52525418703546
7073,1498.6124565938649,1489.5192247628809,4.0,73.51833244353881
7074,3020.6207272249144,3225.3919926586877,4.0,73.51102764473582
7075,3179.7154009662486,3367.5476032775214,4.0,73.49004402932756
7076,847.4559492367725,3328.6094185676534,4.0,73.4797640204651
7077,1328.9993445672578,1408.3174421119802,4.0,73.47504339284582
7078,1272.4436014400612,253.4635594665715,4.0,73.4484102517701
7079,424.527157247227,2828.577841976624,4.0,73.41316376065711
7080,1490.6676897495029,298.5625298114715,3.0,73.41148625921642
7081,3543.3737120841074,1157.3806173783196,4.0,73.40389664527686
7082,1955.677605916478,1049.3905077791783,4.0,73.39849255525041
7083,2173.421461361301,3216.480043895945,4.0,73.39759820440662
7084,2435.5861723682588,374.3266215572491,4.0,73.39350605696644
7085,1008.3021558241128,2268.5535197196964,4.0,73.38648756035087
7086,2056.3018672890735,3689.527665109351,4.0,73.36173466321151
7087,2716.3649378066357,3817.5060576775345,4.0,73.33279451269047
7088,64.42325853480486,2049.4543099157668,4.0,73.3156037542425
7089,470.67666088594467,2274.4066540789086,4.0,73.31548173193202
7090,2876.5167445594275,469.3497020000899,4.0,73.2970315832795
7091,3572.296126784277,967.5055172567658,4.0,73.28789951935913
7092,3003.4194272735317,2592.419021249347,4.0,73.27906688337393
7093,2867.3832056856786,2466.6096291728845,3.0,73.2711525915129
7094,4004.5422958629847,1928.6543769503924,4.0,73.26593098162212
7095,1418.0497916052434,1108.3686066324938,4.0,73.24900961656876
7096,3632.454588086201,2014.4387189016588,4.0,73.23860233522916
7097,925.4899313968588,2721.3660235433076,4.0,73.22009118829249
7098,2906.64320833773,3212.3253187906466,4.0,73.218335436227
7099,2285.454272839326,2914.629841384147,4.0,73.21559446172277
7100,1289.9845564399095,241.3438757969578,4.0,73.20598424532747
7101,2537.3385186762457,3012.4972176991646,4.0,73.19663255346181
7102,1649.671091268521,3048.4653308362954,4.0,73.19007877577558
7103,3002.6688278752304,511.55800475801175,4.0,73.18701038776979
7104,1867.4226435146995,1020.3326805416339,4.0,73.17995865739287
7105,1799.0469282799952,1505.2397967106701,4.0,73.17575427209282
7106,2675.5522774427973,3673.684321399852,4.0,73.16157594419161
7107,2370.9963246245657,1564.4487479904756,4.0,73.15320275092415
7108,1366.0702157138303,2165.2343953909285,4.0,73.08865941363675
7109,1774.0004267556235,1355.2491720097814,4.0,73.07530239904374
7110,704.6085190494819,2345.645818396537,4.0,73.07307430052897
7111,3053.521187954556,2981.4105832192113,4.0,73.06067624912536
7112,1043.7712875947307,1792.0257948281644,4.0,73.04766876110295
7113,2656.45769252253,852.7124298976548,4.0,73.02612551708685
7114,1585.3453331607604,2631.638302190971,4.0,73.00729205914277
7115,2516.505954560579,1554.7429055200757,4.0,73.00402775476721
7116,1102.8539614266988,927.7266539043625,4.0,72.99426502661068
7117,2828.4731202816415,3691.5536723345695,4.0,72.98564297480442
7118,445.90772471029044,969.192688169552,4.0,72.98171889367931
7119,1140.4779698629372,1789.3493543059742,4.0,72.98167388880273
7120,2687.466198500623,3876.6227129742083,4.0,72.95681520612425
7121,2649.439265342782,660.4136250029493,4.0,72.93331248008333
7122,436.67299747869754,1356.7111030225162,3.0,72.89309435918554
7123,1177.4419296835697,2445.453136823902,4.0,72.89030687391647
7124,2867.556465206958,2619.612786045029,4.0,72.87296798145752
7125,2358.4253364723963,2485.5430416383206,4.0,72.8715836829591
7126,3080.1326394765633,3161.6161055966713,5.0,72.85298870926304
7127,2006.4024966244253,123.25046392051178,3.0,72.84931072410902
7128,1308.52222664975,3092.4514136876196,4.0,72.838692307307
7129,2360.591407919365,3359.4685836082695,4.0,72.83306165306436
7130,3088.5715311168838,1578.394431045386,4.0,72.81962250550419
7131,3021.650246547658,3835.347785816735,4.0,72.79174535673484
7132,2182.436431671004,462.63252897714705,4.0,72.73311705965902
7133,3469.5937200253034,2101.6559344972707,4.0,72.72502055809184
7134,2466.641522135391,982.5614113704371,4.0,72.71375734352243
7135,2184.6113575550617,2964.603705934372,4.0,72.70481437032203
7136,3219.5062645908756,1897.5677212777107,4.0,72.6944600455191
7137,3541.590464337384,880.5876227080566,4.0,72.68618348663855
7138,1635.0055196243018,2574.8262926017383,4.0,72.67263217360188
7139,3080.4992449939296,3518.604201039939,4.0,72.65090283141853
7140,921.6086803858238,3198.65997444596,3.0,72.6404111829299
7141,1093.3600807889702,2898.60017999318,4.0,72.6402735066511
7142,3197.6229452296056,1310.5129980354006,4.0,72.59296177963549
7143,1860.5072097199127,204.56440651351684,4.0,72.58256810922605
7144,3205.246815635956,2812.99303830685,4.0,72.58144749482875
7145,1612.3480013873796,3683.573727277293,4.0,72.57565843188115
7146,2505.4821808366873,3931.7064881565902,4.0,72.55713052606214
7147,3001.3156012612008,3385.6234071809604,4.0,72.54623350083163
7148,2056.449323888686,545.3218277299471,4.0,72.54473281950922
7149,1438.0216914115397,3770.740751250646,4.0,72.54209900595023
7150,1972.4560778613804,3861.657584687523,4.0,72.52977401955799
7151,1832.9879807321304,4006.621900304187,4.0,72.51861354382471
7152,3787.5026017742434,2700.602883531899,4.0,72.518106024946
7153,3764.8601108313837,2485.0955509192213,4.0,72.51690244158122
7154,360.4396312752118,1597.4635026545875,4.0,72.51108530607196
7155,3123.426711374896,3755.001575813653,4.0,72.50776822623776
7156,2813.74462362986,1824.9800635318543,4.0,72.50264080455987
7157,2347.3483068993414,3060.3313578961456,3.0,72.48927677454037
7158,3556.4039856889235,2710.667336004867,4.0,72.48841135608797
7159,2839.000186144881,1275.2471895131628,4.0,72.47636120591433
7160,1120.6427762967598,909.4757024214081,4.0,72.47158390652392
7161,1864.6834999375535,2465.718109215923,3.0,72.45237190253668
7162,2567.7082008467473,2049.3736634641105,4.0,72.4274104553407
7163,3791.7947831387787,1678.8500185068403,4.0,72.423385508738
7164,1265.435814792254,1879.636146234637,4.0,72.40606155849918
7165,1632.0026806617434,284.69928217258837,4.0,72.39731194055
7166,2381.4160137533872,343.36774568386386,4.0,72.38364279907819
7167,847.45475697826,3496.5098411105896,4.0,72.33760599692599
7168,3059.028244575567,1294.794159789274,4.0,72.31044546456151
7169,2931.619668029177,3244.6804705420514,4.0,72.29756633611042
7170,1907.5017558766713,2877.6531345379726,4.0,72.28524796588957
7171,3878.7440074938404,2012.4003737951778,4.0,72.27089400520796
7172,3467.5099336619846,2791.326827328974,4.0,72.23488026850704
7173,2774.6965960839552,3414.5223868993344,4.0,72.23077907141575
7174,444.54681717031383,1336.318707778456,4.0,72.2233231055244
7175,1814.5409461868574,532.5231658417948,4.0,72.21138699032275
7176,1823.5967571396807,2909.5208733304903,4.0,72.19620914295723
7177,2969.6045988214146,3314.5063566428717,4.0,72.1835939700189
7178,3747.579270101832,1765.681825425616,4.0,72.1228058014305
7179,2877.3543485402697,2457.309778205248,4.0,72.09692261428648
7180,2216.5355908078163,1452.3676635997913,4.0,72.05932502992397
7181,1353.458818536445,2535.547501825661,4.0,72.05039907212918
7182,2017.5220216432097,3004.3742977284273,4.0,72.04128899990128
7183,3093.4034346115445,2834.589275657139,4.0,72.02905760752029
7184,692.3212362403718,645.4819339969537,4.0,72.02428915555568
7185,1211.0499646809678,414.705834224877,4.0,72.02279596666015
7186,2507.0997212492352,2667.300804480669,4.0,71.9704166194218
7187,2331.490925875044,176.3056625158874,4.0,71.96079186493387
7188,1543.3472946166564,2083.5289739283694,4.0,71.95735379084016
7189,1020.3571059657412,2308.4807790057453,4.0,71.94687501717836
7190,3267.2555289405636,2274.3357653732196,3.0,71.9453703276423
7191,2566.671628144291,2567.480020306698,4.0,71.94231415566662
7192,2241.428550855625,2697.453982518098,4.0,71.91970589638396
7193,1994.6486076974234,1129.3867516151004,4.0,71.91412253692025
7194,2897.006220972329,3646.6453554267478,4.0,71.9084554521781
7195,694.5529142466509,2199.610369383559,4.0,71.90810918155736
7196,2162.4339316494775,2993.391188993059,4.0,71.89799633164671
7197,2739.5274232835754,1215.7239792609582,4.0,71.89369925581752
7198,1567.6202694906303,3415.5969214029387,4.0,71.87743409794676
7199,3025.4163720567412,638.6951553998787,4.0,71.86614019888677
7200,2880.4133958676694,779.3835035278051,4.0,71.83995825880744
7201,1888.4145866910023,3123.562750728624,4.0,71.83977352195497
7202,2612.298865727206,1280.592375725962,4.0,71.8013901190638
7203,705.6367720215574,2801.6006180051536,4.0,71.79972254073053
7204,2822.4455298642797,3584.4136940216217,4.0,71.79948648440141
7205,535.7801746085654,1066.4511038310939,3.0,71.79504557403094
7206,3600.2490538587167,2811.924675178435,4.0,71.79332074752372
7207,3087.5915946067726,2529.6613562851903,4.0,71.78560078000119
7208,3553.232218653792,2836.00873661533,4.0,71.7665137905025
7209,3181.5560849590543,3633.7253268801724,4.0,71.73703540283904
7210,3629.3076692660297,2814.4707433496365,4.0,71.70780956224411
7211,1716.6041939384183,2896.486610684574,4.0,71.70013521470956
7212,2746.952292959297,3131.1870370300194,4.0,71.69588435433198
7213,3527.557550619576,2703.5829761568975,4.0,71.68182936231999
7214,1000.5228366410971,2024.5240471872305,4.0,71.67073538078243
7215,2220.9866478802796,4024.762016170624,4.0,71.64795785577387
7216,2286.342083660133,871.6432122549485,4.0,71.64181179606854
7217,3831.294317579129,1316.5393413275426,4.0,71.64067238668302
7218,3336.417055094128,897.44133674984,4.0,71.63588880219973
7219,2022.9802321370953,1209.2208637452268,4.0,71.6338633101978
7220,3613.560895097876,1519.4088707414066,4.0,71.62905335333468
7221,1945.593395959364,3999.59745898994,4.0,71.56219710478541
7222,1998.5111228133837,3894.2955326211013,3.0,71.55677630157697
7223,3291.453594910682,3280.6050681066577,4.0,71.55066811577487
7224,3675.6673211971956,1998.4413236159155,4.0,71.54843831116943
7225,2523.3236312544964,461.5385098522428,4.0,71.54434033809923
7226,3785.500071913566,1876.5322034482053,4.0,71.54098510631222
7227,703.476567889088,992.4366967279692,4.0,71.54013443143477
7228,2721.395284909732,3230.7435569022214,4.0,71.53392186196501
7229,1487.6750694098969,3402.724572331344,3.0,71.52640561057855
7230,3164.48736344985,1471.3412829403767,4.0,71.52407190527128
7231,852.6376067707561,3379.562687384125,4.0,71.5064000947381
7232,1256.6273666225227,786.449804414416,4.0,71.49249388948694
7233,634.5917476402631,805.8951723309291,4.0,71.46540053982879
7234,2094.4428728175594,2495.3438129106726,4.0,71.45825416359342
7235,1008.5721574952521,2847.445908360023,4.0,71.44168377493776
7236,422.28250826999044,2382.3734847497594,4.0,71.43697484648158
7237,764.513137934015,1295.7547569090705,4.0,71.4308826588719
7238,3330.9580397554846,1818.1960051057506,4.0,71.4249911413701
7239,1505.367411134753,400.69846437814175,3.0,71.4131512002868
7240,1785.9852914566272,3040.2434131099935,4.0,71.41191970705832
7241,1051.6513249377583,3565.5205845426945,4.0,71.37911127940214
7242,282.39109731896497,1504.4989466225163,4.0,71.37488304206637
7243,3573.576627572166,1804.6061016120464,4.0,71.37397178423356
7244,510.39142607412094,1577.6954407886728,4.0,71.3652213939158
7245,2682.5223637923923,693.609625753602,4.0,71.3275269660277
7246,1332.394871087707,3848.6382849551983,3.0,71.32702647668819
7247,2985.3951422467962,1228.5022759566536,4.0,71.29944795769352
7248,857.4469848608462,3305.5991173814887,4.0,71.2723759397291
7249,1276.597242579287,1030.5258620262593,4.0,71.26576013863254
7250,700.2732872464768,2925.600771432413,4.0,71.25721246986893
7251,1655.582852351853,531.2250714689063,3.0,71.2533536895278
7252,2175.5265720041302,3391.4569753697633,4.0,71.2492104260298
7253,696.4726146412931,2140.450891420793,4.0,71.2332319056556
7254,3607.7337742083864,2513.5027408221304,4.0,71.21541631875107
7255,2481.634692493498,2625.4850473872866,4.0,71.21349592142424
7256,2832.988333006376,1043.2314213570444,4.0,71.16148338774437
7257,3463.235708581805,2889.5112215244994,4.0,71.15577957475323
7258,2908.6847676738885,554.5110893886441,4.0,71.15353944889242
7259,2767.5528559497993,2911.7402766558753,3.0,71.14095078192564
7260,3106.7160301800955,2632.4738864428928,3.0,71.10829819486098
7261,968.3450927755307,2076.4036241150184,4.0,71.09563739864637
7262,468.26151712179524,1523.687188123547,3.0,71.09123042518318
7263,2059.3773577878205,577.4809551717134,4.0,71.07279078248017
7264,3331.3752084745215,608.4787477776551,4.0,71.07008297385173
7265,1118.429151001617,2795.4043204646873,4.0,71.04381930630356
7266,1419.5284760325158,3318.39370168216,4.0,71.02938495574838
7267,1477.403110815381,2957.587492290989,4.0,71.02805887813872
7268,3137.3788055643417,1891.5352313568405,4.0,71.02108498856
7269,2164.5986727484965,3700.5105967274058,4.0,71.00533312941897
7270,3152.0649822097325,2446.8109292374415,4.0,71.00501805888263
7271,3345.7452918469544,3449.364163049409,3.0,70.96946284577373
7272,3903.8408837548586,1544.0837664236008,4.0,70.95438816273573
7273,2412.5572699405975,3738.210711404243,4.0,70.95340542526998
7274,1451.6447367403528,2719.4467530154047,4.0,70.94947400721166
7275,3353.5540183575936,1210.40951733355,4.0,70.94838311132284
7276,2434.524150919105,3917.317759610927,4.0,70.91635453700249
7277,457.41070847435844,1210.5780944184762,4.0,70.89978381138849
7278,730.5461833635093,1511.4424944381099,4.0,70.88648062090607
7279,3796.68061143568,1541.3226132245463,4.0,70.86364737895285
7280,1653.5264840369985,2529.669382945569,4.0,70.83572463425689
7281,2342.486348855683,90.54401359865308,4.0,70.82385803118108
7282,3671.298856566712,1568.5752882364588,4.0,70.80713120360575
7283,2552.6712527816107,2189.593367268566,4.0,70.79977169750666
7284,792.3771425180471,519.4293082221025,4.0,70.75104937007652
7285,3352.7477695059997,919.6596471125172,3.0,70.70610778365501
7286,3770.655158376748,1732.70641787657,4.0,70.67713603432092
7287,3468.567301696829,2569.603174991702,4.0,70.66391549807342
7288,553.5913161065611,1629.6635202144366,4.0,70.65973943428841
7289,1403.4375774278712,1294.36084909213,4.0,70.65559255917556
7290,1724.5929141117083,1093.3133940351422,4.0,70.64290957554545
7291,1072.6777634371365,3606.344872393692,3.0,70.64128647567011
7292,2394.6320424810565,1050.630387602923,4.0,70.61922878761742
7293,3631.6817957905414,2138.7219504050245,3.0,70.60282074955381
7294,3432.7295399612067,2456.400950202416,4.0,70.59800883746726
7295,3633.3092770011594,2979.594530879361,4.0,70.58969046367866
7296,3888.594749693467,2152.2866563247594,3.0,70.5755100440271
7297,2261.4581844027934,3274.4960274237783,4.0,70.57268767230696
7298,514.2447535826803,1694.4217095763795,3.0,70.5649407398229
7299,3258.693719372078,557.5777341234452,4.0,70.56220641984572
7300,2770.979613942487,3585.740653472708,4.0,70.54446972715972
7301,1230.2628513475076,687.4164754466532,4.0,70.54359670314497
7302,708.4408748009967,3462.375993224502,4.0,70.52888267629365
7303,1834.5476535539133,3970.5885949111503,4.0,70.52454663340895
7304,579.0069376360154,1064.195006607294,4.0,70.51789406249111
7305,2001.4305319004113,3682.7142647877663,4.0,70.50269224959527
7306,241.44168136650595,1598.5859972605815,4.0,70.49367550393825
7307,2630.5186343196287,974.628916969337,4.0,70.48468178424832
7308,1948.5830092935798,3893.5759940823223,4.0,70.47734166919005
7309,1520.0026360103077,3272.219827321134,4.0,70.47653433544225
7310,2871.514590817365,3412.310197732954,4.0,70.47341680728364
7311,3147.5980151843282,3241.5981591811187,4.0,70.46496442447854
7312,1502.5934849004377,935.6363054803065,4.0,70.463175273382
7313,3631.751148281339,1589.5874135524762,3.0,70.46080235003258
7314,510.2466950644492,1267.3275895382108,3.0,70.45284236795881
7315,1924.6433953259009,2910.006024763548,4.0,70.44094258866807
7316,2784.2460136561444,2639.5454808322306,4.0,70.43983368433459
7317,2234.380110918026,1626.4158696656968,4.0,70.4191296826186
7318,1713.63683704764,1424.4868489790372,4.0,70.41684520238385
7319,3099.767656717132,2715.4356525881117,4.0,70.4146384283936
7320,1456.6233091065576,2960.218315284808,3.0,70.38787279252132
7321,2528.366333388987,3301.6449818159685,4.0,70.38196507224775
7322,2371.615847310417,3418.3518886880292,4.0,70.37041150064596
7323,1213.5977063232676,3090.4819819016016,4.0,70.35984676434308
7324,585.1525552565323,805.2596818683604,5.0,70.35670727805234
7325,1824.5904269611315,3648.648622932787,4.0,70.34517243886185
7326,1950.0065189625818,3071.8162249248203,4.0,70.34496441041809
7327,1307.5836598300602,3181.393117919289,4.0,70.33263506532074
7328,575.2988560062226,2693.6299337823516,3.0,70.33230696094168
7329,1802.4423350445438,628.480215272056,4.0,70.3310973902786
7330,1523.4900575489646,1188.2930416296235,4.0,70.30764659147937
7331,3325.3784335901682,2498.300274946061,4.0,70.30304649596428
7332,1998.5508767961242,1410.475151233751,4.0,70.25997926602713
7333,2360.5722062872887,3095.3915234742544,4.0,70.24596519259632
7334,1424.5736288556582,2583.5607292252807,4.0,70.2091636602117
7335,3727.4666451023177,2548.4288849382942,4.0,70.18294169360378
7336,2757.2906716108923,2298.4480103529213,4.0,70.17077147039345
7337,1856.3274428247303,91.41335795035461,4.0,70.13385266081835
7338,1664.4889189652908,2211.4983088930844,4.0,70.13332554554309
7339,3836.2152613966578,1810.5682467559911,3.0,70.12377597898958
7340,3862.48617282595,2950.5907057960662,3.0,70.1103197470872
7341,1308.4755543926885,2977.2531552888377,4.0,70.1036986912716
7342,3993.522531247383,2324.6620564457776,4.0,70.10142644677101
7343,2872.2909572711037,2913.3031652935424,3.0,70.09921735637192
7344,2200.422764797348,1069.5399002993026,4.0,70.08948805486716
7345,2758.6152624325023,3072.213096295051,3.0,70.08057761536088
7346,1724.6187758442884,307.6116307586873,4.0,70.0735768719804
7347,1275.5658343671423,1619.4353726043041,4.0,70.03822083201217
7348,227.4773925221914,2188.337277027567,4.0,70.02426704533386
7349,2479.7381389144034,1766.734452616794,3.0,70.02391568185466
7350,1516.5086058739419,1337.6103291814054,4.0,70.00591756317796
7351,3358.51792904522,2244.692234982389,4.0,69.992241843856
7352,313.39056556393456,1070.5728542938516,4.0,69.97510901931363
7353,1549.024025451803,336.23864723982285,4.0,69.97152196398031
7354,1952.70648210122,1261.5161239295123,4.0,69.96725706691097
7355,1795.4381589582651,3493.4973056067597,4.0,69.96381130571149
7356,198.25320198664534,2288.3650696811796,3.0,69.95045586296578
7357,2788.2852148745014,3201.7051832503194,3.0,69.94320159316013
7358,1450.3074579012198,2998.4627950405934,4.0,69.93866482416301
7359,780.5843583118409,1017.3939103753651,4.0,69.93480613235008
7360,667.4962618618949,754.3543176770484,4.0,69.93460354455847
7361,829.4464570299143,1357.348785395845,4.0,69.92004554119539
7362,1411.3474611514105,184.36565049617926,3.0,69.90960131595092
7363,2309.6284549774855,3194.2126494878094,3.0,69.90858191204023
7364,2955.3151410034825,1393.6508574487661,3.0,69.88514805189155
7365,308.24585744905704,2818.4993409338686,4.0,69.8849852573413
7366,3112.5519833665935,1247.4007322694645,4.0,69.87817534633511
7367,1441.3428323097817,2265.64260137009,4.0,69.85665851898875
7368,960.4595918923828,3448.5762142987346,4.0,69.84672786925415
7369,3080.4433134103137,3071.4081412593337,4.0,69.84409646268183
7370,2727.3895047891197,1498.477872368122,4.0,69.83562928026697
7371,2686.4737420025986,2283.59439191049,4.0,69.81650592556394
7372,3557.7068679401436,3203.726567585024,3.0,69.79009038971904
7373,2333.360403454397,437.2536123418283,3.0,69.78501676672087
7374,997.554640837197,2575.717498474857,4.0,69.7748232281063
7375,610.4611786667667,2839.3749454572066,4.0,69.75158474993673
7376,2233.2753755721596,3308.4942107396905,4.0,69.74422109808329
7377,1943.6504274652061,309.75408272415604,3.0,69.73051029403645
7378,2640.352830202605,282.73643695253924,3.0,69.72673949383733
7379,2448.615846650623,3661.239605939727,3.0,69.7182540226644
7380,1874.7194460525725,3115.46052238165,4.0,69.66847881288277
7381,2179.4315132437073,868.494364203935,4.0,69.63928188066609
7382,1425.2947088092621,880.3123700724408,3.0,69.61460494484662
7383,1353.3180850595472,3337.5017249210587,4.0,69.60798402673113
7384,645.2967122311728,752.3237484727578,3.0,69.60038497472655
7385,2230.381362335286,1563.5220325596042,4.0,69.59960848100935
7386,834.6377299301924,1870.6101578707005,4.0,69.59683181289641
7387,3226.3697201592995,2581.485035709015,4.0,69.58896502955622
7388,1451.7210986115142,804.6964921031246,3.0,69.57914530264732
7389,2532.6762316739373,2288.40614049779,4.0,69.57019513894406
7390,3746.5242114756948,2705.39713218692,4.0,69.54001614847206
7391,2713.56177591217,1849.6715729971465,4.0,69.51807440537263
7392,2148.286329499009,900.7363616622595,3.0,69.49404479952368
7393,199.36773925446929,2120.447016969024,3.0,69.49104748118438
7394,2689.2682170728394,3066.0564417421215,4.0,69.48494595525115
7395,2830.2673333469747,2770.6170542612654,3.0,69.46987286326265
7396,3401.6729798725937,3285.4188663351056,4.0,69.46878137564948
7397,1856.2992606266287,3900.392376083105,3.0,69.43909890751168
7398,1162.237428234432,3025.569210999486,3.0,69.43232671346198
7399,1474.242704982065,2974.296770052069,3.0,69.4159074378045
7400,1259.9382057780538,2189.044033223631,3.0,69.4113738528419
7401,2029.6641004002252,801.4154052070793,4.0,69.40930240012202
7402,222.483897335517,2276.689525915783,4.0,69.34765001553608
7403,2266.476412410016,1164.6451686554992,4.0,69.31177927405
7404,1362.4018898498232,3495.7582010915958,4.0,69.29915627375837
7405,961.2049262236491,3418.572941150621,3.0,69.2980354856353
7406,1481.4606544037422,848.6037706849361,4.0,69.28575536132107
7407,2460.610712823043,1633.6344109463803,4.0,69.28103632024745
7408,3087.5144892964477,2799.7150266082463,4.0,69.27030091357192
7409,3622.6385017413686,2968.5231396269683,4.0,69.26762708408886
7410,2364.430463848917,2901.61265288879,4.0,69.26746191621699
7411,3753.693428049928,1002.30866058786,3.0,69.26311031101099
7412,3431.6808123179007,3010.5812557764143,4.0,69.251942434383
7413,2482.6300589468538,1157.3417741710416,3.0,69.24969447365274
7414,2914.3764780730567,1039.7915872441897,3.0,69.23436125651399
7415,1551.4638064849596,439.167769354723,3.0,69.2270717070758
7416,1259.4615572811797,3641.3056766460368,4.0,69.22338841589377
7417,3815.3248043509425,1210.3250622788348,3.0,69.17553734929888
7418,934.5902928970846,2146.334608592719,3.0,69.16429544985802
7419,1124.3034597393398,1034.403535688532,4.0,69.16285426951792
7420,3761.2825779702443,2189.704207271767,3.0,69.1466675839606
7421,3347.512561498442,1099.3673316605382,4.0,69.1422855027635
7422,655.5303765439696,1486.3687136485928,4.0,69.12011568403143
7423,1157.562195620944,3759.388317213405,4.0,69.11233048953999
7424,1444.7065453363773,3590.4871590739663,4.0,69.1036726531191
7425,2032.6282275369836,2997.7880373310427,3.0,69.10307917416942
7426,831.4285649855103,1582.3382717054246,4.0,69.10031937578016
7427,513.3099384706267,1782.2949933877853,3.0,69.07854915311508
7428,2941.0078253535326,3660.270908011418,4.0,69.0779606014567
7429,755.6036996865374,3340.2031607856165,3.0,69.07628587705625
7430,2727.486188059475,3161.700136179521,4.0,69.07004408882926
7431,3181.340652612584,2546.4433361910433,4.0,69.05329154688613
7432,2419.3995053922995,628.7428188699769,3.0,69.04963134573428
7433,3139.78172495742,1565.5332789874763,3.0,69.02897920978386
7434,406.71632766634355,2650.3921638039646,4.0,69.02703565291375
7435,1452.5791053629662,1003.5581454225105,4.0,69.0054277451819
7436,2130.477187109973,1028.4937536528525,4.0,68.98859472355284
7437,2432.7110945566465,3643.311298542896,3.0,68.96074475629923
7438,327.4334844952584,2391.3356645025506,4.0,68.94827878862051
7439,3130.6093402200813,564.434128658393,4.0,68.94142381119889
7440,209.39113077856334,2571.3530944329054,4.0,68.92355806463252
7441,3565.361710484254,1006.7424946502842,3.0,68.90647500452629
7442,3880.6695261325062,1872.542990482829,3.0,68.9028340908999
7443,841.514495392686,2019.496430017405,4.0,68.8935588649566
7444,2451.4197957096235,726.4407818524082,4.0,68.89344192459023
7445,3676.3399023865045,1494.7402172134214,3.0,68.8757479621423
7446,3019.4168211578926,3753.520426299148,4.0,68.85713533038071
7447,1884.6502568172666,2754.509398045912,4.0,68.83988167783754
7448,188.62355192234293,2082.5754489550486,4.0,68.8372600004976
7449,2750.320050507919,1922.7519292177076,3.0,68.82497758491128
7450,1385.3833058697462,3367.766928085708,3.0,68.82087848527651
7451,2406.6799383858884,3547.7511263253305,3.0,68.81012411618593
7452,2598.625222390407,559.559834647582,4.0,68.80683643516235
7453,3799.5973356754994,1412.5994449110103,4.0,68.80058383427976
7454,2194.3218956435853,1239.5332964369945,4.0,68.78563409067638
7455,1544.2446492809838,2409.312020121437,3.0,68.76775821258592
7456,2109.4454000091478,3458.5992984064583,4.0,68.76179931368179
7457,2901.5815461437837,3217.6748985768913,3.0,68.74361422388579
7458,3384.5789774631126,630.7720633432242,3.0,68.7048566821676
7459,396.4350937713782,1520.476283175699,4.0,68.69960196009018
7460,2488.337759921178,3655.435697022874,4.0,68.6903487305977
7461,2372.7059290889224,2855.710846129788,3.0,68.68008418001811
7462,668.4675365594874,1717.6825343061982,4.0,68.6579213339608
7463,2954.662702298337,515.2347318305689,3.0,68.65724100192087
7464,739.6981349985516,1664.2966909281279,3.0,68.64666532429234
7465,2445.470969119036,3508.4229546192673,4.0,68.64606804009587
7466,1860.539843262101,1660.7097095113459,3.0,68.63557347662167
7467,3926.615932646697,2188.3738937360513,4.0,68.62630615583355
7468,2435.2356702757825,348.58113560009076,3.0,68.62598168920354
7469,884.760745785035,1548.4084536802463,3.0,68.6255458676385
7470,3464.458916905989,1654.3185502345523,4.0,68.62003757712878
7471,1834.68278262188,3637.226883382074,3.0,68.61216309344206
7472,1097.237509766055,1056.4214415362326,3.0,68.6027834657059
7473,1651.688157460494,3468.7389105307816,3.0,68.55784776608418
7474,1225.9830786241591,3638.7237798455035,4.0,68.55639908980218
7475,3135.40368287318,663.5276071480042,4.0,68.5507070421979
7476,1960.2984673475478,518.3502217277528,4.0,68.54524712602178
7477,2312.669580296335,2879.3399927126397,4.0,68.5436976782102
7478,661.4414759196409,3053.5298678649665,4.0,68.54329947973534
7479,3772.2423420249406,3101.43614487594,3.0,68.54147051437349
7480,3071.5289302729348,1671.6243380403525,4.0,68.53883483361724
7481,3033.251002650378,2881.258009081347,3.0,68.53865074267188
7482,2747.6560623236246,1392.2379920801857,3.0,68.52865998658936
7483,3352.7737752958733,2308.6109641116263,3.0,68.50636582109259
7484,2100.22357553022,2641.5722185028194,3.0,68.49821010706972
7485,1944.3054051423253,4015.2675360364715,3.0,68.49086739760972
7486,3453.6906508079155,690.498897727674,4.0,68.48711232776805
7487,2375.524623506871,2580.453670869668,4.0,68.47258385176814
7488,4028.2579836484633,1881.4260574802806,3.0,68.46766118584642
7489,2300.246767842775,1711.3644289043561,3.0,68.45775206888501
7490,3520.489554517768,2264.5603730878674,4.0,68.45335343789576
7491,1049.322921957589,2756.005691417117,4.0,68.43728457954967
7492,382.51248034375516,2437.392494454255,4.0,68.41601802796976
7493,1482.6877195124719,1393.5009918898572,4.0,68.41589125456703
7494,300.764778923074,2809.3682313252816,3.0,68.39616361839079
7495,1458.5735402232847,3220.4316346258174,4.0,68.39485991948249
7496,2925.4332819301208,2490.2693345431894,4.0,68.3754905019473
7497,780.6688231056111,1207.5772377706917,3.0,68.37236638391693
7498,1914.5505914385587,1298.5464000569991,4.0,68.36225085551658
7499,2566.4126468475934,3921.8063568290786,3.0,68.34707545569616
7500,3141.664432100655,3394.7591250963083,3.0,68.33963077682485
7501,1193.4005156357582,3182.4617028340344,4.0,68.33559104904595
7502,2679.4776895907003,3876.597260509472,4.0,68.32811729178418
7503,4069.727510014815,2302.513546049074,4.0,68.31611319600981
7504,1150.5100653052693,3525.6939639798898,3.0,68.2921590514384
7505,1276.7333784050525,3057.676797670991,3.0,68.27581135930947
7506,1144.258526070625,2994.3025369332004,3.0,68.26021225028596
7507,2904.5988731092457,2628.682972893609,4.0,68.25957836414452
7508,414.6501602189664,2614.698532849099,3.0,68.245905383518
7509,3555.6367186308853,2869.390202773863,4.0,68.22997774287612
7510,2654.652947938354,1898.3279471682167,3.0,68.22105639697457
7511,962.3126030206166,924.2728649809678,3.0,68.19512926896907
7512,3277.309486832452,1158.745653706009,3.0,68.19497550671241
7513,853.4561024550263,2805.289425189087,4.0,68.18841275671207
7514,1965.761807239594,3444.491323135374,4.0,68.17511036380945
7515,650.556180052713,2146.4413397702147,4.0,68.1683541752824
7516,1317.3098320138483,409.7391764833874,3.0,68.11831088445827
7517,3406.7215814342458,2681.253239539026,3.0,68.09701291096269
7518,2147.0292176571497,881.8049413426827,4.0,68.09295152350957
7519,3800.758778590964,1813.5734018447856,3.0,68.08274479979755
7520,2714.4938620280495,297.68278641131127,4.0,68.06718885081827
7521,3741.4392618961865,1707.4555517307526,4.0,68.05913112656106
7522,1099.53110962912,2512.7240424421907,4.0,68.05831712153181
7523,3761.441296071625,2446.588669323414,4.0,68.05255481548245
7524,3188.4097211337316,998.2233674701896,3.0,68.04215033124183
7525,2300.7805989344934,1504.3220678330981,3.0,68.02197968686323
7526,3424.6822054349755,1457.603701010316,3.0,68.01603950005047
7527,422.7067751517301,2321.3453289610225,3.0,68.01546190235429
7528,1212.5859242778238,2301.4622005212723,4.0,68.01480930847552
7529,870.72457116334,1430.2969004212878,3.0,67.99836325595327
7530,1891.5255009251093,1289.66304896025,4.0,67.98726983954319
7531,2494.485684328517,3516.3842662143543,4.0,67.9834477938663
7532,1756.3697588449052,756.4179767388562,4.0,67.9711691459022
7533,2733.4057503082895,860.6564851112681,4.0,67.95424410486845
7534,3749.9871748124106,1909.008207707879,3.0,67.95368209193569
7535,2131.6385220959737,3719.7730340001403,3.0,67.95307063427074
7536,2574.689735711069,1621.7222362003304,3.0,67.94345119680992
7537,2284.604085080394,2549.6541755323587,3.0,67.93012556167886
7538,905.5379980347684,2368.6063238145134,4.0,67.92799134634369
7539,4017.7179171453395,2258.6575837884566,3.0,67.91841946053181
7540,2147.368490056857,151.2954204625692,4.0,67.91606317390398
7541,147.701339466084,2065.435165886819,3.0,67.89309688435434
7542,2912.361686009338,980.3799076422213,4.0,67.88362660379282
7543,629.5309289353631,2227.6886554514945,4.0,67.86909726423862
7544,323.73727518410664,1055.5722227729752,3.0,67.85443315326127
7545,1491.5224075643239,1561.6074862429605,3.0,67.85343083530934
7546,2695.7687789701395,2223.556646287043,3.0,67.8492334674293
7547,655.588514422025,1205.5751680345613,4.0,67.8415922939644
7548,1948.3312301891267,807.4535259240885,4.0,67.83065768890188
7549,3580.699282022999,2120.288256603303,3.0,67.82813250058012
7550,660.7031479883318,3327.5452601759334,4.0,67.8194829834513
7551,327.6138408025975,2773.283659151768,3.0,67.79612522187583
7552,3564.601704829263,1603.5187594472152,4.0,67.79611787302156
7553,2837.501871336983,3073.530493076046,4.0,67.78886717002001
7554,1849.5346342554233,3024.674861918349,4.0,67.77929889059064
7555,639.7334553795109,1242.5864378812864,3.0,67.77749996593201
7556,2742.621259018511,2725.541452756713,4.0,67.76119843826845
7557,972.4292341708547,2752.723287982784,3.0,67.75675213334577
7558,2566.4587663229045,1130.102999620966,4.0,67.7001790889895
7559,329.2292962813687,2408.3129372304643,3.0,67.67952922207732
7560,2152.7791895958444,779.3912120976247,3.0,67.67884368433792
7561,3561.3835888389326,3034.470471322714,4.0,67.67745472114632
7562,2112.2966863193833,3634.4823406275773,4.0,67.65479658030412
7563,2394.5224832462964,1418.3965926543665,4.0,67.63519421350985
7564,1935.4868905335263,236.59707896634353,4.0,67.6236484035476
7565,3352.644758419527,1425.5591457619907,4.0,67.61703339187405
7566,2276.1604048611175,286.65170973292345,3.0,67.60933589509068
7567,690.667563612056,3024.6404295932975,4.0,67.60821615945339
7568,1992.417758489829,1273.6417855782593,4.0,67.59648522358145
7569,2441.3178395773984,2608.435451799013,4.0,67.59317313361218
7570,2968.538113471799,3484.249685009689,4.0,67.5928665276024
7571,1535.6566691542528,3750.621544968647,4.0,67.56137780408125
7572,3340.6356026207095,1755.5745670847639,4.0,67.55577770067153
7573,547.324276406153,1606.5991130516297,4.0,67.55287047823042
7574,2497.598250027601,137.69198016120717,3.0,67.55019362049191
7575,1070.2472017967743,3083.601393680981,3.0,67.5449313049886
7576,2711.735193358361,2608.6887499849445,3.0,67.53968673302606
7577,1520.4483191353756,1114.6463388039158,4.0,67.52562026073282
7578,3529.2949589897516,1615.2854661875444,3.0,67.51522885369333
7579,2330.467678221246,3817.3990725286076,4.0,67.51319761628328
7580,3898.686103190611,1675.551723874893,3.0,67.51023419581105
7581,3764.6145638607372,2157.3827674815657,4.0,67.50266772040388
7582,3514.2193415497627,3308.3646180684364,3.0,67.46210648907099
7583,2309.5962215862364,3899.5847752439545,4.0,67.45962368517237
7584,2409.482808149931,589.4668465707365,4.0,67.44277821762432
7585,1264.5339902738249,1951.3564339122033,4.0,67.44044651133322
7586,3531.6380205680007,2114.6496233608186,3.0,67.43260771512581
7587,3058.806947400783,2840.461985897093,4.0,67.42163717487944
7588,261.61683108973887,2864.278382658153,3.0,67.42144882588322
7589,2512.3885473935507,3281.2861796894917,3.0,67.4199373503648
7590,3408.5884168331845,1364.4730491407781,4.0,67.4119051844742
7591,3226.644322783184,2368.621976681974,3.0,67.38727983018454
7592,3074.3276501932482,3635.4803510288857,4.0,67.37066732215088
7593,2736.7393031624247,2192.7630481063147,3.0,67.33502638523653
7594,1875.5871300882193,567.3743239976,4.0,67.33230786362822
7595,2389.594780935196,2990.539584776097,4.0,67.32597292103712
7596,2213.5295758844327,4005.484775208456,4.0,67.31208802581708
7597,3782.549828575111,1229.6089821858848,4.0,67.30122317699812
7598,3456.5355679329696,1816.260814281052,3.0,67.29882939167082
7599,3217.6846213470417,3176.676081692949,3.0,67.28981970917842
7600,3486.4031290256576,3305.2545850000224,3.0,67.27890708086791
7601,1822.7422050485595,1300.5614080036628,3.0,67.26075388449885
7602,521.4464899514581,2269.620181963473,4.0,67.2568297881965
7603,169.40796556969042,1905.4060591302525,4.0,67.25651464665782
7604,3154.275879578588,453.64932667791084,3.0,67.25613600606212
7605,464.59631347390126,1690.488004840458,4.0,67.22419164026752
7606,3261.5029583576934,2394.5002248400956,4.0,67.21971910612359
7607,872.7268484387395,2404.4179391102034,4.0,67.20934529484717
7608,298.4816517363129,1964.4597268294142,4.0,67.20399712717392
7609,3568.706151430483,1068.3532313287094,3.0,67.17415813964625
7610,1990.6332051980164,3777.679538421088,3.0,67.17305563559219
7611,3037.473060447377,1991.546974967015,4.0,67.15472669054083
7612,2391.407614149255,3975.675541110888,4.0,67.15210279230993
7613,1502.6476428591989,3845.5760122958754,4.0,67.13760633490077
7614,1797.4721999667415,2919.4311185462802,4.0,67.1372834228417
7615,2472.643512976575,3604.634448944898,3.0,67.11189573311678
7616,409.35321540084897,3017.695736343142,3.0,67.0917768354118
7617,3554.207722857007,2706.2934123461505,3.0,67.07482207016086
7618,2562.305108575811,3063.433652554354,3.0,67.0656714729764
7619,2573.4054210854733,617.7740094219513,3.0,67.0537565835673
7620,424.7649972515259,2710.4324105207716,3.0,67.04431864776689
7621,2754.418704501664,2437.602265674012,4.0,67.04226036189195
7622,591.2071250935375,2359.3988001545586,3.0,67.01246791044666
7623,2374.464070753563,3501.4448669703497,4.0,67.01101996844555
7624,2574.679434666109,3344.2542178049453,3.0,66.99607180311003
7625,1347.4380494802456,3204.372358280598,4.0,66.99555115914998
7626,393.7587946111723,1780.3989287455747,3.0,66.97979522271595
7627,3599.8069418650903,1471.3980475132762,4.0,66.9776576740333
7628,3226.4565665429773,655.4866771006297,4.0,66.96950356045056
7629,3361.666469031701,2543.2702675683963,3.0,66.96946636281454
7630,1021.1763823230797,1781.4228738795966,3.0,66.96906205454857
7631,486.6560125010299,3012.764786262399,3.0,66.96813416981817
7632,2143.2589926698565,1157.3002272950148,3.0,66.96615868578272
7633,3452.6281276037494,1881.5513995485921,4.0,66.95849050494512
7634,2136.679237263616,1305.5217916888944,4.0,66.9420076795906
7635,2619.356956149355,766.5938107086778,4.0,66.93392276201897
7636,2536.3550589845304,3827.82704482936,3.0,66.93189240683569
7637,2967.6027714562924,2283.516597940038,4.0,66.92124595830845
7638,739.6470327666322,3443.2826423277834,3.0,66.91920085641073
7639,3388.476040197646,2030.283140944995,4.0,66.91749162301195
7640,1032.3673724706714,2600.476040459787,4.0,66.91435566134939
7641,3271.568824847462,1098.260934558039,3.0,66.90703611724855
7642,2927.5472500635196,1811.3916744514715,4.0,66.8970922460337
7643,1902.5256147132275,276.6732517743762,4.0,66.88397560842284
7644,888.8377852458353,756.684331577294,3.0,66.88361181657285
7645,2395.593510569513,135.46046114270075,4.0,66.86791188458506
7646,3056.406141776034,2945.6700206866176,4.0,66.86216246300603
7647,3201.52266245356,703.5840603481178,4.0,66.84351884432364
7648,2924.7437511186013,2876.565049268443,3.0,66.83068062650744
7649,3925.3267574488705,2593.6544848270573,3.0,66.81179964773344
7650,577.5934125591874,913.7455094783636,3.0,66.79851905202888
7651,4050.7602508649193,2263.309314446679,3.0,66.78826590736597
7652,975.445753177991,3469.533025869053,4.0,66.76559883601679
7653,3342.5571509381,1618.4544338610995,3.0,66.75096213312042
7654,2934.397701230168,1410.2585919918972,3.0,66.74745697390762
7655,2887.406965435875,1549.4075241059252,4.0,66.74653895006435
7656,1277.2666564627627,652.6923971904434,3.0,66.73343413827234
7657,656.328626951566,2001.3960717367393,3.0,66.71601538642534
7658,2556.3645190110724,1152.4691347577684,4.0,66.70644894348202
7659,2398.367823205476,623.1852777957104,3.0,66.70063907784639
7660,1298.5455645206152,695.7945562141537,3.0,66.69891008601357
7661,3079.514771628004,692.5206025417166,4.0,66.68640562832053
7662,900.4508813113601,3026.4842383398773,4.0,66.66332989789174
7663,1541.7033942134651,3861.2867146573954,3.0,66.64570995731304
7664,3554.392572661015,1554.7374747748036,3.0,66.64193292492538
7665,2114.6631593844345,3489.755931144206,3.0,66.63965140975174
7666,3628.3982142372365,1065.7570499619926,3.0,66.63455497430795
7667,3729.636283120198,1197.2482481018149,3.0,66.62880020734148
7668,3843.3007082063623,2132.3784630639702,3.0,66.62877463111249
7669,2681.7122667319086,221.68406235979285,3.0,66.62296822837362
7670,3549.421689111435,1003.4432699974133,4.0,66.60554753490545
7671,1755.3464249355168,3221.6480237159676,3.0,66.60411725879267
7672,1568.2764288032456,750.3785985339604,3.0,66.6016401134192
7673,3368.5391635079054,2964.366653821578,4.0,66.59215375067456
7674,951.2190411348317,1553.3277155309795,3.0,66.58320701558503
7675,2081.564297585163,661.3975691617528,4.0,66.56632605567592
7676,1424.624408318988,3548.524701891214,4.0,66.55500383253673
7677,2258.5004046922013,1270.6465608004653,4.0,66.54897538246655
7678,2521.6748124212936,2610.6391436283584,3.0,66.51840709348683
7679,1136.4982731334273,2173.2859063565857,4.0,66.50749485329416
7680,2645.6684118336852,3220.7634547012026,3.0,66.48371279977529
7681,2360.318946947386,177.78233813362786,3.0,66.46988403063895
7682,2310.4389130485515,2596.570245762064,4.0,66.46661560909197
7683,3215.448748553663,685.4762697931119,4.0,66.45770296205423
7684,3466.721971477455,919.2450486346514,3.0,66.45595844240226
7685,2590.522015089094,382.3461969593204,4.0,66.45341374457777
7686,1645.6725126445544,341.30757112406616,3.0,66.4443495048462
7687,1807.451538491064,832.6073278946359,4.0,66.4387311450868
7688,1036.5001550458737,997.3326452032986,4.0,66.43704560800487
7689,2794.796816804658,1944.3425403975064,3.0,66.42692111379705
7690,3172.30005685981,1435.3505186752798,3.0,66.39608891990984
7691,3183.5051186817022,2401.5430427899732,4.0,66.37408907929644
7692,3490.7951502448263,730.3828797735715,3.0,66.37336868862135
7693,2536.4180730620164,3034.6530433802636,4.0,66.37265417610223
7694,3698.278530041267,2300.5040117335466,3.0,66.34857039842392
7695,3517.564177916559,1822.5451687879697,4.0,66.33254280343994
7696,2860.4336155625183,3133.4358983681936,4.0,66.32548639044433
7697,765.574916153106,2067.7915251236504,3.0,66.31736972686218
7698,2699.3572588189522,1768.6747350993865,3.0,66.31233547332872
7699,2994.4091278909136,2364.478569579007,4.0,66.31108449354213
7700,1150.509727653761,1749.7643785378832,4.0,66.30345612864821
7701,3106.265878596152,2583.4124757726777,3.0,66.3030333107385
7702,2468.6188276903517,2553.7266057321135,3.0,66.29631636214832
7703,2775.3096889410026,2767.231268187217,3.0,66.28490958645494
7704,556.3556838588771,2442.2515226260857,3.0,66.28281314024474
7705,3232.6951670290528,1477.673233267779,3.0,66.28216651498006
7706,1278.6067007980175,1205.712472401774,3.0,66.27534955319533
7707,1143.3870513111392,3055.4317804165244,4.0,66.24874390887155
7708,3038.610512694234,1547.2926257502813,3.0,66.23873766217808
7709,1328.5212269873925,2889.4666022821434,4.0,66.23046644579915
7710,1292.5306629722345,2598.5637279346847,4.0,66.21871233274805
7711,1636.487196175289,3685.5020027675555,4.0,66.21692160324918
7712,2135.51464161242,3363.4558112990417,4.0,66.19556968353584
7713,334.4012992828545,1111.7197712167633,3.0,66.18982745412623
7714,2490.3527271142825,3979.592902630445,3.0,66.1877666912078
7715,3553.660179314029,2461.689349650101,3.0,66.18344502596786
7716,3626.603433112485,2957.3666378984135,4.0,66.17251470390829
7717,2871.3709079918694,2434.488996483076,4.0,66.1690611629958
7718,2474.2550037187416,2208.5568566543216,4.0,66.16644897431665
7719,973.5267654872927,1896.4205415768645,4.0,66.16538884029133
7720,2672.2484167725725,1731.5981866529726,3.0,66.16455893274102
7721,2933.69573717298,3392.3103393223823,3.0,66.15962330741998
7722,3080.5580198101097,3326.348943673349,4.0,66.1573698149891
7723,2337.3191591340096,3626.340033852621,3.0,66.15316425769109
7724,3461.3702834879787,2120.3110627457804,3.0,66.15265817525048
7725,2807.764265047412,2441.414075574211,3.0,66.15171185389815
7726,2242.722646938572,3103.210881258782,3.0,66.14503074101943
7727,4011.604219112493,2273.252380239682,3.0,66.14487420581538
7728,2155.446751690291,2680.5336507076645,4.0,66.13150900256305
7729,1346.5649235719318,2000.4723213060388,4.0,66.12442460002065
7730,2652.4962911354137,3092.411917023098,4.0,66.10628002114575
7731,813.7062617075886,3110.5037909965936,4.0,66.07866696459294
7732,2735.5715914656566,324.16315925771136,3.0,66.06401820065531
7733,3067.351724997805,2712.7334467783717,3.0,66.06218069058073
7734,765.6457573521741,2434.7373367109126,3.0,66.05970366803375
7735,3673.625192353335,2577.535903840617,4.0,66.04912550081055
7736,2531.7622781174646,1743.3103841434925,3.0,66.04396560407827
7737,3450.757490336492,789.628091685303,3.0,66.03444529757134
7738,1557.6317769890288,2838.552150717706,4.0,66.01564736085747
7739,3628.763788126706,936.3511117194117,3.0,66.01054048005022
7740,2905.2079744834455,2836.6863176751745,3.0,66.00196370801791
7741,1286.618474070288,1793.6807544778708,3.0,65.9800875097838
7742,2892.48600373745,3422.5372822944746,4.0,65.96778135243076
7743,3111.7591151228116,2402.3530277938316,3.0,65.9549635648641
7744,2878.7420774487177,535.4863197680127,3.0,65.94936960828183
7745,2792.452848050296,439.4945357912277,4.0,65.94154193413317
7746,525.6526749568734,2566.3488599047705,3.0,65.94023434849821
7747,3742.450139670819,994.6180952064899,4.0,65.93992425613277
7748,1941.4156172059108,3393.480112230844,4.0,65.93003182691197
7749,3474.3158712673,792.2433337617864,3.0,65.89553113842206
7750,1769.385372474072,2843.4070201142727,4.0,65.88535093825939
7751,2096.60816459668,3089.301049443864,3.0,65.8800925373615
7752,1264.6532348510598,630.2120249220602,3.0,65.87893608991625
7753,2162.543465449363,3862.3624352107695,4.0,65.87743871055022
7754,1225.652549854504,347.27564956396566,3.0,65.85266381012659
7755,2108.5472276930714,1139.7281312678354,3.0,65.83610013541954
7756,3866.294009110394,2934.048585515467,5.0,65.83183201217471
7757,2058.6701681313934,3711.672951133749,3.0,65.81570835446547
7758,2779.6198156423666,3820.43672094408,4.0,65.8039421696582
7759,2684.17874967701,1421.5519425046593,3.0,65.80367605019462
7760,1463.3380579072652,640.6986346647795,3.0,65.79956123803457
7761,870.6233848602837,2612.491392582211,4.0,65.7837021412208
7762,2397.454055180991,1119.6327347557888,4.0,65.77181605581902
7763,841.3500969223091,3249.4052532386168,4.0,65.76526373903101
7764,2997.344489847643,2437.6764657362396,3.0,65.74979274113123
7765,3266.637376137872,2253.253727498315,3.0,65.74707986931392
7766,1831.731854768226,2870.7308673484736,3.0,65.74382609890691
7767,2814.653359212976,3090.7314168308635,3.0,65.74017303826099
7768,2721.367361462337,2985.5881813850483,4.0,65.7231274354591
7769,3082.625359798419,3480.729303568787,3.0,65.71953427735083
7770,1381.6323181126095,1355.7420082597282,3.0,65.71836934156003
7771,3018.678125404599,3457.4807980426403,4.0,65.71122657949027
7772,2719.4934525015615,1281.6945144088666,3.0,65.67976807855209
7773,2370.6492207107644,3543.6737184488643,3.0,65.66893468474147
7774,1766.789205245032,1343.6758030559367,3.0,65.65531324617679
7775,798.318772617437,1994.6594509683036,3.0,65.6414779670303
7776,2624.7438154190727,2020.3953409982344,3.0,65.63876224392978
7777,2383.375802537216,3399.2861845153957,3.0,65.63859790030381
7778,3797.7567298662375,2318.6851529409746,3.0,65.63661928079239
7779,278.54079720555796,1965.5734381867505,4.0,65.63451166358728
7780,2039.5197047703653,3320.5864347048478,4.0,65.62588628840092
7781,3369.2272576081323,1231.278021137031,3.0,65.61863691663636
7782,1238.7851620597671,597.6752367387005,3.0,65.61701978789554
7783,2791.648701680029,3332.7350395515127,3.0,65.61297028326628
7784,472.7264285131089,2477.199354161769,3.0,65.59184554530171
7785,2109.475970229651,4016.760551392546,3.0,65.58314316407017
7786,1056.3332915826272,1384.6828813682664,3.0,65.56040930368856
7787,2257.3902407462692,1081.3974185383693,4.0,65.54878071798757
7788,3084.356263464624,1814.4437631644864,4.0,65.53944052974742
7789,2991.696262842451,2181.336784541404,3.0,65.51916008525203
7790,2811.750400608731,2616.553771175961,3.0,65.51527006172886
7791,3887.5764994442907,1939.3119232637027,4.0,65.49046343397652
7792,3897.49913450785,1863.4726055599044,4.0,65.4866478154529
7793,3264.5802696669184,2774.2123797169597,3.0,65.48138362408862
7794,1876.5093648960155,429.4239721528539,4.0,65.47310591543007
7795,896.5176679980195,2071.563032365361,4.0,65.47071942558219
7796,1089.6422688283642,3590.2546707310244,3.0,65.46541018286315
7797,3616.475928728662,2544.6364833939515,4.0,65.45213333781149
7798,3719.680911749528,1282.6425688528952,3.0,65.44713083355263
7799,637.7609118196918,3300.593072357156,3.0,65.44417404975601
7800,520.8058073733306,2999.326151404306,3.0,65.43384270357087
7801,3924.731369125484,2338.2734814771343,3.0,65.39718937583848
7802,1252.3254011349522,1194.7120554438807,3.0,65.38668771815885
7803,547.2580883607992,3019.721289196114,3.0,65.3862218406432
7804,2975.722651338557,1832.6597475863207,3.0,65.36683311635772
7805,3227.5101250760717,3485.5530202791133,4.0,65.33767436910983
7806,479.46263298483217,1064.4768209125548,4.0,65.33586530890145
7807,1401.7178994270635,3280.491150740637,3.0,65.31347224459697
7808,1965.4443532691264,3462.444704682195,4.0,65.27548668029038
7809,2167.6037213513055,2875.3344175194543,3.0,65.25560652294142
7810,3892.5533296656813,2045.4903691719135,4.0,65.24901123942307
7811,3161.425953999858,3544.4058136435174,3.0,65.21411362601361
7812,2167.5796906992387,2678.376345830819,4.0,65.21013747934238
7813,2049.66992775507,229.54452418758774,4.0,65.18549174255232
7814,3823.2772398388092,1256.3404240497073,3.0,65.1803393975519
7815,3307.6415605322222,3435.2849148101723,3.0,65.16009752011927
7816,3208.753012686081,1449.606153128728,3.0,65.15541689758645
7817,2972.348871612599,2144.7184936197864,3.0,65.13501060386321
7818,2899.5680709474486,3365.538920393692,4.0,65.13495777799339
7819,3773.6390428965924,1055.4536558889777,4.0,65.12777909921064
7820,3844.7297744374655,2864.3608267747672,3.0,65.11387455927034
7821,862.3322547386632,713.3850416473567,3.0,65.11099939858813
7822,2248.2857352259766,3380.6146428669977,3.0,65.10184384017589
7823,1852.270569957542,3258.321045741411,3.0,65.06233691723685
7824,1102.6490259507634,1184.2663798448375,3.0,65.05826234113503
7825,1567.5484237878613,2387.267695060513,3.0,65.04979964118952
7826,2382.5737558888404,1664.4955905635302,4.0,65.036770532484
7827,766.5684461870836,2656.3266163447147,4.0,65.03139844768128
7828,3472.2963439714254,1514.3407213506393,3.0,64.98191889639658
7829,1365.6797507963593,2291.5203131741537,4.0,64.98099873044347
7830,1344.2966291968794,1441.3767030574782,3.0,64.93876298253396
7831,3179.4350372919075,1797.4635608159238,4.0,64.92961006497409
7832,2728.34517946557,3556.54123261795,4.0,64.92890592822289
7833,3590.280825677052,2722.314177015541,3.0,64.92747912562002
7834,3104.33947013875,649.3067520365871,3.0,64.9065897873014
7835,1139.2532871745334,2794.6716116874395,3.0,64.90204657052769
7836,1367.7738989964216,3779.3856127926456,3.0,64.88411985520725
7837,3177.1784037673506,2492.264613556904,3.0,64.85483266232023
7838,1324.7394708418,1948.343008981082,3.0,64.8410347470716
7839,917.390109388138,3130.561725887284,4.0,64.8307995541013
7840,1382.5787749676465,1024.4366316392395,4.0,64.79489084044327
7841,1793.3492509838022,3631.5667209995418,3.0,64.7892175245892
7842,1620.616266048268,2935.223807934665,3.0,64.7747190113156
7843,2367.4919917957764,920.34127945075,4.0,64.7711256615386
7844,2387.2890761270583,557.6522330779788,3.0,64.76434186826044
7845,970.5775372585255,3618.651994429224,3.0,64.73482178135325
7846,1051.5229588267284,1795.4764599079451,4.0,64.73072698577295
7847,3778.326933537564,3027.3797798331984,3.0,64.72696958538383
7848,2174.5107398685614,2432.4479385027903,4.0,64.72673071313314
7849,1873.268052337862,934.2650992264761,3.0,64.72300405219427
7850,3349.4066391672077,2731.4936029183705,4.0,64.72238987648672
7851,3599.383691327547,3237.4799869638928,4.0,64.71605598011882
7852,2720.6054949287945,2272.4621506042486,4.0,64.7021815770228
7853,2171.726548286094,613.2970029265832,3.0,64.69890103154523
7854,2893.355963503893,2252.798458049075,3.0,64.68376285005125
7855,2625.686728427321,1389.7340515924307,3.0,64.68144800595387
7856,1626.6421238289229,3479.5627760910916,4.0,64.66515161437302
7857,550.6354372917509,2507.4827302958815,4.0,64.65437822173249
7858,2721.691335218025,2906.2218543131758,3.0,64.64529956835786
7859,1896.5781341956808,3500.471840726136,4.0,64.64471247418373
7860,1359.6803916928059,1849.3687784079066,3.0,64.63673820557081
7861,3195.2426900085657,1208.2028008832092,3.0,64.58801279864026
7862,3495.2228916410036,1378.762903093679,3.0,64.5676442108911
7863,3063.7246832191927,2941.295449719615,3.0,64.56651357741815
7864,2786.745307244995,3402.671252989819,3.0,64.56391747212757
7865,719.5748068097055,1145.2094445212847,3.0,64.53749905363036
7866,1273.2285972366274,2857.78288732634,3.0,64.53116358548777
7867,3549.3495201070864,989.3450441735279,3.0,64.5158497368214
7868,622.7137147044413,1065.8136059677088,3.0,64.47590244493483
7869,1373.3654000006936,1497.7435166966045,3.0,64.46310619139607
7870,3624.6181904697605,1449.6412268817776,3.0,64.46171005691485
7871,2329.4630402291286,3654.5117383309857,4.0,64.45932540097732
7872,3489.577337714946,1936.7346195728692,3.0,64.45340154315761
7873,2012.7373892280577,3051.315556211354,3.0,64.45243533331706
7874,1451.5088109364128,2914.3410280403396,4.0,64.45106405356029
7875,2202.7012387069894,3988.3831449775726,3.0,64.45004609862492
7876,1933.4412746924265,3318.290472966317,3.0,64.42222075824951
7877,1176.5846911615286,3238.483926194715,4.0,64.4149263805543
7878,3736.725421730996,1643.6842615127334,3.0,64.3923427413425
7879,2976.3114383536363,3064.8010243314147,3.0,64.38979099123392
7880,3087.3690475760086,3784.278260997056,3.0,64.37641611266929
7881,2369.4872417689076,553.551398459106,4.0,64.36650589290308
7882,2888.7891205113992,2196.3400323977557,3.0,64.3534171582975
7883,3294.2480114732266,2285.271143659965,3.0,64.35213598652359
7884,691.4309228538424,2335.5934612104506,4.0,64.347054889583
7885,1907.5566343011749,3718.538457709608,4.0,64.32380329755311
7886,2068.5456902185697,196.52780751276563,4.0,64.31951092809499
7887,3317.464208575408,2266.3887121921607,3.0,64.3188242833765
7888,1384.4152221856266,1399.6115006288683,4.0,64.31829937702798
7889,1980.3946642598487,200.81204030349127,3.0,64.31286759014965
7890,2178.2672149335067,3702.6536675531534,3.0,64.30269254476445
7891,2871.6450131191705,2947.803085758747,3.0,64.29152003967211
7892,2393.764552041547,2654.7598632621275,3.0,64.2810757105266
7893,3884.79880897663,2280.516462554433,3.0,64.27374573105159
7894,1829.7083472520355,3566.365268946761,3.0,64.23606402291291
7895,2620.488824194652,2914.264229055512,4.0,64.2261446124751
7896,1631.342465036313,2337.2819703768273,3.0,64.20593253190381
7897,2478.3332315044363,2368.2313017924557,3.0,64.20530826990003
7898,3232.6630807048537,2263.253877368166,3.0,64.20508472919539
7899,1996.5591320631445,534.1334873353193,4.0,64.20001688937508
7900,2615.673675087673,1103.2246337217136,3.0,64.19566305584664
7901,1064.585519845148,703.357940089833,4.0,64.18342346772756
7902,1115.759035044941,368.32849215499385,3.0,64.15593488608305
7903,3466.6232080248546,2524.5921434016664,4.0,64.15490791731821
7904,1002.2390721910957,984.2294856085316,3.0,64.14217003219538
7905,1389.3836026170204,2492.742551531403,3.0,64.114196790917
7906,3468.7227647735226,2229.2948360948353,3.0,64.09937366153588
7907,557.6498934979576,3097.2883024008775,3.0,64.07293584644128
7908,3532.17443646198,2166.3206730674465,3.0,64.05206533868729
7909,1326.3602661759678,3279.579761207318,3.0,64.03812415737205
7910,926.280093617613,1920.4216642885153,3.0,64.0339212387069
7911,690.6393012910398,3137.197158488098,3.0,64.03122043598762
7912,2852.528711884444,488.4021088878985,4.0,64.0149177946504
7913,321.2544996594279,2125.2746495542087,3.0,64.00680297431909
7914,219.46936000705995,2303.4256877318103,4.0,64.0057891214799
7915,3788.332026624023,2967.527735204262,3.0,63.984562111351764
7916,969.6759934270117,1929.7234907066434,3.0,63.983695944809526
7917,1364.522868316777,3020.3681878836987,4.0,63.98121219332361
7918,2020.4888627010675,3518.653801480228,4.0,63.955128657829505
7919,763.7476487704727,1007.3219998628705,3.0,63.94728880023735
7920,1759.2877065424905,2358.3365504551302,3.0,63.93522956446505
7921,3034.6801126561977,706.6933815462777,3.0,63.93313129677047
7922,981.7472132224149,2878.769372589843,3.0,63.92858014073759
7923,259.39947546243184,2686.6373126144767,3.0,63.92734454473475
7924,2625.618471067611,1497.7276640888244,3.0,63.90351509262504
7925,2100.536342291838,665.4739582689139,4.0,63.8930992254153
7926,3121.2227297905765,3337.2808944406024,3.0,63.89124762348557
7927,2255.2478451997004,3487.3753351815544,3.0,63.881975589843876
7928,838.2553739077761,2844.304295473884,3.0,63.8798369159314
7929,1346.678698394083,611.5723270135417,3.0,63.87767358777383
7930,340.674685469541,2045.7387707158457,3.0,63.87692155385953
7931,3085.3961591525695,688.853693007261,3.0,63.87274423623636
7932,482.57109256527656,2422.6774955282153,3.0,63.860990526374025
7933,2556.389348419296,1089.752991342764,3.0,63.856786070779194
7934,2140.241067409839,404.56425725491164,3.0,63.840286572219846
7935,2883.7163803909957,3778.264749319011,3.0,63.83328566514094
7936,3403.3670021455214,3481.377096008178,3.0,63.83300842543082
7937,1551.6441773988024,1018.785541388372,3.0,63.82463485308413
7938,2113.297826672273,3454.583637924701,3.0,63.81734309045791
7939,3113.7091781671797,2559.30173505143,3.0,63.780709578191974
7940,971.7741426307447,2932.243652814931,3.0,63.76183726624062
7941,807.4240510475245,1721.353856812558,3.0,63.746244009869066
7942,3324.6354582207337,2910.609105939216,3.0,63.73213273194306
7943,1567.3453043230224,1502.3585346776329,3.0,63.731933729008404
7944,3136.8177563167114,2352.70669521584,3.0,63.727199381043
7945,2779.470732777519,358.38042061614885,4.0,63.726064127333004
7946,893.5859458736012,1884.7371372766772,3.0,63.70156921880399
7947,576.4675957856724,2006.6096208765468,4.0,63.69695899187915
7948,303.55789939713236,2014.2236728822577,3.0,63.687952356740574
7949,3505.6304240254162,2191.3081872787316,3.0,63.68441495951649
7950,2081.57777913978,1563.4224115578256,4.0,63.67484219879823
7951,1172.7592220801967,2705.362214034407,3.0,63.63055836047054
7952,2963.4519070884594,456.4676402904616,4.0,63.62927848443546
7953,2875.790192675133,1892.770187978412,3.0,63.608936495455154
7954,379.36990071475134,2297.3001689797156,3.0,63.60832906536261
7955,3848.4436657260662,2679.3305640365356,3.0,63.590433700883416
7956,838.4044144646772,2690.5095085191306,4.0,63.578875465277925
7957,1282.7822480922482,659.2067331505241,3.0,63.56221642457585
7958,1770.6939481138152,210.68113611336835,3.0,63.55297101742716
7959,1449.2535095778574,2471.6714037307784,3.0,63.546770811793955
7960,1423.6977479881482,3126.6409531002732,3.0,63.53213040068192
7961,266.62405626870907,1563.3421022336065,3.0,63.52742431126451
7962,3567.614410100778,1039.3911196857446,3.0,63.5267287440586
7963,3484.54717367981,2615.419728053637,4.0,63.52517575843149
7964,1803.7560621543005,1301.7483102860922,3.0,63.49904168013182
7965,2738.43518482835,729.4266233875252,4.0,63.49532952985976
7966,1707.3668583549818,3582.6504181673363,3.0,63.47519122058546
7967,3906.5855551602667,2701.4713017853933,4.0,63.475094269621906
7968,1953.7160642474234,3110.255658829165,3.0,63.47159211464714
7969,3034.4051898486714,2544.2756308022463,3.0,63.450099555022135
7970,2232.287473237827,763.3571737199655,3.0,63.44927276339291
7971,2586.595004357255,188.53152679741854,4.0,63.44747988679035
7972,600.6270670714032,3261.454097947828,4.0,63.44689688525067
7973,859.3756704735852,2454.748658468494,3.0,63.43289417714105
7974,846.228763546323,1934.6695623119228,3.0,63.431750915168955
7975,2460.534634674737,984.3247702190437,4.0,63.42662739210249
7976,1321.5603954998617,3638.6051146815817,4.0,63.42509487503949
7977,1746.2572882916443,3099.687412620834,3.0,63.406093753082445
7978,2466.2760661407224,2757.7925890123474,3.0,63.40302211765648
7979,568.5389283836422,1343.4890840533099,4.0,63.399276418966835
7980,275.6215367775965,1343.2717582790096,3.0,63.38893598830433
7981,1650.5484712679101,896.5412027515907,4.0,63.37959513451432
7982,3132.353164503465,912.2855006243112,3.0,63.37855941734502
7983,1139.6753704434443,315.3336806858636,3.0,63.35710209108581
7984,3692.3033295033456,1930.418955876,3.0,63.335441942815415
7985,602.7881349925563,3288.2102705711854,3.0,63.32674081779084
7986,2599.3720617708027,3803.454113269692,3.0,63.32262342231812
7987,1528.666481612855,958.3109911352137,3.0,63.317126926865065
7988,658.317323250749,2503.40110709319,3.0,63.31052905552176
7989,1564.6858181736561,267.5822552168799,3.0,63.275819376130364
7990,821.3924890855362,2875.7275016677513,3.0,63.25784444044001
7991,4016.55928954392,2194.3647546982697,4.0,63.21909570964568
7992,2382.6955439631934,2701.717417912882,3.0,63.2064030453247
7993,880.7324623649059,1108.5924591782557,3.0,63.18205426772038
7994,3085.5066854212387,2358.548254620915,4.0,63.175664862979545
7995,3775.2585210251627,1456.770311861495,3.0,63.169650548681545
7996,1410.7186480036337,1748.2400181909843,3.0,63.164343331847476
7997,2262.2767483030902,3874.3033209919663,3.0,63.15959260352661
7998,3189.4629562671175,3362.4344456287986,4.0,63.15457233445342
7999,3168.7621851150525,1779.4636588130795,3.0,63.15395945156339
8000,3110.513311175267,1050.5822864243735,4.0,63.139814051320535
8001,3734.4281524228427,965.2198485257896,4.0,63.11216718550551
8002,2234.286178002609,147.3267974996376,3.0,63.10093624786785
8003,2645.5500287020336,3497.448312196351,4.0,63.02287330487491
8004,3323.584360370168,2603.372234025467,4.0,63.002728800051145
8005,2962.2955515335134,1529.7211084581643,3.0,62.99320135945172
8006,1938.8041648775818,2634.7569965328953,3.0,62.99128306265496
8007,3054.305021208585,1580.7079490952935,3.0,62.98335669344626
8008,1903.7219986959926,1462.6291173241966,3.0,62.98254122829789
8009,1535.6649731438129,3171.283875268903,3.0,62.93181574898465
8010,870.2728954893507,2211.6741908416293,3.0,62.9299803537388
8011,1226.4422729274613,774.5276493377423,4.0,62.92650313191873
8012,2687.3827445016664,1838.5066702272068,4.0,62.92550215435064
8013,917.6953901805233,2650.493127960495,3.0,62.90003712837081
8014,1360.5331921030784,1729.4904971272429,4.0,62.89772346000297
8015,1527.2081731333537,2756.526507287974,3.0,62.89373720147359
8016,2585.4395895593548,2005.328157064263,3.0,62.888103102502136
8017,1624.700842417449,728.3330093798938,3.0,62.87056139213696
8018,1650.7464130951892,2457.2924500239887,3.0,62.82080221626882
8019,3740.9895757138233,1161.6161418096428,2.0,62.795199319722656
8020,2606.6531852734443,1026.2853761972424,3.0,62.789986158318335
8021,1375.2708462172607,170.6491729617463,3.0,62.76819672652356
8022,2878.2399480637337,1583.720444677062,3.0,62.76741339139526
8023,653.2510329915798,2337.7829815290042,3.0,62.76333567218067
8024,1114.686215628236,1306.411963450492,3.0,62.73717625576066
8025,3153.390607045273,3076.204490154613,4.0,62.71403175886579
8026,515.3901579771575,2683.7373516334806,3.0,62.71065660960351
8027,1430.375052527723,3610.2591069630553,3.0,62.70933702048855
8028,3389.281123113074,3424.7383892465145,3.0,62.70915400009936
8029,2661.2476102636097,3902.3459368710874,3.0,62.681398595389176
8030,2767.5787938705193,3026.687405421883,3.0,62.67403237234195
8031,1079.7510879736496,3165.6614640490984,3.0,62.670136686007645
8032,3063.287256466365,2822.6621223641523,3.0,62.65291212775044
8033,593.4203938721216,3252.4715525532665,4.0,62.64803402810035
8034,920.2235096824519,798.3051207808994,3.0,62.609911776353364
8035,1945.7435898056792,3362.3756946794183,3.0,62.60052236239996
8036,1440.4795450811862,2104.418486536314,4.0,62.5937298314276
8037,2557.46577924089,2614.945756305755,2.0,62.58826216175337
8038,3040.469564644215,2522.4258649360995,4.0,62.57588317460484
8039,1678.5211103667523,876.4996197590933,4.0,62.54898154947485
8040,1210.329215360276,2672.636068796841,3.0,62.52272522814147
8041,3162.7397241484923,3245.6402580027457,3.0,62.50841712264361
8042,3709.717953777414,2458.41874876315,3.0,62.500823803699205
8043,3640.361961771469,2993.3914186533093,3.0,62.497748692085445
8044,2613.7817740235923,3777.7266447566158,3.0,62.483241040769606
8045,1502.2382154157585,2024.727339682882,3.0,62.47241949139239
8046,1070.4410134988866,2812.627831758235,3.0,62.46401779365617
8047,415.37575115390547,2745.64504472022,3.0,62.45501033737831
8048,2013.6201387172052,3805.359187346883,3.0,62.44886430034817
8049,1836.3059893988964,2949.1960222608873,3.0,62.4437327931064
8050,344.9992300459019,1155.000818351616,3.0,62.44188019976963
8051,1328.4970218663261,938.5395000634188,4.0,62.4296256849336
8052,2471.447334846726,1389.4902286877882,4.0,62.41562667154325
8053,3483.2710790011406,2557.2025307991994,3.0,62.394418823687545
8054,1899.4719300513273,3744.418425508102,4.0,62.386508429791526
8055,2212.347188412755,3446.699326881016,3.0,62.38552871466273
8056,1295.3724944342466,1120.339092434277,3.0,62.372822868794074
8057,2383.3991652992336,287.342740625587,3.0,62.36837742719054
8058,1399.2792764172514,2793.228441228375,3.0,62.353300402180814
8059,2801.6698493991535,3189.3526484526387,3.0,62.340184295915876
8060,3169.381056009951,793.283792894612,3.0,62.33557845189328
8061,3188.359594456953,578.3604820916735,3.0,62.324565319203785
8062,2525.3857112724313,3484.7672870908,3.0,62.28463989166056
8063,3291.7069719441774,477.5530255789675,4.0,62.27895134592859
8064,1695.3147988923083,1482.6786017759553,3.0,62.24956189001442
8065,1755.635189924645,2639.5807632467045,3.0,62.24656081847526
8066,1374.7134091812093,3839.4279953565347,3.0,62.230431587129885
8067,1492.7436169379666,727.4154259464284,3.0,62.20203604050805
8068,3536.27284221988,3019.7098393328747,3.0,62.178538655426756
8069,3032.376789311374,3804.6422481746617,3.0,62.16297559915097
8070,915.303709531068,3019.3373477361265,3.0,62.15827433330971
8071,966.6224847674102,3281.674716683635,3.0,62.15333271190854
8072,2559.601599881464,3506.469794934705,4.0,62.13160343989224
8073,2425.761258665446,3175.2049156901962,3.0,62.11831446001528
8074,3484.015347920184,3155.5266047440637,2.0,62.095396283121595
8075,2444.1814751581496,1038.2737038808098,3.0,62.083990415538096
8076,3635.6559224981347,1726.3999692657826,3.0,62.05354178252372
8077,2507.274475344994,3645.6958661963117,3.0,62.046095522517376
8078,487.7057734475387,2057.385558222552,3.0,62.03646101968502
8079,1553.4704359320979,665.5350596239017,4.0,61.98115794969992
8080,2335.317090170543,3850.424867150939,3.0,61.96498852539957
8081,2350.6724424050617,2385.7187115596557,3.0,61.956855946638505
8082,275.5454290529814,2824.468064654133,4.0,61.90307668612398
8083,1018.6605248557788,3033.3783206827507,3.0,61.88257694489753
8084,1676.7564904803069,3011.745144579879,3.0,61.870478677688865
8085,280.6735989631408,2429.6419781019554,3.0,61.86162251821912
8086,2000.2268377997207,1209.7131675412927,3.0,61.86028220251925
8087,2706.3388027534834,988.3545901061261,3.0,61.84967077923693
8088,2089.606425187225,848.6268488646806,3.0,61.83313365355881
8089,2953.6742880296506,1555.5853809096864,3.0,61.822545846723784
8090,731.2581728621627,3291.738523995948,3.0,61.80478633019735
8091,2042.7355056698052,3359.5773908693227,3.0,61.75577885588434
8092,1026.7009949785338,1376.4190024039524,3.0,61.75468062078873
8093,95.6919491307835,2122.400426255341,4.0,61.748815579619524
8094,1297.3632829175306,182.63312752073685,3.0,61.737308047797015
8095,1485.5641604608034,3504.9993967073124,2.0,61.73304120213601
8096,2327.3589530821364,3352.3583458110775,3.0,61.7175766748334
8097,394.3923606357473,2793.5672834251623,3.0,61.7137418515716
8098,2408.6719510095195,1595.838842759813,3.0,61.6938922734745
8099,1361.2810717972668,3084.395941276858,3.0,61.691997825116424
8100,2108.214574254781,525.6945454391592,3.0,61.6910853289092
8101,1905.2590692549682,1073.221507363659,3.0,61.67742834158304
8102,2704.4833203596017,1390.6339201784037,3.0,61.66713328616484
8103,3455.7097564206274,2860.267582907187,3.0,61.66656655314033
8104,2226.406969374954,3871.4719806858106,3.0,61.66065888665739
8105,1996.7299951256384,681.3144189742802,3.0,61.652729201181096
8106,1763.6851201223317,2530.66304081814,3.0,61.650553027638914
8107,1092.372068441232,393.3498092426866,3.0,61.634289140364
8108,2744.5981375964902,1075.2729677090779,3.0,61.596829428288046
8109,2930.57901271533,2921.5101409092504,4.0,61.58547265466683
8110,2306.616539363544,2531.702393830114,3.0,61.560372141364326
8111,2896.363568655936,1367.6396594590876,3.0,61.54659894755152
8112,2917.769608060146,2033.2668309903017,3.0,61.51526196120922
8113,1950.3092715570797,1351.3541865587938,3.0,61.50774304760387
8114,2792.19624868593,3820.665416639268,3.0,61.49065013816848
8115,604.5150679420806,2687.434116523693,4.0,61.48908423205497
8116,87.66077117676048,1802.4985242347855,3.0,61.487539622411404
8117,912.3177892730205,890.3248750638127,3.0,61.43627554909145
8118,2698.6806625978484,2320.244214744616,3.0,61.42541504764716
8119,2548.6449546956296,3302.297617731933,3.0,61.417157479462155
8120,3370.6007586493893,3194.6104739687585,3.0,61.39048180969728
8121,1221.7802508896782,1003.797407070558,3.0,61.38350518093082
8122,3091.6473063351696,470.30799967047193,3.0,61.38159029592976
8123,3297.6849180544627,1897.657496061701,3.0,61.37342655012992
8124,2982.2569647479118,2499.3518201777333,3.0,61.36808371160741
8125,375.43961900518616,2650.6277807580077,3.0,61.365856042888254
8126,3658.9839974530555,2052.529302224797,2.0,61.3509333486661
8127,3194.4458908276342,752.6649116869409,3.0,61.31114616420121
8128,3259.5168640369466,3337.5074310359696,4.0,61.3047352519946
8129,2553.2777872461043,3886.251078219204,3.0,61.288663140824724
8130,2222.6646602083774,520.3696680347477,3.0,61.26850990117249
8131,3288.365712936616,943.7025719052169,3.0,61.25424597239145
8132,676.4468073524754,3048.687672722528,3.0,61.215786732456394
8133,3274.4220551376225,2361.652245915463,3.0,61.165969495241725
8134,3901.345465297326,2581.278222652045,3.0,61.15701905729216
8135,3102.327591387485,2524.3950151330428,3.0,61.14357215596567
8136,3903.686274864281,1700.393237781992,3.0,61.14074607773953
8137,2351.320817765847,710.4055154986128,3.0,61.08706046618318
8138,1677.3376268889617,2691.9734824031284,3.0,61.0432224574425
8139,2700.3992402272256,683.5942901397664,3.0,61.00893731184313
8140,644.5408294400431,2800.3101630252913,3.0,60.99195537212047
8141,2701.670023090779,3756.399394284161,3.0,60.97220068739178
8142,803.4178475136054,2830.7178604573305,3.0,60.9639696699166
8143,3019.3227590500464,2822.287876881547,3.0,60.95883069099314
8144,3714.3866799664343,1956.3147939810706,3.0,60.949463564737584
8145,3684.261239571416,2629.6824954629105,3.0,60.91280879631938
8146,1651.3695688740015,354.3644297122638,3.0,60.899945922766655
8147,1081.4318126054256,382.33049891478447,3.0,60.844639047938934
8148,1364.3601126279393,1998.7126364509932,3.0,60.84351308243482
8149,757.4379336791629,1015.4832940245026,3.0,60.840649049896534
8150,832.6077870543063,1455.4422997129893,3.0,60.83541702490799
8151,1749.734647127493,2627.520662868578,3.0,60.82242935374939
8152,3195.5093224485936,1019.5699962253116,4.0,60.788339258749986
8153,2026.2242306934615,1288.7474222129717,3.0,60.741875828566144
8154,2581.373250054827,1086.9989988438033,2.0,60.73929312424471
8155,2521.6855454450015,593.3102127566547,3.0,60.731414429328744
8156,2967.656656421054,1722.5836189275637,3.0,60.70951371637325
8157,2154.5930400135435,3206.575633467106,3.0,60.70175805800436
8158,1536.3349357835937,1963.356622449508,3.0,60.700901257960155
8159,3519.4112591521607,2017.3411710856165,3.0,60.690501883265
8160,2814.3497055831695,1513.4524144800664,3.0,60.67933133184479
8161,1372.3701039032944,3361.7692383593,3.0,60.662364983798966
8162,195.60575013333448,2443.374703680795,3.0,60.64935794901353
8163,2827.661156060914,3748.5966243284347,3.0,60.59732191331385
8164,2927.302393783114,2440.7312552425237,3.0,60.5542942202244
8165,2525.408176348127,804.7166304185473,3.0,60.55244884743268
8166,1952.2864420475858,221.69579991500095,3.0,60.5406517692239
8167,128.40261912120656,2311.615254865544,3.0,60.535232502268286
8168,3261.3553167552936,892.5855191571168,3.0,60.53369034398499
8169,3063.806942881099,3576.3078175536484,3.0,60.49490480347161
8170,3285.6604451958997,1088.6474418317168,3.0,60.46475333488321
8171,2885.801205081016,544.7530213002913,3.0,60.461102434468636
8172,2663.984219710001,2311.566856009181,2.0,60.46088144088611
8173,1247.620510726768,457.65280126519406,3.0,60.46067091784402
8174,3471.6376243574955,2044.300987260321,3.0,60.39907099783573
8175,1881.2671117254108,472.28281415368025,3.0,60.343730041460184
8176,2179.397478250653,3847.351434034235,3.0,60.33937461411322
8177,2819.322393582153,3184.4544327328863,3.0,60.33905695709485
8178,2049.3037867347707,3861.285677862859,3.0,60.30308952128502
8179,1727.6716666820214,2512.6135505883144,3.0,60.284651747773395
8180,2115.4854449027407,2665.4251901328494,4.0,60.276917401232055
8181,3180.010845779803,3179.657695848263,2.0,60.274557499068884
8182,3262.4452984705053,2589.3211724590815,3.0,60.26673798016788
8183,2904.553183437108,2482.5330580802047,4.0,60.26576376238805
8184,1557.7299026814653,2290.418915776663,3.0,60.20585426503569
8185,2940.407409880272,3633.3825484432614,3.0,60.19961662813511
8186,2039.7148904652197,3354.5622775415263,3.0,60.18802706197611
8187,1879.6479075069349,753.3999326957659,3.0,60.18094125197922
8188,834.431036444239,3414.5880720434443,3.0,60.14884385545013
8189,1251.70452378056,392.33442546329695,3.0,60.13435219200903
8190,897.6331833656243,3339.6677636287313,3.0,60.13246416654093
8191,1648.5848990974018,3199.9843871835815,2.0,60.13190890431346
8192,2961.0028547860775,2275.406573525948,2.0,60.09938755166355
8193,2021.7204054649728,1270.3294815548088,3.0,60.04462559288394
8194,4010.633359665042,2014.4014076670555,3.0,60.009520887230515
8195,1322.6619831707335,2337.6598968714247,3.0,59.979460424377294
8196,3607.3671720921034,3140.435776806294,3.0,59.97429806908611
8197,1399.5906621845486,3357.00192584935,2.0,59.90289029698629
8198,1953.3801741527138,905.4470939544502,3.0,59.89851399841439
8199,3982.6505606625387,2221.343503392113,3.0,59.86046326576434
8200,997.3163446026949,930.2586463864399,3.0,59.79855268459604
8201,2940.5791153910513,2531.9971568179026,2.0,59.74681132691771
8202,2806.4077214483164,3226.397699307166,3.0,59.74413267637755
8203,3471.6722263914785,3423.841372631773,5.0,59.73980294125741
8204,1258.7366441241925,3186.3171631579585,3.0,59.70408681418933
8205,2130.641072273271,3700.3283228933988,3.0,59.69983541250369
8206,1001.6158914140291,2448.4288334803405,3.0,59.69451669922056
8207,1668.627839590018,3650.2425971898647,3.0,59.69330912253594
8208,690.9809051991488,3067.602907738875,2.0,59.66960397835254
8209,1978.2753064180517,77.64799603870313,3.0,59.63183392233994
8210,2697.341106194084,1392.2929340328847,4.0,59.60017324304687
8211,1155.3818273602178,1104.4398348488112,3.0,59.59946912505005
8212,1256.5682274219853,3206.0243965529253,2.0,59.58611035353272
8213,1540.529977921914,2955.022638578798,2.0,59.557141195018446
8214,3720.3571030993407,2357.5861325070814,3.0,59.5555491885809
8215,2504.550640252297,457.00248707455216,2.0,59.54715488196078
8216,2761.485779221264,1126.9499018531742,2.0,59.49461154584663
8217,2773.7354594589933,2001.7005324492882,3.0,59.47827994997735
8218,3192.655463701574,2698.658607181777,3.0,59.45369506138438
8219,291.315175799687,2383.61378568556,3.0,59.44453972296724
8220,499.3448495630464,2123.566789902463,3.0,59.439087751822974
8221,3454.006362675529,2213.526330400234,2.0,59.42825173190094
8222,1788.3090548120374,3851.2566060152726,3.0,59.403445175146885
8223,1574.0075522322866,150.65566687071973,2.0,59.379911259309154
8224,3096.4281900036044,730.5447053016993,3.0,59.36663714172892
8225,1554.4099652757577,1144.3621618633097,3.0,59.351815114284925
8226,3823.667224740943,1372.4660074525934,3.0,59.32294549582191
8227,1395.0192631558277,3208.56956740523,2.0,59.31715416416915
8228,1008.3222631212775,3760.0091387707257,2.0,59.302808790493295
8229,3385.4325432694754,1819.4412368844503,3.0,59.29338595926213
8230,891.6259103070188,511.61692459689357,3.0,59.28659149564493
8231,3527.5098592490226,2276.978311448784,2.0,59.27728942629497
8232,2233.497566648301,1604.013367054601,2.0,59.261376655612175
8233,1515.3777684591762,3930.012167109738,2.0,59.23013154370368
8234,2048.1394983274054,1261.335666268047,3.0,59.220411080698085
8235,2687.6122970785887,2843.637221271907,3.0,59.20398741358842
8236,1566.6679681120304,1268.556216455763,4.0,59.19770507151581
8237,2647.4307302116254,3180.615387013357,3.0,59.18167230035085
8238,3904.0912954996465,1757.5441852809508,2.0,59.17747412032104
8239,1767.9211562334183,2711.9154566876377,5.0,59.16819531233562
8240,3040.4716399128743,3632.368439804702,3.0,59.14297101532071
8241,2587.3796057522563,316.3848619595844,3.0,59.06146936134668
8242,3060.448688703785,2521.566985223782,3.0,59.028941021672196
8243,3188.3059808464327,2802.6322785686457,3.0,59.02098228289437
8244,1184.4491718165002,3707.990933642221,2.0,58.975830339892
8245,2368.445112032636,3995.9663279788756,2.0,58.94597252739741
8246,2801.488269641354,1672.9822391133623,2.0,58.94571322017232
8247,2586.429759785914,492.97962608850855,2.0,58.94251674139278
8248,3361.634883043647,2929.6359860115017,3.0,58.94106054035363
8249,1498.592553444977,2105.4448445782064,4.0,58.91261777362863
8250,3104.008070116003,1422.3885872155172,2.0,58.89663275568321
8251,2511.430334861622,3130.010852132918,2.0,58.880790513775956
8252,2728.557331007309,2268.6195932855067,3.0,58.87569003286176
8253,1548.9933778670545,3717.4820655591575,2.0,58.871060875957326
8254,746.0390727375125,2593.5482611158322,2.0,58.86626528295863
8255,1207.6726354916127,474.40954330778413,3.0,58.8603684025937
8256,2592.011532094798,3110.4634163816404,2.0,58.80985525961039
8257,1929.3855377944642,432.97472243722297,2.0,58.7581391333521
8258,3755.436498121242,1122.00270529772,2.0,58.74004525871379
8259,971.341111852054,528.3488219017562,3.0,58.72516528047529
8260,3089.4048578306033,1955.3824055084883,3.0,58.72139123939574
8261,3432.4152945314395,2867.446149854912,3.0,58.719932009185804
8262,497.9803414388422,1576.5241712727914,2.0,58.701152668620175
8263,3483.3906915223747,2134.728980908313,3.0,58.69487519611251
8264,985.3189224322228,3573.3681121368745,3.0,58.66155280366963
8265,1634.9954334600518,3183.42507951569,2.0,58.65462219401706
8266,3076.621101909519,3086.589145216705,3.0,58.57985029684933
8267,2957.6450930639026,2070.5988702975756,3.0,58.57134043852945
8268,532.9821581699964,3225.710868742738,2.0,58.52848531757622
8269,2780.3355888936653,1754.2911503633625,3.0,58.52539197517768
8270,2513.568595161569,1525.0030475239441,2.0,58.521601032342296
8271,3701.4124470372362,2523.3035125523606,3.0,58.49752851357432
8272,2178.432583949065,1474.3152003595578,3.0,58.494389617734285
8273,3037.563168265944,952.993137353345,2.0,58.479963251183825
8274,544.3184404021194,1160.9752331268205,2.0,58.46876093691374
8275,2548.026604081531,2546.2620040410625,2.0,58.441477537790895
8276,1517.031281641724,3799.4930433262552,2.0,58.43879839583982
8277,875.9572151665232,2966.517813234233,2.0,58.42074660140359
8278,2943.9791430700643,804.4126897186271,2.0,58.40521266378583
8279,428.6616158948874,1471.6469952138746,3.0,58.34894164497647
8280,3283.4433798194923,3059.3745872674504,3.0,58.34421879213039
8281,1911.4788881852337,2552.0178377290913,2.0,58.280421306678186
8282,2620.013474507628,3092.4348986158475,2.0,58.24117087966918
8283,1655.9852010544835,982.5648491608919,2.0,58.23535341090773
8284,1735.5596900339185,3924.9299172902706,2.0,58.22033985406187
8285,2026.4542802285061,3151.0031852513266,2.0,58.2176127585609
8286,528.4176070311406,1679.9822556812803,2.0,58.21234579728842
8287,3292.5044179887104,1081.0084334836731,2.0,58.186754193341
8288,1120.000959116373,2199.3808797506,2.0,58.1824202820663
8289,706.0128791586603,2562.3704224490057,2.0,58.169828795966495
8290,3306.007858528284,3290.5315678616485,2.0,58.16468686570376
8291,2132.386138513256,3861.632883316155,3.0,58.147292650140635
8292,3521.246792655921,2801.7420916295514,3.0,58.14535694260876
8293,1198.536611561556,203.07531476169945,2.0,58.14447486707046
8294,2178.3888454033686,3728.267238434914,3.0,58.10717694199652
8295,3509.990717247931,2866.3800541408577,2.0,58.051390649304686
8296,2504.581786660999,3141.3940039675053,3.0,58.039901553734495
8297,1979.0119565422633,2587.4794833861106,2.0,58.00814158622448
8298,2490.3795260064066,3109.372395818157,3.0,57.97170472212872
8299,2441.326736297367,2498.6179597918267,4.0,57.95693898813049
8300,2846.52145232889,3712.0597100931222,2.0,57.94836434904448
8301,200.9946319438981,2002.429569494263,2.0,57.9011063491434
8302,1580.3421820961084,909.6316263391094,3.0,57.89107636059383
8303,2298.5058562627946,661.035272085514,2.0,57.83676606200899
8304,781.337809522304,1860.2918219328253,3.0,57.83155337055621
8305,854.5012773994005,3618.057725786523,2.0,57.81809105341065
8306,1050.6189752591097,1453.969516039426,2.0,57.813389875738494
8307,3360.6201811275664,3521.6360546040323,3.0,57.811264434087704
8308,138.38348043009282,2372.591975960806,3.0,57.80608746627457
8309,2535.979310035208,2577.416958133731,2.0,57.7977465568427
8310,777.0029410709933,2876.5777498515945,2.0,57.7845910934796
8311,2854.964781370851,1996.5050271651667,2.0,57.76417024367124
8312,3917.4569930468733,1795.0788520547187,2.0,57.75686440129612
8313,2054.518948465993,818.4808020061542,4.0,57.75337015678194
8314,2921.309480376252,1695.3554419011084,4.0,57.7172920689551
8315,763.0258803769847,2625.288162089277,2.0,57.7039153451242
8316,3194.5281881030787,2258.0279604925313,2.0,57.698710090334245
8317,2865.5111947855225,3306.0130629274604,2.0,57.65971099344755
8318,953.9773149862808,3580.505451752227,2.0,57.641026551743145
8319,2036.4037635328978,2740.040341276018,3.0,57.62962889174973
8320,760.4272495015581,1714.9661544446271,2.0,57.60168451792783
8321,1948.0110666587923,3163.5582407222882,2.0,57.58360662999914
8322,3398.3848147014705,1498.081516848123,2.0,57.58010375420794
8323,953.0604661855041,2148.3568083558234,2.0,57.57836392142032
8324,2790.978259067885,2904.5381667031897,2.0,57.531579405164386
8325,2245.375868579675,3515.92128440073,2.0,57.5248986528565
8326,616.9985203766303,2107.706502161371,2.0,57.52248755211824
8327,1740.369108611343,594.3774019493593,3.0,57.48761294863483
8328,3232.4712121753046,2683.9972195717833,2.0,57.467354568678935
8329,3654.02393167073,1524.4602676095494,2.0,57.40179261693675
8330,1897.9698995416802,3437.591131659141,2.0,57.40163240838418
8331,2661.4465944288363,2380.035066644585,2.0,57.39475097038475
8332,1322.5887227637945,2241.0214807176894,2.0,57.383385542701454
8333,1333.038196557408,2756.496460154154,2.0,57.36990537290069
8334,2660.483643766877,2295.013137932096,2.0,57.36697319096153
8335,3633.314704640601,3247.3035829328437,3.0,57.36520684032786
8336,3922.725283277875,1450.3501833039054,3.0,57.361492443844554
8337,1435.4960896273965,2296.0267085875566,2.0,57.35457976704903
8338,2056.6086219117437,3986.0507574996786,2.0,57.34831674207124
8339,863.0228816955259,1551.4909075316104,2.0,57.34281791475295
8340,3676.5621513449605,1294.985362727644,2.0,57.32893997273735
8341,3465.592635318194,1924.0359482318413,2.0,57.2934086840081
8342,1525.5023638683829,1153.9798666961972,2.0,57.29082989439315
8343,2246.010343738657,3300.609091749736,2.0,57.2784504513314
8344,1830.4980477068045,133.07680891527065,2.0,57.27824718181366
8345,1115.4516671600954,2530.047109815933,2.0,57.277212658043844
8346,2899.476312361792,881.0132744022933,2.0,57.272192244241054
8347,2233.9988256057495,1293.465704579421,2.0,57.27130757576587
8348,1473.4962032157628,2018.0397739004732,2.0,57.26055026260642
8349,1268.5162607566135,808.4922222590234,4.0,57.25511696143616
8350,1763.5575411509658,4011.9772886519495,2.0,57.2480539017805
8351,2311.564079201636,3648.5489926649257,3.0,57.191366998314926
8352,670.9589311644236,2770.525393614745,2.0,57.131317845890884
8353,3318.4004054966617,1306.0361011644898,2.0,57.120111291896734
8354,3015.973491046428,3316.5914862846307,2.0,57.11918655345207
8355,1703.615543868367,3626.985776920796,2.0,57.103222857666175
8356,1277.4891465036612,3559.0364032083785,2.0,57.09546552387234
8357,3107.9780449462414,3659.4204177734214,2.0,57.08129062623289
8358,3179.563607815476,3314.022859157181,2.0,57.05246198955111
8359,1521.5848179194495,2755.0124809083827,2.0,57.0100454397261
8360,3810.5692994616516,1813.3869660142866,3.0,56.99366668412232
8361,1646.9237326866892,2510.589560573949,2.0,56.969022555727236
8362,718.6601059346019,3472.950100177248,2.0,56.95881615219588
8363,3605.008825699568,1697.3768677225462,2.0,56.951197182628306
8364,709.4515488899101,3056.0085239655928,2.0,56.94893530448611
8365,1672.4874766737942,3278.9824998018025,2.0,56.94288265067833
8366,1626.9855088011136,3231.441656310303,2.0,56.94269604971324
8367,2439.999691147771,2643.3774915090303,2.0,56.86640901553326
8368,2716.531402554922,278.04961394152775,2.0,56.85890539287246
8369,1589.7001179218098,1478.9948145701615,2.0,56.85651393273603
8370,1344.4412490249313,2542.0126196346205,2.0,56.84412749547835
8371,1435.0392439266018,1817.4254203005273,2.0,56.82304287452817
8372,1571.5018261739935,3908.0749877518406,2.0,56.78636657462527
8373,1003.0677544632351,366.5836437577037,2.0,56.78291409662475
8374,3640.99126801143,1399.5663308764645,2.0,56.77468291706169
8375,3084.9559330768902,1805.468305890085,2.0,56.7687723893394
8376,2123.3579523789604,965.982489912798,2.0,56.76811022293413
8377,1932.5782045372825,3823.0199267336648,2.0,56.76218121176619
8378,1863.5163656887362,3704.0593808690255,2.0,56.751117199753
8379,322.9924619128817,1966.4492564807601,2.0,56.727498267337545
8380,2307.547836635702,3761.02629626616,2.0,56.7161173724968
8381,1967.2886582176368,3698.013430122829,2.0,56.70170324182664
8382,321.9978501672732,1484.6368652313904,2.0,56.69401545470886
8383,1028.516802516272,1969.6221859325617,4.0,56.68749876776374
8384,3945.9373353147807,1771.4601623273184,2.0,56.671054642025695
8385,3377.973731396618,1504.6353657845464,2.0,56.661560747552
8386,3813.4028794584915,1203.5982631567786,3.0,56.643747303365444
8387,3703.419003616293,960.0148984145331,2.0,56.62485644869851
8388,2352.9925303300834,2636.403360521492,2.0,56.61242373113066
8389,3474.058974638719,2437.5529931383894,2.0,56.60760636871822
8390,1047.4133074397857,1259.0212671410636,2.0,56.58092646974024
8391,2171.974641087868,3428.52822928701,2.0,56.58036095720609
8392,1036.0046900631735,1150.715361938804,2.0,56.57813108929498
8393,3866.467670399891,1666.9957478763351,2.0,56.57616818788752
8394,3619.486761122152,919.9995520621625,2.0,56.569097610164725
8395,175.9811032109914,2362.538415328016,2.0,56.562584738427425
8396,1419.4960823889426,3117.0295684861394,2.0,56.56023603548662
8397,3316.3504200184775,909.0015092282891,2.0,56.524076420203336
8398,2195.488231654857,1008.8280127096306,2.0,56.521031567345304
8399,2505.6620704631086,856.0895593684363,2.0,56.513461515846764
8400,875.9915781635942,833.3455838842636,2.0,56.49374756744962
8401,2679.9795739339856,1351.4916619588935,2.0,56.490582983583465
8402,3149.9653046607787,2602.3492000412125,2.0,56.47238165248053
8403,1775.5996858991896,2837.966169709506,2.0,56.470781260836084
8404,2684.985661455203,3801.4043505049576,2.0,56.45608476733433
8405,1853.920001954205,1042.50317679975,2.0,56.35908735517772
8406,2621.5173514630033,705.9531500770594,2.0,56.3407487180579
8407,3782.5884078713184,3094.0050282241095,2.0,56.31256448781748
8408,3716.428317684785,2578.428069168401,3.0,56.30246663982731
8409,2028.5596353053695,878.0314241291807,2.0,56.284959562736155
8410,1561.9811571948924,204.54118709983587,2.0,56.27217143566731
8411,877.5184406857115,3636.993571058718,2.0,56.27045781120712
8412,357.69859187492455,1564.0591827118724,2.0,56.26059757101834
8413,2987.4331285268954,3301.973952527735,2.0,56.259521557432926
8414,1597.0239602288086,2740.507534786563,2.0,56.25039133917651
8415,1999.005084803767,3608.466876197312,2.0,56.24680153345741
8416,969.9715429317115,540.5219604418677,2.0,56.24556180351413
8417,2355.388467838676,3916.9573273427154,2.0,56.22300354008095
8418,3665.941402583687,3005.3961740184204,2.0,56.22122079034236
8419,972.0351174938845,1553.4750168561172,2.0,56.162064486282794
8420,3914.031944890333,1580.4731155729874,2.0,56.15851462513327
8421,3735.5996522626797,970.0557054018122,2.0,56.127621277092615
8422,2199.992927820621,3462.3781750332005,2.0,56.10199096570288
8423,2945.016030909643,1040.5454675193691,2.0,56.09368100674821
8424,1905.5785850519583,1470.0267438463213,2.0,56.088217424611095
8425,3355.0389339227145,1256.3951519455632,2.0,56.07295010303903
8426,2412.5707216736932,449.9847716524024,2.0,56.07252688998669
8427,2280.4432931597103,772.0091949085661,2.0,56.07126365655757
8428,2322.533481972223,185.06111169745762,2.0,56.055037532819135
8429,1481.9523001231819,2396.4372735323714,2.0,56.04818799140112
8430,3352.9921646434314,1645.312313907451,2.0,56.038263586159864
8431,3073.4961412640723,420.037667576206,2.0,56.018782267705376
8432,1648.4330210241512,1185.0025259356732,2.0,55.99095848724935
8433,1352.3730598495213,2436.0327940652187,2.0,55.986954411491624
8434,2567.983475633782,3748.4316381502686,2.0,55.96972388397247
8435,1640.2919408219825,3608.964373944619,2.0,55.959779911953646
8436,823.3999399829105,3083.04201215445,2.0,55.95053173729563
8437,3860.9773028093855,1386.327022989486,2.0,55.92526397197946
8438,2300.017872235579,3087.4095787860488,2.0,55.92329032365356
8439,1504.9818249989435,2693.560393061742,2.0,55.92306098263041
8440,3228.572436617996,2996.9675755095122,2.0,55.92081037017744
8441,561.9361617305327,2983.6459055161413,2.0,55.90860138004793
8442,650.6661460338523,766.9889759756913,2.0,55.89674400250113
8443,1292.5531191670334,773.552867056608,3.0,55.87648674270314
8444,297.4590903234737,1486.0285331409102,2.0,55.87641595584715
8445,3110.3742405152416,1985.4517395691616,3.0,55.85486936547427
8446,1097.494004206079,3127.0512611943677,2.0,55.852758489340324
8447,590.0102535154506,2586.2921245183275,2.0,55.804989907324035
8448,1548.467216148519,1345.0082269057136,2.0,55.765755288617
8449,2456.000013357963,2566.4296209362246,2.0,55.76380582898386
8450,612.9810422794347,2118.675332902069,2.0,55.743726819248664
8451,1323.0255423092794,2998.458864405279,2.0,55.73762127114772
8452,2320.3807444996123,3082.968938585801,2.0,55.723849120051966
8453,3749.0258208377927,1404.36534413137,2.0,55.684143545166464
8454,3313.545528841039,2070.958329626436,2.0,55.654169799385905
8455,351.0219731546407,1223.6354100120388,2.0,55.65202099073382
8456,3023.4204056883937,1146.9730006710124,2.0,55.62635466309825
8457,2656.6024908899603,3752.063862198065,2.0,55.608136207402204
8458,1320.0063088138843,1492.4907724547386,2.0,55.593606376241375
8459,1287.7319100102777,3348.0023337899065,2.0,55.59245156270116
8460,2985.010106883248,3053.6241632268056,2.0,55.56717664559713
8461,2242.968247229482,1271.7827577451758,2.0,55.53240120691001
8462,1019.6382293663895,3302.0223095628276,2.0,55.530994107470775
8463,3347.99714021126,3416.707686187797,2.0,55.48840977760213
8464,2021.9455860700061,1283.4802305607864,2.0,55.47843823927732
8465,1607.0139649462728,403.6438844624826,2.0,55.47313076534898
8466,1103.949315905366,3488.600855184156,2.0,55.442639375307195
8467,3102.398519150053,1264.00769824909,2.0,55.4243569641284
8468,3091.316363808296,2742.9797832374998,2.0,55.42283926915767
8469,1494.3570521559698,1284.0489010787448,2.0,55.414103814535146
8470,344.9579460667395,2914.605297013519,2.0,55.40605574147069
8471,2366.952927347071,3062.396412311783,2.0,55.38543906213815
8472,4027.9873196519675,2213.2887378248897,2.0,55.380080827333686
8473,3596.021943000379,2434.4677204725235,2.0,55.3555144952676
8474,1478.6893110499357,1297.9846957774228,2.0,55.34680203975733
8475,2750.3618318126796,551.9778035638216,2.0,55.342657425561185
8476,896.409042665281,552.8856218449647,2.0,55.31979094798824
8477,2514.9673412947864,3252.342928539474,2.0,55.31803076799484
8478,483.01244511886233,1034.4055665378735,2.0,55.31386378119047
8479,856.6747475677747,2329.9742173943982,2.0,55.31293080925945
8480,2769.4937553240497,1075.9291496556546,2.0,55.2914673715104
8481,622.7380851073857,2715.9887495825174,2.0,55.27935060010868
8482,3186.6375724020113,2598.0297942322018,2.0,55.2755384946604
8483,1833.0661464322293,783.4657698063229,2.0,55.25007947999504
8484,3965.432828311916,2431.9342635704365,2.0,55.248367854444545
8485,730.9742688958215,2849.431453420381,2.0,55.23951041634172
8486,2942.0108227896644,986.6858390547812,2.0,55.23657777714933
8487,2760.6055146840163,631.9599927034841,2.0,55.21652120269094
8488,2860.0447213790376,3843.49381821682,2.0,55.185092953459055
8489,1725.9768784151954,1401.4991242310914,2.0,55.18175152444423
8490,973.0031567695123,967.5320805666605,2.0,55.17671256676766
8491,696.9473549029302,2813.693492696479,2.0,55.17489942072286
8492,1100.107832773583,3156.529523448475,2.0,55.17094449300522
8493,1804.489622852759,3928.9736440814872,2.0,55.14424770474165
8494,4021.9328722079686,2259.560989431719,2.0,55.141833567691094
8495,1667.507687329216,165.04998371822478,2.0,55.125879029659174
8496,2272.560631705698,3612.050230099638,2.0,55.12565122333007
8497,1367.3693477261995,1248.018592584372,2.0,55.118206133970176
8498,976.521707327931,3635.00333409593,2.0,55.11811779835502
8499,1628.031960232799,219.41069486553454,2.0,55.11519720306783
8500,3518.0036377172296,1308.3140826872184,2.0,55.10133257811303
8501,310.41146679547046,1726.9285575054912,2.0,55.098829560904356
8502,1295.818456220509,375.99021378984213,3.0,55.09833740146105
8503,2422.476755298826,2605.9638826234273,2.0,55.09631229987311
8504,2781.0064973902645,1353.3299031345962,2.0,55.07428903709406
8505,2031.3860697366194,3824.039410513068,2.0,55.072159124627625
8506,1617.463064932377,3857.07800505097,2.0,55.05145910904137
8507,2195.541713833041,31.029953308755672,2.0,55.04207847412597
8508,820.5581739145092,2111.9510233262117,2.0,55.03554742842201
8509,805.9652588315471,504.428584701797,2.0,55.035515167789875
8510,3900.050154061365,2553.3819769834445,2.0,55.034153137306
8511,1652.04454654797,733.5219327164826,2.0,55.02644439166006
8512,2643.955829177008,1099.4496579693011,2.0,55.02273907894584
8513,1685.4001633423513,1468.0222819769267,2.0,55.017862736772805
8514,1167.976986449979,3310.4261123771507,2.0,55.01035281398567
8515,1736.5275529749065,1352.9847482590524,2.0,55.001996850289316
8516,1181.9824574411045,1218.5608480465114,2.0,54.98650397805198
8517,2418.989561194499,1528.5762787988313,2.0,54.969940526513085
8518,1355.9984819986828,2582.668956046948,2.0,54.95223456211052
8519,1292.9676691233528,1397.5194567531425,2.0,54.95144523047153
8520,1528.342692038564,1512.989548103397,2.0,54.942769969071115
8521,3104.0329715464577,2902.4068319280163,2.0,54.93902796949623
8522,3164.795541023662,3704.9930875386194,2.0,54.917753246555264
8523,2395.5082396001376,3647.953326387367,2.0,54.89340103443029
8524,3226.5113969367153,3052.068137671054,2.0,54.88893025099061
8525,464.91637296258097,2384.556992980409,2.0,54.88781155296492
8526,1208.5781610994352,2268.0739026511656,2.0,54.877973329762895
8527,2864.2730360046426,904.0157581993158,2.0,54.851829021751705
8528,974.715533485315,1408.9901142219435,2.0,54.822033783498505
8529,836.4398553021877,2447.9849338076187,2.0,54.817318814477666
8530,3770.626688778725,2720.2449276687857,3.0,54.804533203063905
8531,2559.5625751660705,1717.0139240678425,2.0,54.79544628967206
8532,2992.4796311418563,3000.968587573875,2.0,54.752748307520974
8533,1916.4707681844372,3622.0830497840007,2.0,54.74266332394422
8534,1904.9554043194519,2891.496456007393,2.0,54.72857139317205
8535,1625.0358693042265,3533.4128641042475,2.0,54.71260762015289
8536,1194.4983070656806,1255.0666848342833,2.0,54.70257909063454
8537,1272.5333404404846,1631.9434144556753,2.0,54.69391997481997
8538,3106.000052854257,2348.2322319497375,2.0,54.69281894844875
8539,2702.492786837056,3462.9456340160646,2.0,54.687805374345615
8540,2882.071519784686,3351.4180904105265,2.0,54.65253951639467
8541,3121.0164386611686,351.350666942309,2.0,54.65117458577575
8542,1513.0187522226825,452.714285828256,2.0,54.647967881619635
8543,3248.9906581397604,471.5450810707771,2.0,54.63813237885624
8544,3662.019587978327,1830.486470247162,2.0,54.631322311601565
8545,2376.969671893797,510.43788070068786,2.0,54.62639323406918
8546,3122.075580762819,1987.466712413801,2.0,54.62277280345628
8547,3290.48373596235,671.9664047567596,2.0,54.61064144099067
8548,2126.4561748668534,1129.0064235720527,2.0,54.579864572166066
8549,972.9949669050045,1355.4132536926222,2.0,54.578054020667366
8550,3245.996091928527,3535.515024970793,2.0,54.56872856687747
8551,3408.91397222872,3423.496298138084,2.0,54.56143086504014
8552,2460.0148122200376,3325.5362064136684,2.0,54.53132760847838
8553,638.6237293139915,1376.0790146517145,2.0,54.53130712589499
8554,3799.479316781855,2052.0157806381712,2.0,54.53069337091939
8555,2128.011755428934,782.640804490882,2.0,54.511820264974354
8556,2249.9852138836973,3631.6284692264244,2.0,54.50582039251655
8557,1368.0656197308294,2101.5193872246805,2.0,54.49907794897484
8558,1641.4645265247987,1066.9389007166483,2.0,54.49163824964091
8559,2729.7001340970137,1343.020503641179,2.0,54.46562187915019
8560,559.9800869934692,2847.717310735791,2.0,54.457469060926364
8561,2942.9625399405963,1800.2776270058666,2.0,54.45722485591081
8562,3161.0224795356917,1745.4526574783467,2.0,54.4421785960032
8563,3087.493112015665,2482.0108542697626,2.0,54.43066643738262
8564,3173.4816235486587,3685.1045803284546,2.0,54.42908656059838
8565,866.424043343104,3647.058494411044,2.0,54.418922912646394
8566,2232.959056424553,812.4620920587638,2.0,54.4093162140254
8567,3027.0102330305913,3834.440786699783,2.0,54.4050736302866
8568,1098.5631700026702,672.9973427547429,2.0,54.397430762719516
8569,2114.4116459258057,1176.9812730094468,2.0,54.396384201606296
8570,1199.0438226734898,2234.557706673695,2.0,54.378099377179595
8571,2169.427721642197,3574.940065772901,2.0,54.37150452206201
8572,465.04125686402136,2952.341978468539,2.0,54.36409649830222
8573,3230.0243645360424,1923.2852316487588,2.0,54.356165957623595
8574,328.94624504917124,1406.5626397600647,2.0,54.34248074170429
8575,235.54008302167782,1601.102042869268,2.0,54.33198761717632
8576,1176.9678639821657,3010.681498516231,2.0,54.312429932938244
8577,1679.632858211935,3344.965005789459,2.0,54.30373585681133
8578,727.0180772425396,1568.3631120318628,2.0,54.300248252968004
8579,3514.5866964434167,3218.002701535895,2.0,54.295558747092
8580,492.56177748204937,1218.059413979529,2.0,54.26044534503043
8581,1992.0105026238473,829.6380715814624,2.0,54.258267431110106
8582,249.9441569531384,1961.3978956961225,2.0,54.25209416335545
8583,2570.0858955471067,1077.494647799961,2.0,54.22354707159758
8584,3070.933348292224,1252.4142469239844,2.0,54.21082710656636
8585,2903.9676433292016,370.39267137149164,2.0,54.203689755310336
8586,1595.0161390621479,3718.701825533919,2.0,54.17980495028258
8587,3667.0400993303497,2591.5309361771165,2.0,54.16581262486561
8588,1150.5115031967675,3706.0564763615193,2.0,54.162713251132544
8589,3086.917124688428,904.5155061998848,2.0,54.1510739063871
8590,2151.3354687716433,3508.0235926231644,2.0,54.13983193228997
8591,340.4236919040566,1976.9345121842023,2.0,54.13849000900394
8592,1687.5483938417492,1241.00585834214,2.0,54.10887458196716
8593,871.2766436429107,3630.055253429858,2.0,54.103577627277666
8594,2812.9328605859737,1472.4599076898153,2.0,54.093680261168124
8595,1331.006177588651,1634.338166808221,2.0,54.083783812899405
8596,786.9836325386509,3089.4887275439105,2.0,54.07888999228064
8597,2138.698053121081,500.0034303414443,2.0,54.068828010484495
8598,3331.4924005668913,2968.9727288851295,2.0,54.059325613726934
8599,1276.038067234125,678.533538177326,2.0,54.052183637423546
8600,458.44917363710306,991.9397299106381,2.0,54.04663112849595
8601,1007.7254915394633,977.007035520751,2.0,54.034407441832634
8602,1380.6992618075635,1565.9669727808448,2.0,54.02904442251028
8603,2240.9920743043826,908.671066711749,2.0,54.0197368315557
8604,3448.5297175139417,1208.1074301703368,2.0,54.015824251531946
8605,1874.4921032585564,501.97311980584425,2.0,54.00815036467921
8606,3830.958014905445,1780.3863928334977,2.0,54.00778497471083
8607,1596.5950254621741,3609.052351723012,2.0,54.00737144632915
8608,3054.4955551903777,3028.9700810700338,2.0,54.00431702129081
8609,2628.035082371665,2378.451626007244,2.0,54.003251294130045
8610,1288.9696863440677,3807.548052126662,2.0,54.00283862886679
8611,2502.989724796578,309.68774320809314,2.0,53.99684317494815
8612,2304.685843114194,788.03688566828,2.0,53.98991486026381
8613,546.5780261074933,2862.0343051984455,2.0,53.9884361633786
8614,2145.067580869893,1573.585793189588,2.0,53.98023226480109
8615,952.036530880338,2693.3683190261736,2.0,53.96964442680656
8616,967.4817700419794,3295.077754246261,2.0,53.96781426223737
8617,2659.675392444028,3009.9820641675024,2.0,53.96259209299513
8618,332.55785636215006,3035.9413595218452,2.0,53.938492041724835
8619,595.0018652316593,1484.4332592078888,2.0,53.93163471097437
8620,2253.0365436137085,3046.5379753583,2.0,53.93139974163383
8621,2862.96605305698,514.7064501915019,2.0,53.93060789188059
8622,2942.052698664993,902.4637418468623,2.0,53.91192579480736
8623,2626.0307344243856,3891.60136021077,2.0,53.90214645512852
8624,953.0486138859062,3699.376722939025,2.0,53.897888356177866
8625,791.514942213787,1561.971054295541,2.0,53.87021662738182
8626,875.9816980900391,2659.645986928266,2.0,53.864526011501226
8627,1705.0082659361474,3952.426607019509,2.0,53.847489809850536
8628,3606.414950699471,1058.9420580061721,2.0,53.83446184926478
8629,2929.31860486792,1583.011721078888,2.0,53.83073806041591
8630,1940.365931164301,373.9310960630123,2.0,53.82780807847251
8631,2487.668290878489,3477.021282019112,2.0,53.80526182235291
8632,3827.3233813351526,2783.0399656550853,2.0,53.790748541216715
8633,2301.419189903577,2384.999146826928,2.0,53.78841281043634
8634,2716.4580070241605,1724.0335794162656,2.0,53.770331358263604
8635,2528.661496031634,398.05366335505124,2.0,53.76890367055211
8636,2184.4568495173094,127.9474958832438,2.0,53.757609808348306
8637,1272.050760791971,2913.4214914460194,2.0,53.74323508221736
8638,2645.67937796424,3232.9452608346005,2.0,53.72954090634202
8639,3866.8652044656624,1491.5802986107644,2.0,53.727731176523086
8640,778.6350981533714,3112.066280415538,2.0,53.72050990710917
8641,1492.9698592113718,3654.542985850591,2.0,53.69833804370267
8642,2163.386273540739,3449.0186434072907,2.0,53.68165363890493
8643,1514.5043944492463,949.073112254636,2.0,53.67712983676439
8644,602.9814524961363,2285.3493709906897,2.0,53.6697458672024
8645,1593.7298872309123,3158.0290577701307,2.0,53.65942579366154
8646,1866.9632319989344,4017.607683397641,2.0,53.64271010178024
8647,464.4897067867104,1483.9610892564667,2.0,53.63414505187781
8648,1139.0057864230953,2183.599706503372,2.0,53.62957620125637
8649,1524.0952672429319,1181.4993213687733,2.0,53.61922824772339
8650,2706.54358054052,1393.9351170888178,2.0,53.60303994246245
8651,613.5015414198757,3022.054024461414,2.0,53.594122327906646
8652,3320.537395718365,1317.9647157114898,2.0,53.57702908458176
8653,3325.526843992139,2057.963227114617,2.0,53.57450352123171
8654,1164.9712419972768,325.3587333540821,2.0,53.57064574066078
8655,2049.0130431661482,1282.3623634088287,2.0,53.56733477791023
8656,2844.3445205360763,2107.031762340856,2.0,53.56681158668414
8657,1743.5015697500437,329.91746019964296,2.0,53.54102110104493
8658,3451.060377744292,2338.3896737695945,2.0,53.538959146744816
8659,2738.593195158044,1726.973095029853,2.0,53.53297860202405
8660,783.5304791430034,971.9617423661734,2.0,53.495265668381215
8661,2962.518333959441,2861.066511864914,2.0,53.47330457692424
8662,645.9437705149583,2647.582811669611,2.0,53.44553525211303
8663,3345.4671031597472,1791.9987711003578,2.0,53.43935318701915
8664,1040.5476405200063,3730.976343795947,2.0,53.42746747393564
8665,1616.6219872418642,3462.927832157024,2.0,53.427046314584935
8666,1422.9811419023572,1758.4027182422399,2.0,53.4198938379457
8667,2999.553768645053,3754.9474804646798,2.0,53.41710112737907
8668,90.0172941898055,1856.6268723585868,2.0,53.41367953063727
8669,2243.3574885845264,3621.942893344261,2.0,53.40161940132964
8670,3113.9719412528952,3449.48209760184,2.0,53.400329361054915
8671,1490.9623051598694,1078.4034059938638,2.0,53.3998293861493
8672,2164.0358650311086,1230.5213721388664,2.0,53.39878560797298
8673,824.368553080553,3213.0360585749913,2.0,53.39621562034152
8674,3855.407034913931,2068.960198557697,2.0,53.39050157473774
8675,2340.036374004996,3733.675641167115,2.0,53.37279758096933
8676,1112.0817057725421,3645.457564480956,2.0,53.370490022173776
8677,3197.4876725831405,2777.9788798720774,2.0,53.32210246433398
8678,2522.0556683411705,1452.3678870195604,2.0,53.31745050158605
8679,496.01957378060456,1562.6615144127875,2.0,53.31470011414892
8680,1088.9435473789931,2068.480014651826,2.0,53.31329549930042
8681,3259.488710401873,3128.974777941261,2.0,53.30552674253876
8682,500.9504387550041,843.4850945227496,2.0,53.30096704436153
8683,731.6046986144034,3064.0481905671486,2.0,53.29323821617794
8684,3174.9681429341576,3031.4128177067796,2.0,53.28711207627359
8685,2049.4130421622745,109.95896591904224,2.0,53.27923132719341
8686,1602.0122058059605,3812.3007228550105,2.0,53.27094586818711
8687,2136.5762813385327,4015.972986059226,2.0,53.27057661701946
8688,2523.906876681752,3372.469917818499,2.0,53.26588183310308
8689,3104.009656496574,1541.6951485340069,2.0,53.26167683035841
8690,3219.9505832132995,1026.5179947495546,2.0,53.256058635663734
8691,1406.5289438804666,2731.988720492849,2.0,53.24288908535909
8692,1764.934349326051,763.5048140644955,2.0,53.24026762809601
8693,2590.5133738778045,3715.9591897974183,2.0,53.23944140150412
8694,2915.3630357113843,3662.9213316724345,2.0,53.23882758717833
8695,2576.992335141893,477.62670867362505,2.0,53.222511645071656
8696,3372.0662144474722,2207.4705686446505,2.0,53.22137264333985
8697,2435.047238025348,730.671118788707,2.0,53.20246953599357
8698,3677.0755245553696,2476.4962429702227,2.0,53.197218828468614
8699,1841.3943717677078,3717.9204914050974,2.0,53.193435686629876
8700,3058.651264994314,400.9634677260196,2.0,53.19141020562317
8701,3253.6573349582177,3179.951911617436,2.0,53.14786010097931
8702,2784.99359031928,1794.5588290443009,2.0,53.11261314191529
8703,3549.0670841831397,2298.5837807564217,2.0,53.10168847891847
8704,1876.590465574612,426.0724480162465,3.0,53.09753066876635
8705,2142.0541428364554,1270.7604076524788,2.0,53.097268069294294
8706,2914.9922700904067,3526.5523602995554,2.0,53.09521462047901
8707,2694.9578344196275,3132.574562615241,2.0,53.08487186552855
8708,483.4159690216124,3138.024414084983,2.0,53.05382183873141
8709,966.9942137789661,1793.3168790173158,2.0,53.05140338784579
8710,3549.4240441980323,2026.9211552205336,2.0,53.03757354184573
8711,735.5139335686546,3398.9831245229607,2.0,53.02693356654142
8712,130.04247676057852,2270.561877912229,2.0,53.00668818692699
8713,956.9689588466082,1440.5997839745512,2.0,53.00575796980395
8714,1715.3486556529394,454.0118643329572,2.0,53.00348515715022
8715,2960.365893416125,2693.964441164143,2.0,52.98218875070008
8716,416.5780007806644,2814.961649148116,2.0,52.97389717391656
8717,442.4434860356546,2770.9337134808984,2.0,52.94492836159389
8718,1137.3691151827657,650.9430767035745,2.0,52.94301978841246
8719,2588.3898023582474,769.9903071441113,2.0,52.93520895618443
8720,2619.0496217722766,2718.3655640501934,2.0,52.88508081183954
8721,2494.019951345671,259.6079680638582,2.0,52.87475238629358
8722,1670.929095992358,2192.456722046588,2.0,52.856445054284926
8723,2456.484065414664,2796.919112019168,2.0,52.848940597313245
8724,3208.877455092384,2398.5367465705986,2.0,52.84441399065568
8725,842.4311405736245,3351.976174085208,2.0,52.842878540458884
8726,1713.002188459218,2784.375791767399,2.0,52.84278365173699
8727,2392.4674881395154,1088.123752141155,2.0,52.841550146917434
8728,625.0757234177138,1243.5615866956919,2.0,52.83432438243048
8729,2304.5403972488234,3996.1172068841975,2.0,52.8014464522907
8730,2273.610863863072,4017.9491711716905,2.0,52.793112236472005
8731,3643.255299599809,2747.999345055013,2.0,52.78321475358638
8732,726.5825244533652,1306.9871491263384,2.0,52.78252120586869
8733,1981.0273555324284,4018.674022260013,2.0,52.76534572281781
8734,1141.4824171841567,518.0083778623573,2.0,52.75103394025573
8735,2471.039779118749,1330.6201663854038,2.0,52.74076150402164
8736,2187.9475603926653,2516.4356154395177,2.0,52.73258172056165
8737,3917.0407700043315,2643.548907417856,2.0,52.732130616527165
8738,587.0649458256555,2502.2953756768043,2.0,52.71874277852161
8739,1254.6224886371015,3115.99400574108,2.0,52.70869532374161
8740,878.0115608697095,1720.3840980406133,2.0,52.703641228874716
8741,442.9956527527061,2215.55696336638,2.0,52.69993614836876
8742,2667.67606749506,438.02680906905056,2.0,52.69859360330651
8743,231.00828733902057,2534.391855565796,2.0,52.6945491673503
8744,2415.3759163764794,1228.9691834789992,2.0,52.69270230737258
8745,3342.483708815937,1932.94210346235,2.0,52.676539716260436
8746,2023.6161165385408,263.9846381673179,2.0,52.66391211203321
8747,753.9396193848519,992.6100232686808,2.0,52.655623958540836
8748,889.5608806017013,1984.932039986239,2.0,52.6538830160091
8749,3860.9918447178375,1199.4054257584814,2.0,52.65066500770333
8750,2146.9592320874926,745.4475250801369,2.0,52.64397509166069
8751,90.43640993571032,2276.057247058163,2.0,52.64372453310603
8752,2091.960764241513,912.4769063437171,2.0,52.64341789631534
8753,3576.9742434355235,1712.448315782315,2.0,52.643062992028085
8754,2286.5077563411382,3461.053830556133,2.0,52.63714487609257
8755,3500.574864593769,2083.93937233466,2.0,52.634009340378455
8756,478.4830350350888,2533.977267631047,2.0,52.633798957487926
8757,1327.9489451963675,3621.390806390577,2.0,52.63138207511283
8758,2311.3396545770534,855.0584799652313,2.0,52.630517658469856
8759,2721.02177251819,3065.3521055537713,2.0,52.6245401039037
8760,3379.5820298100693,1716.110550904393,2.0,52.62309476357247
8761,3638.544495336169,2402.0625881195606,2.0,52.622053857744156
8762,3072.6082683617087,3054.021058411231,2.0,52.6138784746215
8763,2745.0176281986073,776.3482210484599,2.0,52.59244959818484
8764,2836.9868666944853,2488.4739437111716,2.0,52.5916340652959
8765,641.0098912227162,2876.5786942841655,2.0,52.590579417327675
8766,2502.4270223017566,353.95083877459916,2.0,52.58937714102192
8767,926.6305692985437,2218.0011839251674,2.0,52.57101898208164
8768,3633.483589538131,2772.9822252992,2.0,52.56291868691544
8769,1539.499635976843,3231.063900541504,2.0,52.56031723862616
8770,2705.470301260059,3072.901729059657,2.0,52.55305540062798
8771,799.3810465250858,3468.0167235161466,2.0,52.54962945237347
8772,990.536120554746,2842.9831480297885,2.0,52.542425616706936
8773,2527.9635978337665,1227.376716388245,2.0,52.536284645448
8774,2500.549840904587,3028.4009371906727,3.0,52.53387194553732
8775,2236.0195076065843,937.469861336053,2.0,52.517361510868795
8776,1741.03617470722,3989.4304214509893,2.0,52.51535172254874
8777,868.638563049548,877.0201364177581,2.0,52.50788258083205
8778,2356.52910827316,3750.122664292979,2.0,52.5029273517881
8779,2695.4238494318843,1292.0438905251458,2.0,52.50191329812621
8780,1003.6554938315652,2826.018355297178,2.0,52.49528104393837
8781,1925.0706883518012,3433.578759643218,2.0,52.48720294705839
8782,1654.9878889660924,3929.4595204747566,2.0,52.480417793327945
8783,3271.5889970487724,2182.0190196720146,2.0,52.45144149697902
8784,3425.955280594417,967.4764021388005,2.0,52.443765981762056
8785,852.4726122154227,1061.925331826931,2.0,52.42536106654039
8786,3349.9057614863555,1026.50721742703,2.0,52.41973727401659
8787,932.9287698839231,2930.575084339334,2.0,52.41271477100501
8788,912.372541140109,1583.9728304472235,2.0,52.40147001330715
8789,2295.979883120346,1113.6884370836412,2.0,52.40007727936657
8790,3853.508541050767,1935.0262677893304,2.0,52.38427399374368
8791,1528.5415200628963,1669.0440627195753,2.0,52.38397062206183
8792,2534.4865860287396,3461.061686866058,2.0,52.3831200046693
8793,3961.9811738172334,2137.315339161203,2.0,52.371797837310744
8794,251.05214362704461,2129.51461338692,2.0,52.366829618285344
8795,3168.9791803415915,542.5105244731692,2.0,52.36622764837828
8796,1637.9935905610018,391.6443193305324,2.0,52.361240986318464
8797,3307.573444495672,635.993654778981,2.0,52.323156554966886
8798,2864.1030653875173,1537.4811667816969,2.0,52.320132278641196
8799,1889.630114594113,3561.9515836244404,2.0,52.31550929936239
8800,1060.0081634495077,3444.4557563889475,2.0,52.29809972142097
8801,572.575852614764,1480.0670125942527,2.0,52.29320215105567
8802,1413.3706296121597,264.89378918948773,2.0,52.290433962500636
8803,303.5122888762218,1389.9700766303467,2.0,52.28787546631384
8804,1280.7103946495015,2672.0227553391023,2.0,52.28682461298753
8805,1453.9791362633016,897.4541990228752,2.0,52.27944465671621
8806,3240.544432049992,1452.064809598999,2.0,52.27298840805269
8807,3406.4821617993302,1735.9207510561837,2.0,52.266858562647045
8808,2965.3949454062918,1292.0610536761935,2.0,52.264492664952684
8809,3762.5626448032713,3122.0720870816117,2.0,52.26170894208862
8810,1309.5351039975537,2378.944554552999,2.0,52.2581215409172
8811,541.5680215291428,2761.0687191585234,2.0,52.248773712128205
8812,3134.4016248058765,3482.041124394495,2.0,52.24845887973393
8813,3365.4517408401503,2148.974157463978,2.0,52.23785861632607
8814,2849.4431144059254,3634.0957899521336,2.0,52.2059547269507
8815,2531.023174046833,3253.4085786563237,2.0,52.201612821655715
8816,333.00840011014856,2993.626588514541,2.0,52.20098153516675
8817,748.9633641262669,1019.3792951546728,2.0,52.19249633489724
8818,2228.481844985107,1112.0476712114516,2.0,52.18782343058317
8819,942.4782557503714,2137.948162078458,2.0,52.18478506031425
8820,1840.4950234170528,3704.9643846668155,2.0,52.181158264990465
8821,3401.560472065067,1187.0084400064673,2.0,52.17347525753427
8822,1258.470839744277,3597.978743148064,2.0,52.163258665874665
8823,2957.094408002601,1152.5326793705344,2.0,52.153584796146866
8824,993.4620945625492,1992.9878700244947,2.0,52.15089275894151
8825,3022.976951042934,746.4181756067401,2.0,52.14807624393111
8826,2968.455204044438,3137.9637136441806,2.0,52.131349424368636
8827,1035.0309233257146,3445.517988217912,2.0,52.12823607808028
8828,1423.353049746749,3317.880743697017,2.0,52.1163973812869
8829,2551.516037628938,3223.9364870274458,2.0,52.112066528155694
8830,3716.920344855374,2194.6768301215,2.0,52.10381636227332
8831,665.6458543974825,3324.018621382861,2.0,52.09274340324967
8832,262.4053309008992,1540.9737710385964,2.0,52.089933445085016
8833,1486.4885799439342,2671.9230774641123,2.0,52.08421845861367
8834,2627.9841374764865,935.509923723353,2.0,52.03414225863111
8835,2424.999485393194,347.404121364797,2.0,52.02954130499237
8836,1950.4587196335062,521.0003434908112,2.0,52.0141698471157
8837,1462.921051668049,3060.5068527159838,2.0,52.01051553292903
8838,2477.495179249891,2913.8708136964233,2.0,52.009758334274004
8839,1936.9548685369357,3670.404803524954,2.0,52.007984952793
8840,307.5444357695216,1217.0096029528884,2.0,52.005955117042
8841,2500.898329547138,2438.5659864034897,2.0,51.99987754324149
8842,2487.925182794525,3076.375445687612,2.0,51.99746325496767
8843,2764.973855372029,1351.3775812528716,2.0,51.96706982019349
8844,1246.9665707254176,2891.611413268755,2.0,51.96568183692222
8845,3867.982647802689,1507.5243756400746,2.0,51.96095550570187
8846,3925.5818085350706,2480.0517186438215,2.0,51.953871930708885
8847,3094.028801076672,3193.475393057999,2.0,51.944775347735316
8848,3313.35065907319,1193.9891684650534,2.0,51.93743185698893
8849,1042.3541203373875,3169.0809425585326,2.0,51.92913513762728
8850,1521.6663757814706,216.97028758479496,2.0,51.92704465806939
8851,192.58087781616757,1991.9688863980991,2.0,51.90852100560736
8852,3723.907847051481,1508.554115712763,2.0,51.88893352772806
8853,1841.0505040671242,597.4121092351565,2.0,51.87003703586146
8854,3564.052358377525,1986.373121861814,2.0,51.86824694831113
8855,565.4328742214391,1947.0090996195802,2.0,51.8673331139475
8856,2838.564271574893,2025.9300180272364,2.0,51.86578309820418
8857,772.4483680262881,1719.0032509542898,2.0,51.86428380852355
8858,489.0787674197895,2976.5569442671776,2.0,51.85631227612083
8859,996.9421617433501,2945.60406032291,2.0,51.849774946790426
8860,3530.4562628352255,3209.9389016055516,2.0,51.84605024939848
8861,1631.5836582808995,3730.0564186589518,2.0,51.83241616785953
8862,2683.41031984497,816.9659966773073,2.0,51.83185942836991
8863,3607.4098058798354,1088.9944727050174,2.0,51.83068468724842
8864,2020.015595164575,2847.4301840683456,2.0,51.82832596201277
8865,1733.4070784659673,2509.703517634853,3.0,51.82685056186434
8866,1494.0206670935247,993.5708944187871,2.0,51.79943039292089
8867,1511.5387219352513,2890.9750272017186,2.0,51.78963350333498
8868,1056.056241707142,3132.63452128017,2.0,51.77823795396056
8869,2149.061551761046,3990.489739930978,2.0,51.776426237027245
8870,2519.431433724891,1626.9737270447815,2.0,51.77020634597612
8871,2737.6387060721177,1553.074152854545,2.0,51.76657800232232
8872,314.6227729394979,1806.059968522288,2.0,51.75684686385819
8873,1575.3690574612613,3177.9774861218934,2.0,51.748040280098564
8874,2274.980636554631,1483.500748116474,2.0,51.73831788678808
8875,248.91091044878397,2122.332398263542,2.0,51.72711042999566
8876,2354.992938169936,1242.4701506890374,2.0,51.720985057222705
8877,467.0190706276695,1203.608698234545,2.0,51.72013011983694
8878,779.476104617777,2090.917336881779,2.0,51.719175460394126
8879,3582.996309437702,2972.369293438842,2.0,51.70922940490143
8880,1326.055116810664,1713.4470177306678,2.0,51.7049863160242
8881,3324.61251029427,1042.0524309292184,2.0,51.688750723409335
8882,383.946777826092,1845.58025294534,2.0,51.68257312985317
8883,2535.987708618258,2457.647963673885,2.0,51.67512495562625
8884,1348.0358304398774,2767.5159558914465,2.0,51.66488285914262
8885,685.5281919287117,2174.9880976334966,2.0,51.63542398849941
8886,3330.010880882816,2861.297454072736,2.0,51.634943814846345
8887,2386.016916383036,3615.3764574277575,2.0,51.61745313429149
8888,461.01760588667935,2335.5043770535203,2.0,51.60731931691805
8889,3786.476875113225,1262.072095530791,2.0,51.60725476106281
8890,2550.020407750529,3961.6078396560156,2.0,51.6033759473912
8891,814.0205065959937,852.4716368827097,2.0,51.57767174417025
8892,1395.0218645488753,1420.8740790578136,2.0,51.57570513756845
8893,3100.0624261711337,1439.507699263975,2.0,51.57149635431903
8894,973.3123850332838,2618.9898059446373,2.0,51.53301570633124
8895,3358.0237250375644,3468.4262350838007,2.0,51.51451360906912
8896,3352.973078171039,2925.4298781724665,2.0,51.49812495570036
8897,1104.6426585493443,2206.0710514043963,2.0,51.49396105591772
8898,1549.6102940989965,3682.07211907383,2.0,51.48520533036849
8899,739.3618384250366,3469.0322799393844,2.0,51.479713189510136
8900,3600.0385425508357,1752.5859597904039,2.0,51.478746065932164
8901,296.6026227549276,1980.9818348161657,2.0,51.47475909982907
8902,3681.0508319392493,1425.461326771089,2.0,51.46937802451139
8903,2989.477691255925,3131.933145756341,2.0,51.44942329216267
8904,1317.9921099103092,3633.630941668175,2.0,51.43347710919701
8905,886.510500820389,2973.9708674121925,2.0,51.43078067325348
8906,851.0489085594389,1851.6636513252593,2.0,51.40406705214525
8907,867.690637602449,1871.956863757845,2.0,51.402346260829354
8908,2923.3059145486764,850.0100303210356,2.0,51.39922265150848
8909,3331.004651042158,1093.5841760903188,2.0,51.39690407323876
8910,3894.5722283454816,2233.933679103103,2.0,51.36327259430922
8911,1954.3920762349935,3979.0184710959875,2.0,51.35294592130883
8912,3215.896486559555,1239.515858243958,2.0,51.3523680319757
8913,1766.0786814120277,1014.56817685372,2.0,51.35204560217185
8914,1854.4268036132446,1433.9893018344974,2.0,51.347224534124905
8915,2723.4055621628368,3301.0233509132054,2.0,51.343235247524014
8916,2513.406884864067,2248.0920853208254,2.0,51.325287875940084
8917,1168.4638946142254,3264.036454557863,2.0,51.32345088356987
8918,1211.6455926719648,3692.9539064039004,2.0,51.30375535027187
8919,2091.3320678078535,476.0415905563575,2.0,51.28355744915473
8920,3518.5173871628203,2314.915757185985,2.0,51.28271123861797
8921,3525.1017450362474,2579.601770448911,2.0,51.26946216660341
8922,2869.382285860879,3179.065496049865,2.0,51.25694503715444
8923,1727.4590578105187,546.0111823400234,2.0,51.25558917485295
8924,1193.3609808411604,3771.968808644659,2.0,51.2520860275579
8925,2707.405159335171,1674.9803048239116,2.0,51.249353172961904
8926,3398.898283238908,2948.40051345425,2.0,51.2308943915807
8927,2185.0847107320424,3233.416906245441,2.0,51.229916627076356
8928,480.5590495807977,2666.0551545486624,2.0,51.212151976401614
8929,613.0223669069819,2320.478965483021,2.0,51.20928424195882
8930,1986.5183850726148,2592.9191412018486,2.0,51.20366743689632
8931,1822.4673513700193,2695.979378677626,2.0,51.20063775675383
8932,1219.4919957066854,3471.9339962082718,2.0,51.200222455470936
8933,2256.05401206469,1404.4526192448268,2.0,51.18951409394199
8934,2283.388439194987,2436.066371228057,2.0,51.18665174538533
8935,1074.954182166901,3553.5162479447577,2.0,51.18302686954084
8936,3445.9612442174266,2259.46483701653,2.0,51.17626328860872
8937,300.0909468422636,1247.5016860828382,2.0,51.17187468445601
8938,1910.9717531561041,2763.554592371496,2.0,51.11123314528854
8939,3094.4835826908693,1411.94872086543,2.0,51.106847574484455
8940,1383.4217376627557,2077.9926365835663,2.0,51.104524967229736
8941,1169.5022023098509,2790.978097615803,2.0,51.100519955228
8942,879.9428372360371,2817.5105661449957,2.0,51.09674799035304
8943,2812.0477979692873,3337.4781127205297,2.0,51.091835603799225
8944,2538.947770446871,3546.414063120197,2.0,51.08169080407093
8945,1816.518467867108,3866.9008392680844,2.0,51.06729974622079
8946,2924.5318693798795,3707.9531741980218,2.0,51.045366877842355
8947,1173.0694614173228,363.5646392695505,2.0,51.04017253579898
8948,2938.42887670621,398.099498716125,2.0,51.02558703228663
8949,568.4776895518297,1955.0327945815545,2.0,51.025159510495385
8950,1900.9281269826295,3412.5481721662245,2.0,51.01981496612025
8951,1375.0169455028245,1297.55722171579,2.0,51.017148812657325
8952,3398.605188112575,1030.1001841023851,2.0,51.01189840595632
8953,2101.540235872456,48.92749536880296,2.0,51.00989190981996
8954,1356.5024980823762,1910.9119789748272,2.0,51.00392326729463
8955,319.0123263948455,2051.455466332214,2.0,50.99144641804071
8956,1352.0343253158526,598.566436499209,2.0,50.987806849112424
8957,615.5628617698968,866.9000717898805,2.0,50.9836412062364
8958,649.921060765957,3072.40043365593,2.0,50.973681753610244
8959,3524.986817472827,3305.5660845486223,2.0,50.97183321194274
8960,2903.508269054079,3247.8540423107456,2.0,50.96441802826899
8961,1243.5945118257282,1308.934579315545,2.0,50.95724643428695
8962,297.8766190955617,2218.51818401349,2.0,50.95577870777389
8963,3334.8974002754726,2530.463875698542,2.0,50.955405363795016
8964,591.4535311735972,1558.9255534633585,2.0,50.953313936940546
8965,1371.9137223724877,2781.3553167030354,2.0,50.9467895607314
8966,2963.373797599958,1041.10242306285,2.0,50.94274272554679
8967,1540.4557605504651,672.0767208968856,2.0,50.940853798200486
8968,3766.958296472736,2241.4094991437278,2.0,50.93704042764547
8969,1024.0125850903116,2631.5292754812485,2.0,50.936114747153425
8970,1653.0621090184181,2778.406859844714,2.0,50.93219965619918
8971,3208.4493731619705,3115.9879529951595,2.0,50.92019731141037
8972,1156.9574414021429,2845.5041364124254,2.0,50.90847153411245
8973,1625.4474060963048,2813.101042927321,2.0,50.89017939918751
8974,2572.4618947158306,3716.9053641336027,2.0,50.880799705354306
8975,131.8512546077977,1898.4829502747261,2.0,50.87012424564993
8976,1653.4821753912895,3756.8944828437347,2.0,50.86825795413701
8977,3023.8770094215984,2710.4075613464406,2.0,50.85275534109
8978,2565.5070304093138,1669.9710165208649,2.0,50.820595866348654
8979,697.5735160837138,850.0056568216087,2.0,50.80070172198096
8980,1877.4512570663578,158.1389410319195,2.0,50.798487450482796
8981,1381.5414589972472,612.9194147793984,2.0,50.79716843905071
8982,1322.1144140514282,928.5793824789508,2.0,50.79391310851238
8983,1396.554848325144,3071.911250061934,2.0,50.79347384376836
8984,1720.5894179516433,3516.1074308565226,2.0,50.79260124027678
8985,1286.022455401844,3091.5273419711198,2.0,50.78982523692373
8986,1787.9703395031938,557.5355857636966,2.0,50.75729749960186
8987,2420.4665800344023,1561.044535688753,2.0,50.75481575798481
8988,3902.5113741197256,2272.0587815395074,2.0,50.737323674778445
8989,3345.8992317770035,2176.497750629092,2.0,50.734729007486436
8990,2215.053555285657,507.53197917811946,2.0,50.72530121584657
8991,1539.4353973137347,600.8896346015281,2.0,50.69887056084413
8992,2939.999037483628,1899.4860404232707,2.0,50.69035973616815
8993,2649.5681379673065,1615.0862571661396,2.0,50.68373003717687
8994,3200.572172882478,1284.0212763534219,2.0,50.67206376515952
8995,1744.004935304873,3888.4530878870746,2.0,50.67088893018364
8996,3768.4533596134825,1373.9678890880389,2.0,50.660619454661365
8997,3982.5129636500665,2423.008789627611,2.0,50.657143941315326
8998,861.5425369151927,1002.0076902411096,2.0,50.656415029324926
8999,914.9071061323342,2053.606316416282,2.0,50.653342434322994
9000,666.105483116836,1708.4758266386716,2.0,50.6353173797486
9001,2120.573791083921,3347.9972768733805,2.0,50.618840644870275
9002,1536.9544242907118,3033.6310341866074,2.0,50.602863147044694
9003,1815.4023365170578,411.05036784025066,2.0,50.58143048386597
9004,2822.5076822276947,1847.9477051888655,2.0,50.57971466921409
9005,1835.558252463236,3491.0237303773897,2.0,50.57082874000548
9006,2394.525747841478,3303.0662265739043,2.0,50.563816814243296
9007,2951.9105655547996,2849.5332182618895,2.0,50.55980667442092
9008,2142.81927878911,2899.9144338368365,2.0,50.551768982579794
9009,3504.4627246600553,2626.009948749823,2.0,50.52551967641598
9010,2479.0293349374147,2751.6642574082025,2.0,50.49555171793561
9011,1810.0560430625999,3077.5439474540567,2.0,50.48548520528584
9012,1855.5135764203455,579.8885006520171,2.0,50.48297371443147
9013,1583.0906034277687,1245.5518211572305,2.0,50.470727035460065
9014,1480.5882935218347,575.0434834102707,2.0,50.46642022876422
9015,399.99280834846866,3136.5157314930084,2.0,50.454479149172585
9016,2315.992963044272,736.4111093511566,2.0,50.42745289696915
9017,1476.0608375764853,3716.6287408861654,2.0,50.42300848225071
9018,1254.5000089326393,653.0403601722172,2.0,50.39102345123956
9019,2966.455486006629,3020.0892876261814,2.0,50.388253828560984
9020,2170.0179696373584,2984.5517247152266,2.0,50.383439510434286
9021,1881.5277231663756,3552.957474660524,2.0,50.359391936718545
9022,2981.448817723892,3339.0809227000786,2.0,50.348923492462404
9023,1323.527752602291,634.9558634731371,2.0,50.344242842517275
9024,1953.5007474761549,3057.8983214786267,2.0,50.33428793947679
9025,884.0521409590307,857.4771089308645,2.0,50.318305444560046
9026,2379.090337948886,2787.3823287293244,2.0,50.315916030566484
9027,3153.617410253267,797.051893928083,2.0,50.303361475468925
9028,2042.9691609412002,2851.2515118160222,2.0,50.30233646559995
9029,1313.9963306742827,3051.54079252102,2.0,50.3019909737352
9030,1216.9011574030567,3259.494047761362,2.0,50.301939493542896
9031,2824.8995004612766,860.5830483268877,2.0,50.28767850939985
9032,2927.0104900716806,576.5117197441721,2.0,50.277348290386584
9033,1936.4461607145342,533.1284080159145,2.0,50.249428900363206
9034,3321.4432493829427,2580.883993124912,2.0,50.22653709967131
9035,3410.0248250096224,1472.4923025431194,2.0,50.22521680197195
9036,3652.0540789726265,2986.5179763068795,2.0,50.20800924152925
9037,1626.8917045477776,833.5305437733705,2.0,50.18363203000503
9038,2641.4564530985863,1363.0459704724299,2.0,50.16553752978849
9039,2739.1142407832417,3797.5195320003763,2.0,50.147047479873265
9040,3307.89889030838,3499.4426296750453,2.0,50.14211053368131
9041,3077.932699437964,2787.3569156982244,2.0,50.13957260755637
9042,2025.42915472861,3773.946024066684,2.0,50.13736092454669
9043,2960.3730159895617,2850.003887984328,2.0,50.10330436466772
9044,3716.133437261119,1782.504744679785,2.0,50.084509166734215
9045,2065.6205956970407,885.9971395208436,2.0,50.084339005970286
9046,2493.5209742646125,475.10595534307623,2.0,50.07641816185575
9047,2817.42878574322,1162.0706966159444,2.0,50.07413296609381
9048,2446.9218159667294,3692.4819213626547,2.0,50.07337437684994
9049,3477.911883524927,2768.530982227017,2.0,50.07013960777965
9050,1123.055951804496,1469.5605237545535,2.0,50.063855971709835
9051,3779.8449562528403,2246.4961309782702,2.0,50.05597700338144
9052,3310.9860785530013,687.5301428242853,2.0,50.05511967542661
9053,3069.082635066322,2511.4364023048447,2.0,50.053727073154036
9054,571.5828008966034,3187.0954497714415,2.0,50.03465523576203
9055,2349.4875424132306,142.9797725234019,2.0,50.022671744558195
9056,2750.082984947639,842.4241161928019,2.0,50.01553336598641
9057,2800.5618132045643,565.1039054542608,2.0,50.013363163855416
9058,2424.087387499612,3015.287944580307,2.0,50.00891546736541
9059,2720.400851075092,984.0346172675332,2.0,50.00405906196749
9060,2934.084107614012,3353.603097753515,2.0,50.002738137333026
9061,1480.5384757165316,1094.1065732401908,2.0,49.99589544565623
9062,871.5526362872034,2718.912447978135,2.0,49.97946658749234
9063,2147.5342408617817,787.0294061453976,2.0,49.936260044753595
9064,2714.044579733637,2309.3885056187537,2.0,49.9278121630209
9065,497.47273403283623,1132.9647769663045,2.0,49.91975421241692
9066,1996.428492643622,3303.064265854235,2.0,49.91673527089342
9067,3815.9886081090735,2050.500989551345,2.0,49.91105768430216
9068,1697.4474242535541,3489.9015184890345,2.0,49.888743571169165
9069,2168.5535663600285,3753.0739550587277,2.0,49.87928739555504
9070,3572.436824368654,2518.931597509787,2.0,49.87829430484749
9071,979.4497555519529,749.0388992364495,2.0,49.8766701076982
9072,547.9695676010532,3125.566369656625,2.0,49.85918025868797
9073,3375.9981060536625,1805.464011215808,2.0,49.85405065092028
9074,1586.0674475216304,3154.507847476994,2.0,49.82711475493623
9075,785.4666613312938,2441.933870474222,2.0,49.82598332315089
9076,1554.910799404199,2299.582375490442,2.0,49.82454406869513
9077,519.478032335935,1983.947392167028,2.0,49.80364891402607
9078,1394.9667840666518,3027.538746465093,2.0,49.794132417115314
9079,3652.430125573243,2932.924232917927,2.0,49.79328867221925
9080,1841.02459672373,942.5131604190467,2.0,49.78566331820987
9081,2619.011616183148,2202.4858584260014,2.0,49.77680803063627
9082,3687.50393063118,1099.9135136056357,2.0,49.772229177326494
9083,3879.021292066702,2223.5335088202487,2.0,49.76827870732825
9084,2949.104562840549,2798.5881903925833,2.0,49.76349763751715
9085,3957.5280820578114,2223.018298606973,2.0,49.75687581080218
9086,1060.9299560511358,281.521891147373,2.0,49.73997799612291
9087,2492.9681037133314,3418.5255484816953,2.0,49.71516822810361
9088,3085.9253767930113,3217.5173975988055,2.0,49.71116081403158
9089,2670.0254760199005,3160.4397514221496,2.0,49.6860466453828
9090,2302.2468444085284,3102.368583399348,4.0,49.66411650040711
9091,2317.9568582007864,1527.7369331194564,2.0,49.65805524663089
9092,3094.385896669174,1886.055648521981,2.0,49.64796151285651
9093,1256.4939233751365,1627.9629048717313,2.0,49.62423852922275
9094,926.3845091950624,2691.02512384424,2.0,49.61700176655454
9095,2592.5550582365786,1576.9971198739916,2.0,49.60254595246904
9096,3097.0429115090005,887.6227953350917,2.0,49.5910616809507
9097,1936.3986812124867,2697.939101807943,2.0,49.579480481493114
9098,2660.5427928404324,2132.026660913984,2.0,49.573068820804515
9099,3234.9840424865774,1097.640305814402,2.0,49.56600838009572
9100,715.5924667298432,3334.977581954589,2.0,49.54177227572565
9101,3673.4173384910855,2058.0291849378714,2.0,49.51174302759184
9102,2638.464758186896,990.9277040696284,2.0,49.5086003304555
9103,2533.955783865127,223.46681331895584,2.0,49.489553408363435
9104,3190.937696218167,3708.502287317696,2.0,49.48523622097714
9105,1795.564190490436,1424.091079957073,2.0,49.476416986291156
9106,1283.5078123346152,3168.0030825223243,2.0,49.467057623496586
9107,1013.5489900159965,1094.9682304867629,2.0,49.430592776608755
9108,2310.9432598404783,847.5881007348013,2.0,49.379535252164104
9109,3053.534568885663,3745.972543137979,2.0,49.378675448447126
9110,2755.5282949909933,1431.0464840847005,2.0,49.3758605210796
9111,2232.0378969501526,638.5500774825928,2.0,49.32193757186718
9112,1308.5322331250607,3141.9094662757607,2.0,49.320050384442176
9113,1553.9596177743315,2775.6398586919895,2.0,49.30993212549598
9114,1421.9452658533844,2410.5339388655316,2.0,49.27582191949869
9115,864.8961746767957,3402.491243995526,2.0,49.25751746614947
9116,1018.1083039671801,3653.347514102992,2.0,49.2466764691994
9117,1623.0510363688932,914.5729432693516,2.0,49.203068748867125
9118,199.41704059257748,1974.076385138859,2.0,49.19417425064529
9119,590.5163446709932,2687.9119059525538,2.0,49.189527821883274
9120,3166.003629053898,726.4432876382369,2.0,49.183731092517334
9121,421.44960956463905,2263.034218214618,2.0,49.18219681496755
9122,1536.5658377139741,2459.1099193451105,2.0,49.17699089407927
9123,3063.0904051047905,2410.5270287897524,2.0,49.16475331808456
9124,1941.488332874742,388.0332038426367,2.0,49.154075565646956
9125,1692.515706205848,1160.850976088329,2.0,49.08733178859595
9126,2198.9490568204355,255.47405923629657,2.0,49.05079326954612
9127,2482.929483822519,3643.49401936881,2.0,49.01844995208506
9128,3244.0587759097352,1435.4644179240292,2.0,48.95415349814844
9129,529.0167474379642,1496.600980809291,2.0,48.93367347469256
9130,1661.9336410063868,2908.4703957664456,2.0,48.92255461963002
9131,1378.454462315058,3544.996800185376,2.0,48.90876057262753
9132,3244.075399854948,3216.4812619189106,2.0,48.898673276816254
9133,2960.9620888650825,3396.594246099995,2.0,48.88392285347172
9134,1111.005959379781,3486.4859778337786,2.0,48.87508373408594
9135,2742.001637528821,3203.5421964061998,2.0,48.83130869251949
9136,1754.914947584226,3720.504473072022,2.0,48.81757303997221
9137,3352.0094050864095,811.435659545637,2.0,48.796215613091164
9138,2528.477243048976,3602.926047837318,2.0,48.75221085114683
9139,2659.0290902447487,1430.5053411120412,2.0,48.74198541324169
9140,120.52141793487125,1858.974008666354,2.0,48.72748404228781
9141,2292.09688803672,2670.27939391754,2.0,48.724693613047066
9142,2405.886419533208,2794.4952649284414,2.0,48.72227811767098
9143,2628.013742700382,2971.4987616588755,2.0,48.72212841575556
9144,1303.5768059390637,3454.8826759128788,2.0,48.71331848618862
9145,2416.882128417982,2755.5896460261597,2.0,48.70865314583392
9146,1037.0517771599946,477.45895042119264,2.0,48.69501129160927
9147,3530.5386155258307,2594.026395508558,2.0,48.68843065129389
9148,1112.5476734915346,3068.9362706676598,2.0,48.671999054966804
9149,3454.989793377219,1336.5154226689015,2.0,48.667614951132265
9150,1214.0915358559757,3663.5484160156934,2.0,48.65554452802595
9151,1872.1179628144944,713.5548109476192,2.0,48.65408142993179
9152,625.0259799506341,2426.505051686815,2.0,48.615321195157506
9153,3116.4573344096625,3415.9317840684425,2.0,48.59774204389988
9154,3184.5133906951946,3200.092495297015,2.0,48.59280218271759
9155,2046.5098193665742,2732.0741438459345,2.0,48.56959332129919
9156,611.4496551718305,2134.8412478437117,2.0,48.56445510027245
9157,2915.0656742806323,467.4756781002439,2.0,48.56392091925949
9158,3034.061618973946,3512.4278228573417,2.0,48.54609762819233
9159,2745.585716602764,3773.9307700740733,2.0,48.5364560365846
9160,1363.9839285405697,1668.516369952063,2.0,48.491494442808964
9161,3210.436627664977,2438.1189276217337,2.0,48.48104694988945
9162,2463.954279150609,3119.4588494929767,2.0,48.47578269264662
9163,1896.057388348104,734.538610403153,2.0,48.45591942448395
9164,958.9723334196483,2991.5325261790776,2.0,48.401395764069996
9165,3159.0867339027886,2206.459977143363,2.0,48.38271549271856
9166,2074.5281250349212,3290.038409425423,2.0,48.38022025592392
9167,3494.294165818384,1386.0132094986243,2.0,48.34590722697769
9168,1699.585754650931,854.0489001466216,2.0,48.34223167031516
9169,2596.8603398081377,1480.4052309744472,2.0,48.32351368293628
9170,1439.056900767192,2645.48999930839,2.0,48.304085642753286
9171,3298.378694424349,1747.0120165181224,2.0,48.27966648548774
9172,1853.520726468258,3163.115123737197,2.0,48.27202178696136
9173,2234.9715389888875,3819.5267427496224,2.0,48.26055204211813
9174,1441.9823672360264,2239.5130247265115,2.0,48.222768579505086
9175,2447.018226231959,2820.5019064269945,2.0,48.15325294629717
9176,458.4914794702568,1135.0398680510605,2.0,48.113805072327736
9177,891.5369143015,2473.8177773511125,2.0,48.1118341231209
9178,3142.503479107568,2604.147662128781,2.0,48.106280998607836
9179,2507.466533306804,1774.8239824392742,2.0,48.094722090172716
9180,2118.596513299196,1427.5844769690234,3.0,48.08609237231139
9181,1939.4982362945796,435.02925002256137,2.0,48.07988929065523
9182,2864.495598173908,403.11309473377946,2.0,48.0640796361933
9183,1014.9690286743738,3078.4446688029057,2.0,48.03230664897681
9184,1662.021042184142,2571.4988674368756,2.0,47.98598622823726
9185,2599.996986240155,1616.3993234595737,2.0,47.94790695505965
9186,1240.9535728841643,1231.5901447257393,2.0,47.90606818477628
9187,2539.906586041155,3599.509348551125,2.0,47.897683548540755
9188,2887.3262550611244,2440.0556611002385,2.0,47.87861716856859
9189,2751.9519016468066,1167.5374571512084,2.0,47.8169500210256
9190,3126.8953916025553,2472.5256461494987,2.0,47.81346727203829
9191,2462.9118467461662,3269.6200467815547,2.0,47.8050831348484
9192,3086.5163006358557,3055.9542001968316,2.0,47.79077360471137
9193,3181.488681650987,3445.994476086844,2.0,47.720143735750185
9194,3488.035624263564,2382.4583054175314,2.0,47.71607568367619
9195,1454.2747405579776,2434.998860277123,2.0,47.61465093691379
9196,821.6471704398616,2122.07667258129,2.0,47.60618216261338
9197,3012.435159072166,2483.039166828487,2.0,47.553468853573506
9198,2565.985789782087,1898.4559309425915,2.0,47.53045113313356
9199,2779.647423551494,2174.117007434749,2.0,47.41782084801229
9200,1791.5691451235261,2592.1037297145135,2.0,47.35914243468464
9201,861.8885727247048,1682.4621907779383,2.0,47.29126231790147
9202,813.5924951784706,3289.0045232223583,2.0,47.28951521468475
9203,2129.0946784876887,548.5480725777655,2.0,47.22984024586392
9204,1787.053949278754,148.4618928288855,2.0,47.182995803829606
9205,2550.454022467849,1934.969018080101,2.0,47.13006202334128
9206,3450.9980915609426,2634.442704279682,2.0,47.08792008089375
9207,2565.6021143042813,2306.1249724214613,2.0,46.941515214292785
9208,1645.523639174923,905.9452083095989,2.0,46.86753056884247
9209,2146.45513177302,2620.7388892118615,3.0,46.84172739669232
9210,2602.1663859946366,2395.4757132103755,2.0,46.830030523021335
9211,2942.0503229236065,2267.483368046113,2.0,46.81637372476629
9212,2421.4528345644285,3820.935338666443,2.0,46.68175033346835
9213,2022.8971502182962,4086.7048539383686,3.0,46.61387460631062
9214,2496.5417082786066,3589.9335472679927,2.0,46.5118286025877
9215,2522.881669290377,741.4546169534206,2.0,46.49324360518705
9216,2633.410226250529,3169.935799826333,2.0,46.44993859731512
9217,848.4968651789468,2109.99729838613,2.0,46.37573469272836
9218,2375.5479224280307,499.9781940199555,2.0,46.324615526202535
9219,1793.4845018421424,2520.5306581275227,2.0,46.19894520925861
9220,2535.8555514705977,2535.5784013775806,2.0,46.15912660562691
9221,1427.5980163847494,2037.8789104590223,2.0,46.1208524696535
9222,3275.4938796645683,2660.9597927257396,2.0,46.00351822252368
9223,1562.3791660737363,707.4189639972133,3.0,45.82081961796798
9224,1371.5995469789063,570.8643671977354,2.0,45.67719010128635
9225,3270.000688526255,1367.2853525536714,2.0,45.48133257632453
9226,2039.4999114090929,481.901228051542,2.0,45.366679479195085
9227,2231.849177089171,3024.1254957667593,2.0,45.138328931102116
9228,2351.9062514757484,1400.560420787186,2.0,44.97173623612457
9229,3774.432779676105,2004.0952105960973,2.0,44.86182400145639
9230,2597.475655985587,2397.0346354559574,2.0,44.84947946064594
9231,2039.0703865898709,2696.3442015340024,2.0,44.74134191457403
9232,2768.871124372477,1365.5591140391205,2.0,44.69655954204123
9233,1610.192844380515,1679.4869761714435,2.0,44.461062424978884
9234,1947.688525934164,1039.2969365893987,3.0,44.01267661074919
9235,2351.6873616277667,2706.9809253784647,2.0,43.074793129565705
9236,2754.754177277117,2212.6870226650813,2.0,42.796864536502696
9237,4081.6413597969877,2188.6228682013857,2.0,39.03804197725223
9238,1497.5724290877574,2134.1013359520525,2.0,37.009964742867986
9239,150.01723654873174,2063.739180120714,2.0,35.63916849074396
9240,4063.5019480664846,2320.5711474553714,2.0,34.42046982678848
9241,3809.5535708324387,3042.2512199198004,2.0,34.08024381351236
9242,1813.662046969449,75.4663143394943,2.0,33.05832837314892
9243,2445.721173574379,2193.0584685948706,3.0,31.680751657013555
9244,807.0362103858106,698.7352464892596,2.0,31.58061433126067
9245,2638.331097037206,2592.250546263658,2.0,26.742106107741524
9246,1531.329124745256,1549.3225136778458,2.0,26.23502864369963
9247,1169.2211501549402,211.6928650829662,3.0,25.558739363087014
9248,2511.429599768104,1363.9994070219711,2.0,20.81067909885257
9249,1908.000761640047,2779.474706340191,2.0,19.910668003914484
9250,1683.0208479889818,1810.5733449904917,2.0,19.16244717054722
9251,2116.757709998156,1426.5743937880284,2.0,18.868892590968127
9252,1361.6756634252465,1469.2236054519603,2.0,18.41414040241572
9253,2532.4937824863655,1324.0,2.0,16.054721622028794
9254,1684.4906741929294,2785.996704571097,2.0,12.722335346023426
