,px,py,area (pixels),flux (noise-normed)
0,906.4950441627834,3476.359558358587,38.0,80494.68996763916
1,5829.0336143212035,4010.992632460089,22.0,43656.257486456816
2,6236.1775121581195,6262.152970004653,29.0,39524.62406226743
3,2086.85246782226,539.4157788522599,35.0,34055.81254399358
4,662.4401287011891,1131.353169658969,39.0,28205.453969511225
5,2244.6538155689004,1905.1387459174166,29.0,23249.5598143922
6,9054.208722405685,1934.1006175128819,34.0,22159.50248332505
7,8435.452641941421,1483.8678971426407,34.0,16609.01052986527
8,9066.062383493372,3646.9590943354638,32.0,15802.993221454026
9,7002.928644910208,3264.087652980362,22.0,13108.062134100353
10,7514.75811312713,2274.6018153185482,30.0,11410.312058875354
11,9079.81990857765,2693.665207916731,33.0,11246.04541336946
12,1475.2104165726967,3255.269657986766,31.0,10921.295040266268
13,6097.9879676178,3944.678907943648,24.0,9325.73390043899
14,8451.155803669302,4399.487663289022,28.0,7852.911229594084
15,7465.825010705875,869.3076868687422,32.0,7733.683039993593
16,5649.177439959702,4473.434411067355,22.0,6521.629218020237
17,90.44777675166213,944.0514444027892,39.0,6454.500455013771
18,5454.6514872739035,680.7818107697227,26.0,5918.239841509578
19,1631.9192763091512,2688.5951059690556,27.0,5031.962182090786
20,6924.111251407856,2929.282131376743,23.0,4833.233976283852
21,4878.471930573841,6365.161976989748,27.0,4729.120394757398
22,2376.9207329384035,5771.454692071387,30.0,4726.999340161765
23,4363.7666050852795,4414.187778731801,22.0,4723.77947820388
24,7891.524700106241,5026.552285827765,29.0,4339.158114960923
25,9494.931960401458,3223.9288821059613,32.0,4303.817579879324
26,7844.698351131086,948.0699986284238,32.0,4238.155090327656
27,2573.2982341136963,1983.6657112695032,26.0,4196.149670877869
28,6527.949689937802,280.26504970981426,32.0,4170.830751707112
29,1064.9527046273058,1232.758121510293,34.0,4137.255052184731
30,6659.048959442831,2200.9886237792894,21.0,4040.751366938139
31,1431.2534559743222,357.51066055667764,33.0,4027.8081711120826
32,7484.615732458862,2361.929227330191,26.0,4021.2368452202777
33,6301.499004375023,2970.511961082712,23.0,3690.2894810381804
34,2581.5201112814466,1543.3812139450174,26.0,3623.142108743663
35,4702.802263417681,381.47826599956784,29.0,3588.321530159111
36,9142.454482478483,1411.999180444818,34.0,3523.745507566856
37,1811.9270800654258,2285.146680902983,27.0,3415.7345052637547
38,1965.4368872251466,1042.1601024799434,30.0,3400.8905602908317
39,6109.075892810391,24.124005193280958,32.0,3398.5973715380323
40,4506.107150665998,3859.2598791647765,21.0,3359.29572841507
41,6630.597865472832,4593.563535464905,23.0,3307.45343335534
42,7404.300916895831,5964.14817717299,26.0,3278.8260485767596
43,8380.99307541249,738.439792969623,33.0,3258.791545578451
44,4700.428732749442,624.6163516434193,25.0,3249.27970014933
45,2706.0460145306233,6135.267157519187,29.0,3243.081263591112
46,804.8577527759973,3094.553482127695,30.0,3237.7697232419264
47,1700.3261138540167,5778.386126204177,32.0,3129.2921783391384
48,7028.185117916794,2016.8079309305988,22.0,3104.7459128018363
49,5533.890514126349,4530.469041675796,21.0,3072.9548996397416
50,7918.001085542263,6149.486266898551,29.0,3072.1794817789378
51,6863.477471184014,114.97978794227677,31.0,3041.220218598155
52,6854.212823050012,4607.1845786941585,23.0,3013.2650260508212
53,1851.7172401963544,2491.4101760166136,26.0,3009.5227482990776
54,4043.7727500197516,3658.1176792912047,21.0,2946.2242035990284
55,5461.90663909505,2653.139139583644,21.0,2938.4942867692375
56,5261.359853757593,2392.557702905005,20.0,2936.4325684131227
57,6447.818127761629,2438.2029963936093,22.0,2863.320167973471
58,8228.476208010075,3747.028668344077,25.0,2787.65839352295
59,7934.767353522157,4774.530877492376,26.0,2778.7013680692457
60,988.7136933878097,1857.7688342617068,32.0,2771.8727841587443
61,7945.802474822003,1901.9476581178626,25.0,2755.9093087055617
62,4473.100153259988,1990.9996597738009,21.0,2751.3467185433174
63,5724.864548502159,2399.465022681156,21.0,2729.490384426693
64,2652.752398939054,1994.761991656084,23.0,2701.5327484996005
65,5271.855902788211,5714.547555367289,23.0,2660.151827303793
66,4867.42895641798,4159.314349010931,19.0,2576.8597828276324
67,6329.569675119085,3857.699846393582,21.0,2568.8596447104524
68,720.6741602256911,1264.2056380497022,32.0,2551.2767878035615
69,5782.333149554504,4952.629814976016,21.0,2434.9151298572724
70,1066.3656065040548,5794.14129081081,33.0,2425.913629264714
71,6199.81095772744,4339.341485608647,20.0,2425.4217880901806
72,5265.68854760918,2380.919071302927,20.0,2400.7003539223238
73,4606.288856758571,5298.693163121958,21.0,2382.5350236150684
74,5066.532882602801,5774.937365259979,21.0,2371.11585357242
75,4845.825836351661,5730.964351564578,22.0,2340.335068844724
76,3868.6634400927865,4854.132109635896,22.0,2248.4169739788267
77,2513.183334077695,4658.9661870671525,23.0,2207.1103212108796
78,9356.743842355167,3938.910691680673,30.0,2179.8202868727167
79,1989.495597850876,803.8398919905269,28.0,2139.364336325959
80,4070.9047387923006,3380.235767666177,20.0,2134.2172533883117
81,7048.6966513774605,5587.409053732617,24.0,2104.232593285643
82,478.7235696984098,400.32781563114065,35.0,2077.497821580056
83,6198.0985797588255,2559.074672698973,21.0,2058.7976396028207
84,6495.535336441448,1442.7291773081668,23.0,2050.4298936159917
85,5240.96676350959,4353.96101276982,21.0,1987.3472297436383
86,3259.6285131697796,5419.646590772424,24.0,1981.0483492831886
87,9099.815673071002,1818.8194846324839,29.0,1972.3686020508776
88,119.649175717226,3632.869920970935,31.0,1925.621103447675
89,1078.2135526201214,4091.196857839275,30.0,1910.4495189976972
90,3383.576015827509,3100.567388976211,19.0,1897.1804133880846
91,8145.357334165649,4034.806433264292,23.0,1876.26546536403
92,7333.063875925865,5234.080336435251,21.0,1865.6729102747906
93,4178.879287044802,551.1677621461106,23.0,1850.1525181009565
94,4978.656622246891,2685.957682320984,19.0,1849.303989005632
95,7267.924681330716,6095.603487519562,27.0,1806.6593071590519
96,6018.522967094686,1680.2775578221692,20.0,1802.9902822946547
97,8980.564514250344,335.572711161581,30.0,1801.599449825937
98,8387.105417357052,788.3868176758157,28.0,1777.93987007044
99,2631.6843892213337,6296.85778027551,27.0,1773.9131983776415
100,6683.923676370743,3452.0220894247104,21.0,1765.1238070405861
101,3219.219320467318,1742.0148458382143,21.0,1749.18891628217
102,6283.314660692132,5081.587441056222,20.0,1727.668698420853
103,6133.798257436215,1209.4137205326558,22.0,1717.5971299094983
104,5252.41337699074,2034.8959422199964,18.0,1709.6357198048372
105,1601.9400991029756,4921.024623408864,25.0,1700.8104736988553
106,9293.889025609617,4967.58698191526,27.0,1699.9685457777364
107,2312.8950769940266,3829.753807438171,22.0,1693.6217268258004
108,6441.975108921703,4482.203902786967,21.0,1692.7233497261589
109,2886.038962940712,3373.901154414886,21.0,1681.4132714971413
110,1662.361453381707,3996.611077432315,26.0,1663.0501140846618
111,2707.1000114782746,449.0652479172336,29.0,1661.6797227614281
112,3558.3627470921415,4468.646859909153,18.0,1635.6916672049624
113,1852.1627767976952,1832.481004312038,26.0,1629.0096485903389
114,4767.260090881349,3584.4087943043833,19.0,1628.6196088015467
115,2690.978723273554,2404.2202001333994,21.0,1628.5173546956432
116,3567.874628872279,1408.7484678492642,23.0,1626.6518328349764
117,5420.165083177718,454.8026256926903,22.0,1622.6345121033924
118,2236.5959439741127,1865.8641030119597,22.0,1600.7652230206666
119,1502.0408281207192,4516.646375874093,25.0,1582.0828580896928
120,7433.389212807151,6337.467938452212,27.0,1579.0339831364417
121,8742.458916668833,3156.234126114839,27.0,1570.9290037337296
122,4652.747509196345,3331.1710108734096,19.0,1554.5331103452252
123,7310.438701133844,697.3412151827819,28.0,1541.5454029455232
124,3960.0628929974037,5010.675063091039,20.0,1474.8157566322516
125,9349.34932564761,4305.625190557979,27.0,1472.691689325966
126,98.11213593238693,6381.692633505133,35.0,1463.7104644752321
127,8071.389744881197,5370.020786416414,24.0,1463.230031434481
128,7122.675694427053,4885.805417255682,20.0,1441.453803265658
129,2148.687211337749,1570.7257870460342,23.0,1438.4931972988804
130,6071.835855310013,3253.6932786743487,19.0,1436.6312354378547
131,7821.356648728913,4033.802976344686,22.0,1427.9432964694747
132,3981.38654585316,1265.4210320986056,22.0,1426.731368884764
133,2835.070554815556,2728.970736420323,21.0,1415.9587115447805
134,3913.7315624820717,3879.1361741712462,20.0,1388.6800710864695
135,6345.607941361346,2127.708335252336,19.0,1379.74855014772
136,996.2599479373755,242.81407355638115,32.0,1379.1919379530082
137,9123.843747343604,5883.719092753286,26.0,1375.5748781575128
138,8217.279514399124,3924.64003379577,24.0,1363.301495541888
139,2342.51477866591,1111.8950473611833,25.0,1336.7071571535614
140,679.0667230151939,1863.9735005060136,42.0,1328.929017623875
141,6017.567473123266,5869.3381097378815,20.0,1320.3000337139704
142,7865.6198182674125,6205.705950599291,27.0,1298.8876846337491
143,9295.148624821033,3823.29042949304,28.0,1294.1521802883462
144,6613.714435947521,361.5171588585839,27.0,1276.9921792496514
145,9384.768134504411,2351.8575846395033,27.0,1256.8481739221527
146,4169.425417018146,777.1479084322851,21.0,1211.106798471561
147,5405.555717126868,5980.791927258371,22.0,1203.633499803861
148,4101.12233249405,3814.5494152600586,17.0,1193.5530229972928
149,1964.8532297665963,1637.815872640727,24.0,1152.7326125936627
150,4546.37578939429,2943.7357377950148,16.0,1146.2467854509057
151,8508.057623092396,6119.324164190551,26.0,1140.8324541414963
152,4921.857482450379,407.8468594884909,21.0,1116.7745382045327
153,6901.449370200964,986.7072210603528,23.0,1091.40118075223
154,9492.834793522432,3655.6596854988525,27.0,1061.2567964429927
155,9484.2343699006,4559.008422185476,27.0,1055.789672690562
156,1256.18116469682,4889.990878140159,26.0,1052.360754749292
157,7375.77098848207,1974.2529432608671,20.0,1049.829963629123
158,7726.067013461654,3965.0194514528894,21.0,1038.8648103602998
159,2767.0238777560576,4531.359091521865,19.0,1035.8785514438193
160,4029.623761132472,485.7463582313182,21.0,1035.8740040124783
161,9182.77019374719,6329.402104768857,28.0,1032.5171072717253
162,4530.573591992524,4644.15579793084,17.0,1023.5301932548307
163,2529.406271855109,5412.929130762795,23.0,1021.1430884676284
164,8101.418729515004,5181.6387288603855,22.0,1020.8531492483315
165,6128.783380827656,4023.533095919986,17.0,1020.0678123155241
166,4272.635667199288,5658.277278973269,19.0,1017.0274355150717
167,454.5060045782413,2372.3593875198867,28.0,1011.2185937666501
168,3694.877487571992,2649.8081346996646,19.0,1009.6422386084289
169,5219.925178823236,3566.463497680347,16.0,1007.4257630374251
170,2660.0746087638254,979.6765732578781,22.0,1007.1308543959424
171,9565.459775857593,1040.2304557283426,30.0,1005.2079872231981
172,6660.160279521801,5560.184176914052,21.0,1000.6636512406133
173,1474.092003421476,2147.230841485531,24.0,996.1636177704372
174,7988.736045473815,2388.0754478847175,20.0,992.8752268083109
175,4080.6788677506484,5617.853396797218,18.0,984.8755477887476
176,5859.3172136209905,1807.6868721293076,19.0,983.5431462899287
177,8502.80349722233,2947.164111666811,23.0,969.6513792915407
178,3017.7341655252712,5932.488854688056,23.0,968.6942092379896
179,8554.73204806078,4199.896913592436,22.0,964.1154667506233
180,5770.496533790267,282.69251073138537,23.0,960.9345590579852
181,6336.719044056557,5903.1565118530425,19.0,959.6891662540187
182,1696.1120281967992,6028.953777636359,25.0,956.065753699133
183,6866.448714129983,5829.449396074386,20.0,946.8847374056087
184,4262.251869597206,3244.357964020545,16.0,941.4573867017921
185,5017.438674370949,3345.124948622174,16.0,934.7152974604404
186,2135.852557497066,4452.5487472387495,21.0,933.1554684050157
187,5249.938378815344,4265.204474885861,17.0,930.0141674513559
188,440.73521474618053,2517.46972934445,27.0,929.5951176400458
189,6768.940763449712,4200.014733003945,18.0,926.2070264899191
190,333.28429146002986,2221.8993041911085,28.0,920.6388335628307
191,4902.267100937985,5275.387626031506,16.0,909.2368149724721
192,8107.401817995136,2484.4743018368617,21.0,906.7346744923459
193,7166.117116757876,1856.0193901781079,21.0,892.2244601423357
194,146.14454325443575,1962.463246980325,27.0,891.697166333306
195,119.74282666276004,6044.192924535138,30.0,891.66317166493
196,145.923268505499,252.16655019962047,33.0,890.0414563143308
197,4762.249741734406,5943.12670818969,18.0,889.1708789248312
198,9154.428952069858,2522.0955194034855,24.0,888.6577327455386
199,6168.437790967722,2495.119159382112,16.0,887.8434088257445
200,405.97397196931917,2400.5549175116635,26.0,887.8048367572171
201,472.15919198210946,4696.312238880978,25.0,886.7435603546022
202,5974.67061292922,3253.55562548983,16.0,880.0630418750868
203,2639.5503432003566,4310.304881431553,19.0,878.82981247745
204,1754.6535676299727,1550.3955349365046,24.0,866.697857888266
205,766.0085255657888,6086.1555799508515,27.0,866.4817825015032
206,7880.506692255024,5023.100040058629,18.0,861.0393632518718
207,9543.041699300647,3738.3972964900086,27.0,847.5466167742035
208,991.1571292165505,3324.2149718806786,24.0,846.930738655776
209,9325.34285627316,4564.834853741015,23.0,845.7384279102624
210,8753.847091460422,2927.1119548781553,23.0,843.1479353277493
211,8780.550382103896,2096.5434912210367,24.0,842.9396244214076
212,4641.841314248202,737.7321136722594,19.0,842.6796803341985
213,1778.7116358421674,1213.4387112498416,24.0,836.7795887347479
214,7302.366325611311,6371.494072338212,21.0,832.640929478546
215,4931.780934205677,2650.4914164240313,15.0,819.4999791872377
216,6933.824320140468,2025.8912381911662,19.0,817.8523572511596
217,2112.368171735774,4761.367215186262,21.0,817.6404407471982
218,8916.846585704041,4131.7698906232545,22.0,816.3075632830747
219,1378.7850302947904,3523.764695492918,22.0,813.3596976437494
220,6796.718323853209,5383.656356514048,18.0,807.3124895789781
221,9121.202375043329,157.58892413181474,26.0,798.2024629205755
222,2193.0827900287472,1822.5841960572202,19.0,797.4007231005835
223,917.5022764907831,3492.690924100109,25.0,796.6376553172232
224,7057.64836723287,437.9805616784271,24.0,792.5395026084708
225,1476.9993484994404,4060.1867842592637,21.0,792.3550480455968
226,3143.208826806456,1240.7954881332137,20.0,791.859638090762
227,1699.198041247299,6343.502287968502,26.0,789.7441150631544
228,8953.952870827763,509.91567409522355,25.0,787.5026726767619
229,5134.053890003112,4880.778753037544,17.0,783.879026944056
230,6735.6645721983405,797.4003476544234,18.0,783.794388613486
231,4532.839425300001,522.0272417826873,22.0,782.7800451129917
232,8607.934900821767,3812.0121870465737,21.0,782.4812764108449
233,351.91804896243366,989.3066290705499,29.0,776.2468005946164
234,7100.076487474619,484.5005472849846,22.0,775.4486737269607
235,9277.084610808104,2704.151670853058,23.0,774.0065562977733
236,5456.1186846884675,2716.115702093484,17.0,773.7266666964778
237,2068.336351882949,4546.084457535087,18.0,773.126253431767
238,2648.130690139003,2615.0486048707403,18.0,772.9322148508168
239,7827.260792204807,540.05914066477,24.0,770.2900606879077
240,1523.902231263792,6320.975229789842,24.0,765.9448143160996
241,4153.154258405784,5931.753188312228,19.0,761.5620234210642
242,6519.999017638153,5127.618937013048,17.0,761.2042913164845
243,2499.9825875545544,2942.823706040092,20.0,758.0420501585819
244,2320.4784916801345,2516.7096608614156,18.0,754.9958882246551
245,8358.674572791486,262.7176665919788,25.0,754.6289004163337
246,2896.8848922602133,672.3016768692637,21.0,752.3954413400058
247,5160.951330650957,3531.323531582996,15.0,749.9892243707941
248,982.6518000949028,552.9726711916684,26.0,743.5505577248827
249,8066.081418163797,5250.294882016289,21.0,743.2831700911362
250,1352.5237770466642,6090.906151723689,27.0,741.9882800423838
251,3154.005934223598,1659.7635823282305,20.0,740.260498651276
252,5239.705393851198,5228.0239968211845,16.0,739.7372551267581
253,1065.2447880541656,1033.9166380325478,25.0,739.6724707109859
254,4457.240648802008,5927.750610231275,19.0,738.3292738786142
255,4815.856908949117,15.41866917093347,21.0,732.4963424885168
256,6226.896987046802,1484.7735435426086,18.0,731.5323965425994
257,3464.9715842487753,3716.816288900592,16.0,730.5580745017527
258,5819.046603700549,4222.980330708724,19.0,730.2356026630115
259,7203.86777080605,4058.0488918539118,19.0,729.8172624944511
260,5444.568785393132,5475.802239445093,15.0,727.1161371360469
261,5367.332321489803,5538.210697555921,19.0,726.2013824646538
262,5797.5477716338855,3553.938143826695,15.0,725.9926572099347
263,3058.3944011886533,1808.8304939764973,17.0,721.3638924317992
264,5907.571989390879,662.5544596858734,20.0,720.2308696965983
265,4931.354523038497,4695.326364679398,15.0,720.0747019562555
266,599.3460550741233,3644.3372490158763,23.0,719.7266243351168
267,927.8036007622933,3082.07878233849,22.0,719.1947190532453
268,2297.8468058038998,1740.0562461590337,21.0,717.877012050352
269,5696.339773258978,3114.7906336647216,15.0,713.5557158375804
270,4487.294261796036,2536.5966835598297,15.0,711.8452967808337
271,2938.3846835343543,6177.978665806576,21.0,711.8138970784589
272,1843.076701298574,4495.260357307132,20.0,711.5813738486379
273,9210.661947297927,283.46903512867453,27.0,711.4307084844683
274,3123.88533648299,82.79312016295503,23.0,710.5536480439171
275,8957.132539591477,1630.2603187946324,25.0,709.0206488659801
276,4627.356145790572,5045.322637148454,16.0,708.9538990725281
277,8202.234283654017,4245.192217953181,21.0,708.5103916526775
278,5043.3852776960985,3477.9657247503987,16.0,708.2072468437216
279,1818.803343626618,4021.5354654939224,19.0,708.1088768601003
280,1049.3361175627763,2444.264140629342,22.0,705.5797082477613
281,5373.719324103765,3927.3486367826413,14.0,703.9036723310962
282,5667.018920174144,1556.8149923218307,17.0,703.3195195574183
283,9213.587595403993,3004.5064262453734,20.0,700.8291007083184
284,3088.210236598245,4212.6015545097825,16.0,698.300244913714
285,234.77070512381104,5483.22082702578,29.0,696.337083349322
286,5103.4493506799445,2078.8566397421114,15.0,696.2855176290168
287,5860.808683768572,3762.9956736598297,16.0,694.6089069255039
288,4386.574921166752,4105.552831856504,15.0,692.783329864526
289,3345.2261087503284,1872.5777618127786,14.0,690.8188268554102
290,3936.8006228741256,3154.44183705565,14.0,690.7347595584358
291,4653.642568436968,2249.367062746815,16.0,689.6780704797626
292,6328.136224873288,5173.086773204643,17.0,688.5868912183532
293,627.913928785698,2453.940236232178,27.0,688.388985273926
294,6209.906098266037,6048.124095042955,21.0,688.1350205639844
295,7044.561239323845,2823.0465682418753,15.0,686.5789889505105
296,714.5784541513041,943.8023505776977,23.0,684.9443490546416
297,3808.3440548628355,2615.9782365138703,16.0,683.8942382907923
298,5855.405127248265,4844.293155179511,14.0,683.2598204582814
299,5005.404703307724,71.39741687087597,23.0,680.8229551306933
300,8327.635297724475,5004.644810711031,21.0,680.1091093740655
301,571.7822086750846,5514.251527924613,25.0,679.5852206938604
302,5965.706235011732,706.8178287410196,18.0,677.6329043681303
303,1943.803886352539,39.98995157496009,23.0,677.1016773666831
304,4370.852509619401,971.9026334181186,19.0,675.0736656724612
305,970.3198412140853,1742.3276709975928,23.0,674.727694034613
306,3930.1048549787133,5538.352078200722,19.0,674.6506100931846
307,3268.2718689967433,3133.5922219739095,14.0,674.410678633305
308,586.52509822899,3775.165097263667,23.0,672.29175005315
309,2515.946249964515,5606.325073577311,20.0,664.4471413962716
310,6472.9274115743165,3846.508602836293,16.0,663.5406774537195
311,6834.383840089364,4156.3342279498265,15.0,660.8872186144379
312,3692.5694420278446,4565.536809432948,15.0,660.7911891143881
313,8188.186875573275,784.889189633612,22.0,658.5324463016084
314,6790.724002825463,3352.887551521806,14.0,658.358678831197
315,8514.0554869789,3774.7456298638253,20.0,658.2502957567517
316,1484.9557574319147,5432.246253734425,23.0,655.2292422551076
317,4981.848477633261,5151.325110948315,14.0,654.6137861621672
318,4645.680106092198,2116.424727554087,14.0,651.7082183382026
319,5888.396972188625,1444.0146175643883,17.0,651.5628757134465
320,1852.760046089052,3550.5569690060843,20.0,649.4510017191379
321,2642.364290069358,1042.7981909447706,19.0,649.4146352500082
322,8271.360034402018,3459.6874724794866,20.0,648.0696401869095
323,751.7859155767678,1749.661707810403,26.0,646.0627457582569
324,5269.809718604688,347.3768982885198,19.0,646.0064804122648
325,4009.7785264510026,1149.6851739626368,17.0,642.7195357778628
326,6815.894863600689,3872.6608302187205,15.0,642.6383835003252
327,7698.666091431357,1258.5794045669531,19.0,642.570947729611
328,5002.830564620292,2416.7390323142067,17.0,641.9688774040384
329,8911.530707320158,5983.265043503345,22.0,641.2626161460414
330,7316.137196481998,5724.789049370854,20.0,639.6624550860492
331,5510.203572773844,2395.1060974762854,16.0,633.7206789078986
332,8409.18620828944,2100.483407976815,19.0,631.1645808005339
333,5766.668375464567,923.8615695953533,19.0,630.1964437979167
334,3129.706488947756,3358.7397133067957,16.0,629.38169884662
335,8367.881902911575,5949.331732800077,21.0,627.1885214345372
336,6897.3067223248045,3128.595071006188,17.0,626.372679826066
337,7594.1235017470635,1618.8039983641559,21.0,625.3787848071274
338,6745.853872672993,5733.60910131695,19.0,625.2474191168044
339,1380.3012599873825,1990.1076633046766,22.0,624.0542644438793
340,6576.71148280704,239.33743979969003,23.0,622.9642576346696
341,4852.75757819764,3583.9249187508317,14.0,621.5287155855569
342,1039.4035720025786,1121.4666262410367,25.0,618.0315980734945
343,8442.510005267519,4532.9315190084735,19.0,617.6477185297452
344,7018.20163853631,6184.809733058236,19.0,615.4528517885223
345,1441.7798982572492,2329.764289608058,22.0,613.4970306556354
346,3578.927982437167,3196.3270442530156,15.0,613.1559934701914
347,3259.095576627521,5825.383658479378,19.0,610.1521779782341
348,9433.46915426998,4899.706936784129,20.0,609.3311916808963
349,8300.962653625356,604.9354982397646,23.0,608.0168550103136
350,5861.653933678184,5325.637483816842,15.0,606.9046373288089
351,4382.277496183205,1335.5159415103544,16.0,603.5861120621273
352,8095.613055245651,1133.2609166685168,21.0,601.7723925582103
353,6647.276637519409,5077.87971218949,17.0,601.6945553832956
354,4903.639632590382,2686.9985069136783,14.0,600.6999712337104
355,1710.6550790341844,1975.8528035794402,20.0,600.5641555294618
356,7252.109442766005,4367.661771196712,15.0,600.1705854503117
357,8310.098113012573,5837.956146638674,21.0,593.9577190336081
358,3366.044278629611,5526.711815401468,16.0,593.5050918589751
359,8795.734230641872,534.7954587618544,22.0,592.351626243862
360,7404.947894739476,2656.5058246506874,17.0,591.7271994174406
361,4442.035723325067,1949.3776574440037,14.0,591.6948216079131
362,3365.109983402304,6224.899998536026,20.0,590.6822514890836
363,9535.904330887874,2601.201456169365,24.0,590.0116111156575
364,7154.408576090458,4255.1455630671,16.0,589.9903299624616
365,4407.336981259925,286.4920418082762,17.0,588.7961453528527
366,3220.619929465538,5680.167940006691,18.0,587.911484277944
367,6960.781163953233,135.0731328137711,23.0,586.2503764993687
368,4364.634452715211,2652.7879373275823,14.0,585.6039447812218
369,3410.935967021084,4311.201230799353,16.0,584.6024084793196
370,4667.965075268882,863.9471118008966,20.0,583.9816614268641
371,1576.1499161559348,4440.087834886983,19.0,583.9746324920889
372,1747.3450274931774,2711.862808650427,18.0,583.8481767290896
373,9039.982003688177,4182.824025582796,22.0,581.9734336772112
374,9000.724247019933,1881.0413345576023,22.0,580.665779136707
375,5787.240321098082,5579.471206970945,17.0,580.4460517920402
376,4137.978561750308,1481.873894145715,18.0,580.2507136680392
377,8582.67218399577,4239.058916002616,20.0,579.3731383639024
378,6871.967391644871,5625.634874455545,17.0,576.8070442390905
379,6374.309015796463,921.764329561153,21.0,576.2707841168717
380,727.0065422810649,1433.7414453301365,25.0,574.1205928574036
381,5907.121397987796,5264.836752507172,15.0,572.0263745337243
382,2085.5883655556877,4781.468966053803,18.0,568.8619815964859
383,2303.110167797713,4358.980001773368,19.0,568.8378498030738
384,4541.7282652095155,193.1027171238985,21.0,567.270641437947
385,6224.669480449739,5408.986452112386,16.0,566.1249027680606
386,3586.544446076209,3981.5764394167486,15.0,563.993622091011
387,7197.566544617814,6194.778973945408,18.0,563.8626862216986
388,5288.258077544983,3744.6340573320886,15.0,561.5156533521942
389,9414.94989271141,2810.6475722498685,22.0,559.1859410160209
390,1125.550750903228,5541.421447193476,22.0,559.062757591519
391,417.73189987509704,958.9802597381753,24.0,558.5508845775379
392,4614.039722245105,2282.735976406849,15.0,558.5013285742363
393,2588.93403318846,3026.591065189614,19.0,557.282478515128
394,3738.4696939581254,3151.115230150483,15.0,556.6777565678126
395,3187.718795137939,2606.7620611640045,15.0,556.1311509785038
396,5288.071103625613,3700.8033330479416,15.0,554.3460428176633
397,1547.6131215799267,476.655588372523,24.0,553.8931444781257
398,3735.1381558235626,3785.2780936252047,14.0,553.6384398750969
399,3644.191977798001,3499.369742281315,14.0,553.5633012215327
400,3232.4988207488695,3126.3216366969045,15.0,553.428761723346
401,8460.062022770277,4172.886371384356,20.0,551.5345260938917
402,5844.569420156849,1976.0774721507037,15.0,550.7775184571334
403,7713.399493075915,3918.5764780731815,16.0,550.081918393155
404,1622.75089000039,5580.618637133552,23.0,548.3595297221351
405,1697.226845623223,3907.143749949928,19.0,547.9795818072826
406,1957.118315975926,430.98974001729135,21.0,546.6401282390722
407,8888.446038742199,1178.396118356034,22.0,543.9658700862037
408,778.3589727006848,2062.889905946429,20.0,543.4185899890325
409,4572.5165711051595,3131.162501180088,14.0,542.8603815311095
410,5214.992365925147,3123.1152362066823,15.0,541.645729505951
411,8450.301832562725,2526.2419703046744,21.0,540.9635481455491
412,7308.62266731058,4356.279278992382,14.0,539.0118584316577
413,8523.888289416105,1356.1811087702265,23.0,537.7844614845111
414,303.60292776234,5585.737757975853,26.0,536.992883319269
415,383.40130863671703,5867.697780305252,24.0,533.2745795650104
416,3101.7682070274523,5820.752235334246,23.0,532.639007545617
417,9427.955727913606,6146.054768462938,23.0,530.7207442429599
418,6999.047836228772,5440.587660890401,17.0,530.3956654001656
419,265.10431181391044,987.3766483250809,25.0,529.9008791065814
420,1239.2289046156438,3989.540486924784,21.0,529.8718802355855
421,5448.434179701956,6085.99047602764,18.0,529.4895551719666
422,8812.914995179362,5568.457206533736,20.0,528.9298360992342
423,4052.6710322916774,1677.6861894999754,15.0,528.7707415168093
424,2380.5836246097992,4459.2923317228715,16.0,527.577988801482
425,9153.195838995623,608.4326173740163,23.0,527.1969836219251
426,9302.371763618163,2435.266510492065,21.0,526.8361606769074
427,6980.995356048046,1740.8306007764425,18.0,526.2219267963286
428,6413.345371599526,3152.88312039306,15.0,524.4805777054304
429,6783.868147560824,3511.1889267302445,14.0,524.0644001790537
430,5873.77341750353,3920.4632298878246,14.0,524.0149959309585
431,4627.172025501625,3971.666862091577,14.0,523.8689767792687
432,6912.457117609764,3520.8552135654622,14.0,523.4789375284752
433,5265.121369505786,1928.775117910904,13.0,523.2406779964588
434,3603.670615814386,1604.9560291645075,15.0,522.7142242066299
435,3799.6906989994122,4937.619915499032,14.0,522.6523176614451
436,4351.336262498654,4565.239021422703,13.0,522.4676867862439
437,8194.972770392744,5292.765158444423,20.0,519.6213472099333
438,6439.408341186662,4379.798135740755,17.0,519.3265222904502
439,4071.7795690879484,5261.271750844294,15.0,519.2501111965945
440,6876.327113585099,1018.1438592326558,19.0,519.1257004604703
441,3832.1669454730627,5746.781278394895,16.0,517.887289005922
442,3869.1964379784163,286.18667409099646,19.0,517.4998483976829
443,1300.4104934122056,859.6493088034136,23.0,516.5432759872675
444,6394.120783831298,256.5800465420701,20.0,516.1413949445306
445,6603.938932878662,4747.2735459770065,15.0,516.0243681048471
446,771.0174714547443,980.357782578906,23.0,514.7155253141065
447,1439.7368893806006,5249.406456408477,21.0,513.289745685248
448,4581.34277688184,4739.139296174312,15.0,512.3111071668942
449,1682.7220587538438,5741.484589524168,21.0,511.99144984693504
450,3140.0279598919888,2897.608267454797,16.0,510.5580359518256
451,2217.985327522657,2878.6037854069923,18.0,510.3682177302171
452,2575.819276292319,3351.922134732162,17.0,509.8441240254227
453,4209.862455019713,12.414877951638884,18.0,509.3748689846187
454,6962.705206066049,3600.01308201922,15.0,506.7764192133941
455,6078.9106854177835,5270.780721618344,16.0,504.4474970633109
456,455.8795022398483,1917.623188968638,24.0,503.91710877158874
457,5255.6734701838595,5285.6615797664645,14.0,503.8850468539875
458,7042.795732185597,341.34358869361387,20.0,503.3345091525204
459,804.8913996825274,1236.1464302429822,24.0,499.5404347952731
460,6487.631714702323,5081.886151124841,15.0,496.45247071522505
461,8576.243318695286,4474.149801513485,20.0,494.66201069083604
462,9540.520185737796,4983.728475415592,19.0,494.58640176230347
463,4660.817689665698,68.69504754129309,19.0,494.00771744178934
464,4778.6252952604855,318.6613026660999,18.0,493.73130940963495
465,6168.481204153274,4758.99820401288,16.0,493.145144899885
466,3634.548095006607,1634.1278358654222,14.0,490.5689649485929
467,1603.3461315864856,5239.794762302571,20.0,489.80195100485037
468,1399.7852185466195,52.53518121082617,23.0,489.7297526934798
469,5442.066012789435,5059.719766531348,14.0,489.6136967678096
470,7242.0461502318,1651.1879515473922,18.0,489.57626353802516
471,6333.895388973636,938.5766549897295,18.0,489.4600576909027
472,8028.9371045380085,5066.162899230093,20.0,489.3308835189946
473,3210.4546886794747,2706.398577367853,17.0,488.88929800456634
474,7605.117006157271,421.9864840562262,19.0,488.00953025386576
475,3633.2817640006188,3064.061769723098,14.0,487.90487576748154
476,4453.949577333723,994.344386281462,16.0,486.92280585076475
477,5496.919076430615,3125.425771861138,16.0,486.7356892479151
478,8638.728379785334,6369.2707418107375,21.0,486.6067662920278
479,2092.003211653722,3468.678753862787,17.0,486.08722318858423
480,9216.08717068431,2882.0946426488263,21.0,484.87702865076477
481,6282.014278602529,5669.484141587665,16.0,484.458130648842
482,1488.6099965507262,1065.3800767602443,21.0,483.83400592055057
483,4736.80660773191,5365.189465895754,14.0,482.486526430745
484,9152.26401695126,5345.296573572805,19.0,479.53124499607486
485,5271.539437888926,2335.698482155277,14.0,479.17741794063187
486,7349.481102086801,4801.106209268336,17.0,477.82951030300035
487,4571.906620451154,2037.4632551345042,14.0,477.75501247870665
488,1837.4870223792252,966.590289845861,18.0,477.1996846622247
489,3489.368765332686,3786.46155951156,14.0,477.13995009864607
490,614.5930829759923,4816.710613544192,22.0,476.9851483801807
491,8862.26673507992,3835.01414901084,20.0,476.7118813708391
492,7117.498979562578,1923.010332026187,16.0,473.85267237159144
493,6501.73253287574,5047.1706430483555,14.0,472.2387433404358
494,1186.1514656239615,5871.098605872055,21.0,472.1787986195082
495,5625.306932733723,5059.332402889844,15.0,471.605303887357
496,8401.864312093941,6164.301095667913,19.0,470.802723266413
497,7507.992849901429,1865.915182776848,17.0,470.33023753093823
498,6975.6569644555475,1667.1944040428966,15.0,469.96549261789596
499,4025.3129513602985,397.3009749917201,15.0,468.8471313037679
500,1322.7497411104805,4089.8541216509857,20.0,468.7479275493972
501,3147.3798125296544,1263.8526477885187,16.0,468.1136976547185
502,4944.32298567617,4937.249310946274,14.0,467.3672335035894
503,4112.364311811841,486.82396674691006,18.0,465.99325028825365
504,7036.633802640671,5323.881911816918,15.0,464.9912550894625
505,1292.2576937539097,5249.677629966239,22.0,464.87487732011897
506,8834.211616260178,5940.636013608493,21.0,464.446914464409
507,7866.145217069434,5641.264918176696,20.0,463.97643893465874
508,5440.962988186658,3961.7322503793744,13.0,463.64817603352606
509,2220.719379419407,1937.2469233128143,15.0,463.6283174499666
510,2011.098880870355,4762.867158860337,19.0,463.53501151874553
511,2800.5797908406416,5451.2378569355,17.0,463.0298475346848
512,9350.393099838891,2935.5805830533095,20.0,462.95934409965747
513,2525.7810755553064,1927.0868063581208,18.0,462.25687623969225
514,9510.923799012839,4835.341713356724,20.0,461.5068947606249
515,2370.4657551726855,2016.5727218685652,15.0,460.7033583632067
516,6599.495166988641,1861.0365217463295,15.0,459.5543257860711
517,2377.839815135086,2491.907744231586,18.0,455.6043570771601
518,1676.532274609383,5136.082477992638,18.0,453.09036874372094
519,3773.0654021554237,604.5043652849795,18.0,452.8815916004898
520,4063.791007315397,189.5141164339972,20.0,450.9515770617165
521,4125.5468951068215,4291.375632764384,13.0,447.95663709761476
522,2160.5353622488874,5557.515476402635,17.0,446.6894547251223
523,8369.12370989567,4012.2886578273265,19.0,445.90916605987223
524,2656.750685778829,4835.417766072489,16.0,445.88693033287234
525,1442.7873615787594,3721.0034036701372,18.0,445.67727625975976
526,6353.7333907377815,5369.662707531933,14.0,444.6881019341056
527,2047.2967943971578,1284.7592246668487,17.0,444.6449606434724
528,4711.286010754762,193.851681308196,17.0,442.6997229867294
529,8109.797806730263,754.8565511425406,22.0,441.1109149506052
530,4511.793090753035,2329.347545460574,13.0,441.0178273027878
531,1500.9743083172991,1417.9644166068238,19.0,440.28785989738435
532,5707.42441256649,6197.480326802114,15.0,439.04085516689463
533,9181.360312944718,3039.4921290732937,20.0,436.90577464661385
534,6332.753767731749,2515.4684097154377,14.0,436.90051920002776
535,3647.9625624664363,4814.024590591156,14.0,436.70440331468143
536,3997.9122820088346,590.8569411786934,19.0,435.6601651322005
537,5463.368946467499,5414.131291348573,14.0,434.9787710436342
538,9498.474989747394,779.7761281964796,20.0,434.17616706803557
539,6955.189114649751,5377.528948639205,14.0,433.55730410007885
540,7860.27968479846,4657.282258446883,18.0,433.1589583529448
541,3284.3658056014883,291.424028338756,16.0,432.63287249251675
542,327.99764277590197,2448.640105299645,22.0,432.13517904122506
543,5753.731955988022,5219.964700442463,14.0,431.1226399219359
544,5201.119669263848,3488.985677018219,11.0,430.8930421353881
545,5137.821646819935,1302.91029960506,14.0,430.64146158368465
546,268.89146101248343,5800.107626655471,26.0,430.41508019350385
547,1214.8223688185901,4124.100909983022,20.0,430.41099607401253
548,9114.947720487971,3747.9601017531386,19.0,429.26300985024875
549,4283.4231270904975,4131.052117911994,13.0,428.6385468387798
550,6027.825062209227,1679.8935068198539,11.0,428.1856570388004
551,5881.654598028264,5221.99510108031,13.0,427.44149987909054
552,7508.355967456587,4242.156448941032,15.0,427.10531558136086
553,996.8157685799076,3116.5868474751587,21.0,426.26937591223077
554,880.352433337419,3800.8361873293247,18.0,425.64810028953036
555,4206.252474845535,6078.061394225074,16.0,424.83750984922546
556,7975.275270116253,161.5704452057664,18.0,424.566698138141
557,1825.8192015308477,5443.343294454183,18.0,424.55846873707594
558,8001.844342157831,4221.772775116857,18.0,423.29835346344703
559,795.4063567967987,180.00064412353348,23.0,423.04327871667203
560,4837.122034640762,95.40381212090638,26.0,422.6027294981166
561,8893.93746798343,6280.453124220831,21.0,422.2013822005376
562,5262.646850194096,6326.408464174803,16.0,421.8362950453792
563,677.053757964696,5523.102513948353,22.0,419.8378252462904
564,3020.8663066236786,753.1579717065056,16.0,419.2564981889574
565,2820.462188260352,3356.752029723062,13.0,418.6014827819852
566,2109.731843001636,5529.980795299197,20.0,418.3660756508361
567,4714.237890762255,2994.2584244079017,13.0,417.2165341525752
568,8784.647973097839,145.36491897848353,21.0,416.35787580083627
569,198.75573783020917,3689.7114889475192,22.0,415.7176956140641
570,1502.1858989581708,1180.8698348492371,19.0,415.35688278259306
571,5495.472690586094,5618.751426081258,12.0,415.2459423452517
572,8428.50186498414,5177.136129026596,16.0,414.93301593431005
573,533.4435771975694,1909.870880024223,20.0,414.7143024599217
574,1688.9577946331501,4348.419210114651,16.0,414.61234076920664
575,7658.688388953074,2870.2219365993333,14.0,414.0256366010038
576,2115.050541841912,3097.479211750374,15.0,413.2217155436554
577,2886.3871849776647,4507.403745967713,14.0,411.3117145008421
578,5911.904204847523,907.5915692470418,17.0,410.21396708744
579,4809.459555230304,1185.0816267883029,14.0,409.09753442369976
580,3436.2969467513053,2064.2739681552766,14.0,409.0714362537745
581,4573.245592085017,4926.95594819879,10.0,407.6656555046917
582,6267.902403876593,1962.004533725373,11.0,407.28960260552395
583,3101.77511698912,6093.440951120256,15.0,406.93370830231055
584,4765.214791723019,4107.408686774798,11.0,406.77348990516856
585,8862.544323777449,2014.8942328241912,18.0,406.52290080106695
586,6219.185707244185,34.421752922870176,19.0,406.16285177992063
587,1429.0077065857288,2307.6141924993085,18.0,406.0486794411479
588,2729.0561810522886,5170.917808230236,17.0,404.8366402981578
589,2607.3221063867436,655.6404281292535,18.0,403.5302239322463
590,2988.4045791469366,5961.394311534238,15.0,401.96231195010114
591,4394.010862209071,5827.658336814975,16.0,401.95092986220493
592,5977.478629421616,4481.008790973722,13.0,401.5166469212877
593,8795.07395787433,2456.089782723147,19.0,401.4227121864794
594,1455.9915807167808,5053.426813724008,19.0,401.1681133760879
595,1832.5527203237175,5960.1078450985115,20.0,399.71004021531
596,4868.120383250055,2453.3851292664535,13.0,398.2197937645721
597,768.3156042850584,610.9758822165185,22.0,397.62204170440623
598,4171.769109988662,5730.784221696962,15.0,397.10769801344804
599,9347.07818882519,1685.246777230369,22.0,396.82670741896817
600,5271.70367476306,227.43161909384543,16.0,396.63431626771467
601,5171.351501954278,4582.831811874418,13.0,396.5588222970406
602,6028.855170628784,924.416814193686,14.0,395.3245795032015
603,3610.704608058752,609.121641104075,16.0,395.3027622040752
604,1163.4692863219,633.0272808441299,21.0,393.1751235588682
605,3857.153389438732,6211.695526595764,14.0,392.28798006800434
606,2541.886654691147,2000.1649290995065,15.0,390.05185582726654
607,1025.8370292151578,3203.0058068458343,19.0,389.7966045990851
608,6123.3471211639435,679.4769741512666,15.0,388.96810350724087
609,5872.229700460391,5986.4598561013645,15.0,387.5291391701311
610,8117.944135791513,3411.094991257529,17.0,387.4906423554566
611,6692.443508849895,14.383386477076668,19.0,386.84237754391677
612,4827.379441925704,4065.048824860602,14.0,385.49669294514143
613,364.883642647402,4980.658511382222,22.0,385.39879060216936
614,3447.412936887324,1660.6802046716184,14.0,385.20355846792546
615,7341.066410261113,3452.845500778536,15.0,382.95256772423664
616,5493.438227790859,1259.8650244359637,14.0,382.9273925447103
617,8125.178616006403,3152.957029725226,17.0,382.3410856214365
618,3825.6122960828084,2724.6316730357044,13.0,381.6780490764895
619,31.71939293655592,817.6122890974062,24.0,379.03555375742997
620,8154.364526416142,5663.765856503362,16.0,378.8928010424005
621,7899.474738334002,6009.307942650533,17.0,378.38140213844224
622,3965.8649905838297,6374.635495522085,17.0,377.7346970668351
623,5094.498799616408,3684.7892440018145,17.0,377.6902909948034
624,9189.228058954519,6078.765629209458,20.0,377.4309651270608
625,3256.360540749054,4331.239856551589,13.0,377.00454749080336
626,7313.320602135431,6344.3884851704315,16.0,376.0947980863955
627,181.30585722197097,2636.9913914729805,2.0,375.9875391974861
628,3857.8476698830873,1331.9748371285998,14.0,375.73435278536084
629,6859.635691161386,3507.013193670208,12.0,375.6402164385445
630,8871.78245124984,4196.659211627183,17.0,375.21641515355856
631,7670.167912984826,6103.50415351442,17.0,373.8498248144146
632,7270.781196886825,3223.994110777386,13.0,373.8313073546075
633,1502.6587106223842,5958.318501247196,18.0,373.4558051928575
634,8893.0108995925,5862.801332801569,22.0,373.02300921097316
635,893.2196706612915,1355.5159723228273,20.0,373.00488447083467
636,8062.4969697764645,1153.7577935413992,17.0,372.52233623860894
637,2555.1703699316436,2615.3510413483004,13.0,372.3572248374201
638,92.12123930925186,3246.5794990608306,20.0,371.9746393038065
639,6269.4087914816455,104.01746326268277,17.0,371.56759489030827
640,3604.4769765081087,338.09109643613857,15.0,371.25923760428645
641,5265.366118832555,3818.928397365412,12.0,369.73150736410105
642,6635.620935660858,2420.7034042089704,14.0,369.4191493850284
643,8174.1262592174935,1194.0088407283727,20.0,369.1963154275461
644,2294.9520693860322,399.3321821444945,18.0,368.95991190130655
645,372.43968300245473,4228.293316789182,19.0,368.7990021140529
646,163.64690447122425,2881.235786727198,23.0,368.72382714342876
647,7121.265522524442,3871.31758214591,13.0,368.29565277702363
648,7621.812280994361,1522.3524301801292,19.0,368.2532239285257
649,5906.20537973089,6201.015849897302,16.0,367.0564717423214
650,8794.881769551694,2649.537097201545,16.0,366.43250597801983
651,9381.969869346438,3959.765080201538,19.0,365.96921296996146
652,1886.8859036776823,1552.1608627837566,19.0,365.54443906722463
653,8957.273929300094,3542.6046919416594,18.0,365.04199215199026
654,281.51085578992854,663.499048207097,24.0,364.74650341250043
655,9141.649219758958,598.3220800972915,20.0,364.64237367862705
656,9154.334773003988,3765.940316202803,18.0,363.7787557645325
657,193.7437192515307,2807.635948965961,21.0,362.9368211862867
658,4794.7878236445995,3131.0054556147406,12.0,362.8105276756252
659,2865.433199211326,4181.122590551619,13.0,362.7499930165667
660,7201.722311940661,3527.7025469602363,15.0,361.6475683408681
661,361.27679915942366,5338.103093347392,22.0,360.9990165284738
662,2901.551428733336,5908.97271791915,17.0,360.9125271385616
663,4075.8304068929433,4279.983524091462,11.0,360.19513557953394
664,8119.474316877455,2667.1373551653855,15.0,359.1091086009279
665,463.213432343236,6095.096356412699,22.0,358.8890397946291
666,2835.785230477446,3488.048466774107,13.0,358.461212599706
667,847.4935642124916,2430.5213976499044,17.0,356.7722721627856
668,932.072422643717,4988.3886917712525,19.0,355.8146181705865
669,872.4317199120055,3608.0240188230146,17.0,354.4746252022922
670,8127.603979373412,6339.089926194707,17.0,354.17465067650454
671,6843.5892553132135,2469.666067187633,15.0,353.48957610035615
672,1263.4656657832688,1653.858050234357,18.0,352.69969219562347
673,5544.7037971105665,4560.002336724912,12.0,352.6827346746762
674,8275.25395866549,2008.5245102017295,16.0,351.92089069076314
675,4558.844669204709,4017.1227160951626,12.0,351.14957204062216
676,5246.446917747256,5394.599224548061,13.0,350.53550948598456
677,590.0656319948315,2654.216888862876,21.0,350.17658917833944
678,5517.24899762451,2055.0471111235206,12.0,349.1976516556575
679,5210.649190929846,2583.0435124764067,12.0,348.8294993800149
680,5215.90920299654,1744.1179153088349,12.0,348.5195180778833
681,1457.0910049965278,6255.320760944615,22.0,348.417712001838
682,194.17243712435334,6247.927217074283,20.0,346.957605724779
683,4784.134541619958,3450.2969199719905,12.0,345.2981148774416
684,5552.434493561827,4043.352471993723,5.0,345.22957191129194
685,1988.8827216728002,3777.490236064252,16.0,344.4833539772838
686,5513.513025618809,890.4584621743589,15.0,344.2828958988695
687,4744.656715948687,1077.6737878945714,14.0,344.2149534611401
688,6637.83232175743,587.4589872271265,17.0,343.96077579119236
689,2811.7335948705017,2066.6332252213506,14.0,343.18460627571
690,7356.842907932968,271.4514322076774,17.0,343.07453294768294
691,4816.723022572615,1707.076566762976,12.0,342.9853418220571
692,928.7634967207147,4257.604262424541,21.0,342.63644513727814
693,8069.819662726651,4997.528339505029,16.0,342.18509921168754
694,584.293419786823,2691.2006887629354,18.0,341.92871569900916
695,7098.54140896473,3523.9863860297814,13.0,341.7629636335712
696,6208.354162778296,3301.2927667036306,12.0,341.5087461315193
697,7436.139495257179,1503.2290091383604,16.0,341.336445009086
698,822.8994896886395,4990.986139460609,21.0,341.2634549529622
699,8652.141679888942,5461.809731591296,16.0,341.1775615916069
700,4898.795018833475,5153.475250189621,12.0,340.93293854831575
701,3977.9442238198335,666.115322046812,15.0,340.84988633737
702,2167.9843062971304,1234.9033616295148,17.0,339.87500834323595
703,7778.7104044775415,400.41110670441736,20.0,339.25039427879204
704,6609.138362436154,1922.7951199311503,14.0,338.9733427801685
705,2783.3206458831964,3078.996129002428,13.0,338.8032818350287
706,4345.833234609009,5474.173528833835,12.0,338.5714563561122
707,9292.21886109297,5998.155162759953,22.0,338.55338576669374
708,790.0840602568186,882.3420620101027,23.0,338.3843857479222
709,6571.690397656592,4371.100948195966,12.0,338.19356533217876
710,6633.917206041818,812.4076843373551,16.0,338.1510251076139
711,3714.9846813107506,3781.927206108728,9.0,337.64882267277557
712,1297.3365455187698,2253.791688219307,18.0,336.117295332014
713,2852.577340560847,4501.735061738081,15.0,335.86436514163466
714,587.3414182504282,2207.218757638013,18.0,335.68169738444686
715,3992.82658550467,1968.1327381921926,12.0,335.5295193777961
716,1080.703704488563,3178.395644021661,16.0,335.4993991147286
717,6390.921367263649,6320.321807228689,15.0,334.9254896195317
718,4750.01531883355,4952.560786083775,12.0,333.2587163681962
719,2182.984554451279,606.762055042943,17.0,331.73305777065525
720,5755.51790571041,1206.09622429093,14.0,331.5966256423162
721,1998.9227448013378,1725.5607650379898,17.0,331.1984034053497
722,5131.7524794003775,5225.866899771903,10.0,331.0981568517461
723,2584.6019564998833,3808.6759353517477,14.0,330.94778695878256
724,9204.270689142513,4616.854197790154,19.0,330.8525522936555
725,875.3465109304879,3065.1752134526632,18.0,330.5872755719216
726,2910.8380446737247,4890.8846086359345,12.0,328.7379040337318
727,1517.8011650761189,3525.175822968569,16.0,327.45123332883304
728,6442.921003580951,796.6524065982256,15.0,327.16831404380775
729,6232.887981694344,3756.5039490949944,12.0,326.7835469174341
730,7590.948906657528,4361.981602248301,13.0,325.54486226782996
731,6428.244002962816,199.17131232938937,17.0,325.4439130778725
732,8940.071848493428,4075.036846460015,18.0,324.933483954537
733,2734.9196803712593,5008.1322596493865,13.0,323.59388575291126
734,8936.902829954808,2453.5417497929366,17.0,323.3596769043429
735,7174.221950869997,4185.8056903133565,11.0,322.7391689196479
736,4336.449269435575,4639.88356238715,13.0,322.37291537245534
737,452.183873874292,1328.42022548851,17.0,322.32537548478615
738,5770.347449003308,4583.262083034591,12.0,322.10188644450903
739,6249.6991249513485,3688.4993702323245,12.0,321.59917316190746
740,3038.9772141573067,5319.237368646971,13.0,320.723479572602
741,1067.4460184558718,1898.4806537123095,18.0,320.3797977474816
742,508.36474293631943,3092.9898692428746,18.0,319.73575888616045
743,2131.7023006712798,1878.4962345963665,14.0,318.32783351805153
744,1199.9068868932093,6168.925768505274,20.0,318.29079883994547
745,4615.5866535241585,3731.884925447217,13.0,317.8098531261553
746,4026.795705800314,6008.734658152408,14.0,317.0265022682758
747,8632.94180430008,2778.1484103691696,16.0,316.79789390757554
748,5851.823992227307,677.5526549427059,16.0,316.75461312460436
749,1361.4370537173504,112.53747576763939,17.0,316.43541525202096
750,868.2080038027059,2623.0509771996244,18.0,316.0592694875074
751,2878.1815577276075,903.0168105022682,14.0,315.8377737159632
752,326.36150596589613,2143.818181968749,20.0,314.86399387085334
753,437.9627518913016,4313.7851012841265,20.0,314.70963217658766
754,3779.209860196823,1860.4958944485795,13.0,313.9401766700867
755,6782.89218380979,3489.391312384001,14.0,313.32895519149355
756,6287.490787232885,116.866001585389,16.0,312.2631446888488
757,3984.587058651436,4710.567411307474,12.0,312.0646404690843
758,1952.3328994497836,4435.653467765583,15.0,311.0523859011258
759,491.63824678135944,1874.8513722652867,18.0,310.51790964144493
760,4060.665367998164,4970.055935185679,12.0,309.95630936907145
761,8412.484724762307,5313.597602868184,14.0,309.4717283988651
762,3984.9954967602903,6134.182317636298,15.0,309.2207233629114
763,3644.8044868327183,6173.0253288641325,16.0,308.93470258955
764,5145.482373821929,46.428671450449094,14.0,308.67256093209977
765,512.4207883897499,6380.369487454506,19.0,308.4609783065374
766,4401.275489139624,1377.0981008438334,13.0,307.6301315152698
767,2492.625208110189,2368.9583286876427,15.0,307.5342699315789
768,1254.148431407931,629.4095286257159,20.0,307.0584082209209
769,698.0275618883742,377.4330610552576,22.0,307.05525585334055
770,2123.3576822456744,5025.4282537013805,14.0,306.64233962791343
771,382.55281149138125,5664.040211682933,20.0,306.36095524509926
772,3112.607932177157,2110.69687255128,13.0,306.343117787448
773,2679.637269300272,2162.15461363494,12.0,306.0379948846795
774,4216.510674123065,5981.324739948012,14.0,305.9172079247468
775,9204.420546049982,4325.354613604239,17.0,305.58441827718883
776,2029.206803122807,6051.072880679519,18.0,305.57591424431985
777,5662.861896097396,6333.723436059558,13.0,305.54504305822564
778,800.1891580794681,2051.8452385211335,18.0,305.2621246824263
779,6540.367747125773,3849.124057094695,14.0,304.7001539228393
780,1391.6296264247485,3951.3802477396316,14.0,303.7371725897961
781,7383.245755944094,3876.578006409985,14.0,302.93526779495807
782,6833.868586613721,5493.050296532467,11.0,302.4710931470254
783,2559.042312426519,800.0406339130823,16.0,302.117370716467
784,2551.5243315182515,6065.477612332756,16.0,302.03338011650646
785,1739.1513200266356,4539.867698943078,15.0,301.8296565467943
786,9410.971552433648,2704.8590935490906,17.0,301.73274880610495
787,4498.446661747581,5704.440729730456,12.0,299.45646393726565
788,4848.15227370503,2702.303561024251,11.0,298.48629641613627
789,6001.696767567133,3694.400333536262,12.0,298.4035847228804
790,9525.152177969612,1049.4521426036085,20.0,298.280347836959
791,3659.544026158679,3127.3997509079823,12.0,297.3328523964816
792,2924.906469746447,90.58203688604226,18.0,296.0379815049445
793,3099.1334363296824,4815.44823511764,14.0,295.76615554441634
794,3511.0554614717917,782.356599544666,14.0,295.2169937252067
795,2634.3653154601,1373.2410208819945,14.0,294.78598016219894
796,2230.4608032732713,3453.8783162917034,13.0,294.6218291860461
797,8774.162701014795,1667.2875494121147,17.0,294.104729791665
798,2415.4901162092933,1435.3087623313163,14.0,293.52216680842105
799,7481.301619170067,2225.949086618982,12.0,292.45698431335063
800,5378.593379299138,3423.0167121692593,11.0,292.104620526266
801,4027.269534879842,3595.0168869219838,10.0,291.8324778529494
802,8021.074099492815,5621.389452470253,16.0,290.9728499740338
803,6439.1595931058355,6232.35803737447,15.0,290.293588723101
804,3023.2189337688533,5731.7124631302795,13.0,289.0703164439666
805,9279.161989149583,3373.893308724306,17.0,288.88769919530756
806,9030.302020056315,5378.118134109061,18.0,288.1003685063079
807,717.5726183292189,4233.647248642647,18.0,287.28319517779926
808,2522.089091065667,2126.9188648626964,14.0,286.3141296133727
809,1798.5390906746459,2173.3366090542377,15.0,285.83168550319385
810,1620.512421071073,1222.7871230325825,15.0,285.02714961513385
811,6752.117407176535,125.56192706081985,17.0,284.1076558785216
812,4929.699681244519,4529.626351724484,11.0,283.8323599569213
813,5789.200406494904,3280.8871732729463,10.0,283.4083734083889
814,1089.2017332607907,3170.34998459069,16.0,283.19851983403504
815,1139.5671091362083,4592.302661646196,14.0,282.9557050637486
816,6460.211292012133,1952.193863052465,11.0,282.49675372288954
817,919.1146647984489,4237.793211733794,18.0,281.6938770795037
818,826.6188910386522,745.953121482942,18.0,281.6349462203981
819,161.04408555521073,2733.246986662733,19.0,281.32562203988334
820,7125.826545683956,972.3536645793757,15.0,280.34941049119175
821,4492.6847664785,3948.8940845115117,12.0,280.2937455887957
822,2552.4802885065105,2232.766740621754,12.0,280.1864518430139
823,2187.104518109655,5125.002441663166,13.0,279.8674616989073
824,8290.461524869397,2879.4704203244974,14.0,279.4338253598417
825,2659.1629787630545,5981.17591723529,14.0,278.7632970203548
826,7193.34779975713,3812.2732076741336,11.0,278.57622510221495
827,4119.536113439054,5017.256021202084,11.0,278.15996847696834
828,5034.4614241333,1107.7037989369117,13.0,278.09586376095604
829,13.759069596025578,4226.942955296987,19.0,278.08930604673094
830,8534.179176650443,4645.691131378112,15.0,277.4620507979675
831,8722.525818720926,4782.675882370307,14.0,277.0291178635936
832,8695.548019766997,1401.3043494709725,15.0,276.8770480518663
833,5112.98746281087,5066.553377754543,11.0,276.79465282559744
834,2978.4046462710717,2288.0055038669325,13.0,276.6628345112214
835,7686.047567767357,5886.55980502253,15.0,276.59692828314877
836,6973.046399351539,2659.1407682276913,10.0,275.8050037546308
837,894.5244511802749,74.48377810279854,19.0,275.7957155146962
838,8458.675722831817,2766.3077852165356,15.0,275.7137897397731
839,7530.522534992155,1743.590932104689,14.0,275.68491438983597
840,1339.7935281998286,1405.4575752311157,15.0,274.4287193133087
841,4401.140023823651,2789.7825043793796,9.0,273.0802597154731
842,4446.539766951029,4719.8905244317375,11.0,272.21563053410483
843,2587.9365171881127,3242.251538409097,10.0,272.15248878563165
844,8610.338948263061,5798.458292720349,17.0,272.04656451963825
845,7798.751750686639,2342.473184415423,14.0,270.99779546699295
846,6513.069498765136,2940.3194285449754,12.0,270.72627627265393
847,4839.237538753805,1104.7376749208952,13.0,270.55916847294236
848,6324.203028521362,527.2941420662683,13.0,269.917976621239
849,7198.084890099346,5081.448489134304,14.0,268.4485847177928
850,5585.133450365718,4574.828529346755,12.0,267.66634971891824
851,4563.2292683951155,252.8828769065834,13.0,266.80576548890895
852,9152.134375129996,2993.2223764721684,15.0,266.6782936527844
853,4479.375457689948,1829.9607215641015,11.0,266.59520434669054
854,3698.2751563097554,3379.276745838032,9.0,266.3508702015563
855,5086.730835764665,3682.6529998503215,11.0,265.4976575214181
856,2010.2856234410422,3644.227134422476,13.0,265.2634331008894
857,4499.338708581705,928.2631594368097,15.0,265.0172147446953
858,5572.813005368237,5011.169061796981,12.0,263.9152398692479
859,3091.3062555282163,1608.9856374491028,13.0,263.90061664475246
860,5362.925215360408,2786.609895972285,11.0,262.7718978288959
861,2863.268092350822,4361.405887468692,12.0,262.55296101336864
862,1117.6182004254852,2661.8355921917478,17.0,262.28233761810486
863,2020.400880259529,5734.82763262278,15.0,261.477493510151
864,5345.834828085412,1535.7927297425967,12.0,261.4325206076367
865,5632.685826107525,1936.7598523840952,12.0,261.40961516153266
866,7952.485255747457,38.52925088980433,15.0,261.0518672106816
867,8482.95360709739,5241.411153105494,15.0,260.45132738062296
868,2711.8787835478483,6346.097964142196,15.0,259.915803384462
869,8341.49180975592,118.22444204550985,17.0,259.82824024495034
870,6009.24962142749,717.7518828517689,13.0,259.6579656553756
871,8088.945970896348,3268.279939162779,12.0,259.5575081258921
872,2719.626094618457,4854.164878417806,11.0,258.47924488217484
873,1976.622036260451,4031.7941696990383,14.0,258.32546104634054
874,3923.6482731579736,5682.070738062981,12.0,256.66874420283233
875,9261.6263618803,1058.3408089260295,16.0,256.6678320417609
876,7805.937250794332,760.6730524313099,16.0,256.4484793685826
877,3055.20540723425,3332.071976274835,11.0,256.36041219796954
878,3605.6988346619546,4814.616780877341,12.0,256.3420065410468
879,4804.9260125752035,3405.739674847193,10.0,256.13456330632306
880,500.50602725172615,5296.599032118713,20.0,255.72873590333705
881,5712.082308869005,671.7147856307604,14.0,255.54395696146346
882,3306.93431714916,5437.2733351513525,11.0,255.38070545840347
883,5803.314303622551,5736.1041054266225,12.0,254.72867775807487
884,5457.828240681335,5050.1194422705275,10.0,254.38807932264052
885,3674.669004153999,1598.3792497328898,13.0,253.7092421690105
886,544.1053349182487,3650.4503734555096,16.0,253.60585901675734
887,8623.608652964038,1145.7591879059987,16.0,253.3362338462724
888,4197.20802070981,4147.591102861524,11.0,253.31816870788526
889,4912.004689049008,3774.13465678473,10.0,251.9567096778825
890,7627.632712179399,2068.6839551870185,15.0,251.92121283704486
891,3438.6486079397355,259.72802062145,15.0,251.36209342636943
892,1502.1969117774554,5205.145770354931,16.0,251.2180611953139
893,4938.5333786519905,2899.8765318730693,11.0,250.9519776143964
894,3435.2098717425984,554.3135475940664,16.0,250.3028105429178
895,5168.54034649168,2313.0882395778053,11.0,250.14960517524156
896,1490.6040061677634,3950.94788713715,16.0,250.11045503187157
897,3385.2335172467488,4303.990255082526,10.0,250.04514170079207
898,9486.915615974014,4078.019371770806,16.0,249.86606447101315
899,1984.2697758720524,3637.3089714720186,14.0,248.984270132289
900,361.08828749319474,5205.669166648752,17.0,248.82301328643308
901,7154.289905738234,3233.178021518036,11.0,248.73138233830446
902,7533.734688755374,977.361051283309,15.0,248.50489437694284
903,6613.010439341013,2456.0259561633075,10.0,248.42734194513739
904,3004.2941052165475,5041.828347847101,12.0,246.6050522615198
905,5498.455217523547,2813.0719050542343,10.0,246.34242724538953
906,4428.634373455803,1852.628803863363,11.0,245.6816888785176
907,1113.834778216694,798.8840601622065,20.0,245.36716469681235
908,6600.778424299238,2476.036981055529,11.0,245.1371161706112
909,2223.554407498866,1126.1634606769705,13.0,244.48173762903951
910,8215.017167144506,2403.053320778998,13.0,244.43471136487366
911,484.2850678410775,4856.835503705055,16.0,244.3168956026263
912,5690.947378270734,3544.191295725305,9.0,244.2711853746705
913,7716.957609759992,1585.7914046682376,12.0,244.13508902232707
914,5976.177989619468,3768.1044395181275,10.0,244.0713851585209
915,1475.1301409588145,4926.311147940738,16.0,243.97332081973863
916,2525.6191263830915,3107.5174888982347,13.0,243.7083874115034
917,1271.2687278802025,1519.7153094834637,15.0,243.6637930548171
918,908.9519664952438,2400.949613003106,15.0,243.6420902653964
919,7583.212898636044,76.16225650466214,15.0,243.2267984289439
920,2563.019303904743,5504.203872825137,13.0,242.34935743681808
921,63.68241296291972,4845.4961671374795,19.0,242.14295975778074
922,8972.042472035524,1184.1495884236226,16.0,241.33235232142192
923,8630.644236201993,6357.450673041211,14.0,240.73123855025503
924,2368.402768315521,4260.4065640137715,16.0,240.05838943610547
925,3070.975511149076,4559.305253350868,11.0,239.6707808268249
926,6490.708561187175,3849.004993697979,10.0,239.57088933359472
927,7556.383807673928,3654.6030163173846,13.0,238.9659801373038
928,2594.8222313057236,3166.5037269598593,12.0,238.34872753532366
929,2862.2628568279856,593.6842252902777,13.0,238.3230468037785
930,5298.9713041217765,2291.4814738692,9.0,238.10418639475267
931,546.6617870655631,2813.7459399610075,17.0,237.85237135647424
932,754.8728166090253,5624.791349068044,16.0,237.34615490855384
933,2337.466634382429,4975.056539694011,14.0,237.25831954518492
934,5231.905783008638,4919.8920040547155,10.0,236.4051421617798
935,457.89943275027264,4582.971304745026,16.0,236.09243818486095
936,7192.782870452132,2296.8639672569666,11.0,235.76775914035
937,2040.3103010459727,481.222573482685,15.0,235.59804876354775
938,1660.701558339363,2455.1918268175737,13.0,235.1547682285992
939,4338.57020619828,2909.0828113820044,9.0,234.7088968141916
940,9240.639140820791,5025.505813545861,16.0,234.3359614595626
941,3128.207977568705,2645.3130423207404,12.0,233.7271725678251
942,3941.0668590043215,2589.1077036298443,10.0,233.14407782868378
943,7346.420490699123,3414.2862804524307,12.0,232.8804696291637
944,3795.1628646566837,470.11922881311904,13.0,232.8362372554943
945,7814.27306018528,2850.893303066973,11.0,232.50510905514588
946,8926.657376412815,2835.8514599608898,15.0,231.6625273206392
947,7743.827877796916,1356.5592755274643,13.0,231.54217006223058
948,4906.27364275071,851.7666941556665,13.0,231.2808081758587
949,4717.394630674313,3352.9290089309047,10.0,230.52364627920983
950,8138.669816672889,3626.205535553541,13.0,230.1264211974098
951,1030.9983729813007,709.2313957662187,15.0,229.94590489611338
952,7023.913096312219,4056.2502933052797,11.0,229.91489297071274
953,8539.037002742716,1454.0284769079826,15.0,229.86778759544703
954,3529.1824211113403,1427.639634866792,12.0,229.63568952959133
955,1224.067629294607,5660.390564685372,12.0,229.46155110142533
956,7691.892365540196,420.7879782747395,15.0,229.42051473299026
957,6977.11750993065,2288.9496989861586,10.0,229.17348189973677
958,9120.179736158843,522.2003550659582,19.0,229.14136009394534
959,3802.019451992021,3785.622052000882,8.0,228.68449229776908
960,4193.435076839623,2424.9481592215016,10.0,228.40721463698912
961,8882.217865328934,4397.932199326782,17.0,228.4059335002124
962,852.2501705645121,1722.1865030464187,18.0,228.2973863550142
963,658.9275484660692,3749.1088165404576,16.0,228.06641550393545
964,2841.403687630879,5164.0142506407465,13.0,227.28943876796802
965,7730.335438385634,2304.9965772912697,12.0,227.06164314783032
966,1511.8235702874708,1900.1147542005488,13.0,227.0108097593792
967,9059.367801832488,2921.4262069578485,14.0,226.98317141632347
968,8272.036704533,1905.2701709193127,15.0,226.40561283728113
969,4317.66711432883,5780.217290231404,12.0,225.7965757099545
970,1971.3324720465318,3072.9985132628567,15.0,225.36641120707102
971,142.83471173080656,3883.2997074145915,18.0,225.32610050330743
972,3260.228302573292,6045.673443143805,14.0,224.7006340541596
973,3702.314690061647,635.0594469684597,13.0,224.65611801064455
974,4870.157565060269,2155.5159300433447,9.0,224.53166608452577
975,174.10992627640647,5822.703416126286,16.0,224.2246045207413
976,1018.4182466361659,3140.6433085080184,16.0,224.21094564266642
977,7305.028617351889,1666.8799487778176,13.0,223.9872344319956
978,3451.6797214060575,1745.595565571933,9.0,223.82187281805707
979,2718.959443219154,4230.8298595176575,4.0,223.57440343320354
980,1351.9187699703857,2895.5815343731583,12.0,223.52407486854042
981,5240.6414204456205,863.2806470772518,12.0,223.38261244102412
982,2529.5244340279733,4408.873110510038,12.0,223.26569297381508
983,7220.256694594369,3693.654011904912,12.0,223.18340759617678
984,5810.342928507367,2421.4480522453327,11.0,222.57046241449058
985,9372.136048784954,5545.325900075058,16.0,221.9017574831642
986,2712.3025383026384,2857.5749015700662,11.0,221.83722082413277
987,6503.654142515614,3967.893328291321,11.0,221.82382068885218
988,3231.301211624909,1307.3426614374616,13.0,221.4658288598937
989,5636.878978288094,318.9456816639189,12.0,220.05855463992444
990,513.4705798171025,3400.9664390352805,17.0,219.40212431547639
991,5839.875413014381,4930.647495175971,10.0,219.31480312009657
992,343.65806324098617,1996.4021586759545,15.0,219.2325388464937
993,763.714056584953,247.42719172359975,19.0,219.18474318050116
994,6915.480946772092,5410.648651464394,12.0,218.9255663534987
995,2440.106094226788,2370.751761147919,12.0,218.83494424050403
996,6868.92601555949,1139.761564345118,11.0,218.33611646497425
997,3447.686953808085,1968.4517143165588,12.0,217.9217893432803
998,78.10192769282831,2812.332193247028,15.0,217.7877402414003
999,3246.260796171601,5951.761547626208,13.0,217.51828949655803
1000,1599.6061267526668,87.30901816180199,15.0,217.22483922284863
1001,5235.32937116662,5294.370661883122,11.0,217.18371232478447
1002,2814.815904069686,2699.9457947677497,10.0,216.68029585261885
1003,1669.4764451027756,1468.0912908839848,15.0,216.0201894986326
1004,5850.947491921506,2724.508363832427,9.0,215.894738035069
1005,6172.968618584545,2758.6587083675836,10.0,215.83182673394836
1006,2645.728549764177,5194.801578326959,13.0,215.4701316587271
1007,2396.921094410336,1168.7695405139082,11.0,215.35564057815
1008,7034.638892283272,5813.3275889916185,12.0,215.02878025185424
1009,4118.430993033993,3258.2692543248245,11.0,214.93321850194414
1010,5226.053098688849,5348.363242952094,11.0,214.8563376763198
1011,8679.989944650297,5881.04800208488,12.0,214.25699375400538
1012,8648.907951007039,5696.030628534297,13.0,213.76902723973149
1013,4678.229031491456,335.14533405304434,11.0,213.68144353046756
1014,4022.5137520285675,5246.56311981658,12.0,213.10963470351484
1015,5488.084253842473,5793.793644898979,10.0,212.56244025208838
1016,5808.92452809498,4412.435552489115,10.0,212.49767851259617
1017,332.04384438562386,2004.054966696747,15.0,212.34513910662037
1018,534.3043417082143,1862.709719756724,15.0,212.2626237161336
1019,4424.917202884497,4186.627109702849,10.0,212.082855287768
1020,3546.19681054303,1121.94570227736,11.0,211.6416225440317
1021,8841.538293367596,4303.26482733156,14.0,211.42098852746784
1022,9352.32315233414,3793.606933412735,14.0,210.86506908836333
1023,4840.552290804764,5825.369396300024,12.0,210.3291525481961
1024,7317.598652535591,4872.510526987667,12.0,209.99123785942783
1025,8404.059385005952,4709.11081608571,12.0,209.36139540642225
1026,5951.470840013928,1146.4244148302446,13.0,209.3452579047036
1027,6160.200177293837,1533.8532942674801,10.0,209.32792632436275
1028,4930.50758062806,6108.558668283475,12.0,208.81776393963634
1029,6831.686926719395,4857.138063884804,10.0,208.60990455192413
1030,9328.330812184367,4086.9801758412996,15.0,208.5643451426151
1031,5996.76256433041,4682.878106699545,9.0,208.43843167614864
1032,3874.5656311670573,502.61956250413294,13.0,207.97201684611235
1033,7167.631765426251,1288.761829778758,12.0,207.7966735341978
1034,8123.14827574957,5438.628992499618,14.0,207.57529452368328
1035,5765.035102889724,6001.696828921131,10.0,207.5294107109303
1036,1514.3501260740552,2612.2031865265208,14.0,207.20537537043128
1037,8934.039959321728,4110.181336077721,13.0,206.8821182234082
1038,9154.758488383468,763.5168024928041,15.0,206.575816626533
1039,2000.687300508401,1992.0163173721437,9.0,206.51522013971595
1040,3899.944952873832,5403.534762063175,10.0,205.55980886131016
1041,472.31370554719905,2631.9669692052976,15.0,204.90136302174878
1042,8105.646001183608,4396.793534531839,15.0,204.88122318380235
1043,2796.4172588793135,3194.758687092567,12.0,204.5412193425333
1044,2461.324728111538,3657.391267529604,12.0,204.51915595962072
1045,3965.1183405474117,1401.1792761142628,10.0,204.46332820628547
1046,6064.22901724575,3893.112841619345,11.0,204.22336895654993
1047,1774.154425216729,1419.5245132835626,13.0,203.11084406922956
1048,4717.310457763083,2921.9286519599805,8.0,202.96710854062997
1049,2027.0040830667037,2292.052459049129,12.0,202.49261562431917
1050,9466.031150466599,1669.9516748489084,14.0,202.47048218919184
1051,1593.2318818847787,3295.3985988687355,13.0,202.21546163140076
1052,1674.2583759945587,2684.0467460639115,11.0,201.8038655984817
1053,8882.23641572788,896.7691244375355,15.0,201.72339971443432
1054,9482.129489947927,2718.6210789313664,13.0,201.46635661618296
1055,4943.655178334061,947.5885803940254,12.0,201.22200614607544
1056,4314.381247007154,64.56758732072817,13.0,201.07910135884754
1057,4335.711405204896,5413.398289755479,11.0,200.97412696232752
1058,8034.040521000256,6154.144884631107,13.0,200.45394269201176
1059,9468.10680078218,4490.1908226259,14.0,199.91579836749293
1060,8855.337368148148,1413.4815028002356,15.0,199.68478846343496
1061,2128.6648092129612,5973.835364423176,13.0,199.669169843361
1062,890.8053731676333,4086.884565187595,16.0,199.21334026584546
1063,2448.8350354061818,3310.963765019002,11.0,199.06501739420318
1064,7298.6751453447205,4162.585337640564,12.0,198.99150850050262
1065,1073.3878000358488,866.613633317501,15.0,198.98748465104265
1066,8254.291903804655,2365.3160910595893,12.0,198.56795814663346
1067,4127.91808758451,6302.803475567816,11.0,198.36487504347144
1068,2618.7518359448027,5826.896488806854,11.0,197.94465565455198
1069,4464.8412512089535,4489.324471644424,9.0,197.8645466627198
1070,3955.5292255735417,1460.957631231465,8.0,197.3966605267555
1071,6362.812579453539,693.1143637470683,13.0,197.21729355410795
1072,5523.272347363271,317.0232863370413,12.0,197.18042446697214
1073,8332.861314602063,1903.9253698262687,12.0,196.87108678856902
1074,7317.290236994546,2926.0001044932906,2.0,196.86667144045748
1075,9074.89935601196,6284.145939241614,13.0,196.60927948032761
1076,5582.236616960478,4169.644432457094,8.0,196.3333029387742
1077,5706.432886814754,956.344892569661,12.0,196.32566408173304
1078,6543.639761703543,708.9747124627062,12.0,196.14013137497747
1079,4063.0205857394985,4304.59435070326,9.0,196.1333946192425
1080,3189.5984014308106,1392.1314989121768,12.0,195.30807880530116
1081,5764.994721787212,2431.6000644699857,8.0,195.03701797120144
1082,3983.2051196079456,620.0077694664947,10.0,194.58877027593624
1083,4717.422862618169,513.604696100613,12.0,194.34139775121093
1084,5279.825412661552,2780.374720748515,8.0,194.04896085577286
1085,6030.220080399422,1246.2030570413503,9.0,193.80697494794632
1086,4043.8556308153366,2004.1030482973024,10.0,193.4074922932957
1087,6157.968981283842,1221.5449619101844,12.0,192.88719397410273
1088,683.0089646374098,6322.971478176903,15.0,192.62852332450638
1089,1075.4668323027868,1706.994769365852,12.0,192.4365061306008
1090,8955.699752169714,978.9580777957422,15.0,192.2371351321806
1091,7618.488842770599,1933.1428165237057,14.0,191.9402913763138
1092,5978.752022418229,2250.7355877547857,10.0,191.12810040806346
1093,7238.516161423592,5886.122583321532,12.0,190.78996509223407
1094,9187.910883696195,2961.391561820636,13.0,190.4581448558391
1095,1743.3283535922621,4220.75372007033,13.0,190.30830192684257
1096,6683.66327615524,4518.759920111433,10.0,190.26609842989848
1097,655.5600996932558,2655.739270769188,15.0,190.20704474808124
1098,141.7883506947584,3351.0773359572386,15.0,190.13793477372013
1099,8240.943927789882,5829.119153366191,10.0,189.0624079297255
1100,4125.637819241181,832.8800402014874,10.0,188.93247261916665
1101,5308.499655006039,2181.0551389737525,10.0,188.65287874636044
1102,9434.784520324192,4640.4085501365735,13.0,188.3773936221375
1103,6190.343111570574,3592.430989625786,10.0,188.32787611739178
1104,7745.87837476187,3196.581014703361,10.0,188.16139851744785
1105,4162.747101839639,604.882957186057,11.0,188.1165792749245
1106,3502.6571216304264,1053.8330587647483,10.0,188.09781336509752
1107,2226.256913408703,376.09291736614324,13.0,188.0121984823904
1108,19.544385003876247,5642.684520871418,16.0,187.71523921084594
1109,6649.320556020935,6088.11189658636,12.0,187.45024812882963
1110,8484.553261739955,1085.9000255690557,14.0,187.37036185454812
1111,7537.3349772860765,4192.195712553561,10.0,187.28145183923226
1112,491.3485471019291,6032.487274403936,15.0,187.06947444788614
1113,7230.6828372718255,3561.3188184893334,10.0,186.9539640376151
1114,5828.716368826935,5151.744544460115,8.0,186.49115971676713
1115,7306.05951191351,3525.08405650581,9.0,186.41109059643682
1116,2950.09411936127,1542.7056971127154,11.0,186.3278492201375
1117,6921.792656318991,2228.1367513687724,11.0,186.32307646465725
1118,4689.155899799188,5576.0074376073935,9.0,186.24123706566849
1119,9111.031768070421,1652.116594444052,14.0,186.06844402819993
1120,7297.028923640445,3536.4180235242115,9.0,186.01565935846872
1121,7847.904110873064,2809.781112089293,10.0,185.9764505557828
1122,8191.868502333915,4343.2034439623085,12.0,185.7729696173363
1123,5827.270566220058,2964.897510382288,9.0,185.69309716315254
1124,5963.422527576093,2697.808508059637,10.0,185.6738370486003
1125,1460.5596221071137,3884.5620318562637,14.0,185.5258309076121
1126,245.99566688161224,4148.924430391879,16.0,185.4204950091681
1127,6625.658072374291,3553.5191409785157,12.0,185.41656912789344
1128,2432.0708647679367,4535.172740809864,10.0,185.34225657145652
1129,9479.598378313638,2258.1611783740286,14.0,185.2585671796191
1130,7187.421533118336,775.5702604559891,12.0,185.16273855671034
1131,4813.910179955122,305.3178893383405,12.0,184.93842991633957
1132,3196.0652456065222,4260.947141645241,9.0,184.79409177383008
1133,7068.117112774348,5475.436748772282,12.0,184.68691682552807
1134,3980.959542725433,127.45874942038854,12.0,184.61619860377886
1135,8716.023849407678,2491.268539641275,11.0,184.5559797016438
1136,8487.89680795795,1944.8758054536231,11.0,184.45981787391588
1137,6269.886396080071,3157.0081502824273,10.0,184.2805852279066
1138,5977.103240217059,2123.739635893544,9.0,184.1688711063302
1139,3314.7750731607293,6134.344613402357,10.0,184.14556594736817
1140,6799.63895818519,4870.148388334082,10.0,183.7587953830948
1141,270.89258453834015,2530.0643221320697,14.0,183.6323167035254
1142,8087.449694197257,5537.772316717676,13.0,183.62230008695758
1143,5615.945337827086,4167.912089662101,9.0,183.37479581764097
1144,1464.4102287476915,1337.3542794637292,13.0,183.20794130790725
1145,1286.5377750667974,5113.2589738271145,14.0,182.74955315971408
1146,3625.8950117389586,4627.156166925284,9.0,182.52700625933068
1147,2531.51530150918,1256.8705962792108,10.0,181.95747095095723
1148,9286.695736027383,758.6264991669358,17.0,181.5967473703853
1149,3173.9003773642025,5589.843691913583,10.0,181.20663498685087
1150,5610.535696937111,109.91348866408178,12.0,181.13387794756937
1151,1848.618237043918,2426.4480621410835,13.0,181.00551783365515
1152,1366.5968040290302,2590.631861029411,13.0,180.52990257162995
1153,9111.739778878546,4839.500754773719,13.0,179.78592301401446
1154,3240.1824893152516,2082.3364883420045,10.0,179.2603566770792
1155,213.80040386941658,5464.346915505023,15.0,179.05139977738133
1156,2936.226195888812,3659.4149229618015,10.0,178.98054100043862
1157,143.3022989739588,3279.142328686398,13.0,178.86464511876736
1158,955.6630687708009,6079.259330306679,16.0,178.72792121141262
1159,7915.575118302549,1050.146798836444,14.0,178.4991934154705
1160,2255.2711392925216,3275.5627575548447,10.0,178.39014578298224
1161,8988.286625364874,1358.5968013891713,14.0,178.20291316506155
1162,5464.427928318677,5359.272927865669,10.0,178.06714722760248
1163,1152.4787177210599,1226.5832291332183,14.0,178.04124789528137
1164,714.5923476482413,5986.581510878707,15.0,177.95002901348923
1165,833.3451426359325,66.74392730601743,16.0,177.85127908876223
1166,6548.335569948963,5537.023467101681,8.0,177.55796434252187
1167,7873.043727401112,2524.9946943506397,10.0,177.33568591780656
1168,6931.7652383264585,2708.6234414364058,10.0,176.53388557999537
1169,8179.693081831992,5328.812962759334,13.0,176.45135870445222
1170,387.4143326638245,6365.757027764332,17.0,176.43938647353787
1171,4499.17348461518,5930.77635774807,10.0,176.3546308348822
1172,8168.609224034304,5324.913541452103,11.0,176.24537135962328
1173,6431.066156979295,4043.0044163053394,10.0,176.10334240469228
1174,3700.7054684572136,1314.7679072318626,10.0,175.98885850318962
1175,6298.404848223805,679.6099669305172,13.0,175.79619632288052
1176,3198.745748333007,3257.8569134483755,11.0,175.5372719918869
1177,9164.026355059052,5168.394831897401,11.0,175.23869182604517
1178,7435.243512443496,566.2676221047888,16.0,174.62747256075832
1179,8812.962141399947,172.75161665080776,12.0,174.3918687940161
1180,7416.4478650816445,4865.07322457315,11.0,174.36144576219058
1181,3702.8079962120164,4026.726752924035,9.0,174.33252261458892
1182,3250.745708840236,1075.4153907245461,12.0,174.2319238310594
1183,6262.0174812666755,1938.5529321337926,11.0,174.2177548436974
1184,8316.055007345363,3812.1550839935508,10.0,174.1429873738229
1185,2537.348451706651,1861.4036254879081,12.0,174.1093721573056
1186,3307.214668118216,2246.0219835627186,8.0,173.6450116275741
1187,2447.859330724416,1821.1448459954252,10.0,173.38984797646552
1188,1210.7580234962256,5701.58129219788,11.0,173.35982428400573
1189,2115.2398211355912,4958.943524642081,12.0,173.17757342519695
1190,3905.928009008255,3669.89560980813,9.0,172.5310169304907
1191,2016.0277063826773,3243.7908210995306,10.0,172.27974218527373
1192,1219.5249803175884,1953.5377247103777,12.0,172.10700190222173
1193,6904.0900744441415,4396.9062128139585,9.0,171.87215169536665
1194,9069.578989586535,1265.301152563758,15.0,171.73031751962415
1195,7024.119558987452,6195.026927365645,10.0,171.71543211439794
1196,2232.8841234023644,5720.291325403509,11.0,171.5437265263351
1197,7202.476013444457,973.5855585404532,12.0,171.3068937132575
1198,7201.429229904878,5763.116159355261,11.0,171.09171421939604
1199,2595.946191208692,1884.9450695961682,9.0,171.06034726861625
1200,3850.2158313525783,5379.049524577675,9.0,170.98984674723317
1201,849.6760960431523,2081.376708399,13.0,170.8014744929181
1202,7117.2901865017375,5628.551913440695,11.0,170.51695720758423
1203,7009.810215687765,5401.258729430683,9.0,170.39802864189966
1204,5035.944175879405,4865.576252364268,9.0,170.19093301171733
1205,4740.837163693434,1985.5697904323463,8.0,169.89306941456744
1206,4834.402866084896,754.8736521301105,12.0,169.71776562402954
1207,2814.4425432458966,527.556038787091,13.0,169.52946022042232
1208,2453.1021153676625,5452.335948397477,10.0,169.2919545818444
1209,8110.757774035157,4380.051311987063,11.0,169.21714206515114
1210,2071.335425587428,3417.481848855254,12.0,168.9709372193132
1211,2473.5879030249585,3657.1226247437653,10.0,168.66831002653717
1212,6061.585875628552,2351.063350380702,7.0,168.59668038576822
1213,6753.0676345935835,5969.184418469239,11.0,168.5439107658085
1214,2921.2403344776026,2655.000319283506,9.0,168.4492704173938
1215,7914.5262858670885,1959.6481414179502,11.0,168.33472162542498
1216,5216.556519496036,3073.5194295838664,9.0,168.19467485841093
1217,1530.3864100720527,5504.797163795574,13.0,168.17641040726477
1218,5705.806163612399,4173.6247937908365,8.0,167.52022048863827
1219,8854.366255296107,5360.691102192771,14.0,167.2351410270104
1220,2555.610019387672,5975.336120639194,12.0,167.16968257705804
1221,5970.751580738952,3045.9219527258847,8.0,167.06075864089658
1222,5811.453717651235,5639.512709201135,10.0,167.03708114752888
1223,5175.84504571033,3558.4241043819106,9.0,166.91392828260416
1224,8212.238831260236,1734.114441864039,12.0,166.8902408127496
1225,4805.614567199404,5444.402239210109,12.0,166.65386743520568
1226,5496.000707731439,14.086558670426637,12.0,166.51460769813093
1227,2892.7950822558178,1360.0951884608714,10.0,166.47104436701127
1228,6822.896343232889,2540.2681448581957,9.0,166.40539280883158
1229,5272.5673016386445,2368.6195960487753,9.0,166.35397628314902
1230,8150.7928393915845,3684.212980814161,11.0,166.2762445492903
1231,3092.732732367758,5779.842808053281,11.0,166.26170891686678
1232,8344.528873767478,3929.0108962607087,10.0,166.18253047713407
1233,8430.442128304046,4180.509013597527,12.0,165.9828213831076
1234,7895.724851388298,4611.179521242852,13.0,165.96160052101573
1235,2937.7757371422936,208.7437136138895,12.0,165.75154672020562
1236,6759.0194495264,1981.450190001919,9.0,165.3656197497523
1237,101.9583495256309,4321.918550277406,14.0,164.9952669380453
1238,1937.071659204178,3262.7470033610725,12.0,164.39116227098975
1239,2493.182233929139,2003.0226265589058,9.0,164.27025806926835
1240,744.515708457229,5642.523827382517,13.0,164.2265359365197
1241,648.2860236518411,4555.626700800281,13.0,164.00200242325226
1242,362.18921713433986,1294.9313201590826,15.0,163.8165923893478
1243,7642.34932379961,3161.675851491426,10.0,163.44349245336258
1244,5780.678626709142,3774.877409904316,9.0,163.3829531668056
1245,5013.785092267436,2316.9884523244273,8.0,163.0513678872525
1246,5614.821159421897,4070.021055510275,5.0,163.0380362443317
1247,1545.2227288970053,1886.8097152031232,13.0,162.830838694263
1248,8263.07999253254,3780.5854018045056,12.0,162.74886800182855
1249,282.7198765791059,3745.6562249531044,14.0,162.38512140905996
1250,6050.839519167274,457.0935236631472,10.0,162.16714288914775
1251,6354.69673972446,5269.157877107688,9.0,161.55631183260948
1252,1507.7170210354493,2435.6005318488055,12.0,161.55625193642436
1253,9343.137222310072,3561.454111515679,12.0,161.32258858462592
1254,4207.241137350087,5555.555912371934,11.0,161.22979927824625
1255,3813.7832000402564,3018.6438926078204,8.0,161.08285954178396
1256,6752.897640890306,3652.6849580611206,7.0,160.99497803846376
1257,5994.820392177283,6020.291093880915,11.0,160.91465925337548
1258,3849.557495787431,664.4979078706975,12.0,160.68380688272146
1259,5257.838086248819,2565.425242696633,8.0,160.04212711432655
1260,2268.2532849224217,573.9780949351992,12.0,160.00878837892492
1261,7261.684172184163,2917.6974724755128,9.0,159.41862817586218
1262,7534.390089283196,5857.755059086156,12.0,159.41620416628575
1263,7477.2311348352005,6376.316734490331,13.0,159.41332887024163
1264,7772.6905106309805,610.2901161193452,13.0,159.36358298792564
1265,5586.123615863766,1927.0541745050887,9.0,159.10694803171666
1266,2467.3070654619755,64.68721846724004,13.0,158.62523837176917
1267,5912.152816455052,3133.354883358297,8.0,158.50696215036643
1268,7959.0892003230865,6310.9157710313975,10.0,158.5011872103373
1269,3239.570145147064,1374.3274406683545,10.0,158.4577696944973
1270,3073.2086130712673,1408.73706624828,10.0,158.42651231041253
1271,8349.40893673172,5457.604155938036,13.0,158.4228001318144
1272,7792.116959955016,1964.5557082663875,10.0,158.2934928761894
1273,5309.662830108333,4123.697631540629,9.0,158.07406495156516
1274,5009.818398311404,6200.262809492874,9.0,157.9210264289217
1275,1634.2018414008444,4374.448702442068,12.0,157.84911871923487
1276,5029.706323935474,6045.677842170876,10.0,157.80637614505983
1277,2563.43458812167,5858.755420504364,12.0,157.7089180525664
1278,4651.747718358253,1173.469054108269,9.0,157.1958983623071
1279,8940.427060879192,2481.954513044851,12.0,157.1082366917368
1280,1276.2107871310786,6328.954261686654,14.0,156.73898050159642
1281,9446.791971508288,2130.7304048718465,12.0,156.73643732481156
1282,298.8202340582604,3475.601966578001,13.0,156.41543515557672
1283,8019.57913610175,619.370663837835,13.0,156.36018849037228
1284,5652.230452493238,2794.394482882856,8.0,156.32869506981461
1285,4325.208419904978,2336.111580193114,8.0,156.1137769272593
1286,3526.919113807573,4933.481616805565,8.0,155.948373312425
1287,2361.833451380398,2410.335033985494,9.0,155.94152008068738
1288,2191.1058423842114,6374.5777466647605,12.0,155.80926376955426
1289,7051.76063595264,3741.104688386474,9.0,155.19919077585388
1290,7545.239337912539,3731.1011947963148,10.0,155.1542489609994
1291,2389.5910509198025,18.595830494498422,12.0,155.1440201816102
1292,2581.776372176164,1731.6252629056537,11.0,154.80684039905958
1293,2964.8820929575436,5740.885165917436,10.0,154.78995612838074
1294,8642.517173746493,1475.88876270675,15.0,154.66868539822042
1295,9158.43386832182,4813.01102975741,15.0,154.58349193010338
1296,7742.871521547379,3176.008064243432,9.0,154.49208759031728
1297,6629.381134055341,4017.2135252891826,8.0,154.38185620464546
1298,28.671462986280087,1934.4602700329906,17.0,154.2847538430018
1299,3942.0301507847753,5785.466788959446,10.0,154.20040862028125
1300,3467.6462582103045,5391.684266452125,10.0,154.096461773498
1301,5142.149291412766,229.8484630439284,10.0,154.08012851529733
1302,7685.868641462329,228.34307241135525,11.0,153.77764349320813
1303,6120.870252984916,2527.920186240631,9.0,153.75054745755847
1304,6640.236941473957,491.4734718908641,12.0,152.9736751653577
1305,3165.3131890968198,887.402499585232,11.0,152.80303542378525
1306,9547.258168911929,411.05358013888053,12.0,152.3882163715603
1307,7283.817885241921,3068.305971326567,15.0,152.21696350573617
1308,3777.2329915329174,4490.087618154793,9.0,151.39982085653108
1309,8076.423218697792,3991.0818430185354,9.0,151.18561832198546
1310,1647.7199657273816,778.5362012402737,13.0,151.1694218311619
1311,7213.715796011101,2238.143643369618,8.0,150.70023246600283
1312,2241.995015186658,5200.522240283447,12.0,149.9526669139716
1313,9068.351605903352,3429.693144579015,14.0,149.92094463501203
1314,39.35417925608332,1678.7046914846694,15.0,149.73685091634042
1315,9178.318971819153,6190.802631276335,14.0,149.66829043748166
1316,527.1138977338223,5123.6931225734,11.0,149.6595632772418
1317,8761.241111021338,6287.862817725283,11.0,149.62763250785704
1318,4464.168246788183,3704.3045659292106,8.0,149.58812941442835
1319,8409.99053641467,6281.222922073873,12.0,149.1916638306365
1320,678.526782726137,6046.269915218765,14.0,149.13754347290492
1321,3880.520410514307,3971.3883493017997,8.0,149.1105638550501
1322,3347.4569817932074,1304.3064127498997,10.0,149.04796587884263
1323,2076.502155256379,5082.02619071766,9.0,148.88011914094673
1324,3652.2289757797585,4510.935737112729,9.0,148.5354855910219
1325,6887.709533233351,5549.948294630003,11.0,148.50079849266868
1326,7495.480032232712,5531.715205335584,11.0,148.488974417012
1327,3990.8656736641638,1934.8985978809624,9.0,148.2000289051883
1328,7681.493604023812,1035.143775739443,11.0,147.9487193249512
1329,6816.437947982905,5487.900343523187,9.0,147.81558425617234
1330,985.9459211347402,2958.3828132042754,11.0,147.76060935436465
1331,406.30919724923297,5068.997150639999,14.0,147.61645401285287
1332,930.3456776405236,1159.956327350933,14.0,147.521255838535
1333,4667.369410181881,2195.353002612936,9.0,147.01337452139464
1334,7443.90863200101,1464.552666359321,9.0,146.8529039556398
1335,3779.2419110096394,3362.262441763482,9.0,146.5564297627937
1336,2495.8291190100977,2470.693778942816,10.0,146.54124319012945
1337,1789.654842658625,5657.199583885873,13.0,146.5274072730967
1338,7293.487733900881,1703.5233669756153,10.0,146.4728111077757
1339,7391.147853768141,5726.90479283562,9.0,146.37900768550475
1340,38.23023878530055,1740.1171333071695,12.0,146.10198793282015
1341,5470.262808524615,1438.4182921448567,10.0,146.04071142587355
1342,128.30559885741343,1717.0172383757845,15.0,145.89588924423094
1343,7763.9805149525655,3383.442272459171,8.0,145.85266038193777
1344,7821.134043657771,4341.124813770318,9.0,145.6113751635535
1345,1880.9631074875463,3387.9513976572202,11.0,145.39542096216164
1346,2742.8865993590475,3826.626451805089,9.0,145.37713778512608
1347,5744.765694723037,386.19404647351604,10.0,145.26038204598953
1348,9263.546199897566,4282.601075436853,13.0,144.9951965845766
1349,8031.517049817922,4295.986176345946,9.0,144.9627184849019
1350,2755.7426425799977,2710.7376198203424,9.0,144.93220516164294
1351,6598.5989088098095,3311.289223321007,7.0,144.9010631509179
1352,31.809282454413314,1558.1945557839376,13.0,144.85217217875132
1353,3137.5486882885793,1659.404359157848,10.0,144.7928610203369
1354,3448.6518436155097,1183.064433813117,9.0,144.77626718848845
1355,196.16122264038844,4495.654195171152,12.0,144.73605710295757
1356,2228.750682924945,5888.902684672567,11.0,144.53037075646864
1357,9559.323373754647,1111.8675484845512,13.0,144.42998619288076
1358,4812.967128950587,3784.1275219057807,8.0,144.362599658877
1359,611.2653708130939,1669.7307380479426,14.0,143.9677220362486
1360,5778.242153689264,1141.8297078866472,9.0,143.93572155426563
1361,1654.4928698510396,487.59606223650155,13.0,143.77252467914806
1362,7456.545987205214,4256.170836564196,9.0,143.53863979953888
1363,1415.8227372533547,1098.8763367844376,10.0,143.4838926357499
1364,2776.523324967049,2218.8031156511647,10.0,143.47739402152436
1365,9308.218150252706,4471.400488801577,11.0,143.20683649418459
1366,8785.191870458671,2750.6299704347025,12.0,143.09506405620112
1367,1972.9163224554163,6296.630531008209,12.0,142.59341846636548
1368,5280.377811268187,5051.290221121775,7.0,142.56502763087374
1369,2298.4715529401906,2300.5730411178124,11.0,142.09723240631394
1370,1029.2432117796207,4648.119790678586,11.0,142.06034601184749
1371,424.4218158175834,5319.985863214932,13.0,142.01840845444738
1372,3061.6464189095154,6192.112195557407,10.0,141.59403080597122
1373,5325.738166215979,3298.319526130591,7.0,141.21058108493924
1374,6641.021652334614,4046.3369927213,8.0,141.05507991394308
1375,1848.6865551506346,2777.316744478265,10.0,140.91664838432592
1376,4257.121934189745,4479.50781885695,9.0,140.5409638885248
1377,2617.6948654600033,2863.662664258158,9.0,140.4992797242338
1378,6862.477947379109,475.13047883137034,10.0,140.42004024802299
1379,7817.412984033274,6365.7930394470495,12.0,140.2442231066176
1380,5246.502372393044,1882.317256818398,9.0,140.21233409653414
1381,8813.411259646833,4447.6152573089785,13.0,140.17439869799756
1382,1802.6754702769672,4143.5372340145595,10.0,139.73263277679342
1383,2589.1516198258823,300.5592682994738,12.0,139.62920859568325
1384,2801.0489163004595,2686.3818666602983,8.0,139.30843363984147
1385,1330.0589864442607,3667.171689769707,11.0,139.2373352402586
1386,6735.341697812775,24.463288660161812,11.0,138.89448972770722
1387,4059.50119376483,5418.882180489274,8.0,138.73358181982078
1388,3966.2503503173825,5242.981130540305,10.0,138.5675172898787
1389,9042.024894286607,65.19558281536128,13.0,138.41284373862686
1390,1281.0575094025148,3812.261092379974,12.0,138.3804024466853
1391,3356.7515556397384,2067.233218036329,10.0,138.36653611770012
1392,1284.9507880714234,5799.432974465409,11.0,138.10688777520252
1393,2868.8452776749928,3425.7546359055464,7.0,137.79914916390794
1394,7052.354392224308,6108.112121083359,11.0,137.7081118741477
1395,3963.874053951198,615.7957614720799,8.0,137.67247179599678
1396,3206.853927757606,3718.41129176461,8.0,137.65085876854775
1397,30.78665702548461,4599.7133482020645,14.0,137.6062804841908
1398,9062.48484693024,5992.912737619256,14.0,137.3194753775795
1399,6403.847499450198,5181.88684035879,10.0,137.21705604597372
1400,2655.883470177725,1961.996218229156,9.0,137.1156413907451
1401,2979.3881350158485,1613.953436398077,10.0,136.89861939978653
1402,2881.741559435192,3856.335755304649,8.0,136.8704752789334
1403,6094.332196829426,1020.6530881687364,9.0,136.7072851467684
1404,5010.787622743822,4844.156879578265,8.0,136.62630533997907
1405,4336.281911479353,517.7400202712786,9.0,136.28823969122598
1406,9039.849825958785,3566.6941915638863,11.0,135.9128659096081
1407,8384.70622491032,5084.385366414526,11.0,135.7991590435251
1408,2733.8312212341707,1757.3472272574857,9.0,135.78951875702847
1409,8981.11906036047,2665.1024724491567,8.0,135.70598592162446
1410,6351.404758538335,3578.157082163085,7.0,135.6182274503598
1411,4816.383840779138,5346.798747224801,12.0,135.5837149398793
1412,3301.3954063035985,4236.779025197578,9.0,135.457654372446
1413,3732.8567591871806,4347.018371633026,9.0,135.45445280262962
1414,3486.554684693706,518.404932567169,10.0,135.40110518894417
1415,2573.9146225497293,5414.371380667006,8.0,135.009202070495
1416,6685.363347963909,5990.659407886281,10.0,134.9630115864317
1417,2347.136377316371,6087.9001215375465,10.0,134.65221650217174
1418,6634.20637628408,4244.579565476387,9.0,134.6067051346188
1419,1604.9448305709752,5415.024638549863,10.0,134.60312597269922
1420,6169.728780079998,5064.284863102679,8.0,134.57055907171772
1421,3369.0902825387066,4570.808186774565,8.0,134.32417361996298
1422,3927.652602264965,4568.09301988824,7.0,134.31724573477499
1423,1335.9546778693737,3045.4253670506982,10.0,134.28504454444231
1424,8562.101040872029,6098.158555236929,15.0,134.22872433278772
1425,6267.964600728539,5196.490501365387,8.0,133.52123149965087
1426,8506.230274118343,6000.26454479235,13.0,133.06104635839537
1427,5306.843621093183,4396.977818072927,8.0,133.00183674083405
1428,8970.740141547602,520.2489544278376,12.0,132.66128105640678
1429,2515.8550516830014,753.6585528249234,11.0,132.49220387646687
1430,3124.9827892964413,1499.5805015094068,8.0,132.2734010876195
1431,7717.746625455978,1023.4999187013183,12.0,132.0965702900544
1432,4841.408559332557,3508.194101744359,8.0,132.08690528003834
1433,6523.9337934305195,6125.696343773464,9.0,131.99550417614097
1434,8488.031485818814,3442.301226511645,11.0,131.98193002303609
1435,7187.657430887375,769.1323916687733,9.0,131.87965131774706
1436,8143.075569092817,4193.932386158979,9.0,131.8267635274148
1437,6673.241848750889,5560.716131108001,8.0,131.79845444106425
1438,207.22309696321483,2488.8019768532054,11.0,131.37339837774493
1439,8634.223094097826,5352.9372397798925,11.0,131.3446380548659
1440,1548.7482693353977,4727.0968625190735,10.0,131.09215255547358
1441,890.7838499167767,2441.9821878822404,11.0,130.86495720033685
1442,4841.78171925038,5715.589352761153,9.0,130.66505425926417
1443,3007.6736639041096,1673.7847539113247,8.0,130.3754395630233
1444,7740.251606056618,1277.5554678056628,10.0,130.2938265036651
1445,4993.487345723132,309.3794763980842,11.0,130.2723765478005
1446,229.07216144852075,3051.8738148696643,12.0,129.94303864686006
1447,5745.266709240392,6066.969407104133,7.0,129.8625733762078
1448,5843.074632107293,64.14070108569598,10.0,129.8412406541086
1449,3689.917065851538,2256.77403597348,8.0,129.7454209162782
1450,1382.5912246544817,3433.1602869244625,9.0,129.68424422067326
1451,7416.76400124773,3431.321791854775,11.0,129.66931051397566
1452,2072.375582130011,5007.488235415104,10.0,129.6625267224536
1453,8988.002767681313,3365.4053048151027,12.0,129.34274455310967
1454,3697.3032094976684,1675.6863008570258,8.0,129.30876206047037
1455,1435.2988352843709,313.11564762503207,10.0,129.17833224382517
1456,2294.0496668395404,1136.8336381778856,10.0,129.10005875194628
1457,1095.2478346530993,745.4565379888284,11.0,129.05170224244915
1458,3970.382599157994,2430.336413516414,7.0,128.82444992338964
1459,537.3147866487575,4211.961008394709,13.0,128.8012139990514
1460,404.9796051541592,1435.9684025261968,12.0,128.69999153848408
1461,5665.694207028825,5919.33327324649,9.0,128.33806374740337
1462,9071.021266031119,3960.6434971042518,10.0,127.8679558299232
1463,1327.8442879584516,4977.3286281321725,11.0,127.8372892770799
1464,6346.515763785937,5876.907842092418,8.0,127.77333785898834
1465,682.1094683153752,1429.8516260114247,11.0,127.70571090949139
1466,5303.22415418014,2224.7928385159908,7.0,127.69056077074785
1467,2968.2204283952874,1546.7453180088771,8.0,127.37154565898122
1468,6638.0004146367255,5181.971973657507,9.0,127.21682536112795
1469,6259.544715453225,2422.7979517659455,8.0,127.11997503384922
1470,1293.429324407134,3271.3782730396733,10.0,127.10224824673584
1471,5988.038629786005,5803.7406842394685,8.0,126.7024986958697
1472,9000.961196249242,1258.9822047459436,10.0,126.40950580514003
1473,7790.230922318559,6100.253732074202,10.0,126.38550525963996
1474,6006.277321920485,3689.1825735606108,8.0,126.24504850487838
1475,4932.6363468230575,3030.5560413937633,6.0,126.07669235645132
1476,4522.960086911542,4686.432283516146,8.0,126.0593586181021
1477,5381.940061423248,4309.5052591503845,6.0,125.94579950217738
1478,8534.707221649955,4614.967407427578,9.0,125.78897322874693
1479,4186.9022787735485,1704.7829383216344,7.0,125.5569425260071
1480,4847.068271428364,3491.6110943770395,7.0,125.14976589860053
1481,7567.157489924814,1689.6209031417834,9.0,125.09757487284197
1482,7935.710288052952,3858.97762284156,8.0,124.98001792123948
1483,7334.756155763664,5758.0148068513245,10.0,124.97273017279176
1484,7955.01748825192,4891.847999614008,9.0,124.94671883324077
1485,5620.3822039339775,4237.2506780695085,7.0,124.83423118866047
1486,4728.108461097278,2123.8694122917145,8.0,124.81933334556068
1487,7720.902921767938,1580.2718178231162,10.0,124.7562689562366
1488,7969.62692782868,2074.2553065176357,10.0,124.69779527261122
1489,6666.671243028213,1340.1748940179816,9.0,124.65814416913851
1490,6257.742406067024,337.5579680476653,11.0,124.5707573994768
1491,2544.545971620944,976.4140197146726,10.0,124.29846153059074
1492,5402.352604219428,180.68332357086692,11.0,124.12205444310507
1493,3388.0552001009087,4287.563211322578,8.0,124.03147220067952
1494,6934.917134214529,3018.586675756741,7.0,124.01941326280813
1495,4692.163879122409,1860.9062979203395,7.0,123.95733858953302
1496,1862.3540322891008,5512.617404607236,10.0,123.94172349225175
1497,1359.5904757788874,4682.317227955254,10.0,123.72307083814341
1498,8276.720399066247,3796.0441555378584,9.0,123.71882349851576
1499,1285.232532013896,1529.5899725765785,11.0,123.62047479372349
1500,7404.8915544302035,6292.81583642624,8.0,123.52881849948903
1501,4981.170757667866,4468.456983657805,7.0,123.3970589648367
1502,3379.6019332034657,2996.6380761298424,7.0,123.38789036464054
1503,774.6632484183679,2810.400237008607,9.0,123.38088822672538
1504,768.0414460951416,4615.870670163482,13.0,123.26677645465806
1505,1118.0358693596963,269.9480742180992,13.0,123.23988947953919
1506,9136.963530349893,4274.07324940571,10.0,123.11823893053104
1507,375.14335026135967,5705.342049126159,13.0,123.0556797938755
1508,8167.835617951189,1341.029462325997,9.0,123.03310924776619
1509,7741.225731976518,6301.691360772121,12.0,122.95319599999391
1510,6810.12489463025,6068.980069846445,9.0,122.92823161150949
1511,6434.37611531765,1743.8848232438406,7.0,122.84642784850614
1512,3483.8146693944773,120.8555853073793,10.0,122.69507363860671
1513,433.20712990396845,1379.1113128441646,12.0,122.15264084473012
1514,7424.013145502061,5233.523789459161,8.0,122.07941586244077
1515,1200.7125040558128,2339.380981101603,14.0,121.9652934035536
1516,970.6268885077959,1735.2087355818244,11.0,121.94892112685571
1517,7335.699200082718,1452.4844773532734,11.0,121.74778385402564
1518,9184.717748110275,4428.904968433846,8.0,121.68756659817772
1519,1011.4058664432532,3197.9396989628726,10.0,121.65161261535864
1520,5407.169996208661,3444.3145507149197,8.0,121.640044541369
1521,2006.968468083092,5062.4409349556445,9.0,121.62714591480852
1522,8605.162731446191,336.0055999474767,9.0,121.2742295246313
1523,6257.391252232718,4989.672343756606,7.0,121.13166272151717
1524,8494.933578260381,1288.6153216249274,9.0,121.1166818453085
1525,7303.323880241903,920.7076529490234,8.0,120.95795786943202
1526,3800.106919947285,4407.63016883534,8.0,120.86876581723297
1527,1677.5058960147987,3725.4033823792606,11.0,120.82637522565746
1528,390.8541806834822,3294.235030639232,10.0,120.71217096490747
1529,6849.323019493836,3071.5733961606707,8.0,120.54130696941245
1530,8115.380151609965,968.6521783172062,11.0,120.49821348426012
1531,752.1152019571256,498.5996758825049,10.0,120.33276516267583
1532,2538.264622365291,2490.954831435706,8.0,120.33160655379909
1533,2823.9751417594457,3746.853142004947,7.0,120.20959309006068
1534,2313.983889236482,1842.5344585192506,8.0,120.08865856043394
1535,1406.0520502328122,2141.7069548494455,9.0,119.98272455034804
1536,2903.7209862697327,3215.9103999020813,7.0,119.80182392411861
1537,800.9909076191187,5452.232603248533,10.0,119.61082672064684
1538,9247.805908135126,1247.8530987279269,11.0,119.56191583754763
1539,5310.739702187419,4933.114912366083,9.0,119.51882255039195
1540,4536.523932294445,2316.118168218206,7.0,119.48972417985877
1541,388.8565665885587,4202.3200100782105,11.0,119.40333946017164
1542,1204.310065646261,1277.8950415262823,11.0,119.3637765433244
1543,969.8781499020384,2336.075406209954,11.0,119.31576230233206
1544,700.2888131518235,3662.5711680130034,10.0,119.1957405064583
1545,2188.7950070999523,3335.54941564442,9.0,119.10997494569524
1546,4206.040227510651,4423.937489258789,9.0,118.85387688505118
1547,4597.162318597965,5726.527095644949,9.0,118.41232872355216
1548,7409.543212204911,6268.988870830017,10.0,118.28394657391365
1549,3882.1674623895447,5402.844855873154,8.0,117.98517758777321
1550,247.2589559269427,3757.231759032294,11.0,117.96573118696979
1551,4200.275543492487,1376.811036095636,8.0,117.91194210265357
1552,8632.62577318312,3867.910844350232,8.0,117.76470180924782
1553,5773.703458821991,1959.721025654667,8.0,117.6728734978796
1554,5621.002446503711,1951.104736629029,8.0,117.63108348546426
1555,3469.653262846116,3593.4885793726103,7.0,117.613107755696
1556,3517.4928747945696,5271.198932712662,8.0,117.57659240264782
1557,5865.628531712018,4499.664274110656,8.0,117.4834049701865
1558,8156.0790490363925,5552.25337516171,9.0,117.4724485836016
1559,2778.9745198377796,1843.1493993647325,9.0,117.42364401473947
1560,3351.491891427705,547.4818430769425,10.0,117.32080101809132
1561,6303.803768888811,3067.7434422586603,8.0,117.27056417315856
1562,364.64031844838496,2391.564331069941,11.0,117.22862094894253
1563,3542.4040967014726,2421.8461098129533,7.0,117.18810003292603
1564,6129.29864943322,4670.0056802944055,8.0,117.18217118397791
1565,7032.816129924596,27.41007532856856,12.0,117.14355973245476
1566,4213.364055560065,5098.067203337904,7.0,117.00316279127733
1567,865.3496154591337,2443.1589007443326,9.0,116.62053179627566
1568,7437.999522929037,1924.2144450110893,9.0,116.49280592701487
1569,4119.752902614729,3163.2418282558215,7.0,116.13350375559088
1570,6140.391234599125,4132.111521783891,8.0,116.11096849154237
1571,5487.974763632959,1075.7890498493512,9.0,116.07916972258099
1572,1986.38660956777,4113.360135738044,9.0,116.04695195132106
1573,2230.570750399701,4581.470743572763,9.0,115.97690100840208
1574,5171.795005410929,1869.8734035300815,6.0,115.90607284079815
1575,1834.739591345381,1116.9481371693746,9.0,115.70930583457483
1576,4062.8629901915565,3517.7864814860136,7.0,115.430561543573
1577,8907.897910513646,776.5715747449862,10.0,115.38869260234523
1578,225.66420989683928,342.82600550858893,13.0,115.19759316842051
1579,6112.736785224078,3783.7660152014573,8.0,115.08238635112131
1580,685.1074860352342,1217.7805926072317,12.0,115.01955024824689
1581,8866.692916605316,3318.294659164235,12.0,114.8819375362347
1582,1001.6461833126219,5563.375367089282,11.0,114.6479893528996
1583,440.2716372878608,1788.1449397900942,10.0,114.58153501810268
1584,8696.362384117516,745.9082962456246,10.0,114.45799528918741
1585,6600.016970987311,5575.06782645885,8.0,114.180257310915
1586,3285.977204453102,4397.690691661558,8.0,114.1205531251022
1587,7389.197550633808,2034.4942573712972,7.0,113.98217345329677
1588,8160.739670435631,1732.4789009557594,10.0,113.9184874380623
1589,4025.2521430738257,4923.5465308771,7.0,113.91237158579973
1590,4898.1640935600635,6347.446643720529,8.0,113.74848646907745
1591,4929.028855580517,3272.704296250829,7.0,113.3521385649587
1592,6148.370786486574,4027.800322081231,7.0,113.33047225953808
1593,7095.674392028065,5683.534324964879,11.0,113.16006327175468
1594,6405.401683953398,3114.7366899082913,8.0,112.64031466965655
1595,9230.095670071543,708.5858382825858,10.0,112.37746865936813
1596,8925.157602935908,5680.041779700749,11.0,112.37263678379519
1597,3611.133612693474,4315.846220780911,8.0,112.2933212386103
1598,5074.279196511459,211.79405949871972,6.0,112.27338983195064
1599,6462.709063116924,4594.278428444281,9.0,112.13167433037505
1600,9352.022289090013,4011.6097683044386,10.0,112.1286902552905
1601,6661.005938743997,5768.575745432681,8.0,112.1266873338438
1602,4871.141680730279,6219.025545312756,9.0,111.92931516698555
1603,5548.168671781347,3748.4334210934157,6.0,111.8276802640039
1604,1131.7644752383126,1342.5519475858432,12.0,111.68408878119274
1605,5314.14083727087,5381.248790430711,8.0,111.62183530198027
1606,8392.277708529838,322.3495671009382,10.0,111.51862015198529
1607,4593.3489864155545,5361.616029202309,7.0,111.39539181548804
1608,7773.038504489718,3511.190992083052,10.0,111.24936327166557
1609,2451.1714423079998,4629.352210228791,9.0,110.7740441320255
1610,1184.8343062453873,5539.164743807679,8.0,110.52317369004497
1611,7945.494322073071,3331.136327013524,8.0,110.45878092992075
1612,5385.55589745448,3402.233258575991,6.0,110.38919717218403
1613,4040.7911453683555,4475.703063839122,7.0,110.34299532474714
1614,9502.959476900563,2946.3042097468237,10.0,110.1846720717399
1615,356.88637443128954,3017.356471798313,10.0,110.1018178629006
1616,3414.0145659036903,3572.4516806634974,7.0,109.96950934744622
1617,4447.203140738344,6351.13113001858,10.0,109.96695121282427
1618,6694.302291173652,1329.5493535610658,8.0,109.5531407349105
1619,1551.844094984073,5598.172500986149,9.0,109.53620682528242
1620,5793.071038715692,6257.512099062272,9.0,109.51670266990176
1621,8351.476982859404,1085.8161798711535,10.0,109.45252639468457
1622,7057.852276916841,2422.6037367412487,7.0,109.38484692298371
1623,7877.5580540471365,2477.026989541761,8.0,109.25915552909794
1624,3419.3944143982335,3958.861365167012,6.0,109.17967037012644
1625,8867.47842370883,2569.180513306919,8.0,109.03023260735854
1626,8317.975734138878,1870.2303507151266,8.0,108.99962207812513
1627,4526.537717620893,4377.540560266467,8.0,108.85688024751164
1628,2275.926585195394,1572.4422234884812,7.0,108.80657843968591
1629,657.9864680492889,3873.871587807506,11.0,108.61385881387137
1630,8013.732179682436,2610.8641545087917,8.0,108.58331895640572
1631,6019.318995442652,3056.802315607925,7.0,108.40250511276149
1632,2627.983290327076,4616.069137309094,9.0,108.28616127792088
1633,7801.906285114287,782.877623906322,9.0,108.15612423806012
1634,5139.694720922038,1833.0827630451251,7.0,108.01917493609571
1635,682.1059852871233,2336.3579142559774,10.0,107.94905545998141
1636,8759.149097229676,1993.2420397931128,9.0,107.93796996871697
1637,5032.484262681654,5895.674279937832,6.0,107.66590011169244
1638,1861.450491840802,4290.498976714178,7.0,107.65709372851637
1639,6199.523697960769,516.4767883007866,8.0,107.38424580132792
1640,113.78085050947762,2956.366800216834,12.0,107.2439720248253
1641,5817.861756504654,1626.4078775495611,7.0,107.19941295382738
1642,3988.9202179894737,3555.5889409455535,7.0,107.17237681660467
1643,2773.647503372688,5905.898903994175,9.0,107.14217178253998
1644,2914.754826698823,3526.8581597340963,7.0,106.90033997349144
1645,544.9773929123725,3466.900337496652,11.0,106.88029696323424
1646,3671.532036498861,4489.934191732407,6.0,106.86566539943664
1647,3585.0924175500195,5771.541080606906,8.0,106.74192365692468
1648,4153.121268634301,5036.923533254314,7.0,106.45702816632394
1649,6417.970805592738,5175.935162483587,7.0,106.43686235652892
1650,5357.699447949397,1680.9883229685993,7.0,106.40606408136814
1651,986.5594479702626,1243.3305939326538,11.0,106.35660635985994
1652,9076.265035255145,4701.88430429465,8.0,106.31716087671631
1653,8934.635306611717,1485.4812091445992,10.0,106.08241419843512
1654,1442.2550486677596,3823.350972028563,8.0,106.0281574393495
1655,3450.656094813225,3413.7164764254558,7.0,105.9967751997732
1656,7256.785264056202,2543.393819796388,8.0,105.973730298901
1657,5058.12736674227,4364.142067245422,9.0,105.89442922492415
1658,5140.048165855685,3857.5781767220924,7.0,105.48863066920192
1659,7978.8917013906475,3801.1726791751917,8.0,105.45906518402137
1660,4663.996890829123,4094.5077232930753,7.0,105.4008615903304
1661,637.942576541021,5423.275721482884,11.0,105.38731811816766
1662,6895.268111936871,279.14575685910114,9.0,105.35060932286892
1663,3800.3149269384803,5132.614341838578,6.0,105.23508025392613
1664,2006.2664801994272,6150.173685588117,8.0,105.20658504900005
1665,746.907290975314,1491.777030225862,11.0,105.03950200492686
1666,3891.0186219151096,2534.103866995901,8.0,104.93206176956167
1667,413.82736153532915,3070.5818255883614,10.0,104.87783575975504
1668,6304.079499700933,5391.739631602082,8.0,104.85022097333193
1669,2678.085762529775,369.05564344607484,8.0,104.80399272817121
1670,4800.3463383633025,5123.818361380337,7.0,104.73257995492288
1671,4914.650542682365,3147.386515133085,5.0,104.71506044020622
1672,1185.1488201825787,3637.2147459523544,8.0,104.62448723614817
1673,1440.759897971974,2412.2566502436443,8.0,104.61691196938332
1674,2248.7457083921113,6070.019287349474,10.0,104.47291636027425
1675,2620.5123800929878,5845.641304143824,9.0,104.47235791021967
1676,3482.543491274817,473.8287944971828,8.0,104.38995330369843
1677,8568.042214957923,3642.7446675136785,9.0,104.36073014141209
1678,6383.207809063661,2098.276562484223,7.0,104.07494206226087
1679,8727.217921081507,576.234370182956,10.0,104.06313670155313
1680,6223.066246056582,5318.786202546641,8.0,103.84642464455209
1681,5831.247539280619,3442.665543945984,8.0,103.71639262261968
1682,8387.25028682937,3645.795574037667,9.0,103.69966268351655
1683,5959.198045210394,2985.648993983815,7.0,103.57385992188003
1684,3243.5195648166286,5398.1579312432,8.0,103.54034108154626
1685,4491.190711764191,332.8576506816829,8.0,103.54012772427788
1686,3945.8749478603145,5601.877072980807,9.0,103.40611582930762
1687,3136.8818406074633,674.9027576787315,9.0,103.40532919780115
1688,4964.969795615449,3914.549392134538,8.0,103.20067116645086
1689,5797.184406389048,5010.850088971061,6.0,103.16283506550397
1690,3912.7148169495954,2855.436314273375,5.0,103.02430754398308
1691,7045.07280052499,3233.6816203759818,11.0,103.01872137673689
1692,8332.099052068492,1940.5505561491664,9.0,102.88009506833924
1693,5649.581487654415,4128.764726407067,5.0,102.82898547319117
1694,4545.046472990787,3131.2822164582512,7.0,102.80638230471338
1695,8716.03384877943,398.0120699116876,10.0,102.80272604630427
1696,3276.8708403121136,1298.0286613029818,7.0,102.79995422075443
1697,7236.694095381953,4084.170986860023,8.0,102.76378366692411
1698,1686.8832162603576,1754.8421197098528,8.0,102.65980324311846
1699,7824.805043250482,6381.900628231921,9.0,102.54526486972671
1700,8285.226533211551,6201.218379502984,10.0,102.45765154314348
1701,2896.6965356303767,176.5247387626016,9.0,102.3525752606353
1702,8282.782354572653,5277.98537337665,9.0,102.34671275758782
1703,4366.986570724701,5101.512053136675,6.0,102.29224825020451
1704,9097.079194790505,4209.981382082566,10.0,102.2754071225732
1705,1443.9147120637197,3536.274241569121,8.0,101.84627419208496
1706,1874.0208411001875,1723.7171901665529,9.0,101.82623211760989
1707,7477.181671890723,3214.0144305204076,7.0,101.72659538977389
1708,8791.481439565252,2873.3541961784504,9.0,101.69176124558663
1709,3635.024764470803,4319.390338897978,7.0,101.64688138524326
1710,7616.597659870186,1308.0036110893607,8.0,101.53339753645012
1711,9444.55673334157,6343.959174493689,10.0,101.39868931320754
1712,785.6206954840229,2887.192684886877,8.0,101.27968201595655
1713,3201.654124127324,3685.1991248843024,6.0,101.2058497279147
1714,8435.901773691812,5020.529102595139,8.0,101.0893489536304
1715,8563.876345997101,5378.490439468856,8.0,101.03762425473099
1716,1686.5085417014473,1444.8246887144185,10.0,100.9869810685019
1717,1205.2221696923482,3483.132681756954,9.0,100.86650780604798
1718,2998.2488899489954,4560.878625938512,7.0,100.82611474918076
1719,2105.2490112955984,2037.6909779276693,7.0,100.66305092128071
1720,1055.6854097429432,2975.0193208222017,7.0,100.61680031365674
1721,7766.2742924029635,529.820827336899,9.0,100.4753000521498
1722,2138.4859967849857,1204.3505737300304,9.0,100.44387126329961
1723,5589.256398495396,4379.702966642764,6.0,100.34791729444079
1724,7489.226243838925,5242.296326315645,8.0,100.18382460222176
1725,7992.80850722041,2382.0144669581505,7.0,100.11730368183582
1726,3364.372889947636,3183.452060252399,5.0,100.09490714444429
1727,1565.9423524013553,1874.1209508703644,9.0,100.06708618029245
1728,2188.559349027961,491.6491952390195,9.0,99.962574972618
1729,1322.7858674662011,3811.521671646354,8.0,99.96036737587131
1730,3352.675298325307,5021.703523393771,8.0,99.90997221035775
1731,8076.162302673193,1463.2208603019828,8.0,99.87996004279128
1732,7614.957709177922,5957.4712509730525,8.0,99.81408970389275
1733,5654.593603825837,4278.662866645846,6.0,99.50227934076632
1734,6439.975263847096,2728.4938335117563,7.0,98.86172811695776
1735,6686.787883358703,3681.087924958977,7.0,98.68146600277736
1736,3730.93107333591,3391.8205814685075,8.0,98.63824138251596
1737,443.7633826495483,5658.011810677075,7.0,98.61884875769373
1738,1261.8048815160028,687.78493773005,9.0,98.56506431456604
1739,5962.919974349572,4523.744845393121,8.0,98.56119993558151
1740,7781.761098385067,1739.1528259198326,9.0,98.42604579537799
1741,8521.863513282478,1574.2506339827955,8.0,98.40308644030242
1742,6548.880371595272,1691.309187461898,7.0,98.34195841653724
1743,2494.0684909570123,1057.749080664054,10.0,98.15829066235473
1744,4984.198437436006,1998.6641283664296,7.0,98.09974852166636
1745,6779.639297286903,471.622848925997,3.0,97.9926235468572
1746,8402.786065836077,5254.715526500932,8.0,97.97828703754821
1747,4079.924403130409,5338.014139891724,8.0,97.93899575349401
1748,5507.377291598795,3445.9962500871784,6.0,97.9297378099697
1749,9526.046584624102,4580.995319084569,9.0,97.5726067555673
1750,7419.771616964691,802.358464171467,9.0,97.54561695366982
1751,5800.792343717656,4471.400415342072,7.0,97.52590153794807
1752,3505.299112070264,2230.0638153650216,8.0,97.3344191864121
1753,4051.900195988584,3862.576573757598,6.0,97.32703489942492
1754,6312.573264128878,1723.9780525005626,8.0,97.21681747304544
1755,5435.059470314253,1755.7823926382944,7.0,97.15182683069153
1756,2812.1379373664804,3979.250685095468,7.0,97.1433963073423
1757,3409.0307227440912,4899.210833318651,8.0,97.14287002134759
1758,7441.665120374374,1875.8316060108211,8.0,96.91085098382133
1759,224.52764600385157,1056.613726022327,10.0,96.84392518935678
1760,7262.3397029970465,4557.765558533103,8.0,96.78631309041691
1761,8291.342895041273,4086.805230653741,8.0,96.66105805901095
1762,319.28973686207166,2416.607760707197,9.0,96.60762590976545
1763,8207.257327316867,4804.870576282436,7.0,96.5929024808668
1764,6863.389608037022,1325.0746959397711,8.0,96.53434866837314
1765,3140.0181677315622,5807.340214323302,9.0,96.50421089124339
1766,889.9984397653889,3509.2675397252897,9.0,96.3308378172077
1767,8433.630238590198,5029.216782173867,7.0,96.28724391286474
1768,8972.510677209531,3333.6178933730316,10.0,96.27322173748132
1769,4122.031093814812,3273.4604897765225,6.0,96.26894230732945
1770,4562.976580000991,3687.291145780544,7.0,96.25786403737848
1771,9114.071233323282,4007.795408455957,9.0,96.14964026554345
1772,4770.663687492424,1635.3956746437702,4.0,96.06449563802597
1773,8549.184311995597,5187.166537795942,9.0,96.02082320915324
1774,8841.618702588341,2978.4750836427784,8.0,96.01619228080651
1775,2592.426057273643,2670.769541605491,8.0,95.95407298108815
1776,9429.189433275318,5217.458284981231,9.0,95.83878048568845
1777,1986.3194165498726,461.1921994531723,9.0,95.80153989259627
1778,8057.271827783994,4110.436341800284,6.0,95.78785902245643
1779,1399.4743978420415,1149.0203568399832,9.0,95.68683740115375
1780,1777.8727244507957,4601.440510410357,9.0,95.47755806614127
1781,5901.027287055969,1533.22646405839,7.0,95.46650353002644
1782,6980.105874915643,2337.2782558821277,7.0,95.45389945708759
1783,7650.0520515047965,5403.835866705542,8.0,95.35277503342363
1784,2919.967629618653,2769.846623329684,7.0,95.34823979370188
1785,6511.210635905909,5529.948775097712,8.0,95.32980031099008
1786,8378.977911129681,6024.360766203269,9.0,95.23397632777397
1787,146.60270483062837,6100.56082494588,9.0,95.15388381429733
1788,5587.106374594481,1221.4278370216587,7.0,94.87406812965133
1789,5517.055537050573,4742.473683015727,6.0,94.33486605183376
1790,1434.091812900393,3527.112718436095,8.0,94.33359926984105
1791,3570.0277170373292,5817.585067677992,7.0,94.27078949853484
1792,3235.738351337025,4978.351145687338,6.0,94.24462369014319
1793,8349.408104637254,3728.0458924618188,8.0,94.04815037691117
1794,194.01697106797195,5426.737770388282,9.0,93.80955429370589
1795,7987.403756436053,2659.4929172752645,7.0,93.77441777614739
1796,5194.136366711566,4329.897339799096,8.0,93.75653773799905
1797,6163.36348396759,5336.9529439053185,8.0,93.75144451529981
1798,1819.7078069709173,2362.8090567872564,9.0,93.74778846416376
1799,2863.7575203281635,4026.8142837620785,8.0,93.74611481077886
1800,9432.605481331679,414.93741132013776,11.0,93.64609183490596
1801,9170.217888733541,3065.325623031242,9.0,93.49459707841136
1802,6263.394448473528,791.4667219568885,10.0,93.44425718570868
1803,5211.875921469601,3982.931933848679,5.0,93.35868496287331
1804,2298.0276835362342,6030.679951347709,8.0,92.96361843310065
1805,2662.760795825456,5238.292481579064,6.0,92.87533859498147
1806,655.6443045656225,5643.307012822085,8.0,92.87130529552967
1807,5744.113903261401,2063.325060970186,7.0,92.79911419397673
1808,611.6610880567608,2984.5238246415934,9.0,92.6243278424328
1809,4546.518971340539,3724.546813412995,4.0,92.61709895517858
1810,5349.721390757999,672.5483142691099,5.0,92.60664088784048
1811,4644.965337002527,2037.1810206874516,7.0,92.4913817745224
1812,555.4304305829102,3751.395677563682,10.0,92.47368406342176
1813,1286.9869592812158,2706.8025785857344,7.0,92.38637948745541
1814,2938.7036604635387,4811.695962200696,7.0,92.38385213172022
1815,4577.707903487663,241.33515081996777,7.0,92.32788284394958
1816,5288.641189953547,4936.079612255387,7.0,92.238256553731
1817,2067.90792406438,2820.7643488072385,9.0,92.23601512498797
1818,4692.02805403667,3664.8847193572965,7.0,92.21694227076289
1819,2219.094943076535,5430.402176224255,8.0,92.19747759063776
1820,994.1709860839992,3659.692197883638,10.0,92.09978831608706
1821,9264.429080325628,180.3266601634503,10.0,92.08313812909073
1822,3991.7861673362554,4398.335388379205,6.0,92.06869688185314
1823,3091.660891880021,1391.6378698910385,6.0,91.78933071310216
1824,9484.912671293143,4895.613623936034,9.0,91.76781295490024
1825,6799.520637638442,3432.347723555892,6.0,91.752646461773
1826,1791.2906455523146,1997.3225746819105,7.0,91.64879658165603
1827,7954.899876665827,5314.251138840371,8.0,91.56105439714187
1828,5832.57539232143,5539.9505458366675,6.0,91.55368947887796
1829,6977.9031457103465,2303.3934958377768,8.0,91.49328635592376
1830,5852.257608614159,1302.8850769619924,6.0,91.47796579230284
1831,3297.5089752553276,2606.337488418278,5.0,91.4035966257043
1832,6179.298277474885,2039.480640505857,5.0,91.33405685638031
1833,3613.9378408639727,3026.609180187026,7.0,91.30867368965617
1834,5871.289442173784,4913.215151828278,8.0,91.29646258257931
1835,3619.8585116145855,1179.7553084100418,7.0,91.0967111115903
1836,9197.115556207453,3378.2917779813615,9.0,91.09241622331228
1837,7040.469366834563,6287.942741693058,8.0,91.01034280271888
1838,5375.435861361323,353.9263831153299,6.0,91.00644670026651
1839,3240.8796543808244,3657.0834398112197,7.0,90.91646885697048
1840,7203.256114295527,598.0110964447975,8.0,90.87582269977948
1841,4797.76680672529,245.85382212525056,7.0,90.69648231626597
1842,1285.4519590938746,6289.7994083574295,10.0,90.60893180329555
1843,513.0100236518547,6270.703104862739,9.0,90.522941267357
1844,5394.716326391396,1198.2904172650024,9.0,90.42103144227114
1845,5738.263958012848,2936.729122739377,5.0,90.41881734062048
1846,3549.1321423825357,102.58863160961955,8.0,90.39875948429584
1847,2479.561863689297,5865.372024252396,9.0,90.28191548081679
1848,9120.884963060504,632.7696582209174,11.0,90.22761199617337
1849,4669.923946579008,1054.7540845690583,7.0,90.11370380049443
1850,7182.8267502014805,1506.093457333492,8.0,89.96560837317993
1851,7079.87197437357,3365.0255006190346,8.0,89.90569132772713
1852,5657.76651993319,1501.0136689783967,8.0,89.88299782153474
1853,5780.373362269522,2813.6406675126045,5.0,89.73080735560349
1854,2449.362081222087,2503.1380564989704,7.0,89.70940513127476
1855,7387.035137115883,5913.123702611282,7.0,89.69297714273841
1856,2582.1661437582025,4943.323117628023,8.0,89.67004948328665
1857,6812.308774655965,5669.889574129647,7.0,89.66208183299565
1858,6730.854810232281,5684.56210477781,7.0,89.57688790343062
1859,1741.7610362799967,5252.436643332599,8.0,89.48827699028261
1860,2615.039816751535,1765.0232596912458,7.0,89.39985823276261
1861,9472.379867879743,5703.912256092987,10.0,89.32606298258051
1862,289.6128101708547,5476.408913609906,7.0,89.22352290124776
1863,4330.694193954783,4847.707260558143,7.0,89.12272176352027
1864,2366.943706000508,3452.599125299791,7.0,89.09909504145213
1865,6791.620260410274,5455.420065022311,6.0,88.80999746049952
1866,5998.43233595996,5397.787877057591,8.0,88.65503581175545
1867,2640.0796839628197,3206.771558096453,7.0,88.65277204515262
1868,3006.808220792725,2738.7682940047716,7.0,88.60279469973702
1869,1676.1698880280362,1069.5822263274106,9.0,88.49500163439755
1870,4371.622514088684,26.634673830785182,6.0,88.44061056030334
1871,5112.152404960703,2256.9874797820553,9.0,88.4090584606161
1872,9329.29045487717,4812.881398354191,8.0,88.29873663772432
1873,7717.353123287816,3003.417519108694,6.0,88.25733880253638
1874,760.9973559065965,1706.570472859497,10.0,88.1949725242304
1875,5459.120169992179,291.26547301760104,8.0,88.12932552376435
1876,2581.637174935334,4414.130285557868,6.0,88.07710302004065
1877,670.8169690894083,3039.063805301143,7.0,88.07409950959195
1878,2124.471392803791,430.55896750092415,7.0,88.02993949891959
1879,4006.3346012591555,5916.3319736117355,6.0,87.82348956259465
1880,3606.9829489266394,426.1410702985456,8.0,87.79473036204281
1881,3765.8026220540046,5503.673376676393,7.0,87.72180470194077
1882,4296.845480536954,2109.8374177516657,7.0,87.70337849715085
1883,310.95548240937393,1592.8071756553775,10.0,87.68689643341285
1884,6353.21255853909,6252.6867730274225,8.0,87.59562291734895
1885,7755.945244089825,1285.3426078167117,7.0,87.39832387401638
1886,4881.151544677304,4787.298310134028,7.0,87.39555597740674
1887,9148.920134756205,3575.9763018730773,7.0,87.38724137087371
1888,6226.029195745625,3536.249591551227,7.0,87.38521050716089
1889,4940.262472778024,3269.6603968339405,5.0,87.26749766945456
1890,1635.4518015924282,3439.4376442953817,8.0,87.1153292840518
1891,5920.602621695557,971.9552710142804,7.0,87.05470537255803
1892,4431.110412270446,4350.063139347362,7.0,87.05278724327289
1893,7006.709861188731,4293.383263341206,6.0,86.83042574872673
1894,9295.940884384061,6280.053321520152,9.0,86.7985407948481
1895,6771.038471064906,2714.6738870944605,6.0,86.74826797743754
1896,3028.3381515665083,6353.772718871821,7.0,86.54178913738478
1897,3403.700350214204,3143.4056860378805,7.0,86.31789211924395
1898,792.2036398943582,5647.2071474863815,8.0,86.31751313277753
1899,9209.508527308744,3446.2647968497636,6.0,86.2549684497583
1900,6007.655370492756,4190.673213350501,5.0,86.19144949169554
1901,122.78669860211119,2005.6705000127035,9.0,86.0943806484899
1902,1447.049602670355,347.3168616340059,9.0,86.00218387813769
1903,8313.123936197439,2239.013450771968,8.0,85.97412192863038
1904,8808.627308059748,5710.411686020709,9.0,85.96738931910099
1905,6394.425111496225,3701.7163777499973,7.0,85.92720131959072
1906,5235.174226502014,2100.3153919160227,7.0,85.9082221303023
1907,5571.489185356898,3595.202574651434,5.0,85.78034365487387
1908,3869.003032627676,1222.677621335068,7.0,85.77792138291615
1909,20.45832472619584,2937.7426041964736,8.0,85.67311198883611
1910,2508.633006692082,4616.860190557125,7.0,85.31336135691788
1911,3613.2000018815975,536.0387746123055,7.0,85.26442504243002
1912,683.6313281951398,4828.423624080266,8.0,85.2506730637137
1913,815.6490503624012,5730.983683269846,8.0,85.1054310942413
1914,3542.9584144442315,232.14384863283277,7.0,85.08672627597142
1915,8066.9438500825245,2154.521741269901,8.0,85.02689038487785
1916,9511.074660793864,2782.2913885218563,9.0,85.01970207142311
1917,1343.7301770700203,4308.966662420835,7.0,84.99732741310243
1918,9114.531996790782,2952.160619497504,6.0,84.97258652144022
1919,3820.206435289211,1353.4909684612617,6.0,84.77819191460416
1920,3248.000993685189,2980.2046469455718,7.0,84.7647299268123
1921,5671.7789156427,3155.377417209223,5.0,84.73382024849951
1922,537.6386546207548,4448.325653915621,8.0,84.53815375020669
1923,6349.640799356724,2781.47963849023,7.0,84.42810833861958
1924,2043.2588357900945,5829.432149711005,6.0,84.36265733148524
1925,5268.2931954402275,6242.476546485382,5.0,84.33393481536575
1926,7291.655480937803,4291.1113345294125,7.0,84.20920796857605
1927,9525.224473784616,1591.8398226086738,7.0,84.14008655545929
1928,7849.768698293923,3918.2781163016734,6.0,84.13542756047272
1929,1221.763350814841,4976.910579632638,7.0,83.73317463142062
1930,1969.7903392726178,4134.060901636744,7.0,83.56789112958701
1931,8928.296246558672,230.50549844315685,8.0,83.50796145554601
1932,8021.169666263487,5605.008537324074,8.0,83.33993109538326
1933,234.04748292779715,5965.148632270089,9.0,83.24452791103344
1934,6630.750346602962,5682.016609488428,7.0,83.18826567627728
1935,6042.536170735373,390.9759337492769,9.0,83.08823849967658
1936,6923.998757218289,2970.6350833467286,7.0,83.02758172837984
1937,6627.197290037921,2845.4839236520565,7.0,83.01248221361097
1938,7070.377179459237,4255.484571017279,4.0,82.94219782558419
1939,1728.072608720588,3811.2308684269638,9.0,82.85225425661767
1940,5946.510717549307,2971.2900947734015,5.0,82.80313036041885
1941,6844.19080244014,5507.80100095194,8.0,82.69976578513078
1942,7778.863915005392,5037.09355042585,8.0,82.66881015522337
1943,5619.930890736921,5088.344676918587,6.0,82.51302997231079
1944,1032.0242638627894,3784.867177166388,7.0,82.49284100262011
1945,8315.441817832834,5710.968587740515,9.0,82.46642768518758
1946,5134.59849580304,2370.795662122201,6.0,82.43790469794155
1947,5753.112562856518,3694.6755893373597,7.0,82.3501594928518
1948,5658.6283380062505,5746.859889163794,7.0,82.21860884797006
1949,1127.1559395759461,3647.689198440656,8.0,82.12515408468047
1950,3122.246602723042,4388.508315565883,5.0,81.99599090679556
1951,3262.8481296000036,2699.035659635448,7.0,81.93248512175708
1952,174.40374862078303,4325.959714057993,7.0,81.76776068457322
1953,5527.486630686132,3323.664946747702,5.0,81.61089005487074
1954,932.7725896561899,6262.550622926543,9.0,81.59995471738655
1955,953.4923442445095,4457.824658112633,7.0,81.45376416655766
1956,6923.106193422815,5360.173849802918,8.0,81.41465933683548
1957,7236.861471039135,5540.803880115987,8.0,81.28689751329243
1958,9543.666977209383,2951.5172045478953,10.0,81.0099493399059
1959,6562.714500335229,318.5967134989518,5.0,80.98976793971406
1960,3891.3738931616554,3081.296826140223,5.0,80.94160727417596
1961,6778.61600080639,5515.861300967231,6.0,80.86485629549173
1962,6885.221818812781,4871.977999126377,7.0,80.81387333172955
1963,4953.766518789342,723.4058710878527,7.0,80.80997345261257
1964,3447.3401976169635,4237.630649802179,5.0,80.71559647402098
1965,7141.998008357469,1502.6051775810904,7.0,80.71328026281148
1966,4165.542203078555,5805.161263696452,5.0,80.4437354469988
1967,8178.192000766503,4864.913134490764,7.0,80.33113610736758
1968,1197.8906661638398,3243.6475294387674,6.0,80.30005399530855
1969,974.5399065934804,562.2758682808586,8.0,80.24207371383253
1970,3033.2054971470247,4360.747705951297,6.0,80.19231204262339
1971,7498.100557077012,2572.2391776876357,7.0,80.16370714377847
1972,4599.320323447407,4552.85295835105,6.0,80.15380815947215
1973,8508.822381628928,1399.064717964216,9.0,80.04189945638264
1974,5206.427623771991,3368.0959983102666,8.0,80.0057414047901
1975,1919.5214953203931,4850.44126062701,4.0,79.81460318367296
1976,1701.3296699403227,5622.746429658948,8.0,79.64434922404004
1977,8206.241319363093,5039.18762360966,8.0,79.59905541866476
1978,6590.8850098691455,2809.193591165712,8.0,79.45814435783856
1979,872.3454008580238,269.8986099684618,8.0,79.2802916790061
1980,8085.378013478206,2059.5873279720918,5.0,79.25608570095063
1981,7927.436274699061,2914.4317649014492,6.0,79.25440023548906
1982,4743.855211684104,4823.363786546191,6.0,79.18454977887927
1983,2901.501917186471,4683.23065378407,6.0,79.12294760055558
1984,7163.546948334439,1969.4038175953726,6.0,79.10629720954621
1985,7193.701114636191,2552.9352470979625,6.0,79.10429688328489
1986,5767.531344084849,3681.7418286165293,7.0,79.05825198025218
1987,5935.993935365363,288.92179157995275,6.0,79.0519302916743
1988,2597.3936188421144,4737.8554772057005,7.0,79.0493307891123
1989,7042.271570330446,5404.895851393944,7.0,78.90949344068602
1990,3964.7013760695895,4486.328866821149,5.0,78.89975415077025
1991,2736.131826234178,2627.6147061839933,6.0,78.86184045588686
1992,6731.630729797173,1809.8617368180812,7.0,78.81330109835002
1993,2127.734922870517,3993.5636855983453,6.0,78.58038888783143
1994,2386.94899048198,3050.1336411127118,8.0,78.49442784088586
1995,3553.3168577050988,2775.9014531280695,5.0,78.44495902482053
1996,7470.736561495735,2523.416513787432,7.0,78.43267492967382
1997,403.56832831625354,6145.639826755402,9.0,78.37964392460175
1998,5104.550515317056,4397.072750824069,6.0,78.22415325011637
1999,4652.693279131357,4470.0824359089065,7.0,78.10952655866309
2000,8833.791449229204,2865.8426740126692,6.0,78.00711103441793
2001,5927.894602263429,5622.704765964978,6.0,77.9575272129025
2002,5320.903719623847,588.0517897219386,7.0,77.94676375015187
2003,1323.5093123651088,4281.609810097049,8.0,77.56418422470107
2004,2871.857156513265,3820.060714738997,7.0,77.54260544914106
2005,7968.801451042457,5973.912370170113,8.0,77.4237496281682
2006,2713.324465565155,2150.204133077911,7.0,77.32790051575626
2007,4683.261156339527,1287.3819193390432,5.0,77.24205192072738
2008,548.2723917532323,3919.832842556765,8.0,77.17295356622161
2009,2619.580711042158,2967.552740315115,5.0,77.15119244160488
2010,8133.236852434334,2740.3371353254997,7.0,77.03812412511247
2011,7329.1845467508465,3889.8123114912296,6.0,76.90566949915909
2012,4722.204775335234,4464.564399102485,5.0,76.80470759681658
2013,5742.98108507529,2862.2699309558648,7.0,76.70320497580879
2014,9113.489376550497,5870.889778040108,7.0,76.5945056958301
2015,1458.6104112006303,490.9183305258135,7.0,76.52969857815059
2016,8210.779160008453,1475.9550137216834,7.0,76.45630002569847
2017,2625.55934986936,5033.123635845799,7.0,76.45350008738585
2018,920.4875761055508,5074.007875057994,8.0,76.41477080906874
2019,8857.206906685673,1074.2496207694085,6.0,76.40230987646304
2020,7941.015584225877,3311.930638783137,8.0,76.3094347074436
2021,6052.876769777951,1738.687450035422,6.0,76.30491331520126
2022,2632.456806276726,793.0366320710885,6.0,76.30109992599846
2023,1942.441412703519,5699.954071417456,6.0,76.28152899394162
2024,1586.4279018909665,6194.2654782620175,7.0,76.26786674613759
2025,3018.160303248753,664.8681921816199,6.0,76.21010349574578
2026,6169.0814416731255,73.97664443267082,7.0,76.00182395335531
2027,6610.510693224028,2266.4488038319187,4.0,75.91739906863
2028,1786.4373290604065,3792.463529127593,5.0,75.79511176570624
2029,8597.29982116265,3649.630581884474,6.0,75.76166022046955
2030,3604.352295283116,3353.460948054914,4.0,75.66312160260532
2031,8148.816372415231,270.4616120843592,8.0,75.61495687440677
2032,8024.576721898884,4193.075935481586,7.0,75.52474647698635
2033,3017.698369186334,1376.4297721399382,6.0,75.41104001282565
2034,8629.550071585265,2920.9472343506113,6.0,75.39455576934041
2035,5968.538493242907,5326.940355964067,6.0,75.351742816677
2036,6269.712517795036,3798.673035600407,6.0,75.31844849648917
2037,7419.5957989135795,1388.2972145226845,5.0,75.26173591400354
2038,3803.1482867722266,5945.818444639722,6.0,75.26130827102372
2039,3792.955762350986,1238.8148127996144,5.0,74.95844693632603
2040,4270.011203916948,295.2049312541959,8.0,74.92690796059495
2041,3480.448834173043,3414.8043739994387,5.0,74.92077412025345
2042,456.78894000097915,2041.7983815451187,8.0,74.88551639913702
2043,3379.7891512605333,3687.1242505868213,6.0,74.81369735479089
2044,4609.1498875696,6326.207493847146,7.0,74.74638822200282
2045,3249.8508399153416,4938.530565267667,7.0,74.69818876776729
2046,5018.023557412747,2919.7075127313133,5.0,74.68982729524475
2047,2919.6404885528736,5543.00291217311,6.0,74.62702978281825
2048,4360.629346308846,4843.828942181162,6.0,74.45477782690749
2049,3406.077666853585,135.39151647771718,6.0,74.41693467863355
2050,2436.4758093374926,3907.765100699202,5.0,74.30898873708514
2051,4653.2599074657355,1902.0309751154878,7.0,74.19256293418702
2052,7636.299300032615,810.9626243196324,7.0,74.11284585442607
2053,5598.7966855397335,1211.4136588497836,5.0,74.01124094784767
2054,8148.18040863497,1527.80280904611,7.0,73.95892641884491
2055,7564.338478496485,1046.0144248186446,7.0,73.87392265850711
2056,8670.197962904564,4988.006532206623,7.0,73.79442847737047
2057,1145.1511594088765,4086.1837254415227,8.0,73.79401856602215
2058,3279.697232409738,5112.5659850623515,4.0,73.76493828654418
2059,3888.1234731489535,6060.08233216467,7.0,73.59936847654286
2060,5819.2897096953075,6120.917963901531,6.0,73.48364819086557
2061,7651.823466590944,1092.5922209027674,7.0,73.45127360047495
2062,8631.333110071238,6238.749363348339,7.0,73.44247213752213
2063,8482.06076306125,1962.975743497845,7.0,73.385985561527
2064,7237.09957921053,2567.149538325212,7.0,73.38238080330848
2065,7222.023373124561,3403.3274025157402,7.0,73.35233582491449
2066,5909.425684088594,1953.7013073073044,4.0,73.32520534166281
2067,1630.1495862261013,2499.9063663893053,5.0,73.28325791931839
2068,7484.059967624139,1794.5570961177232,6.0,73.21258642139485
2069,5527.245215432401,6017.720913619803,7.0,73.0806285715176
2070,4214.7114415214455,548.1064762366989,7.0,73.06812539571847
2071,5298.038353203007,1835.240076214806,7.0,72.98207093272862
2072,6296.192368271213,5595.661728096284,7.0,72.97095583431201
2073,47.98601863604795,3266.0794394461814,8.0,72.87350083402002
2074,1664.6498993863484,1664.2465454985174,6.0,72.85690408893088
2075,4229.589593427441,2763.7955136996916,4.0,72.76211876921508
2076,8492.307917129385,341.0531186612581,7.0,72.69683669915997
2077,2731.5657208540083,4054.553786912961,4.0,72.68946716684368
2078,9517.497121643552,3240.843030482872,6.0,72.52687706596835
2079,3318.2130577694347,4627.628392983349,5.0,72.43615306228071
2080,6508.643000272674,3262.399815801242,5.0,72.42015351282738
2081,8288.101943867765,1107.4033464692789,6.0,72.38598583341002
2082,5725.1697357448675,3678.914481785198,5.0,72.3431290740492
2083,3857.968888866414,3144.2674355307827,6.0,72.33801853348845
2084,5451.0243015528295,2374.0906631710645,6.0,72.32651599341145
2085,9402.725620822517,3217.8644027442724,6.0,72.28508060389913
2086,7133.6568946923135,6245.884091754281,7.0,72.2806253216498
2087,3902.712539169248,174.71659655752416,8.0,72.12851479723122
2088,2324.934661804967,344.2594260146903,7.0,72.07929290670769
2089,4670.374596092411,1166.1242920413083,6.0,72.05910427688356
2090,8839.909063639516,2601.452587195079,8.0,71.91078388645532
2091,6455.967164554578,140.04857608543261,7.0,71.90600956098972
2092,441.9934136904385,1238.996490719226,8.0,71.88594749858098
2093,7473.537583788376,5192.874718205728,7.0,71.81720281359911
2094,9197.536009743799,5080.2070174060855,7.0,71.7707639432112
2095,1153.0246638115273,3940.0473508771897,7.0,71.76429955393748
2096,8967.81170185443,3895.928646317758,8.0,71.69951048051527
2097,5545.749931787469,83.24736787903943,7.0,71.69208946770921
2098,4280.586547551131,701.218825708346,5.0,71.65559645308483
2099,1378.6600451425218,4169.272983153008,6.0,71.62749763675602
2100,5683.990010149448,2603.240085762177,6.0,71.58867236745827
2101,1388.7769183945081,3451.1901505726632,7.0,71.55348123413799
2102,4179.942843008841,1303.7634996495565,5.0,71.39194743062244
2103,4356.486797779357,4487.739295582004,5.0,71.30898593164561
2104,3134.4263721396437,1248.6529973122827,5.0,71.19363623274536
2105,9350.717365098159,1283.0364266869135,6.0,71.13051964615892
2106,7916.536292579754,371.85622270176015,8.0,71.10722081037599
2107,4117.108165177219,1968.001141929872,7.0,71.09484582227007
2108,6493.828792223932,6218.997959258311,7.0,71.08922962654887
2109,2768.9258093853546,2042.935760396368,6.0,71.05845915311713
2110,7114.94666390507,763.554022818998,7.0,70.99437111451341
2111,2880.897116702471,5261.93887678217,6.0,70.98809778152861
2112,8055.062658926296,4987.579656934289,6.0,70.95468548543894
2113,1183.6085673223156,4475.42224246873,5.0,70.88777540649635
2114,4652.413266528658,4198.230162319523,5.0,70.88267639485156
2115,4388.750948960358,372.2036543832641,8.0,70.88239079495962
2116,3697.0263872761857,426.47448715384644,5.0,70.67453252746985
2117,8214.630456662311,5567.079943836925,6.0,70.63169148631167
2118,5659.305165727186,2322.5868882107643,5.0,70.45832974443955
2119,9159.339279029622,3742.251910837844,8.0,70.44379134220128
2120,3440.4052332495444,4266.338027508571,5.0,70.38769308445931
2121,7602.823127657251,3931.9309024801155,6.0,70.37276943411686
2122,1194.5140879513478,1720.2416958232225,6.0,70.32172520865075
2123,7726.946432616631,3647.658696698187,6.0,70.31683102238695
2124,4181.688235152215,5992.437394296755,5.0,70.2883453696454
2125,7156.488077750081,1251.8757525634692,8.0,70.26163958009717
2126,3659.12490453419,5783.170822573343,7.0,70.17287588758609
2127,5369.114079519522,3096.2480540087913,7.0,70.08606974190742
2128,1033.4753578239481,3890.6806211932044,8.0,70.01649268459082
2129,4001.7591071864736,2191.233997275752,6.0,69.96708462442432
2130,6023.86677846939,5594.078343708791,6.0,69.89679772810283
2131,8923.95587574328,6118.701333306765,7.0,69.88649796965619
2132,3860.0160855499344,1640.1380120152626,7.0,69.8567305675985
2133,7607.634208373024,1688.9272604321136,8.0,69.84644641636167
2134,145.9355078267757,1942.872824203451,8.0,69.80563315796337
2135,7087.392271017189,4017.482769402113,5.0,69.6428532955813
2136,957.7626444929963,1642.3417796387184,6.0,69.63808773914833
2137,6035.094922560911,4769.1436357691655,6.0,69.52118866570129
2138,791.1112528149017,649.0717839581964,6.0,69.5079260238243
2139,7754.761910571325,176.4114102272485,6.0,69.49847100151003
2140,8315.257547182358,2490.8932067485885,7.0,69.35806570919213
2141,3769.6294950300944,972.6706328211225,6.0,69.35306510982994
2142,1371.0919785891467,5821.1951669542,6.0,69.30604157241454
2143,6938.915103201924,4657.542899074271,6.0,69.17450455782314
2144,5229.974779177275,2937.3980428259943,6.0,69.10181616343893
2145,4211.650364398964,3672.9881864492672,6.0,69.07831535132222
2146,4690.670749701402,160.8010425955606,7.0,69.06044148962577
2147,171.9966919478872,5012.3068739624105,7.0,69.0533083639534
2148,7380.960154276496,3345.7538019080257,5.0,69.04514412956344
2149,8717.731421338904,5840.108870121814,6.0,69.02291215944638
2150,5065.232481068894,3325.383035847028,5.0,68.97767884853788
2151,374.5075359711195,431.32301431775267,8.0,68.67174542653981
2152,1182.763538543569,4470.61831337572,8.0,68.65801863917605
2153,5332.624677272442,2893.6640077366937,5.0,68.52762266286409
2154,765.5988960837773,4893.101262567834,6.0,68.46738738626595
2155,9230.355462919624,140.2359112461659,7.0,68.39917725635667
2156,418.11507497862704,855.9306580347126,6.0,68.3955155264013
2157,3026.7670064168074,4547.249675555099,5.0,68.34979008137555
2158,3595.9424008661827,2948.0129389300328,6.0,68.24095411990625
2159,4385.535271167806,2211.492703964366,5.0,68.21890357670152
2160,4976.209411684625,3297.3630652061975,5.0,68.12216966235421
2161,3673.2014538800754,1445.2330548604784,6.0,67.98306735677441
2162,8832.541494607009,4158.859005779287,6.0,67.9317986722371
2163,2587.1000217740802,94.15836915029706,7.0,67.84864313249099
2164,1093.3319938227633,3422.8193304815945,7.0,67.81340998403694
2165,23.53349374930396,1788.2740179122818,6.0,67.73989604243039
2166,4609.424579658689,4846.229769721651,5.0,67.62207484965215
2167,4284.826858014153,1005.8337698256257,6.0,67.45415242299893
2168,479.5026019898375,1256.0976962451366,5.0,67.41571762889886
2169,3028.581535996764,3969.5863209503777,4.0,67.32728743817614
2170,3538.062924099404,5654.499061732019,6.0,67.30783145950767
2171,7111.671035855397,6249.330489715349,5.0,67.23142996338551
2172,7945.01394984989,3541.2182604983136,7.0,67.10827346242583
2173,5197.628290873289,3222.5355312572647,4.0,67.03701023607633
2174,6665.645510285507,1665.1202487893288,6.0,67.02565423682812
2175,5093.483586790079,1215.7426448000986,4.0,66.94762031812125
2176,3485.1614653814236,2853.0004535087055,7.0,66.91994901431416
2177,8897.90177202534,6254.732589282532,6.0,66.86479032203081
2178,4040.942574057181,4746.414062706568,7.0,66.75499159618637
2179,599.7184436521145,5794.036451394021,7.0,66.69473764233933
2180,980.283475204084,1739.091119212449,7.0,66.55392109742498
2181,4689.987983032549,4787.449985784729,5.0,66.52189496408164
2182,1150.131767957078,298.10112502443724,5.0,66.40460252954583
2183,2741.743559233965,1350.414125802316,5.0,66.1785775700529
2184,4820.264508168296,5633.12939877015,6.0,66.07050792432649
2185,5255.897959604628,6057.81169136741,5.0,66.05062615811492
2186,2121.8181704151793,2689.5765806853133,6.0,65.99685661465335
2187,9109.944557111872,6098.921513258559,6.0,65.98849925613429
2188,5616.52247316776,6011.468697904431,4.0,65.91045176092331
2189,600.8952665385585,2513.180419762602,6.0,65.90876748760486
2190,3643.385222268344,5245.713050237732,4.0,65.81431602900126
2191,2382.9630910307337,6332.333330165918,5.0,65.81041906161525
2192,3574.3546046908095,3602.1888737226745,4.0,65.62307903274068
2193,3193.2414931799776,4231.557084787432,6.0,65.5356403316261
2194,6412.357091841222,2186.314094587721,4.0,65.50143121022667
2195,2524.0943357997753,4313.907179877971,6.0,65.50141538361123
2196,6722.5748711935175,1212.4035817025374,6.0,65.46784200082652
2197,2494.4486949023517,485.4896937336495,6.0,65.35972706374558
2198,2647.403525491723,326.01273632029324,6.0,65.32059673989471
2199,2301.3907363460007,3199.915882418426,6.0,65.28255762049822
2200,4326.119832482497,109.39825385674988,6.0,65.19456173270335
2201,4421.540859779379,2444.6267365814183,4.0,65.12798770017574
2202,7902.13235580322,1172.892081277153,8.0,65.05635707060368
2203,7426.090341672092,5143.052208708143,7.0,65.01426920380304
2204,5226.644326317122,5118.67097874003,4.0,65.00451364702494
2205,4238.032677530092,1510.4251147650155,5.0,64.97054538707378
2206,4165.641396941031,1025.4364899663697,4.0,64.91275173650372
2207,2657.7668085772875,5931.259176895364,5.0,64.87240799948621
2208,4787.298251629509,4020.2894218524943,5.0,64.85226986778292
2209,2406.8250840417195,4290.776239930078,6.0,64.84854796478928
2210,2413.0362724616575,4556.086648710573,8.0,64.83783787060254
2211,7093.831800307451,1165.163990399948,7.0,64.80993617079523
2212,4226.449798525484,1984.4001722459343,4.0,64.71923581548964
2213,8533.105597364303,5398.6573606586335,5.0,64.69044326907964
2214,7792.072796954837,3491.690383288084,6.0,64.64507421761871
2215,813.2212170505347,4640.130863049228,6.0,64.60222271108945
2216,2882.008151549616,6047.832276467496,5.0,64.58716659964908
2217,5585.8704995498665,5944.868674640841,7.0,64.58619714124384
2218,3949.2305956965956,447.88069483083274,5.0,64.52493392031667
2219,5740.758747212017,2754.2744988846707,6.0,64.51538071507922
2220,7817.319254485493,2502.1424058616485,6.0,64.49887218682326
2221,4628.392441771611,3170.382565291956,4.0,64.48537640036763
2222,8161.819421540137,4516.715753277778,5.0,64.4436703023443
2223,797.8042274374446,3022.390070492156,7.0,64.44232116822357
2224,6591.9495603652895,1730.0066293891896,6.0,64.39356629106288
2225,6225.917375769374,4088.9954812639053,6.0,64.39340439523178
2226,3643.68737193646,4965.42684820042,4.0,64.35359846044346
2227,5759.854335340969,1310.9812364297427,7.0,64.24026002070084
2228,2813.5913343426787,403.6024475636056,5.0,64.23975037425456
2229,758.1397372958392,3402.9770978326055,7.0,64.20248103827352
2230,1227.6989730434473,470.04036525904513,6.0,64.1840300950654
2231,9103.245576227026,678.9948548422813,2.0,64.1743323801421
2232,8149.070998889242,450.78440274420046,6.0,64.16700592639347
2233,2534.795161321904,2707.8998898185478,6.0,64.0197402697124
2234,8135.905169766135,4810.598402826027,7.0,64.00720379293051
2235,3945.6935032331858,4753.719789879179,4.0,63.777801064736394
2236,6673.840958034571,6123.3394482629365,6.0,63.71275145473782
2237,2058.282757540283,2724.554555360861,5.0,63.64796302876231
2238,5175.065145013509,3481.739701262341,5.0,63.639633317192285
2239,7333.636517462157,2978.490204485522,5.0,63.52066357403497
2240,3385.5360478706766,4379.446807364058,4.0,63.5162413019342
2241,2809.4840937066674,1081.0921192809233,5.0,63.507500519800644
2242,9407.733083511012,1419.7914145596772,5.0,63.47689008818817
2243,8249.067337392842,4208.107942905876,5.0,63.47060341704796
2244,4773.651211902472,1781.0582498167246,5.0,63.45159934750464
2245,7565.997474989889,3842.5466482069814,6.0,63.35793405604114
2246,751.0424769382826,650.373422118806,7.0,63.26489912646419
2247,5601.879439858742,6177.343093973021,6.0,63.17833950207902
2248,8174.617366615639,1008.5731693604329,4.0,63.07333389652696
2249,2759.9539113128976,1992.108928650204,6.0,63.01343155790227
2250,6610.704539464746,3848.9017377770406,5.0,62.99948340987792
2251,7038.335320757703,3912.0430919757446,5.0,62.92236737619029
2252,7052.557423578163,2312.2508877610453,5.0,62.84447112091349
2253,5802.623728887889,3657.383658130104,4.0,62.835884635464765
2254,5078.658468762742,1610.3511988418288,4.0,62.74674007445485
2255,4291.2059396483655,5575.225158167244,6.0,62.69718798555212
2256,766.8267074749439,5634.118211631372,7.0,62.672159975138925
2257,8359.193452491132,6337.466804887432,6.0,62.621220429866945
2258,7650.885622453463,2639.778607632828,5.0,62.56501427715074
2259,9289.805162686309,291.20055282413006,6.0,62.53140789903983
2260,4419.157701342314,5027.921622082637,6.0,62.48228991372594
2261,3406.956732608793,2147.585308005761,5.0,62.44300682339553
2262,3957.3653377697924,5605.999199508718,6.0,62.27257663748839
2263,9359.2945533209,1781.760873115898,7.0,62.204442746913145
2264,6446.475270671134,5649.02174159106,6.0,62.167456775493115
2265,5041.117646394354,1387.1646069895112,5.0,62.10665954823614
2266,5030.138914183666,3250.5577452005305,5.0,62.09141762809343
2267,6510.844470743101,4436.124230078209,4.0,62.05841497317044
2268,173.86843566625296,2898.92296178366,7.0,62.036933421965124
2269,5835.015602736068,3233.2362154009534,5.0,61.8928359079258
2270,6512.39694976686,4284.116452305076,4.0,61.87323591685586
2271,5459.44041336378,816.9074454913908,5.0,61.65279977275309
2272,6159.058580221937,3292.859412012945,6.0,61.650780045698376
2273,9115.721247649202,1140.1819664177624,7.0,61.623237468973606
2274,2422.473482635735,916.1565196121014,6.0,61.5668739760873
2275,7364.151664397244,1069.7298823350673,6.0,61.45768430605339
2276,8078.849659957866,1766.391986657521,5.0,61.394149310504865
2277,4172.502699339195,2936.960425699461,6.0,61.33203888542748
2278,997.0350527670039,312.4119354916564,6.0,61.33125966080557
2279,1713.9770291556051,2111.926579216643,6.0,61.301381354771834
2280,2270.4820656978204,2163.7001916010818,4.0,61.299040186420775
2281,1234.1023823594153,1083.5617591342163,7.0,61.26093931109426
2282,6249.685679378202,1764.8374531714603,7.0,61.04006750849093
2283,2962.6390544308256,5188.190188860548,5.0,60.87894507599813
2284,6669.601930703647,5309.415174642005,4.0,60.867292822275964
2285,5936.1272941093275,4831.320307987715,5.0,60.848722038500235
2286,1754.592525181755,4247.068091380114,6.0,60.69701534715182
2287,2132.19909802293,4678.330471083871,5.0,60.651716534158865
2288,1945.4424810737974,5997.8044588571875,5.0,60.630328640444475
2289,6993.542186077323,1819.9531345323273,5.0,60.62639745681477
2290,738.407604462602,5454.309823829346,5.0,60.557866731388586
2291,6770.740704461504,2500.575540785736,5.0,60.494390534656006
2292,2060.2763382184944,1260.3976386985462,6.0,60.47523428869275
2293,9201.812275675276,3887.747010445624,6.0,60.42160261280649
2294,3499.8998555053663,2177.581310506925,5.0,60.35897384832599
2295,4844.1516173895125,1611.4411453652053,5.0,60.35483233986726
2296,5294.36347838566,1093.246998511406,5.0,60.29425157155879
2297,3538.5633906346643,2753.653927979874,4.0,60.24144779370802
2298,7244.367073546091,5345.101825250664,5.0,60.15101309453126
2299,6804.71271104557,1193.2642221259027,5.0,60.14122437583749
2300,1423.602144442597,1249.6710173957626,5.0,59.92410688161713
2301,6282.953366734372,2923.6153306959172,5.0,59.91872352950031
2302,8693.604132618213,1619.2991554663197,6.0,59.89749247506197
2303,5154.383483649476,2212.9913086744104,5.0,59.75635549918797
2304,759.94745932159,4467.698135277449,6.0,59.564935085817645
2305,5018.397429470029,889.9328898731584,6.0,59.51970408705302
2306,6035.799801846893,3425.886403628367,6.0,59.47231826125805
2307,1920.1185307267763,5450.731985150385,7.0,59.434032935601635
2308,5638.279700478641,3683.9901783100336,4.0,59.41632424329908
2309,7623.524770256923,3911.4404477069097,5.0,59.399758067181935
2310,9529.296024886327,2386.680376597348,5.0,59.24317867056381
2311,3194.176704056676,3003.0679592468273,6.0,59.16299311169243
2312,2762.6736004477434,728.360629071522,5.0,58.9869533234248
2313,9180.556206014133,5944.438260447577,7.0,58.97751399812188
2314,4991.423662524174,909.8733977558002,6.0,58.862187218954475
2315,6887.382908147882,4286.286135684384,4.0,58.79369470425528
2316,268.015647722444,5282.369412487042,5.0,58.730951016532195
2317,5819.5798554327575,2743.493683528159,4.0,58.73039865134967
2318,5401.62119653848,5126.371469405235,4.0,58.61839447599155
2319,5751.2290882007665,5458.970900532221,5.0,58.57111471736533
2320,728.2148773036365,3587.9085846286007,5.0,58.33284383431543
2321,2173.712090008043,2661.369706610509,5.0,58.32956692649362
2322,8387.840429091584,4541.54257653939,5.0,58.31972110184058
2323,1570.2029294087179,2693.783090538838,6.0,58.29719739079711
2324,8597.666229795099,3115.7694384896367,5.0,58.08018133309365
2325,3229.72381436589,2317.704639760499,4.0,58.051628748249485
2326,6459.781705480043,4854.2449465267855,7.0,57.998732863800825
2327,4944.574341743485,5870.038685544508,6.0,57.907910858693725
2328,7975.095966165223,6348.3655085043665,6.0,57.890924697297976
2329,4695.369829240786,33.07798408735918,5.0,57.84023851026474
2330,5700.468415577379,5456.682396037368,4.0,57.820191507342685
2331,7814.955167409816,3178.8879904348246,5.0,57.78948318420633
2332,6590.594680792723,4979.651211583606,4.0,57.7516217621574
2333,7957.148949031628,5629.446648678569,6.0,57.725910637124755
2334,8230.94529651533,3620.8609236972848,5.0,57.70286615486894
2335,6891.543716797781,2722.525228648423,5.0,57.69141584085511
2336,3694.2791329659835,3782.5911414527536,4.0,57.6421639508842
2337,1336.9675143203272,5303.616177132017,5.0,57.63350343731401
2338,2399.633115027387,1871.8025705063787,7.0,57.5947901996323
2339,7908.037983352807,1987.8220561190776,6.0,57.58891161504021
2340,9563.219138375087,3172.232820708318,6.0,57.57169647629415
2341,4551.681408465486,4037.3218667118244,5.0,57.54111810195021
2342,3397.58032117713,4771.051806668862,7.0,57.518332706251186
2343,3589.2593034201655,5053.78902346626,5.0,57.455536898191276
2344,5411.531436410314,2511.7678986547303,4.0,57.431765437663145
2345,6020.3084805019525,1323.6508112854278,4.0,57.231865738962426
2346,3853.207633598872,6033.977017684444,5.0,57.117948356382705
2347,7965.556656747857,5480.381821094649,4.0,57.02757926756982
2348,2974.022860767277,2507.011616200903,5.0,57.0004441979431
2349,9090.30931179413,702.0860937943041,2.0,56.899905958174465
2350,7407.8086088413165,261.5962581370827,5.0,56.83303431926784
2351,3320.893216759692,4985.289587299568,5.0,56.75497821953146
2352,4991.953250125223,2316.7920993601583,4.0,56.73110120764132
2353,6500.119802053537,1100.4596027710834,5.0,56.722937972699924
2354,4119.963030222556,2016.2311463819233,4.0,56.63147932502128
2355,4540.726546727547,1914.3969050478468,4.0,56.62860631816005
2356,1675.4676197148285,6211.797909690376,6.0,56.60961899450168
2357,6125.2913831762935,5573.965448250074,4.0,56.60253464869464
2358,4678.0781820909415,1967.760309754172,6.0,56.57130376408141
2359,7430.021097050886,3159.6624892039326,6.0,56.56098021279222
2360,686.8301878673122,893.7075272722451,6.0,56.50866239945912
2361,2480.430616646527,3633.1192885153214,5.0,56.41108103938877
2362,4642.875614369906,778.3040478271799,4.0,56.35888859844716
2363,8481.105566801123,4586.756743942152,5.0,56.28574392236471
2364,1935.305609419234,4141.588241990905,5.0,56.281987962807506
2365,8264.03570908703,1285.255618351025,8.0,56.234292970107155
2366,2940.7546531307303,3644.430055157104,4.0,56.22893213815917
2367,6824.72887014005,936.4385989085008,5.0,56.22029391329732
2368,9014.844659913391,4144.288774640905,6.0,56.173014799404605
2369,4959.245027611501,295.44427529312964,5.0,56.172866183290154
2370,4999.171607985429,105.27262167240082,5.0,56.1702666384241
2371,9052.802634571073,2059.931795732075,6.0,56.12593312341512
2372,7056.726837138909,1294.157027757891,6.0,56.098366541744674
2373,7883.062733197467,4751.751515080921,5.0,56.094481857308644
2374,4053.6059304520586,5409.329445938261,4.0,56.052744859616425
2375,5858.494778995329,5563.654691730685,4.0,56.02981849862465
2376,8291.587314238608,379.60005583490715,5.0,56.022174796326766
2377,9320.618496794315,1775.9124620397365,6.0,55.94678784556887
2378,5535.3155138328975,1228.6531763310195,5.0,55.78378713145772
2379,1979.8514993063884,3270.5840674501683,5.0,55.77170902095967
2380,3613.4165809002047,4406.217758531408,4.0,55.747156608678814
2381,7722.135471778688,2074.378050829522,5.0,55.68831242008211
2382,8202.28278983666,5023.753947912903,5.0,55.65314052718461
2383,3595.84064154359,4853.485482512953,5.0,55.537748138459555
2384,4282.410428197941,854.105131282076,5.0,55.39389315383862
2385,4519.396909319473,1916.721175771794,4.0,55.38320787457684
2386,1304.048789440928,1840.1821572662366,2.0,55.38249986991385
2387,6657.3923742294055,2757.004290266579,6.0,55.36176476521614
2388,3089.582111318822,5693.055247027108,4.0,55.34573767000234
2389,3399.048154724046,2688.6096673404973,6.0,55.30494301115779
2390,7283.947314386234,6298.061584000584,6.0,55.294425052607075
2391,8799.90969332219,1422.902001188072,6.0,55.23529897429858
2392,5601.452121864947,1873.1653995002498,6.0,55.17854042291647
2393,4877.283745037919,1950.9809916680317,4.0,55.136159519470866
2394,925.1289271525918,2113.639512877641,5.0,55.1349642220449
2395,4751.933607505515,5493.68404904174,6.0,55.06648321705541
2396,8083.756096878879,4818.4145901219845,5.0,55.02773095010056
2397,1666.0198463322995,6221.948211015347,5.0,54.99486313136025
2398,620.059650414019,5255.755809542803,6.0,54.99198239478944
2399,1883.320931492288,1013.6205220762305,5.0,54.91707748693547
2400,4982.393545419181,5072.656495877265,4.0,54.86005678726357
2401,2744.520983118918,2556.501376047749,4.0,54.854299310817495
2402,470.27272548739586,316.3509394160087,6.0,54.759868904776575
2403,3278.699586083784,662.1120890038928,6.0,54.75970865143604
2404,2307.8802881014967,1444.2776658052985,5.0,54.64518654163344
2405,3992.610838210841,4459.315760125812,4.0,54.586031094905024
2406,8492.016788624458,4201.643437006239,4.0,54.58491820893094
2407,3370.0729571793445,5935.928838757082,5.0,54.43445991665043
2408,7218.630110986683,563.3166631004464,4.0,54.41102352213277
2409,4882.682678173469,1955.1919503584504,5.0,54.33839725967342
2410,7331.2289623621255,3517.730267311446,5.0,54.32814354652099
2411,6041.085169349687,4698.930743912585,5.0,54.302027065690375
2412,416.5605513956934,5444.118743104423,4.0,54.09465165820626
2413,8226.39373310597,4051.564196048019,4.0,54.02610771095189
2414,327.77451902292324,3446.6248584725236,5.0,53.92465709165327
2415,1419.4831570919116,4728.258879902398,5.0,53.83999188700344
2416,3231.4131731472435,5478.311735782864,4.0,53.77810813318377
2417,6243.580754759866,2891.5336617271582,4.0,53.67797695516331
2418,8156.497682530957,709.999898462941,5.0,53.64821589767856
2419,528.7182550443226,6032.246627358875,6.0,53.641169218661915
2420,8821.696279342772,4909.488249431299,4.0,53.63234730824656
2421,69.87184270817731,1919.8918536989293,6.0,53.58289179187179
2422,5739.70304117229,1108.801022007101,3.0,53.535442029298245
2423,6799.072212609539,935.63267098029,5.0,53.362217159521556
2424,5799.137655663226,1473.8614935575624,5.0,53.30883322465534
2425,5223.3772676973795,6198.008010067225,4.0,53.26271343155483
2426,8769.436607342614,218.7460891410786,5.0,53.23118752724449
2427,174.64844223087223,4106.810250797384,6.0,53.225300327357644
2428,8210.516283145062,3890.6281402009085,3.0,53.21667980642343
2429,5547.911171522553,5029.528985161916,5.0,53.179828761136285
2430,7898.936070221942,6127.604865855366,4.0,53.17795686017861
2431,5262.21611089809,3788.184854329935,3.0,53.145508391539494
2432,1945.824512979446,3503.3610890050254,5.0,53.08847769394102
2433,5325.85633651563,3050.284341682066,5.0,53.08576302508761
2434,2784.8701377594098,3449.0387275652356,6.0,53.07792337657167
2435,6975.998102753616,625.7997413299552,6.0,53.06103466875577
2436,6494.427041837043,806.7151855444662,4.0,53.05728334452232
2437,4813.06395851021,1752.459050025513,5.0,53.03029750462828
2438,434.705865768316,2992.954474064361,5.0,53.0215565330401
2439,4394.591343201398,4489.118307868566,5.0,53.010368030162
2440,9311.877619456756,1967.5768844948816,5.0,52.95072946621111
2441,9545.929124289649,4167.508612301533,5.0,52.87541265107569
2442,8238.667339972184,2537.60757306731,4.0,52.87143122786628
2443,2300.155519742119,5388.024735586504,5.0,52.87122784396899
2444,5004.618331682501,3920.994460168722,4.0,52.86343154286674
2445,1804.4888459494562,2068.0767562738006,5.0,52.85394457590023
2446,467.9451183155325,177.94902942132373,5.0,52.7975825996296
2447,1789.593235673243,5299.902182924799,5.0,52.79706661331731
2448,7606.755191361078,3328.9748421061418,5.0,52.789819058642735
2449,1129.2292846667503,5657.978400476728,7.0,52.778473846180454
2450,8591.795809385252,5378.397776267773,5.0,52.74693937549288
2451,8093.560892300296,4160.305608749424,4.0,52.69577087620726
2452,7232.453562603578,2437.1772561364437,4.0,52.46869581242643
2453,1668.1106535342392,4206.284929168806,5.0,52.46226179671681
2454,9098.960843338744,1902.6401403897466,6.0,52.34002110005672
2455,1119.313097253566,1598.470773992532,5.0,52.33877212296149
2456,2763.6822057228,2887.359477408457,4.0,52.27660449585569
2457,5277.452329424036,4622.651669819626,4.0,52.258267328040276
2458,8620.894617171065,1622.312441804594,5.0,52.191043911159724
2459,1219.9134707213543,1654.944493755076,5.0,52.1459272464764
2460,3205.573632550532,1192.4173547311027,4.0,52.139087870039845
2461,8036.463455539683,2846.406486246212,5.0,52.09789161597137
2462,2791.152370359059,4729.71825293039,5.0,52.0840598931637
2463,7887.38923451405,2498.875872215027,5.0,52.061190428375546
2464,5260.572637202487,1261.5455384238746,4.0,52.04063448656704
2465,6066.965995690318,3221.443700006066,5.0,51.92434019788695
2466,8241.679718037674,5322.266570452466,4.0,51.909076063904166
2467,7909.441765244141,5619.870096480197,4.0,51.82365013723605
2468,4191.860665492141,1517.29669316222,5.0,51.817504360290165
2469,8133.075955992301,891.7270917989642,5.0,51.81021718107622
2470,6938.196340082872,4405.402708890216,5.0,51.793510479417584
2471,3755.214508783646,5974.086708528689,6.0,51.77253226780334
2472,1798.93662437571,3451.4562007137897,4.0,51.71608407812674
2473,534.6760663142991,4969.126610651198,4.0,51.68954917600856
2474,7171.410647026301,1228.641809761346,4.0,51.65071314311117
2475,6457.396095164282,4245.946081940951,5.0,51.62166649995439
2476,716.4689743571245,1035.01108708255,4.0,51.61391440989287
2477,5397.216406503598,5418.075539007026,4.0,51.57222791395492
2478,5653.567021731332,2578.45057515315,4.0,51.56628480217055
2479,3239.4500230117683,3244.598978912855,4.0,51.565796009134615
2480,9189.314103446624,3748.4453890172426,6.0,51.508421531609365
2481,8124.53750111112,2095.475362685381,4.0,51.48937934347431
2482,4647.561091624158,33.47968440240283,5.0,51.35025002314769
2483,7062.712910444225,3166.6830132820714,4.0,51.34486505165272
2484,6750.898083721789,4029.930341746251,5.0,51.33488666125589
2485,9119.50504327557,65.25134190934862,5.0,51.29926254529592
2486,3616.1433101595176,4077.826675153687,5.0,51.29594168133098
2487,360.6794181431508,3873.4000849251897,4.0,51.287466493089056
2488,2330.652061328344,4439.099929814647,5.0,51.07796542053279
2489,1467.0186967466923,1074.9699695879856,5.0,51.059047238603874
2490,3108.4030768306834,3622.4262151347493,4.0,51.05477446902311
2491,6512.026252491681,1561.0054338261978,5.0,51.048617851385146
2492,690.3954521202214,2322.9747454854205,5.0,51.04675041665478
2493,4744.416455416365,2328.60580153053,4.0,51.03255770729183
2494,1174.4077337841757,4818.280392776137,4.0,51.01234405913709
2495,8338.318004957511,4735.369269169232,4.0,51.0072877614975
2496,5238.843769073266,26.482415546035796,4.0,51.0041603461604
2497,3922.8687674176717,243.34033603624542,6.0,50.93927558644853
2498,1147.0491572561314,3933.384487610578,4.0,50.86121188190706
2499,4776.742369836564,4689.355791580512,4.0,50.84253332143098
2500,320.26189905493453,2317.2745849890293,3.0,50.83633328699271
2501,4384.96851327044,5366.436685617643,4.0,50.81515848163375
2502,6948.119409076369,4231.456945866601,4.0,50.78685025778745
2503,7997.291211316273,6173.615862755048,4.0,50.76368581224672
2504,3017.057182878101,1577.7082229319465,6.0,50.75444974418025
2505,9083.427261877376,5450.617917146798,4.0,50.72786933018551
2506,6678.510626568034,1014.8715472074186,5.0,50.708873109010156
2507,2274.347214372201,4811.028888180018,5.0,50.68299191640572
2508,5558.9653667190005,5712.071196650081,5.0,50.676378449273614
2509,1815.1775274079973,87.65654351761543,5.0,50.667811548878284
2510,392.2190682741803,6138.947616000228,5.0,50.661320167624666
2511,4855.62049451138,5857.496936061769,4.0,50.62171576564951
2512,5477.73315611067,2106.3644161690827,4.0,50.564683546529224
2513,5661.901505723571,1148.8422992319652,4.0,50.48246520050973
2514,7203.400436355909,5738.4228395033915,4.0,50.443421448655116
2515,2626.194034361688,2859.4538725916746,3.0,50.43612293853843
2516,8781.64734205748,3045.5118645419807,5.0,50.434337917920566
2517,7283.435279536614,4465.573673304294,4.0,50.42510359673131
2518,8155.038815202568,2247.9119139982627,5.0,50.405065065056114
2519,8378.341272940897,874.257017331996,3.0,50.4033653212592
2520,2497.966628957058,5451.631957053746,4.0,50.4014484163741
2521,2394.6282364431754,2329.574192163427,4.0,50.37471304337821
2522,114.23231079588471,4616.994408495185,4.0,50.373825906226564
2523,194.39618824120572,782.4486463434087,5.0,50.32429047675005
2524,626.0303437184766,1332.2456938292776,3.0,50.31484258481051
2525,864.4171729676135,5539.484512991778,6.0,50.301061486997284
2526,3129.6821172418868,5042.444393739934,4.0,50.24763320218155
2527,5635.652751540024,3901.7551514481556,5.0,50.23511057809346
2528,7613.522205335587,1557.8115481482646,4.0,50.215474028673405
2529,6334.063435882267,4641.2105341077,5.0,50.17258279632109
2530,2033.4636174286509,4012.980910072213,5.0,50.16894209442249
2531,4590.450212930387,2550.9127040377957,5.0,50.08384539084063
2532,2411.106230562181,6137.014356331431,6.0,50.052209880517076
2533,6455.216073746423,2957.520676165151,5.0,49.9810202132941
2534,2497.343269933906,5029.954705914072,5.0,49.96190353019278
2535,5952.1456585450715,4429.550363834271,5.0,49.95389177324037
2536,3416.2320148030412,3058.9549448295434,3.0,49.886596238596645
2537,1943.4901604716536,3403.052295980268,6.0,49.84492727332855
2538,9202.206458242264,5097.824983131238,5.0,49.830142439259056
2539,8156.428750455947,362.1211815077886,6.0,49.82412466225874
2540,2992.580456652977,887.2263741621414,5.0,49.791622722745046
2541,727.858728199349,855.1503803139459,5.0,49.75489234584217
2542,8190.821206661559,2656.33505543182,5.0,49.67914418910069
2543,920.3503220453432,780.1770679092699,5.0,49.600339313635864
2544,8241.756359132723,3218.4306134199082,5.0,49.538052684122405
2545,5219.43783643228,3693.021221142037,4.0,49.50434662289426
2546,5608.807926186108,3826.2913455633534,5.0,49.471756940762596
2547,3013.978853787793,749.0588864896894,6.0,49.46232164891069
2548,3433.2922985392183,2591.480132433803,4.0,49.45975408485286
2549,3558.1209351333678,5022.675089853032,5.0,49.338938469932394
2550,1468.48395725576,1825.699270123127,4.0,49.28723000038768
2551,6010.6478816125755,1376.9239287701173,4.0,49.25339759526972
2552,6160.950819191876,6340.215431922249,4.0,49.22865824348871
2553,3193.872687220608,4161.849643677968,4.0,49.223919659109825
2554,6916.614144334122,510.93659056840994,6.0,49.1781382914195
2555,8916.390166289098,1654.048704577302,4.0,49.08370548003982
2556,3808.7515548456017,2263.084852643071,6.0,49.026357627265995
2557,171.02207129874066,6207.3866704529255,4.0,49.02347320480524
2558,8468.592653681984,2382.355616345376,4.0,48.979012663083054
2559,766.8964386517921,2745.2323868370954,4.0,48.97697655000834
2560,6334.174481869542,1194.667907798328,4.0,48.955052338098234
2561,4937.23124768073,2943.4860387246226,4.0,48.948020387503284
2562,7276.993259712773,2124.7880982794804,5.0,48.89470262963032
2563,5320.649695971015,5870.819092661271,4.0,48.86901126503361
2564,4308.2285586481785,1964.0143385588608,2.0,48.84757907569818
2565,6558.218438223406,3388.1853390131314,4.0,48.70107624459999
2566,7279.559521370904,6283.783366998372,4.0,48.695365585455065
2567,4070.569061602352,2729.69293463524,4.0,48.52738735119654
2568,6308.200425213203,3056.152001397353,5.0,48.506510673812514
2569,3373.16273591119,4254.360890325488,3.0,48.47514504214465
2570,1044.7927647269248,722.000693824224,4.0,48.47154273762012
2571,9384.804093443594,2687.192012725843,4.0,48.36561341404264
2572,6442.976594953626,5443.594399411126,5.0,48.34488924427091
2573,8838.45713894056,3995.696391652374,4.0,48.306483667132284
2574,4709.143372746866,5543.733675717087,4.0,48.293170080089865
2575,4836.428058180163,4515.112099680071,4.0,48.28917266973179
2576,7988.343334546026,1009.6367521898236,4.0,48.26967063626597
2577,9506.814988123833,4908.212103046642,4.0,48.237695464150754
2578,8916.428832674947,2901.441880715328,5.0,48.22487342997543
2579,2478.4008575871044,5542.787140422281,4.0,48.21593341493107
2580,1158.9175467384339,346.8056423084556,5.0,48.18442636140394
2581,9418.696338817297,4727.579479762233,4.0,47.99989167535977
2582,2441.5840739986234,4392.293815206283,5.0,47.93238337848589
2583,9440.783222084912,1054.935190528306,4.0,47.913685996095374
2584,4042.713751782799,6151.624353371106,5.0,47.90294703348058
2585,4481.965892250703,1552.4355276107726,4.0,47.8759452368387
2586,5500.338906523433,500.5482866626444,4.0,47.86663123976127
2587,4022.767923890683,1312.4851075490105,4.0,47.85774584947604
2588,7210.4642544272,5732.459635179021,4.0,47.821446847274686
2589,4531.302772070804,4437.696721164612,5.0,47.793393731001835
2590,3629.966295781944,3095.1520176282893,4.0,47.75591603926463
2591,10.846395852499251,3633.4247809582926,3.0,47.700299274202514
2592,2499.4695462070335,4993.900407754543,5.0,47.61638929543833
2593,2033.5428580421878,2852.6894127139435,4.0,47.56407070052763
2594,5932.622095265972,2473.4798661880686,4.0,47.52436417233006
2595,2125.2477299854036,1433.2025848028313,4.0,47.506358919500215
2596,9469.557915566562,5701.595572821663,6.0,47.49832210218764
2597,8265.14203422399,2935.0137918986343,4.0,47.481082459619266
2598,961.2565604117682,2836.224135955238,4.0,47.43880304071588
2599,5807.250922420667,1455.4539761091032,3.0,47.416825761214376
2600,2577.7902070503155,1223.743842153215,4.0,47.390875736474165
2601,7689.855328630306,2918.5860615652914,6.0,47.385883250963346
2602,1597.4121979171887,1568.5686556042049,4.0,47.348835010298956
2603,6267.8000030029025,4746.259941844536,4.0,47.34716578073718
2604,5697.692275916904,3032.5527800903765,4.0,47.292451517970164
2605,6204.965851213943,6032.26229242712,4.0,47.265347329847266
2606,8062.5638569238035,5970.996588829467,4.0,47.24677240666902
2607,8611.648773717556,1432.902392055506,5.0,47.224477978441456
2608,9034.586315881208,559.3787708832423,4.0,47.21489239927961
2609,3449.217561839489,1533.5533838957224,5.0,47.17850021563099
2610,8067.810161186178,4232.697185121588,4.0,47.17152940013112
2611,8696.143452050312,4324.140824868499,6.0,47.14818717213133
2612,6199.561825655197,681.7697095400689,5.0,47.115617774478984
2613,9330.71136105569,1075.7495641431515,4.0,47.111039926501526
2614,2145.585991091582,5558.559507142826,3.0,47.1063572681834
2615,8236.464979778104,6207.146751552587,4.0,47.04955843009667
2616,7454.534996385579,1284.6272128783967,4.0,46.92070122819729
2617,5968.297271235098,4310.571131954487,4.0,46.912538632425665
2618,5066.322572358294,4730.536528348428,4.0,46.908965777072126
2619,8747.774749138734,2354.753873421696,4.0,46.90366453709586
2620,6057.002104171358,1211.1987622114937,5.0,46.89278601024621
2621,9010.574930721457,4196.923252585405,5.0,46.89174709914209
2622,6320.1964283826865,1992.8167695562274,3.0,46.88239438684748
2623,6700.399914214508,2730.5121388989505,4.0,46.832629337285674
2624,4311.090987075716,424.8550108840752,5.0,46.82419672314276
2625,5793.617975067364,6187.154133377927,3.0,46.821393430138876
2626,6811.633843834636,4785.939764141605,6.0,46.78581945921074
2627,3921.5158759063006,2095.824920794131,4.0,46.785674552951626
2628,162.11208187646616,230.75857201619073,3.0,46.78335475684045
2629,4216.301280110699,6265.948024616032,5.0,46.77283755011945
2630,2248.2644985300567,5532.975866014122,2.0,46.74304183422819
2631,7019.000062293446,1163.4536868713017,4.0,46.70842400951802
2632,5422.521278458058,409.30627725575687,4.0,46.704940622250035
2633,7313.88524876787,2566.75155098817,5.0,46.690330124396894
2634,1029.3673817629347,4673.016304204249,2.0,46.49395587455252
2635,2606.3214093595598,6380.495992747522,4.0,46.49080410551788
2636,5338.811318208544,415.764803093438,5.0,46.484467683928685
2637,6085.51461507175,2954.262340638157,4.0,46.45166917738699
2638,3952.572339711312,2005.449924644095,4.0,46.43988126134301
2639,4193.333504782318,4983.467285705571,4.0,46.438882806839786
2640,3018.026648792141,338.8285654052842,5.0,46.41586424873054
2641,4062.694412765265,1589.536761764165,3.0,46.378193894133844
2642,7522.038978706869,4387.747021429882,3.0,46.34162416674839
2643,9332.185542342848,1255.0434209446614,4.0,46.31686786688353
2644,2756.7997957854445,1586.733281418807,4.0,46.278150492662675
2645,2766.3209353351626,4169.313264293735,4.0,46.27704887556749
2646,4109.506690296679,5749.573948232358,4.0,46.236028556814794
2647,5957.397664995534,5305.307385635405,4.0,46.22133061134649
2648,7261.108762296916,701.4270312400625,5.0,46.15254500680168
2649,790.5547282247226,3778.6270527092483,5.0,46.07918113086143
2650,2502.8086918892873,2087.325678928155,4.0,46.07886060744294
2651,7804.123336950376,922.525267583518,4.0,46.06507226058865
2652,2262.4464382114065,3643.4517966002268,4.0,46.05340682424108
2653,6581.267409212543,1132.9733978039408,4.0,46.047651174626004
2654,3255.6954688607066,4841.26257173306,4.0,46.03897112544991
2655,4868.745163868025,2040.0637841961645,4.0,46.031575409373346
2656,6727.652441180976,5839.806178530113,5.0,45.946289351187765
2657,8172.128177757615,5844.060418923495,4.0,45.94195016774856
2658,4729.102810370757,723.1530604292418,4.0,45.891386564817836
2659,2396.661972043855,2054.5795978529172,3.0,45.85748945843742
2660,3285.315736637265,2802.7379063172602,5.0,45.82068588493223
2661,6538.1796215829345,1846.2145579969952,4.0,45.806896101068766
2662,4776.805385356757,5228.996284225467,4.0,45.79814707096021
2663,1872.0706946212658,6050.9494480176745,5.0,45.79487431970325
2664,8900.625028422519,5670.920196305446,4.0,45.77509344474369
2665,9546.474836780317,4784.16345802858,5.0,45.75950287537317
2666,8400.60060643201,1774.7924036545003,4.0,45.69443026783993
2667,807.6991552172087,2959.7331892127713,5.0,45.63400134616104
2668,4158.959141212828,2753.7421755968267,4.0,45.575117688576746
2669,8370.585368034757,786.4111823220712,3.0,45.45652000922674
2670,4083.788923756549,1726.5137163662134,4.0,45.44661862428745
2671,3221.6906542290553,1802.8863373197462,4.0,45.44367003140269
2672,2048.8712073802644,2808.5248826213633,5.0,45.39561788809274
2673,2564.7177184281722,5803.403534299965,4.0,45.38760503994342
2674,7826.980368814031,2845.5002455643194,4.0,45.38445019269344
2675,5715.712365220661,623.0012150699187,5.0,45.340643510203975
2676,3801.5537113190317,2834.571925236462,4.0,45.19853950402061
2677,4795.588677779141,4253.721102064492,4.0,45.14885549002675
2678,2360.791048637064,4411.230291230404,5.0,45.05973214023055
2679,9315.100721238954,696.8730295252592,5.0,44.985300555248465
2680,1872.6459695296592,860.5458158504399,4.0,44.97701169823201
2681,2103.759737059643,4736.89162991232,4.0,44.94190914970848
2682,5583.748706921861,5940.793297537554,4.0,44.927830024875234
2683,5450.819942885081,4480.432481812125,4.0,44.919411025471454
2684,4450.714903347896,4367.06334129792,5.0,44.900064653036914
2685,7036.561262516407,3257.869810968019,3.0,44.89312320740522
2686,4720.438168109081,2472.998909908174,5.0,44.886066947831026
2687,5406.955863580274,3610.249980388159,3.0,44.86236809419873
2688,7429.395706691376,4427.4739445318955,4.0,44.76604383298553
2689,8430.036042740965,4361.477761915914,4.0,44.74374898961164
2690,8560.64385244423,3019.467723718676,4.0,44.736080599406876
2691,4192.430329908596,4015.822663038834,4.0,44.727210513588645
2692,3938.542744179089,3794.222352148726,3.0,44.72358595026742
2693,2747.749229693927,2600.2787616912433,5.0,44.7062288005958
2694,7422.280137408165,5416.542248016973,4.0,44.672867916535225
2695,721.3529644692247,4485.6649510327725,6.0,44.63851848458914
2696,9130.846987018087,4842.44135174411,4.0,44.61733223028804
2697,7488.811261999288,1459.41616641491,5.0,44.61064526982873
2698,6955.693970004086,1873.5477199067905,3.0,44.59241793051636
2699,7666.3823722096595,2736.3036132639163,4.0,44.560522912977305
2700,4975.15779151214,3944.622259964149,3.0,44.51231457498095
2701,6914.458869014439,3956.062845709035,3.0,44.505626590481484
2702,3912.099741916593,5125.174768314159,4.0,44.49832711434064
2703,3992.493117588225,5093.116100184603,3.0,44.491402163899075
2704,6915.798997003658,799.909952716998,4.0,44.491325429011006
2705,6154.486660952047,4256.582869658299,4.0,44.46550788875372
2706,1597.2168864168916,4159.69439629912,4.0,44.344261088122906
2707,3934.2851027799375,2640.518551363716,4.0,44.32525311239861
2708,2222.8961951103333,5967.709945045011,4.0,44.260368471626094
2709,457.75843034812794,5988.24833005114,5.0,44.22375678829796
2710,976.1723228138957,1232.6861119314729,5.0,44.22054441145673
2711,9452.435643772109,5501.08756660064,4.0,44.196119346530345
2712,6400.316371366955,3364.180231987939,4.0,44.167917844496216
2713,8859.665140047298,503.6156674786168,5.0,44.11977572360529
2714,200.88999472074732,4093.0474171247947,5.0,44.1094101949088
2715,7184.990659857136,3831.525418886362,3.0,44.10846710362357
2716,8322.695095753968,1160.0607883754774,5.0,44.088018867724244
2717,6648.840763897509,2316.1436342906686,4.0,44.0561198131919
2718,8391.151396261375,2434.3242107346728,5.0,44.03917190710281
2719,9166.30817734361,5413.569450888349,4.0,44.01348466162757
2720,2046.6732961731839,1194.40791979146,4.0,44.01342419401391
2721,1167.9196129126174,5218.563500112907,3.0,43.91711675436154
2722,2557.870324229438,138.19636581879405,6.0,43.8915876921354
2723,3435.15480344335,2194.959219236789,4.0,43.88848220123628
2724,6013.42852386686,1712.0299174378733,2.0,43.8240523670968
2725,6159.794675188409,3625.577734108976,4.0,43.82091448030556
2726,2406.3852175353736,2176.5082031180787,4.0,43.7964510324332
2727,2450.2126830528255,3902.3787033962803,4.0,43.78908553648532
2728,6016.508151018805,5366.702411175996,4.0,43.75507873233077
2729,7591.8304261451385,1015.4602691482863,4.0,43.71102547859803
2730,8546.324964049629,4564.468787850199,4.0,43.67265154103809
2731,6409.29883453353,3606.480518038691,4.0,43.65492117202214
2732,6256.015711419904,1377.561474643109,4.0,43.62743997536099
2733,7709.341697675668,300.070248345907,4.0,43.61636058849508
2734,2278.5297108962804,1180.280636371022,4.0,43.61411379270124
2735,1218.3601330685765,2799.6332349677014,4.0,43.59812051434666
2736,295.28919507888673,4701.517340789402,3.0,43.59208103001078
2737,6827.309658077288,422.51193614576476,4.0,43.54668275811051
2738,8882.495757979626,3164.3145166806107,4.0,43.48763394592381
2739,8638.281026695851,5185.141943003813,3.0,43.43282872328105
2740,6013.979490726308,3250.6324649382386,5.0,43.35741862572814
2741,2309.43960227051,676.184479643275,4.0,43.35514329686589
2742,7964.2447693984695,5745.193177221886,4.0,43.282723155966714
2743,449.64231365326845,3139.4910841893247,4.0,43.249386716029804
2744,3971.1998261823837,2100.1465823098174,4.0,43.24466158226347
2745,1202.4414466513313,6015.690407653642,3.0,43.19011422763331
2746,1465.4021201591304,1191.5829560165992,3.0,43.165233017233504
2747,9263.967332367867,5048.381512161681,3.0,43.07499569647502
2748,2708.5760086531704,2497.6708491550103,4.0,43.05044173907977
2749,6980.6402498986445,3256.7850348260517,4.0,43.020278852097576
2750,4621.8748219015215,6248.434271626543,5.0,42.97692570568645
2751,1113.6615654005382,2784.6829140497016,3.0,42.94235142973169
2752,9104.04895268209,447.41390512448584,3.0,42.860852242812975
2753,7152.177107157236,3530.0542034741734,4.0,42.719674107523204
2754,2126.8898984921925,5359.74133811857,4.0,42.69818150601013
2755,3193.1969201407333,1345.0198338474947,4.0,42.68264259238071
2756,7816.0491681791955,878.384919289602,4.0,42.68263178235779
2757,9305.722218270645,3170.7014365068735,5.0,42.67549897420638
2758,5517.122648888436,1325.7421720225955,3.0,42.67306653788625
2759,9107.532561734162,310.4681097626138,4.0,42.666672189770644
2760,5546.145423663137,3121.715426596153,3.0,42.659533776109924
2761,2802.611307965765,3499.335051842606,4.0,42.651140176402436
2762,7879.97879369847,413.5868595902726,4.0,42.34278309791514
2763,1786.9152061155776,5327.487225484033,3.0,42.2757134165828
2764,2914.396068701638,392.52887589643376,4.0,42.26206434271815
2765,4404.381161420356,5112.386406327899,4.0,42.25027634332535
2766,7323.423548085865,930.5710277273007,3.0,42.23716033614318
2767,6245.31567649238,6014.51130790465,4.0,42.22358565154137
2768,5721.79992937787,2594.4884372971264,5.0,42.21203170536749
2769,5913.656861157695,1508.7499441695036,3.0,42.18481973430102
2770,6951.81427993221,619.7387892680076,3.0,42.16941178383186
2771,4406.570839952928,3121.239708623257,4.0,42.13796776348862
2772,4399.559062920414,3021.74806640053,3.0,42.085537817463795
2773,983.3452690016246,3442.5798961671453,4.0,41.94078111556665
2774,1640.1926776483294,5949.808155035624,4.0,41.92266126055508
2775,6216.589414407265,5590.402088369131,4.0,41.90041266684389
2776,1813.6645838790791,3351.29878803095,5.0,41.89295858884393
2777,9032.4516243766,156.29537917194887,3.0,41.89181037390777
2778,8520.126145435288,3607.4805144370307,4.0,41.85331441301574
2779,7848.861053514229,4835.719059737919,3.0,41.82549185931396
2780,6778.623300292327,1084.5140145925131,4.0,41.6774082442638
2781,7242.4879664158525,2970.3630247713986,4.0,41.67603067686426
2782,4082.2775242153666,5218.417933991442,4.0,41.66454068753629
2783,6479.751741678906,2429.6825244902952,3.0,41.65514868336248
2784,6793.518242640064,1264.504123744206,4.0,41.65174126914704
2785,1919.3247347534686,4309.483139469785,3.0,41.64986790622263
2786,6055.589600749176,4234.010807496299,2.0,41.59300477833209
2787,1846.3018429683445,6306.301765629621,3.0,41.57245399922397
2788,3272.512517933603,5998.461576786908,4.0,41.5305751716909
2789,4150.442197053657,1581.8973318126534,5.0,41.52377715060749
2790,3408.834564970708,1770.3949795216001,4.0,41.51961504817099
2791,5547.891967873879,5241.435604958815,5.0,41.49642788621676
2792,7370.521981647736,1658.4768728421038,3.0,41.48834010113566
2793,3302.503749018902,1890.663617957538,4.0,41.46788669856528
2794,5275.836500028042,4159.228558633114,3.0,41.46321710514348
2795,6747.768954188175,5713.630802180172,5.0,41.462240867988946
2796,3538.6835976529487,5998.340285431961,4.0,41.404325184677916
2797,2397.191631697935,5904.974804219201,3.0,41.36646247284598
2798,7889.440340340854,4905.423931276149,4.0,41.354725824911185
2799,2965.551326047336,3999.0280207116657,3.0,41.353235472670264
2800,4151.408005249483,6049.679103851491,3.0,41.351132906474355
2801,6444.43409241913,2714.8400878857415,3.0,41.331639823414875
2802,9357.129563391547,6103.674105866897,4.0,41.31113672254427
2803,5903.401586305763,3291.3092136854866,3.0,41.302244118363475
2804,9423.64669036554,4541.3759290935195,3.0,41.27740920233919
2805,1142.3010108874662,2981.339985812791,3.0,41.257411791815095
2806,5971.424242075532,5503.493819364035,3.0,41.237847518895286
2807,3316.6433243178994,860.6825196025674,3.0,41.23489620856012
2808,3605.3678327068283,2697.35401878255,4.0,41.19086534448475
2809,6980.894680445822,3960.604608158542,3.0,41.18494914102783
2810,3909.5955392801834,5459.6857666946335,3.0,41.13393532582078
2811,2645.442598212397,5242.697277373831,3.0,41.11371357160716
2812,6518.291733762207,1136.7870429416882,3.0,41.0225514621839
2813,5957.58926219965,5931.583642094229,4.0,40.97288547296833
2814,1922.4534653984424,96.44429441606984,3.0,40.9652541194242
2815,2034.0317461355837,2797.6228512928856,4.0,40.925941607311316
2816,650.2786641082756,2333.504762926387,4.0,40.783534967355415
2817,7224.824926828302,4721.254960167458,4.0,40.747116984501766
2818,8728.174044852762,1041.390593850343,4.0,40.648800869152424
2819,4219.9125744480825,5253.195659853357,3.0,40.63373922120037
2820,7490.252726877611,48.366918537707534,5.0,40.55196317902127
2821,454.46927959234387,4865.664875394216,3.0,40.44746938945919
2822,2109.2930526776686,5113.046376880513,4.0,40.43582230738543
2823,5455.900016518983,3539.6912820762136,2.0,40.421743440012314
2824,3170.641506194662,1186.6902101556554,5.0,40.34853263503435
2825,5511.749770137831,1346.7417653241152,3.0,40.34470764193009
2826,4545.258106655991,2523.4877189889817,4.0,40.288232929958575
2827,5091.0652115309085,6100.91973110307,3.0,40.27751239956657
2828,6162.38971437056,5820.612224756691,4.0,40.27160016700994
2829,6204.111469334003,3854.375231564133,3.0,40.26722349468906
2830,2214.8073087757625,3676.9597816317637,3.0,40.230698940461764
2831,6620.526817355117,4388.704913533151,4.0,40.21474383919975
2832,2305.497448549135,2338.7298140751295,4.0,40.19478268607153
2833,8785.424413561695,2870.3305572595596,4.0,40.15265878472247
2834,1951.961354271696,4532.093248900168,4.0,40.13982015140479
2835,4023.3894550978166,3799.7239578286785,3.0,40.12503008415534
2836,4311.294883881434,1800.326676141774,3.0,40.09338405069249
2837,2629.2320071680106,2156.087597425943,4.0,40.06929950921886
2838,5060.223311146097,440.19418148611334,2.0,40.01435740607178
2839,2280.661455363425,5495.851933848702,5.0,39.962547127035585
2840,1470.327512790588,2207.27322763754,5.0,39.90480755126423
2841,5976.493477564138,5167.311220833226,4.0,39.874441363689485
2842,2499.9915223580797,1647.7124107309226,3.0,39.85920069529956
2843,1524.7449043864951,3405.4641175193515,4.0,39.793461069120056
2844,7421.03048419784,2599.544865699132,3.0,39.78783100896407
2845,4935.356009871771,5224.056724258103,3.0,39.73577464630117
2846,5362.833957912711,5472.381393778504,3.0,39.712554092595795
2847,281.52616818899395,4234.086584352794,4.0,39.68147621524578
2848,3039.915059925947,6310.227971080211,3.0,39.680061974537644
2849,5427.133113445088,2461.1486997421944,3.0,39.660764869304586
2850,6526.696224492901,3634.200836972844,4.0,39.657853165574195
2851,2085.358028133945,4951.645947197092,4.0,39.64710785227797
2852,6440.320960759114,1954.151111660097,3.0,39.64585286074355
2853,1517.4523996677726,4084.98512113991,4.0,39.633566818646564
2854,3653.3839807866957,843.2296188359063,4.0,39.62650325779528
2855,3419.529339436934,4604.668172196133,4.0,39.53595583430872
2856,2787.9311996239635,3352.7729377931246,5.0,39.51343279492406
2857,6078.012732771879,4949.086821368452,3.0,39.46477864647152
2858,3620.873659463324,3344.0360586733786,3.0,39.45187762460907
2859,2509.263496899087,873.4555942621075,4.0,39.44802180570369
2860,4816.424195283986,4684.113004257947,3.0,39.435300503508145
2861,5464.654591780927,3530.569834427331,4.0,39.40763441979068
2862,7727.427923289951,4208.183945729294,3.0,39.4068199266222
2863,6498.320967399395,3577.4251813843707,3.0,39.39990057701851
2864,4532.395602997873,5160.809293173099,3.0,39.35351210478303
2865,1528.2391804231208,2269.236399121502,4.0,39.33579457859261
2866,4044.3928672008483,1474.454197672027,3.0,39.274896711748845
2867,3680.747602543296,4252.689384012744,3.0,39.205245088801526
2868,7762.144609839142,3994.578299315763,4.0,39.15960606871081
2869,1991.632035975587,6242.633423972438,4.0,39.13115604541908
2870,2562.288885904343,61.60001340852164,3.0,39.04928633557516
2871,7519.534893173083,787.6007000163938,3.0,39.04337978831255
2872,4994.255694251994,5880.170087606538,4.0,39.033385412909446
2873,6064.148706489316,5200.660746891211,3.0,39.02216596173628
2874,4276.262330252747,2524.562081638317,4.0,39.01655487955255
2875,8331.336506145773,889.3913901496468,4.0,39.01276007697609
2876,5689.559330599623,6276.602781174502,3.0,38.961715572506606
2877,7683.959175915778,2785.7450796833623,4.0,38.955134304562236
2878,1560.521506001941,2842.6272195193774,4.0,38.90059037442253
2879,5735.740326708737,2571.6577194005636,4.0,38.87659321795137
2880,6837.725027211416,26.51358138983741,5.0,38.868245562134305
2881,6350.343305787308,3294.4380557955897,4.0,38.85161618408856
2882,5331.1781138431925,4773.393518425499,4.0,38.83764749490692
2883,8001.658670056646,5463.478816193702,3.0,38.8014606270091
2884,4263.496610955157,5126.802550673106,3.0,38.788179555629675
2885,4778.514105210226,625.716541056252,4.0,38.78409677538009
2886,1040.5451816361146,1315.4936059972117,3.0,38.78284933229115
2887,3517.8528686559994,2390.343617472488,3.0,38.753722140547985
2888,9092.952163193459,3491.957555626346,3.0,38.72645623699208
2889,4571.686420229644,398.6165706227912,4.0,38.71732333534944
2890,6394.056181513914,4420.420472143311,2.0,38.71395766914407
2891,5675.4630262922665,2869.93603825625,3.0,38.68701477620464
2892,2669.9251194728968,4662.8573633599935,4.0,38.653916495700024
2893,6495.238675593309,4884.649365908715,3.0,38.63624541945592
2894,341.0530985896046,89.51101881689291,2.0,38.59410057040301
2895,7129.86562622134,5894.181458017565,4.0,38.59173111800974
2896,6725.943512769834,2774.5885258326994,4.0,38.57168290352805
2897,3050.49674213775,4099.847063250834,2.0,38.566366641051204
2898,6134.235474983873,6084.005463592304,2.0,38.545940058890764
2899,1517.2454397146134,4867.875807109452,4.0,38.48716163755084
2900,687.4315277855968,1200.455660878708,3.0,38.475297754024716
2901,5950.2492659842055,4230.127962679228,3.0,38.455512359467384
2902,5758.330956158756,2757.2759017108688,3.0,38.42715952735013
2903,4539.323824875915,4822.239656845409,4.0,38.415203148516625
2904,6046.568471318523,1345.0475563370874,3.0,38.33055782119802
2905,7950.20088979213,6002.610506632574,3.0,38.322155646435874
2906,759.0080656225695,4285.197037966081,2.0,38.319718894493356
2907,2879.690104935076,2148.7379853987813,3.0,38.299743752137296
2908,7229.416172308318,129.31242883740663,4.0,38.29051685585574
2909,2750.379861606735,2953.819878365025,4.0,38.26482516165658
2910,4057.8395270076408,1004.1805136381536,3.0,38.23747800875028
2911,7555.462187616801,5028.817563625647,3.0,38.2115211539366
2912,3821.427889876433,3120.4907746977124,4.0,38.1852641903519
2913,7476.388876404085,3670.4063001079858,3.0,38.18033622791075
2914,6910.490466032071,4193.65875607606,4.0,38.179468582358474
2915,5985.400947222985,2451.4561404973338,4.0,38.15321371477955
2916,3786.344844566248,1363.408283422017,4.0,38.134941451177355
2917,7166.692963420167,3703.107311672873,2.0,38.082073409421426
2918,6539.134644065774,5092.6702361832295,3.0,38.07994693451736
2919,4128.0338279441785,2049.6133205278543,3.0,38.04595829047653
2920,4242.493314231984,2099.484076857154,3.0,38.041705709205694
2921,5887.5159713482235,3831.1894587557704,3.0,38.03128676401749
2922,2070.4739573480183,3127.5033324593983,5.0,37.981646630882324
2923,3005.367752603232,3595.495205460368,3.0,37.96895733301603
2924,9219.993840471825,2479.359393027957,2.0,37.95681677321764
2925,2744.1454356604518,4254.925095991278,4.0,37.94878528868299
2926,3004.211814939408,3573.9674488859555,4.0,37.94439044071636
2927,4082.559189142679,3549.7436775788283,4.0,37.94231678499104
2928,5127.647820953838,2163.5052652518,4.0,37.93592172218726
2929,8857.809119421127,3652.2068322598384,3.0,37.93103960295187
2930,1722.168105951957,3120.7174394634853,3.0,37.88535350718861
2931,3030.406579428873,3715.37595555141,4.0,37.84532157767518
2932,7718.26934883411,373.83454965161764,3.0,37.83665524838868
2933,4411.196279714149,410.4276814016383,4.0,37.79225057934224
2934,511.4658535528512,1333.4258163392105,4.0,37.729646589911226
2935,2087.0164794203943,6299.283507518669,2.0,37.72870007373044
2936,18.22284767768166,4385.402519611233,3.0,37.72003786204048
2937,3244.5293405318125,3565.0228036369544,3.0,37.68647297822537
2938,1413.421592274582,4330.4290212034875,4.0,37.643181767668764
2939,4139.792606485451,5189.44970054238,3.0,37.62209075025511
2940,6556.260074733509,2655.425629487994,4.0,37.612048194866546
2941,6333.7204284799,2011.8953534632876,2.0,37.58560471837606
2942,5719.455796665264,3417.3752518436454,4.0,37.545176639813455
2943,5663.550123124541,3329.3425580976505,4.0,37.537393435024455
2944,245.93986881792895,578.5184792138609,2.0,37.507449274761775
2945,3578.3702273672952,5774.6356493855665,4.0,37.49874287329227
2946,8320.311823552642,2303.2570371379875,4.0,37.42616695182743
2947,5169.378687680901,3204.7608813806405,3.0,37.41254295106313
2948,1906.8913917079403,6202.02070795886,3.0,37.40442709314777
2949,6820.588113001247,3429.2136194270574,3.0,37.40155333187048
2950,4061.754087616414,5612.506032823866,3.0,37.35998973087252
2951,1733.5810319635693,3459.4103157995896,3.0,37.3073172713503
2952,6300.108870241501,225.76407974103017,2.0,37.28075041927881
2953,1280.249250108377,3028.2936555562483,3.0,37.25655765868376
2954,3925.4717872197175,890.4436831059251,4.0,37.21979087368007
2955,614.4534330541637,5385.570086079131,3.0,37.21576731933488
2956,3888.2640055788224,59.861280479123074,2.0,37.19241321689028
2957,1071.2944761222066,3867.5482734035113,3.0,37.16268248617684
2958,4415.0603817339,365.68999798572315,2.0,37.16010452937128
2959,5898.405841501493,5110.2197112425265,3.0,37.11336294201762
2960,7651.557407647449,4576.8008864387475,3.0,37.07453043369775
2961,1595.665893676934,4638.517975806454,3.0,37.02143349782397
2962,6581.965830794077,4004.7059716950716,2.0,37.01839477735663
2963,7638.777028610641,5683.606789318097,4.0,37.00443894744937
2964,6192.472240426537,4526.492548738035,4.0,36.97471917603067
2965,5356.769273722051,1504.9929605683858,3.0,36.931978136445395
2966,2773.405342407425,3169.5481621158806,4.0,36.875675289685134
2967,2753.8112759578016,694.3203138155828,3.0,36.873520557917395
2968,2339.9503871665097,3442.253839990698,3.0,36.86833016551485
2969,7573.370482530921,5847.151546764103,3.0,36.867535099993695
2970,3227.6286296359294,2404.772847341972,3.0,36.831398827044154
2971,6510.262616392989,4128.187430725997,3.0,36.82054168151199
2972,4199.627543770981,3898.8649892074372,3.0,36.81259068120218
2973,2690.4843754625854,4817.445558175495,3.0,36.77780734398908
2974,9003.76971646024,2941.3853367870583,2.0,36.7676845029085
2975,5349.38963430171,1047.9055244143572,3.0,36.747226617318894
2976,5228.504236042164,3460.128326034406,5.0,36.715133462299285
2977,5827.30118468234,1283.6192155069175,4.0,36.698127818854076
2978,7210.877995630213,5214.935432794739,4.0,36.652863132211394
2979,1487.6314370843243,5718.335003321989,4.0,36.62403602168905
2980,6559.356984544797,5186.4470798350485,4.0,36.594995009445725
2981,3562.719469522658,2293.656749893003,4.0,36.58778847158187
2982,9308.622323935238,97.29331799636437,3.0,36.57169387467787
2983,8787.38760136438,4139.509527247052,5.0,36.56780713320968
2984,2231.0743929975856,605.6010411086222,4.0,36.5555543542699
2985,8249.719188675488,2485.5878816376467,3.0,36.50819535814536
2986,5931.391794153167,629.8870418283293,3.0,36.48374476331808
2987,9473.827768407027,4499.602690358104,3.0,36.4613108160003
2988,5887.438842640459,5699.568568122528,3.0,36.43382198645942
2989,6613.361377098928,4144.19673082689,3.0,36.43343422901523
2990,6638.372546847771,2635.201351235489,3.0,36.43217014071776
2991,8470.950254374535,449.83955504858824,3.0,36.431434731289684
2992,2285.49926926051,4804.107345831608,4.0,36.397779077499926
2993,5615.319633150934,3317.4749549294274,3.0,36.37834334037745
2994,629.4780608939188,5228.352469560506,4.0,36.369433637054584
2995,3334.3366535930104,3387.295011783295,4.0,36.27843832275222
2996,5660.844615173044,3611.924741440513,3.0,36.26565056854049
2997,3729.490787254693,2694.0194213367936,2.0,36.26030341112425
2998,3679.886218301939,4803.326794004281,3.0,36.259490098459125
2999,9454.198654810154,2002.4762466862408,4.0,36.2435606404866
3000,3650.6545214595394,1049.4499533673343,4.0,36.223246054437105
3001,5308.662301177661,3212.447496804331,3.0,36.182841935805584
3002,6787.3827019430155,4525.816625240011,3.0,36.176631029903604
3003,1367.5030635761068,4875.596915232312,3.0,36.13093283639813
3004,5575.1257198777785,4877.664497718288,3.0,36.115628072850555
3005,8933.361660522687,3747.0249218233007,2.0,36.10734602717586
3006,5859.516957466594,4514.177923935804,3.0,36.076372907836664
3007,2962.7665081512937,2135.0241653229023,3.0,36.05241835784755
3008,1402.7823807004145,4913.747777507703,3.0,36.02055981812943
3009,2011.7586339348816,3259.4780940582673,3.0,35.98804361896599
3010,6740.244371237781,987.5235748547136,3.0,35.98623094784897
3011,6966.321634586924,1326.7940174102766,3.0,35.981061898529255
3012,2080.7989874281575,1130.717795935024,3.0,35.94149309034067
3013,9081.634072692086,991.4269187252306,3.0,35.905080039304536
3014,5144.473621206707,927.1357683114546,2.0,35.84770118258744
3015,4566.6858478790755,5643.649117648905,3.0,35.83940880019526
3016,5453.960123333367,3759.7264578244,4.0,35.82567056582267
3017,6164.792056258685,313.3146104005835,3.0,35.82236001470418
3018,2356.1430182190065,5623.191682071099,3.0,35.794864983606395
3019,4032.4371396900992,5897.170353699216,3.0,35.78127510328444
3020,7733.700569655498,3504.2968804618185,3.0,35.749052544767615
3021,6396.204307554105,3064.868559038184,3.0,35.74602460398322
3022,8565.312845945342,5021.370186413257,3.0,35.735469759997834
3023,6883.046357213665,3522.575781957153,2.0,35.71608974811558
3024,6047.164027323706,3990.495337510876,3.0,35.69042312726566
3025,1784.272199733599,1603.6607623688467,3.0,35.6778168288262
3026,7551.590051024256,5467.465420583825,4.0,35.63290425088606
3027,4693.97540419795,4883.80363221756,2.0,35.62289546972839
3028,2720.982888161765,5510.328972087454,4.0,35.59785700796631
3029,1491.211550428092,5235.492296906312,2.0,35.578688581935694
3030,8674.496645305306,4383.353245813319,3.0,35.531192970356
3031,4356.442085515466,56.58887159067144,4.0,35.51749655065774
3032,8953.65177081776,713.7250964923969,2.0,35.506888430533266
3033,7843.454757102703,2033.8891904542033,3.0,35.47652532100775
3034,9198.855999508036,5057.280317323023,4.0,35.45257348999406
3035,6951.93057808087,2167.125578383964,3.0,35.43295520707338
3036,1870.751385592033,4183.554561801946,4.0,35.408305746022606
3037,1013.1241040739844,962.9517432060347,2.0,35.37930169780767
3038,6378.135665893611,201.29749162208378,4.0,35.34997836889113
3039,687.5074564330816,1300.5299090344888,3.0,35.32738606182985
3040,4058.6397559105126,4620.407084784661,4.0,35.29518002192591
3041,5500.544709563358,1780.7203543973908,4.0,35.254741473914876
3042,3314.150937480309,111.51181336763045,3.0,35.24001992702778
3043,2696.657200121987,6202.158614261314,3.0,35.23403968792003
3044,3679.441693858057,5064.838973458573,4.0,35.22846929120168
3045,4156.674639501787,4327.449517394459,3.0,35.2180397008498
3046,7612.418188209488,4225.35318070573,3.0,35.19816228735206
3047,9554.381856097922,2378.304504480157,3.0,35.189598038328334
3048,2514.575628156361,4504.439260289137,3.0,35.1531753037357
3049,3238.147907856317,4916.450806211421,3.0,35.15301786286842
3050,67.33111527543429,4007.1298447955633,3.0,35.094753652570205
3051,6507.043975275749,1869.3911459969747,2.0,35.07956890623603
3052,3881.8479987299274,6063.205641042169,3.0,35.056004299533
3053,6006.704205632573,2996.5844466298736,3.0,35.053049929925265
3054,7881.304472733334,4909.738367451617,3.0,35.03781261037915
3055,5593.700945823984,4007.4569406519,4.0,35.02948312449655
3056,1662.123808636236,4107.617936520595,3.0,35.02781058357762
3057,2442.2076292816746,633.2362679198156,3.0,35.02519888776721
3058,2734.871541934385,3714.2174086409195,4.0,35.0131752771462
3059,7404.151430052541,1305.6645419618787,4.0,35.0093829543439
3060,1893.665008054098,4303.072734192255,3.0,34.97385558362259
3061,5088.243138578673,2681.19323010626,3.0,34.97280599943375
3062,560.7906915530108,415.59065950033585,3.0,34.96477964910789
3063,7595.585748866934,5520.3588258307645,4.0,34.93567051274763
3064,6021.479288309682,2542.101001732924,2.0,34.923424770953545
3065,7731.338557678354,4290.5320372949045,4.0,34.88019825868856
3066,6558.687348588617,2364.1633613614476,4.0,34.868334279121854
3067,8965.928547079107,4634.738166421824,2.0,34.865655187593035
3068,4506.080262787396,4356.60921889111,4.0,34.86465880066977
3069,581.521558430461,1530.6421739344278,3.0,34.858893195412605
3070,7301.690007644511,394.97563682784016,2.0,34.84618893748029
3071,7603.452918240666,5799.596989647083,4.0,34.82446405241197
3072,4351.542790712286,6225.159592499772,2.0,34.8236673379302
3073,4673.382980987522,2752.280398828604,4.0,34.80840744930707
3074,3149.693910484465,6380.700641982157,3.0,34.80776732582676
3075,5829.08899643335,5132.638208544361,3.0,34.80556493624558
3076,8466.452744213031,241.50608168298,4.0,34.79277259932725
3077,2261.4447675083898,2726.380923985488,4.0,34.77001210368631
3078,5184.230625717139,5404.081483836299,2.0,34.701030982147074
3079,2828.3911772546535,5511.932653308855,4.0,34.696174110964925
3080,3878.1373119570962,2637.0397951886453,3.0,34.69196979629794
3081,5250.901530694293,1787.5362976901088,3.0,34.66506823300347
3082,8920.172912421736,3407.4453776267515,3.0,34.60030635828092
3083,5586.413521621175,1173.3109964641278,3.0,34.59749720485568
3084,8374.268688530796,4200.864575839285,3.0,34.57475482740484
3085,2127.3896645645254,1505.468698888036,3.0,34.539457818677384
3086,1327.7677827730404,2226.021090047797,2.0,34.49080991078849
3087,4218.273653800595,1743.7852468255746,3.0,34.47582050552603
3088,6801.318360181089,2892.4718979841273,3.0,34.472971586520465
3089,7843.559017230589,1054.9621933964825,2.0,34.47111945747514
3090,3595.463252042407,5101.672516014585,4.0,34.45710027487368
3091,2616.5571039925576,1674.0118698495528,2.0,34.45358705224497
3092,7203.411470354477,2432.555858820551,3.0,34.423370662499046
3093,133.93554685628678,92.22656155530146,2.0,34.40301724743598
3094,901.4279980444338,4136.809798229647,3.0,34.31506067584805
3095,4966.124810666248,2212.7070126203225,3.0,34.29616013646982
3096,6621.426996733824,5602.0439394310415,2.0,34.292305187005226
3097,8484.473281181758,2233.4157445271335,3.0,34.27652971672556
3098,1811.3348169021392,4724.540719266741,3.0,34.219221985296954
3099,7143.7318097952075,1281.625548329076,3.0,34.18675959254395
3100,9009.70970248878,3581.787297769478,3.0,34.10644295779415
3101,2648.614258972873,3203.7277390856216,3.0,34.10034951252383
3102,4055.1892190867825,3593.5997510841385,2.0,34.06352909832859
3103,7422.080936540532,1621.5899139108787,2.0,34.06103309099414
3104,4654.411838836979,3021.238666597292,4.0,34.059212651628194
3105,6153.543844348627,710.0805636757475,2.0,34.03985603793064
3106,5474.846354811584,2797.650798623292,3.0,34.034538827837125
3107,4898.114624140976,1889.4705241607326,3.0,33.99235656933671
3108,4002.070023370121,4168.036955496428,4.0,33.987860286282405
3109,3849.866539207765,3717.9952676327234,3.0,33.980835071811796
3110,2263.40059017317,1613.4433265046755,3.0,33.96849611385604
3111,6623.73313747738,3787.0364542787047,3.0,33.96688441793423
3112,2543.103370785157,4591.582224022467,3.0,33.96196744777476
3113,6585.563962976484,2893.8792531124127,2.0,33.93638840053548
3114,2378.097908221727,5060.450280889079,3.0,33.91625447569194
3115,8123.951305259052,2154.2732292211267,4.0,33.90010447974613
3116,2115.2685605958477,1329.1131203629125,2.0,33.89734621474736
3117,4727.684995772119,4203.354976474694,3.0,33.88168029594323
3118,6686.382712159014,661.9743222622258,2.0,33.856713523910614
3119,3991.2491673289783,1333.4139009874666,3.0,33.854546368437006
3120,3901.443095749321,3342.2150204716886,3.0,33.80339624225244
3121,2482.6790019909727,2193.3857783965914,4.0,33.792511747380146
3122,4176.0423697943315,2112.40289154909,3.0,33.74311452141613
3123,4648.3878327149105,2919.70673239872,4.0,33.71016169257334
3124,4402.988588729624,4443.785547653893,3.0,33.70260480095426
3125,4176.423827083729,52.80450603384153,2.0,33.69648381235774
3126,8649.026203097597,6090.1694921892495,3.0,33.6738235032062
3127,3162.228475637221,1053.6441832034086,3.0,33.65216541016257
3128,5866.14480132096,2974.9079805865185,2.0,33.624524003454844
3129,2775.3332066404673,2778.5259191805903,3.0,33.60424932036223
3130,3508.5504831165804,5886.044618495587,3.0,33.58553029968202
3131,4114.894117664053,2454.3926522806732,3.0,33.585248854452374
3132,5947.55332126099,4005.226188381513,3.0,33.58318347966989
3133,1407.02070796041,6303.614596866896,2.0,33.56657824888312
3134,5996.958098411256,500.78861017414226,3.0,33.56523897137506
3135,918.7405787044797,2517.524729450479,3.0,33.55212190131072
3136,8799.844068247878,2345.0572001181044,3.0,33.5345523753442
3137,8096.139944336665,2437.7212110767337,2.0,33.5332331735058
3138,7427.067011796428,5460.80940305064,4.0,33.50952509621458
3139,2422.0671128236736,4593.559175924778,2.0,33.48930812512417
3140,7481.379205119108,3116.0160681019897,4.0,33.4879774437187
3141,3318.3915880576687,4379.827530456268,3.0,33.464086915735315
3142,717.425239814758,2237.1135362259347,3.0,33.45164270434574
3143,3735.3422148950976,4960.20250192335,3.0,33.45116769422952
3144,3531.8545513286667,5819.440028426156,3.0,33.42528367561059
3145,8045.611191965147,197.5617619228831,3.0,33.38343816005525
3146,7430.297247887521,5256.984532843719,2.0,33.34900067509025
3147,5365.278966248347,5636.742924869167,3.0,33.331933871882526
3148,8688.722704884987,2949.641069848112,3.0,33.32677175838914
3149,6359.271505736978,3035.405917889645,4.0,33.29165323397645
3150,3668.0765983651045,1673.6860488272846,2.0,33.22125652668455
3151,2286.803999706316,491.30870451245755,3.0,33.17997740474178
3152,2134.3880756802037,651.6139075666458,4.0,33.17587357285386
3153,6968.023107489964,4171.42514641434,2.0,33.17554007468853
3154,8454.40410095639,2214.354203998833,4.0,33.16766713336634
3155,8426.591727886274,5294.782625150055,3.0,33.16508438783891
3156,8714.251940598097,4319.4319821344125,3.0,33.15431698803291
3157,3909.1689949352485,5234.0241171989255,4.0,33.153017209253285
3158,1181.0597269206517,293.50846926038037,4.0,33.152797942909956
3159,3779.338376942212,3761.4352208414443,4.0,33.128710432068075
3160,8657.948809342959,4328.694094784846,3.0,33.125595869738554
3161,5185.870973471621,540.7483342673925,2.0,33.119613185982864
3162,6923.426916425234,4271.232945042746,2.0,33.10778538386654
3163,6285.608461147081,2558.4592397865085,4.0,33.09022207210464
3164,7699.1980351532,53.5387047758595,3.0,33.07628567766343
3165,7670.194016828681,3744.5474455401177,3.0,33.067692423460336
3166,2033.0336125646188,3283.445895594293,2.0,33.06091448469616
3167,8606.118399195371,5060.5809972824545,2.0,33.01976355686017
3168,4520.050471572862,2347.4302638828945,2.0,32.97667172333142
3169,5627.379821456945,2572.993312291583,2.0,32.97062287334796
3170,5431.9687539693,6243.222687466141,4.0,32.970190868969325
3171,544.0124718367061,1217.491344502288,2.0,32.96998704816707
3172,7499.48350295978,407.4626885816417,3.0,32.968900915004795
3173,1325.169032811393,1671.5705665855314,3.0,32.965800568876844
3174,5750.711545165881,2827.9211496064563,3.0,32.96476018154545
3175,2482.986078936388,1354.995123363325,2.0,32.964137003624664
3176,6333.714159471985,3925.6837398210355,3.0,32.96339077268149
3177,222.59561783073076,3339.532750842562,3.0,32.96251470071926
3178,5433.823187788839,4038.6180481572114,2.0,32.956776206731746
3179,8686.933608444495,2703.4927760857386,2.0,32.945944986682164
3180,1349.181522844488,4245.751086938832,3.0,32.93973269077023
3181,1095.1844615140583,5890.538413268791,3.0,32.89779412683232
3182,6179.281588926843,1818.7400056938268,3.0,32.88760178041515
3183,2954.1538516108403,1195.928738146883,3.0,32.84331172214281
3184,8346.354965336468,1323.3653217659294,3.0,32.817465134985085
3185,3885.453577736262,1921.2175478194129,4.0,32.81600916702769
3186,4699.748995271412,5732.474135084555,4.0,32.80618385410013
3187,6778.611459455957,259.8377904575334,3.0,32.794073077947814
3188,6162.661916111767,5266.096693233493,2.0,32.78818547274011
3189,3646.6333147789046,6361.908136836663,2.0,32.77853642574633
3190,6269.228337959208,2268.4262817507474,3.0,32.754598790131986
3191,5728.41838423281,1527.5865442113077,4.0,32.75162310438979
3192,517.5644227693908,6221.512487597915,4.0,32.74843652677042
3193,7265.352650212428,3619.48404383666,4.0,32.74279053643997
3194,2753.3810431004003,1517.4187625888312,4.0,32.691760663444
3195,7160.778820225346,5010.333079428385,3.0,32.66271434069149
3196,8400.621861162246,3850.633711799475,3.0,32.626862752064426
3197,2628.6346391534676,3678.1849885330157,2.0,32.62404028882646
3198,9523.559912708457,979.599593928062,3.0,32.593485155161275
3199,5789.614147603631,804.0293292945186,2.0,32.582808581071085
3200,9050.45462900092,4625.007183241962,2.0,32.57412659699655
3201,7702.405212050722,570.6323411644753,3.0,32.57044373266175
3202,2294.1296305057367,3109.645334100105,2.0,32.55663681791816
3203,2188.782937590972,3210.3295096086053,3.0,32.546454840502165
3204,1635.1326457419707,4932.724457071035,2.0,32.537270632345894
3205,2038.065981146817,3035.682254734943,2.0,32.526965572135886
3206,4206.317111214513,2765.926887948461,3.0,32.526020995691596
3207,5568.485584877423,6363.862962220375,2.0,32.496550397706216
3208,4846.150196867119,5684.020974280897,2.0,32.49459353761356
3209,8104.063549522268,3913.1768201937475,3.0,32.44477788506151
3210,5447.955885149776,4615.482133117931,2.0,32.43929323655294
3211,6150.058523226346,5173.282131092848,2.0,32.426694727249256
3212,633.4601457190811,4666.112738613525,2.0,32.42297984425048
3213,5284.242113475747,3049.429432538587,3.0,32.40590275041868
3214,3678.609124070123,6280.307053770002,3.0,32.40122964022812
3215,8544.88249562942,6034.659849559928,2.0,32.389798337444454
3216,7430.421925938241,2864.0421055188467,3.0,32.386624241325364
3217,3397.3297663126277,1199.2301563347035,2.0,32.363974794637684
3218,5348.52392338191,259.7908114072532,3.0,32.35836677199658
3219,8970.148835230568,2767.4172482231097,2.0,32.340143207783605
3220,5385.354226619573,2326.933773924831,2.0,32.33842251350646
3221,7413.369015834731,2143.8295138521266,3.0,32.334753196249736
3222,4244.659351720852,5441.270075716708,3.0,32.330381331713994
3223,4977.4633279482605,6293.348597930188,3.0,32.317962147634034
3224,1081.3179574900928,899.8164170582133,4.0,32.314929217008
3225,1112.3632408378714,3331.610792743986,3.0,32.31441232394886
3226,8245.131753021871,145.51272009251824,2.0,32.31355429583382
3227,8135.85532399313,5313.862473891373,2.0,32.29763056717157
3228,1636.3930751588202,5737.118962726658,4.0,32.29619583829848
3229,3074.328095959106,2900.791096708223,3.0,32.29148293292912
3230,3024.5186616491255,1841.3879739398958,4.0,32.276649432054406
3231,7324.084450359125,4755.604617062769,2.0,32.25018711536483
3232,5791.820480186406,3510.074345758826,2.0,32.217576979524196
3233,3508.429359734913,4392.438083064691,4.0,32.20717435081435
3234,8785.360865114912,6237.571642576011,3.0,32.19920426165456
3235,8647.275027243628,3222.1163150873313,3.0,32.156203472605604
3236,2231.6467185674,3653.4869544105795,3.0,32.15121072806336
3237,2171.4263510346273,2161.1194770801135,3.0,32.148615364088116
3238,6857.599835412077,1593.9199330202655,3.0,32.14204921122005
3239,5652.48196854608,1927.3631520105178,4.0,32.12125115105445
3240,4939.24946704068,3162.013515393789,2.0,32.116289048146434
3241,3513.6907555157745,393.1674781618494,4.0,32.05209415252631
3242,6205.447127278543,4429.913672298234,2.0,32.03760908287511
3243,4152.250998742231,124.96776626613769,2.0,32.035471329888274
3244,6181.825594184691,3057.824635074892,2.0,32.0227274896012
3245,3049.7001007342988,4673.401935663909,3.0,32.00779177936951
3246,2548.442081230084,2199.7834781840966,3.0,31.988717199721325
3247,232.08141907108362,5140.593400602614,2.0,31.987858469703703
3248,4438.0369874885355,1105.46985763341,2.0,31.973170884829333
3249,7157.9144970248335,4157.475754117661,2.0,31.958870450372455
3250,5897.864140245554,829.76358133338,4.0,31.938957213788623
3251,416.2202490020153,3043.2787538660964,3.0,31.920008258290864
3252,1878.045446324896,4013.6450228724325,2.0,31.90080999526616
3253,5926.396694229148,5550.714248489344,3.0,31.887222355924624
3254,8070.021108709698,5612.44773646644,2.0,31.885728592702623
3255,8237.401837459918,5363.8003646841735,4.0,31.877073917568474
3256,6427.501214486663,5480.860984987743,2.0,31.82657245362338
3257,9345.65880719323,5420.476053955816,3.0,31.791702815256645
3258,4332.549532476523,3831.375316487281,3.0,31.770852027797655
3259,7107.587198334794,5749.028891547625,2.0,31.766680611764837
3260,7731.301371807123,6211.5736659331105,4.0,31.76095874382134
3261,1997.0333309077632,2165.0009600400226,2.0,31.753226226178988
3262,359.8306126747825,176.64803258558314,2.0,31.747901957178744
3263,8846.855224789042,4377.491085928581,3.0,31.72578367161672
3264,2152.0153870064523,245.01726738329353,2.0,31.71832775122852
3265,5497.399348478987,3936.786838960697,3.0,31.702446091961907
3266,5966.715454498658,5594.778651460991,2.0,31.69235061898194
3267,3827.2729408010505,1169.323418656709,3.0,31.680448991859556
3268,3275.1351918098294,1798.6519977323437,2.0,31.66115162520874
3269,8646.439196421967,5958.964912096185,4.0,31.59299939539792
3270,9029.787441594235,1979.5254639125567,4.0,31.587065020040548
3271,3524.073361273475,5049.539301772285,3.0,31.58255189889627
3272,3550.0027164465314,1503.8206502866326,3.0,31.575367265794043
3273,6441.565301638556,2071.5329098262587,4.0,31.563684061541764
3274,1898.344676114052,2616.2073762002033,3.0,31.552631367400178
3275,7008.706756120179,2930.1487246151664,2.0,31.518965644472118
3276,6595.184667656216,5570.86367669372,2.0,31.517448864529335
3277,3971.768146562354,1914.3790201014026,3.0,31.512659913546358
3278,5847.49645185665,3256.1992097395187,3.0,31.508405665596328
3279,9486.779320641366,1715.2154828873356,2.0,31.49872506018188
3280,8219.040834618085,3436.4047783394913,2.0,31.49458680776112
3281,6319.585622659673,2271.101902568839,2.0,31.44175507913984
3282,627.740011122187,1725.2674663610212,3.0,31.43569972551002
3283,1151.2109457441004,5969.598295415982,2.0,31.435268028443417
3284,7540.186096736578,1957.5153947633448,3.0,31.422663438677294
3285,4223.338913797297,2383.600814811787,3.0,31.419205157914515
3286,611.3985583973217,1066.9482143515618,2.0,31.40519681167085
3287,3169.1897700019276,1132.8814152987518,2.0,31.405193241200713
3288,3198.4176259142982,1465.0521195367896,2.0,31.389701163294824
3289,7586.570842507368,5859.5565847986045,4.0,31.384003649895973
3290,3173.441564986766,4877.627582767802,3.0,31.37626669683242
3291,3315.4005235982872,4521.06268926736,3.0,31.370045315733343
3292,5542.558193949834,2935.8987507093475,2.0,31.361917733994016
3293,531.9828988459194,3671.310801676811,2.0,31.32198283089423
3294,1681.90250485658,3421.8071155963416,2.0,31.306042458093074
3295,8114.972311066998,3659.5847703881254,2.0,31.301485495251704
3296,3437.162025337939,2149.3935216353216,2.0,31.292468320453764
3297,4578.329962512729,5101.121323441444,2.0,31.24374066304222
3298,8395.432084473123,133.03807252453288,2.0,31.23104996532759
3299,2386.38743104691,4543.9802177349375,2.0,31.225530158836037
3300,8480.730310335994,5640.6554690472585,3.0,31.223246912896247
3301,8289.747571147327,5544.85601567283,3.0,31.2167828308803
3302,9229.62406513803,2156.713791116451,3.0,31.187629547203738
3303,1908.222602573442,1298.9541485230886,2.0,31.185417224035092
3304,4615.1644390383735,4002.825950536131,3.0,31.173099571072388
3305,1890.6004527274938,1278.8146619155182,3.0,31.169769942095936
3306,562.6418764639343,2433.695859515379,3.0,31.144573934742304
3307,1672.1706066888987,183.19143684969546,2.0,31.14441259030133
3308,1018.7014047496018,6159.77508537171,3.0,31.143847395953223
3309,9381.511485046552,1628.9403316902233,2.0,31.128832452452524
3310,9017.83322333822,892.137014398436,3.0,31.11329764608458
3311,7947.253526891523,4985.45401020131,3.0,31.11287042182781
3312,8119.331405069187,1031.192753368342,3.0,31.11222668125056
3313,5370.715109046502,4510.025239097313,2.0,31.088001114314196
3314,3165.3177032321437,3689.9792693059517,2.0,31.082413154639333
3315,6721.301056160546,3711.134714282136,2.0,31.074910205248305
3316,8977.035464086126,2273.845056532053,2.0,31.070485922271587
3317,3184.979531778105,2930.3695917508544,3.0,31.017755236032592
3318,6278.181459966103,4281.196538365224,3.0,31.017728438100107
3319,9098.183430778226,6217.524625494189,2.0,31.005935659203786
3320,8731.119621365151,2054.53497896075,2.0,30.993559041907844
3321,4257.559697805046,2019.2427181279847,3.0,30.965025043679603
3322,3441.2893222050684,4791.674650945806,3.0,30.961752518882346
3323,6782.45954525098,5109.337302768425,3.0,30.927303649826825
3324,6886.525595175662,3872.3074827250366,3.0,30.920095709204823
3325,8649.344067634484,597.495899972932,4.0,30.913878078780375
3326,5347.011500359323,1259.2774617004832,2.0,30.911330437168182
3327,4175.338059022401,932.9581123646781,4.0,30.90576792933187
3328,4192.585364074688,6038.45118474481,3.0,30.892733313748117
3329,8235.67993972182,2891.06934041316,2.0,30.874168021154496
3330,7711.459954027569,3779.632538483609,3.0,30.848875556043783
3331,4536.693463871194,1672.7025395740072,3.0,30.840695974709643
3332,6532.274344438771,5023.140413299176,3.0,30.82805596258771
3333,9154.72864561084,1591.6378685286588,4.0,30.81935937405611
3334,6565.129330476423,3106.4471043430867,2.0,30.812983829050243
3335,1472.234476829146,4303.342477110659,3.0,30.80243616597291
3336,7868.67493064358,5197.163382365491,3.0,30.782690922156448
3337,4070.07807319681,3785.7471758511374,2.0,30.774178925281902
3338,1655.9209422333881,4615.2481687128075,2.0,30.77412410356467
3339,9543.241466475398,47.70823566861111,3.0,30.762487155811062
3340,3677.7859305517227,5529.906173518311,2.0,30.759858491920188
3341,5409.140063103358,1934.8800418077224,2.0,30.75207789835092
3342,5887.42408763092,2235.2859844489103,4.0,30.74719446885591
3343,7378.297692217376,4219.05307469576,2.0,30.746077259336786
3344,4334.503384494537,2505.9915734993024,2.0,30.720559101408966
3345,759.0742462598263,4872.571320273747,2.0,30.716234226881173
3346,4680.471692973335,3506.7873718882843,3.0,30.701902021332216
3347,9349.644517603054,2903.0106862656085,2.0,30.6796687950337
3348,2944.0614541796976,5680.491481817109,2.0,30.64983887957833
3349,5900.497251789531,3728.4755289837444,3.0,30.621197662600224
3350,5195.991390652228,1292.4482405309097,2.0,30.60905114403962
3351,6708.351604882356,4005.590833926858,4.0,30.59588289102418
3352,4816.445571423728,3964.4869201853035,4.0,30.5913648804106
3353,2532.97669967444,3547.8332635230495,2.0,30.578797889588785
3354,110.33032852451902,5599.71196735806,3.0,30.537288540119587
3355,1180.5933353128303,6137.620729619219,3.0,30.5314848627015
3356,7839.574296698372,1346.9140387427146,2.0,30.498627687172643
3357,6750.045981592477,5069.526569442347,2.0,30.497836264039055
3358,3984.6932534978964,2963.2002609206947,3.0,30.48296959460231
3359,7097.458588877561,954.5901056751613,3.0,30.471915028943545
3360,7785.630359673001,3517.3511092901686,4.0,30.46119805912102
3361,4754.337946140242,5403.411890769843,3.0,30.453956801693327
3362,5342.955093729609,5497.430829844999,2.0,30.442777750621485
3363,6172.048598758561,5103.441541682078,2.0,30.442016736517253
3364,1097.3609697275374,682.0833549611351,4.0,30.440728766886483
3365,4868.396712293556,4955.107167629243,3.0,30.42665618192881
3366,5374.967261447795,135.4300228559512,2.0,30.42280445576467
3367,6949.388740536822,5695.5533714062485,3.0,30.42206484887091
3368,4628.355304717809,4675.77681734753,2.0,30.39751644457228
3369,7427.342189930432,1573.3666426705786,4.0,30.393195465306782
3370,1929.8579389656265,5444.636504074135,3.0,30.37956834604699
3371,1446.378971972274,1397.2803255620609,3.0,30.37949389086114
3372,3952.174747013693,4465.538029026678,3.0,30.37107000951515
3373,2918.4452313094826,6319.046494859646,2.0,30.33539085743343
3374,1175.0757606362024,4771.278640773639,2.0,30.32208406752759
3375,5051.987581218139,5947.412452077053,2.0,30.315584181141556
3376,5143.722399254949,2309.1948652930873,4.0,30.294905535520932
3377,5301.583164127002,2170.0131225422924,3.0,30.293223744635252
3378,2216.2603752573523,2619.374965947096,3.0,30.279825191983328
3379,7115.708395442877,2761.934022015904,3.0,30.269139312376588
3380,4529.76644878271,791.5356092514079,4.0,30.233100206971816
3381,341.2749157749392,1331.5137469497322,3.0,30.210584753541795
3382,6429.0786572470015,4510.8766475569955,3.0,30.203905177858857
3383,2292.577600151941,3005.4595161947373,4.0,30.196975825850597
3384,5604.356087454439,2165.316084406299,3.0,30.189187322309035
3385,7121.513235807443,3494.1194568239457,2.0,30.178621219210385
3386,5024.983608547707,1447.7392389744066,2.0,30.17841370317358
3387,3657.523089348911,1553.409487122436,3.0,30.177078553809853
3388,8540.610934938568,583.0615372936072,2.0,30.17170192676871
3389,334.97375363275705,3973.5248147525526,2.0,30.143886734526994
3390,4332.491121622207,194.97929646304578,2.0,30.137701336817138
3391,6708.228774548863,3376.872730603812,2.0,30.124852814486644
3392,2380.162556368641,4547.4894489044655,2.0,30.087138308168868
3393,8232.99315348585,3103.397109291269,2.0,30.036994338266325
3394,9530.272085669376,2561.3449090045788,3.0,30.036170146047624
3395,494.88744495691304,1556.1673325303973,2.0,30.03607972886027
3396,9051.934995160533,4505.712409489893,2.0,30.027726639349606
3397,1629.3763929726979,3861.054413576697,2.0,30.021866840661563
3398,4533.274188152455,1186.5282239717978,3.0,30.021598493593977
3399,772.2792609800593,5111.510618431007,3.0,30.017160860617945
3400,3083.4392562410926,1635.1264718710988,2.0,30.009533539334974
3401,7238.610564163902,750.0592863923696,3.0,30.001951584966825
3402,4851.752825441984,4294.476847527921,3.0,29.973859037666543
3403,2454.354855233909,5164.32302267268,3.0,29.9711389231661
3404,4774.738563794859,6193.645075828346,3.0,29.95749366654911
3405,5761.265114892004,1128.9712863737316,2.0,29.949651550376675
3406,7932.281695019422,3284.404048006714,3.0,29.93575863338829
3407,1078.2978557423248,5433.1277115370285,2.0,29.921852613629916
3408,4933.402068367927,4044.413749261294,4.0,29.90379031635126
3409,8424.973738500874,1291.2644604366437,2.0,29.86429373846753
3410,4202.566879951603,5220.506498005628,4.0,29.862370050082784
3411,969.3865289628104,3139.2104965535646,3.0,29.856315313295223
3412,6023.24021120686,5070.833232693384,3.0,29.829541607334917
3413,3813.166108619461,5517.404814125439,3.0,29.824130158067703
3414,2656.242919406001,737.1987242542822,3.0,29.823369508203754
3415,3693.3158416490137,2047.4886758461982,3.0,29.822035933565424
3416,3056.116002586821,1320.0380312315713,2.0,29.811235791002993
3417,9185.331795971068,5484.532188441307,3.0,29.806849320789325
3418,488.475396785234,459.13430753308273,2.0,29.787681479561858
3419,3505.587872104629,4591.178150142877,2.0,29.77313308353158
3420,8223.67406875527,3214.0184844788473,2.0,29.767263681947924
3421,7664.503586638479,2337.4713240217934,3.0,29.76210040507396
3422,7874.431202741606,103.5831791636224,3.0,29.76088742972381
3423,3136.1786727382523,4275.193316274263,2.0,29.750592875156237
3424,5061.120351940597,6361.8670397940605,3.0,29.68609767403456
3425,7123.49555505054,5138.6385126889445,3.0,29.67588833033369
3426,8868.100751225958,4481.876543662473,2.0,29.67091985448132
3427,5890.931960112315,3441.6094122590157,3.0,29.661978356829653
3428,2582.349103237776,1931.3401739532123,3.0,29.654130843486943
3429,3679.267149740688,4091.854778163359,3.0,29.65301843772879
3430,2838.09844393925,2447.5578523068475,3.0,29.652977218765827
3431,9532.279969065894,865.3238954956819,3.0,29.63951097009407
3432,6185.034864328276,4553.574784915405,2.0,29.62496862301457
3433,4092.4574751014156,4598.870411104699,2.0,29.58350448280685
3434,192.28790006954154,2369.168616266516,2.0,29.54053264054597
3435,9096.390447506597,4870.751911725636,2.0,29.539035300582103
3436,6635.003394283695,4275.492908113916,2.0,29.529690799314906
3437,768.429835384308,695.803686421866,2.0,29.52127519012909
3438,7964.579649193413,3200.872529307017,3.0,29.51110813479524
3439,5171.396064895644,975.2749209578559,3.0,29.487986779368864
3440,1103.276709489924,1675.5626776835816,3.0,29.477189826613937
3441,7505.575839721647,6281.476255303294,4.0,29.47275325228111
3442,3149.465404875301,629.7631155350582,3.0,29.450035308058926
3443,8463.35540266344,6125.11539965275,3.0,29.44076257394942
3444,6191.982978435356,5291.298482943154,2.0,29.438054025982243
3445,4250.2901711442955,1769.256638330641,3.0,29.428988075576328
3446,4399.017536699635,3905.439061746247,2.0,29.422273270832168
3447,8985.467706163588,1273.811711126683,3.0,29.404558684985172
3448,4049.461144879788,4693.035370795352,2.0,29.401547165271865
3449,781.057252726828,3988.332476045706,2.0,29.39768412613171
3450,4387.423393104672,2179.2422651656525,3.0,29.396023295054405
3451,7459.486186713043,3901.703979191072,3.0,29.393428194206685
3452,5622.9573689255785,1910.3056383619712,2.0,29.39340457437662
3453,7236.206450044037,5029.403005385275,3.0,29.38516925194363
3454,5242.366394082758,3766.0794978019153,2.0,29.371604291547843
3455,66.31326409500147,595.5075163057745,3.0,29.37117300042165
3456,8482.471278132369,1592.3078927305478,3.0,29.359910038689407
3457,3924.580273393694,2703.7362493996643,3.0,29.358982680000096
3458,1227.0997947862745,3457.7173254190247,2.0,29.35256233265906
3459,2830.524601301001,2981.6383721643956,3.0,29.328371796233665
3460,513.6650138524674,6123.492391509405,2.0,29.32789239604544
3461,6988.439939378678,1869.56447291889,3.0,29.32508807184719
3462,8004.162065212925,6013.2736573922175,3.0,29.307089457808917
3463,2108.055046101849,2803.048107954945,2.0,29.30232370362494
3464,7447.568853586866,5171.436250002313,3.0,29.289691159712046
3465,5517.384258749802,981.9366844901335,2.0,29.285339586940005
3466,5675.354521371091,4691.321819790745,4.0,29.25025020039526
3467,8313.574991968067,1787.9620150014014,2.0,29.244270413390478
3468,7637.719564728294,6219.489623824903,3.0,29.19148398935664
3469,4025.527714214493,4299.16398757394,2.0,29.18701182426354
3470,739.5253126637818,3583.079853695049,2.0,29.1696421197827
3471,2692.530194285201,1340.8456174201037,4.0,29.169157252785556
3472,3822.617526156025,6363.5028215199,3.0,29.163686846796725
3473,8939.418700717344,1733.8047174134963,3.0,29.157993798588002
3474,706.0530349737935,5842.687148154662,2.0,29.15603930753466
3475,989.4697806270433,4702.985554012188,2.0,29.15390291963522
3476,1116.2118202366694,1655.7148011768882,3.0,29.14863381275968
3477,85.15971277158387,3754.0711401819212,2.0,29.140033523722153
3478,5134.654594501343,445.8897250250834,4.0,29.13020983063511
3479,1793.3826513981346,6369.382039448988,3.0,29.130145765230726
3480,6271.250377497065,1130.9465324947316,2.0,29.125351345360805
3481,6877.135381405005,808.498092816055,3.0,29.077525121776723
3482,3232.243922833011,2815.611764880946,3.0,29.066826029771153
3483,4973.18325323232,5693.612932692803,3.0,29.043634932887944
3484,3371.0139720367106,4276.348208719532,2.0,29.034497542859715
3485,8122.038650894204,6163.51777055377,2.0,29.00905533612967
3486,3146.928602574108,4671.456525734405,2.0,29.00350087074783
3487,5506.971549386252,1205.0969713979366,2.0,28.986804681478752
3488,6015.745817690524,2999.3677228315414,4.0,28.972556519978657
3489,1959.3991093333334,4571.115856421077,3.0,28.967188546458743
3490,4155.349389181171,1963.715929661989,3.0,28.965738683397372
3491,3725.05145017326,5044.618620542957,2.0,28.957768129490987
3492,244.69138627415384,3053.348621535333,4.0,28.951765182289396
3493,4156.605844318879,4231.580255056996,3.0,28.94415776303205
3494,3526.1822454010858,4727.3927277044695,3.0,28.901277456598702
3495,7978.321068961112,2119.665343555642,3.0,28.865358329827234
3496,7303.322853127189,4575.210711394016,3.0,28.858299741036475
3497,7804.500958875621,3445.306401930891,3.0,28.843041733290335
3498,8587.228780803029,489.74010180031377,3.0,28.841020098663904
3499,1610.5760570123316,3455.9092843974495,4.0,28.829609615735013
3500,6994.262920027369,1783.340872351916,3.0,28.809776867343707
3501,2267.3627000325937,2550.0022068393605,2.0,28.80137511874688
3502,9150.04501640161,3665.2299064291983,3.0,28.79167902262943
3503,1224.3874467792637,987.4136235655086,3.0,28.790183161730944
3504,887.5837282276635,4756.865711049721,2.0,28.784703581370827
3505,9551.797743391819,4939.934904393139,2.0,28.7640808465981
3506,4073.08258694708,4029.59387114052,2.0,28.75289325003879
3507,8910.663442403464,4675.369691366312,3.0,28.7423369909672
3508,8058.430785904892,3064.9769136078853,2.0,28.732483643218377
3509,8122.857392382722,4450.998277597764,2.0,28.73170040965094
3510,4973.39394883037,4012.909367963178,3.0,28.723365749122248
3511,5004.306113936283,1421.4450830272563,3.0,28.71880348419927
3512,7186.765717660498,4967.400379987075,3.0,28.690018501937278
3513,6451.744032793204,3818.1959705361805,3.0,28.688314937946533
3514,3994.424265178164,1372.8894374750616,3.0,28.682605328971455
3515,8746.016872266397,2232.631782394339,2.0,28.678315190960436
3516,1662.3415203275733,4871.415246042661,3.0,28.677102950017932
3517,7329.651553355321,1277.3281808446402,3.0,28.6720168563414
3518,1759.3867207559354,4449.108255365084,2.0,28.661810247860085
3519,5176.342508969323,4621.909600263386,3.0,28.613281170227093
3520,5314.353397144661,5779.585169106577,3.0,28.60592742972086
3521,3660.0588262412157,5669.509659239991,2.0,28.605592319681186
3522,7854.206516423674,6004.316890234581,3.0,28.604486219749482
3523,1174.056228598427,3878.5163092301323,2.0,28.60005605991704
3524,7979.841324352506,4568.388931824152,2.0,28.596230913253486
3525,1540.0844835435005,821.3159554023576,2.0,28.59240550556582
3526,4618.571827872218,4904.047943429772,2.0,28.549072996344258
3527,4716.591192903697,5195.627602804228,3.0,28.536655923740785
3528,2372.1851657186526,1129.310043879627,2.0,28.536039136733592
3529,9185.150397261203,2691.590166779378,2.0,28.534035413847413
3530,7911.588138278569,5236.253025710503,3.0,28.52106770623758
3531,8186.310210266075,3235.3437462559964,3.0,28.51918165223709
3532,3181.500963994957,6219.0529317235805,2.0,28.48700513163623
3533,4690.371113534568,243.53804591850857,3.0,28.47451730661309
3534,2203.4408701035027,56.18466847734657,2.0,28.471095295192928
3535,1179.3302385942234,903.2329168160284,3.0,28.439736762727414
3536,7068.962126736442,4111.614184844024,2.0,28.42791988794001
3537,7758.693218213587,579.6499554256404,3.0,28.415077125061277
3538,689.0015290045806,6231.383952705545,2.0,28.414638593404238
3539,9132.100370653483,4131.78456344932,2.0,28.400833652386147
3540,2753.001416017257,5833.524259527718,2.0,28.38197695615307
3541,514.3108416904695,3461.614717615433,3.0,28.37452611075912
3542,4311.342348746967,2313.8462186345537,4.0,28.372016209441295
3543,2719.3606172816976,3852.5742843030803,3.0,28.368684831565815
3544,233.1370256280611,3275.3420258069077,2.0,28.361309626313837
3545,413.19742129350453,4629.375810006823,3.0,28.35293275725448
3546,4233.992641568909,4023.5876508545025,2.0,28.333284795918637
3547,8147.253188175128,3059.674792908932,3.0,28.327637068946956
3548,9106.36046930288,1683.3589531513,3.0,28.322270595369986
3549,3372.029222519471,2203.2013973571707,2.0,28.31869722515592
3550,2379.283212525147,5631.312149504291,3.0,28.315116745841323
3551,4003.8113303057435,4790.352851549901,2.0,28.309209963312878
3552,509.69373692000266,1860.0289994488328,2.0,28.306792852554487
3553,2038.6397711218901,3364.1609125103137,2.0,28.302538283732982
3554,7471.907866258252,1046.541121575196,3.0,28.28714281331814
3555,4510.008792150256,4733.214290743675,2.0,28.285930579250216
3556,4877.649424154847,5951.563708141942,4.0,28.2837994527867
3557,880.9163644071192,3283.2682775359813,2.0,28.27409827862871
3558,8951.327157013015,1949.8123817622536,3.0,28.27130587514082
3559,6072.269256582682,4348.87633432283,2.0,28.26309098807673
3560,2088.9768145498624,1115.6805654501534,2.0,28.24918308680441
3561,5426.329269194682,1664.552712268155,3.0,28.240811009961973
3562,6863.366644078812,819.670728436277,3.0,28.240461271846534
3563,69.58247053725201,6008.084324990905,2.0,28.225694781604904
3564,5248.894073849708,4493.9253153379195,2.0,28.225319194758942
3565,1969.3898373838813,509.29048852011584,2.0,28.214358585929602
3566,8525.754070214396,2565.9739260257597,2.0,28.207868780268164
3567,8154.049054994254,1079.5167694312192,2.0,28.20167796289513
3568,1341.2104160335214,1661.4789145669706,2.0,28.187935826941388
3569,115.07882743113197,2359.574205019595,2.0,28.160440979113947
3570,204.32313645186335,4349.193379436893,3.0,28.15924895383275
3571,6187.249086093663,1077.3704109661833,3.0,28.132944639358513
3572,1143.4636156091926,319.4652608095926,4.0,28.096146951439316
3573,5142.364266548712,3255.47260184229,4.0,28.095198200384637
3574,2215.1930636903267,3985.138421510925,2.0,28.091809926551
3575,7085.387078663022,5295.312806098597,3.0,28.079728549084773
3576,331.7155645837457,1658.6442466012845,4.0,28.076773134936182
3577,4874.309914847025,2491.585088715721,3.0,28.04635508900286
3578,9505.000846468423,3758.826073428069,2.0,28.043890402644948
3579,2870.30246859244,1306.041013959779,2.0,28.039485882836377
3580,5564.475238799893,5712.894324740703,3.0,28.026482883797723
3581,1615.2495486529383,2335.544354157766,2.0,28.00262776605598
3582,8525.2455126923,897.6903092428842,3.0,27.983603636857175
3583,1986.1008010158978,896.4177207860805,2.0,27.982404197918985
3584,2827.5035338843336,3822.4836624685463,3.0,27.980022960628077
3585,4000.5204512859946,3695.3736219804,3.0,27.97657664298484
3586,3576.1195068752777,263.5185546587792,2.0,27.973258014554606
3587,3693.498094998344,3425.013146638871,2.0,27.970585305415707
3588,8807.312031994079,4698.988033204564,2.0,27.968111816272234
3589,3530.926615721882,3606.8086049202648,2.0,27.96341373474103
3590,9201.813653794721,4267.137715176484,2.0,27.95818283360327
3591,5860.157483642156,3223.041023215708,3.0,27.953700555535253
3592,667.2714782904347,1325.1675151329996,3.0,27.94367137293958
3593,9139.238572868584,1291.702552741194,3.0,27.938382668873086
3594,1508.1605015155299,3149.035448385344,2.0,27.92423823017811
3595,3943.32875158482,3063.0347692372957,2.0,27.922459605810957
3596,3512.9405571768384,2340.1073171113467,4.0,27.92097920245415
3597,1076.313068758436,6057.847117846845,2.0,27.91351391051866
3598,8091.76668531001,6196.236264589639,2.0,27.898303565001576
3599,6945.164055500942,3128.5411322090044,2.0,27.895806927655098
3600,1714.079752036243,1793.8226423113847,3.0,27.895543783583364
3601,2581.453208447217,733.2640274649184,3.0,27.878943744933437
3602,4764.554728104273,4999.92712226426,2.0,27.873284338908107
3603,6172.526228865841,4265.023902037928,2.0,27.864326692541006
3604,2099.424806764125,1247.4411840730031,3.0,27.862484935890283
3605,3254.769710395494,2033.3008336223943,3.0,27.85595057952369
3606,3833.8375494958163,5162.0373587131835,2.0,27.855399669111335
3607,7174.333986091043,2004.8835170253656,2.0,27.852106046034063
3608,5696.10183695333,3917.296156741483,2.0,27.84792953577541
3609,2080.0825022536133,3111.3063474472942,3.0,27.844065601893377
3610,7866.979322940465,5207.6303164410465,2.0,27.842794362890533
3611,4756.851108366336,2267.9287464549625,2.0,27.83455524119008
3612,6223.782280331871,5078.8895800635755,3.0,27.815256201459157
3613,2743.1170523712362,1254.6567364083667,2.0,27.814770678795814
3614,5498.9408312002715,1941.963837002076,3.0,27.802540385143192
3615,9022.368443384226,3507.830394227735,3.0,27.785200416944633
3616,4495.084591736318,5153.669729126766,2.0,27.774876376411346
3617,8513.174630487356,3929.1387130323988,2.0,27.77219749583315
3618,2913.166250096531,4645.7776374037585,2.0,27.761959183462494
3619,1244.1974856243646,3327.2154505561393,3.0,27.740237551304073
3620,4198.24570011197,5215.672898077617,3.0,27.739877838797902
3621,7321.851996587239,843.4996869393572,2.0,27.73943709008573
3622,4995.302264802053,5529.440468581911,3.0,27.73906279911474
3623,8571.366526275975,2577.005980096055,2.0,27.73427076061854
3624,4379.312846785256,2147.7789563216056,2.0,27.69341900555083
3625,4113.014769079137,3857.387891701661,2.0,27.68676655448314
3626,8865.359183818666,5442.989990134067,2.0,27.679253297107433
3627,8658.070704285465,4955.574290570396,2.0,27.677258282661416
3628,5027.292103616415,2741.3669845002855,3.0,27.675394449352822
3629,5957.141056611019,1380.9122706211251,2.0,27.673919595738678
3630,2747.1132417115127,2842.58959299469,3.0,27.664834448882388
3631,7245.56456445887,4021.0263069381404,2.0,27.651513932407696
3632,3318.519828430691,1039.4988215213737,4.0,27.636965268464362
3633,6545.881487221014,1271.8868016996644,2.0,27.626525721637996
3634,5523.710065320356,4071.2309413782796,3.0,27.607995330758133
3635,2802.4902460160606,1799.4921761530536,3.0,27.59584975648109
3636,5928.965792245954,1459.0869570399973,3.0,27.57893858058902
3637,5314.141208425808,4489.478716905384,3.0,27.566719552437945
3638,7295.462019969383,5339.648862245164,3.0,27.5550052699681
3639,5333.878606348813,383.1880575506127,2.0,27.552941338403137
3640,7748.4911608782395,1995.3819529520863,3.0,27.542731135039627
3641,6629.618977264763,2954.8898931701624,2.0,27.536118507912292
3642,4069.709725042883,6170.796656705974,3.0,27.526859304876055
3643,6403.809974726626,860.6628589113836,2.0,27.521355184514135
3644,9499.050031847497,793.5957393209327,2.0,27.518121419757442
3645,5557.3867704382465,1885.2520433232587,3.0,27.515906107838717
3646,6233.059997739729,4981.461779872716,2.0,27.506894564605012
3647,8673.325910874433,3541.4146161549056,3.0,27.493837836746
3648,3808.5553742192174,5173.661041483336,3.0,27.48898724437903
3649,7485.221897487741,3411.5873999251794,3.0,27.4640779992991
3650,3754.96649545149,4894.272213394474,2.0,27.464008434803834
3651,8259.02567221208,1185.270478299279,2.0,27.459662968211486
3652,4100.0416120084365,1965.693739102121,2.0,27.4548412805591
3653,559.2597074543314,4066.983410478918,2.0,27.45209501912915
3654,7643.900660271285,4111.326252055772,3.0,27.44201905875941
3655,2450.4253863732583,4724.974581935802,2.0,27.4416822478779
3656,1733.5720787413552,4699.959800652004,2.0,27.425080262585325
3657,6675.426605612641,6238.365439445008,3.0,27.41465481737697
3658,3752.589988433872,6194.816251795029,2.0,27.412794960269256
3659,2389.604359686504,448.53913036573704,3.0,27.40716351072901
3660,4250.416537086896,5405.208962637076,3.0,27.404818347346605
3661,4464.1072688500535,120.57521809127208,2.0,27.40294011939647
3662,1471.650598478996,3695.612525021381,3.0,27.40204137347473
3663,2933.729023246931,265.8605510913855,3.0,27.40129519718432
3664,1105.3561109882255,2241.6606643159425,3.0,27.3998660529339
3665,5610.16785160074,5767.643721036699,3.0,27.3976939237694
3666,3105.3241403406887,6221.224155989109,3.0,27.391110586956096
3667,6969.285934205174,4977.700745388068,3.0,27.38167506464254
3668,6564.271302697893,657.1224376568539,2.0,27.36305886703585
3669,7615.32506449819,525.4130189371554,3.0,27.351572501403357
3670,929.8047809688779,2492.8337573089552,2.0,27.34812491261781
3671,4371.901131124713,2017.2474447248376,2.0,27.346946932767214
3672,2528.777880361496,3843.326557873194,3.0,27.34455703875719
3673,9115.938411235198,478.98859319109874,2.0,27.340342979930355
3674,4565.418568211161,91.47306030358749,3.0,27.32922205601545
3675,5632.4757940015825,2333.3366269223975,4.0,27.32799165041379
3676,137.49079050111365,487.79579992472685,3.0,27.306619432642727
3677,8580.682199785317,6265.374960527968,3.0,27.30049259640203
3678,5105.32987354172,5035.23615670601,2.0,27.298357570319403
3679,6033.902168347885,3489.312288814154,2.0,27.289796227248967
3680,5749.156878263098,4979.494627126815,3.0,27.287720523162687
3681,2309.4796861037457,3278.226684705353,2.0,27.2689684556257
3682,952.428163467579,4187.230443582909,4.0,27.268558510708782
3683,4746.542710490047,2799.602511975477,3.0,27.265981135031623
3684,1908.046841194541,6271.930452360423,2.0,27.265073013738593
3685,5969.351968883896,2797.909079990087,2.0,27.25538235588207
3686,3293.7323258746433,1757.6995150257078,3.0,27.247339250918966
3687,3779.4113122840713,4695.929022699143,2.0,27.230065620770716
3688,7805.670507728354,3457.7910940260626,3.0,27.226077120729226
3689,4140.284130400934,2399.3658795548613,3.0,27.216310204256796
3690,1179.1531211641454,281.5499354055141,2.0,27.20468498996007
3691,8948.362503822293,2651.4987578819123,3.0,27.192005582914184
3692,5650.0613955624285,3359.302692379212,2.0,27.18688005754828
3693,2729.992471056712,1791.4318726490194,2.0,27.178523165021353
3694,8109.143411591782,6317.297771836981,2.0,27.174883373187534
3695,8127.0201247191935,4239.498025190387,2.0,27.166399530952088
3696,6474.394198196295,4753.446506172399,4.0,27.13270290152913
3697,8050.941376849153,929.3952680008581,2.0,27.120961055334572
3698,9395.57080523264,3371.4545582242067,4.0,27.118134623496566
3699,7004.976935168523,3443.5418430089985,2.0,27.11213065865738
3700,220.16892322684095,3213.779894824178,2.0,27.110612396809817
3701,7000.0959316090075,5515.674978055391,2.0,27.06522662306853
3702,6508.135611939497,1299.430578505769,2.0,27.04721454432157
3703,1496.4045078839893,1219.3366205590612,3.0,27.04273475676788
3704,6624.033913127386,3235.343631755601,2.0,27.021940177033375
3705,3350.10084082681,537.169622974681,3.0,27.020922609228506
3706,3085.2127501759837,651.5690246693272,2.0,27.020222815232405
3707,1487.7174032165833,1087.5516517187907,3.0,27.019618969052665
3708,6995.489673490395,2933.085799212524,2.0,27.0188472730964
3709,7885.341617419445,521.5114996956603,3.0,27.01175371655701
3710,4333.06892041569,4361.813129835538,2.0,27.006539028626147
3711,3427.691983752354,1101.1453435513208,4.0,26.99852444373895
3712,5942.431041207348,3579.365436329435,4.0,26.992848956176772
3713,2720.9148490696484,877.4928581579973,2.0,26.98501412945284
3714,8168.45414940616,4962.796908848131,3.0,26.95700913715371
3715,6772.067084022729,2183.3034851812054,2.0,26.929719362227537
3716,5691.943797626056,2212.1840733367126,3.0,26.924292703584452
3717,7787.656522782921,1070.0934521960992,2.0,26.907766968479795
3718,1037.8578738104497,2223.388784443476,2.0,26.905983394474834
3719,7422.372405897434,133.48907663594923,3.0,26.903763866997256
3720,7449.331963032029,1957.5637358523986,3.0,26.898721933725216
3721,7368.7036696336545,1243.6654897321705,3.0,26.897719340108715
3722,6467.349341585103,797.3005224955841,3.0,26.888498378884368
3723,8659.751851843812,263.62733107535996,3.0,26.887923388861264
3724,5488.0470002742295,1159.4369726930631,2.0,26.887078373394694
3725,6356.277674305708,1337.743621249746,3.0,26.883335180822918
3726,4158.829495057802,1248.140237195372,3.0,26.878772790951174
3727,2011.5710496892873,3893.7122425976268,3.0,26.875355884974642
3728,2544.707017298059,4934.293443435486,2.0,26.850483746562137
3729,5840.50429934241,2305.443778174705,4.0,26.841991446025325
3730,5641.866984104256,655.6584491521929,2.0,26.82060211834572
3731,9074.09702258004,2969.2202621150686,2.0,26.80285041651859
3732,1589.7915740342444,335.02689788713667,2.0,26.802531135278734
3733,7930.161456072215,2923.364945499727,3.0,26.793412604600828
3734,8626.062697186566,5721.59026184134,2.0,26.78693047028625
3735,2504.286855071816,4461.677287432992,3.0,26.78630739996755
3736,777.8104829449788,3488.874691160187,2.0,26.786190724554718
3737,518.2862928024027,903.5621439334993,3.0,26.78307577947604
3738,6835.391797331875,4059.5528303635606,3.0,26.774042256428263
3739,8715.073198942755,3853.0551041363046,3.0,26.77084245078926
3740,4008.445521728802,1414.782504344607,3.0,26.765410936234133
3741,7890.694748103741,1679.0882085154685,2.0,26.76503242794946
3742,8703.044205708165,1785.3456089588933,2.0,26.754585417040587
3743,9451.314894860967,4387.082275655579,2.0,26.74968952258001
3744,9379.486135987736,366.9877109888056,2.0,26.749344701643672
3745,3472.4249217400084,1397.6077077914365,3.0,26.74736766593137
3746,8750.376174117966,3555.1013149250884,2.0,26.73578736947469
3747,6323.3331276269455,874.9475523383857,2.0,26.72816631878993
3748,61.17099329992482,2869.6504208051115,3.0,26.701861903105808
3749,3518.439555446947,5317.055966379074,3.0,26.694934433144656
3750,6103.3624480263525,1649.5342636231578,3.0,26.69123274377339
3751,864.3023145963657,5607.292478861219,3.0,26.677709304941907
3752,7795.237444557156,5659.512146103921,3.0,26.674389140257723
3753,763.2624725346586,5435.177336034456,2.0,26.674028935035814
3754,6845.565841839044,1965.40179616843,3.0,26.66335390910013
3755,1031.7490232023013,4411.585212013494,3.0,26.632530813682294
3756,4120.10690086414,4599.17794171454,2.0,26.632006654293473
3757,2919.058329647453,1164.3514788000716,2.0,26.624724636388272
3758,9110.41717235586,1341.7325237484158,3.0,26.61946494294373
3759,2173.393501183666,1418.4775544792296,3.0,26.60641940621679
3760,7832.8079601810905,1882.520046152536,2.0,26.586404707636298
3761,5508.080878040637,4161.301741085503,2.0,26.583736282138993
3762,8855.415387897763,3571.8427054989725,2.0,26.571286254764274
3763,1304.2979269709222,5870.158772888484,2.0,26.55819551112456
3764,1916.4094098612084,3545.454046965111,3.0,26.548719806949276
3765,1497.329459986936,1265.4796604532983,3.0,26.540218945125556
3766,8349.02278393012,6219.331079299497,2.0,26.53924939810063
3767,3335.625049702961,4697.445127578352,4.0,26.538788665426672
3768,7943.351083555591,2477.326586782283,3.0,26.51513340537072
3769,8955.033470974231,252.38307538891533,2.0,26.514743955628852
3770,2042.6176525528492,1329.4823378927497,3.0,26.49504173050513
3771,9459.921491898995,5975.14291758029,2.0,26.494838988948466
3772,6311.588818990404,1122.9991347004352,2.0,26.492226201897704
3773,9252.118199516719,4584.787234477298,2.0,26.48945935028564
3774,643.1185759032438,5935.373941055112,2.0,26.481124086813885
3775,7758.0779933529575,5643.619475863826,2.0,26.477851511599226
3776,4845.415077362537,2975.5347972876425,3.0,26.474274466050513
3777,4916.545893769473,4487.606354310896,3.0,26.463886111729778
3778,414.37693645746367,2091.5822042601676,3.0,26.458133166894747
3779,1289.4280907662853,1463.6747943745977,3.0,26.45360878232657
3780,3674.4309368465833,1724.9775961280318,2.0,26.449630117571637
3781,3116.0730927684835,4811.637466045145,2.0,26.449251693490734
3782,4358.366200350495,1863.3084834903725,3.0,26.44473676505112
3783,8110.383419152284,2941.8249318914895,2.0,26.438099668331326
3784,5283.070986497373,207.32915637541703,2.0,26.434490363998428
3785,1318.3984117495424,1733.670275101088,3.0,26.433655622488637
3786,9367.950128715625,135.254013789909,2.0,26.429611294598637
3787,382.09143517003474,5153.578453149098,2.0,26.41727809992166
3788,4204.036536520311,5813.303722739245,2.0,26.41286028935418
3789,3535.275305188763,1941.9211017946393,2.0,26.41082207146602
3790,4063.039685261823,3145.1384482610374,2.0,26.406465181922915
3791,3128.7776864004613,2150.4890405953283,2.0,26.402346853117535
3792,7093.037314037079,3595.492833246633,2.0,26.376768512013953
3793,8759.017058879286,4887.404018985057,2.0,26.375209829585504
3794,5581.606725250022,6373.0069260734035,2.0,26.35888240958895
3795,3995.2629980890697,5102.76217181613,3.0,26.340980647286635
3796,7831.441824213679,1642.838176177038,2.0,26.34074666956891
3797,5720.89302008938,2136.586205360224,3.0,26.33867049448759
3798,1131.1764436050898,6271.346935443781,3.0,26.336072368855035
3799,6043.355056181038,5336.206356566015,3.0,26.33167511348578
3800,6582.308939861727,4920.937283140088,2.0,26.324999279751786
3801,3304.514064208431,6107.440707858203,3.0,26.32367555753104
3802,4443.69290259389,2445.0583427454726,2.0,26.321994304307744
3803,8245.151996516875,1243.4586705100796,2.0,26.30578961347055
3804,2380.789718553269,4379.1198735036805,2.0,26.30356140640282
3805,1080.2896143763376,5661.429433359353,3.0,26.30230192939329
3806,3835.5697977053933,5173.114600355768,2.0,26.301277784647876
3807,7649.566138545796,5011.538725970169,3.0,26.293309366454526
3808,470.47019569200313,5691.473205522791,3.0,26.291993927652403
3809,8738.96751993728,1203.9836261187047,3.0,26.284087260789136
3810,7155.958363732188,3250.5639085337243,2.0,26.280278904749842
3811,3140.1485037006632,1808.189429869015,2.0,26.2762643937076
3812,7431.73357431491,2495.3579119787196,3.0,26.268895800646288
3813,2872.340880174737,5060.350848138034,3.0,26.25366902546499
3814,5947.056935379925,5996.389534013169,2.0,26.249827442856326
3815,2936.2424191263876,1315.5242534908116,2.0,26.238419782558623
3816,7482.887368237732,5031.270677831972,3.0,26.230232165874508
3817,9441.13071738043,49.662464533233326,3.0,26.22935629512979
3818,2254.822817432488,3428.5423313209976,2.0,26.22718116348943
3819,515.755361848055,2875.7639296923917,2.0,26.226118476426226
3820,5525.3222836049845,1373.4344361143255,3.0,26.223319514036067
3821,5277.483464249736,3339.4123627683775,3.0,26.220851539189745
3822,8744.241496584069,979.6150856852747,3.0,26.22029626171442
3823,8261.66244152134,4015.7651623014312,3.0,26.20048033643087
3824,439.25114673618464,2213.4308438377075,3.0,26.196969566439808
3825,907.5839249533183,6004.3618220975495,3.0,26.19243519327067
3826,7758.199003513419,3695.536770443719,2.0,26.189051343445946
3827,916.3191684048393,3781.3409219803043,3.0,26.188206387232416
3828,2434.000885275859,6239.62989997318,2.0,26.187559512017824
3829,9349.03977161091,3053.012649392834,2.0,26.187184708649383
3830,5176.333593953039,5289.0041289827495,2.0,26.18541195957092
3831,4750.114921641161,3471.3711755696036,2.0,26.180884782008565
3832,6519.207451705865,5703.716004385608,3.0,26.174420109025757
3833,885.9184702351278,5987.205980114242,2.0,26.16934125951547
3834,9181.38923632415,3658.0852826494847,2.0,26.164567033745442
3835,1342.357582984407,2658.04988782057,2.0,26.16337000746189
3836,8954.310205707508,5395.319495902928,3.0,26.160953248677227
3837,2089.3749109089817,4239.728149479827,3.0,26.1563726790562
3838,544.1479431617815,1313.616125264752,3.0,26.154789012340725
3839,6630.111453936402,42.22156461941232,2.0,26.136850775142822
3840,5444.125905698645,349.3792604801621,2.0,26.124250057985016
3841,9371.304460736785,243.5191374127671,3.0,26.115082940958963
3842,5231.549020825096,4813.509953829304,3.0,26.109540536040914
3843,8415.035001917975,1831.6695246813442,2.0,26.108398630668315
3844,340.08160397650096,5312.449648016161,2.0,26.101618316838888
3845,2288.100985481272,5541.553057411822,2.0,26.097291992272464
3846,3614.305068549615,3577.34109037535,3.0,26.09671859030414
3847,3051.081482571027,3253.2213200682063,3.0,26.083669033217642
3848,7364.463969518442,1456.9857827450996,2.0,26.08209956908995
3849,6993.51251032587,1107.4087973261244,3.0,26.081718769343066
3850,4814.371365871222,1921.3598115324617,3.0,26.07146998665025
3851,8222.930968407918,3111.414035111181,2.0,26.067396055553846
3852,5581.411208213116,5789.480010012923,3.0,26.06530602211283
3853,3853.964531680196,2622.6390187324087,2.0,26.064952416858635
3854,2083.2959273112415,4885.0156852107,2.0,26.05908406777753
3855,6452.436197108525,4674.220674476331,2.0,26.04743191248467
3856,1022.0078964212396,5397.875776674758,2.0,26.038355063666778
3857,8208.617949521782,2107.645601149617,3.0,26.033971095669276
3858,9413.997003774135,3678.8960579354125,3.0,26.02836859388184
3859,8254.234587457307,4739.090443226649,2.0,26.025320556258183
3860,2705.498463326424,5170.0045284749895,2.0,26.020210898862036
3861,6599.291474511381,765.5943639849934,2.0,26.018939994159094
3862,8074.2889224323935,3923.062683994598,2.0,26.001802788879342
3863,5567.628217640111,4010.9931953124046,2.0,25.99911579974267
3864,6092.174682763801,6139.578316019371,3.0,25.99167035490935
3865,6471.572228125414,3173.0179885262182,2.0,25.978715839824662
3866,4093.73523568045,4390.517361896807,3.0,25.97705990265794
3867,4243.792933809557,3765.6619075286744,2.0,25.97658434049938
3868,4437.083780424599,2359.709176790605,3.0,25.973379341360538
3869,9063.19832775529,2606.074518060725,2.0,25.97032372610306
3870,1445.053671809414,423.64503192019845,2.0,25.967811912343137
3871,1560.0640559170247,2117.509543600825,2.0,25.963150446001666
3872,2337.3490111959986,3745.986648271518,2.0,25.96314268755004
3873,3207.9394306404515,3785.1723514368186,2.0,25.962690022038426
3874,8618.233247370625,4710.344338884223,3.0,25.96000648232012
3875,282.7708906985574,5391.366118808438,3.0,25.958715951908644
3876,961.280484691592,3781.4292996951963,3.0,25.95726584264277
3877,7294.989662800767,6088.608276111718,2.0,25.944940958826155
3878,6204.47318781977,2430.0218730972506,2.0,25.933715357273854
3879,3424.062030279217,4743.218613234134,2.0,25.93263535369697
3880,7817.450725883588,1141.019038588078,2.0,25.931629521579108
3881,5826.235509173878,5701.659206668023,3.0,25.929483365476436
3882,4950.352462421695,1292.029323816125,3.0,25.919810023239016
3883,3039.367719344956,761.9772966157474,2.0,25.91335851942434
3884,4638.331355594285,2449.7552015627193,3.0,25.91229559579253
3885,9388.881883695138,3217.1589081540988,2.0,25.895388500205563
3886,3758.045753162509,5364.96147634339,2.0,25.893239769298425
3887,7372.982947533044,4001.513955118165,2.0,25.891153448779104
3888,2769.115399235749,6097.456872391719,2.0,25.887117685909374
3889,5917.474009733762,3857.10848270175,3.0,25.88509268526639
3890,9020.339173623608,393.5732208622238,3.0,25.87895765147321
3891,2970.907874121133,2892.3757323627246,3.0,25.878311662607782
3892,5755.870280671157,4971.164858742376,2.0,25.87548327027471
3893,925.5891567713606,6099.711408569182,3.0,25.874013538311544
3894,3883.107245569998,4769.480167292281,4.0,25.85245107360772
3895,1474.555401937948,4259.643036519668,3.0,25.84871041872604
3896,3144.1992271802415,464.0249369975925,2.0,25.8415527077385
3897,3098.2659409019902,4533.452379009311,3.0,25.830070963592807
3898,1007.4013598674711,2569.210304764932,3.0,25.826733489409456
3899,8866.161468136748,2845.7083288724793,3.0,25.82446571958551
3900,7331.365729963747,531.5252548944806,3.0,25.81976233659674
3901,4118.346735296824,2080.1494050519395,2.0,25.816923057499245
3902,7386.4416328283505,586.8886849524623,2.0,25.815819510805213
3903,9049.191788217377,823.0055999049752,2.0,25.814543436439532
3904,9105.546416722207,5022.9606230735635,2.0,25.806212661485823
3905,1441.5661805515215,2107.1067046952376,2.0,25.805342067903815
3906,5689.895722906657,3429.655906895396,2.0,25.796937686985885
3907,3525.2737908165864,1302.0399424832203,2.0,25.788290128274728
3908,7303.113146150345,598.8111795602923,2.0,25.78604942297463
3909,121.53028725662789,543.5544422397855,3.0,25.78603267627402
3910,3097.251242246304,2813.596388264897,2.0,25.78426706366729
3911,1744.3151020528453,1756.9976447818174,3.0,25.7645766604368
3912,846.6897995704463,759.0847591201335,2.0,25.75992189982466
3913,6463.458383207031,1817.9368199296769,2.0,25.756030043057596
3914,8800.99811205576,2587.7267817432116,2.0,25.7449067304729
3915,3469.3955983496553,5581.721594931369,3.0,25.73806907709619
3916,5105.880688973984,5665.695045658372,2.0,25.737669709260658
3917,5419.4333522768275,3559.5933383409338,3.0,25.734337356344692
3918,3499.3544146495415,2129.0551102678023,2.0,25.730735888161465
3919,1946.0942752144367,6249.147583226458,2.0,25.728156785590492
3920,8696.993913694285,4439.340444700557,2.0,25.72460903864042
3921,356.66046650225735,1919.1931494124658,2.0,25.71081277668517
3922,8095.425351887126,1075.7199973602471,3.0,25.704942043352403
3923,5523.482975200372,2966.8708968978017,2.0,25.690557320267533
3924,8353.853562943434,4637.2688223331415,2.0,25.687128291466397
3925,2841.651922517141,2073.231700339519,3.0,25.685992376556456
3926,8049.509505906232,6311.167291522789,2.0,25.67969970228429
3927,9304.437388892457,716.057715492093,2.0,25.673187709792575
3928,728.0417757314945,5033.399004892353,2.0,25.65620208060684
3929,4643.374411780431,1039.3031706712793,3.0,25.653965481760377
3930,4646.097593070941,3537.5467806201586,2.0,25.65358233811593
3931,5454.373727048018,1914.850467126574,2.0,25.650907551978378
3932,3328.5309247161995,4199.1738325789875,3.0,25.647913715167732
3933,4484.407330320076,2901.1831857351253,2.0,25.64474302245707
3934,5883.370097741492,3099.422157810763,3.0,25.64339813386846
3935,7047.403763430979,3286.930987493074,2.0,25.629854406976154
3936,2964.4527788165246,3907.627257809135,4.0,25.62343829944552
3937,528.9985925637949,5245.1959183867875,2.0,25.620965652050106
3938,6350.75401742941,1250.8865885446132,3.0,25.610563592017645
3939,5651.281311068333,607.3983055844606,3.0,25.604657799533907
3940,9155.180797482823,2261.5479946436303,2.0,25.60108176586834
3941,2551.1543504995702,4808.570472823142,2.0,25.600094490864485
3942,1500.5381314279782,351.0542883613218,2.0,25.5869533008601
3943,4728.188722147574,5560.072810910397,2.0,25.586676155341408
3944,7253.667707766103,1579.0213636328049,2.0,25.584127861305873
3945,1955.1325472764722,2331.5666995854176,2.0,25.568454415849768
3946,5005.166231566856,4983.366234225572,2.0,25.56067666034246
3947,5259.207849809237,785.290520609133,2.0,25.55990169067735
3948,9427.47125697082,3179.0613166789526,2.0,25.54905698286124
3949,166.21117204911621,5043.048631532732,2.0,25.537784746922835
3950,4612.523070275764,35.8686367814711,3.0,25.533821082959772
3951,9199.460524124093,559.9257878994275,2.0,25.527725155458242
3952,303.5654561381048,3487.7635347726614,2.0,25.52317854249396
3953,133.23496094625116,5349.435394948509,3.0,25.511565032310635
3954,1386.697728919969,2666.7891631807806,2.0,25.500273649041823
3955,5096.259489759068,3328.983601081269,2.0,25.492831495461967
3956,100.30412932964984,6007.168705375808,3.0,25.488524358809283
3957,87.6038565483959,6149.979253493255,2.0,25.4863359750432
3958,7597.0456190287805,4427.592495723728,2.0,25.482371291151562
3959,5338.052193729707,327.2784042906127,2.0,25.479321927035997
3960,5453.92366618906,2452.4579903245,2.0,25.47754173780599
3961,3252.2010229125103,4687.569026797777,3.0,25.474917717247955
3962,576.6541799319159,3369.2151083286462,2.0,25.469385163647647
3963,5291.039617346566,2979.37796404115,2.0,25.467702734727975
3964,5608.180952665262,2223.63947282153,3.0,25.465618842299392
3965,8063.0097711414555,279.14965277553057,3.0,25.46341549830554
3966,6845.012751145773,5285.399002041528,2.0,25.45065269569862
3967,795.3230862657027,1493.1249339226229,2.0,25.449704000754178
3968,122.138231955823,4650.00414748715,2.0,25.43851312660831
3969,5104.860628489731,4521.63071559526,2.0,25.43848688048388
3970,8322.07454611376,4897.439398171779,2.0,25.43740148632466
3971,4937.786347879702,3580.803573386708,2.0,25.42647562467515
3972,7347.04883646595,2673.4939255847044,2.0,25.41798533007463
3973,1182.9525643063544,1069.3675459714864,3.0,25.415047610081132
3974,4205.115810497492,5939.171369893436,2.0,25.413071380811466
3975,178.41331077249288,2063.423658355045,3.0,25.410821005121395
3976,3596.192453829146,3097.66037375076,3.0,25.40716808999855
3977,5507.279056756659,5497.631974292664,3.0,25.39720834789606
3978,4092.163260782676,4150.064927683547,2.0,25.38708673328666
3979,2908.4832076761318,5765.819145103202,2.0,25.38578314007035
3980,7281.26860362298,4493.564773297124,3.0,25.376248218759528
3981,8536.422276514613,6221.2614898080365,3.0,25.367922511062957
3982,2359.127610521319,2123.63371225519,2.0,25.365006532986552
3983,1321.051577885731,2483.641825091402,3.0,25.363757504430044
3984,1137.4076161121127,5471.666936971947,3.0,25.355087061403168
3985,777.0939331116812,3643.4979414648883,2.0,25.345138798374986
3986,4722.330815523348,4636.775109659485,2.0,25.34432266590412
3987,8421.500652554778,347.0552351893155,2.0,25.342478889964088
3988,6979.362971489915,6311.155406915823,2.0,25.338325850069342
3989,2291.987735017929,2242.9765112539817,2.0,25.328792505196866
3990,6233.661719599611,775.052617994765,2.0,25.327796303566878
3991,8726.32636774604,3719.950673736809,2.0,25.322040903861335
3992,2305.526391649503,2739.0512556624817,2.0,25.3215932261101
3993,9501.240044775705,4165.392598034563,3.0,25.319312220816485
3994,2491.9720175721263,4465.568744935364,2.0,25.31527466854957
3995,6333.54439083859,1585.8461258201553,3.0,25.314349348412897
3996,8225.059947466912,4900.94128854628,3.0,25.31416953653714
3997,7934.906219118742,717.3138266048835,2.0,25.31040205654913
3998,3085.4183984616134,2722.915157166396,2.0,25.304530257693997
3999,4047.6060805639468,4639.318551586789,3.0,25.294662841800356
4000,9548.584366144883,4276.964972147155,2.0,25.274556504700012
4001,7808.027177654914,161.63788684505704,2.0,25.271663288966806
4002,9304.1362326466,5258.032464585784,2.0,25.26027608925997
4003,6574.379333417254,5667.14770119935,2.0,25.253714822407552
4004,6582.641668401061,3766.501312878594,3.0,25.24233155778563
4005,1576.3630422754256,1775.8501089124898,3.0,25.237541376415034
4006,1908.4743334157133,3059.4106753680853,3.0,25.23201059854704
4007,3710.5817824024725,977.9854254876896,2.0,25.229626759660867
4008,6738.567066642815,1167.0091500211643,2.0,25.229238004331286
4009,6755.7097876390535,715.3442377791463,3.0,25.225624573098752
4010,5933.658450701311,5389.679277683549,3.0,25.224653782777022
4011,2162.041286384662,2241.4131853329063,2.0,25.215796549500748
4012,7583.132035483448,2901.5244156250264,2.0,25.214336284891
4013,9416.121750889995,5443.448599318851,2.0,25.21176693119128
4014,6433.051984837494,2041.176830451552,2.0,25.211491146375693
4015,1341.5401747515557,2107.9223463230096,3.0,25.209880844028348
4016,5264.195922108281,3945.2104533017127,3.0,25.19224777383887
4017,229.0326196399313,1657.7883261520008,2.0,25.183984155931153
4018,6985.094578188747,5087.214260519872,2.0,25.183665164576457
4019,7706.170631853745,1139.7338103625636,4.0,25.179031609171805
4020,748.8036844733124,4101.337777319796,3.0,25.175897328588235
4021,5535.571061225381,693.8105198193238,2.0,25.17129963699172
4022,5921.3585145132965,3247.8274027144707,3.0,25.168798908302197
4023,7995.553630325004,2726.026761745005,2.0,25.154632292914517
4024,3091.4856932858074,5519.145270062827,2.0,25.15309151661323
4025,7251.342583178322,439.45253363820154,3.0,25.14859117785443
4026,3179.1303668029323,4163.5413141257,2.0,25.148302686173416
4027,7233.011948002063,3467.6166372565,2.0,25.14270483986567
4028,5827.92328319341,6083.501833830537,2.0,25.13387189974647
4029,3406.332974478724,4073.8079609201427,2.0,25.13054645496148
4030,1680.628446122331,4145.566716958061,3.0,25.125739898338562
4031,3484.270037746204,6185.6370354077835,3.0,25.118516403231908
4032,7290.303243648315,2683.4100516490353,3.0,25.113335515798003
4033,3381.336330147213,529.8726130312943,2.0,25.111362147833624
4034,4408.078110176449,2193.3302145719454,2.0,25.103998190596545
4035,3142.2467857933884,4351.2783307401,3.0,25.08984594309278
4036,4338.4290583928205,1604.9935952437197,2.0,25.082405434986715
4037,481.0280020057516,3433.331830992333,2.0,25.078528427909404
4038,1225.6426360511264,2769.478420775759,3.0,25.0705757547555
4039,4889.160319998143,3821.479202038288,3.0,25.061110961287955
4040,3529.598309319418,3043.8331116644567,2.0,25.057214869826765
4041,560.6781738964337,1917.324289693275,3.0,25.056265667858224
4042,2627.1886479932373,4041.274755844353,2.0,25.049567631466047
4043,2940.6537930236195,4701.6437975812205,3.0,25.04903804996802
4044,1890.0568600910724,4105.378701852683,2.0,25.04548664498608
4045,9067.301922221122,2765.510748933017,3.0,25.041486609339373
4046,2761.3917921645825,2963.3922715645213,4.0,25.038309500772016
4047,7820.07308715468,2633.63066449769,3.0,25.031155597509102
4048,674.6590408589822,5263.493125197883,3.0,25.029533427061867
4049,3593.483489707905,3608.1909334808834,2.0,25.019756843459053
4050,9078.14215471628,4315.666586123484,3.0,25.015042688156438
4051,4433.060701914412,1626.7970301633245,2.0,24.997893541252946
4052,879.263936352963,2293.645152020642,3.0,24.989450441686472
4053,3929.5929728675924,1771.992057373372,2.0,24.98505089305246
4054,8061.2470683119145,5745.79247933472,2.0,24.983728589861855
4055,5598.571445495475,4331.507502388034,3.0,24.978200748860644
4056,9248.843549332712,189.71922195404153,3.0,24.972063740207457
4057,7074.524994551975,5245.234818551773,2.0,24.97152383589226
4058,6405.343214280156,517.2428004528294,3.0,24.965376955046338
4059,2484.659309220565,4557.326332552804,3.0,24.963852082410284
4060,5431.0678701533125,4755.533651616006,2.0,24.961293528425124
4061,6358.41555888779,3083.531291090142,3.0,24.961034491837182
4062,3038.5350667675875,2951.5610246303518,3.0,24.95441334163655
4063,5480.229464704719,4623.055774486114,2.0,24.945803217376717
4064,1124.5031397175674,5275.525554782167,3.0,24.944380104862773
4065,9407.22197394918,2059.0753782094366,2.0,24.941817286967314
4066,1277.0279240599264,3945.434870641891,2.0,24.93381678528183
4067,1307.567179246267,987.8579474815164,2.0,24.928017447681324
4068,2556.1970977106494,3697.9958899640624,2.0,24.925150457096294
4069,1837.4486982530063,655.2566609291487,2.0,24.921956879018143
4070,3642.823610616683,4437.56659363,3.0,24.912561942411426
4071,3011.3879506327517,384.9649292343483,2.0,24.909605838951656
4072,8166.265383976412,813.3156180175378,2.0,24.907140481452615
4073,9378.620020029148,5441.495186007442,3.0,24.907134577724243
4074,2145.813977089634,1939.46263816698,2.0,24.905371084048785
4075,1137.3607763719535,513.0308954095498,2.0,24.897071793432076
4076,3174.486820813429,4521.092040560441,2.0,24.892831364830013
4077,5858.143518066384,4279.429975528465,2.0,24.885712401967073
4078,62.231251680653415,2403.219154347157,3.0,24.877940560484873
4079,5813.048511186014,3717.471106797301,2.0,24.85967117502843
4080,4935.503692708645,2375.013721566462,2.0,24.852183471992344
4081,8995.128337396513,3907.034106008325,2.0,24.848059561222293
4082,6753.1146609979905,5673.524112797177,2.0,24.846461908923942
4083,8416.68082611132,2211.1319310603076,2.0,24.8446510627086
4084,3305.5996011975108,997.2767735807151,3.0,24.842416236684432
4085,3513.3606304363375,713.3468384454312,3.0,24.835986821121036
4086,4678.857804216078,2731.4292989684654,2.0,24.83022784786033
4087,8013.381010157056,1808.9689839485882,2.0,24.820796116842075
4088,4943.970754296486,5684.044321967706,3.0,24.810349214858476
4089,1033.2790424812429,2517.033965429577,2.0,24.807388883178636
4090,5024.193853396762,2025.2506572138525,2.0,24.799247244627637
4091,1123.442576087781,2556.0464299893847,2.0,24.792348839520542
4092,7940.286292515479,2727.3272843929517,3.0,24.78120061217792
4093,4196.397537859876,3825.4809045704724,3.0,24.777468067602012
4094,345.2767880250508,49.494979227475156,3.0,24.768496107328378
4095,6300.101539575678,1555.2833170885162,2.0,24.75350826372792
4096,1359.4316242828445,1426.0625971887673,2.0,24.74819909229047
4097,7275.051812773384,4633.699791590895,2.0,24.747765164936794
4098,9226.214115677649,721.3746537377428,2.0,24.7474113256198
4099,2060.0145869302255,427.4169439973661,2.0,24.73855431855172
4100,3717.611944240951,5221.655029792463,3.0,24.73821731560262
4101,8835.779182024238,2073.380252895576,3.0,24.730232695372848
4102,7020.550363584329,5275.784645207296,3.0,24.727857623407644
4103,3085.7217372085997,3611.569764299356,3.0,24.724204915744682
4104,2804.452471283869,6255.447734178187,3.0,24.723023689311972
4105,6945.975362838604,4627.528524185092,2.0,24.721856969226046
4106,4664.429402467076,4376.999794527006,2.0,24.714341303771857
4107,7335.301744825789,441.7533086500892,2.0,24.698353090241998
4108,4795.938001972753,5529.025668021189,2.0,24.69549756375836
4109,6011.193210788828,489.31509103632067,2.0,24.689743910854435
4110,1005.9187530583324,3200.4966503566493,2.0,24.677542292112978
4111,7015.570570575493,571.6988692673137,3.0,24.67231274723172
4112,4677.225270580188,2588.7652413260193,2.0,24.67217619288156
4113,266.6709905768731,1297.3818727881815,4.0,24.66863958458839
4114,2264.186628942379,4293.451031773068,3.0,24.668052201254547
4115,6642.005414994565,3665.5973381289823,2.0,24.667400917292976
4116,375.09053955863664,4775.567939206045,3.0,24.6643147799441
4117,1494.7265880464122,2947.2547735329126,3.0,24.65656392871035
4118,4203.379970671121,721.6460054907354,3.0,24.653655878729612
4119,2598.8993314619383,3889.368383881383,2.0,24.640431714881853
4120,1615.647158398878,6073.615794749511,3.0,24.64002770391287
4121,4554.628792315344,1273.7377548608702,3.0,24.621496172559922
4122,2736.068272359226,1822.5744710073218,2.0,24.618011516877683
4123,2767.2759290355416,5013.657915604693,3.0,24.61731468478728
4124,4116.055891144948,1673.2052992751703,2.0,24.616169757376284
4125,9038.235651520494,2919.489059283865,2.0,24.612353606717214
4126,5531.552908119922,4926.205933964452,2.0,24.610220617003243
4127,8008.055096366584,3889.3640493158514,2.0,24.607956969754575
4128,5590.077343193971,1841.8628937604556,2.0,24.598697948462867
4129,1862.1999621309756,1009.789776871661,3.0,24.598536047986745
4130,3943.5126849113944,136.84186794848807,2.0,24.593938167239422
4131,1590.1178673454272,3869.7057947995477,2.0,24.592425851440805
4132,4570.972473896894,221.68826700608867,2.0,24.592041057535496
4133,420.3703204716356,4492.98603736982,2.0,24.590019383777467
4134,4471.102414766113,3686.551079753565,2.0,24.587892093209373
4135,4739.397740144343,3889.013379847966,2.0,24.586319773356067
4136,1169.8197282956423,6329.527191011161,2.0,24.580542853008563
4137,1980.4081843458857,3265.8897162492544,2.0,24.580326806388985
4138,1302.7587307673027,4311.2057714374005,2.0,24.571094188655923
4139,1584.5074656621362,665.8363887545372,2.0,24.5699413272169
4140,5644.383938488342,597.0660075535551,2.0,24.56491889752725
4141,2186.047738172133,2797.438015675765,2.0,24.558206129162134
4142,9455.465322414799,2311.4462449585235,4.0,24.557643186822233
4143,3091.26299782373,5233.068905749475,2.0,24.555871078489485
4144,2346.065653455538,3015.5027893673687,2.0,24.550637981256614
4145,626.3023775233485,3513.510824705775,3.0,24.54853209884572
4146,8142.508533451906,4357.008730882053,2.0,24.547496899875025
4147,7568.77532058713,1191.562720762719,2.0,24.546666891797535
4148,8670.008212464447,2339.374382385197,2.0,24.542366199088654
4149,6559.024993178931,4045.4526598734233,2.0,24.540857876757332
4150,1096.5012253490365,3722.9077600783253,2.0,24.539526015900005
4151,6756.243266335023,1183.5517895489736,3.0,24.538560739683113
4152,8956.280921085801,2975.7199175395967,3.0,24.53590659099158
4153,1834.3917337036273,4741.062024142832,2.0,24.52822610398887
4154,7634.205884745173,2443.3131880092756,3.0,24.526188578895717
4155,502.65402701551096,5391.532813785676,3.0,24.525426897083594
4156,8464.1606504831,4693.264838655137,3.0,24.525344208432887
4157,3467.410705850851,2955.4147120048306,3.0,24.51832222243725
4158,4225.544194043015,4626.109148526172,2.0,24.510948802168762
4159,2041.666173373523,5025.431626869905,3.0,24.51000645001571
4160,3997.1805107779774,5959.350989000008,2.0,24.507969869532822
4161,2163.1964385899637,427.1202724826996,2.0,24.505833681516386
4162,3894.3643988446233,4582.055917499018,2.0,24.50185286668063
4163,5947.236180995504,1315.8019239615835,3.0,24.49136529181153
4164,6197.931472171612,4049.491431188434,2.0,24.490263574981018
4165,5202.915081858458,2763.4557415491995,2.0,24.48605164015363
4166,6992.307260145792,891.1730412406092,3.0,24.478150111422753
4167,5419.35085744731,5653.681179008863,3.0,24.458783105873472
4168,2762.751207093793,376.7015203918633,2.0,24.457203478247198
4169,7264.277985381741,6169.427917913392,2.0,24.453180094864504
4170,6905.977245730107,4303.432480783494,2.0,24.45085095344643
4171,2874.5925958913645,2601.0411381987915,3.0,24.45068536833304
4172,6116.496957169113,1421.7236181298067,3.0,24.442653958057175
4173,5813.190614868357,1675.5418808048169,3.0,24.44164528085416
4174,7537.454765097238,453.0374798167463,2.0,24.433942681821346
4175,5884.041146529348,1095.3194759724697,2.0,24.429971232608658
4176,5138.54330023474,3403.3758329845336,3.0,24.427174654463823
4177,8306.178930019438,191.41832459336683,2.0,24.423229039128756
4178,4663.98542020583,4173.24789759569,2.0,24.421525686641832
4179,995.2411569642451,2941.6613208672306,3.0,24.42101017432752
4180,8131.295224680385,4751.479296142873,3.0,24.414975469118506
4181,2559.495182290836,3533.365180742212,3.0,24.407303930766673
4182,3160.2967010302373,3047.417402948648,3.0,24.40532148507817
4183,4851.24436534493,1235.7254188302052,3.0,24.404163252129827
4184,701.2686051448544,1727.2909465014948,2.0,24.399677485506707
4185,8639.646742278053,2013.274482957471,2.0,24.396850215598118
4186,4657.2927161070875,4906.828970236071,3.0,24.393069227345787
4187,4604.017504597216,3405.491220074897,2.0,24.37992599310546
4188,1360.1264820026884,5851.485889774798,2.0,24.371695247379602
4189,1464.2481820579637,291.61447987166395,2.0,24.365118019074504
4190,8921.33767109721,4379.481665535181,3.0,24.359411622420744
4191,1331.2435713252576,1076.9796910566054,2.0,24.348874940274893
4192,2536.588662284622,767.1081485285234,2.0,24.34767833580655
4193,6200.2863754329355,2716.8997431675266,2.0,24.347106277648706
4194,7292.109283040959,1735.9145867457037,2.0,24.333099820227044
4195,1110.9612328252458,2199.340176414956,2.0,24.325916710442268
4196,8049.639212387969,431.79897794825524,2.0,24.324193434135456
4197,4365.971028706702,783.4808270147194,2.0,24.31959737244912
4198,2888.4366609541366,955.6648147413015,3.0,24.317179917012062
4199,7221.493456114283,4787.39169966646,3.0,24.301255227389646
4200,7574.22265004725,1229.373028820619,2.0,24.299982410650877
4201,257.78288289445175,1487.3542559074128,2.0,24.299045082234063
4202,1035.4700249864711,6085.192415621439,2.0,24.29743464241332
4203,4084.5032343426037,6185.005856603512,2.0,24.29639243414053
4204,6494.560918572613,5961.509367648168,3.0,24.2740045523495
4205,2175.414509458496,1351.3562073803757,3.0,24.272427785235134
4206,2947.4420100602506,1529.7624833973516,3.0,24.26463896099048
4207,6415.352402437749,1187.0206322311453,2.0,24.258519815586673
4208,61.3141319883276,480.17924078464813,2.0,24.254814705737292
4209,7976.3808144574705,1435.8186667768919,2.0,24.25082062774098
4210,8079.982638817337,2017.4236105044727,2.0,24.249973841215542
4211,6397.980505662706,453.536794949121,2.0,24.24584631723284
4212,8778.256638069251,72.96673562142392,2.0,24.245176533749703
4213,697.9228471003787,3295.421080243592,2.0,24.241124026789166
4214,6589.076690855113,3261.0689946968855,2.0,24.240659721691593
4215,5515.6063755310215,365.6326738235262,2.0,24.233876012399435
4216,7259.271639003751,3443.844322568626,2.0,24.23182190338659
4217,5479.461727040479,4039.115066217582,2.0,24.226892969641103
4218,6899.565096533595,5507.284421498234,2.0,24.223446138370416
4219,8804.085880347702,4983.466842252461,2.0,24.21845634265147
4220,239.25105090557608,1374.8469410110606,2.0,24.215840323648482
4221,3556.951737966559,4091.4302431027695,2.0,24.214519756378518
4222,454.4235341864768,653.1255899614439,3.0,24.213524814992187
4223,2107.1441361518227,3125.461632207531,2.0,24.206430276743053
4224,3829.556897908283,3839.5557368260716,3.0,24.202830996468037
4225,2840.655408597596,4979.261334126556,3.0,24.197863262124866
4226,2243.9945468922583,4729.473778855347,2.0,24.197679620663525
4227,1178.3815396693203,2263.543451844705,3.0,24.19448131235806
4228,2996.4429547158875,5843.473964352995,3.0,24.18615396644744
4229,4250.3528850120565,4699.436149799304,3.0,24.183915262732206
4230,5785.161604181215,5835.763707428291,2.0,24.183249933237864
4231,1855.3365385806853,1631.9112810221204,2.0,24.17680959718994
4232,2168.6372693616645,353.72496705283703,3.0,24.174522492553926
4233,870.5894324952484,5719.424965557408,3.0,24.174131180311836
4234,538.7035666449952,5773.293292724085,3.0,24.172179010991112
4235,5907.947881152883,5751.469476497519,2.0,24.170808596941438
4236,478.3186740827007,3365.1967427190784,2.0,24.14413004951603
4237,5401.223162514738,2466.881969818962,2.0,24.139865517985083
4238,7080.117096164757,5314.0887843599985,3.0,24.129605587037926
4239,7710.575808824353,2978.9578328170983,2.0,24.127725330937135
4240,4159.627404006545,3303.3714346354814,3.0,24.126467621410686
4241,485.5135361059178,1757.710697861866,2.0,24.125982997964282
4242,7034.611044801867,4695.768071007717,3.0,24.12338674108605
4243,3625.1466636485748,2511.5757538506,2.0,24.12204823801027
4244,143.21682815215286,1045.2774440169808,3.0,24.120074579433872
4245,360.31357464100313,1581.363307189853,3.0,24.118021625527618
4246,2034.8520263233183,1593.604624659102,4.0,24.11478932141202
4247,5619.084893745199,259.5965265276463,2.0,24.109045298615722
4248,3463.2660988635807,954.141850508897,2.0,24.108213246621737
4249,6224.395012259445,1061.3711759671044,3.0,24.101115156903347
4250,8038.013919881551,3204.510338662546,2.0,24.098798512775705
4251,3087.630484946254,5733.302077985051,3.0,24.098082405875033
4252,6467.362380773777,4901.602549695728,3.0,24.088876675588146
4253,5777.266393751495,5799.91257980018,2.0,24.088803308878386
4254,5348.022329418765,1492.4125662636864,2.0,24.088576647916405
4255,5248.131800521927,4568.379874350736,2.0,24.085005248074506
4256,436.1978211329792,3537.273826444033,2.0,24.081444974734197
4257,5774.126679986253,1791.1782221670346,2.0,24.08075677548047
4258,4746.440583061241,1419.183723858517,3.0,24.079095442190056
4259,7538.427082980761,525.5420912329912,3.0,24.077627511297404
4260,2343.3745385827156,155.2767697793355,3.0,24.064870473913082
4261,7756.9391560049835,847.3040017026818,2.0,24.064800946357643
4262,3511.3869749905,4741.520753731373,3.0,24.06098191248608
4263,9224.431174184378,3429.819227797838,3.0,24.053416355485968
4264,2287.376555258866,173.06683265764423,2.0,24.05270795705665
4265,3734.91658641695,1535.4051161226457,2.0,24.047094350765054
4266,3142.6668045280394,2137.894694889368,2.0,24.045914156804272
4267,8618.60979085458,5279.518317653219,3.0,24.041922136785757
4268,2974.667031199217,4668.089095856765,2.0,24.041365244241682
4269,7218.216390934426,3269.468489596911,3.0,24.034668235544192
4270,4973.005842216277,1658.03760325453,3.0,24.0342915959824
4271,4553.810725277292,1194.5732500764836,2.0,24.031407404856626
4272,919.0388282212258,949.3102373031327,2.0,24.021579474462865
4273,6818.6080387274,5573.288664737626,3.0,24.019513350431883
4274,5162.462770279577,2365.209219107069,2.0,24.016739833501028
4275,217.24317936148566,867.4896442924592,3.0,24.013018603578956
4276,3124.0780376634975,787.6104831457556,2.0,24.010239690008955
4277,3684.264514251559,3555.789526998226,2.0,24.010074511064005
4278,5262.262915260785,1167.6411344005035,2.0,23.999188484682097
4279,5173.572199030058,4401.187826436323,3.0,23.99766912088371
4280,8970.667674660015,833.8326566417962,2.0,23.996233859149545
4281,3028.400862051919,5698.9502441087625,2.0,23.995764343902497
4282,6570.153923238224,1031.637269965082,3.0,23.99502233776905
4283,56.49713536929091,1105.2603883469887,3.0,23.985693169771064
4284,1518.4955957978002,5603.160970199437,2.0,23.984535870025233
4285,5438.1897384611075,3343.5964669344944,2.0,23.982830960824096
4286,6549.0026461903835,607.4174450520518,2.0,23.978730647463596
4287,2885.0052382073527,5151.04314491372,2.0,23.976722606654164
4288,4298.461502179637,5405.832240326329,3.0,23.97473503937246
4289,4930.51639226758,763.1216383798462,3.0,23.965827586568167
4290,329.3816621960899,3711.4334785234255,3.0,23.957359920803412
4291,1986.1239891132977,3497.44230570183,2.0,23.952583703248546
4292,5004.717845635048,2992.9930737111476,2.0,23.944516885132792
4293,3812.9522430783595,3527.5517441181364,2.0,23.941903351928442
4294,69.52621177529099,1469.5776753796545,3.0,23.933789244115896
4295,4323.174192557444,1627.5824798464507,2.0,23.929569749596986
4296,564.7627179064893,4619.445685611109,2.0,23.925418987861573
4297,4307.380499391348,3339.0844341191064,2.0,23.925071297764237
4298,8063.969776616038,4533.571243732592,3.0,23.914088778457625
4299,4600.139329627434,3613.3801400027355,2.0,23.91390385679725
4300,4924.0852491987835,5363.588381487043,3.0,23.911029260198056
4301,9182.466589526279,924.9138489910282,2.0,23.907397264742798
4302,6655.811452816336,2940.749213570439,3.0,23.892049007297505
4303,9113.416226585732,2082.947565032749,2.0,23.87915623159921
4304,230.1516999033635,4521.323533789895,2.0,23.876111786499226
4305,5599.078888170824,3571.518182380227,2.0,23.86864196987182
4306,9275.558808518936,4728.819036864452,2.0,23.856830217722333
4307,4401.685975850835,4755.070666063341,2.0,23.847969691393008
4308,3592.725806871589,284.9069217930287,2.0,23.84308579358667
4309,920.5007165266062,5873.46614838747,3.0,23.83001665753376
4310,5802.209990778526,4145.261433893125,3.0,23.829584598429516
4311,4490.723774335263,5012.996666509601,2.0,23.82089772812988
4312,2426.014685305142,3958.402247190084,2.0,23.817540801673747
4313,9013.799947324867,2439.4109922722023,3.0,23.813490307422832
4314,1322.465009233386,3777.997387978015,2.0,23.810013817604297
4315,6999.417626147195,3694.9695729622636,2.0,23.80776568592282
4316,5787.590411632586,5259.188289451304,2.0,23.802302941380425
4317,586.2217054872041,823.4367741582436,3.0,23.795420721643023
4318,7838.048785818441,803.2678711886634,2.0,23.794625443028313
4319,1061.4649999827052,6269.654870722836,3.0,23.793139398150696
4320,7956.481415293258,402.8906148666044,2.0,23.790609340836525
4321,409.5434495774314,4557.957020527898,2.0,23.79003122698954
4322,2327.454536429976,3363.6353620558452,3.0,23.787170187343055
4323,7116.9425865615085,3647.3228048343235,2.0,23.786019414691634
4324,6427.060453152986,6160.231464322949,2.0,23.78518366992717
4325,1840.1438423647558,1879.4601481660702,3.0,23.78429560491595
4326,8145.161101667136,2508.4994678137423,2.0,23.778346473310783
4327,1328.2100480052911,4761.9035111471785,2.0,23.772356695795054
4328,1393.1814308691373,5465.472637907918,2.0,23.768645539548476
4329,30.19187446475335,1383.468710484221,3.0,23.76851500088729
4330,4223.2631970744205,4827.717367771077,2.0,23.76497844879902
4331,6166.4526876364225,1945.2218220859709,3.0,23.759347449405947
4332,3017.3589289522733,3955.5752889506152,4.0,23.75737263845219
4333,3869.859812179949,4655.204139187978,3.0,23.756699720804484
4334,3430.1028937915667,1137.4496988920553,2.0,23.756256479820166
4335,3525.383907840169,973.4976549646889,4.0,23.753868170191684
4336,2190.194877245177,147.4339304986918,2.0,23.75206631345648
4337,2243.7010446318604,3883.4272812783006,2.0,23.74710553882243
4338,2843.0464294645963,169.4310032192984,2.0,23.746238396574462
4339,4011.7699175592024,1483.8082773365936,3.0,23.74574373341272
4340,1846.4105916544959,4647.359934574661,3.0,23.74361856306287
4341,2366.224488080476,4383.412592413565,3.0,23.74151497177595
4342,5964.073247010227,5061.450514314947,3.0,23.735979426128402
4343,1964.673711493,237.84030291980343,2.0,23.735920385621284
4344,5952.285028057448,3835.58809125182,3.0,23.73495253052717
4345,675.2510251379252,2367.64492252585,2.0,23.734572465212796
4346,6801.003894109358,1272.5841599049331,2.0,23.733869997277726
4347,5617.984285236836,3169.495352017723,2.0,23.72988674991705
4348,9037.338035127972,613.2392377920634,2.0,23.729220618086323
4349,3404.879689656791,5141.540305349541,2.0,23.72640189526853
4350,8120.525185380382,32.15813073719065,2.0,23.719445936503128
4351,7634.021726690227,4711.0889456915265,3.0,23.71158101700003
4352,1818.9715681620376,459.6122430873345,2.0,23.710032407095532
4353,3220.987519671684,881.3674564428592,2.0,23.708034960776807
4354,4104.775958493985,69.0347483475743,3.0,23.700843048599125
4355,3050.3789928176598,2677.2627759762922,3.0,23.699726325261626
4356,6581.2581266979605,2989.250375646781,2.0,23.69941432777506
4357,6009.651790422371,1455.4471665856504,3.0,23.695764900208697
4358,6163.978756690732,3005.3014202224626,2.0,23.68809743356665
4359,7137.39004589357,3625.240866981811,3.0,23.686956497257288
4360,5458.165057482152,1782.1219232428518,2.0,23.683004951241568
4361,3899.0,1299.7860366380985,2.0,23.682019617130173
4362,3769.3576551688125,6036.861678074025,2.0,23.681260309949067
4363,7262.179771487947,1923.2720025070628,2.0,23.673040018727573
4364,1010.9341613738329,291.7494700404498,2.0,23.671020697988745
4365,9329.999173785238,4371.469857466166,2.0,23.66598545087435
4366,2554.061677154691,1053.4519778462354,2.0,23.657289417736145
4367,8134.032484149292,6105.8440547746595,2.0,23.655572472607304
4368,6252.125493996874,5355.281927363486,3.0,23.653213684933508
4369,3930.470539357309,2495.072308888143,2.0,23.652324241327758
4370,3173.1918114766513,5481.668406725593,2.0,23.64708248569632
4371,6581.131644567875,3305.3577680910835,3.0,23.645751673642184
4372,5089.436175640603,79.89603000618622,2.0,23.64035454450402
4373,169.18290278304312,3839.766511670389,2.0,23.62459194074203
4374,8658.201722796166,3066.0308585964463,2.0,23.6226535503334
4375,2856.955225885707,3711.1369989749264,2.0,23.619103112544686
4376,9454.22228747574,4813.449958527333,3.0,23.619039294997833
4377,5170.975290349576,3895.433992916027,2.0,23.617077849412315
4378,17.819513422733007,991.3649119942837,2.0,23.61520501545998
4379,1179.1197996656906,491.4347154931153,2.0,23.589323483027623
4380,2037.6718253961526,2273.5144845103364,4.0,23.58540793828737
4381,9046.498603178183,177.6539830507739,3.0,23.584695695306056
4382,1285.423320541423,3959.835358288615,3.0,23.57631203748343
4383,3745.5283683770913,247.25913049078054,3.0,23.574579922195873
4384,6056.524834285928,6349.31073939862,2.0,23.572864497500156
4385,8721.364387886362,5055.6247875776635,3.0,23.56607180421775
4386,7498.6951532870235,3993.929122899608,2.0,23.563111487926196
4387,7950.718684198177,4037.71474621805,3.0,23.562697299909203
4388,4898.233535237553,1067.8358558186617,3.0,23.546744010372773
4389,7781.918685046529,3907.228011734272,3.0,23.53843029160027
4390,2176.070857649776,2543.3858377251463,2.0,23.537954664055295
4391,9464.526526105827,3925.147258325706,2.0,23.535769126711912
4392,2299.1773009270005,4475.5539814753565,2.0,23.533123024801203
4393,6496.193459152177,6293.304673585299,3.0,23.52633984458945
4394,2651.081639032725,3043.622687978427,2.0,23.52187753615642
4395,7830.011186033289,1209.4543955155655,2.0,23.517256392036035
4396,2950.0820075594957,4380.9442848313065,3.0,23.510038484188378
4397,299.55194987878326,4195.204622917321,3.0,23.508147088518374
4398,1500.1106530415925,4179.403847834972,2.0,23.503567279209438
4399,8837.22830030183,1946.0306416187564,2.0,23.499379000356317
4400,4229.691814344189,2466.036680021308,2.0,23.497378816436424
4401,1651.15372849292,3697.522957393625,3.0,23.495583806502047
4402,1178.9402823936953,1111.3128066618228,2.0,23.49315075733028
4403,4829.131267099773,2463.3864443037482,2.0,23.490801191726238
4404,8221.491224869573,3073.327247283413,3.0,23.489355945459604
4405,5966.6749549488895,3951.850198582916,2.0,23.485803546401943
4406,6986.871181592969,3660.9040499744247,2.0,23.485487164714154
4407,780.1957443113871,3436.011935409029,2.0,23.479785174549416
4408,4407.430251322331,3581.9361330724405,2.0,23.478256390482375
4409,2768.2954813524693,5865.39124062464,3.0,23.474911448483326
4410,7774.270699353428,3482.906260842616,2.0,23.474268310416125
4411,4834.9945899801605,343.8542584061501,2.0,23.473951713746104
4412,6576.736777330421,4073.2781557586695,2.0,23.473160763243015
4413,9249.262686975917,5753.7299631389005,2.0,23.470480750483844
4414,4241.814140335868,4821.301662027551,2.0,23.4638879358953
4415,2918.284210131116,461.7649718502718,3.0,23.454664320869817
4416,8233.32882959232,3781.177718555213,2.0,23.45168693692562
4417,2159.46987468511,973.164955393334,2.0,23.447896262222322
4418,833.7279169718049,3691.4488023919107,2.0,23.446969168928412
4419,4960.047885073584,1221.4849240001986,2.0,23.446593116252817
4420,5817.370348429572,813.6335743814648,3.0,23.44204496585417
4421,8124.450151365276,5634.964588370912,2.0,23.44200342227247
4422,5533.960680852539,1531.5780083692273,2.0,23.439023598213932
4423,7220.555962008493,2045.3558334055983,3.0,23.438247660118435
4424,9010.265266950662,3630.971849443803,2.0,23.436466627691264
4425,6340.824649755828,3639.0117439723344,2.0,23.427547110145383
4426,6750.337845603351,2014.570164698763,3.0,23.424066931054718
4427,8783.212648232628,5367.387032729395,2.0,23.40682545226772
4428,9243.442850173415,3634.971467325397,2.0,23.40427500340596
4429,1253.1490527966494,89.43186283350508,3.0,23.403321397386286
4430,7517.340190034551,4057.1110136825473,2.0,23.401673289493495
4431,2996.433709220816,3779.941361676597,2.0,23.39836515445556
4432,8607.086672644913,620.7584196242394,3.0,23.393362582657897
4433,4361.34739742879,5507.825972324605,2.0,23.393249593363553
4434,5331.251400001742,801.587146184719,4.0,23.390977694293753
4435,3343.504765680379,1505.2774736077388,2.0,23.38922216302319
4436,4166.132527006101,1297.49729405533,2.0,23.386452795212914
4437,8993.190706232832,4176.974940185818,2.0,23.38115388477372
4438,7161.395112859639,851.6556415797245,4.0,23.37655319133456
4439,2194.5007144167766,2844.125107918239,2.0,23.374792086207474
4440,8501.241371884127,5087.721230097743,3.0,23.373148300620596
4441,689.7157000520012,583.5648749650406,3.0,23.371473726054237
4442,4662.2542474250495,3711.2463561294467,2.0,23.36984608420577
4443,1650.7830435599844,5948.79260992902,2.0,23.36899033819615
4444,6219.260650558956,5095.411335245625,3.0,23.368955433655834
4445,5472.423785995035,4995.524988980368,3.0,23.36620459451895
4446,2536.413020860362,3475.6713873664594,3.0,23.36193632316588
4447,5536.980790319413,3637.474910159255,2.0,23.36006635008035
4448,929.2450139972086,5755.479182810039,3.0,23.357805532070667
4449,7312.999603388137,6001.307230228711,2.0,23.35378554460696
4450,3753.495197071692,1959.9628226181658,2.0,23.349938349448802
4451,3910.7452567979517,67.50039644313001,2.0,23.34910103436946
4452,1968.4234332442604,5902.021364617397,2.0,23.345973183311948
4453,6777.565070046653,725.8476906107713,3.0,23.343896894739604
4454,9321.37323291264,4007.5602089157705,3.0,23.340789745647722
4455,2353.533338430951,3925.5844328615754,3.0,23.334337551333622
4456,5547.530780719245,5209.805812874374,2.0,23.330502862203467
4457,5922.084377960547,5611.487724264345,3.0,23.33004877240544
4458,4411.723000222535,6005.431432621141,2.0,23.32560845910452
4459,9028.077761724095,6123.122431228118,2.0,23.316946493812317
4460,3536.2825807512027,3747.926721333224,3.0,23.30568939906293
4461,3898.2203771886657,2625.9634505617487,3.0,23.30252405634218
4462,2604.511526401947,4543.063443186128,2.0,23.298787540424673
4463,8585.453504630665,4947.0346435029005,2.0,23.296404589692205
4464,6756.028548673632,503.6483542620801,2.0,23.292062560252283
4465,6376.280638257233,5282.973584580932,2.0,23.287119349040267
4466,868.9666679913397,5129.560194911436,2.0,23.2832540937725
4467,8021.609650358896,5879.151709703536,3.0,23.281961710112526
4468,5827.158597398236,3467.5735301890118,2.0,23.26277292548056
4469,9133.461802693815,862.9895367121368,2.0,23.260579608236046
4470,989.2634821488741,4573.747528507008,2.0,23.258870983220127
4471,2140.3672796530213,187.92516252306254,2.0,23.253754062119917
4472,8334.171292358704,83.70602141077978,3.0,23.25248849788483
4473,7215.923818342386,4627.404630871952,2.0,23.250746291916926
4474,7915.497336375398,2045.057610886944,2.0,23.244323547148763
4475,195.29555058638036,6341.231631490126,3.0,23.244119317142065
4476,356.5285222383011,1121.1623443688443,2.0,23.237946894014982
4477,283.3008449523949,895.7084440233645,2.0,23.236182339887346
4478,4306.510965699356,3070.2397454811125,3.0,23.233836129062446
4479,8144.15496871212,1606.8725047067378,2.0,23.227650866935598
4480,6846.073874413481,1651.39504906141,2.0,23.226929513733054
4481,3323.160274200392,2357.3794297426575,2.0,23.22679396908525
4482,4986.471596196184,4525.106555245962,2.0,23.22193280444475
4483,9034.26582825882,1753.6624256009568,3.0,23.218800232815443
4484,9348.084336654892,723.0958757895983,2.0,23.213920866404287
4485,3588.2962591930846,2009.2519466192161,3.0,23.210354864478813
4486,1190.1482244236418,1097.156986987817,3.0,23.20834845906715
4487,5310.953926046963,4471.49349608912,2.0,23.20695242782237
4488,3806.68734643248,4470.175783910512,2.0,23.20154706543081
4489,8931.282791571117,1889.2052773419284,3.0,23.19728795149942
4490,9403.635761755271,235.46359465713124,4.0,23.19537760843653
4491,8371.385786836132,6376.968602765842,2.0,23.190793648657017
4492,1505.4789862284294,6185.0595112042365,2.0,23.180065474122134
4493,2236.1881956558336,2545.5713524118814,3.0,23.17941431792771
4494,8474.230926747015,2881.5581746223584,2.0,23.165426128938325
4495,6110.120327832412,2291.6110155145534,3.0,23.159065406270976
4496,992.0174772560629,697.4990274870582,2.0,23.15864466605193
4497,4905.5886448994215,1847.231627071704,3.0,23.156001042274106
4498,8157.554808398231,2361.505678121356,3.0,23.149787867100127
4499,8725.187252206955,80.05688082943088,2.0,23.148165269227615
4500,5228.286564394024,6083.341804296004,2.0,23.14293431245915
4501,9260.085111285323,2665.242997832932,2.0,23.137757484908132
4502,452.58652608656575,763.4000636874872,3.0,23.136753348643186
4503,2799.2751837053493,6165.891257302476,2.0,23.134355735375856
4504,5406.041854383717,2253.3429054155945,2.0,23.13424009009483
4505,2542.4056827533905,207.019205681497,2.0,23.132019797722325
4506,4932.146097167638,1823.9019979026184,2.0,23.128635081681573
4507,9176.535150536578,187.99725914043506,2.0,23.12554047729295
4508,6216.5517463463,3446.048708630166,2.0,23.112122917029033
4509,3653.058831383995,4999.540971342384,2.0,23.10952346464425
4510,4379.378729331525,6281.3272226385725,2.0,23.103754714103488
4511,5522.106651816309,5563.508603211058,2.0,23.0983020797593
4512,7800.319692163473,4707.3454776887,3.0,23.096145219220872
4513,6542.477992455203,2886.924281236023,2.0,23.09588071084632
4514,7364.495890462663,939.1843472665828,2.0,23.092169597840773
4515,2187.182515023847,1187.5905637755188,3.0,23.08805730779391
4516,8423.419805279544,4107.1578370602565,2.0,23.086578811244475
4517,866.2052690524675,4601.719656618417,2.0,23.082531190976063
4518,2000.1807837832057,3651.3017146476486,2.0,23.08249545804567
4519,9188.408921636488,3266.0799011119584,2.0,23.077857921358554
4520,1833.2933657663477,2779.619639430297,2.0,23.065982846571178
4521,677.2060164694027,1001.4674254609646,2.0,23.063375183812152
4522,563.4616078114395,2133.437539893676,3.0,23.063094118910172
4523,2212.130972792837,6231.88730549342,2.0,23.059496996526118
4524,1559.0646827507185,5691.175797611215,2.0,23.04453591174041
4525,4732.544878934771,5808.021996273906,2.0,23.036092582148655
4526,8363.29860692622,1355.844536695975,2.0,23.030543900323615
4527,3410.003052808621,5958.330682194556,2.0,23.030464530762377
4528,756.5368959259365,5085.269063173829,2.0,23.027767130268728
4529,6758.12815530999,5629.511783650574,2.0,23.024152943085404
4530,2674.3228409738063,1585.1431754376613,2.0,23.020140277714127
4531,9013.3151669049,1988.882103723959,2.0,23.01777681489201
4532,5428.5778551079475,160.26169290420245,2.0,23.009185278376926
4533,711.6196119511167,2635.391763707123,3.0,23.005975672250173
4534,7690.062890435694,491.38567802937325,2.0,23.002038649802202
4535,5453.014851219627,5285.4687925216485,2.0,23.001219399515453
4536,2096.6192415244177,2860.029346641155,2.0,23.000847307177864
4537,9189.52106551712,4377.270432073,3.0,22.99443630502197
4538,6414.985826132094,5447.520955149466,2.0,22.988866432158527
4539,1564.534443305345,5863.984409437459,2.0,22.98576027191072
4540,3242.0765577076045,3765.3465669009406,2.0,22.98449701613232
4541,4173.448088973375,4405.878608635093,2.0,22.980744463886705
4542,6933.611936212844,2886.1495697413634,2.0,22.979062514065717
4543,1364.0193614858395,6173.527508706093,2.0,22.9766787171584
4544,6647.216170872123,2995.4951507988185,3.0,22.97265865839024
4545,175.19796718267955,2355.593406981307,3.0,22.96912362375123
4546,9254.390867929129,5863.398790268694,3.0,22.965619319912523
4547,8685.131481393384,3445.5542276606784,3.0,22.962359047559048
4548,4211.038810991912,6119.508229228565,2.0,22.95830530808839
4549,5512.187572555487,1879.5153034101534,2.0,22.95817051511431
4550,996.3252452189976,2125.1162771959416,2.0,22.9564084788981
4551,2775.2035791195235,2301.258526722659,2.0,22.956203634679095
4552,3954.739747944197,5625.372254037891,2.0,22.955504706392425
4553,1308.3237484367698,3525.7102558995894,3.0,22.94664379221274
4554,7701.1623457631895,1716.9423116135783,2.0,22.945543062877697
4555,6369.742095509672,2262.1015666463713,2.0,22.943932018383318
4556,3065.064949821957,2323.1246540036855,2.0,22.93415619520812
4557,2111.213878217363,2685.101320325343,2.0,22.93407838836746
4558,7660.723477869696,4373.787773778603,3.0,22.927308380969617
4559,6096.643022027162,5413.011151153258,2.0,22.926940155365845
4560,7517.928993950917,3059.670721030406,2.0,22.925412967051958
4561,6269.028414140584,4933.43160967512,2.0,22.924563266815927
4562,1869.4237391992883,4759.201645995222,2.0,22.923277034493612
4563,6223.59877503721,6183.17435798312,2.0,22.917772488444314
4564,8995.682417343149,931.0821414673275,2.0,22.9162724122328
4565,8242.451554079138,5463.183699353145,2.0,22.91530840036423
4566,343.58489162817943,73.0172482962821,2.0,22.913911809070356
4567,9371.13170408725,2425.509669235085,2.0,22.913771050533292
4568,3696.2860852070194,3747.766718976876,3.0,22.912398917997304
4569,7089.520954916968,3826.110518622264,2.0,22.902044849047783
4570,7812.0673177206145,112.43731096885648,2.0,22.89797750933651
4571,1726.9913821170012,5813.54154086539,2.0,22.895513491460758
4572,1927.4593326816173,3271.2494975217646,3.0,22.889803214543615
4573,8718.838075211763,5731.966123580518,2.0,22.88774135417898
4574,8158.0367803498475,3747.56114634202,2.0,22.88237405734442
4575,5250.9677077987635,3264.818086113679,2.0,22.876115597215424
4576,3701.6053308769174,4988.614181596378,3.0,22.87564648356509
4577,5668.08797137143,2207.596271444592,2.0,22.872235698059548
4578,1935.21874169457,4447.335450757121,3.0,22.872231967078246
4579,7545.281810747716,2958.9129456954447,2.0,22.869245629392726
4580,8546.513353798558,2522.0540967987895,2.0,22.868070974243132
4581,3110.3526985070157,4552.718283484323,2.0,22.867022627278956
4582,522.4079594486567,4245.054790319657,2.0,22.86678690026303
4583,6035.203251832623,5939.610669148854,3.0,22.85733925342873
4584,5958.7558074369845,2010.9570537914708,2.0,22.85305079577979
4585,6227.9367358639465,1679.6069910350989,2.0,22.852982883880426
4586,1678.1182271214514,2153.4644966925052,2.0,22.848464576664984
4587,1205.7878987547087,5955.942940468411,2.0,22.848170882406333
4588,58.27226365851092,2626.9117649785526,2.0,22.84609043943287
4589,7224.518000252079,853.0451460200327,2.0,22.840019944891033
4590,7667.447181729432,6345.553507558004,3.0,22.833007640599334
4591,3718.2018864292627,2349.4400173517106,3.0,22.827774600613342
4592,7850.1718659089665,1543.3859628847924,2.0,22.82547509022426
4593,4032.6550748206596,2873.8420160586043,2.0,22.81977893975723
4594,1831.107087191928,751.5013481934408,2.0,22.814153670647837
4595,2353.1073471942236,1055.5696023772643,2.0,22.80459915357549
4596,3719.168451129211,4956.818551236118,2.0,22.801577051113856
4597,2482.058389889549,3879.44994666388,2.0,22.79703781275184
4598,6207.923407499485,3167.0065244381653,3.0,22.785271148212434
4599,6109.348579641943,1794.0005443587343,2.0,22.78275651555407
4600,5468.2829381979645,4165.407272893442,2.0,22.780990885574685
4601,22.472586915813544,3784.085388404993,2.0,22.77996782423662
4602,3823.2672681733857,3751.796627393695,3.0,22.770818489639666
4603,6101.924876089533,3145.244479659737,2.0,22.76935054174077
4604,508.29538926905786,5662.101969036083,2.0,22.76538407794496
4605,1936.014736991488,2881.161124097373,2.0,22.759302290796857
4606,5627.38515372046,1273.3150898466467,3.0,22.755598177466833
4607,4389.330657597216,3719.2033979002676,2.0,22.755450493003984
4608,8393.596731528163,1076.8880203954304,2.0,22.754103840377834
4609,5715.656186316512,5089.121364754789,2.0,22.74544564145563
4610,720.0190737047101,4833.333357438096,2.0,22.743927050500563
4611,773.005406514305,2369.3462477810253,2.0,22.742694257584315
4612,1664.4435162339228,1211.4921441387762,3.0,22.72334584853313
4613,8985.193914540383,673.4923685081302,2.0,22.72268354915253
4614,3501.5781325464113,368.0809268511068,2.0,22.721360619533257
4615,7559.310196946054,2501.2808267848736,3.0,22.719853613230484
4616,6247.045476617077,1184.2858790046569,2.0,22.719569714146438
4617,7755.291239021095,1401.4460330261502,3.0,22.716952220963023
4618,4220.575588942712,3970.950813906305,2.0,22.71362641485017
4619,203.51308183945468,2170.051213339526,2.0,22.706773519260775
4620,8506.953285989859,5431.504186493005,2.0,22.70592663437276
4621,2746.04689439017,4455.502732477317,2.0,22.70300853093107
4622,7687.491708376483,1205.8356119894852,2.0,22.703001344438277
4623,8186.4686337153635,2353.965055241729,2.0,22.70239463905938
4624,4275.31815283066,2845.3186727382517,3.0,22.701866477594294
4625,6644.442325722556,3584.852222555635,2.0,22.70113806456845
4626,8690.254768040042,3285.8630203112934,3.0,22.69972524901912
4627,2987.2976897520925,275.0167544587642,2.0,22.69420083209807
4628,4294.383109794676,6201.112740124326,2.0,22.691191258736147
4629,8685.318261331617,3807.1270527049624,2.0,22.6867319394081
4630,3522.849292324281,4165.579355175429,2.0,22.68431162358811
4631,2308.3131851912012,4421.745042769662,2.0,22.669209456928012
4632,6444.734308239855,4554.480836139711,2.0,22.66797763532091
4633,195.66366287944953,231.58351889715794,3.0,22.66761554927907
4634,5001.146656460916,2607.3987688874117,2.0,22.66447235274215
4635,503.5463582601065,987.1594150842022,2.0,22.661414580931243
4636,7160.9413511722,4974.533606277624,2.0,22.652381569027984
4637,5549.469224557449,1487.587804604226,3.0,22.650432866799534
4638,1480.4431220017993,5509.635915401759,2.0,22.649417063106714
4639,5399.470639815661,3254.799700977682,2.0,22.647878911297095
4640,843.6122745016547,1668.0320577551774,2.0,22.64356787301796
4641,5591.554852012504,813.879711978474,3.0,22.63882138901906
4642,1261.436464714797,3051.9209898482777,2.0,22.63573336666602
4643,818.513070582044,4776.998490279497,2.0,22.632208759080342
4644,2118.0992921064167,5490.973125456076,2.0,22.628713803290903
4645,3425.2897684161094,3089.1425500209093,2.0,22.627408434203346
4646,1384.412125608345,5483.188805901427,2.0,22.626605849490463
4647,9208.674237103047,2510.8627887929233,2.0,22.622596504543992
4648,4924.246062516842,2088.3701230648426,2.0,22.597988230817148
4649,1274.7628718758947,5968.020067611763,2.0,22.595174168192557
4650,8346.452607794015,5037.351308233275,3.0,22.592877623066826
4651,1241.45922310762,6101.245302376142,2.0,22.591810800398495
4652,3091.1442104579114,1921.2323562005945,2.0,22.59145599988991
4653,5763.641963169588,2257.314108853765,3.0,22.579235140346476
4654,4795.498528801173,189.08026611255366,2.0,22.572199229409264
4655,7087.299541174094,185.6553110936526,3.0,22.56997800470723
4656,4768.244373488618,6157.540414469818,2.0,22.568083679411338
4657,8230.018511818276,6145.33592410262,2.0,22.567973862315192
4658,4261.788751896152,5273.041081989964,2.0,22.56577856045688
4659,5863.249477725796,171.65752079601023,3.0,22.564303076000684
4660,1075.341358512069,4467.9667896150395,2.0,22.55804834625178
4661,4373.44280140376,2691.983897391815,2.0,22.550077282968605
4662,3195.437324018918,5759.943492968899,3.0,22.548398749784855
4663,5994.065115205343,2129.173446588641,2.0,22.54556624752629
4664,685.0143898271037,4887.616941282795,2.0,22.54284069216427
4665,8345.165879253329,2691.5455886705013,3.0,22.541284898594466
4666,8406.447573729132,3071.5074499356033,3.0,22.539543475185898
4667,4633.883936535045,1803.6566011313137,2.0,22.5279114759141
4668,3985.9874064284572,4229.521571007596,2.0,22.52754922235756
4669,1678.0800517404416,5275.226236537575,3.0,22.521344032488077
4670,2922.3528233605734,3551.0120290963673,2.0,22.517311274226955
4671,5590.877922614313,1157.4419724532665,2.0,22.511901606026434
4672,8104.157031960903,2287.6116392910567,2.0,22.51183076245453
4673,1885.5766470958956,1440.8522315017915,2.0,22.505439919525838
4674,2817.1401672578086,2641.383358854076,2.0,22.499842175818376
4675,5417.688905531044,3836.5145678823988,2.0,22.497857058883895
4676,5665.709953318332,6205.696718698261,3.0,22.48867536668325
4677,7887.1151143370935,3843.461722132702,2.0,22.488234173436517
4678,81.62550743330134,5547.088477996735,2.0,22.486908034089502
4679,9428.477863838902,6351.411424073867,4.0,22.48577395814124
4680,9118.395549927316,4191.536895037907,3.0,22.480170403614988
4681,2566.8132890259903,6263.641481971474,2.0,22.47884754687957
4682,4147.949986010489,4071.7578033853533,2.0,22.477241779937298
4683,2038.1519142751754,5041.556851381762,2.0,22.476972674868428
4684,2014.0353216871906,1620.8170712117912,2.0,22.47695938068251
4685,6449.619071054205,4837.101156097893,2.0,22.472275069497552
4686,9111.069556125407,1991.4547356140097,2.0,22.472203956051054
4687,9076.869318171795,5331.586992902791,3.0,22.4586768231925
4688,7759.8063419473865,2003.6292910267166,3.0,22.457661333353737
4689,9359.336039111553,1811.4641388988673,3.0,22.45743154180772
4690,3397.8400295809133,5083.412989149969,2.0,22.455534950806047
4691,2202.6521797481428,1899.1967551877435,2.0,22.455279228840322
4692,5376.3678835929995,2679.0697931716613,2.0,22.43909523809706
4693,5895.210497702015,949.5512011657858,2.0,22.43726757707254
4694,6110.278861155285,4819.382101235549,2.0,22.437070642473586
4695,3343.000000851393,4277.153776641205,2.0,22.436983182772053
4696,5572.446965030049,3523.34104117535,2.0,22.425772864412735
4697,5980.697292721413,984.8138227012886,2.0,22.423552450535254
4698,6810.22059424969,1419.5985782687076,2.0,22.42270631694806
4699,2707.428297572496,2611.334097794648,3.0,22.41985703345935
4700,8695.566636180918,3965.685214699805,3.0,22.415622252744758
4701,6098.0046015733205,1841.4723455371056,2.0,22.41290292344007
4702,7702.091924327842,6116.713393547785,2.0,22.40618443084891
4703,663.3052894351416,397.18537642126086,2.0,22.403820881562822
4704,367.6254389140896,3295.929339752707,2.0,22.402871074463814
4705,8303.775360864336,783.687030979291,3.0,22.402325996602528
4706,6152.590748037911,2628.0811280320286,2.0,22.401434145960422
4707,6771.427925508198,3126.884580238293,3.0,22.399080311133382
4708,138.28744233181263,5884.983940893139,2.0,22.398332197780842
4709,1564.1596274878889,1112.3041321995668,3.0,22.398262810507596
4710,7082.527220052777,4219.400574834034,3.0,22.396774659249754
4711,6843.926103973305,4683.2441778488555,2.0,22.394655639763535
4712,4113.033815938342,2755.733055748844,2.0,22.392859367582865
4713,7698.665814448269,5981.981070348128,2.0,22.391375992281674
4714,3168.9496711493553,5603.387241906179,2.0,22.385670404936562
4715,992.0307228315503,652.0076952420496,3.0,22.374584657935067
4716,5371.637768443399,187.7934400456816,3.0,22.372767265345765
4717,7611.799379147598,2555.380294169793,3.0,22.37220338686159
4718,9435.016158643035,629.5336096770819,2.0,22.368448836726262
4719,7478.186036547728,1093.6568612986268,3.0,22.368234548912785
4720,407.7054270445358,701.9583975770021,2.0,22.36374528666956
4721,1039.47870044611,3882.983351183466,2.0,22.363263679001214
4722,3095.1015541823754,2229.3106121525534,2.0,22.36087420875708
4723,6796.310714744647,5221.651792862724,2.0,22.359232918113825
4724,1973.9690063988714,4973.504163186289,2.0,22.354937508728177
4725,3480.465628090238,1418.0399900613884,2.0,22.354766864086773
4726,2175.1060061607936,6192.407157200936,2.0,22.349803533808455
4727,1418.2681969245596,2649.6038661208063,3.0,22.34909193081268
4728,4096.934294548655,2327.593086096627,2.0,22.34227385030138
4729,1383.6433310811806,2869.454968281704,3.0,22.337958600308855
4730,2617.2976629219606,217.65921522358343,3.0,22.329659703223697
4731,6695.42022199019,1953.5785837960673,3.0,22.329205141372714
4732,9569.651164467285,4297.0450988816565,2.0,22.328180645944748
4733,1204.5876327492947,587.0050872935441,2.0,22.320374049905706
4734,2643.8935081522077,3058.9490141382407,2.0,22.318461955747185
4735,8770.437072997696,5799.902225666209,2.0,22.31143074428036
4736,1143.4263581997673,693.2091494156698,3.0,22.302028646464436
4737,1633.4004105971267,1282.9051408257753,2.0,22.296412487460636
4738,6243.130400755241,5461.5429277523,2.0,22.294870058173384
4739,4029.5572097218983,772.9535105518044,2.0,22.289554081176927
4740,5373.08938269504,5909.606698181801,2.0,22.28810749372334
4741,4752.749542901325,926.9721787990026,2.0,22.285328622595305
4742,4269.928648146935,1613.4591721620295,2.0,22.285201014723942
4743,1644.4437800720564,2643.854684952045,2.0,22.2829662942639
4744,2117.529369792403,445.733620004399,3.0,22.274794628410646
4745,5189.221070438144,2885.386777685451,2.0,22.26791053631836
4746,3791.538998615609,3869.108423168883,2.0,22.26623374372486
4747,4627.973687218549,5439.807845536782,2.0,22.26332546108947
4748,699.7782230347608,662.9904225412828,3.0,22.261059626354903
4749,8752.38845463591,1248.99060546665,2.0,22.2549131352852
4750,7399.11733730723,1841.4582575360819,2.0,22.252991852635386
4751,3736.3398783780926,3365.0249580134932,2.0,22.24791422360004
4752,9083.116017815008,1593.5386393992885,2.0,22.245361912452527
4753,2104.4568184087543,4989.403781732,3.0,22.244835106424873
4754,448.5228382667128,2129.529790914615,3.0,22.24278307925831
4755,5794.639416169011,1823.7014941279735,4.0,22.23109257461244
4756,9192.153315435817,4957.280861975499,2.0,22.226577516523065
4757,4765.780662652507,4335.658441309456,3.0,22.225794791333424
4758,2757.452371191314,1783.1886835801636,3.0,22.22472462165866
4759,5482.554755466033,4674.900074766621,2.0,22.224524474683992
4760,4769.372922143887,795.8088006599628,2.0,22.22244480881304
4761,949.3372353222892,935.6990001487906,3.0,22.211214091067106
4762,8160.655592940422,3543.1930032702194,2.0,22.210072299050353
4763,3177.975096857957,2991.431510432182,2.0,22.20957935667511
4764,4665.243900702354,4715.098608458699,3.0,22.20793481494227
4765,4374.735943429785,1801.1737258509618,2.0,22.207724272472447
4766,4415.422506792672,2793.3358349600608,3.0,22.20771575022133
4767,6521.569652325289,2501.511356945132,3.0,22.203773766187744
4768,798.3189496939584,6123.407316034282,3.0,22.199753418312373
4769,813.18096693488,1673.8052450153236,3.0,22.199646072815796
4770,2128.3509185756952,3652.981475617978,2.0,22.199475279801472
4771,8917.044500915597,2103.7315128280525,2.0,22.196322186376275
4772,7912.539454576328,1518.9259934027207,2.0,22.18880119998282
4773,7330.359055168167,4252.91614992177,2.0,22.185862022230893
4774,5299.2497243337,4613.079707739429,2.0,22.178836069408614
4775,1209.2293116050676,4535.469202417641,3.0,22.178151436188337
4776,5082.462934197345,4849.376382073945,3.0,22.177472141439313
4777,2574.3302043282183,3215.375840802903,3.0,22.176313054279166
4778,1616.2190060516994,5133.417149294572,2.0,22.172910854361046
4779,4644.103676212728,1241.3625891155446,2.0,22.17237122009587
4780,5001.861532694138,245.14677222934793,2.0,22.171790511895928
4781,2528.375951621575,5831.565639889435,3.0,22.169261635774618
4782,7985.402788243596,4777.690090417303,3.0,22.16689222232157
4783,5500.465358415675,4431.100740814862,2.0,22.161081849978064
4784,1610.7921452559697,4875.457278643567,2.0,22.160669744327283
4785,4994.207751255606,1883.7017013677294,2.0,22.15883428462598
4786,555.1766134512977,1459.4452411782302,2.0,22.158074127940893
4787,1279.3889418544113,743.6305813838433,3.0,22.15802292253334
4788,6506.884296539398,1662.8532772616386,3.0,22.156753375205746
4789,3207.473485074075,1284.25014921506,2.0,22.15548740881444
4790,642.2201514981667,2413.3377053603435,3.0,22.154122783603633
4791,7140.74713495822,3399.030913263426,2.0,22.15409657332231
4792,958.0662505600427,3833.4334238719357,2.0,22.153901150738644
4793,4562.63469315416,5894.92313827784,2.0,22.146156000455335
4794,258.3041789820055,1335.0103258577462,2.0,22.144592588618504
4795,8434.17922362577,2807.444622105937,2.0,22.138404012543173
4796,8006.428905533847,5365.790635304049,2.0,22.13769787365817
4797,2558.4068723282116,1785.6342575593917,3.0,22.13108244666393
4798,5907.122250118623,4409.665566889779,2.0,22.127007830589463
4799,4938.562082261691,1756.9486959614048,2.0,22.124515118654244
4800,6743.360498920285,6115.695635442825,3.0,22.124513258269722
4801,2140.3962359418174,4863.167360518354,3.0,22.12066430403436
4802,6369.432262036409,6340.972308836039,2.0,22.119411061645128
4803,5007.633926465382,4584.10408036683,2.0,22.11911998207509
4804,1321.9618182557106,5399.556693118026,2.0,22.11628283190882
4805,4790.579740920247,2704.3789326407923,3.0,22.113897670855906
4806,5083.259670966083,2291.2694174788835,3.0,22.11016953293227
4807,7933.152873736636,603.4037449137736,3.0,22.10914811603122
4808,6368.423334733686,1446.9526510983567,2.0,22.107078442239743
4809,3098.2627913537603,6044.702337216139,2.0,22.105329579842355
4810,782.0959628812974,1157.2149529286391,3.0,22.104336192514484
4811,8131.160883262535,3725.3634484309296,2.0,22.103702858999604
4812,1763.9849775496257,2507.715061539962,2.0,22.09914287435618
4813,6046.9648423368635,911.8991287589349,2.0,22.087348377805352
4814,4048.2530540023195,3724.2689600251383,2.0,22.087187425841044
4815,5258.878134957897,4100.372025997171,3.0,22.08547726552281
4816,850.0548454768182,1069.395365295546,2.0,22.084131867639925
4817,4248.242804082576,4195.270949252338,2.0,22.081488276681334
4818,1905.5659221363258,610.0631339981345,2.0,22.08123259512756
4819,4158.019874164802,5663.559084687014,2.0,22.080955946570015
4820,1217.5402483431171,6044.849221991473,2.0,22.0793272838781
4821,7915.576134554132,2011.663019642996,2.0,22.07785573738296
4822,8107.256608654643,1246.8805985414904,2.0,22.07743931099026
4823,8387.25310849056,1403.5664941523594,2.0,22.076996382955855
4824,1914.2863420828514,2523.1285942323943,2.0,22.07529277862156
4825,8756.332115616699,4536.973658744874,2.0,22.070464754238408
4826,938.887611824787,4547.145075055426,3.0,22.06687515689469
4827,3410.542916755774,6215.708113194823,3.0,22.064242130505676
4828,3069.624668223745,3591.210561530896,2.0,22.05907047186317
4829,3950.639187068868,973.2219715234154,2.0,22.05748956752408
4830,6571.549380693968,5125.471128254504,3.0,22.05426206894028
4831,5020.13135200309,1979.2424841649602,2.0,22.049845655038016
4832,5498.205149658465,4336.869966747009,2.0,22.049026519340636
4833,2851.509419595085,6159.159003717136,2.0,22.048351279668097
4834,229.5665131789629,509.03071191225536,2.0,22.04400989560056
4835,7560.3453302778125,6116.967288290581,2.0,22.04134545248342
4836,3412.3457870689604,5949.137313132824,2.0,22.036680321127292
4837,7110.9176867028045,1578.5262709616438,2.0,22.036220495719757
4838,5861.096155074067,4111.087595109321,2.0,22.032518850347373
4839,6781.179551206155,645.3270252144272,3.0,22.030841871818193
4840,3185.1650537044748,4739.724629872372,2.0,22.029537009584914
4841,3887.235229283911,125.70326524623697,2.0,22.026327404298257
4842,1709.9364137717173,5097.588780079498,2.0,22.012761093798808
4843,7078.369608860961,749.0641295064169,2.0,22.010324976739646
4844,6614.275877802021,5868.155946856027,2.0,22.00950809995909
4845,9240.332438887923,6173.1028359506045,2.0,22.008312559487923
4846,6681.32493873922,4136.005224742673,2.0,22.00801504253233
4847,9212.167916315742,5229.312009571739,2.0,22.001956453585628
4848,3021.3291983088257,5529.413411084625,3.0,21.991597411167017
4849,2116.2951566999286,5593.688488598601,3.0,21.990467754305314
4850,1548.3952685938423,4114.049250323142,2.0,21.98062533156315
4851,7974.435792991776,4155.327386936921,2.0,21.979921718366413
4852,3110.586841327628,2197.1279878367436,2.0,21.97793258491883
4853,9224.87697380591,4860.5084157074525,2.0,21.976384159887786
4854,8056.6778123976665,3077.4201492257016,3.0,21.97401128551411
4855,1559.14254645866,997.6049999570628,2.0,21.964877134718378
4856,4964.35599090676,21.01474562508768,2.0,21.963086830181634
4857,9465.067366347623,525.2398133687643,2.0,21.962206017986794
4858,5987.320666739002,4281.5725922655565,3.0,21.958748170451
4859,7468.476419137064,1317.7982285748144,2.0,21.95677991090826
4860,4873.168809247742,3559.990636567765,2.0,21.949503886759736
4861,4386.869938739304,4157.948438983409,2.0,21.944250797666353
4862,6067.215573359219,3869.3774373205842,3.0,21.942074961834123
4863,3042.7514153421853,2558.59266358597,2.0,21.941380125360148
4864,687.9484742364232,6285.654620080425,2.0,21.935966333380122
4865,6566.023482462059,3407.891069989196,3.0,21.935964337947446
4866,3556.3860118207313,1662.9721567777328,2.0,21.932602822373514
4867,557.6257975850565,5615.102929462335,2.0,21.932572672729794
4868,209.93812421271284,3999.511931506787,2.0,21.93196711155444
4869,3827.5056228611384,4477.800060433978,3.0,21.931397038914398
4870,6000.560901250087,3035.599842228974,2.0,21.92936692028981
4871,1380.18488026195,357.2938776508392,3.0,21.92331489277045
4872,133.58398023344424,3095.759135540138,2.0,21.91961760970441
4873,3814.283000665584,3333.735559060877,2.0,21.918510801861576
4874,4190.383344663961,3999.067647402016,2.0,21.914884939410364
4875,7053.013207905393,6110.6998084059915,2.0,21.91113856662017
4876,2230.2403080772765,5756.925413212703,2.0,21.90470019313154
4877,8987.07819315899,4965.577535458557,2.0,21.902529857344124
4878,8095.981095918206,5807.353169766117,2.0,21.901250708874823
4879,2600.365873813414,351.9711533338695,2.0,21.89275694709246
4880,1843.8761129780337,3515.4729502785117,2.0,21.887693118162314
4881,1378.216466138077,3241.452072697454,2.0,21.879956377671423
4882,7369.31732991121,4054.6045288415066,3.0,21.878850116930423
4883,8607.695120114879,1831.3845011211488,3.0,21.876342944149176
4884,846.2769884817745,5092.938523286941,2.0,21.875106252686
4885,2533.45685860903,5724.0496394523425,2.0,21.869950368882705
4886,7608.555870580789,5923.763053830439,2.0,21.867511424541412
4887,8131.708786879921,3807.832758753025,3.0,21.864612720419107
4888,3895.1155575648045,5879.518479372435,2.0,21.862514763186734
4889,4013.1626357521172,3825.146510719497,2.0,21.861831825355242
4890,3061.1701210667516,961.9384276107214,2.0,21.86125313257018
4891,4615.42896570007,2923.606450945827,3.0,21.85729174156231
4892,3566.529008620953,4873.14567460567,2.0,21.852135109827767
4893,6933.099673954636,3435.4393778899494,2.0,21.849329454497486
4894,6520.999914107805,3307.7485578456844,2.0,21.842302589586332
4895,5934.6500142418745,4611.88617651575,2.0,21.838232439191653
4896,5713.380315066917,179.40303605046105,3.0,21.833561282454905
4897,4409.489352570045,2835.3818422620866,4.0,21.82788911503434
4898,8940.347203294044,5699.9508527897015,2.0,21.82561292385988
4899,4083.608561603276,4607.088402160752,2.0,21.825239648148564
4900,7160.202664994084,2453.6167648087235,2.0,21.819920247840667
4901,9182.992844341536,5303.115313031288,2.0,21.816627778502234
4902,6205.160572636197,73.54147797354658,2.0,21.813768813608792
4903,5286.186789875247,2155.5234982633056,2.0,21.813117286234743
4904,854.156866690052,5435.661870766685,2.0,21.81225706081591
4905,7443.916201703154,23.415924875766553,2.0,21.808225605784177
4906,118.97932502447519,23.58485543447242,2.0,21.807087526727592
4907,7892.3278280048135,5797.739151803899,2.0,21.805462386871042
4908,4571.298701423772,63.34737616556906,2.0,21.805440954879533
4909,9156.144328890807,384.96978355260717,2.0,21.80037584111727
4910,8718.425775242658,2351.545592846538,3.0,21.798993772924085
4911,3300.1284818643503,5155.717514957884,2.0,21.798800853518504
4912,4227.486262783922,6039.902098734903,2.0,21.797878360645147
4913,8440.37939697988,2435.3164829557536,2.0,21.793962692914825
4914,4402.394864891193,3637.5983002336848,3.0,21.793228712430903
4915,2106.049890379916,5089.456574660008,2.0,21.792890410281913
4916,7139.598244939429,338.0325038231864,2.0,21.791623994461727
4917,880.763452483492,727.4771743972319,2.0,21.78871109474204
4918,5929.456481335604,1161.967953337109,2.0,21.78787071939666
4919,792.1277856196258,2225.2286634929624,2.0,21.784817894702066
4920,6773.127748250125,2379.445601644489,2.0,21.784097994274287
4921,4516.5421645961,4351.336389208845,3.0,21.783073088520123
4922,1001.6387675357873,1362.7345307012447,2.0,21.78249454599065
4923,7645.82294094415,4453.68868228242,2.0,21.779653358767067
4924,3619.782721868826,3492.7314778532054,2.0,21.773948474593368
4925,3172.355007058254,809.0607391243925,3.0,21.771421801723484
4926,8746.243085824814,6119.49350319823,3.0,21.770154534315413
4927,7697.193556769263,4001.607265994127,2.0,21.770119911775133
4928,7969.108395775239,953.3971941708807,2.0,21.765367685132745
4929,381.90750177506175,3865.7115754576635,2.0,21.765144963700052
4930,8511.382291226832,219.12876899804846,2.0,21.75861457770183
4931,4280.440195123179,527.033332156467,2.0,21.75662802440978
4932,8758.312018701692,4094.910733356074,2.0,21.755888071058024
4933,3274.4666245389344,3415.221793939362,2.0,21.755814414023956
4934,5736.506954311151,4663.270108428841,3.0,21.752179974193808
4935,7037.23610360965,4388.703437812731,2.0,21.752018870458436
4936,2461.7132409222263,389.1225403570311,2.0,21.750623621181614
4937,2711.9022210763615,5677.287368929168,2.0,21.7488265330729
4938,9432.700270938698,3521.2757957068975,3.0,21.74706813873474
4939,6949.5128946388,6127.56707806143,3.0,21.74686064152284
4940,6837.668929097545,4442.591539693759,3.0,21.745254228270024
4941,2373.242687048314,2820.559986409389,2.0,21.74440876858439
4942,7720.080494401719,611.4371635985074,2.0,21.741707023994156
4943,2019.9219744295287,2935.2041425354614,2.0,21.740235455626735
4944,241.13577748736617,417.5405018442777,2.0,21.73793892803521
4945,8563.199695205501,5672.99406995417,2.0,21.726578770654555
4946,8979.591573841777,4937.241042099956,2.0,21.725092085390184
4947,9172.148593664246,4185.586991301689,2.0,21.723713917422323
4948,5302.217978385294,4246.760406812176,2.0,21.719718436871872
4949,6111.298983913857,2554.9439366367715,2.0,21.715811306581084
4950,7704.491125930432,6081.12327973389,2.0,21.713466386042768
4951,4112.1564083460335,779.5787624834174,2.0,21.71315599446738
4952,8852.107662253291,1735.5905439143348,2.0,21.7126483332329
4953,8128.900162903745,221.48613052930676,3.0,21.711605005302903
4954,4831.9197624232165,4331.5569556637165,2.0,21.704234220168725
4955,6930.073889063325,5121.440875623138,2.0,21.703598910974407
4956,7465.144822517567,4303.235527023744,3.0,21.702906313775504
4957,1010.7165551964473,14.35173499118996,3.0,21.702572623815684
4958,3518.4758648022835,6359.051081164593,2.0,21.70097723136052
4959,2320.925949500099,1401.9212583668022,2.0,21.696298167011673
4960,5682.657788679742,743.9988756200866,2.0,21.695466134855934
4961,297.1250592334626,6349.801277377285,2.0,21.6953126561997
4962,442.62873701008186,2235.369336621097,3.0,21.690064708374088
4963,6114.282034140533,1670.059879940223,2.0,21.68759042552975
4964,9326.315289191354,2623.906442466775,2.0,21.68754783661833
4965,6790.712972873499,63.39481576600859,2.0,21.679942122870095
4966,5092.470371293176,2042.9989940413202,2.0,21.67814529475568
4967,8082.529425275312,5985.794597052659,3.0,21.673330764946055
4968,5466.859906337183,5127.694062628494,2.0,21.673252819521903
4969,7609.320389449448,6103.039189560942,2.0,21.673151042379477
4970,4218.228867094515,4307.423488682914,3.0,21.66830088019057
4971,2513.4992359802895,1009.4508709116934,3.0,21.661646984704234
4972,7643.194122648906,41.42061959993367,2.0,21.66008684345952
4973,9027.043604959028,1827.63380510758,2.0,21.659189780630474
4974,1914.4315617078146,2725.0236222860153,2.0,21.655709501218375
4975,3922.2991189110644,5067.167332342634,2.0,21.653771146610826
4976,1195.1643734224117,4211.529813771122,2.0,21.648052378678774
4977,2030.9337099517656,5877.601606633195,2.0,21.645364439399966
4978,4292.847777441818,3203.5129381268744,3.0,21.644378746127156
4979,4753.1212004793915,5699.726755626101,2.0,21.6420672917575
4980,8267.326165482493,5415.114887172283,2.0,21.640917654997796
4981,5649.811811180795,6177.648125279481,2.0,21.63978063073619
4982,5949.32712031398,2771.476035578904,3.0,21.638970597826273
4983,6832.310452282545,6206.040703509771,2.0,21.63870908676909
4984,2825.3315387545003,2221.170361476497,2.0,21.632894791593476
4985,3143.1967106774396,4755.726944107644,2.0,21.632316288396595
4986,601.1466742087335,2371.7713068424505,2.0,21.63217605041144
4987,1387.39645440672,564.9936028992236,2.0,21.63060500453505
4988,4011.28802811658,779.5412141618201,2.0,21.62571952285512
4989,845.2453804259906,1711.4108498500404,3.0,21.6218019058142
4990,8366.014815417526,1563.3488608125951,2.0,21.61985594712269
4991,3699.09166766756,1451.4246421576267,2.0,21.615629449795094
4992,2743.1980771369535,1623.6242350614762,2.0,21.614881224856955
4993,5113.759993467534,699.5117527620378,3.0,21.611457294584508
4994,405.0498867405383,3074.850566811856,2.0,21.606290510436214
4995,8239.6058122855,271.0832765952478,2.0,21.606288633476762
4996,8868.939979398874,5559.470352720554,2.0,21.602640558258155
4997,6147.866734598848,581.9001204663487,2.0,21.602484553385814
4998,1493.378035530676,1994.8601770268262,2.0,21.59852305782218
4999,9566.047027376253,5941.655279593595,2.0,21.592809978948008
5000,1109.1270725544848,605.3969320141991,2.0,21.591604935333535
5001,1156.148349505216,3568.1032796051645,3.0,21.591195601284983
5002,3331.9554620926397,6097.333751375584,2.0,21.587461771124094
5003,6943.381805989409,5507.160003245799,2.0,21.578928039584785
5004,8678.455130440932,2009.6280491425211,3.0,21.575955830855833
5005,1601.0497951819675,3683.6213806270343,2.0,21.571361173396763
5006,253.1435925298246,4725.749724829848,2.0,21.57109593528846
5007,2331.4759091652572,4809.444473880387,4.0,21.569776034591094
5008,7970.391486013622,3074.0201652472647,2.0,21.56914293993714
5009,8317.94818366618,2599.6631460635926,2.0,21.566437951160072
5010,4882.449797624058,3493.5893411902357,3.0,21.563867277713822
5011,5830.137959547583,1578.9327358874252,2.0,21.562731299706513
5012,6512.3075643240545,4755.113518519005,2.0,21.560899619034615
5013,893.344633447894,3990.9740239219977,2.0,21.55608610210969
5014,8606.250496239865,2451.742549108082,2.0,21.555270753804457
5015,8102.633251292991,4872.086407799752,2.0,21.543400999217493
5016,7619.437237280616,2802.9886667615433,2.0,21.537162132737254
5017,7473.35032820322,6134.799413939519,2.0,21.536133227871055
5018,1649.380278133499,3895.240176034664,3.0,21.535989267642154
5019,6877.393597698826,4389.619880711169,2.0,21.532029536291567
5020,5172.073534225482,2620.776046288764,3.0,21.529508397654382
5021,5461.479642862181,2793.243435426695,2.0,21.528538386145758
5022,6579.353359113041,1065.0628169237523,2.0,21.52475195051975
5023,3771.1950339117134,5363.345346190124,2.0,21.522303632856897
5024,2050.6496159952467,55.54140273779169,3.0,21.51726271309907
5025,8584.308678081441,2453.8812940528787,2.0,21.516579972316638
5026,7796.451525750844,859.1822468811653,2.0,21.515380399660494
5027,81.27630106299496,255.45771921891222,2.0,21.508062582116466
5028,4443.134604276573,150.58347820097813,2.0,21.504467139534867
5029,1065.0067536822087,835.4080076565508,2.0,21.502755769176343
5030,341.3808124610504,3879.168550653408,2.0,21.501341490986942
5031,9535.496707482816,1468.9618935571311,2.0,21.500397093129713
5032,9561.950491998696,4689.203830200216,2.0,21.49938281607584
5033,3221.082284133754,5318.262310385497,2.0,21.496290451408353
5034,9215.456811313898,3075.9819472550603,2.0,21.496017824874308
5035,7813.89253546694,423.29805466465956,2.0,21.49249752693247
5036,1167.619183673597,3899.553297106165,3.0,21.491389080228416
5037,5853.333534313519,1351.7855908465906,3.0,21.49070388507058
5038,4486.763880795352,323.8778557870985,2.0,21.48967262157839
5039,5083.2807645889,2475.470749673284,2.0,21.487793439108316
5040,5641.143374251045,4647.641133597811,2.0,21.48579160213022
5041,7833.310667499851,1039.3976594170206,3.0,21.484136615447486
5042,7468.056849469768,4747.753350236182,2.0,21.483980414859847
5043,9084.356529894712,989.3439651982387,2.0,21.48228241256595
5044,8913.69222306556,1545.2207290841588,2.0,21.477703543833844
5045,4097.252568349117,1495.9359051841004,2.0,21.4747671495647
5046,8004.392643312546,719.7760880956486,3.0,21.47230821638893
5047,4930.51666824392,509.0487202173268,2.0,21.471949647942857
5048,244.43405569861392,2239.2716053490935,3.0,21.471209021148994
5049,2938.508368627313,987.2964745411671,3.0,21.470055554432307
5050,8529.147145440818,2137.0506227104556,2.0,21.46845655014342
5051,2135.9368127113694,3145.2721155185186,2.0,21.462813455382328
5052,1796.6023823929727,507.1889588164098,2.0,21.46188329656335
5053,8932.831327275844,2881.4554689394413,2.0,21.460875824609314
5054,5504.198738702468,4089.7276042000135,2.0,21.459524343506
5055,7052.828721034138,4569.34006352965,2.0,21.458620888255666
5056,7052.283972252539,294.9549750476644,2.0,21.456694175788655
5057,5608.581556720532,5711.142600698255,2.0,21.454980203408876
5058,4218.99060598011,175.44425893668526,2.0,21.453774794696542
5059,7237.802068369796,87.60693338820565,2.0,21.45058337810897
5060,2879.542305187694,2205.3397524784655,3.0,21.44946558706487
5061,616.1508856752682,5705.686860149126,2.0,21.447955345171476
5062,6186.22934831499,3441.3926375827564,3.0,21.43424275883223
5063,7448.733457715112,4705.510432664291,3.0,21.432638984936897
5064,1032.1839418159154,6155.510421020256,2.0,21.4314102811798
5065,6252.1522787556305,1316.9040815463286,2.0,21.42734386551681
5066,157.34639063034794,4714.99590646131,2.0,21.418635823011773
5067,6526.973042011515,3107.0544840991124,2.0,21.413079412766695
5068,7769.028251871079,4732.453729425175,2.0,21.40482889023778
5069,5155.416111408623,655.1747653636539,2.0,21.402317615347158
5070,1026.1452328473954,3539.3532437539834,2.0,21.402088644816793
5071,2224.6512467615185,4077.712339696642,2.0,21.400771527582936
5072,2700.564218664692,967.0382320055987,2.0,21.400342489605038
5073,5460.962226719234,2754.704107472667,2.0,21.400106157125208
5074,8539.510309872781,5013.11136997283,2.0,21.3995653580352
5075,3750.1789751438882,225.45048796771076,2.0,21.398929892325807
5076,2019.0837910465286,4563.642443650214,2.0,21.398470771829018
5077,5851.413798668251,3336.966968134638,2.0,21.39795105193376
5078,8992.437927013614,493.1021327255735,2.0,21.397359920850924
5079,3408.8885358945263,4435.677539344709,2.0,21.395525875679226
5080,143.20338706923368,6311.721716461848,2.0,21.39422714329151
5081,8195.060888689519,1480.4379325633029,2.0,21.39380172510806
5082,3611.3510495483893,4648.954078052721,2.0,21.39291547372749
5083,5350.89992523839,945.531612447897,2.0,21.389573245384867
5084,8961.233328546521,2077.816349643601,3.0,21.387645381167726
5085,905.7574162316388,4475.5186306240275,3.0,21.38535331153839
5086,3366.0647683136353,2925.5263492150684,2.0,21.38224121907973
5087,9423.875154260119,1851.3694846481196,2.0,21.38068991600601
5088,9532.636909624402,1819.4727930920653,3.0,21.379338493563544
5089,6936.257396135315,2743.7763398381408,3.0,21.375004424245287
5090,8513.141396842831,1739.2909733378901,3.0,21.372386831026912
5091,4304.2473733560555,4347.376730418848,3.0,21.371553353537944
5092,1915.220501016517,2953.41623067398,2.0,21.371466842630173
5093,987.7754962613511,3784.1543066987965,2.0,21.37006969317546
5094,9441.208309198804,5645.56482105223,2.0,21.368056338056398
5095,7351.915735505692,3713.5002733722295,2.0,21.36415099388069
5096,3736.0790822494173,4059.46480409569,2.0,21.361206561418783
5097,4485.636794878361,4345.021439949782,2.0,21.359398674273454
5098,8252.300323114348,4303.933646509076,2.0,21.35678370145237
5099,1790.1426693002693,5916.931775549577,2.0,21.350330281571996
5100,5444.0379396324315,1615.4280035302017,2.0,21.346821613431423
5101,1225.330176142905,3469.667512967111,3.0,21.344568006536466
5102,7875.471133117069,1249.1148870676673,2.0,21.343982140001025
5103,1703.298887829451,6137.985436557079,2.0,21.342013200761105
5104,1277.0760451677622,6297.766383764418,2.0,21.340192179438674
5105,7274.581633075225,3144.9610119248264,2.0,21.339072003803516
5106,5116.228118140922,2619.4097632237913,2.0,21.338962230777444
5107,1686.986797203795,6159.484054967872,2.0,21.33769424585095
5108,7472.833703562253,2677.149224076386,2.0,21.337417402664283
5109,1054.093649053067,5707.58347508817,2.0,21.334870231931045
5110,8332.748941967397,2746.9261019451174,2.0,21.333941393432404
5111,1847.4898894586956,2527.221036654049,3.0,21.332421149475927
5112,3949.3263095973475,4319.292796207675,2.0,21.31755558199506
5113,2338.9533176330174,3671.408200832005,2.0,21.316697594866095
5114,4538.665947330915,4339.132277286167,2.0,21.30700792014228
5115,8397.461617752113,4340.994129352941,2.0,21.299987865491563
5116,8303.491218029407,6039.644430739795,3.0,21.299986671773894
5117,8655.463211519487,6103.030596514292,2.0,21.298087571184162
5118,2129.3068385307924,5649.733232913978,3.0,21.29615030232961
5119,8253.413946425684,499.06809063023894,2.0,21.29318554291654
5120,123.35579890472117,4587.448882910373,3.0,21.2928439010798
5121,8319.291579903402,2353.906511031451,2.0,21.29264743456782
5122,4931.133251509116,6154.951740830378,2.0,21.290305791164013
5123,207.52622873693184,5701.775580397864,2.0,21.28904633659316
5124,5528.311339055195,4818.106878326974,2.0,21.286825091460553
5125,3291.6771051128903,4935.125808635253,2.0,21.279897165673372
5126,2717.1327286733276,771.3992487753428,2.0,21.278976291604526
5127,2070.4911266527497,5121.475365580066,3.0,21.278693026815983
5128,3649.0464168651374,5375.208809186261,2.0,21.27866711685865
5129,7874.283473913926,2590.9503037627715,2.0,21.278419840708278
5130,5110.661507631274,1075.0850576861028,2.0,21.273488483081206
5131,2917.449783753964,1615.1203263737223,2.0,21.271974142780014
5132,5371.027516312473,1417.426996764634,2.0,21.268649064108093
5133,7211.1629116477225,2051.0359268182738,2.0,21.268244990251464
5134,3808.983242774594,5037.638001653399,2.0,21.264517195250207
5135,9198.64882388753,4601.769577104378,3.0,21.263168853948706
5136,2863.4022973215515,3743.627861462702,3.0,21.2578717232265
5137,3934.510744830963,2771.8705308917383,2.0,21.256529627941312
5138,193.43214713722,5397.128182399063,2.0,21.255986756432474
5139,3745.096643465195,2503.446097969326,2.0,21.255901653360162
5140,1627.0677002614025,801.6255259681224,2.0,21.255515502397326
5141,5932.2537751714235,1403.3097268434417,2.0,21.255488238967075
5142,396.608941174206,5014.88544017686,2.0,21.25368112824798
5143,4715.150465866366,832.0988342539698,2.0,21.25319482726887
5144,4054.4430250868277,6315.679907105422,3.0,21.252145047391462
5145,1344.2934652297388,2133.360980621607,2.0,21.24900459816096
5146,586.030427713042,355.5448939864251,2.0,21.24844702091685
5147,7694.079739487363,4245.633118241022,2.0,21.248120014067222
5148,9200.046487052481,51.57268326354041,2.0,21.24546813847359
5149,1373.377795805235,6037.52460410697,3.0,21.242808368050426
5150,3317.6909595453544,213.10080964447553,2.0,21.239171650036575
5151,4533.354868347165,4841.160095455406,2.0,21.236438261406686
5152,5957.1678578865185,5657.507861973204,2.0,21.23624897666604
5153,2815.0690160277322,4527.50967394691,2.0,21.236008506372002
5154,5245.1519103926985,2999.856972588875,2.0,21.23255900593636
5155,1196.705698690277,3292.9249054557013,2.0,21.229920126736864
5156,3744.2491826390533,3871.022624752271,2.0,21.228291292293058
5157,9234.202805868768,3143.3222405025267,3.0,21.228281412278797
5158,2652.042096656124,5327.536496494561,2.0,21.227897002052917
5159,9257.427588262548,5263.115104837622,2.0,21.22788629888532
5160,5680.035685973876,5439.677837689775,2.0,21.215886681551364
5161,3504.270834005017,2611.5567140942735,3.0,21.215430277372498
5162,8943.03518852133,2793.4524836012915,2.0,21.21531103647376
5163,1724.422314675958,5000.9303782925,2.0,21.211353048050732
5164,7608.47261720374,3529.18446719003,2.0,21.20792778746178
5165,940.413196720529,2504.865677284731,2.0,21.20633069211781
5166,5169.155182677245,3633.3302444090805,2.0,21.201868666302452
5167,1598.0123731178285,2443.4902273349617,2.0,21.20141980592978
5168,5841.346470422367,3284.9731854406286,2.0,21.20012781514238
5169,4327.124036324912,45.67581825606202,2.0,21.200024562731418
5170,1557.5568335307273,4041.0292649287676,2.0,21.19723107526929
5171,2943.487841582599,3954.8799875733903,2.0,21.19362917085524
5172,7877.04902162181,4961.648641463097,2.0,21.193049333390878
5173,5670.210924143504,940.1125861140149,2.0,21.19287196654734
5174,3230.132934692063,5321.330340717665,2.0,21.192357009405367
5175,4724.425523116981,575.1164301605685,2.0,21.186968863026827
5176,8100.655983854483,2250.2185046794634,2.0,21.181966363743335
5177,2143.5046593032275,1877.4657682797135,3.0,21.181066886761446
5178,7311.160665218502,26.925199065886957,2.0,21.179531029621717
5179,5040.176588648203,2507.362245776192,2.0,21.177780405075122
5180,4720.599283204393,450.90708389721186,2.0,21.173802276959584
5181,7080.9858392634205,5231.552001261075,2.0,21.172770615719877
5182,3994.1460649802066,1821.1217958859786,2.0,21.17191884528816
5183,269.17467414958935,529.627972699325,2.0,21.171439962208392
5184,2947.664976703886,911.4671750358352,4.0,21.165857354830656
5185,7763.614996803697,4027.042057714979,2.0,21.165598878875283
5186,2352.2947814972804,1167.6431136325393,3.0,21.165168645552647
5187,5022.25870932768,3974.9742368831776,2.0,21.162376195265914
5188,6315.0967809321655,2525.1734780961538,2.0,21.161742097023943
5189,2204.4810779906284,2567.1511414830597,2.0,21.15883353139749
5190,845.8230312903457,1566.782898018149,2.0,21.156207698269476
5191,6568.240972373133,5919.337036282877,2.0,21.15342125794122
5192,3172.1758575483855,3559.5090671345465,2.0,21.151118181014496
5193,2086.032420264389,4637.498276980849,2.0,21.151005470383694
5194,5632.305193950778,5375.709647232775,3.0,21.15068510203427
5195,2410.5557673630365,2784.046365118249,2.0,21.144612371632107
5196,2783.2062596965584,427.49811069652685,2.0,21.142851979471857
5197,3146.279584404835,2013.4568450418403,2.0,21.137506193624883
5198,9263.198886009211,4147.297861486397,3.0,21.136217220768962
5199,8523.77884476313,5861.365606704808,2.0,21.134970437231587
5200,1287.151029028157,5005.495981008492,2.0,21.132281722425954
5201,475.2118950646473,4769.393363206759,2.0,21.130547041294598
5202,3112.136188124826,347.48141087124134,2.0,21.129141372592507
5203,9379.224987346794,4183.097457801895,2.0,21.125454734989123
5204,5212.349537595549,2407.2457205566984,3.0,21.120986117063246
5205,6023.363431506588,3609.2306159875243,2.0,21.11792716033249
5206,4691.462719545856,2630.148155306474,2.0,21.117194408784716
5207,2699.218095233403,3994.911053519619,2.0,21.114959544554104
5208,4007.3145921912273,2671.2808244699168,2.0,21.111433430088812
5209,1560.9849391026457,5455.609725461876,2.0,21.110769752143632
5210,2244.4591648343553,6363.19340080601,2.0,21.110423068651098
5211,1486.47645554593,756.0659642151091,2.0,21.109869053812332
5212,5451.128055781291,2233.9745722587154,2.0,21.10860699939088
5213,9050.370568634176,5065.604259349031,3.0,21.108277863052272
5214,9506.16227801148,6331.361943682817,2.0,21.107111763246653
5215,4154.424816145499,5363.906828389741,2.0,21.106746893952714
5216,8881.45382743713,4552.026088440991,2.0,21.10534569900232
5217,5727.908842202915,3445.478419370982,2.0,21.104436171040767
5218,2862.9229300889174,3263.478713674733,2.0,21.10295152615808
5219,9272.657827706222,1519.8733358746224,2.0,21.101766743674705
5220,7384.466154030879,793.52314617666,3.0,21.10086973641363
5221,6333.313025828429,3332.166303700634,2.0,21.09998572763006
5222,9239.652077147246,45.09869831107466,2.0,21.09880367229903
5223,823.4807148646781,1393.0459666628717,2.0,21.09721841486028
5224,8292.559174635657,735.4215246353767,3.0,21.09605166514448
5225,7282.975003786242,171.64860264504165,2.0,21.092317831177592
5226,4607.566720970333,4030.073970574291,2.0,21.087806485813623
5227,7863.077308727022,347.5027515684032,2.0,21.087504657728118
5228,2566.9352942682845,6231.229889873568,2.0,21.086758395578624
5229,4508.610832008051,429.1969875621749,2.0,21.08367268499942
5230,7208.115466169328,719.6866558812849,2.0,21.08347154588142
5231,6577.598508845198,810.8842820761295,2.0,21.08124491527591
5232,8964.49570038961,1789.8001642335807,2.0,21.079041582172934
5233,7304.505738695849,143.0750105220419,2.0,21.078404831568115
5234,8258.366007875777,2234.021766826145,2.0,21.07589573720621
5235,9156.425139018816,502.85289902522493,2.0,21.074668798467155
5236,1855.5707040053223,4013.8846256401157,2.0,21.074037569247963
5237,3641.3551810164854,3795.3027805953657,3.0,21.066904112608505
5238,2638.238531702904,5865.291018640759,3.0,21.053181060489134
5239,1167.4887956810328,1567.1444114391434,2.0,21.052470895912446
5240,501.2252453222664,1155.4702389041456,2.0,21.05085084765172
5241,5877.663831389317,3127.575599407759,3.0,21.04861832894484
5242,101.43324893975952,6004.601996217578,2.0,21.043144361621668
5243,1106.451475765183,5014.816632490639,2.0,21.034189311326084
5244,5909.642281269346,51.35472684491503,2.0,21.030487148300203
5245,3785.9694272142724,5407.030979354254,3.0,21.019524992821367
5246,3703.0329448826265,3279.6390145253085,3.0,21.01769925821808
5247,2476.0388633425646,1975.5674543743567,2.0,21.01094162526864
5248,6819.283509241831,2356.2161780940073,2.0,21.010740887714096
5249,5595.590796182598,3783.8199850868045,3.0,21.01001273286268
5250,3693.2642542333238,2702.9799594882807,2.0,21.00889151807859
5251,4635.564515578096,6202.555360738688,3.0,21.00797339094164
5252,463.4169582744173,334.08609110087076,2.0,21.001382445046854
5253,3377.5491152288723,5071.027798785513,2.0,20.99584591305365
5254,744.4504565702373,4555.605707347004,3.0,20.995591612790943
5255,1469.0268746568652,5371.533338386244,2.0,20.99509647419958
5256,2492.843443069587,3883.2474814019997,2.0,20.995060123179556
5257,9547.495023933889,3703.1193127021015,2.0,20.99478891507981
5258,3553.520999736129,3738.9696808762264,2.0,20.99383527479782
5259,713.9747938755708,3537.640415838231,2.0,20.98909732417082
5260,121.81323333840713,2804.6162574948894,2.0,20.985757563776243
5261,6201.951615430916,1371.9044197660678,2.0,20.984261638738
5262,9475.063065376267,1467.3201063864165,2.0,20.98088445889212
5263,9214.138513431059,3385.5413598610035,2.0,20.980786417496237
5264,6518.1522329432355,5881.583143638992,2.0,20.980762723812727
5265,1078.039056843473,5557.6014624644895,2.0,20.973561674771567
5266,6825.1485981384085,3709.579424475679,2.0,20.972232356607584
5267,745.4116151235478,349.23462726447747,3.0,20.96944228101101
5268,3277.0964048093233,4639.612258955011,2.0,20.969008012761364
5269,9305.451777655975,139.12226227928258,2.0,20.968445522073416
5270,1415.1944962368873,2780.2036719048706,2.0,20.966523874778314
5271,9215.546757022132,4505.080449150065,2.0,20.965953277537864
5272,7481.169392929824,5625.326191997647,2.0,20.965818699267636
5273,9002.398817187746,2811.8715609561987,2.0,20.963667238904076
5274,203.25885455407695,6109.492452470151,2.0,20.957361139648114
5275,4358.110505298797,5247.111386197551,2.0,20.955755185539324
5276,1005.1103088332503,3937.4127345209954,2.0,20.95315532588825
5277,7181.45893487419,3011.0311595682256,2.0,20.94440325518133
5278,1212.214753684293,5355.857979222179,2.0,20.94106880458029
5279,4832.150513281904,4912.095847643348,2.0,20.939501554902826
5280,6752.990689724796,543.3325615707976,2.0,20.935705572708695
5281,3776.839355594266,869.6030133173464,2.0,20.934009076391266
5282,7421.110190600819,895.5891215269137,2.0,20.93079744721738
5283,4021.5145169810835,3964.9515714757754,2.0,20.929004907743803
5284,8617.575174205713,718.9952908769026,2.0,20.928881580953032
5285,7883.553017630126,2401.454355259388,3.0,20.92602778951958
5286,4401.058696082781,4187.407616129669,2.0,20.924701984211065
5287,6618.463704153321,1172.0287732467334,2.0,20.921037457444296
5288,6717.118811056522,1409.618538994968,2.0,20.920641293515576
5289,5197.5476480719335,2193.07305523953,2.0,20.919276077635352
5290,7385.989508901184,101.35675507024477,2.0,20.91896511396101
5291,7246.767791392384,129.676965267355,3.0,20.917756822537477
5292,8562.753925531559,3365.310905922784,3.0,20.917350290393376
5293,3466.312031498927,431.5548766115903,3.0,20.915471971527882
5294,4164.061618177687,2225.5501535082776,2.0,20.905488832191605
5295,287.8805943009684,4601.45645160838,2.0,20.904879847293248
5296,9235.262490628756,5593.480725599879,2.0,20.90419312222702
5297,9517.126379987345,5815.018881544019,2.0,20.902157560446884
5298,3028.3728365384177,3075.230811287321,3.0,20.90011883847677
5299,4914.103367473762,3057.5291374562967,2.0,20.899748451924843
5300,2787.222604974789,3635.123853339899,2.0,20.899254418250788
5301,5315.5179003254925,6329.832415656232,2.0,20.88511059812595
5302,6211.1517301158165,1651.5500483747735,3.0,20.881242600076565
5303,7392.56184907722,2256.8276744142568,2.0,20.88099632495959
5304,5379.728880956029,1118.8462236256107,2.0,20.880445074598178
5305,5536.075648550614,2273.3789793199253,2.0,20.88041487136556
5306,189.59198207655407,363.1892183009279,3.0,20.87051981389641
5307,8548.582439897462,491.2170645131754,2.0,20.868479102993476
5308,7404.060417728549,2697.254714435664,2.0,20.867468952263504
5309,7389.190952638792,3469.5175571957843,2.0,20.8665535194729
5310,2049.510354630691,5984.893370106062,2.0,20.862338170995034
5311,5477.544118612467,4953.823526419081,3.0,20.862094598052536
5312,3982.482877960634,294.927469468595,2.0,20.86208410107038
5313,7999.661013323942,3117.6094014962164,3.0,20.860780044996115
5314,2998.7713062522716,3715.589519822154,2.0,20.85585007141228
5315,4114.4039288265485,4963.06387266385,2.0,20.855223196873133
5316,4919.163412800045,5019.523931234942,2.0,20.852520730368216
5317,9150.241315518366,4335.285389679255,2.0,20.851799640588336
5318,6847.495558934496,4650.968831760184,2.0,20.850768257133854
5319,2087.4739463964056,5743.763683039206,2.0,20.845162149026443
5320,1503.292942772923,5663.041492287151,3.0,20.84475216289294
5321,8160.124636305335,4673.378344459311,2.0,20.844421670002898
5322,7468.1728392661025,4789.634846421265,2.0,20.839223669656732
5323,2678.5466827871637,5655.048427980065,2.0,20.838626897311308
5324,2007.3851738468084,5594.165775534096,2.0,20.837759085314556
5325,4958.0172877357345,1205.1115290105583,2.0,20.835643777589166
5326,743.1054188848641,2721.476055139887,2.0,20.834953227990972
5327,2068.1952145657037,4685.31087792852,2.0,20.834346841587244
5328,3523.1536639305796,2873.6995014952763,3.0,20.833438976736023
5329,205.04940116554656,2205.416523542785,2.0,20.832530595161597
5330,8715.321916953484,5759.618329782044,3.0,20.82580692922847
5331,4308.008778649796,5367.414419502893,2.0,20.82470631532235
5332,1443.3224504885245,4995.441377680778,3.0,20.82426087771868
5333,4806.402353218254,2159.0256040624254,2.0,20.820129753468553
5334,2090.3186279046854,3447.6351643536636,3.0,20.81959038941006
5335,6748.941305904013,941.3830136912237,2.0,20.817513356877093
5336,4782.953678044365,3249.5393996220423,2.0,20.812084410600733
5337,4236.235021876152,3445.026289064866,2.0,20.810623880446787
5338,853.9355235896103,3903.427348551047,2.0,20.799058180227874
5339,7765.096248924645,1163.308876037102,2.0,20.798671179295102
5340,6988.229434480761,5593.4174683409265,3.0,20.79794170906702
5341,5857.987058969925,3969.469779664339,2.0,20.79241353859079
5342,3096.9641356171273,393.5231580349353,2.0,20.79141305080303
5343,5093.670518029713,6127.030610960994,2.0,20.791060442671995
5344,4037.4354101562303,2609.0406991763857,2.0,20.79019003736297
5345,6042.955563854572,1917.5809265992514,2.0,20.789915288148368
5346,7637.63875534443,205.3999765580202,3.0,20.78744573324678
5347,6908.535741415136,5073.11728218525,2.0,20.786120199443342
5348,8878.06229107276,395.2719135012816,2.0,20.783477802836497
5349,4828.49615279281,2902.0377194503167,2.0,20.78175514121503
5350,1869.8735627304661,2239.5043988113284,3.0,20.775946062812533
5351,3556.5686932448475,4797.1631645651905,2.0,20.772502729766387
5352,9169.189401671705,5297.087310818314,2.0,20.771439534402933
5353,3475.616038060777,3055.3636344558986,3.0,20.771054123772007
5354,5128.134003326218,5151.440876525707,2.0,20.768938436974707
5355,8244.300051696713,1485.74198544469,3.0,20.766161758188307
5356,276.26107293993846,4071.400214141802,3.0,20.765634486666762
5357,5666.159493550262,2273.444426734685,2.0,20.76542407734469
5358,7642.492322753899,2237.339259848752,3.0,20.76534366377524
5359,3565.1028682487404,4721.401799666827,2.0,20.763575923493818
5360,9224.512259404515,2835.1168246022517,2.0,20.760145077899423
5361,4430.444802072537,3799.994299646649,2.0,20.75924206196177
5362,3124.2818113455664,6028.964750686163,2.0,20.7586314204053
5363,1869.3314671172222,4648.836026047718,2.0,20.756872861325242
5364,7656.809016567091,4585.303904592591,2.0,20.75567374671831
5365,8937.605863622335,1265.2313415207589,3.0,20.75300120215097
5366,456.30918165447196,2154.269027360303,2.0,20.75135212747979
5367,5691.062186841171,3673.4574313695452,2.0,20.74993702065501
5368,1018.8231122120555,2909.5626435260397,2.0,20.749429802466434
5369,272.07830077981464,2235.6813613225786,2.0,20.74620347357216
5370,9375.381476760027,1497.1166883383016,2.0,20.743098402730922
5371,1472.0307446950428,1429.6072603136136,2.0,20.740653709229278
5372,9472.14850292965,5091.473193094441,2.0,20.739070886371884
5373,3106.490599632711,5703.11722421799,2.0,20.738628971008122
5374,1420.4955716972217,6351.165399212394,2.0,20.736385007833654
5375,6262.334305509989,1747.059790446892,2.0,20.73129480517676
5376,3691.9065020151743,4795.520328122422,2.0,20.73119141890629
5377,6944.272189072298,5643.270486970023,2.0,20.730811882190448
5378,9199.502775031608,2715.553071234835,3.0,20.73011942528871
5379,8478.375282792274,4653.085055274338,2.0,20.728914674589383
5380,4415.00443173629,3263.5503087772404,2.0,20.723505965109528
5381,7299.502418780868,2591.1198503420005,2.0,20.720649435008106
5382,2125.5036848823997,1805.2272490646353,3.0,20.71937357134783
5383,2296.1464490930066,1945.9974837751558,2.0,20.717617757238816
5384,8602.677733881466,5609.330384583719,2.0,20.714970977362686
5385,6859.58575912225,4844.983179949708,2.0,20.71247477458585
5386,7540.5108462989865,1065.0007701503855,2.0,20.70949668756634
5387,6778.918709485247,3579.6497849684065,2.0,20.70435525621722
5388,7225.660788497768,1205.8882827982936,2.0,20.70101411136977
5389,5546.4048190889325,1848.1564843993833,2.0,20.700992826314504
5390,1269.1822477817936,1589.5336386429667,2.0,20.70092189102119
5391,9433.382219138603,4277.019503773006,2.0,20.699828415381596
5392,8748.156579359935,3118.4482387087332,3.0,20.699453654924934
5393,5528.397846349171,3423.4030271738857,3.0,20.695489379252045
5394,3291.5666254044954,1483.1901498748387,2.0,20.694531512546067
5395,2406.032362907265,101.55860282976816,2.0,20.692897954303263
5396,3573.731029479476,4136.924732285346,2.0,20.692829687437154
5397,1436.3784007989395,2968.898350838706,2.0,20.689214317942294
5398,6869.0651266567975,2501.7424523495642,2.0,20.685176666346514
5399,895.3795860240273,5307.476874827401,3.0,20.68200230610659
5400,2782.129189386698,2277.3629066230483,2.0,20.681502922827757
5401,5706.246913786342,3563.686920647278,3.0,20.68138115817917
5402,6042.166672120949,1923.3527653558026,2.0,20.681210522646055
5403,3331.0703371516006,4131.614187581787,2.0,20.68070319821482
5404,7476.258992659977,1467.3563981544921,2.0,20.674513476170155
5405,8821.292890314016,6298.915113525788,2.0,20.674270022639593
5406,3106.08063385966,6173.429002491028,2.0,20.674238591962407
5407,7698.645360583822,2709.7953925958586,3.0,20.673770471010272
5408,1156.2833241053136,5530.970429365577,2.0,20.673431972152606
5409,8944.079188615175,6023.349333168072,2.0,20.67336939805831
5410,37.661809223493144,2005.0543919353795,2.0,20.67239483834701
5411,9423.88896734292,4771.287786352872,2.0,20.672111164992433
5412,955.737411844932,5807.961419324357,2.0,20.671877763292986
5413,5435.55286241946,5803.034882215959,2.0,20.67179909558894
5414,1438.2317090457918,1377.6185925770378,2.0,20.663552788353698
5415,2942.9271490414303,3471.1383728115293,2.0,20.663277613817783
5416,660.0621915796761,3925.3385176170527,2.0,20.662272493026883
5417,323.43934579823286,1273.5157949905622,3.0,20.660788397348192
5418,3919.269648828842,1233.1458528008193,2.0,20.65948582004415
5419,3430.017262125103,6280.4935314692475,2.0,20.65758729606247
5420,7761.11255308897,5687.268040661178,2.0,20.65694033594928
5421,5459.109701396163,2373.5504473381857,2.0,20.655055127008925
5422,230.47006073819816,4902.097111992704,2.0,20.64619864665298
5423,592.430886741653,3077.162734380382,2.0,20.64197464284786
5424,7925.2829693323365,3485.6944118236916,3.0,20.640933507858374
5425,7402.406727015372,1627.8099333764796,2.0,20.63773117324738
5426,9386.115194988886,4347.662936626041,2.0,20.636753201215875
5427,3897.520278081384,5325.32590509993,3.0,20.6350044530828
5428,6496.384746820833,4833.118423029068,3.0,20.633360520688225
5429,820.4118412219187,1810.0620406252426,2.0,20.632611384503665
5430,5521.43848236542,777.8971499340809,2.0,20.62738765273224
5431,7229.996341641203,5147.202389699167,2.0,20.62640752119114
5432,6031.275529996153,1597.0508962105416,2.0,20.62625302054199
5433,3594.3739246167684,842.9488439111179,2.0,20.623029911793754
5434,7479.934393971457,5869.529336543191,2.0,20.614947208680032
5435,4119.542129797778,2689.0032953593563,2.0,20.614391290983058
5436,2848.1665252777166,3199.508502046789,2.0,20.61213528389986
5437,5556.131321461582,4613.529818415996,2.0,20.61150599117735
5438,330.37530963398956,5207.286904978468,3.0,20.610376325793705
5439,8544.90439001659,859.4793256206658,2.0,20.602523735248127
5440,2097.554359765174,3494.9397767052797,2.0,20.60119755184427
5441,9548.315167436775,787.6582161943033,3.0,20.600054107052973
5442,7133.380328479087,91.1046079049764,2.0,20.598814883763893
5443,2142.2303552401163,3044.0462934752563,2.0,20.597756504680167
5444,8668.497355444011,6043.134599700066,2.0,20.5975395838756
5445,4195.999934757706,3735.611707167264,2.0,20.59741889438413
5446,5411.579023086702,667.7118961918172,2.0,20.596209077049163
5447,186.98829366730084,519.2543853362009,2.0,20.59507405681783
5448,7148.09628347288,2123.4356869121766,2.0,20.593746940715516
5449,4424.424500007441,95.29485383920016,2.0,20.589016239907252
5450,6214.5871633463585,1681.1852459256263,2.0,20.586714830236645
5451,7628.305174695589,3991.712633517607,2.0,20.58160171909068
5452,2671.931255727141,3655.9719432731004,2.0,20.58134728119364
5453,9153.823988802442,3685.0261987054864,2.0,20.580354190118758
5454,6778.30976085284,4481.646632672495,3.0,20.57891143163112
5455,4935.437953100275,1045.8368141774963,2.0,20.578477331450326
5456,9237.97558868554,6091.345497078367,2.0,20.566122065973925
5457,4811.63950794813,3080.0191719725876,2.0,20.565834227717566
5458,6402.450806180401,5978.074297768831,2.0,20.565177359191416
5459,906.7896363262956,5763.04045119665,2.0,20.5645005283451
5460,8725.127761877471,2505.801293627694,2.0,20.56403714934038
5461,8836.194654110293,1159.5490089334382,2.0,20.56301920097182
5462,6755.540513156687,219.33368768231378,3.0,20.56114705306639
5463,1210.3648648005878,3043.1398871775887,2.0,20.557563951260878
5464,2455.009566420516,2723.7272505321484,2.0,20.55211439723723
5465,5001.624572469734,129.45946424052406,3.0,20.550650234108243
5466,8888.018815789397,1881.3858334528195,2.0,20.54956542676717
5467,7923.058256156074,3359.235623449751,2.0,20.548934539719692
5468,8189.1174932028525,887.6449834339736,2.0,20.54817824510593
5469,8938.616732882096,4753.260834677704,2.0,20.547130768421777
5470,4885.2239177845495,4117.486374740153,2.0,20.538453467727557
5471,817.4579016636254,3749.891797974292,2.0,20.537757224431044
5472,7209.2019410463245,4183.391872389548,2.0,20.534744692449735
5473,1693.156554234493,663.3795020628174,2.0,20.533289862464823
5474,5345.518158889168,2895.2181904688496,2.0,20.533282993994913
5475,252.30542409862068,4353.102117405607,2.0,20.533018199184298
5476,5151.471161107728,1340.9389376832798,2.0,20.531071840820964
5477,1006.9787965631974,6095.621700871844,2.0,20.523032257858052
5478,404.8280623882958,3995.6724646446496,2.0,20.519826527684593
5479,8780.202514723936,3467.540918800748,3.0,20.514742942826235
5480,6331.401902951589,3945.549890145156,3.0,20.51467910036945
5481,1781.608123393364,4937.253207162259,3.0,20.51294495234071
5482,9079.516859712037,3173.999629009007,2.0,20.512542470752148
5483,1358.09945079021,4335.390477283203,2.0,20.511994417452325
5484,8795.570375903322,1939.1365732902018,2.0,20.510644839243962
5485,2742.5235916061943,124.01722019752002,2.0,20.506660347777053
5486,6036.7989985404065,5514.306590136197,3.0,20.50563615339108
5487,9228.414208950637,3522.9324891540145,2.0,20.50394872787955
5488,8206.100884919375,1949.3288488055182,2.0,20.49871294576069
5489,8505.094924994315,1216.8796301734508,2.0,20.49861479490543
5490,3804.289990851723,5458.810899617466,3.0,20.494954764507746
5491,5406.4777448249615,769.0309501759423,2.0,20.4941302231464
5492,4532.91866042383,3399.3743737366717,2.0,20.487712963176257
5493,6844.240834304765,4735.324914107576,2.0,20.487567598398783
5494,995.4114050729463,4994.949871348907,2.0,20.47289301919618
5495,3855.7770390708406,4415.377431054328,3.0,20.470287350008853
5496,2702.824770124605,4936.967823789702,2.0,20.468978031048973
5497,8587.724414883753,3989.191394257029,2.0,20.468010704916075
5498,2856.798979677605,5322.209167355755,2.0,20.46791870827678
5499,392.4788850900051,925.9821715278264,2.0,20.466832527896297
5500,6933.911176354489,5093.499343065501,2.0,20.463935433330423
5501,9028.090349614042,515.7552415202185,2.0,20.46297456852522
5502,5163.961868798134,2697.5535584610793,2.0,20.45891125446221
5503,2316.7718657017954,5263.754300279961,2.0,20.455218885328883
5504,913.1543992152089,435.48889866633374,3.0,20.449947792059305
5505,3036.4155602345186,4993.618554825052,3.0,20.44914623335317
5506,5035.360468405245,1308.9265997555415,2.0,20.447168295437343
5507,2131.7814867493985,3781.2667929893387,2.0,20.445668106951718
5508,8056.914510478955,1851.7665221381546,2.0,20.442372351532995
5509,6792.3078231600775,2283.0429526450785,2.0,20.44229343136982
5510,6323.240608567986,3465.0796224602077,2.0,20.440759235103997
5511,6724.9714284271595,1996.8164718299674,3.0,20.44021018663246
5512,3821.0540775024774,26.14415282640766,2.0,20.438305251150332
5513,3125.154539519629,4983.503845610657,2.0,20.43784969045253
5514,290.6702819114222,5355.844286726362,3.0,20.435591830507935
5515,7105.069807284008,3987.5312348995453,2.0,20.43550612912175
5516,8000.793763951931,5784.845430697812,2.0,20.43366793766873
5517,314.3139672606863,599.6118843709704,3.0,20.430683121094738
5518,8297.226778406464,4471.492831915132,2.0,20.428951145549185
5519,6749.186293277344,5837.454425381779,2.0,20.425796422560524
5520,3682.1932057104545,1695.9216499588829,3.0,20.42261833583567
5521,7015.702001792538,1145.6607229939639,3.0,20.42061495699672
5522,8469.200039465444,1369.4751523167577,2.0,20.420561916406065
5523,264.07756490255707,2563.5437508551863,2.0,20.419158135563922
5524,9118.559704704878,4468.973525200139,2.0,20.418556587356722
5525,1699.4964237520994,5463.167281669406,2.0,20.416917200343907
5526,1107.551007590741,3972.9451980225394,2.0,20.411935708047512
5527,9128.252462946144,5744.878242157991,2.0,20.404823819104152
5528,3296.3741390952578,6309.749982073319,3.0,20.40384332859062
5529,4182.729117950135,249.05144371115406,2.0,20.403001689439705
5530,5541.299357377403,3249.770028910268,2.0,20.402263707599108
5531,1016.0045906680776,6209.452264410732,2.0,20.400119950935462
5532,6819.412403552565,6053.8538477732745,3.0,20.397933276405027
5533,3614.646359189071,5291.208499173722,2.0,20.39561227281281
5534,6846.3156474320385,6339.451600448398,2.0,20.393009944424893
5535,6390.51686014542,5145.032940339627,2.0,20.39161070371113
5536,8102.0743555801155,4065.3202833377604,2.0,20.383778288344153
5537,8209.268870815193,5207.303062122524,3.0,20.383368330798795
5538,2426.031972782861,2939.4222573092234,2.0,20.382616846881323
5539,7356.339008997135,5981.77511704239,2.0,20.380448705633558
5540,9292.627133337151,1039.4558927838743,3.0,20.380385067749756
5541,7500.432785280722,2485.2158841991077,2.0,20.378618961766534
5542,9147.31740624375,371.3959266966958,3.0,20.376749189028722
5543,7701.08600483185,315.5860463937717,2.0,20.37263261994305
5544,6591.554813857289,5384.975816926566,2.0,20.3725186078438
5545,5668.51796159154,1611.1930455157012,2.0,20.36967056704004
5546,9416.565586246574,2568.030993322519,2.0,20.368767952764827
5547,6437.017287264646,6161.811851415692,2.0,20.36757147622804
5548,7287.8601545834235,1515.1582989474882,2.0,20.367279970152836
5549,5318.167538089591,4649.493076947045,2.0,20.364844811297946
5550,8246.278163871171,1782.1404000909445,2.0,20.363645722153837
5551,686.4922676924259,2744.966434750142,2.0,20.36290317978438
5552,7793.430454634355,1231.0528775265796,2.0,20.361349751088085
5553,7578.09867286563,5169.48859911553,2.0,20.35984016399951
5554,5054.539708220417,2967.0457205253465,2.0,20.359282071029547
5555,7853.437089817351,5979.278235545332,3.0,20.358819049130314
5556,7247.250451541736,1221.2506867117354,3.0,20.358682969747946
5557,2815.619015002215,2541.2800806255523,2.0,20.356645554994955
5558,6936.865891653656,2423.5220058813047,2.0,20.356572405493246
5559,7412.431548088958,2885.194101124828,3.0,20.356346531077737
5560,1594.7100896509392,5073.209192408366,2.0,20.356271622765416
5561,4203.609220719171,4717.519780041754,3.0,20.355382994246664
5562,6374.335881904301,3895.0247635102423,2.0,20.355368149562043
5563,4867.027993424166,4517.625791328217,2.0,20.349780026714885
5564,3519.1102107316997,4663.258153853542,2.0,20.34624345939071
5565,1856.4942114667256,39.16745026118053,2.0,20.34561738991789
5566,2050.478153931149,5703.155371548282,2.0,20.34557464546824
5567,8637.334926281108,2267.2615025934983,2.0,20.34547010115665
5568,7446.936231463549,1815.4992957247857,2.0,20.345454794856956
5569,9532.162867427322,6131.291210390577,2.0,20.341259061992496
5570,5883.176505600095,4103.29357167825,3.0,20.340246836153998
5571,3647.3050614773097,1545.7497758897712,2.0,20.3373432823503
5572,4283.403629785081,4735.950833564206,2.0,20.333939358810063
5573,7321.22199757974,1749.4901886855591,2.0,20.3338558159477
5574,9459.22896791614,4143.057066944801,2.0,20.333309459352925
5575,6021.333743973465,5204.9576786874495,2.0,20.328018841187873
5576,4307.083941856412,4498.914153918283,3.0,20.32452968675557
5577,2901.155618017706,3725.394026578443,2.0,20.31745234212253
5578,7587.3802211949205,1443.9012012339558,2.0,20.308947085662687
5579,780.198399506195,2757.397065429855,2.0,20.308480859266464
5580,8735.708819016809,315.1719184609374,2.0,20.307309778168154
5581,2629.5585610329795,3963.185181272743,2.0,20.30297279556614
5582,3401.32776912601,1060.9943739092103,2.0,20.30073883099075
5583,5404.408555609116,1743.0002968866718,2.0,20.300446166620233
5584,9133.76855737861,2586.224418690606,2.0,20.299546116805498
5585,8169.185887433601,5061.343806893622,3.0,20.29871331518862
5586,7429.98466433848,2111.7273836451327,2.0,20.295909810344657
5587,6687.139398167276,1679.5359512369669,3.0,20.29290128063117
5588,7799.016863131615,1251.4087084741564,2.0,20.288389294739957
5589,9410.147353414006,3053.640773075812,2.0,20.286090029561294
5590,472.4290369780469,2742.278510991985,2.0,20.28284067067746
5591,9368.336359022629,5993.046450899423,2.0,20.280253764881337
5592,6053.6128801103505,2455.335139184218,2.0,20.278592435781636
5593,8109.792379071708,2435.833684870309,2.0,20.27834747577208
5594,99.0,189.5457938744611,2.0,20.27658344608357
5595,5459.306436278816,6149.800420275312,2.0,20.274835552833302
5596,2797.3054783231073,3438.9531367922295,2.0,20.273822208670563
5597,4264.095052211101,5985.660808830066,2.0,20.266964376077357
5598,7336.966871985328,5827.614617237752,2.0,20.26590468350574
5599,944.735633259358,949.4972917435097,2.0,20.26236346189757
5600,1329.4591677257833,5631.893390234489,2.0,20.260896646263266
5601,3403.1839828330167,2374.9929925275974,2.0,20.258211734189054
5602,8730.629985261763,5206.8524920666305,2.0,20.25657766333668
5603,1157.1969302777793,2456.884130014144,2.0,20.25211172866361
5604,8670.393025095318,5353.042580907611,2.0,20.250034511784477
5605,6285.153853256181,3765.0182996499825,3.0,20.229947114366215
5606,205.249211702323,2935.2123680886584,2.0,20.228865450937658
5607,1096.028965431727,457.5467471857645,2.0,20.227955681549858
5608,9112.543928111689,1741.5308722375191,3.0,20.223950817015595
5609,6580.232453129077,2453.1105898057913,2.0,20.221830235572547
5610,2355.359338574619,664.8487169743692,2.0,20.221459217170178
5611,6711.376291207244,5261.540335578928,3.0,20.220655048915777
5612,4987.607923235487,5941.823915052808,2.0,20.220046666098362
5613,3747.3692243148553,1754.928622057159,2.0,20.21919706798537
5614,6551.053236434209,1776.5748840573604,2.0,20.216867999124062
5615,8196.311325591912,677.0542763199151,2.0,20.2124645891481
5616,3918.5782728430395,774.9513420205087,2.0,20.211557060102148
5617,8815.744244766707,595.3336211495077,3.0,20.210172550613876
5618,3458.0878051747823,2791.855044551527,3.0,20.20950657637639
5619,1487.5413134248915,459.0558175914095,2.0,20.208600585039722
5620,5214.375454374814,3829.616342571422,3.0,20.206111817334747
5621,6330.154888769581,5033.510134428537,2.0,20.19963033537384
5622,6320.332926867377,1553.6297187868652,3.0,20.198356154155338
5623,2359.026136547803,4731.5859772974,2.0,20.194968134918145
5624,8740.278670802752,5061.531398142119,2.0,20.185527519588405
5625,2838.443051990342,1478.9063490537612,2.0,20.183216243453924
5626,2163.0169025581563,1793.3623693731038,2.0,20.182442495633936
5627,676.1546826189891,6265.427588667922,2.0,20.18241246456563
5628,2152.117957421606,5013.716574923317,2.0,20.18209915638432
5629,6143.25407698939,3173.2534328814477,3.0,20.182043501108897
5630,7335.295241481765,84.887703058323,2.0,20.181298399909153
5631,9365.161786631665,3711.469260895142,2.0,20.17802922228493
5632,2447.1126624061444,2993.481943796959,2.0,20.17785881602011
5633,7221.361848845816,1009.1377097841315,2.0,20.17776025433155
5634,4457.969715965649,4569.732147700321,2.0,20.17451829823472
5635,2996.3130992440165,3167.899133127652,2.0,20.173262089795475
5636,200.55810312214174,6325.868382232735,3.0,20.173132759625563
5637,6741.004757336561,736.5281641647424,2.0,20.164311645327082
5638,7807.98230318244,1319.3110761216542,2.0,20.164067933012003
5639,942.8337612992701,5614.952496391224,3.0,20.163792049232086
5640,171.4297291579113,4237.004728986048,2.0,20.161872702971234
5641,5958.682443693946,5872.788563243077,2.0,20.15951207479125
5642,4461.126480558431,6021.4390021133495,2.0,20.15776970216979
5643,4600.517536413472,1495.8931567975048,2.0,20.156944584028903
5644,8629.097766291412,1881.429286520783,2.0,20.155672625631045
5645,5069.319889687789,3289.363175457479,3.0,20.15491578570992
5646,7784.983662376286,4447.588026313957,2.0,20.15343625898263
5647,7096.379344584607,4262.988045459524,2.0,20.149689910742502
5648,3132.2552604629923,5379.75171880695,2.0,20.149547582720054
5649,8245.350613905159,122.94725853236937,2.0,20.14815873408519
5650,3139.509143468009,1413.9342967324178,3.0,20.14815241262598
5651,5056.0081910884755,4447.428329829068,2.0,20.147421854361223
5652,1598.536400527471,1317.7739640519555,2.0,20.145903940309942
5653,4863.222292980772,979.4327337592974,2.0,20.143198967554017
5654,7374.268724057388,1099.4149122097133,2.0,20.138801712376385
5655,8689.171014584083,3179.099874274839,2.0,20.13723599798598
5656,6651.079083705365,1767.2264398467794,2.0,20.1345125082495
5657,3300.28037481146,4679.474535861189,3.0,20.129761210032395
5658,2941.538848489541,3556.26047289087,2.0,20.129141113161513
5659,3020.4458936346728,5656.957106350371,2.0,20.12575953149185
5660,6794.024700959828,4319.592523031716,2.0,20.122182914054875
5661,8850.842731292209,5089.65666675657,2.0,20.118021999165123
5662,7408.851920431409,4617.780656629678,2.0,20.116820461725187
5663,5628.680821763607,809.31726146621,3.0,20.114045759386325
5664,4967.777006634748,4967.474638834823,3.0,20.111921467983922
5665,8452.588858263305,2700.9475016407814,2.0,20.111858913157228
5666,3638.210908036174,6321.348802649415,3.0,20.109734023950963
5667,6687.023613637327,2283.38128186138,2.0,20.108826898162167
5668,5400.662830864671,579.3849162867617,3.0,20.10363522075743
5669,4836.286250216338,5169.12569284007,2.0,20.09927690874991
5670,1895.0337434171502,6131.508680294814,2.0,20.09504566400274
5671,6656.544522081438,120.94239121933151,2.0,20.092504440608103
5672,5478.985797640612,5561.434554043213,2.0,20.08984589224236
5673,7593.239405357133,1291.2998143141606,3.0,20.088833488717164
5674,5790.229778471602,4375.054210717799,2.0,20.08839227801537
5675,3862.0896786367425,3625.851595959852,2.0,20.086457570517272
5676,8103.618001360888,1452.055344003709,2.0,20.086277075025098
5677,9483.002978011029,6223.2481001643455,2.0,20.08599362121002
5678,3663.8657757612796,6217.552526895029,2.0,20.075124269761062
5679,9065.49629243416,2633.075248062678,2.0,20.074132496206833
5680,1700.4672466767586,3811.0291829144603,2.0,20.07063747995297
5681,8360.239056226514,5427.268883831275,3.0,20.06809769885945
5682,3750.1899680533697,3568.128498445177,2.0,20.06782846295296
5683,7321.358419330184,330.8838640558144,2.0,20.067176753740434
5684,4675.030854302082,3687.7531445239306,2.0,20.066406903214137
5685,1360.4356075561025,4393.367407096513,3.0,20.0621560796827
5686,2694.683129254773,244.22854965789332,2.0,20.059463401551675
5687,670.6378951984325,703.0339967710378,2.0,20.058061523236802
5688,1274.4795816319252,2460.9177172443024,2.0,20.05791810953293
5689,8206.469024283604,6165.025468035059,2.0,20.0574694948621
5690,8755.258712817174,5091.51558753271,3.0,20.056938770272932
5691,542.4974263017807,5642.114795465323,2.0,20.053456757446412
5692,7378.00189220604,6313.52430549677,2.0,20.053380649542284
5693,8539.25821717287,4943.4695622588415,2.0,20.053329720815686
5694,6802.465906053894,1307.1110734020808,2.0,20.05174554570446
5695,995.3894691254915,5325.218261287555,2.0,20.048238940035315
5696,8118.211105711293,4359.90385070441,2.0,20.04730834151508
5697,5188.617474708919,1855.1658119516974,2.0,20.043966644350103
5698,8805.33273526819,3555.571719311371,3.0,20.04241016735461
5699,8489.976283382744,1551.1909255209425,2.0,20.04233891593277
5700,1605.1001030866105,2949.6956569943236,2.0,20.04039783274791
5701,8155.728470363798,5967.223757415806,2.0,20.039568101267044
5702,3188.5444610576333,4511.023555389775,2.0,20.03930914754124
5703,5069.261175194941,765.1488644247439,3.0,20.038601570458916
5704,3844.033611013774,2723.4642110902696,2.0,20.03647480262062
5705,5212.545499114727,922.1835285374464,3.0,20.0334934458466
5706,3040.2740236372447,4413.411039569401,3.0,20.032909006399244
5707,63.371274458554815,2381.4491315569594,3.0,20.032458094389803
5708,6527.3565086004055,2389.1670389747555,2.0,20.029605350063065
5709,6185.205186004712,320.9665888138267,2.0,20.027918055149957
5710,8722.571175688108,5177.470313157881,3.0,20.025725171294056
5711,7492.2840638136695,6127.447626068248,3.0,20.025087618456066
5712,3014.5677639166806,3916.9060578425624,2.0,20.024826517157212
5713,6553.883956344121,449.52681908914514,2.0,20.02455915267822
5714,4469.8537667460505,2786.4126653619505,2.0,20.02154703514666
5715,1161.3152383345732,592.9790140268877,2.0,20.02134848783841
5716,3294.4377889087286,1961.0735752390588,2.0,20.020832063780166
5717,7285.466213772102,565.01009084295,2.0,20.01719800093134
5718,5809.396055784091,4849.077475434819,2.0,20.015306658046704
5719,7566.358051223668,975.00456922991,2.0,20.01402165425549
5720,7594.546943875168,273.8779214911815,2.0,20.012586827293262
5721,6273.571715793775,1185.3158362708677,3.0,20.00928136851231
5722,9433.578447635777,2747.1049087672645,2.0,20.008942337003294
5723,4376.0240664158355,2733.753306496193,2.0,20.007005345906837
5724,3309.1599757961703,6377.433803002804,2.0,19.99874004227883
5725,1183.0763795988832,433.5166947449097,2.0,19.998611235296543
5726,6432.6084737788115,662.9905351151649,2.0,19.997716035836667
5727,8074.488670277633,5416.991919400788,2.0,19.993782822644228
5728,5368.965280011976,5975.288748621643,2.0,19.99353282385623
5729,9432.763330614858,6289.077842349339,2.0,19.988768600581807
5730,6640.880762966804,2589.6644660636302,2.0,19.987131591472863
5731,326.5586055535936,2608.2550376135114,2.0,19.985267698430466
5732,5575.937506589423,5169.678081059882,2.0,19.98366948428741
5733,8404.85466969752,3685.686404026673,3.0,19.9815560601267
5734,1791.2178871562971,1059.2509500425683,2.0,19.980211863755535
5735,1094.2271513758103,2051.855973058282,3.0,19.977051969490947
5736,8207.529638658796,235.0330083338527,2.0,19.975201184286274
5737,5362.497915253181,5367.962744990896,2.0,19.97004324100941
5738,8160.237071588432,2029.9615538380604,2.0,19.9697527113582
5739,392.9075131138277,1137.514264555746,2.0,19.969338813786443
5740,1299.0915693576324,2609.4615273184813,2.0,19.968694670296962
5741,2805.0555639033605,2017.3316711675038,2.0,19.96695118618023
5742,8487.014045778013,4629.431214399072,2.0,19.963218172987094
5743,4135.549160749792,5331.946186361421,2.0,19.958560170424196
5744,7095.279960375122,1997.3996171704935,2.0,19.958359632781214
5745,8810.27570168062,5751.368770185587,2.0,19.953691379203615
5746,4681.13452888221,145.76203765265575,2.0,19.951691759029195
5747,7519.68710624022,3006.9741421521135,2.0,19.9496947623057
5748,7703.086601651054,5199.217660585512,2.0,19.94926351271158
5749,6229.555470818197,5037.751713045459,2.0,19.948631559123623
5750,8929.223895206816,4607.497096911949,2.0,19.948181939944632
5751,6321.447049937854,1957.0429054696383,2.0,19.945457047807732
5752,1210.7784100379395,895.1331941264583,2.0,19.94272391445345
5753,1001.3813179733363,2547.9477375980873,2.0,19.941221796986753
5754,201.3765807162247,4828.742135070734,2.0,19.94085635633412
5755,6042.515389280072,611.3434644447556,2.0,19.940397253987268
5756,357.18544495196875,195.48751391221768,2.0,19.934892185423777
5757,6876.882583634565,5333.46569356635,2.0,19.934187411531347
5758,1641.1948641731524,5087.345141017043,2.0,19.933106070742557
5759,4081.056611333412,4715.647863787367,2.0,19.92812427170302
5760,9420.175971862107,5283.464437965916,2.0,19.92799269235541
5761,4387.618759241069,555.8520201663238,2.0,19.9259434936081
5762,5918.27555965535,5075.821121826987,2.0,19.92567295958988
5763,3488.121080110137,1163.373663067153,2.0,19.924107499239227
5764,7220.165843631201,763.7915542550783,2.0,19.922934146623216
5765,2291.012420686304,3620.088227842123,2.0,19.92290945722356
5766,5524.848963513383,3157.6518258803294,2.0,19.92158176284573
5767,2262.250073563289,517.6075134073117,2.0,19.918481923586928
5768,6664.1921139754895,2969.4711861022747,3.0,19.9178311196764
5769,2067.541823205936,5289.244731802886,2.0,19.914850245911946
5770,9559.412941220016,546.0034951617675,2.0,19.91358096216143
5771,6697.459185917766,6147.9149577805665,3.0,19.910328383291727
5772,3918.070373325841,4178.155535469445,2.0,19.90584626236328
5773,8396.428291477709,2907.604272553776,3.0,19.90556526456167
5774,1689.9211932934652,3015.1807199107866,2.0,19.902805505090658
5775,436.2488744805967,6349.2610579747225,3.0,19.89895787998464
5776,2442.4371986271126,4061.0016223879056,2.0,19.8973602476534
5777,1756.2799365759138,5932.948337196907,2.0,19.89659930369029
5778,1964.8099054650922,497.1935222744038,2.0,19.895700548432142
5779,8584.28988489718,3227.0558100131043,2.0,19.892536342281197
5780,5929.434185237779,46.846446837384185,2.0,19.890776212282656
5781,2658.269517513839,4701.168341612472,2.0,19.886366752609966
5782,3749.1157832075696,2653.485964670091,2.0,19.885138881547377
5783,2255.6209409525554,163.36089639867694,3.0,19.884948911175076
5784,99.9742888513607,4047.3173352030126,2.0,19.882924715872758
5785,7435.326618728051,504.9063544415886,2.0,19.88104615452388
5786,4581.12015082111,2505.21782592998,2.0,19.880932689629333
5787,4902.429922281715,5856.929640851092,2.0,19.87617929586168
5788,2345.4057098629155,2625.9065363034333,2.0,19.87445232948264
5789,2852.019853385186,945.4525152371557,2.0,19.874444561182024
5790,2284.052578581451,3111.6427805690173,2.0,19.873507074718166
5791,1845.003606814398,5861.622171276969,2.0,19.870002621371835
5792,5047.506981472287,1812.0121591646196,2.0,19.867324799780686
5793,9309.058143369528,989.2273381700859,2.0,19.865327195285687
5794,4571.4397402408285,1032.7688634199937,2.0,19.86486182781995
5795,3043.327998578871,1284.9636393722221,2.0,19.862610131436877
5796,7847.619249961408,6143.959046582605,2.0,19.861733776887526
5797,4432.438809576496,4930.053678569029,2.0,19.860371288489
5798,830.2115549471312,2155.7148806202267,2.0,19.85961929295548
5799,2316.3227578743554,2207.6905553711067,2.0,19.85485521007594
5800,2627.7873962214708,5697.239301285308,2.0,19.85463881657168
5801,2921.519877626246,3182.910314941086,2.0,19.85179456126637
5802,3829.249067571041,2545.425833152376,3.0,19.848475228531285
5803,3060.4007960734098,6373.961987794521,2.0,19.846514293173517
5804,9388.21998663402,2785.424245562647,2.0,19.846383470332388
5805,5486.536749720607,3966.9601707370243,2.0,19.833734519267605
5806,6267.3443209008265,3839.0957728392304,2.0,19.832448119604578
5807,1168.6640967318422,6209.012988003875,2.0,19.832433815687924
5808,570.4175063148616,2505.349293204268,2.0,19.831978283778266
5809,5955.534487877807,2176.976765040362,2.0,19.83045274942383
5810,3793.4015915302907,2979.8057573702367,2.0,19.82927458416542
5811,5138.18050285366,522.9829001096523,2.0,19.828017493064742
5812,5127.344879638637,1219.8734829452071,2.0,19.828015450098523
5813,9039.127328784689,1171.7107204370911,2.0,19.826292541448222
5814,4859.135824293534,1437.4671564790403,2.0,19.825499579093417
5815,668.3437737563905,378.0061355303824,2.0,19.824750952135552
5816,1018.0636854690995,5985.384301313875,2.0,19.82434461047232
5817,866.5338294336176,6295.804483950867,3.0,19.82158752727936
5818,4055.4221175606303,4709.727312729254,2.0,19.81793321847339
5819,37.08357962840376,4625.362567742787,2.0,19.817764189641277
5820,6982.074189330608,2097.464471366077,2.0,19.817588323872748
5821,7559.546644382404,4373.950234418046,2.0,19.816503165911747
5822,4761.902516951034,2101.557076375757,2.0,19.81281923712385
5823,2413.5205518961347,519.7168999853426,3.0,19.80976288204539
5824,2950.300219132407,117.39740718632311,2.0,19.808991389666602
5825,7319.981465096609,2237.5995360359507,2.0,19.801406737296105
5826,6135.4357380134625,2339.2981546096617,3.0,19.798216773533554
5827,673.5981542773029,2395.0080118237097,2.0,19.794157462672764
5828,6068.05602813117,3399.410988993159,2.0,19.790466337935854
5829,4097.8229276785005,4909.221860384164,3.0,19.786386180795446
5830,8225.89939329864,6325.262444152639,2.0,19.786271660372705
5831,5972.441676639062,2412.922565643061,2.0,19.783742547709203
5832,6476.576540407545,1308.9251223755914,2.0,19.78356268626343
5833,8773.105194022486,2999.2716116963984,2.0,19.77780300268283
5834,1429.0196930148834,2647.1179315387194,2.0,19.777180305160275
5835,9245.170286523124,2337.43494601651,2.0,19.7768291619178
5836,9438.179899362342,4007.4762057258486,2.0,19.775511564939084
5837,2666.458271344523,2785.988589853061,2.0,19.7737665340223
5838,6782.30042055408,3282.0238606864264,2.0,19.76636358079362
5839,1531.0109804288627,3649.4986184939517,2.0,19.764593016003253
5840,4565.402490099132,5529.455897591854,3.0,19.759759844724076
5841,1232.939858724112,4707.288921866756,2.0,19.759697003924334
5842,1603.8991988913933,1867.3185332268115,2.0,19.75956306059165
5843,6071.578692915446,374.9548021729106,2.0,19.75851585642099
5844,337.22860831572655,6285.581821453743,2.0,19.758405936994375
5845,1964.9701929790986,1907.2756021535213,2.0,19.758049896072286
5846,3012.377479048404,995.4640407035737,3.0,19.755934650879073
5847,7896.961065483486,3491.3767341651705,2.0,19.75437190136513
5848,6802.244963805084,4877.091153718532,2.0,19.75393794779518
5849,3321.5666589883613,1751.304472865893,3.0,19.74646158645351
5850,7813.995058992656,1699.5422130095744,2.0,19.746288534966627
5851,8205.927294110006,917.3177823742557,2.0,19.742868579565478
5852,4213.182902135119,2327.3967938562764,2.0,19.742561958006167
5853,7259.060506233619,5923.520947625972,2.0,19.737869604654367
5854,6242.130559500381,3775.4225682364868,2.0,19.737765860986396
5855,3454.945063418075,5253.73278494506,3.0,19.737041542469683
5856,1501.3346743083957,3403.491416728427,3.0,19.734937567238667
5857,1995.3842294879084,3421.0372214673807,2.0,19.733436790864676
5858,6528.018769133565,4573.477899908324,2.0,19.73082130781778
5859,941.4349823639428,1395.773943802685,2.0,19.7253403900097
5860,7614.621622474533,2045.618347205476,3.0,19.7252240495553
5861,7300.001609842991,2049.848465240552,2.0,19.72460465655147
5862,3394.772555019473,5401.242493578685,2.0,19.722873547880628
5863,9487.110233610527,1363.5071929165151,2.0,19.722014097742765
5864,6590.1539814908265,5035.209116467049,2.0,19.72139735291454
5865,2321.9588967138498,4469.416737694009,2.0,19.716848296455264
5866,9159.574360267181,5154.998651408043,2.0,19.714094127584023
5867,4854.703611590702,5615.759901837884,2.0,19.710271885717386
5868,5728.964966650237,2439.5455055222405,2.0,19.706849620989832
5869,3199.4884031523175,4133.245141441741,2.0,19.704928358121332
5870,1741.8331623754475,3469.4627776256543,2.0,19.704404056124087
5871,1936.3670698733563,1613.1771065160176,2.0,19.704379677066004
5872,8334.067787452244,6023.25394907878,2.0,19.70308157313711
5873,5608.446122666839,3504.913742044879,2.0,19.699656169888204
5874,2660.051610910289,637.5193454269354,2.0,19.698316916100683
5875,6607.29568168769,5519.325753034867,3.0,19.69661532131233
5876,2475.2032656351134,2694.0998859873944,2.0,19.69490361183316
5877,7502.288649226609,4953.102138751867,2.0,19.694002855068696
5878,7262.340703708161,1756.7289983003882,2.0,19.69258931336806
5879,4986.151376883527,5179.542178832381,2.0,19.69090017075016
5880,6983.193759006732,1255.4521278249983,2.0,19.689876193963745
5881,3051.18984213931,4187.4555673558325,2.0,19.68879332720624
5882,4035.4356058276426,6271.776201145946,3.0,19.6875757599804
5883,296.46289881238414,3261.4113280399583,3.0,19.686432898808736
5884,1744.4909517398455,3097.930137302025,2.0,19.68186784001894
5885,6692.471640553205,3399.907118234491,2.0,19.68183240724136
5886,1427.0593772085356,2535.40152498495,2.0,19.680488853116884
5887,1692.105293354033,5563.73676747619,2.0,19.679142083195746
5888,7964.297251081935,5219.444330468658,2.0,19.679137094832633
5889,5058.020344890227,4689.614068415725,2.0,19.677497570399343
5890,9504.241417589172,1363.7303419179527,2.0,19.67738452667447
5891,4343.110789777233,5804.900830621511,2.0,19.673914356285568
5892,8467.111198974302,4049.5923570475516,2.0,19.673762442375118
5893,5185.552211489822,2262.9286461774177,2.0,19.672822645147253
5894,7813.552272673964,3159.263886919644,3.0,19.670616464921757
5895,6958.655521599934,1063.011390266081,2.0,19.666345416087026
5896,7629.188989363122,5615.426416814853,2.0,19.664716599922336
5897,7512.092434546945,5339.5860907423885,2.0,19.66053586392257
5898,839.6458682677167,3959.946933272507,2.0,19.66027262189767
5899,2259.553184967115,6151.573612416856,3.0,19.657252925255193
5900,6871.090380359389,657.6280101636743,2.0,19.65546449236144
5901,9285.40718828878,1709.7137604251097,2.0,19.65448996226195
5902,3481.197860953434,2653.4257177472755,2.0,19.65406402034633
5903,1521.0569692498577,3621.660816908943,2.0,19.65305590139416
5904,43.11701219812892,1475.570473115172,2.0,19.6478404496688
5905,7031.868702326131,1359.0656658172175,3.0,19.643216416376813
5906,3396.207764537434,99.58357132744317,2.0,19.641688459426547
5907,2268.0019578068636,1369.6309174217622,2.0,19.641311400352464
5908,3686.386888832836,3746.856409873315,2.0,19.641272135785595
5909,2606.146441832343,3897.7408898039266,2.0,19.64049901045247
5910,4801.113121659849,3603.5010092491325,2.0,19.64041334373875
5911,1508.290073686468,5119.27541100899,3.0,19.637511519682278
5912,399.1372937509968,3983.5673100255535,2.0,19.637035809315034
5913,7226.61322294374,90.99796594191484,2.0,19.632317368450995
5914,2213.9478359371137,2226.9508524489984,2.0,19.629440743922068
5915,5802.217706022386,4339.481296434485,2.0,19.624404323002192
5916,3869.0192562022366,2895.7364542412847,2.0,19.622609395877205
5917,1063.4646242990364,2365.7069063454137,2.0,19.621139008633513
5918,6366.236820386196,637.5419818449749,2.0,19.6205654735541
5919,7444.035054474814,4934.716536719255,2.0,19.620010305980102
5920,408.38924565911645,4836.121735076675,2.0,19.61532526736508
5921,2422.132488084807,5903.202233575024,2.0,19.61476725711852
5922,1006.8004080499213,1819.5557407369713,2.0,19.612924856419127
5923,1124.433600608667,5775.176648807582,2.0,19.612128986674538
5924,7348.494700146781,589.9714952323443,2.0,19.611678803157105
5925,2268.062924108909,4599.515764554093,2.0,19.608637738605363
5926,4522.150699085928,1894.576334741798,2.0,19.6082503318657
5927,8241.318835488217,3857.067422089159,2.0,19.602644986117276
5928,4510.393276831617,5522.906813498739,2.0,19.60069882835344
5929,7248.2635109988505,5055.410020938021,2.0,19.600152122291316
5930,8061.330338034551,1713.3701318000942,3.0,19.5973411526717
5931,5736.310032731385,1513.1104786009184,2.0,19.596361783319285
5932,4079.1199599482075,2225.4468027608686,2.0,19.5948137098396
5933,5935.354268098441,5549.13324705622,2.0,19.594711112016956
5934,3764.107823068097,1135.3931656319783,2.0,19.59101009931103
5935,6544.967707769727,4041.2566923210884,2.0,19.590891305985227
5936,7845.333147154422,2906.915336486284,2.0,19.590856161035855
5937,3374.1715504038066,1435.7175078928547,2.0,19.590791191633215
5938,8741.444269036838,2057.130298606317,2.0,19.58850708719337
5939,4635.179247065593,517.5976225183038,2.0,19.58581862101105
5940,1016.3978154847443,559.8828092011462,2.0,19.579815904563084
5941,5553.384404074391,4165.235201097175,2.0,19.578131991869913
5942,6083.200870332042,343.49566377924396,2.0,19.577133177156046
5943,8807.61342100677,1373.7970693770533,2.0,19.575808959055678
5944,752.0319191783935,1595.454263055234,2.0,19.57527343708404
5945,1901.8816045909687,1641.8457661385821,2.0,19.57436783092352
5946,3213.341727425831,5849.95618267036,2.0,19.572524946495097
5947,7442.465917378784,1129.0709335317288,2.0,19.571768826471153
5948,2610.876218693667,6229.124045784991,2.0,19.571190997774703
5949,6492.004671606914,2213.505659836602,2.0,19.56957113698002
5950,1290.1354595510913,2755.2896115294993,2.0,19.568101014318472
5951,1912.0236088976305,6173.717870650944,2.0,19.564304327036513
5952,1206.3230774208507,5575.6661692927055,3.0,19.561005516339737
5953,6713.627117459389,2347.058946916534,2.0,19.55885179538009
5954,3863.186305937956,1983.0350722092148,2.0,19.55820639993323
5955,8954.158536205543,5753.649791421568,2.0,19.555957914575906
5956,1554.5196892065846,1927.7556969194009,2.0,19.55588444299741
5957,7741.345037552844,2753.431297804063,3.0,19.555262797840285
5958,2812.3611472880266,5489.534305797586,3.0,19.55461632260428
5959,6953.056040892605,3443.1892166464622,2.0,19.54849301112376
5960,6026.380472189597,3455.8087382449585,2.0,19.538791770378847
5961,371.45834441630484,1170.9156071899108,2.0,19.53767462081882
5962,9262.946628358715,1721.454793147564,2.0,19.536988720886303
5963,7199.924432761249,3691.670252985318,2.0,19.53458470094886
5964,5288.46464604958,4899.08423781382,2.0,19.531377839215253
5965,8851.397926858921,6059.655126900977,3.0,19.531231894007377
5966,4088.6840392145627,3927.4029485779674,3.0,19.52991137494244
5967,5712.787190739544,422.7404947282429,2.0,19.529889754762014
5968,4459.609021837382,4873.759838877631,2.0,19.528612586221605
5969,1988.37251849401,2741.6979606419977,2.0,19.527363694699606
5970,4109.628953015709,946.8774384459273,2.0,19.52631218347042
5971,8473.702500525724,3783.5185674174018,3.0,19.524178854946467
5972,1861.9871759956834,4597.461763027773,2.0,19.520255031584956
5973,8421.403556494277,2640.143967202331,2.0,19.520047834825046
5974,3042.275893628325,5985.371770608908,2.0,19.516559384907328
5975,8403.816433437856,450.94352418904344,2.0,19.514596021700147
5976,2293.3517632021712,2011.72292326623,2.0,19.514412120866357
5977,3833.566539926332,5993.043970039944,2.0,19.51385096074778
5978,7132.346383616355,2517.017973795055,2.0,19.5094609823172
5979,5274.266911497588,3056.204586536344,2.0,19.507565609037727
5980,7320.017735767884,2639.601187390322,2.0,19.50196867239392
5981,6126.064403653559,4723.511533169961,2.0,19.50086046594962
5982,4373.374022355632,1933.0000985102977,2.0,19.498636147564913
5983,122.1346704893923,2237.5065343642727,2.0,19.49759785615834
5984,5237.958708856429,5874.88997815775,3.0,19.495413414736785
5985,4897.821072583873,4576.381377118269,2.0,19.492219199318527
5986,6953.230215925871,1957.1153571647665,2.0,19.491303744497245
5987,1834.6798015591069,2750.109492921633,2.0,19.490201543643103
5988,8951.350728329553,3378.8498258247914,2.0,19.485357004064298
5989,1301.4458824001258,4909.495044536007,3.0,19.47841488175964
5990,6578.570724662235,2197.452096885882,3.0,19.477430743952777
5991,261.32078946208173,233.0492608560948,2.0,19.476410421518644
5992,7367.93450600629,3521.4444116963864,2.0,19.476081624189902
5993,5213.436279581432,1037.148655154824,2.0,19.47473550290139
5994,2289.5566934113067,127.01335876063722,2.0,19.47409824899037
5995,8144.408176442807,2443.77936652711,2.0,19.47373418943478
5996,3781.33266457316,5619.2110046263815,3.0,19.468633141154235
5997,5555.198364999952,5407.577579958553,2.0,19.46685585866868
5998,3515.1892587841044,4435.169163681195,2.0,19.46675730692063
5999,8513.293407572302,1901.5890050518626,3.0,19.462743384843304
6000,6743.319524948588,1743.0439750283772,2.0,19.45876133407484
6001,1214.732599883489,2383.228450500933,2.0,19.45777516494183
6002,574.5332300078562,657.5231155427059,3.0,19.452665202051843
6003,5391.5504670668115,2529.0342684646835,2.0,19.452444196841252
6004,7650.161951025955,745.9301808202383,2.0,19.44819829233347
6005,3254.346822666941,197.26555301369206,3.0,19.447929594978888
6006,1934.3187156481356,3857.1047200037815,2.0,19.44628752969198
6007,1060.1419271717746,6035.600333309155,2.0,19.441820959316793
6008,7936.224036514345,3695.0698098640537,2.0,19.440343171206194
6009,5950.437270564647,1333.853837589132,2.0,19.44031865462587
6010,6770.325144986492,3705.087698264133,2.0,19.439905680703045
6011,8634.26860770294,4370.895719972756,2.0,19.437818443863915
6012,5146.159788449654,1599.8837247641802,2.0,19.436014882566166
6013,1573.67034585043,5899.092973628841,2.0,19.434408218364304
6014,6201.034793982702,377.6561481748453,2.0,19.431072206519964
6015,1646.3505492507804,3423.0,2.0,19.427510829888163
6016,4931.075248640454,1983.6493258654466,2.0,19.425821923699505
6017,6635.302030236926,2871.8859569938472,2.0,19.42500034082537
6018,7288.115842743964,5175.818489359296,2.0,19.422483899095354
6019,4064.440112097902,4453.132440326493,2.0,19.419230963366097
6020,1511.3639594290116,145.06833086812927,2.0,19.416906915150975
6021,1207.1267239968713,2204.0248183042154,2.0,19.416689006929545
6022,3413.6343588972527,1524.9469142550183,2.0,19.41426726583667
6023,7242.542303165067,704.1803474245703,2.0,19.41399063497381
6024,3057.490334350969,5397.174618613376,2.0,19.41276994863214
6025,5503.387716203092,4993.8304836378,3.0,19.406359591294084
6026,4026.792715898154,4185.368986655829,2.0,19.40407304372281
6027,4458.872260448982,3953.4890724173756,2.0,19.40377162902326
6028,5091.172338530015,1469.856408525099,2.0,19.40161173147644
6029,2410.988818892893,3960.360570905628,2.0,19.39805702793138
6030,3728.9295191264127,3405.6555748355845,2.0,19.3939583687738
6031,4377.007889808403,2311.165268655884,2.0,19.392031476641836
6032,1494.443712896501,1503.144532907,2.0,19.3911648119753
6033,8431.484231195884,3911.087424107641,2.0,19.390634990036055
6034,8308.965293924066,5279.469788211186,2.0,19.39024641540092
6035,7869.386322465022,321.8973777403546,2.0,19.390213795744497
6036,3353.558897861941,483.6545302421091,3.0,19.38867398769332
6037,3070.5172760546025,3857.9156063192054,2.0,19.38514691511608
6038,9370.563792325436,6109.4537251620595,3.0,19.38007695446137
6039,1813.0194737617444,3345.3960932223104,2.0,19.377474088514507
6040,5367.705853075687,931.226717458242,3.0,19.37620483779458
6041,7426.597589226407,997.0222457138676,2.0,19.374483324143128
6042,613.047248319818,2031.4349459514888,2.0,19.374216509124324
6043,3609.5815649150163,4857.119500631266,2.0,19.371388311746966
6044,8781.762039677078,1862.0123885398232,2.0,19.369498889797228
6045,4807.092229106893,4981.72362649288,2.0,19.3682512391084
6046,2348.2814717737524,3174.9482906726203,2.0,19.364874972505916
6047,4906.194974948999,5831.613307497522,3.0,19.364825690074873
6048,8915.971484002435,379.4100831085093,2.0,19.362340862029864
6049,4762.44752498973,2546.3372243572703,2.0,19.360443354081664
6050,7367.477514157066,5131.971830122959,2.0,19.358054342388737
6051,8777.265055673375,4030.017004304405,2.0,19.357664474140226
6052,5975.598017404505,885.6965970060362,3.0,19.356794825225332
6053,55.023288991369064,5989.554320438001,2.0,19.355494399383367
6054,9098.326533962294,4221.714960017825,2.0,19.353845528147783
6055,5931.154232105214,5515.582901034165,2.0,19.352337023912508
6056,360.54356079185953,1562.7656719336098,2.0,19.349903725530822
6057,4037.6902537054543,4231.726167743861,3.0,19.34926064770361
6058,4498.297740539196,6077.968007756141,2.0,19.349030510086457
6059,1774.1184842630828,4281.850933974549,2.0,19.348519699891856
6060,5373.95571985744,2489.5962561068077,2.0,19.347412776348698
6061,3305.644705154794,3779.0728995568234,2.0,19.344739117144456
6062,8928.02470567439,5591.748964778948,2.0,19.342794241955737
6063,547.158170865093,4597.411274640534,2.0,19.337032261772983
6064,3363.158830012478,1603.425375088759,2.0,19.334821540614385
6065,5067.315609481642,2980.05107287979,2.0,19.333668705759678
6066,9083.355403968713,297.2292234724118,2.0,19.333303269402258
6067,6087.176744590238,2305.5522151835694,2.0,19.332143679132166
6068,2510.492470029164,5835.970015899421,2.0,19.330644826828568
6069,882.5980074450337,315.67365051126274,3.0,19.32676274566282
6070,7988.44244009215,591.0163522039607,2.0,19.326198157684193
6071,5940.846752327279,4007.465318007702,2.0,19.324573657309852
6072,6124.513242490487,523.9461536604048,2.0,19.324398043617492
6073,2005.0852503879382,5887.503670185814,2.0,19.322644881484216
6074,6691.586397118438,5234.017432332309,2.0,19.32174033850844
6075,250.6356188001892,3595.4102032837204,3.0,19.320421885015186
6076,7703.533718631035,4440.891803151473,2.0,19.317909087633286
6077,1192.1817761047523,3533.6268959620147,2.0,19.315706375826778
6078,3583.6244839590945,6345.073342270842,2.0,19.31418219891118
6079,6689.273188721221,3156.8302095209697,2.0,19.31388068088701
6080,7325.536830496674,1859.1804006698314,3.0,19.312135707711178
6081,3551.708123110109,5065.726562100253,3.0,19.311533273936234
6082,5750.435444787452,5081.465117143099,2.0,19.310903541228544
6083,7932.139107587382,5061.536334326832,2.0,19.310600450686863
6084,3976.1835257133616,869.6801514685006,2.0,19.308972584896882
6085,2144.5859010324116,1759.8263046232603,2.0,19.30819200856317
6086,2199.435684061188,2251.0286528149054,2.0,19.305119171136482
6087,318.8607690147577,2386.896366509014,2.0,19.30478565512392
6088,1273.9506946152994,4299.464398393477,2.0,19.302318456772507
6089,7275.261885796997,1850.8972329049375,2.0,19.302047814915625
6090,8780.667076050033,1533.3034388139722,3.0,19.3016971529049
6091,5960.831003120324,6275.526974529316,2.0,19.301630465128213
6092,2216.1281868816354,3950.1999035126364,2.0,19.301197198686474
6093,500.9858641849758,4345.62090479804,2.0,19.299743362973654
6094,3407.149688320448,5879.559022835003,2.0,19.299044933423957
6095,9094.666517120437,2989.2103761882895,2.0,19.298000497508223
6096,335.3648938257809,4246.980266489038,2.0,19.297913350379467
6097,6389.095801009423,761.5176377007107,2.0,19.292621031999037
6098,4700.492240699649,3881.9392161710757,2.0,19.285894785975596
6099,4383.026102731204,2421.262488738089,2.0,19.282781367991127
6100,703.0899694932148,2109.4789605276474,2.0,19.282154363463228
6101,5329.92489020959,833.5424534240669,2.0,19.281961110735367
6102,2093.9762196264246,5225.6727291672605,2.0,19.281577551264185
6103,1279.9212205549654,2675.559360419527,2.0,19.28125283383153
6104,23.446928313083497,2845.576196402616,2.0,19.280857881070364
6105,6551.231245117836,961.545178934851,2.0,19.280827581272682
6106,4593.950054311825,205.13542204520604,2.0,19.278296613251896
6107,4884.07129052953,5403.714713873025,2.0,19.274032329334585
6108,2665.0236950376793,3011.445926185126,2.0,19.27342812999612
6109,7375.484684782906,1451.3421348308032,3.0,19.271470083937096
6110,8044.424994457559,5034.858328616587,2.0,19.270913730558124
6111,8262.370625101465,703.4419550204118,3.0,19.270555116539903
6112,3530.960132756681,3563.539035107942,2.0,19.268712249511694
6113,1244.1744228984653,169.60113389992742,2.0,19.265381118108788
6114,1039.2843090870406,1303.0137106078937,2.0,19.26340605648891
6115,5957.161513055861,4537.567818843686,2.0,19.262763940154613
6116,2113.089107001929,1423.9225606176744,2.0,19.260656277612505
6117,3457.0088752803945,5031.385200835663,2.0,19.253222939106806
6118,2125.975540253132,3475.5073700256617,2.0,19.253033740080753
6119,7748.822505717198,3883.290797642879,2.0,19.248426952628485
6120,7925.096446222278,3928.6391918709564,2.0,19.24699513559572
6121,7423.918554186678,6117.295410628212,2.0,19.246370566326142
6122,2270.5069811916555,4995.7975559046545,2.0,19.246134174568233
6123,3867.0973790107855,353.3187556867562,2.0,19.244815541552807
6124,4204.509987938623,1141.1175708673334,2.0,19.243404663740733
6125,2391.6062730161457,1213.529799898319,3.0,19.24323504807962
6126,9361.401112132957,3189.022917597973,2.0,19.240592408418575
6127,8629.10219485464,2221.8049199383972,2.0,19.238520966139866
6128,661.2724602736218,5913.5570450107825,3.0,19.237151207534673
6129,4600.844988159639,2175.274976797544,2.0,19.23500585875504
6130,1290.473667707442,4472.18765888103,2.0,19.231518436717423
6131,6232.642556586966,2670.9986444761525,2.0,19.228432301363767
6132,7408.17739349521,2027.0822808774894,2.0,19.228259439554073
6133,7293.570383863132,1142.9556377090098,2.0,19.226809051259895
6134,4101.096606263579,2891.4856439168934,2.0,19.224718744401024
6135,5166.751761344149,6175.482531386496,2.0,19.22229089127765
6136,4161.468017853714,5369.933024293427,2.0,19.217029879933648
6137,4777.4030855220335,3003.017475714198,2.0,19.213387580915256
6138,6390.140769292322,3561.0344785188145,2.0,19.212739088395722
6139,2780.0063081350713,3565.496293641214,2.0,19.21223210142896
6140,690.4528254786788,5059.251724949078,3.0,19.21067691056175
6141,2876.0281672109218,4135.211484586241,2.0,19.210336562175527
6142,7498.716940202088,5067.135613559527,2.0,19.210266286348425
6143,8662.165787175247,1173.5887324186574,2.0,19.210014760350866
6144,384.272799153754,3061.375544014639,2.0,19.208983977006316
6145,8886.27752990481,4483.187725589093,2.0,19.207861281170516
6146,564.2309437305978,4205.425190967492,2.0,19.20613138292664
6147,7123.464722921044,6341.832299469179,2.0,19.204846173155754
6148,6706.2165351038075,1382.0374698690894,2.0,19.203402243147874
6149,895.2904073790814,4773.44913788983,3.0,19.20314792349344
6150,7810.156487329748,4867.514824580454,2.0,19.202052568086813
6151,7139.946282711446,5497.502276816802,2.0,19.198370139299183
6152,1187.1708896621417,1424.944996035547,2.0,19.196701057880947
6153,1593.220295299807,2797.432965387634,2.0,19.196554414853154
6154,5332.964794196929,3765.781459012069,2.0,19.19632934585918
6155,3890.618049665348,4455.5293686695395,3.0,19.195491501177226
6156,6442.808051753972,1374.667577517344,2.0,19.189167411949832
6157,4148.291025604331,6094.953008317907,2.0,19.184582373516402
6158,5702.568472863125,362.9437494058979,2.0,19.18347121310161
6159,7826.946508119633,2311.2432657578347,2.0,19.182501854942103
6160,9161.575962887495,1915.966107824639,2.0,19.182467035475923
6161,7871.085684368661,4687.737568918374,2.0,19.180256190730056
6162,8642.549084933204,1521.1511063028088,2.0,19.178765672437624
6163,5867.280681460596,1940.9555033519293,2.0,19.177686870407662
6164,4045.7731775417037,6137.487345406857,2.0,19.177440549252374
6165,9069.565648305905,2255.309740779239,2.0,19.17607158660301
6166,6809.462213026762,956.8549979468581,2.0,19.174782350706998
6167,2653.6259388616822,4381.296655677466,3.0,19.173226153872022
6168,597.0252313017983,1095.1788850903827,2.0,19.17301561711159
6169,3976.468914584495,5789.653388481681,3.0,19.170370109833154
6170,923.387440907226,6321.443702411564,2.0,19.166790777479203
6171,9569.17825974515,3429.6507739852505,2.0,19.165131368649035
6172,7253.195243690296,6013.17324100315,2.0,19.163088406801307
6173,1398.4639060700779,4589.998698699192,2.0,19.162468541160635
6174,7882.3909330703345,2673.419668510127,3.0,19.161925057269098
6175,6025.73018013116,5069.045947651753,3.0,19.16174218192976
6176,3081.600005223935,1103.6815488029576,3.0,19.158399209539645
6177,9346.551110201184,1299.0756019474527,2.0,19.158098917646203
6178,6852.392768224426,3316.2863559730476,2.0,19.155700774701245
6179,7788.093401531523,3165.5263325442966,2.0,19.15457516761715
6180,845.7001428782505,3687.5756396046695,3.0,19.15434049282444
6181,8316.098293568719,1551.2233227138533,2.0,19.15229543265549
6182,2937.15167404058,2067.3934049552254,2.0,19.1504832928792
6183,1595.700063025167,1976.0423250352414,2.0,19.147525857177083
6184,7939.686916222796,3671.852915822677,3.0,19.1462015161562
6185,2897.569101478826,2849.235663735027,2.0,19.14508971817194
6186,8484.10050766739,101.64845579258835,2.0,19.145066055141523
6187,1241.3933762815,3126.1088541099366,2.0,19.141669699599735
6188,6265.478191754863,2225.201530824638,2.0,19.134449146140483
6189,5114.696126810438,4244.028771552819,2.0,19.13425302646212
6190,1591.146879023499,3495.512932033481,2.0,19.13179781451198
6191,8140.132897730184,1759.5910497731181,2.0,19.129671910758713
6192,3287.288064547817,3809.249051429249,2.0,19.127214938043487
6193,5252.267527671209,1693.4322237396125,2.0,19.12698348949002
6194,7722.303144181879,4152.054060561947,2.0,19.124711548258365
6195,6170.444641553657,1143.0735438076413,2.0,19.123498840741554
6196,4805.25079770695,409.5563266511531,3.0,19.119744985524257
6197,8391.092380653014,1833.470287799146,2.0,19.11822996492221
6198,6094.246674904655,3177.0159993280913,2.0,19.11663283945691
6199,6512.335143017388,514.246603066279,2.0,19.115100931043933
6200,5294.854677633398,3133.4923500532673,2.0,19.11207904554496
6201,7299.061183569158,3303.60206421192,2.0,19.104688559734992
6202,7066.653677449903,865.326480538652,2.0,19.104395335367965
6203,4743.009247055966,1879.5956357483192,2.0,19.094595394265635
6204,4589.8179585780845,142.45095014758073,2.0,19.094155484786178
6205,5006.873019273274,5013.669102249967,2.0,19.09028941176519
6206,1028.4151121096138,6073.880655209279,2.0,19.088977004383406
6207,9408.19224950695,653.4058624862781,2.0,19.083223994005714
6208,4664.992105089849,2602.1044839017104,2.0,19.083208171898878
6209,6297.438193085765,5707.248188899872,2.0,19.08217566757026
6210,7266.447978563419,1430.0419335696479,2.0,19.080179853989797
6211,7592.458257478696,5175.908529825472,2.0,19.077758134968413
6212,7392.121858630799,4819.736444599246,2.0,19.07667631886066
6213,1281.5971167908303,6358.975255306088,2.0,19.076495337756846
6214,7351.367809612382,4159.1197290429645,2.0,19.07646247178983
6215,4800.900128453863,3047.350626980342,2.0,19.075709824945292
6216,8685.427172800499,3392.0848950209806,2.0,19.073444199102486
6217,6345.079045590312,2683.5000993778744,2.0,19.073095063260922
6218,3022.854118305845,5095.435669942667,2.0,19.072697352239665
6219,5172.1731658821045,983.600312001428,2.0,19.072430165785313
6220,5132.133227200535,4735.85971118439,2.0,19.07186044768278
6221,5260.527188377004,2075.06677879735,2.0,19.07088865065331
6222,5413.174483346955,2723.682995145217,2.0,19.070181998776224
6223,1350.9687010116147,4921.916637099053,3.0,19.068601565681917
6224,2059.0504687959165,339.5883864967749,2.0,19.066657810081967
6225,6367.943710506412,5733.308712429935,2.0,19.065978817530095
6226,2598.164369068861,4931.5021335442025,2.0,19.0642168237448
6227,5273.3771936412195,1283.2087125687788,2.0,19.063000873848452
6228,7855.353237767768,4643.409144277828,3.0,19.056420114356744
6229,1582.0951544506258,3777.849936866965,2.0,19.051597375496314
6230,8134.209534745678,4759.562532017354,3.0,19.05129046060302
6231,3549.1286413191096,1256.9584827064543,2.0,19.04944876332848
6232,3490.340059085083,1789.287615978699,2.0,19.045813063061523
6233,2945.3128087619953,6321.2035639196665,2.0,19.03973557779697
6234,4890.351870202045,895.0918357058015,2.0,19.03945178358784
6235,5847.040438223209,2621.5199316118014,2.0,19.037937495921096
6236,4159.184509953775,4492.3760139363585,2.0,19.03786488243363
6237,9008.36926927862,916.8953322363633,2.0,19.037858600854896
6238,9437.205910775689,3526.9798203561277,2.0,19.03282653974123
6239,7917.214872707467,4523.322462316981,2.0,19.0325639332032
6240,5270.018378080125,6138.61494293608,2.0,19.03005585414635
6241,677.9766848397701,5359.405481230617,2.0,19.027283749882347
6242,8366.742241136235,3561.3111266090236,2.0,19.02619552892063
6243,7412.528990412902,421.77582170358295,3.0,19.02520590139937
6244,5902.402664441211,5817.247922629452,2.0,19.024662967100458
6245,501.0192444290741,4753.540579443351,2.0,19.024629904420415
6246,5050.116201749615,615.5414726424073,2.0,19.024304118954795
6247,7076.311383542603,3163.0499955226005,2.0,19.023467991175696
6248,8426.08008373569,6211.668264726283,2.0,19.019201047933358
6249,4346.150677227841,649.7330040020067,2.0,19.018411650612304
6250,4183.026058914488,1157.6482208528591,2.0,19.014126614873973
6251,6210.478670315169,1641.050468572607,2.0,19.013003647485533
6252,7120.825026890807,5059.399117759642,3.0,19.012313333728063
6253,9301.994260008189,4619.353391062299,2.0,19.00938114668615
6254,2192.093648044076,3993.6984485233206,2.0,19.006760912235215
6255,9169.619722772904,2193.6754533116095,2.0,19.002741752787575
6256,475.5103862603928,3234.906817752134,2.0,19.0021436335012
6257,7019.085926191301,5481.928116064466,2.0,19.001555223898762
6258,5830.133070759417,3873.8333652723104,2.0,18.997948036942837
6259,2209.4485137240517,2843.007473480247,2.0,18.9969656537224
6260,2353.5013111363555,4200.849781812723,2.0,18.995885333715417
6261,8252.64813254012,941.8510368428526,2.0,18.99574024637956
6262,2908.2432796036037,718.9788521313302,2.0,18.994413041605295
6263,8172.521423765402,994.861110168712,2.0,18.992542974205403
6264,7186.276003665354,2583.3883218229257,2.0,18.991839522039825
6265,8562.182355105811,4393.42331434012,2.0,18.987852892483783
6266,5700.578628958403,6366.881147232697,2.0,18.986106159555113
6267,9495.789166074737,2167.174484773371,2.0,18.98606470854797
6268,4071.8252730573267,5379.128618321932,2.0,18.985221594999864
6269,7706.782742149864,2793.448872858986,2.0,18.984708173731125
6270,190.27811245016193,5455.390144935894,2.0,18.980248504171474
6271,8651.29642575803,47.9757733721174,2.0,18.978303645510234
6272,2194.010959322088,4943.646552311625,2.0,18.973865849069824
6273,3625.6432465138146,713.9823517707431,2.0,18.972493909809447
6274,5546.462110916933,3101.8311488532413,3.0,18.96985037617988
6275,4108.077402496032,5013.459253948727,2.0,18.96921647688607
6276,6328.523935950472,4538.960717256583,2.0,18.96841126193944
6277,253.4954467286674,3353.3266495844964,3.0,18.96713610617605
6278,6836.884468393387,1809.5555494193693,2.0,18.963325601118758
6279,3942.3999523917205,2627.870476835637,2.0,18.962404670798186
6280,8361.515043376274,194.8722743395583,2.0,18.961727169076347
6281,8417.251788925461,2795.1867338389384,2.0,18.961256937311347
6282,8760.467600168702,303.35398271369286,3.0,18.959539922402378
6283,6128.468391043455,6184.00409060345,2.0,18.95850386483471
6284,6618.155472039027,5749.837981382444,2.0,18.95844436836046
6285,3797.3639498295834,6217.630671240965,2.0,18.957671979372844
6286,5757.274853605697,1566.0375148664698,2.0,18.956783168766652
6287,4075.263437220028,5409.384571831901,3.0,18.955483595135078
6288,6193.108443566018,6199.518056133647,2.0,18.95463411721223
6289,2776.1872800912233,2359.282330016779,2.0,18.953441870905486
6290,4024.0308546708375,2405.181150143112,2.0,18.953335447993673
6291,1993.1759905655908,4697.714190478167,2.0,18.952572233619104
6292,5104.351938805682,333.6607307230402,3.0,18.9516210686192
6293,1999.457187874242,2247.9888843981685,2.0,18.950832902081704
6294,936.9113113584324,1182.773620577681,2.0,18.950010156186003
6295,5181.57752744473,3238.0413700783115,2.0,18.94848153276804
6296,1892.5401365140995,3374.963696083636,2.0,18.9480456594572
6297,6598.064196446213,155.46103823757514,2.0,18.947466958186123
6298,2496.2865051030763,4207.579795303167,3.0,18.9458376316989
6299,5800.122731937763,6035.462766787559,2.0,18.94437722785695
6300,6470.616165677103,5415.826173467086,3.0,18.942691076732473
6301,8185.527893176704,503.5045184442768,2.0,18.938973362743234
6302,2213.205984764878,2501.653649190431,2.0,18.936186187831847
6303,9361.339719009547,463.53557181800045,3.0,18.93099857352541
6304,2904.546307225901,5120.194346120356,2.0,18.930920275702437
6305,4333.167298396228,173.47356374545976,2.0,18.9308602416087
6306,6535.60328661886,1077.151126247402,2.0,18.92788441264264
6307,437.545276064121,917.1095548144842,2.0,18.926508418485707
6308,219.9473648250941,929.4822687792565,2.0,18.92540842140143
6309,366.100089268738,1971.4837055776593,2.0,18.92452769055218
6310,6304.033980199337,1755.396512277118,2.0,18.92214827489
6311,5328.231657941742,5103.923824535485,2.0,18.91890659189722
6312,3765.185375526862,4143.640701291286,2.0,18.917886893324862
6313,7929.802971282419,2991.0711179015684,2.0,18.915697970343913
6314,4457.824148593955,4029.3389623738412,2.0,18.915341178128024
6315,6608.3576961629415,3362.996779107791,2.0,18.91138177082811
6316,648.3636732552787,5259.07033633273,2.0,18.910985096794853
6317,3702.250532845299,4240.909597675416,2.0,18.90958225727071
6318,1690.4642772225775,2179.0494730684936,2.0,18.90931705337426
6319,2094.2256081591854,4369.370611909592,2.0,18.906917341631672
6320,9152.172878765634,2865.559360694222,3.0,18.903804308108143
6321,8270.16008226159,299.6175331926167,2.0,18.90350780408688
6322,2898.9874132095806,2973.2585969418083,2.0,18.898900796355996
6323,5801.955051527477,3027.341235715153,2.0,18.896319954472958
6324,4003.2714732388695,319.0611943158081,2.0,18.891722595188657
6325,5773.920428383228,4109.403433443427,2.0,18.89134025934136
6326,3112.644019564547,3417.865012932954,2.0,18.88754212861207
6327,203.33487296744028,1493.2479859389146,2.0,18.886784118024902
6328,8921.041466180679,5435.460035455153,2.0,18.885689865245933
6329,1453.7207015560525,6219.611839197719,3.0,18.88567857851257
6330,7550.997182771971,5695.4925982418545,2.0,18.88528901350847
6331,8406.06709228855,3169.5542713597647,2.0,18.884823615620014
6332,7152.593745874749,3004.98972303472,2.0,18.883065676455473
6333,7549.361079581535,6149.952061753859,2.0,18.88238476735029
6334,5899.097187811759,5784.349503107682,2.0,18.878834227606905
6335,7390.49494264603,1011.651977676681,2.0,18.878142674063124
6336,3343.7033096858777,24.103562749974113,2.0,18.878065594965516
6337,3756.2024696870344,3427.288680851185,2.0,18.872111223328204
6338,4077.0794279777574,4771.464423581437,2.0,18.87167721140324
6339,5181.551505891446,5949.711649608429,2.0,18.869510271478898
6340,4314.984590943022,5929.569981650915,2.0,18.868647078741684
6341,550.610489572293,214.90887615674472,2.0,18.867878821561852
6342,8096.989084207231,2123.0305995371714,3.0,18.867260727019143
6343,8658.112059775693,5625.3276251540065,2.0,18.867071897262157
6344,1956.9246423698978,2717.457808321423,2.0,18.8641905858272
6345,2882.50550753965,2792.984057948409,2.0,18.863738090648013
6346,8551.583123602504,1879.978506104349,2.0,18.861999641648197
6347,3676.1018586071687,6086.783694222276,2.0,18.859456595211004
6348,4029.0456209651666,6111.638127022869,2.0,18.859187273930903
6349,5492.283045925057,247.29049211494026,2.0,18.85854866627837
6350,6245.390877631015,4957.0125022191405,2.0,18.85791693298136
6351,2277.359489922849,2555.080519694113,2.0,18.85586304014491
6352,2590.8160093100537,1419.2309262154265,2.0,18.8557987698306
6353,1257.475669407511,5943.073777862405,2.0,18.855148361575214
6354,8055.283582293825,2435.547735622103,2.0,18.852369145734936
6355,6425.55218589253,2123.752765015603,2.0,18.850083682376408
6356,1599.3861005484735,6283.077469922804,2.0,18.850013593740734
6357,7007.506244392807,4959.218079234891,2.0,18.849852186620204
6358,6364.3905089185855,3211.9601724161807,2.0,18.848928833517526
6359,8820.419319378658,1217.6676848364534,2.0,18.848541201941096
6360,2548.254598133966,2697.7486081368083,2.0,18.84692532279311
6361,162.3871301675835,1739.5570087740318,3.0,18.8465821316161
6362,100.1568653525779,79.34789032029188,2.0,18.843699140240002
6363,7036.512746798238,631.2134786405595,2.0,18.843484263570474
6364,5468.198099366828,4599.40509907518,2.0,18.84174030400586
6365,1806.7670815535905,3213.2830992792074,2.0,18.84149015070009
6366,525.271566778586,4105.609123147211,3.0,18.84105328092826
6367,9017.831283985302,629.1295328388308,2.0,18.840495867145897
6368,5979.003816608124,2349.4664441349596,2.0,18.838910794553005
6369,6599.444176399773,1231.4060187301925,2.0,18.83707581673089
6370,63.429192448997924,899.0149375956659,2.0,18.82656664989185
6371,4336.245997443563,4057.99421841143,2.0,18.825939503568016
6372,525.6249403964713,2537.081337515254,2.0,18.825910670791878
6373,2896.1761318120443,3319.581060142289,2.0,18.825761768657383
6374,363.1116115849023,3739.3658789999195,2.0,18.824272716178257
6375,1821.1573072464096,4579.6340714548005,3.0,18.823013408050855
6376,9055.498921621593,105.28787847124016,2.0,18.819326013355493
6377,5490.415640477972,2052.7342362327245,2.0,18.81201263016527
6378,2660.2038443252663,4847.550900922822,2.0,18.808078847764847
6379,3601.313178446196,5673.454604245808,2.0,18.807172640786362
6380,3545.571900857022,2907.822974816593,2.0,18.806736568800186
6381,2189.1356193930637,3201.5680004113906,2.0,18.806520140549697
6382,2494.257689408101,4419.455528414092,2.0,18.804522261741347
6383,1956.1898246298638,4610.956469906902,2.0,18.80432083885534
6384,2782.0400511835915,1729.199892204203,2.0,18.80326401131888
6385,2941.5006909784947,916.9664224714361,2.0,18.801828340780308
6386,48.938815766856216,5691.625629490634,2.0,18.80153769724016
6387,4207.432784792965,1905.7386417621806,2.0,18.800596082838457
6388,6191.263198687203,3106.9674077545556,2.0,18.80058585715786
6389,1998.8059989450462,1902.8774074676735,2.0,18.800395940887718
6390,1613.6431245789768,6298.960554957126,2.0,18.799797880834685
6391,4394.514671836107,3206.940272562991,2.0,18.797830667644767
6392,3641.085282554769,153.83789375060366,2.0,18.7973357373852
6393,2626.1480625210474,4749.695833074703,2.0,18.796582902368485
6394,8331.110671363074,4551.657516188664,2.0,18.795438105133872
6395,401.11378330956745,3461.3752338735294,2.0,18.791229155591278
6396,3984.1204190188673,2581.733662772421,2.0,18.791172103029304
6397,8089.135241470191,6287.710492270108,2.0,18.790592402095808
6398,6168.068751789483,6035.54129996776,2.0,18.787406840786346
6399,6619.694668370758,2347.4979757277993,2.0,18.784268185982185
6400,6406.584006455599,5571.767567244153,3.0,18.781813136397176
6401,9286.290695328278,4855.939917734327,2.0,18.781157550827697
6402,5004.340774019939,169.8279498845886,2.0,18.77832862074308
6403,1148.1064287268687,6377.428703763009,2.0,18.777637402018463
6404,1875.7425251891834,6347.213506456277,2.0,18.77598871659099
6405,5522.972342703008,3823.6672654586882,2.0,18.775322863688363
6406,7817.258903729615,5125.754509739142,2.0,18.77484164552389
6407,6404.157115583792,2263.136385182568,2.0,18.77349658251629
6408,3581.289651065123,5430.912703454148,2.0,18.77294275453967
6409,3300.6816947707853,2263.370519053702,3.0,18.76799969286022
6410,15.270749554458549,3227.02575605297,2.0,18.760526371509858
6411,7676.51102096445,2487.65642114564,2.0,18.75994023513435
6412,8916.7316275069,121.22912574953064,2.0,18.75925968280783
6413,9187.029747711693,4913.407761063313,2.0,18.75786765783962
6414,2948.651428928466,5441.794301769784,2.0,18.752181744361362
6415,5544.143768989742,159.274309898136,2.0,18.74924352149991
6416,2543.9588958802997,3517.5869023708933,2.0,18.745911469183532
6417,5832.359321113065,6309.733781394629,3.0,18.741115698158506
6418,2748.1629155545047,1116.9090452149956,2.0,18.73936763812902
6419,2349.63923651569,804.9857392071518,2.0,18.73837835723202
6420,7540.17181547512,5985.480787866829,2.0,18.737957800624102
6421,6676.073782686535,3665.6093327295343,2.0,18.736744013418605
6422,5532.74295313449,6333.410715228788,2.0,18.733101681451377
6423,6942.522215970895,5901.1197740995085,2.0,18.732975221669967
6424,7081.935838293422,3492.8084776528426,2.0,18.732647172118163
6425,7929.604237676681,184.95186575483945,2.0,18.730417928373193
6426,9228.98246978198,5707.440335231992,2.0,18.72803439161601
6427,1438.4886923516285,1931.8671899611547,2.0,18.727781944008512
6428,8917.043202258597,6367.651141515796,2.0,18.727573015836317
6429,382.35604895583253,1690.8557695983943,2.0,18.72674169735411
6430,4114.028256801769,4121.344511373636,2.0,18.726447982894808
6431,928.1445663455593,6148.4884888759025,2.0,18.72561443114954
6432,9256.212606945091,632.992432747386,2.0,18.72553157228447
6433,4118.9213992786445,769.7779225368572,2.0,18.724095089020324
6434,7841.0732508889805,1285.2923426362456,2.0,18.723034514721558
6435,2127.040214502668,2419.1564345091792,2.0,18.721053112127706
6436,7844.505273934552,5393.028669116223,2.0,18.7135608693018
6437,2742.22255913474,6094.896948091325,2.0,18.708652390012393
6438,5819.274821737827,841.6934102961554,2.0,18.70802070900523
6439,6481.460379812845,4214.031859242465,2.0,18.70772763044786
6440,6935.720732133627,4571.814433171385,2.0,18.70718193031223
6441,414.4891487944471,5097.86878337978,2.0,18.70610568907439
6442,2160.3319131447233,2887.000788213774,2.0,18.703970814470832
6443,6055.56539057636,5058.075144084509,2.0,18.702801252526427
6444,2671.8625862066347,5387.908138416603,2.0,18.699283085669613
6445,3835.8610167766346,795.306702686454,2.0,18.695378764912093
6446,5402.304852042733,2273.264540221843,3.0,18.69195888425803
6447,2300.571806741205,5585.568308654013,2.0,18.69166254006484
6448,2262.8712996069253,5843.555483948133,2.0,18.690957546651273
6449,1970.479034214944,3053.3209130009573,2.0,18.690565920158146
6450,197.55924177970638,5281.800229869716,2.0,18.689196254608774
6451,7956.013301370585,3643.38213328493,2.0,18.68595923669235
6452,4242.3566077223795,4568.906028709792,2.0,18.680366610206782
6453,5763.359673602968,1139.771840981041,2.0,18.678935391248153
6454,2236.2650645654458,5174.732437361305,2.0,18.678737951928575
6455,3668.6208601304406,829.8468368547112,2.0,18.677965110004557
6456,8755.215825361298,4461.588434155547,2.0,18.677750374762894
6457,6399.87471899331,1041.5362948918694,2.0,18.677032837262797
6458,9019.274147077653,596.9761841790665,2.0,18.67544626083484
6459,2294.006574509194,5629.407967146978,2.0,18.673524258587083
6460,8469.380246192706,5921.377045670161,3.0,18.668066195888503
6461,6475.094899155963,218.63832814391282,2.0,18.6678760648311
6462,2291.19248742334,3071.6068102956388,2.0,18.667740182644792
6463,3753.36569430541,1363.7626407664102,2.0,18.66744933135327
6464,3032.1689248440034,160.98472869982143,2.0,18.666818058756427
6465,7589.4311381028,4926.972988568544,2.0,18.66625651589462
6466,7322.063923309863,5833.681675788239,2.0,18.66389770573143
6467,4801.0533202408615,5485.59535352262,2.0,18.663254925801414
6468,3478.055111991715,3167.5135914690536,2.0,18.662563615390727
6469,2305.1198740308537,3879.51187550686,2.0,18.662488374057478
6470,8559.05141573051,5501.316888243221,2.0,18.66192520809888
6471,3776.070165229914,2089.3637167577967,2.0,18.660728505260046
6472,5743.067741321918,3221.726513815399,2.0,18.655742346089337
6473,3186.409528424824,3945.9596415714504,2.0,18.655080384125004
6474,936.4085118481281,3333.132036261144,2.0,18.654768966718095
6475,4971.4500561997875,3003.9519482660144,2.0,18.65204889760238
6476,8587.14405502404,2623.6835780129773,2.0,18.651108603887085
6477,8004.985567684791,1083.3817541550538,2.0,18.650731189922357
6478,5863.442103087739,4719.797548524254,2.0,18.65060922243621
6479,4932.431734928144,1154.1443041171715,2.0,18.650330861463523
6480,8297.002098906645,1501.4098932009108,2.0,18.649883256541465
6481,255.53302857484462,5576.067766042297,2.0,18.64464119337404
6482,6138.119216711788,1501.8219627157162,2.0,18.644425973113083
6483,8962.311185018674,6157.008986778202,2.0,18.642389005632587
6484,91.18963881276315,851.9827037187304,2.0,18.64110357400894
6485,208.6388275210137,1657.1381023234273,2.0,18.640988866606037
6486,8390.392719667025,5827.214736423709,2.0,18.638898056385973
6487,7727.4839294923195,487.06515266898276,2.0,18.637946018142156
6488,3067.567176422247,3301.056695634965,2.0,18.63601791392279
6489,7013.869308629482,703.37380748094,2.0,18.635430083508037
6490,577.6558000315252,3269.049703386599,2.0,18.634517444740553
6491,3700.4738487316386,2533.944337260466,2.0,18.63439083733118
6492,1635.3888423794435,5242.992880194477,2.0,18.63365482202076
6493,3778.1106119761866,909.3541499542057,2.0,18.63338944479748
6494,2872.2255436879936,289.87407845301436,2.0,18.632813405301427
6495,2794.2740889933243,1731.4341284930565,3.0,18.631845458589527
6496,6027.38220632195,5203.227072509085,2.0,18.62679065117081
6497,7282.249348018182,3167.1721202321373,2.0,18.626481629398423
6498,1977.1002344097656,705.3251066548283,2.0,18.626409792210264
6499,3938.005722023399,1329.3994633566238,2.0,18.62631017275142
6500,876.8370437743564,2971.9359346175884,2.0,18.62592061266228
6501,6944.651969736818,13.389016042027333,2.0,18.62388427368209
6502,5625.268962897517,5393.040297834202,2.0,18.61860535430302
6503,7631.551833481631,3055.9366883911953,2.0,18.61669556442479
6504,9088.373914845899,1303.2860099019451,2.0,18.61587758424326
6505,6724.406843060539,5777.696155922817,2.0,18.6155419030314
6506,6961.787457247373,3092.864608783074,2.0,18.61522911946955
6507,7685.202254604772,4490.963014394167,2.0,18.613574843814018
6508,5882.481799653611,2829.1302191323416,2.0,18.610024986934008
6509,9128.987241654444,4877.03159809228,3.0,18.609858470814807
6510,4750.447065049196,4372.005536666176,2.0,18.60948202380264
6511,3878.307419195572,3197.786952938999,2.0,18.608860735054577
6512,3906.403059043117,684.9635226384023,2.0,18.60793748759423
6513,4756.1851522698735,5855.320720659106,3.0,18.607304969803
6514,5420.020150067644,6363.6479551379025,2.0,18.606397095077558
6515,4290.352322181646,3478.131118311362,2.0,18.60600384012549
6516,1798.9892134249103,1345.4610484470936,2.0,18.605678556411814
6517,2601.4282167284714,5663.099551683171,2.0,18.60320712439521
6518,7518.039742450593,4949.324831582642,2.0,18.60210249959467
6519,8262.143344334008,5574.011902197033,2.0,18.60119652792182
6520,9530.090776657538,429.39117487251275,3.0,18.600244950579295
6521,995.4240362400272,5493.0610227498855,2.0,18.597682652651446
6522,3025.346609543594,1183.1482281724302,2.0,18.595335091240443
6523,2934.5970528111034,1683.8998412816904,2.0,18.595257044083468
6524,129.22394483244662,4731.011072482741,2.0,18.594655522114206
6525,7969.225426355211,6120.03530272325,2.0,18.591861309301095
6526,6666.027860845725,2623.490953742313,2.0,18.589671453710682
6527,3051.2252940462763,5805.3017975622415,2.0,18.584931682624354
6528,90.27625659278712,705.557880790916,3.0,18.58307527776031
6529,8423.452924878482,5760.027475961144,2.0,18.582815125232386
6530,5298.273135198258,879.6243439190998,2.0,18.582796760925586
6531,6158.417466283811,1609.0457343260125,2.0,18.58225564566341
6532,4981.472543760525,3830.0152513956323,2.0,18.580954822287495
6533,5770.120478379184,5515.609782618764,2.0,18.57814368899925
6534,8152.964165064575,2715.2007627177886,2.0,18.57773791464147
6535,430.86894926531636,6333.595962272457,2.0,18.573484616249704
6536,1626.1156560223264,2479.5609047894936,2.0,18.57336215096987
6537,4452.504496979023,1255.9826984958302,2.0,18.573225734462465
6538,4108.884973290761,2009.705432267667,2.0,18.5719166428361
6539,4719.57933208094,4697.272623594028,3.0,18.57093874302353
6540,6296.980667231119,2613.358627186777,2.0,18.570786238363052
6541,1446.9388869418535,2591.5945377075154,2.0,18.570331041216654
6542,6373.382664695055,1665.035819194453,2.0,18.56983796202294
6543,222.3246727466465,999.0017598549806,2.0,18.566736352436152
6544,4817.119175299244,5531.364474613515,2.0,18.55673681800748
6545,597.5624078356723,5739.625410909238,3.0,18.553991048702073
6546,5955.128416234898,4677.3599723941015,2.0,18.553706599593088
6547,4472.500652630855,4193.232903414313,2.0,18.55333416188737
6548,5502.389048168466,595.0388520621566,2.0,18.55134878206211
6549,7895.300355734868,1341.2711992673048,2.0,18.55049075020739
6550,8361.338380405488,2071.6960497366717,3.0,18.546875864692062
6551,3140.7652302427323,4449.9524596934725,2.0,18.545729374727497
6552,3922.8916660584878,1695.4043393345098,2.0,18.545300904360257
6553,7328.59566743669,5129.1224453224195,2.0,18.54247306514718
6554,2821.292630308548,4938.951356931662,2.0,18.542061022763995
6555,888.1403587242579,1933.665560991833,2.0,18.53815635431247
6556,3280.1179467832158,4187.691151933145,2.0,18.537482102340746
6557,8059.500725946439,3657.8749312955033,2.0,18.53632013908217
6558,1842.4681109801331,6113.187217277869,2.0,18.5361251383542
6559,46.69736766821412,3333.5885622753276,2.0,18.535590653014847
6560,1221.131884699771,873.3776448906774,2.0,18.53177305187738
6561,198.01897155303382,4395.777301523414,2.0,18.527974849095326
6562,8388.56961128191,5369.142861855543,2.0,18.526535886632786
6563,6398.223237487988,1896.8628240430512,2.0,18.52519264529601
6564,6065.105014575684,667.6157071183203,2.0,18.523390151313706
6565,1132.4773898664362,5951.088642617683,2.0,18.52274275890723
6566,6948.016982700574,2481.5758193916913,2.0,18.521553084278626
6567,2390.4910271855456,2055.204050395848,3.0,18.52105924754426
6568,6186.104434928457,3733.6559435525814,2.0,18.519294680496326
6569,2411.259616801687,967.4506845153717,2.0,18.51627388994903
6570,5483.966033877723,5272.943923592774,2.0,18.515431760862125
6571,5423.3366501223745,4842.9083706349065,2.0,18.514458411333603
6572,7685.981416908875,969.9103321957783,2.0,18.513693023425635
6573,4924.4617554349115,1348.9103279790756,2.0,18.51020150611744
6574,946.314088456557,273.74323278942404,2.0,18.509073802386727
6575,2455.9543909959575,1681.570640606661,2.0,18.50690322011111
6576,9190.685429642552,2080.075274214309,2.0,18.50378149590403
6577,5998.38213278002,6259.276287776678,2.0,18.503593124150832
6578,6756.302733821736,2605.0350527380742,2.0,18.50298101264304
6579,3154.289595736943,3717.5144524410402,2.0,18.50120349008466
6580,4835.902011947774,565.6285285857713,2.0,18.498685546393283
6581,2279.128067388409,6019.4801602239395,2.0,18.49439524579948
6582,9515.030866617351,5395.495911454408,2.0,18.493623892031632
6583,6700.00220824288,2929.205093874029,2.0,18.49054734980792
6584,7454.696934957924,2097.8963021681197,2.0,18.49032364674723
6585,4985.433441390116,1716.9624367292608,2.0,18.4898798115992
6586,3492.2035308459813,1615.3166031057606,2.0,18.486051322147368
6587,933.3704421018316,1317.8250717532044,2.0,18.483177497798415
6588,6397.234530042663,1166.9548407684733,2.0,18.481931412398914
6589,8088.7983069961165,3563.505200646533,2.0,18.47988505710524
6590,4482.343244562463,1608.9422906147158,2.0,18.476500303667038
6591,6093.559253849017,939.1403745734068,2.0,18.475478553478833
6592,9479.076643624883,1945.649792957814,2.0,18.474585971516483
6593,7417.337785174179,2990.911754717759,2.0,18.474183701569565
6594,5740.496393596399,3829.6712573766617,3.0,18.473131138844664
6595,6252.28389086791,1875.5080090426595,2.0,18.473002795328792
6596,260.084582145413,415.6627360004756,2.0,18.47286666470526
6597,5299.262785755479,3861.7907622679472,2.0,18.472401102778903
6598,5828.371209220506,538.9751582731667,2.0,18.467413462291915
6599,1355.5256270337459,3639.9047296908807,2.0,18.465760460617847
6600,4057.0137779743477,125.56808262124541,2.0,18.464557116651623
6601,7755.249514132358,627.6007577653112,2.0,18.462090026600993
6602,641.0143630168384,5791.373194746993,2.0,18.460439977466702
6603,9509.212926845456,173.6997198358627,3.0,18.460133151609263
6604,7747.037795944475,3149.4360114716615,2.0,18.45780141171534
6605,6777.464807145591,5192.093927076773,2.0,18.455298249035188
6606,4671.5889556695065,5252.023311558253,2.0,18.453767047415155
6607,1255.0478412057878,2293.226623188702,2.0,18.452448752062814
6608,6774.653554405041,6301.086128433675,2.0,18.451334672339758
6609,9077.073769857581,1067.399618468581,2.0,18.451228441860113
6610,836.5172538090894,3710.8545679260483,2.0,18.448329100713543
6611,522.5455680869665,5585.961593758705,2.0,18.445592915315117
6612,6070.047066203048,1809.3842319203666,2.0,18.444793003940212
6613,5617.141247083359,4473.658123759881,3.0,18.444614290945484
6614,2683.4350450323072,1156.1090102533421,2.0,18.443921350874184
6615,7497.796096348506,6337.785613943273,2.0,18.443885309525708
6616,8098.105523060259,3179.5685106415035,2.0,18.44073582391828
6617,3672.275631564387,3969.418633449248,2.0,18.44067247270351
6618,1469.153075674362,5341.368390073806,2.0,18.43937333441899
6619,3454.82230983036,1945.3029250962024,2.0,18.438106901198182
6620,9172.489064696354,5928.90789189761,2.0,18.435947507953287
6621,5067.0803286080145,3151.418287923277,2.0,18.43461682734365
6622,1145.083709814311,539.5531434993411,2.0,18.43202442997146
6623,975.959435055706,5019.607574236441,2.0,18.431468059827008
6624,9063.010552906388,1649.5563083921597,2.0,18.430466354191953
6625,1742.1674631288577,375.4241164226716,2.0,18.42927763543162
6626,1591.8924307617199,185.8031368212918,2.0,18.428446715278135
6627,2205.1910447781975,6229.511532437753,2.0,18.42817393025495
6628,7784.61414751071,2719.9140537389667,2.0,18.426022661141328
6629,9146.98926664998,5977.048383667552,2.0,18.41915373435026
6630,7150.699114990557,1724.081262323679,2.0,18.417700091321365
6631,7872.48407451156,2647.2349504941726,2.0,18.413727479116133
6632,6914.240312539839,4067.0351632430165,2.0,18.413598377244476
6633,4515.870261359154,4859.308200818316,3.0,18.410714091620473
6634,2657.0668998336296,2845.2056946151715,2.0,18.41062475963443
6635,8622.989143285155,3953.558324739525,2.0,18.409146207131876
6636,2373.5536850137446,1928.0952110876867,2.0,18.406570099974708
6637,5072.116180511771,2629.1113089477108,2.0,18.40067295450867
6638,5635.311329569426,5243.551327832414,3.0,18.40020656462936
6639,1716.3087529766105,3085.141587036186,3.0,18.398809395853213
6640,2066.621263984664,4391.139528638828,2.0,18.39396378568935
6641,7315.269153398799,624.9310829275821,2.0,18.391589822483578
6642,2036.4639119741194,1609.1007627882254,2.0,18.39007177782968
6643,2206.3613553243404,2015.2383992160017,2.0,18.38894875707156
6644,2780.9749845560063,3807.333649302499,2.0,18.386498488128176
6645,8497.332741346476,5028.003861937834,2.0,18.3857769071896
6646,2363.0520596889014,39.45028656066633,2.0,18.385562253162952
6647,5986.067934958294,1551.4272505222377,2.0,18.383302561528716
6648,8671.774620389813,4649.036481443317,2.0,18.38160003558637
6649,1790.6668938455387,3248.987092275808,2.0,18.381513693560365
6650,68.99400147122385,3365.1029205233785,2.0,18.381138351143537
6651,9530.158285609028,3241.3984580473075,2.0,18.380027266778473
6652,9568.511435317982,1006.8908650721728,2.0,18.379125771569296
6653,851.2801194279708,5965.242467271738,2.0,18.376511558973988
6654,8188.065507899441,3537.6047942910077,2.0,18.37326208118473
6655,2359.0814635742795,4743.656605096822,2.0,18.37244175634696
6656,2077.1625242048794,1973.551886265359,2.0,18.371502792468824
6657,5505.851321172669,4569.378800840024,2.0,18.37144490547592
6658,7687.064620584811,4083.4540296537007,2.0,18.36943147045482
6659,8656.427770329647,3107.342851526353,2.0,18.36908900693607
6660,758.2973254062936,4670.3687373063085,2.0,18.367994366420916
6661,8261.180573819332,4257.269102968464,2.0,18.367379485494947
6662,5029.534457104012,1519.9854639791201,2.0,18.366478272308957
6663,8381.130706745958,5379.528485642016,2.0,18.366098237431306
6664,8941.342439751194,2149.1816758956757,2.0,18.364456057175627
6665,8465.274681833367,3233.506701621697,2.0,18.364064238895274
6666,790.2298890797415,6297.479292128992,2.0,18.36303012682359
6667,4561.077229317936,4587.34553719047,2.0,18.36178503930775
6668,9008.301812897029,3837.5713231936156,2.0,18.359436119132276
6669,3163.585444437451,3163.8191904233895,2.0,18.359149381414092
6670,6095.559198517836,2116.950075294396,2.0,18.357368741547155
6671,5081.475709869075,3951.169511109695,3.0,18.356161323586797
6672,8122.088054166352,4229.326621925991,2.0,18.354638797235243
6673,2031.1105647890442,3958.96375408631,2.0,18.353594760869342
6674,7197.480821842753,1989.9144247406396,2.0,18.349566018399084
6675,6432.050256797697,6002.2243675665795,2.0,18.348809196986203
6676,5143.173535196932,380.0380694163636,2.0,18.348229174306883
6677,3750.5022109339807,592.0856522205322,2.0,18.346574548163588
6678,8722.584646018691,3637.316162972291,2.0,18.34656141968865
6679,7575.4556305140795,5531.143640317308,2.0,18.346436919448415
6680,5626.1982548986925,3615.4727707318216,3.0,18.345960276328714
6681,2948.4531144257594,2581.2157867159694,2.0,18.34455862087567
6682,6209.043697601551,227.40177197380234,2.0,18.344180826589003
6683,4663.8700054530345,1477.665016937657,2.0,18.343706963970074
6684,7489.759590612556,931.6245593341401,3.0,18.34239768138627
6685,8532.691582318143,4057.002463663776,2.0,18.33991551213673
6686,8964.93364128314,6309.684593474112,2.0,18.33901249492144
6687,7890.032957210879,4497.223061733557,2.0,18.338253737481956
6688,8251.090793318763,4889.8820657191545,3.0,18.33815069612782
6689,7336.204376355631,5873.531779292168,2.0,18.336758830624113
6690,602.3609098071269,2763.227299594861,3.0,18.33639832852194
6691,1395.0273656626146,3709.7787965119633,2.0,18.335868570954382
6692,9518.473223022907,5193.238298563041,2.0,18.335300348915744
6693,3877.475035565014,3109.123650485478,2.0,18.332447637249135
6694,5361.720588495141,1137.4717244148135,3.0,18.33190262980477
6695,4335.4036474452105,3416.952165949015,2.0,18.33142418280222
6696,1308.604207179779,3387.0500323114597,2.0,18.330949808612306
6697,4329.353281513231,4509.953848378608,2.0,18.330593095671023
6698,8740.213650658645,3867.472891652565,2.0,18.3274779653722
6699,9248.095793834993,1571.5123049084893,2.0,18.32732341379799
6700,3318.287986250689,5531.940569303378,2.0,18.324970908939697
6701,5805.144555498282,2240.9596767126022,2.0,18.324802395546403
6702,7093.807994932947,1754.905065842005,2.0,18.320007089479436
6703,1415.645665952217,4879.039278550337,2.0,18.318673299937977
6704,6133.43711559086,2307.7761100683774,2.0,18.314913240949274
6705,5622.600258465314,748.1985755004661,2.0,18.314833091076284
6706,5337.199047630589,4847.68693072769,2.0,18.314699700239668
6707,4496.351250732048,5507.633491347039,3.0,18.314437205160093
6708,4353.281620344046,2933.447936617099,3.0,18.31193427958396
6709,8023.868502453363,1317.3904464303791,2.0,18.310416699136415
6710,9131.581532550174,5940.923587130689,2.0,18.309796431816917
6711,8579.936243547298,4898.851753103529,2.0,18.306354556219908
6712,3642.214577707158,4445.566174349684,2.0,18.30406814169539
6713,801.914440044905,6345.331146567808,2.0,18.30241868293508
6714,884.1896239956789,637.5998421353373,2.0,18.301991622370082
6715,3913.382920981603,4312.9938443244655,2.0,18.30051190890149
6716,7684.117349089963,3450.516645261021,2.0,18.30016535077576
6717,3784.4399585524443,1961.242812008224,2.0,18.29300466322804
6718,4580.464276883854,5612.935412869017,2.0,18.289466626090864
6719,1288.3120198674408,1415.4782373308576,2.0,18.288758818939773
6720,8371.28770520912,1887.9979847135073,2.0,18.288370358581556
6721,3039.984736275048,1055.57579989719,2.0,18.28585336725972
6722,681.9829722540753,2025.5943959587187,2.0,18.284534681404747
6723,8872.296346806763,5217.912376456294,2.0,18.280001617089706
6724,3819.7819078561465,5241.446863830653,2.0,18.279620375946735
6725,8417.981463098191,1733.6940130202888,2.0,18.279268114131575
6726,1273.1245054744006,133.34629284601093,2.0,18.276213949665973
6727,3449.114412862019,3779.4475396237253,2.0,18.276141099187328
6728,2657.1783702190596,904.93361978081,2.0,18.274135430040737
6729,8892.587870820134,2455.744959507534,3.0,18.27217541776558
6730,3702.8889279981026,1605.400175894367,2.0,18.266325771895037
6731,4637.318596258677,211.92430456121934,2.0,18.265941423200722
6732,9325.969092488936,3533.453452818269,2.0,18.2620352440349
6733,6507.0229240674325,4527.545092930733,2.0,18.257319981841434
6734,1127.1564734809135,3863.432012663579,2.0,18.25429349983128
6735,6081.8927039224,5545.643995706876,2.0,18.25404696757606
6736,7597.41451307271,931.0490892297722,2.0,18.250361281540624
6737,1086.3083561430315,1433.0269804635907,2.0,18.249887015778736
6738,2101.941906070125,1439.4597395232784,2.0,18.244545360349402
6739,6615.915892200437,3859.335919681279,2.0,18.244482965683574
6740,7188.076484489949,4459.485229197884,2.0,18.24436619201865
6741,345.0613805250535,1849.7377093393338,2.0,18.24271525947628
6742,9263.249901313045,5981.907658731922,2.0,18.237258649801394
6743,2263.24052069138,2927.4031912432997,2.0,18.236595249277528
6744,7120.124266344916,4287.540803315896,2.0,18.235801062698336
6745,6565.8055198261945,3150.9758983083084,2.0,18.235695283134167
6746,2134.391959452327,1013.5539118982808,3.0,18.23419130530849
6747,6292.481100621796,2659.3610758154605,3.0,18.23407331227126
6748,913.5074354291258,1630.0538261831448,2.0,18.22983262558232
6749,2882.1650277750728,4863.325896480385,2.0,18.229148271982993
6750,4694.343222330413,3521.848637932066,2.0,18.228081118218515
6751,5020.490152105728,3903.9955429753795,2.0,18.22692744926566
6752,4067.8994399962685,2325.425578339256,2.0,18.22601118602578
6753,2661.6931104883024,3553.34415678498,3.0,18.224190844769158
6754,7324.395127056744,6043.064189003055,2.0,18.223931640546038
6755,888.3445371217763,3103.294114491621,3.0,18.223480062753907
6756,7243.317547915001,1549.5706608330893,3.0,18.218952033405476
6757,5792.44003357683,6021.112322091341,2.0,18.21856069423206
6758,2148.04783107898,2881.6639323480576,2.0,18.21811929905674
6759,1658.0361994370476,5189.572148948105,2.0,18.212946349239736
6760,7276.926000617115,6203.479953664994,2.0,18.210483024549465
6761,4658.278386781477,1013.1512838254705,2.0,18.210296039464346
6762,7198.2615359697875,2655.3011872479738,2.0,18.208765879210397
6763,8712.514165262919,5854.741490237571,2.0,18.208288002597115
6764,2571.251064136592,5869.651626637287,2.0,18.20655134022364
6765,3989.037850260056,3491.2731425258894,2.0,18.205744769210135
6766,3414.266853724997,5551.036992010927,2.0,18.20450954011974
6767,1609.3355183822534,5732.937424632871,2.0,18.203754535239913
6768,6409.265764808643,2525.6014641213274,2.0,18.2012797480468
6769,3782.4256357100994,791.5659342671685,3.0,18.201022139354393
6770,2604.4174497813783,4417.22595024728,2.0,18.19864494293125
6771,4736.251258494553,4537.342246286076,3.0,18.193089317832396
6772,2257.534213074533,1268.9719582551995,2.0,18.19240760565758
6773,6070.171682586282,2397.555714419801,2.0,18.191640766866204
6774,922.4200800840265,4413.052900728767,2.0,18.190232960023607
6775,8696.469383607939,4832.967495220934,2.0,18.189967414932582
6776,899.7978848641488,2699.466250368528,2.0,18.188306292012598
6777,7546.035402143132,3425.5321936862497,2.0,18.18813336200527
6778,5802.413973058627,2811.930632295916,2.0,18.18552740707432
6779,9433.214517270679,4239.204146154377,2.0,18.181316161475706
6780,3899.584258723387,4372.953670232009,2.0,18.17976782288723
6781,1145.17339616853,2069.5515832876645,2.0,18.17925512802241
6782,7772.576862406814,5865.0,2.0,18.17694964276172
6783,5369.242366314873,757.4847568968574,2.0,18.176526476261717
6784,1841.3994846671224,1968.915854341239,2.0,18.172619623594723
6785,4759.372415900828,3801.052573895101,2.0,18.170354795770844
6786,514.4376036264499,376.93429150340575,2.0,18.16926112909302
6787,7709.033305307898,5171.297553022349,2.0,18.164257817523247
6788,6486.005382637711,2777.3896222994254,2.0,18.163624986534494
6789,3319.501696241415,2317.7595097474723,2.0,18.160586437230254
6790,8311.146078787287,3045.498088631008,2.0,18.15993980360945
6791,3418.3619381842213,2880.045762357889,2.0,18.155693280045966
6792,4910.314900606308,3239.768774991608,3.0,18.153635366728853
6793,3982.6887076610883,5140.862418632026,2.0,18.152095129602884
6794,6933.953609679806,6186.589076101729,2.0,18.148890658113846
6795,8580.482537838838,3533.098656056557,2.0,18.14861384896466
6796,6515.27872642989,3221.2684980124686,3.0,18.146744498347214
6797,1598.2322423656865,3247.5374851129745,3.0,18.145310663784752
6798,209.423082982661,345.74754897197727,2.0,18.144607112030904
6799,8782.394430531755,1132.7750940522385,2.0,18.143056807465822
6800,992.0710494973654,2499.439458346908,2.0,18.136250734024916
6801,5221.37002853453,1544.9376807987928,2.0,18.133668023970973
6802,6386.87119787002,2965.365721633131,2.0,18.131549909262173
6803,3206.874327682001,85.43304625270187,2.0,18.131243039554803
6804,6658.50380114424,456.8378608414481,2.0,18.13011025820935
6805,8981.342249306741,2741.0294918097184,2.0,18.12838903113796
6806,9366.13246623801,4739.451405081464,2.0,18.127230454574892
6807,1227.1224402232747,1491.7104937561332,2.0,18.125206822969805
6808,6598.290196517617,5050.97955187334,2.0,18.124428083024686
6809,3621.404317603251,4859.834781761133,3.0,18.12310886119117
6810,9396.388232485167,979.0103596148562,2.0,18.121788369578173
6811,1106.3701049709832,4805.390532714467,3.0,18.121786946056528
6812,7106.91261552,5015.265825328412,2.0,18.121656527208007
6813,3737.266222664329,715.0363873851458,2.0,18.121511550109652
6814,8161.537252905368,5115.706637189793,3.0,18.12127531912824
6815,6445.0337988051315,2609.1567839247473,2.0,18.121084795119074
6816,5192.546479550099,6362.838047427755,2.0,18.120836748554662
6817,3140.4518708863216,1829.0744819221577,2.0,18.11999243608362
6818,3890.2361995960955,5027.138998833248,2.0,18.118086515769136
6819,5286.958649846007,5279.656314546291,2.0,18.11724065580572
6820,6284.587115242754,1199.0851286027978,2.0,18.114504442862415
6821,1203.8713284223534,5980.8993500650095,2.0,18.112502710604765
6822,3383.543980830002,4775.63004426369,2.0,18.11180180690325
6823,6262.6577657831,2024.0841129119603,3.0,18.108083895874742
6824,9349.25984341674,4909.456095822946,2.0,18.106804719475168
6825,9330.34712653209,733.0526026353566,2.0,18.105140098685027
6826,2368.865890144505,1451.4446535708798,2.0,18.10505248912748
6827,8882.007437654518,6187.341708023604,2.0,18.10481441296764
6828,7553.263256463832,2747.417794504696,2.0,18.10407319987183
6829,7392.336856062321,4128.085412049943,2.0,18.10123702907142
6830,6408.353730189196,1977.310162324504,2.0,18.1003967928216
6831,7113.970803108275,4269.761708486191,2.0,18.100313090477986
6832,1609.5037426105519,1063.2368818428106,3.0,18.099800680879635
6833,6354.287922573908,5466.065605006237,2.0,18.094912168152785
6834,9289.511064955543,2278.900868127857,2.0,18.09485063462372
6835,2619.5593738975467,3629.1919270775143,2.0,18.09478486201654
6836,5206.0525464763605,5873.305730765948,2.0,18.094553249760875
6837,4923.988563455924,4099.687253705023,2.0,18.094085656237027
6838,9319.25703274499,5379.358822799014,3.0,18.09376359616089
6839,6495.81718311836,4487.427886525255,2.0,18.091198269306183
6840,6999.363750562706,5335.360390925457,2.0,18.090634913773634
6841,4581.109103685468,3765.5498687724344,2.0,18.08758360943435
6842,6207.311389708242,3919.8531643158926,2.0,18.086438896298233
6843,6494.1063060614315,5947.582680970525,2.0,18.08386143788954
6844,300.44588497942476,4713.046085349088,2.0,18.083768677467802
6845,6933.16578628273,4011.735088690277,2.0,18.08202732929237
6846,7950.45274647618,2889.4937391898507,3.0,18.08063554277711
6847,3503.5243041111075,3341.0838482551558,2.0,18.078501140884807
6848,4457.247590587929,3776.954929627069,2.0,18.077011853626217
6849,8814.157613261763,4387.713251676257,2.0,18.07587737226398
6850,5332.979523662857,649.5028695797428,2.0,18.07528890238356
6851,462.37715721307245,5421.879284286827,2.0,18.07519524390881
6852,3531.443713830032,2788.995871024419,2.0,18.073471034061527
6853,1575.9527137384098,6125.462406456931,2.0,18.070722402317003
6854,3641.6212221537266,5676.787432564589,2.0,18.067581559045692
6855,3102.438541309127,2976.0278854941394,2.0,18.066796452739343
6856,2527.4206844254036,265.4378379366167,3.0,18.06632442543097
6857,9351.407776682272,836.9956687314069,2.0,18.06531798583525
6858,7259.747735717363,4731.042196688585,2.0,18.06430294708417
6859,5885.639742304963,2808.0752442781936,2.0,18.06073903753454
6860,14.914457601129863,221.66824275311905,2.0,18.0607246694916
6861,8664.09352825776,1065.1788712501982,2.0,18.060637703269784
6862,3028.2535245684094,1738.1028265600976,2.0,18.05882298523685
6863,9236.983357155916,399.32288980815866,2.0,18.05670959571099
6864,5740.6487838345065,5335.276503874934,2.0,18.05621260365918
6865,6533.213312181915,3317.579578054014,2.0,18.05390461783316
6866,6338.344138045971,3591.9004112717244,2.0,18.053742185862923
6867,7874.453532074359,3516.9357872667806,2.0,18.051948723092465
6868,5124.490672312883,2445.353573293057,2.0,18.0518726782409
6869,7678.407239207635,924.0644613607526,2.0,18.050878512968925
6870,805.9247200176754,3005.552311361494,2.0,18.05039451317626
6871,735.2734040197333,5467.038798381819,2.0,18.050085736051738
6872,1443.4378024232574,3747.762172179834,2.0,18.04869196062145
6873,6178.1500459695235,859.6589454527083,2.0,18.047266407104537
6874,7335.231983406221,4059.414083268113,2.0,18.047008977846442
6875,3110.2430850630226,5307.5770250728965,2.0,18.042367780117033
6876,6888.503288055341,3581.2427736209406,2.0,18.041194069126252
6877,35.420900834094795,5185.226101636943,2.0,18.040344515906522
6878,8744.901897136488,451.1395043178035,2.0,18.03882949990038
6879,8963.50854926254,5539.142388043587,2.0,18.037099136678197
6880,9426.533488424506,4483.986297565508,2.0,18.036772193678768
6881,3279.313182220741,2389.0016000894675,2.0,18.03628872335029
6882,3203.271336228494,3327.0642210669102,2.0,18.036268418514204
6883,1280.6063186957933,5757.0722526989,2.0,18.036072747250252
6884,785.3995736144453,2763.7140701406042,2.0,18.035676067920633
6885,5926.1646132731785,1049.613929562654,2.0,18.034610077378943
6886,1336.5100271268038,2018.8792245920356,2.0,18.034439483618577
6887,7731.182586268262,5935.018284109211,3.0,18.033827769217414
6888,6749.139516345732,439.5628642831737,2.0,18.0338241398123
6889,4747.660521892287,768.7708254176234,2.0,18.03208523605357
6890,3997.2864494357736,3065.7321665707327,2.0,18.03196635998348
6891,2641.0680640880237,4657.485791680401,2.0,18.02861425462391
6892,2334.104118531777,4155.293849931137,2.0,18.019520480581896
6893,4627.396488655115,6289.415997772659,3.0,18.01915564946455
6894,2375.9949515004246,1969.3858965698962,2.0,18.01913157458509
6895,3653.594774842833,130.88439958394434,2.0,18.018753876532802
6896,7061.771560782663,5866.2537236584985,2.0,18.01646219549234
6897,5980.358587087224,1685.0261552731986,2.0,18.015972945690102
6898,7345.364073260589,4573.287794352856,3.0,18.01456397940403
6899,8378.722774703787,4191.16113862804,2.0,18.01277736562006
6900,6441.582318362568,2688.0674196183386,2.0,18.011765856930147
6901,8044.253994742577,1477.5653795221215,2.0,18.00851560046611
6902,1640.1885345598323,4361.438328566959,2.0,18.00805098664138
6903,9454.75925053382,717.7238252506221,3.0,18.00747968887285
6904,1102.0550688205053,201.53997085351648,2.0,18.006841636188206
6905,4623.518747569349,4057.2440551901927,2.0,18.006039694781244
6906,4846.100110962522,4689.394650430032,2.0,18.005073307680227
6907,6141.396676673388,1017.3073647408445,3.0,18.003255333305503
6908,7996.92583688953,4183.429615952242,2.0,18.00302308052178
6909,9534.507040391914,6275.195632575033,2.0,18.00116181877957
6910,4930.235362541266,3535.7795783938554,2.0,17.99958953007742
6911,4314.455726656083,2415.2308975027663,2.0,17.998834179867412
6912,3731.555173542513,663.801264119556,2.0,17.997754363504598
6913,8455.626327639942,5201.006589632451,2.0,17.997108230838744
6914,6974.880518342516,1609.6895463924977,2.0,17.994074205518256
6915,8778.39961090267,5027.294182622683,3.0,17.993507449772107
6916,5460.700097898717,1610.993300337836,2.0,17.992331088661903
6917,1685.4877722872975,4189.1386230439375,2.0,17.983870048284757
6918,349.1078627126118,187.40653711325254,2.0,17.983804740562487
6919,6004.137957887119,1585.4765288584558,2.0,17.983383252556827
6920,4024.5020436631726,2951.803934263854,2.0,17.981999990244613
6921,3041.51294204745,2093.1322190858323,2.0,17.97905069970679
6922,9357.256526103054,3552.102282624772,2.0,17.97856437444777
6923,8792.978361774925,591.4863453087156,2.0,17.977437646307607
6924,6086.212393062867,1202.0925672203582,2.0,17.97410770174882
6925,6795.1635942535195,4915.361500990056,2.0,17.974027075824416
6926,9443.701376073164,5007.940262347971,2.0,17.974020458516343
6927,4655.4335298028955,2815.2106489205817,2.0,17.97326899216669
6928,518.7973208652489,349.8383144429838,2.0,17.970800212494705
6929,1047.0947012361776,5085.45631910219,2.0,17.969365456961004
6930,7299.356074455504,4605.117824950254,2.0,17.968128335637893
6931,7083.487479104111,3032.9870339434997,2.0,17.967805201511855
6932,435.62846880166137,1448.985537726324,2.0,17.963327565720213
6933,6529.587930474312,2692.9419683332326,2.0,17.962043202905974
6934,2642.5000856609777,3919.9620252428526,2.0,17.9617497934999
6935,3250.224039127923,5443.0269632106465,2.0,17.9602205349514
6936,5194.40418142313,6277.855871205246,2.0,17.95866131113353
6937,1993.745292031724,5806.092559950991,2.0,17.958146327800772
6938,6972.887554023163,4737.815886030464,2.0,17.955396723344787
6939,897.9025848336934,3679.3277023402848,2.0,17.95530209063974
6940,3557.8974829625367,2205.168743198729,2.0,17.951933644643226
6941,7325.615570705991,2712.106514063402,2.0,17.951866106499928
6942,6674.794312770109,460.98610032396846,2.0,17.94768341526658
6943,6599.26924709708,6047.595038991599,2.0,17.940195566287723
6944,4860.473011530128,2619.113314015056,2.0,17.93773257609389
6945,4758.764475309572,5047.828038928735,2.0,17.93596609728805
6946,7095.143996051926,1375.4052209011443,2.0,17.935725817939787
6947,5051.7496251999555,3411.9490149478293,2.0,17.93106426585989
6948,3224.790187496043,4745.211313627767,2.0,17.930780671768122
6949,8468.672586879027,501.54178796045426,2.0,17.929329270987903
6950,1789.4515401076465,1382.0621010181715,2.0,17.928776746879272
6951,4066.6299393238096,819.0229355237983,2.0,17.927652698012196
6952,8935.543222613684,4302.058081756577,2.0,17.926699945152134
6953,9143.961192261455,4899.750481784847,2.0,17.924166743477887
6954,4384.457051652465,5760.839696093991,2.0,17.92411351150566
6955,2235.3623330128053,680.9443049581236,2.0,17.92249126674529
6956,287.4467131535482,2831.1470625724774,2.0,17.921753059581256
6957,764.495628679017,2543.7512908676367,2.0,17.92167887087505
6958,8371.223545053916,2903.4118303468126,2.0,17.9210337578205
6959,7110.384693415765,127.11583839788523,2.0,17.920257785548355
6960,5567.3776640858205,4953.076369550211,2.0,17.9178937951792
6961,7932.004574494243,2837.502385511697,2.0,17.917750217880585
6962,1289.2916441644297,6102.885952147593,2.0,17.91726213211456
6963,7148.3146380051085,1280.2673218498987,2.0,17.915581266118178
6964,6346.569263739241,5627.769353314652,2.0,17.912297668409757
6965,8861.915244109174,2215.428043423531,2.0,17.911607521782074
6966,5132.330574610167,4827.608920479192,2.0,17.911335664654974
6967,2029.537101340606,751.13312611288,2.0,17.910296941547486
6968,6136.076190748189,451.57120278237215,2.0,17.908525741390566
6969,7685.068931450453,653.6549354859662,2.0,17.908116644856804
6970,3991.2069915855427,4686.921381254615,2.0,17.907464098854494
6971,266.4011739825075,4943.410209871359,3.0,17.907360239942943
6972,3208.8952600204693,1953.449206786698,2.0,17.906924445402375
6973,1063.4488426241192,2379.0780575322597,2.0,17.90352438806243
6974,346.55958389685446,1633.6328860787773,3.0,17.90284366921707
6975,8757.315570228662,2973.449938288021,2.0,17.900651548864303
6976,5334.6058777719545,5839.13882077754,2.0,17.90048711330597
6977,790.0890789573651,19.524703979796104,2.0,17.89976483706662
6978,2805.2311631394255,1863.3763502799104,2.0,17.89692917783036
6979,851.1694215807757,2537.4440257686997,2.0,17.896404559653153
6980,1938.5762909445004,1729.1579275343586,2.0,17.89573810874474
6981,6323.3968757072125,4851.823490053086,3.0,17.88883369808448
6982,2740.819641666025,3024.06528939928,2.0,17.886784995599402
6983,7479.240615861435,2679.5240806187835,2.0,17.880605235247515
6984,4397.203602649861,715.0518523070681,2.0,17.879040893630854
6985,847.6231983483901,3117.1501047725624,2.0,17.877350257544364
6986,6897.537023582171,4603.855841217181,2.0,17.87553552877694
6987,8542.659014238452,3397.7760711547317,2.0,17.87430983641408
6988,6736.970966598804,1715.643368764501,2.0,17.87183263312551
6989,7715.134792036155,395.47992849824146,2.0,17.869406586534286
6990,3344.2444198581466,317.6012867895804,2.0,17.86759614941563
6991,4922.07027619269,807.6160554082865,2.0,17.866640235270555
6992,8412.66247967992,3879.2247687908207,2.0,17.86257555036697
6993,436.83179001123955,2727.2680962783907,2.0,17.861928335892372
6994,5404.723046472324,5253.176160019738,2.0,17.861211200035804
6995,9295.897175783997,4195.59392261509,2.0,17.860965463789732
6996,7206.27298602438,6069.4722519559255,2.0,17.860690075271084
6997,7409.846946439697,351.51000813875623,2.0,17.859604540017592
6998,3212.9407940098713,6115.342322242423,2.0,17.85953872332186
6999,9235.801832823508,3336.2507430893374,2.0,17.85852675595571
7000,6834.015916097783,4080.928203227233,2.0,17.858206469497777
7001,3831.9818300810316,5591.4256926519465,2.0,17.85586342593462
7002,183.7752429139464,711.9242503451077,2.0,17.85561581334534
7003,7891.148074472258,3751.5138655734427,2.0,17.854220079563255
7004,1661.0954701611424,1361.7424497877348,2.0,17.85307090922733
7005,4184.026583210239,5463.341995257084,2.0,17.85150891170466
7006,9316.355729481935,2305.44637616312,2.0,17.85053019753094
7007,1844.2868000312862,2061.637932680949,2.0,17.850530160637167
7008,694.0439229375993,3554.1708995603253,2.0,17.848711857265794
7009,7373.68502371815,5324.978046728854,2.0,17.84643259668708
7010,6255.27068805289,1073.1294802546417,2.0,17.845551622054025
7011,6447.665290264303,5882.944589773508,2.0,17.84475632214553
7012,1660.2917120897916,231.39038082404267,2.0,17.843941793227245
7013,3454.8744986672614,4665.249190435114,2.0,17.84365158152111
7014,5430.327765004579,421.20848884169425,2.0,17.839418284547104
7015,2743.7104678410287,5763.823619953298,2.0,17.839096182588964
7016,368.18276895702576,339.54058821537916,2.0,17.838561217250987
7017,2368.1966348247693,2831.853949790181,2.0,17.83759190164942
7018,3707.414391940825,6027.069845000667,2.0,17.837280797651864
7019,2885.977229236445,5187.436143372115,2.0,17.83471491240076
7020,6471.587696715712,385.88834882021524,2.0,17.83257224447908
7021,3786.5629039296637,6023.851727366562,2.0,17.83152169645987
7022,5861.458818529287,3379.143935327018,2.0,17.83008110810427
7023,2285.918965149072,4083.2431538971523,2.0,17.828872293534147
7024,8466.526602164113,176.07976851971907,2.0,17.82706022669009
7025,5848.536202416646,5671.716347840672,2.0,17.825981761777445
7026,2715.199231287618,3941.464921011027,2.0,17.825515001131613
7027,7340.796362649211,3890.0534832558187,2.0,17.824733726876286
7028,2989.535844248404,2321.5895018357687,3.0,17.824327248894356
7029,7310.314180921937,2974.256594377544,2.0,17.820360306794218
7030,3250.0464083452966,5000.936846271758,2.0,17.820336704741557
7031,8660.939310311818,2821.554041152682,2.0,17.82031233971646
7032,1947.572399690418,1743.9965247850787,2.0,17.81833497509162
7033,8124.535622763554,3057.610543752757,2.0,17.816640519628905
7034,1339.6986542287373,4719.124151664485,2.0,17.81654291156734
7035,8739.294324813365,4351.55479403527,2.0,17.816274763404998
7036,1784.0809664754283,152.7960972370741,2.0,17.811015645852606
7037,3678.6031832221083,3584.9088756935266,2.0,17.80565045486243
7038,9057.218882876497,6247.239620551817,2.0,17.80301616551475
7039,1053.4963691770893,4297.939773045305,2.0,17.802550699930556
7040,1478.2662784588936,6055.389133166766,2.0,17.80110065735996
7041,2933.020442591384,3301.377260880035,2.0,17.80069924582843
7042,5461.129771667238,3477.5625256550516,2.0,17.80067211737275
7043,642.8115303665035,255.63987500299075,2.0,17.798680126210705
7044,8002.097679200145,5161.233783261893,2.0,17.797916257832092
7045,2201.097591868618,5359.414941900875,2.0,17.796575450547277
7046,8839.488636069687,5620.882118167231,2.0,17.79648192295186
7047,3794.294453599742,1633.9528386119825,2.0,17.790883062798347
7048,4489.061788921786,3415.7779032975486,2.0,17.788475479437736
7049,5802.3564184726065,3865.414940081893,3.0,17.786318744963
7050,1679.3294002734306,2135.817553471574,3.0,17.78482392664714
7051,5941.231569016471,4811.621409261638,3.0,17.78455364266878
7052,4589.102529011344,2987.4387877556073,2.0,17.784540766114358
7053,1931.210660334708,1295.605385090291,2.0,17.78396001319736
7054,2097.383293332557,2808.0850225175272,2.0,17.7822354931867
7055,7332.242887532945,3633.3864421515677,2.0,17.78190839120399
7056,8444.484130502085,2119.1692563617157,2.0,17.781317120880548
7057,6378.213007885049,4910.764243344959,2.0,17.781128237005056
7058,2281.2070383855516,2903.417145137338,2.0,17.78084147523091
7059,8642.941270958749,3119.128150652838,2.0,17.780700155909276
7060,3603.5783527330736,5247.621952743139,2.0,17.778656234490736
7061,7600.120517528296,2561.3816329455444,2.0,17.778539754360228
7062,1024.1209685326821,5291.657647430204,2.0,17.777961964356642
7063,249.98955788553062,3897.443104053143,2.0,17.777818039575106
7064,5240.029983890735,4901.4282791999985,2.0,17.77687463679913
7065,635.3814452638957,2393.6637050443824,3.0,17.776694839780387
7066,9024.086865558784,2463.6024077388392,2.0,17.77367605516873
7067,9099.227109136877,2267.533511736145,2.0,17.771890768649953
7068,2850.5052083799737,5333.160221760109,2.0,17.77052309278177
7069,7646.631523552576,6251.869392855593,2.0,17.769813654281062
7070,9150.55384131922,5464.89825260001,2.0,17.76716705185088
7071,6755.503861201947,351.0458741814776,2.0,17.767094608641457
7072,7806.5798952476525,2268.791043193602,2.0,17.76500079826595
7073,6010.666995703688,1190.9203181900475,2.0,17.76344206691865
7074,8114.205602184129,3471.3045562955986,3.0,17.760765758339975
7075,28.938778075477313,423.5246632586052,2.0,17.759638616210463
7076,7241.980768279222,4775.46830578837,2.0,17.758813617870263
7077,4558.2834235827395,2757.3253142043322,2.0,17.75852512922425
7078,2583.565241093638,2793.494337002748,3.0,17.75675894892801
7079,1791.9750114584465,5691.421010909818,2.0,17.755737705380984
7080,8768.454745458666,290.94917711697207,2.0,17.754688638158896
7081,9189.519058539283,6242.86295107444,2.0,17.754493061342785
7082,3198.6020810451896,1778.8496493855994,2.0,17.753994353647517
7083,6623.47125563519,2461.1151321689126,2.0,17.75108270423564
7084,305.3427421494987,4051.0977134335235,2.0,17.750534679428057
7085,7520.13858002098,579.4875988816641,2.0,17.74612362428666
7086,2168.6056450921938,1001.2818320594334,2.0,17.74543207383075
7087,2374.97720334006,3803.6827170442252,2.0,17.744527702041097
7088,1221.3907186039476,107.98256808185889,2.0,17.74339719612683
7089,5316.045074758007,521.6685924495259,2.0,17.74181554282362
7090,8747.543322918133,3716.995856240965,2.0,17.7416732162716
7091,7684.134857423077,3807.5342207194476,2.0,17.740945475949786
7092,8688.201004975357,377.75658593072814,2.0,17.737390976940862
7093,6712.89691248966,2965.1307980540023,2.0,17.73671238823253
7094,4688.349569826898,4577.154075864328,2.0,17.735748514373164
7095,7558.127526503233,4817.694866877799,2.0,17.735412771106624
7096,4203.067243119355,2783.525219145368,2.0,17.73530853640811
7097,7320.090189493078,3865.4256792922974,2.0,17.735076845828402
7098,2371.6569466732226,463.19656980647255,2.0,17.73153524432444
7099,1391.6265987030558,4995.192011125413,2.0,17.73143996298027
7100,3378.624267549804,1766.237491916501,2.0,17.731191722688216
7101,312.8148157863341,3401.358032217411,3.0,17.729350399376514
7102,2385.695021942082,1784.1086614503708,2.0,17.729153069372504
7103,4976.027178053196,1307.3905015456025,2.0,17.728656416548603
7104,7716.435883292785,1359.8500209903505,2.0,17.728112661386255
7105,6156.173394733297,4637.576994755851,2.0,17.727963809985717
7106,4124.324883007407,5807.288441723163,3.0,17.726890162802217
7107,8843.011528716659,2433.4705114838303,2.0,17.726485076334612
7108,8521.197987274816,3259.5003530078898,3.0,17.726354660080865
7109,7993.469618459032,1610.8364880418428,2.0,17.725022021844826
7110,2772.267743993404,1379.8918826356069,2.0,17.72480791955152
7111,9547.064077114801,5171.692883417062,2.0,17.724050705657756
7112,6278.054815469554,5633.47419144935,2.0,17.72322273373448
7113,355.8486177675989,6233.5040407421875,2.0,17.722181369274846
7114,947.3369096950685,1912.9790316436706,2.0,17.721022901608162
7115,4830.509049500306,3639.0898048465515,2.0,17.720468968332888
7116,6174.445340057081,3611.1860165520425,2.0,17.719286107961842
7117,1026.9362456926435,4901.576007531725,2.0,17.7175584575003
7118,2235.3032157919447,825.1145265511976,2.0,17.714704836340022
7119,7200.054870358496,2321.4972646886827,2.0,17.713329191570192
7120,8467.393690082645,2800.91713804899,2.0,17.711248664856004
7121,3591.3641061401618,1753.1305670506854,2.0,17.71095224544934
7122,388.378433007395,681.929870666638,2.0,17.709787181938104
7123,5648.109373975253,4081.769856883458,2.0,17.708923693789487
7124,9278.19424964701,493.3441450501702,2.0,17.708628363528213
7125,3833.142485482752,3543.615264559001,2.0,17.708154976139078
7126,7355.031829603142,5305.310729122969,2.0,17.70668099249062
7127,4398.414953875833,3935.0703430710532,2.0,17.704743382158114
7128,579.9308483342548,2511.5276774687645,2.0,17.704428210569315
7129,6032.022122929813,3091.5456023542565,2.0,17.702984676091347
7130,7365.866287700272,517.7122411267336,2.0,17.701738282610936
7131,9181.654250028365,375.0378330843466,2.0,17.697855676232788
7132,6874.200652990921,220.99171506615502,2.0,17.697650719608973
7133,3731.1967594109315,1742.188821961603,2.0,17.69498113672342
7134,4250.033485146084,5431.386092617259,2.0,17.694288476643695
7135,8628.64217010431,4278.954850580462,2.0,17.691640617801784
7136,6571.564597372291,5925.301803487379,2.0,17.689561120655327
7137,6954.969216360379,2519.8591022319765,2.0,17.686063194195818
7138,2594.338938681557,2425.887737102483,2.0,17.68228222932157
7139,6194.420825857567,2346.0734131870695,2.0,17.681643355722166
7140,3474.38047528977,2373.885642789972,2.0,17.680930263281592
7141,4074.3789829416214,4514.911204327567,2.0,17.67965378548792
7142,916.282245847631,1829.6207300821754,2.0,17.678650212526684
7143,5437.201236043877,4144.287374008028,2.0,17.675144803998123
7144,6764.491861349684,669.7334420713962,2.0,17.673143287718364
7145,1629.3947661486945,3275.602804540981,2.0,17.671052409288546
7146,4610.368114355991,3322.779629995028,2.0,17.671000082038663
7147,3089.212042646733,3971.1866019063564,3.0,17.67075009728891
7148,5860.209352579414,127.65181041303737,2.0,17.669951798474163
7149,7643.464428354878,4497.50055919575,3.0,17.66987961201856
7150,3852.7263578417887,1260.0078191798123,2.0,17.669229601077316
7151,6561.10760134964,527.4714737801247,2.0,17.668208428788397
7152,5594.102576173487,4503.472762633834,2.0,17.667501589441713
7153,2486.940064294131,459.83034746558394,2.0,17.666738205646137
7154,2990.136932690334,3452.931259627219,2.0,17.66496468461877
7155,6666.902329957236,5297.705298725784,2.0,17.664599101622134
7156,1276.586600834331,2209.618779646972,2.0,17.664389196671724
7157,6828.444807496497,862.9450046221377,2.0,17.662948734035794
7158,9360.438468566366,86.91846908285186,2.0,17.661679459489385
7159,3546.803269480194,2257.1216716964873,2.0,17.659677183627434
7160,1127.9743273492602,2625.5426453130667,2.0,17.65831709482433
7161,761.6625757680416,1328.3859346502936,2.0,17.658185097144404
7162,9220.259011294585,1281.6602009782016,2.0,17.654712225551084
7163,9165.698427498724,191.0837244553135,2.0,17.65456166420857
7164,4365.387867890594,1377.489467547708,3.0,17.65410153087784
7165,7319.47598155041,5600.752766049804,2.0,17.653407735660647
7166,1673.1317336408715,671.3303969351243,2.0,17.65228515343817
7167,2192.2084856047263,4427.430685215742,2.0,17.651967768406557
7168,1155.48988325257,4402.878991729183,2.0,17.650982835266145
7169,2815.872143391502,4493.4329299491,2.0,17.649602470014607
7170,8500.125396949437,841.0954208194803,2.0,17.648301798293385
7171,4484.677491851351,6369.547060374235,2.0,17.648255438020986
7172,7922.551843426756,677.5964624509836,2.0,17.64560966100966
7173,4967.162378813233,3239.0578177577204,2.0,17.644832682855906
7174,8621.497760405378,3595.017564579522,2.0,17.64282526134026
7175,6618.59823257192,5277.906300615481,2.0,17.641843797721233
7176,9371.683813150921,3551.121762011556,2.0,17.641504435626768
7177,7128.214781361107,4753.424581941777,2.0,17.641241679724185
7178,544.010140322347,41.43845567779061,2.0,17.64080937967136
7179,162.7525304111274,356.03985693332976,2.0,17.63927722710595
7180,9174.19800919856,2379.637231205608,2.0,17.6367437258514
7181,4992.843493781722,421.5698602876713,2.0,17.636718888564946
7182,5952.341738418185,4585.952385825265,2.0,17.633830671370305
7183,4784.557401201107,79.55163904530467,3.0,17.63353082741559
7184,5191.315306368719,3017.6170948689305,2.0,17.631750430534556
7185,8340.304042116617,3849.2089847773655,2.0,17.630104352278014
7186,3139.0941795484364,6303.413009974812,2.0,17.627275570883235
7187,5102.429668135488,162.01365533376858,2.0,17.62673388507592
7188,8830.898998206576,1867.2558669756431,2.0,17.626704485009434
7189,414.0805710602324,4005.4124652020764,2.0,17.62663736933094
7190,1006.3888506352309,1723.777691792873,2.0,17.622761686717155
7191,6855.05362787278,2450.13794321229,2.0,17.621690750706886
7192,2805.9886735499344,4277.2270808432395,2.0,17.61919376546827
7193,110.23544503670473,5067.945332562812,2.0,17.617578007433927
7194,5193.301516117632,6011.37958042711,3.0,17.617541073114467
7195,4204.024823580435,2265.63693346014,2.0,17.614594212902716
7196,8122.1272290594425,257.34982687257065,2.0,17.61172207682696
7197,1467.0991180089213,4321.324659422812,2.0,17.610887698109742
7198,1884.294161720497,3441.6045950669486,2.0,17.610194247786232
7199,9513.8892523755,514.9103388340898,3.0,17.608880423923914
7200,306.6563832160821,5213.569173904611,3.0,17.60861215826817
7201,2364.3481922603028,1961.0225244827484,2.0,17.60721992375953
7202,9434.957587615581,6043.351950150379,2.0,17.606981396155483
7203,9396.175148312672,681.5690589480972,2.0,17.60504895236555
7204,2178.0511919294204,3663.394542808375,2.0,17.60497985844545
7205,6900.127783028605,4369.59762016995,2.0,17.60483126561228
7206,5892.382797118122,5616.8034731591115,2.0,17.601826063103946
7207,1643.7514355967637,1272.8092401884076,2.0,17.6018052819697
7208,438.27867766198034,6204.9270201878835,2.0,17.598832324938073
7209,6298.52153956022,5909.214452499119,2.0,17.593873656187586
7210,3418.8619633290455,914.9025418604562,2.0,17.592730300241147
7211,7743.285419112937,6099.1960737419095,2.0,17.591151986699995
7212,5066.4582863779615,405.0111387488001,2.0,17.591017361091296
7213,9068.001659181558,4613.620761659379,2.0,17.590937530160858
7214,9071.476592884985,2978.0456045988203,2.0,17.590731408292193
7215,4297.520693809381,3869.8809124121017,2.0,17.590306199560978
7216,2085.4620470814016,4228.879833021953,2.0,17.589331518290578
7217,9076.993346673946,137.67494416050528,2.0,17.587110788367937
7218,2153.458770707925,215.83842752851444,2.0,17.586465839678336
7219,504.5306151720409,819.8004576273975,2.0,17.586086639100742
7220,2560.028992006143,4756.685308366998,2.0,17.585816233615972
7221,6154.124869681911,3817.6840522839047,2.0,17.585149497065537
7222,6642.424434998419,4654.97687773165,2.0,17.583087690464446
7223,6765.172993634882,5823.644997896657,2.0,17.580922447132735
7224,5797.363615062878,4723.9254233899055,2.0,17.58069929280218
7225,4221.897403476358,143.61801604116152,2.0,17.57996465454584
7226,3247.237152465719,1116.9046268453826,2.0,17.579871568280613
7227,1739.2799084026644,2635.1976813735505,2.0,17.577308989853346
7228,2047.0524732539943,4921.5822937659905,2.0,17.577157622477287
7229,4461.567655274228,1250.9091802481937,2.0,17.576662409309677
7230,8599.111126835349,5269.453194805459,2.0,17.57553833810489
7231,6733.950599384464,3849.3831588096896,2.0,17.574889341639253
7232,2962.3490006706415,4315.970172967114,2.0,17.57314204662058
7233,8871.416821452054,188.9810511031632,2.0,17.57209564048605
7234,2412.696329540625,2419.0908213087796,2.0,17.571974615411587
7235,4848.313935402756,2671.3942998386706,2.0,17.57117719445706
7236,2951.5538484438057,3122.911215910272,2.0,17.56958362181522
7237,6597.158605879965,5439.31068256945,2.0,17.567646171162444
7238,5919.356587541552,3495.8237163695453,2.0,17.567417465658686
7239,8968.499644907453,5766.004412530732,2.0,17.567306158492446
7240,3683.8581248221235,5927.219031516602,2.0,17.563964778768153
7241,8023.121584698711,753.5180819651441,2.0,17.560629924929408
7242,6333.389962923388,1239.1511794511057,2.0,17.559116601518717
7243,4676.096424508995,2586.869559931598,2.0,17.556452102466718
7244,917.3562844558851,5783.735122246478,2.0,17.556081682058576
7245,8021.3776568628755,4433.9232240493975,2.0,17.555227957474802
7246,891.1099715420036,1193.6616140791823,2.0,17.554431878976644
7247,700.5607618761286,3953.20265301958,2.0,17.551662335965148
7248,2052.086571182146,1957.6699773019907,2.0,17.55127181309649
7249,4171.886952607218,2765.1234533953716,2.0,17.55110480450777
7250,4939.958957299353,3941.428583664522,2.0,17.54909662514616
7251,8192.4335295482,4379.743874994623,3.0,17.54832989509946
7252,3354.6487349230683,5873.504124837731,2.0,17.548025868952113
7253,9540.21232629422,3555.3608614415525,2.0,17.547743879651538
7254,476.8410405206882,4895.839383887615,2.0,17.547420682968845
7255,4920.039690679311,2859.2223815289667,2.0,17.546664520616943
7256,7901.807243268193,374.8214492226412,2.0,17.5464407093342
7257,7642.937770099271,2523.560665585992,2.0,17.545982240289934
7258,2141.290880894967,1167.907423123309,2.0,17.543125637942737
7259,8253.30379204902,5625.509079310809,3.0,17.543124079401856
7260,1206.5009010252165,2059.042399555674,2.0,17.542373434969306
7261,9157.224531782598,5053.210556747485,2.0,17.54150853654335
7262,4645.051643484305,377.4222577609064,2.0,17.541242139414994
7263,2695.390415971777,4591.9305990476305,2.0,17.54077664618651
7264,1255.9571560248323,409.48335359579494,2.0,17.539350429597622
7265,2301.7506776989817,1677.4526376923266,2.0,17.534823967517365
7266,6786.241553389776,6083.405334659218,2.0,17.53386291374884
7267,2600.1122793790137,5157.4548997040765,2.0,17.526562858561576
7268,346.3412614063544,5724.9305969276165,2.0,17.526466315928555
7269,3418.265874070905,3309.0121752939526,2.0,17.52600416985366
7270,3253.4333755844923,6215.143658067627,2.0,17.523996143619648
7271,4260.138506139836,1493.3382236020648,2.0,17.522618320025195
7272,2762.7615769842005,3705.1079708806014,2.0,17.521782631113958
7273,9478.998742008975,4613.490070328205,2.0,17.521727912336083
7274,3556.1761483157065,5777.773727623116,2.0,17.520945554841358
7275,1408.1137813013322,3345.4985285777643,2.0,17.51904161294475
7276,8572.534182105057,4105.0006426569535,2.0,17.51849429771859
7277,5239.45546370765,3476.910620141812,2.0,17.517444380520725
7278,9550.956548018114,289.6464037921987,2.0,17.517435077180373
7279,6510.901762533195,367.48986144943865,2.0,17.516394911328288
7280,8183.355850565213,3325.978412972321,2.0,17.51586035482251
7281,4839.092477794976,1579.3774028678572,2.0,17.515401775787577
7282,5657.059742173587,2509.4551995349057,2.0,17.51292860288144
7283,8086.399445081495,4737.730886668007,2.0,17.50727714892175
7284,5558.133817823571,2185.8867261182213,2.0,17.506854445853747
7285,8802.941500196483,6233.365347167056,2.0,17.506594308833023
7286,2274.0332845396865,5231.3627829866655,2.0,17.5056361613021
7287,3216.465295109005,6009.068094583454,2.0,17.505388719075338
7288,9079.574742069053,3094.9529998839275,2.0,17.504589606120767
7289,2099.2468799469093,2172.00652906392,2.0,17.504116820263697
7290,2644.1207983500526,3615.442376919898,2.0,17.50167393813052
7291,8865.500930182963,2524.1616306867345,2.0,17.500382294481458
7292,5906.906681693861,5083.147512625934,2.0,17.49849360516706
7293,6522.578781348615,3139.7723490043536,2.0,17.495186800233082
7294,7620.475118835257,2537.966091089214,2.0,17.494408703632082
7295,7974.77156598379,2939.048715425802,2.0,17.493493586468652
7296,8840.31524003732,1595.5991667030742,2.0,17.49204141965606
7297,4115.570777074457,5666.952704752398,2.0,17.49190287868737
7298,8031.406801621519,1818.9967626583796,2.0,17.48722554161768
7299,3020.3491276978,4385.0074782910815,2.0,17.486135024999157
7300,2611.3070647150735,3269.229420415117,2.0,17.485953592056124
7301,1814.9698514361307,5525.559794946464,2.0,17.48330092325101
7302,1285.116463492248,1121.2800412724548,2.0,17.48247895252884
7303,2717.3395144852643,1980.9746420781019,2.0,17.482209710263916
7304,6173.05143491235,5241.298370818158,2.0,17.48088971276826
7305,6389.186073778475,4443.343693695701,2.0,17.480524567326135
7306,6970.964900986516,1143.2943690606205,2.0,17.480003692230053
7307,5705.990396392561,5153.425002072218,2.0,17.478698656154833
7308,6573.060229715594,2501.2607594203178,2.0,17.478012197738796
7309,1660.6422328003998,5361.139329759727,2.0,17.477664421967944
7310,7174.145533324657,959.658947139016,2.0,17.475859057466355
7311,5752.293448478315,3723.942354413537,2.0,17.47493390706316
7312,3701.377787320617,2597.2559421016053,2.0,17.474498704273103
7313,669.2442207950588,3079.3814546907774,2.0,17.472486903683375
7314,4607.188594950407,4456.417125750095,2.0,17.47149144725565
7315,921.5797649904379,3685.061066222345,2.0,17.46929894939676
7316,5596.47345757083,3161.0919367600995,2.0,17.468440490822196
7317,7579.689844639928,3711.779171828388,2.0,17.466670199218434
7318,380.10883213165044,491.48751133153314,2.0,17.465782950596907
7319,4486.14311342557,247.50713569043327,2.0,17.46331941523805
7320,224.3954348562892,4661.037751330432,2.0,17.463209215328025
7321,4171.271920502845,4121.609112550773,3.0,17.462653465285584
7322,3526.3594835402696,1952.9279523740906,2.0,17.46182504464716
7323,628.196059956768,225.23789192640913,2.0,17.461618123959173
7324,3460.0517754076386,815.4105824954254,2.0,17.459638436114982
7325,3889.3617657307796,1105.3372535471476,3.0,17.45754398604348
7326,942.94427383947,2385.267269474511,2.0,17.45606992922205
7327,6291.091886368005,1303.5494654284796,2.0,17.45590571884283
7328,5477.627958747084,3821.6563727132134,2.0,17.455139978225343
7329,2244.253201649264,5955.5902460034395,2.0,17.454397855571486
7330,4924.238465883896,347.85126928229363,2.0,17.45158440347468
7331,1447.285878333422,707.2302001867916,2.0,17.44974212162117
7332,4547.286793959559,4555.512110203953,2.0,17.449558095030838
7333,7198.106295193894,3619.576057271726,2.0,17.448366543605385
7334,4434.811248652527,4417.117666130335,2.0,17.44725321878333
7335,2301.695544509204,713.885577148382,2.0,17.446973084176157
7336,3420.3196731192575,347.05263212176664,2.0,17.446368290577073
7337,1419.2525110658448,2221.9260936044516,2.0,17.44348682962395
7338,762.059458117004,5839.542522222945,2.0,17.44201584212368
7339,4542.8739331201,1103.2631790149967,2.0,17.44103721104861
7340,2264.0168809855213,5021.674235806697,2.0,17.43988304148821
7341,602.975227701697,3249.920077379437,2.0,17.43905424613913
7342,6460.680285410642,5520.143310652551,2.0,17.436440085683543
7343,3564.5241846292356,4942.154650331484,2.0,17.436016307617503
7344,8976.543099878936,2830.973072975643,2.0,17.434687349641496
7345,1450.3128254915607,2025.2063930653112,2.0,17.434270652234236
7346,1581.5347501446647,4013.048835748388,2.0,17.429760705314397
7347,1115.5617328034095,3722.8868879323672,2.0,17.42910332320987
7348,8512.147691321805,1799.303711040583,2.0,17.42841749318522
7349,7900.652737247799,2188.967739971836,2.0,17.42809153629231
7350,6120.1145966194645,2263.476504595476,2.0,17.427052529624874
7351,1847.432761501307,6001.907473380189,2.0,17.426112553542822
7352,5490.095282939387,2007.4374454422193,2.0,17.425825992536733
7353,5132.586269800247,683.0417372859971,2.0,17.42424883967446
7354,7688.590330737612,4598.876768086887,2.0,17.42335295522786
7355,7481.192950276545,4605.379757999187,2.0,17.423305322512213
7356,4740.21653220572,2069.175431267517,2.0,17.42284557695827
7357,8660.175782441795,4161.4749991886065,2.0,17.42254132353586
7358,3398.0392997838208,5091.457146774342,2.0,17.420956543392823
7359,1958.3561756511783,3147.154063812385,2.0,17.417999401865767
7360,126.55706957167362,1422.8786275170385,2.0,17.41768264030924
7361,937.62111245327,3410.826726474083,2.0,17.417189011700067
7362,4054.0469060107016,2753.516809321526,2.0,17.41661236977333
7363,740.4631383645499,3063.261947522267,2.0,17.416135982874508
7364,3913.1527908269913,4487.248197691443,2.0,17.41262919524543
7365,194.0566699871794,4057.3920027033973,2.0,17.408654922765557
7366,1931.596830173793,1827.2550558064836,2.0,17.408558909476284
7367,632.4799862363111,743.2794495490197,2.0,17.407022466761568
7368,6278.4178523690125,4170.976982504122,2.0,17.403500714728157
7369,1815.1595269413608,3397.749284756096,2.0,17.40344055991057
7370,4721.275883644183,3873.9695295299916,2.0,17.40276249943141
7371,7928.636064753929,1566.8263475133776,2.0,17.40106355534751
7372,4970.883628385109,3485.194731782339,2.0,17.39752690566593
7373,9307.352274692152,1912.0967581129073,2.0,17.39657835700575
7374,2769.3939315524026,2422.784906091988,2.0,17.396157010476756
7375,2965.8197141416435,5551.4946977253185,2.0,17.394038578010615
7376,613.0791034975132,155.45392466754407,2.0,17.393346209081674
7377,5329.276916458388,5135.109689963512,2.0,17.39125122592324
7378,5926.009585275563,2441.406809846308,2.0,17.389760292811438
7379,5316.659422376079,140.15347150601514,2.0,17.388293792281512
7380,5199.027162364411,131.52519028449652,2.0,17.386495053279358
7381,2523.0314461157373,1750.9283880772482,3.0,17.38541543191119
7382,8372.699561616373,2929.3302089871936,2.0,17.382535883651762
7383,6096.988776474392,4209.37849113246,2.0,17.37971773461846
7384,4105.070026865152,5515.7416481279015,2.0,17.379134683264187
7385,7208.972455476818,3155.0422822888254,2.0,17.37397046318007
7386,6420.267207330083,4832.084043078578,2.0,17.370834580543224
7387,2618.601138563085,1334.7866871874448,2.0,17.368666707461415
7388,5731.49060254503,1555.0165454120458,2.0,17.367635960995674
7389,7606.131450188373,4431.409485661554,2.0,17.367155095162733
7390,6046.158012084202,5141.278289356609,2.0,17.366115872611527
7391,7132.065209922564,3121.637327334186,2.0,17.365259231476685
7392,9151.318502736578,3929.2485338814363,2.0,17.36307853441044
7393,6940.2216691847,2869.760352149987,2.0,17.358073428639127
7394,726.4229736765873,3159.0876935366555,2.0,17.357639267015834
7395,3890.863647835311,1848.0628900058882,2.0,17.357497151896972
7396,4746.198979731423,287.4313234713904,2.0,17.357426287805808
7397,6526.212265247231,4133.894825954907,2.0,17.355839728501298
7398,2108.5067042252754,933.064049199316,2.0,17.354816764756965
7399,1907.05416479526,337.4328707943403,2.0,17.353801350148494
7400,7975.018238028652,5981.4132144213945,2.0,17.35127027222379
7401,7775.09852026183,2840.8677711187765,2.0,17.351109686772705
7402,2162.730129309867,1917.6388219995517,2.0,17.350261128302435
7403,3281.189511688856,557.6249100293039,2.0,17.348889946359375
7404,6037.41938615283,6037.214657183169,2.0,17.348878168022665
7405,8430.07088527889,1299.6495570386505,2.0,17.344922207343252
7406,7495.023199900582,251.06424576017247,2.0,17.34447818650788
7407,8457.948533916426,2919.7300211524243,2.0,17.344134052644396
7408,7039.560197407106,1429.1611186560795,2.0,17.341171183698428
7409,39.587718290554676,1074.9465942955205,2.0,17.34065341538496
7410,3824.2293021426985,5161.343579715559,2.0,17.340524033372184
7411,7932.269442070819,195.83157109050373,2.0,17.337944444339527
7412,7792.913967433432,4403.267801872738,2.0,17.33484573993699
7413,4873.292260465796,3379.909493843549,2.0,17.333037386429034
7414,1245.101988305525,2839.4625289635305,2.0,17.332008069702255
7415,1624.1352622921836,1013.2901128994259,2.0,17.331400614536015
7416,2365.37245041771,827.9428827029345,2.0,17.330324598674263
7417,1142.5030652547455,1858.9790440679465,2.0,17.329931855293818
7418,5433.521521056935,6285.667633777977,3.0,17.329858980426145
7419,3096.4446815035394,6015.434305549317,3.0,17.329495551591997
7420,8364.725809286734,5968.860503874989,2.0,17.328533697278456
7421,952.3104358280813,4251.027536183051,2.0,17.325796595470184
7422,3661.5483088483998,2625.8948023310163,2.0,17.324977509705498
7423,7660.03396787822,5875.575113088534,2.0,17.322796608577164
7424,3891.2195063088207,1361.3000179205724,2.0,17.3224984327987
7425,8002.75231569305,3092.028808795135,2.0,17.31974198596054
7426,8608.37281760396,4735.994969172516,2.0,17.319564219817664
7427,7296.054963467665,6039.772761373458,2.0,17.317893958562472
7428,2141.013862998219,1379.4339108396794,2.0,17.31427517939049
7429,3601.4312088905717,6113.022428693347,2.0,17.313603661029862
7430,6058.86031634599,97.43303327978347,2.0,17.312902138377922
7431,9551.63208456946,1506.061391933239,2.0,17.310699544783187
7432,3496.0154028489487,1935.6026309666463,2.0,17.30892862053536
7433,5592.481969397447,5310.939465854757,2.0,17.308156422804878
7434,7670.116033102088,943.6336522930092,2.0,17.30595577198384
7435,5651.426354293944,1871.7621678840262,2.0,17.30591756691997
7436,2845.1615810351655,4575.904969865844,2.0,17.30384302278341
7437,5227.454155018559,1913.1444056328808,2.0,17.303714541851498
7438,1732.8957048597579,351.7764520288894,2.0,17.303564349890102
7439,1050.1071677721313,3641.6249382127958,2.0,17.300680545912094
7440,9270.391343928828,601.0119412774465,2.0,17.300351368948526
7441,7676.885189703984,3913.312732031998,2.0,17.30001902131509
7442,6352.248117489585,2939.515369289237,2.0,17.29961382675086
7443,7162.825597332693,933.5714673170535,2.0,17.29901890582248
7444,758.8614191651382,5529.227197600546,2.0,17.29771324595229
7445,2439.4700828524788,5973.335976037901,2.0,17.29730708403874
7446,9455.390404489923,2869.1233325583344,2.0,17.29557517231559
7447,8634.531127017246,697.0554527863725,2.0,17.29472874548239
7448,3318.970825922512,1971.4986773967455,2.0,17.29447855312134
7449,8538.47758604541,1900.0613588279427,2.0,17.29270259378279
7450,9306.792692681303,4639.201308087381,2.0,17.29213999989122
7451,4214.9957720644115,5051.476819411263,2.0,17.290092541495863
7452,9215.862475427099,605.2809659941308,2.0,17.287141173558602
7453,3266.0783634856257,5620.91115137076,2.0,17.28709587410198
7454,6089.889364076465,2661.549137244253,2.0,17.285510814429664
7455,8838.185367235668,3466.675701419063,2.0,17.282843523538148
7456,8186.892067259649,2025.7187004553227,2.0,17.282839350886853
7457,2387.97477003566,3087.5583540007915,2.0,17.282396504020927
7458,9058.433445890243,4413.151796790378,2.0,17.28094803289042
7459,4820.900873299164,5087.421727628138,2.0,17.27834015556512
7460,2716.7601473580585,6295.682739530226,2.0,17.276725745422414
7461,4137.737849790381,2936.958795171732,2.0,17.27418672248544
7462,5790.520678817219,4709.440159819841,2.0,17.273259191217846
7463,965.2050445880252,3815.580985042562,2.0,17.273203025354814
7464,4413.080800910077,4519.774810642456,2.0,17.27313076503186
7465,1738.481453258658,4081.33050154332,2.0,17.270832347744516
7466,4765.56231760326,1707.805484515124,2.0,17.270267796136572
7467,7478.683669670374,547.0609970019337,2.0,17.26974300223141
7468,8037.063073138047,5643.269793764687,2.0,17.268191784437008
7469,1147.357076084083,231.8025304522053,2.0,17.26788453890124
7470,5577.691697060225,4760.023128054528,2.0,17.263844002317803
7471,1492.7879086059306,1777.9004809414866,2.0,17.259062541985116
7472,8111.934224765488,515.3798314697683,2.0,17.25881473489014
7473,1090.5820139116918,3450.9247247432504,2.0,17.257599038902097
7474,4375.876626696842,1967.6669505999082,2.0,17.256342819872344
7475,753.9602666074802,3927.506354347036,2.0,17.25417903124206
7476,9206.05044081236,4925.527099473765,2.0,17.252919147652676
7477,3225.2336808601217,420.1849791930039,2.0,17.252695104123646
7478,8775.56606324566,964.9984499630212,2.0,17.245896313729073
7479,4855.205687952171,5035.349545291362,2.0,17.244411904158614
7480,7710.359268308729,721.9213101631198,2.0,17.240141039010442
7481,2732.7386281671947,4455.050841651806,2.0,17.23818386681836
7482,1236.0197504525831,5337.609665698649,2.0,17.235418118431653
7483,5801.814141191485,1265.4131063081497,2.0,17.235385723372154
7484,9213.448988194768,5745.71423436554,2.0,17.234432713131643
7485,5398.18466691692,1767.4708366633624,2.0,17.234051622165712
7486,5284.430394441589,2093.016854543272,2.0,17.233695982824027
7487,2128.3328329099213,4839.779848729009,2.0,17.2326917577741
7488,1045.1361590530566,4197.861669423185,2.0,17.232119433450546
7489,1017.3268495862146,6083.300465763554,2.0,17.231746085559447
7490,9515.876715655788,1379.4964201664081,2.0,17.23159179507753
7491,5400.559385932125,4659.952019177624,2.0,17.231457496649877
7492,500.42250532537514,2396.9804044385946,2.0,17.231231993563274
7493,7013.414174342018,612.0262374864191,2.0,17.227691091476828
7494,2356.1691746067495,3057.1915730248543,2.0,17.22567687062339
7495,5676.072918673574,1365.1970819818878,2.0,17.22305683921482
7496,871.54429274363,2175.137608697844,2.0,17.22262523332345
7497,3755.347293118034,5933.537359058659,2.0,17.220729074262607
7498,9002.863269443214,1129.7518751625425,2.0,17.220600158316085
7499,7483.590101020136,5539.808765547808,2.0,17.21989239199572
7500,2764.9228894700636,4003.5696493795986,2.0,17.216537512782782
7501,315.2864100563141,2069.8294157050445,3.0,17.216386544099976
7502,6057.018951635766,1137.580942986825,2.0,17.216260726440684
7503,3597.12645737191,5605.401344075612,2.0,17.21424428144381
7504,2339.4695320916644,5260.875626781955,2.0,17.213819158439
7505,6384.2384219336745,5195.245383763706,2.0,17.211995163568
7506,7301.008700711036,461.6577274476144,2.0,17.20858317284073
7507,4139.585697842159,1951.0738862135593,2.0,17.208376451290885
7508,3051.0958595728325,2187.528723049915,2.0,17.207624888571235
7509,8041.63506645197,3487.8908061774664,2.0,17.20680980942499
7510,878.135727361472,5321.459093218891,2.0,17.204733672376626
7511,9111.502170929814,31.168629959804562,2.0,17.203950394614473
7512,2253.9596356694396,1471.4627804489987,2.0,17.20056153816954
7513,1805.5023102080504,1283.8499032712919,2.0,17.19927166147872
7514,3588.343706782814,3905.4367919543974,2.0,17.19729087358063
7515,8383.518896514239,110.86956216344974,2.0,17.196569098245092
7516,1791.0115976921422,5495.702671373913,2.0,17.195662421992278
7517,3943.817414456638,3669.4149170269825,2.0,17.194563629824835
7518,5400.653378433057,1295.7983294703088,2.0,17.19389451966619
7519,4355.058271069978,402.8601795047939,2.0,17.19159663969903
7520,3972.254335424929,5349.679705259426,2.0,17.189934914080403
7521,4769.378520219554,498.10745747767356,2.0,17.18919707111927
7522,6892.430437793776,4953.003466383581,2.0,17.188932198150113
7523,7439.358877763419,3580.925888057658,2.0,17.188743526791185
7524,284.0399059574354,4295.352999961554,2.0,17.186783098218992
7525,3183.201915733894,3951.572978204888,2.0,17.184930119873275
7526,3313.3954973186637,5795.202650893049,2.0,17.183050935254652
7527,2062.299064814817,1023.8819608657468,2.0,17.181258623860213
7528,958.4231026297393,602.160429891925,2.0,17.18058196310168
7529,3695.9638680230096,5733.503809296385,2.0,17.179334252218943
7530,1494.8736392710975,3429.378609688942,2.0,17.177710794401502
7531,804.4403329870095,2377.8942977266383,2.0,17.174972380057824
7532,4801.027674922031,369.6800388637042,2.0,17.172406835286584
7533,9476.52756556645,4044.992276503512,2.0,17.164897324765775
7534,5237.074147861007,4113.659110135354,2.0,17.164630696934957
7535,1487.5178834291153,5901.817444456628,3.0,17.16440057928256
7536,276.3475653601623,2185.418264884415,2.0,17.164255568755873
7537,5327.831765625927,951.8356719789989,2.0,17.162392792374252
7538,2156.5484864260147,5095.809772390328,2.0,17.15999211698497
7539,8649.476004345895,5250.118923073804,2.0,17.159873353931385
7540,1942.9913115071263,5303.595594271548,2.0,17.157860000733468
7541,7222.826823321775,5231.391344041621,2.0,17.15769429233752
7542,2943.0467310823287,4509.487051467792,2.0,17.153715975822788
7543,6254.615152615912,2500.6346483445514,3.0,17.153041048709984
7544,9553.487657891166,355.88066241867335,2.0,17.152340152039873
7545,4776.422261204536,4496.104794140668,2.0,17.152163724996445
7546,3669.1816968171242,449.72901834426534,2.0,17.15145162559473
7547,4611.444441779728,5759.429407471588,3.0,17.149892008989745
7548,7284.96234348534,5065.7220693979725,2.0,17.14506261462375
7549,7896.024685654079,3923.4431470443037,2.0,17.143019141823714
7550,225.6274205630147,4573.763740335605,3.0,17.14110038161976
7551,2669.957286140495,6197.555854920483,2.0,17.14079947035716
7552,6413.35051780655,5782.901905837507,2.0,17.140387735575946
7553,6578.131769883704,6143.546027534388,2.0,17.13959509151995
7554,6131.06356695805,5871.502213742863,2.0,17.138175264288222
7555,7697.086717516721,264.26768013795487,2.0,17.13775830236024
7556,3690.09615095471,5671.4616343682,2.0,17.13722715869781
7557,7956.266344085563,5935.297274892575,2.0,17.13623356568712
7558,8086.230267434502,1049.2452712527806,2.0,17.135479712656764
7559,1395.3359712709473,1723.0150155248443,2.0,17.132713877321184
7560,817.4396019867692,217.0928998411751,2.0,17.132481982990992
7561,6706.455293913961,1851.1279059154917,2.0,17.13075129584174
7562,5338.371592335538,572.9290034410212,2.0,17.129343804543712
7563,7428.8125431119915,1196.074924667371,2.0,17.129155023629075
7564,7318.298557943522,3472.142039525883,2.0,17.127125628309948
7565,2738.0040060335796,2407.711238891949,2.0,17.126662083359694
7566,5105.387228771835,5280.8221977777375,2.0,17.126654690250277
7567,6406.0870787611275,21.457441531455927,2.0,17.125049733503662
7568,3535.3033228462054,3433.149517533786,2.0,17.124862350058272
7569,8420.113739486002,5301.309920731979,2.0,17.123803549136763
7570,5608.436437489759,4745.10459508709,2.0,17.12336542478122
7571,7313.065764484967,4093.4192819998616,2.0,17.122890525845186
7572,2814.365206882348,3857.220541980124,2.0,17.122263573393823
7573,6696.475523334724,1707.53945398846,2.0,17.121311239155638
7574,7730.566352348711,2427.7919244299287,2.0,17.12003979219817
7575,4223.065046242669,5303.7735452940715,2.0,17.119828486728125
7576,3473.6356312330395,3876.966362223356,2.0,17.119741041120562
7577,7306.591840017466,6226.099639518161,2.0,17.1176835334604
7578,870.9157909597085,369.3836840668257,2.0,17.11552750364079
7579,279.1689904523862,323.5719262084027,2.0,17.112998893791737
7580,5520.56013438322,5252.982997229631,2.0,17.11290977048769
7581,9269.472496699203,1359.8129335654512,2.0,17.11190556642738
7582,5056.52671957202,498.9273058639539,2.0,17.110667744462734
7583,6109.026674239856,4143.392855968488,2.0,17.1083446574064
7584,4649.0075799231745,2401.3730753942455,2.0,17.10725004344875
7585,7124.297814711786,4425.135302647771,2.0,17.1062469301201
7586,493.20113206929625,6315.199257385086,2.0,17.10607980086752
7587,4615.424684804921,5337.200299745272,2.0,17.103384635632175
7588,8133.383796048931,2133.8541523955128,2.0,17.103160077147294
7589,4434.442671320869,3189.091019574729,2.0,17.102929526179942
7590,7320.123657142699,5894.70028872685,2.0,17.099098408026475
7591,2316.1751186670976,2857.4832939609946,2.0,17.098329631675053
7592,8884.225952921599,6039.592550099651,3.0,17.09775307483983
7593,4835.120618330782,3027.7431400987166,2.0,17.097617733726263
7594,7933.314694007982,1846.9393273436833,2.0,17.09637142539291
7595,3692.4239791239265,1999.3606709378062,3.0,17.095300979351872
7596,4592.312955843804,5825.096845516898,2.0,17.094952473009325
7597,408.0045969433886,6045.582580990644,2.0,17.094083087542966
7598,1247.9553870832374,1395.6204602537673,2.0,17.09029183596414
7599,6791.402399830681,5053.471887677165,2.0,17.088116911831783
7600,5647.538240041932,2747.094382289143,2.0,17.085865486944577
7601,587.4367161790088,6129.138802564541,2.0,17.08551669164364
7602,1525.3194907816949,5326.320454395004,2.0,17.080124477793383
7603,8868.266588963415,4607.5784245355235,2.0,17.07937535584992
7604,1059.5685879764148,1453.3009472398983,2.0,17.078415854709586
7605,771.0340638473839,5839.506586370307,2.0,17.078316290190457
7606,541.9039242880076,2981.1299866602817,2.0,17.075805469930977
7607,4338.015058171295,333.6352299968899,2.0,17.075610239250782
7608,4413.181153624419,4639.451673251637,2.0,17.075582921078613
7609,4431.019917210947,5183.580412786946,2.0,17.07543811191775
7610,1214.1896386849407,3779.4463209813966,2.0,17.07535919221124
7611,931.6308162928922,3847.276095494403,3.0,17.074760207466845
7612,1672.9958862331164,4783.777388558046,2.0,17.073342504718934
7613,1734.6221211316897,6159.275049990654,2.0,17.0723441561218
7614,7160.502729010407,1410.77133558509,2.0,17.072151807495192
7615,5312.791960823273,199.6634542550342,2.0,17.07159806844345
7616,2457.612688038454,137.12639302917836,2.0,17.066878085210448
7617,6340.723211812621,3948.9915061967467,2.0,17.066453540295427
7618,7449.467851110227,5842.836143661891,2.0,17.065042424455953
7619,8218.164413754339,5393.516420299644,2.0,17.062494346079376
7620,5033.469654862013,2374.1084050835657,2.0,17.06087728404409
7621,7818.359424617616,139.11263175264716,2.0,17.060472308611384
7622,7640.0615032697215,4623.4713606349305,2.0,17.058813842762127
7623,931.5778595953435,3608.8317068972,2.0,17.058736780539213
7624,8113.121275611064,164.89056717957746,2.0,17.057980525754775
7625,2219.345100599626,847.7014092537302,2.0,17.05679045343232
7626,2666.927111501936,1337.6123167828234,2.0,17.055658481573563
7627,8123.858566820287,3271.652891055624,2.0,17.055250807205343
7628,90.25901582990066,5507.052969392797,2.0,17.054772550094658
7629,2226.310303201173,2825.729363402661,2.0,17.05392094103399
7630,5060.922959299504,3839.451746610573,2.0,17.05350623430144
7631,6880.755260834386,1083.2170189785081,2.0,17.053265462162354
7632,2940.461577452352,72.82615241494328,2.0,17.053246226059958
7633,2196.475828752394,2466.985575004548,2.0,17.051944922240082
7634,2677.8868173924925,5931.514021511749,2.0,17.04535396820889
7635,4636.379134073692,1027.1494364810078,2.0,17.044887625271155
7636,5563.3079125611575,4809.470217891658,2.0,17.04142569866306
7637,3825.786802925793,3619.7112731139423,3.0,17.039405358577728
7638,1794.138836882214,5897.591828039331,2.0,17.037675558451397
7639,646.0594952124853,993.435978694944,2.0,17.030374253239057
7640,7988.666730768044,1647.1800736258842,2.0,17.029538093991714
7641,652.5796338084465,5856.921990999303,2.0,17.027962984877984
7642,9257.239226572034,3258.870987781249,2.0,17.027776719391007
7643,6179.701508109764,1283.5481804348044,2.0,17.027257733870435
7644,8760.111727880518,5105.083583684221,2.0,17.027187085074942
7645,4644.418161253541,4314.051953501951,2.0,17.02584618588771
7646,7775.226144486036,3851.4876352350684,2.0,17.02248318035651
7647,1129.7743951740233,2795.2997129116625,2.0,17.01982676507042
7648,34.03637110593282,1809.5239859201577,2.0,17.01916557375346
7649,8098.9843605047645,6377.417500480293,2.0,17.01539177873846
7650,443.21190498251053,3869.6041550239083,2.0,17.013084479621856
7651,1592.3771116940368,4733.141469117474,2.0,17.012749972297012
7652,7858.0509138432235,4783.351023485608,2.0,17.0124907050604
7653,4613.156778781145,1985.5676103407957,2.0,17.012465308742712
7654,828.4497563039765,2608.9736937781327,2.0,17.012357310341727
7655,6656.764835974381,5375.504686446016,2.0,17.01169101107211
7656,7384.885988093324,3556.923772539607,2.0,17.01151723086989
7657,6269.272784827284,4603.049900097049,2.0,17.01118573600529
7658,1039.8689786889088,1769.2953642504162,2.0,17.009277191126
7659,4952.472654371972,3685.0852523660533,2.0,17.008144794110457
7660,2262.499106196526,3369.8522631525416,3.0,17.0077572876156
7661,6625.306662241376,4851.508834100886,2.0,17.007153640580427
7662,7841.494483570104,2235.294715733895,3.0,17.006998561625593
7663,4059.2905084345034,1725.5616511323933,3.0,17.005979156779766
7664,8269.99939207637,4059.605007834036,2.0,17.004702588519912
7665,575.3294607017627,2801.8565333547554,2.0,17.00408196117929
7666,2231.204909365529,4265.50320313524,2.0,17.00328827758144
7667,3588.5247919709955,3540.1826259571253,2.0,17.001717652053117
7668,331.4626038742639,3666.8623134712557,2.0,17.000953004531997
7669,7804.359908109795,4746.089197360435,2.0,17.000631633024465
7670,6636.329445882174,3271.490938879111,2.0,16.997510848273915
7671,296.07729295017526,2405.3534235830166,2.0,16.99380793115638
7672,2061.5754406697356,3953.8912843829785,2.0,16.993106793612654
7673,2334.3937991724943,2794.025105290452,2.0,16.989830343978575
7674,3131.3715216117034,455.2163693198336,2.0,16.988725726602684
7675,2187.4699863386713,4911.110627769212,2.0,16.98534936231132
7676,8583.204519265139,4783.66276237857,2.0,16.982242874996285
7677,2322.0629193293885,4791.355003781262,2.0,16.980759589927185
7678,3945.5892981822517,5657.876963282903,2.0,16.97879276359635
7679,5797.601401399857,710.1112433792745,2.0,16.978752030911714
7680,8956.249779963442,5363.924411173241,2.0,16.97799119987354
7681,8343.0238093707,4771.854826492567,2.0,16.97556356017472
7682,6093.742316258648,5193.230080976307,2.0,16.975168510133177
7683,9316.69575165911,751.9386608007813,2.0,16.97261084573866
7684,8048.118865378994,1434.8112365899008,2.0,16.96864883733655
7685,714.3038546335669,6073.440567143888,2.0,16.96771499359833
7686,5618.092689989707,1811.4695841429477,2.0,16.96672877453888
7687,8251.123468685126,2887.354852757979,2.0,16.966670287846988
7688,59.53582810381583,33.708549809371476,2.0,16.9627750198476
7689,6991.7764236639205,5959.865978164143,2.0,16.962128622886368
7690,59.27844141135763,3175.1431544138723,2.0,16.962054649248852
7691,37.29346206670994,5835.533939449418,3.0,16.959655632445703
7692,7192.046013976592,419.4853293903045,2.0,16.957997401674522
7693,1376.2201764560073,29.0020449740516,2.0,16.9560665300019
7694,9304.247671179202,4903.037159116139,2.0,16.955822446561683
7695,5474.629969924679,4085.8491993766606,2.0,16.95154505578142
7696,5229.2418943211105,1198.1199911083302,2.0,16.95048668778485
7697,398.2995385405537,5045.012780859872,2.0,16.95045281967572
7698,6923.073991129405,3991.6268237153527,2.0,16.94940040503058
7699,1311.9489559346216,3427.555686354883,2.0,16.944627860956025
7700,7114.814120784952,543.3524253402946,2.0,16.94414413407275
7701,6883.502389708153,4552.839013785316,2.0,16.943744508542114
7702,7921.256753424015,1295.1460705958318,2.0,16.942648851394235
7703,1574.035071866651,2185.6547687280367,2.0,16.941933935068736
7704,5358.90574543241,2913.5179584524903,2.0,16.941718375083234
7705,6852.1599094362855,2799.937929865909,2.0,16.941311254057265
7706,4375.342821528627,3942.9867787441026,2.0,16.940114034161056
7707,7361.885879421531,2097.348931927226,2.0,16.937355802147692
7708,6223.344293979741,1522.9851610798314,2.0,16.934114155151654
7709,4896.519344911287,2941.0820569618895,2.0,16.933593461987297
7710,4311.422535824634,2660.91280649318,2.0,16.932946999274762
7711,7086.329132197577,3217.953809843264,2.0,16.932900475265793
7712,2205.3187319575377,519.401047582674,3.0,16.932359102715772
7713,4550.13927654465,3619.5599632244293,2.0,16.931936382519293
7714,8342.455359555275,5263.89436771281,2.0,16.931766982750712
7715,3863.6909179094864,3226.8299383085996,2.0,16.93175835798597
7716,7276.429576821728,5649.933769045901,2.0,16.929452245223953
7717,8233.115172743823,765.9924168685417,2.0,16.92853778811617
7718,2722.1496028476527,4053.324038234101,2.0,16.92843953084878
7719,107.58570402268128,4132.928686782209,2.0,16.928208675858997
7720,495.8024892822165,332.06057868497606,2.0,16.925409438668545
7721,9207.021688622292,4437.625682377265,2.0,16.925229388230992
7722,6501.412574396327,5577.025385069955,2.0,16.924711426844667
7723,3390.0256283773433,6047.378479756678,2.0,16.924588998425012
7724,6328.077843570946,1097.6309649686234,2.0,16.9241295667079
7725,6485.728466053384,511.20224409687415,2.0,16.92231059162733
7726,4601.502986340107,5250.89205451008,2.0,16.92152891201428
7727,6613.057689874579,2467.3861011073946,2.0,16.920366025107697
7728,74.18103418261057,589.4514775766193,2.0,16.917979154007586
7729,5014.248198219958,5187.246100279657,2.0,16.916295948043125
7730,4636.311986126056,4035.8674560332597,2.0,16.915456817659372
7731,5637.8026865530255,3945.9212810970516,2.0,16.915142794309094
7732,4078.330955054156,5828.856539062553,2.0,16.914637356848953
7733,2264.49064446694,5407.003600247993,2.0,16.914074789107424
7734,6453.677299061931,25.578428253608365,2.0,16.91137062226518
7735,8208.504715679228,5830.930366505577,2.0,16.90999011259675
7736,3698.3898233953096,2545.069975012924,2.0,16.90662389892839
7737,8455.520116953056,3355.013450546077,2.0,16.905438325888
7738,7779.358422374471,675.0246232742319,2.0,16.90215952376009
7739,3672.7775267802303,1371.5873906765291,2.0,16.900783505533298
7740,7948.62791329512,2676.997055625411,2.0,16.90062173676126
7741,2261.772183500799,2361.5161124628503,2.0,16.897102325374593
7742,1764.0362530121995,2749.526583598337,2.0,16.896802713196163
7743,16.11066313043345,4681.461626833846,2.0,16.89678420613438
7744,924.3952106704147,4581.86580636776,2.0,16.896704509963335
7745,8127.1936903954165,6065.749745068384,2.0,16.896417852399168
7746,4334.364057280074,3136.995385903726,2.0,16.894409433171262
7747,3310.9678666918717,491.8901737553596,2.0,16.893397549642447
7748,3604.584151046814,5063.730009491328,2.0,16.892598168625245
7749,5239.982394305661,4685.609791783078,2.0,16.889019546910795
7750,5565.536105991232,5809.96773366349,2.0,16.887863603857475
7751,3692.133032867293,4049.789150815885,2.0,16.887682899261765
7752,5001.971930217179,5827.433288156709,2.0,16.886714390066007
7753,697.4486591588062,3699.0714625359524,2.0,16.884695920947447
7754,3202.369164729813,5023.416930569798,2.0,16.88467972435011
7755,6507.651143421855,1256.9094040274242,2.0,16.884230720297563
7756,7926.104252628593,3179.046882743116,2.0,16.883452269947295
7757,2143.5215612653706,2228.979256103281,2.0,16.882393049823342
7758,6669.516479593125,118.07339119732059,2.0,16.87945956180776
7759,4994.925630553954,5317.50490139572,2.0,16.879449688763856
7760,1825.3070077629927,290.17636938613725,2.0,16.877698788239066
7761,6754.484486638357,2414.080161658267,2.0,16.877050893829963
7762,9370.321516965505,5613.491455689112,2.0,16.873732567205384
7763,5123.501292893838,2315.266163341527,2.0,16.873237788166698
7764,6885.79489957433,1975.463984225204,2.0,16.872899336346276
7765,3497.5250502333215,639.7908551346328,2.0,16.872383423934533
7766,1800.4598049187764,811.2875483814307,2.0,16.87237469122779
7767,2139.160254692184,4181.767053160685,2.0,16.87179265431952
7768,6007.55673867902,798.890873328513,2.0,16.871755113763772
7769,1072.8614136863114,2409.350884556121,2.0,16.867787015601174
7770,8795.02805313187,3807.5900304914007,2.0,16.867515715936943
7771,3173.0080023948567,2009.6527890557868,2.0,16.86532345788811
7772,8272.340730005886,4962.832823789742,2.0,16.86277085644603
7773,6983.267015412067,5531.5772709112925,2.0,16.860724710587412
7774,6596.867249118209,753.3022362173131,2.0,16.860320956018032
7775,6530.7845960788945,2485.63198021489,3.0,16.860102177643817
7776,5519.148566198046,3441.295937271986,2.0,16.859158681542002
7777,3390.392901246468,2469.657431833182,3.0,16.859028610423493
7778,5188.08756631451,4793.600527915897,2.0,16.858479693420826
7779,4334.361184375006,787.0325578965515,2.0,16.858058779606402
7780,5593.960598972971,1377.4935365093884,2.0,16.857094283928067
7781,3408.0961125944027,2119.335437022367,2.0,16.85709030942557
7782,4545.127505369917,5049.460836519399,2.0,16.857057657042237
7783,5162.170849675587,4097.7921334057,2.0,16.856067804588793
7784,165.6322813700332,2550.955810666605,2.0,16.855513139703287
7785,1812.3426845734912,851.7898468454637,2.0,16.85535753825531
7786,3222.025494716645,5911.452425133781,2.0,16.855337293597223
7787,543.2873989612222,4053.905207012984,2.0,16.85347763492867
7788,6158.344011044947,5039.042134722038,2.0,16.853399352302198
7789,6848.078204193111,3113.502661093633,2.0,16.85215782591659
7790,2107.1908484784376,2323.3905291516053,2.0,16.850635339277094
7791,1511.0822129932628,1850.0148989669951,2.0,16.848529845624373
7792,8227.01677916606,2627.336151972239,2.0,16.847844239317904
7793,7532.113586710542,2931.769861641765,2.0,16.84744395186297
7794,4922.951377953907,1137.8392687780483,2.0,16.84711182566339
7795,7278.207454674918,3829.7684966825145,2.0,16.847003760524295
7796,9099.644444342119,1743.993223086982,2.0,16.842873166631037
7797,7630.424901618466,965.8292962702601,2.0,16.842131314814814
7798,4257.663585676733,5807.815955993396,2.0,16.841657666980186
7799,8493.051380522325,3729.5238366207486,2.0,16.841477142240816
7800,7848.162324880805,5841.600150339679,2.0,16.841162341645866
7801,566.3166451546837,1913.9701212197765,2.0,16.8398142810062
7802,9014.744682836134,1807.4637748562545,2.0,16.839593357371694
7803,3868.3656860367955,4787.1623261816685,2.0,16.838543657639203
7804,3206.2530246837136,1148.3407988852896,2.0,16.838508407722976
7805,992.1981708654513,4851.41940511283,2.0,16.83479089827669
7806,18.318502028859072,6327.023623129372,2.0,16.833215046289467
7807,858.9313393438877,1041.7714738632235,2.0,16.831818582426486
7808,8044.253249112636,6183.641366865961,2.0,16.83156134785069
7809,3422.3632797222845,2973.8657805873336,2.0,16.830201801568585
7810,8569.481447688684,133.92916596822644,2.0,16.830120463020524
7811,2564.3767372356883,1308.1994805306208,2.0,16.82531935238146
7812,8614.105264948972,4549.643747754721,3.0,16.82155778192048
7813,909.2327740837042,5511.575557546297,2.0,16.820270656493022
7814,4416.478724119478,1061.9449664508224,2.0,16.819571468032702
7815,5857.447908721973,5260.9560162893185,2.0,16.81882552464518
7816,5355.278371233145,5687.010025682164,2.0,16.818295252076116
7817,6007.047984142431,1901.6882449925765,2.0,16.816687039226984
7818,3091.240641160437,3312.6235431872697,2.0,16.815649994965405
7819,2479.2954883070597,5498.92492031337,2.0,16.81516933695509
7820,2011.2403540070316,2795.226139626756,2.0,16.814510931237805
7821,4361.451334765901,3970.027551117225,2.0,16.814417959750497
7822,6382.064576661932,5847.411760682587,2.0,16.813472026753363
7823,6979.46339039621,5610.1057779454495,2.0,16.81289636504585
7824,2096.5479539186804,851.8590835247096,2.0,16.811679660198315
7825,4443.386438786087,4887.195554963445,2.0,16.81010339254346
7826,3912.1282183574094,4681.176719459755,2.0,16.80899988075523
7827,3134.604329524259,3943.0875842898213,2.0,16.807180496774844
7828,3644.8056241941244,4253.413804476862,2.0,16.807119196338146
7829,1557.2402198932168,6372.999143535014,2.0,16.806920699939408
7830,3193.2087118216255,4001.595458053721,2.0,16.805935984401458
7831,4369.010585201665,1403.3950175967752,2.0,16.804985460216486
7832,4787.169154803875,1537.9186464185645,2.0,16.80215184171457
7833,1811.0298775113217,1763.5269952683589,2.0,16.800712853374264
7834,6147.140407331178,1807.5375827079627,2.0,16.799774923023797
7835,9304.210606789535,5853.383147471534,2.0,16.799548269609417
7836,1069.9193701053912,3729.5402925403605,2.0,16.797826704775837
7837,9400.500751002528,2645.982822010225,2.0,16.79754769288376
7838,5247.96632159299,1155.2863522541893,2.0,16.795211472403473
7839,7638.141117216171,869.4748487027443,2.0,16.793740952428593
7840,3486.771767932651,1149.1560365618607,2.0,16.793348178739336
7841,1078.27413300369,4749.828261861786,2.0,16.79296662898804
7842,1251.006982176397,4703.455334303168,2.0,16.79239894721804
7843,3749.5392028396163,4178.827976257539,2.0,16.790714524673504
7844,6838.011379139341,2075.9514441536926,2.0,16.789835998020333
7845,4061.2306325949967,4262.939893559637,2.0,16.78926859503597
7846,4672.128277329444,3001.253401501829,2.0,16.78306412028999
7847,8882.55738954941,4318.9259890719195,2.0,16.782619863588998
7848,5290.974038419723,257.6868356914065,2.0,16.780811563739192
7849,8892.850546629132,1353.0319309821703,3.0,16.7797302557983
7850,5564.058777439886,3651.404510137183,2.0,16.779583705905925
7851,3907.008468939672,241.45978609421013,2.0,16.779561887167276
7852,1251.120022567224,5323.698578228541,2.0,16.777829261962037
7853,6140.02489613819,3409.644139408415,2.0,16.77358088944022
7854,3898.1003907045547,5673.63464841693,2.0,16.773299855190103
7855,180.8941825456774,1695.73905681806,2.0,16.772150706866924
7856,6837.939786424895,872.870569143665,2.0,16.77024763403542
7857,1821.093072970101,531.4789945057679,2.0,16.76919886606774
7858,5541.17250847013,535.5456507832176,2.0,16.76787644786509
7859,5917.124099068626,465.2290872341229,2.0,16.76777705985968
7860,485.8128063997211,165.3831204518119,2.0,16.76755394576508
7861,7143.272013549766,852.8934742406918,2.0,16.76745120150419
7862,5285.294596188562,1739.8870834054976,2.0,16.765449042964573
7863,9368.877257720293,3094.64604467208,2.0,16.763133964789684
7864,1713.8825260382819,3309.3234789694066,2.0,16.762876629030316
7865,1535.8523745038765,3402.104614478459,3.0,16.759546494978732
7866,4875.414956150306,875.9382941656446,2.0,16.757022448868735
7867,1386.099814014892,1567.916635682186,2.0,16.756997600541627
7868,1664.9634732459344,3437.345035969577,2.0,16.755541676496225
7869,4207.0326776733245,4007.4098686110733,2.0,16.755207135254537
7870,7662.57030141317,700.9714230159553,2.0,16.753758925982314
7871,8679.372722347398,1581.0127083687566,2.0,16.75332918489924
7872,8755.98073033437,4729.307001394996,2.0,16.752084508886597
7873,4629.46599293,888.9568587051605,2.0,16.75179813503701
7874,9107.939199409395,2337.4250886470595,2.0,16.751599969215516
7875,2182.1081290397615,2443.5228149275417,2.0,16.748943627922955
7876,6334.82472053524,5425.457419924368,2.0,16.746343485211124
7877,1727.022240440966,1631.6597501503857,2.0,16.74487182157131
7878,1838.1762628318706,4359.631291212043,2.0,16.74357050878449
7879,1845.95969878551,2121.51774828493,2.0,16.74339295005069
7880,4025.119697224043,5543.6041590000505,2.0,16.739273597629822
7881,8497.440629796036,3571.9448537012945,2.0,16.738016474192882
7882,6813.61610433198,2961.761206938294,2.0,16.737629906699688
7883,420.42478180684964,271.8221944738946,2.0,16.736434056876256
7884,4414.321923224512,3441.491796155636,2.0,16.736154059305367
7885,8604.249151352009,3360.0150728292656,3.0,16.734364211619976
7886,137.1319491066641,5413.139943909289,2.0,16.73399903528299
7887,85.02880748517377,4545.636904094544,2.0,16.732271743021244
7888,2389.084235349651,4993.295976828207,2.0,16.73151992880632
7889,3942.024588359856,1871.6110480855693,2.0,16.7304053667995
7890,8234.544609349228,1923.0377115343713,2.0,16.729291133504113
7891,7485.241561859626,4047.5037784098395,3.0,16.729052471320227
7892,7115.984639776216,1233.440127563177,2.0,16.728732448593295
7893,649.0193544516554,3717.7292009610023,2.0,16.728025832268337
7894,7759.4035882299095,4657.858959698715,2.0,16.726486323579387
7895,7672.252388142008,1599.4582186670937,2.0,16.724724913553832
7896,8316.21386505825,2447.538465873865,2.0,16.722621456647634
7897,1465.7290971305044,3088.3649680529456,2.0,16.722140070974117
7898,3124.0249641441555,5255.21568752133,2.0,16.720262573331304
7899,1231.5688484141365,4957.063100293627,2.0,16.719757837192187
7900,5897.09248687119,963.4610692798252,2.0,16.71954731427125
7901,9540.167719075256,161.34348750395122,2.0,16.716820206434274
7902,6846.710881506945,2005.0798403741799,2.0,16.716090331125365
7903,9036.854746762092,211.0532421115355,2.0,16.712211593252277
7904,3403.4141826404166,1142.182370679362,2.0,16.71196774290322
7905,1409.3542705896439,798.0259345281149,2.0,16.709597802696067
7906,4224.483267888451,1817.1610510211035,2.0,16.709494043172967
7907,7839.171857933105,4775.713707436312,2.0,16.707192692548592
7908,7449.592675811694,3803.7142421162657,2.0,16.70567956034637
7909,9011.545167011389,4479.20698882153,2.0,16.70556702619822
7910,2664.5976252028395,1493.0584940967146,2.0,16.70484795717222
7911,846.5015345216534,3509.338941533938,3.0,16.704670143059097
7912,1629.1450146330226,4687.610429724212,2.0,16.701915958116672
7913,301.17747985830323,3061.578401050197,3.0,16.701591435978152
7914,6377.096416751864,5553.557997780284,2.0,16.701042882969837
7915,6012.05569947865,1757.3227521149634,2.0,16.69860029974012
7916,2616.8540748476385,1315.8253891981997,2.0,16.69817712195152
7917,3433.9741958473746,2929.7769681064265,2.0,16.69792266213701
7918,6927.268873723272,92.88851308160116,2.0,16.697700931300844
7919,5046.827928939694,3231.4385322832777,2.0,16.695880234958246
7920,3115.597797100395,5566.143531730276,2.0,16.695789719930527
7921,1654.3204525996607,2757.5379010761058,2.0,16.69544729290235
7922,8207.148597208068,61.41319568612983,2.0,16.69223835317817
7923,2705.305132371702,3991.4485715928663,2.0,16.69127488767563
7924,6104.298783885479,2069.074966092332,2.0,16.685716174058214
7925,1031.838692727255,269.4790611077898,2.0,16.684584869363636
7926,3505.1796802997883,4487.666370727144,2.0,16.68260987518523
7927,3058.224014783002,48.123769665045515,2.0,16.68250680782142
7928,1874.537165341491,2173.937312559002,2.0,16.68223101570754
7929,155.08279874724482,5993.502495322524,2.0,16.682064057278037
7930,1569.6064584194362,4020.0272173318,2.0,16.678962136524806
7931,4481.789805665683,3590.9856899556153,2.0,16.674738438482066
7932,2480.4412215783645,5272.877283725684,2.0,16.66819246541319
7933,1314.8608801970827,3257.4672628699836,2.0,16.668033930258613
7934,2622.112248750522,5486.9347200698885,2.0,16.668032005137363
7935,1339.4168518611637,1207.9388924421373,2.0,16.667952223151996
7936,3328.608881568455,4150.028898385727,2.0,16.66735183342913
7937,1612.4761447133192,3047.0018292998207,2.0,16.66657845141068
7938,6032.547573640371,5363.03158713974,2.0,16.666109585956715
7939,816.3688143845028,6252.941099807478,2.0,16.665427837882316
7940,6224.082023990918,2502.527389572419,2.0,16.665254726862315
7941,4046.2413945005255,5473.71938727648,2.0,16.66334449959661
7942,2941.428412759909,2482.084282632782,2.0,16.659783562677465
7943,4025.0934086313,147.31277192725636,2.0,16.659501250251946
7944,5579.9164328614315,833.5355925090272,2.0,16.65922773648145
7945,3836.3492159050334,2039.8146568577,2.0,16.658743985589005
7946,7433.96888843146,1847.434578857117,2.0,16.65827896120861
7947,4455.665797643399,6257.8429862901,2.0,16.656087540030477
7948,8419.239333262452,4455.899714414747,2.0,16.656027297165387
7949,1634.2292212776074,1995.6237628230854,3.0,16.65257782213195
7950,1287.437243710836,5414.839498731297,2.0,16.649597823173142
7951,2968.3686125269296,804.9308858216359,2.0,16.648254250642605
7952,3176.9715006051265,61.137103900736,2.0,16.648009370523706
7953,555.6089342255462,2169.339738186278,2.0,16.64569741329896
7954,2677.838456554325,2773.1107392257977,2.0,16.644419871626226
7955,5807.596917604423,473.592946066797,3.0,16.643836529328517
7956,7384.083540707563,5193.642484411625,2.0,16.643732839992936
7957,8615.245918691064,2266.03548545887,2.0,16.64292830032784
7958,2821.33659752193,1679.8374452680944,2.0,16.641846567854913
7959,9482.6047293194,6144.169517897468,2.0,16.641148453303238
7960,6942.693526008229,4255.039538463002,2.0,16.637547665777696
7961,9205.29179367719,5293.998034461181,2.0,16.63675956962539
7962,8609.414529957203,3217.075524893889,2.0,16.635992841983796
7963,9251.171088701918,3443.5072722929526,2.0,16.63335510606272
7964,2146.0945403529618,5647.376904985533,2.0,16.633017559630506
7965,1694.6011323286712,5551.30533986189,2.0,16.631612981967038
7966,7244.05587238596,4587.316891366531,2.0,16.631130554839007
7967,1980.3488136484457,2877.2212497827754,2.0,16.629735293183813
7968,6696.6403310686155,5590.074554064452,2.0,16.628692755112834
7969,6072.49857205103,5149.038276546403,2.0,16.628483060983434
7970,6398.084318045606,989.232585956572,2.0,16.62776841478753
7971,5964.056265923084,5487.395550236935,2.0,16.626691843517182
7972,7198.007578448924,4381.881450225955,2.0,16.62554899035804
7973,3681.6789850390655,5306.0347494604575,2.0,16.62440252785472
7974,1151.900036554782,3467.7695390371414,2.0,16.624172364181025
7975,4446.654309762949,745.1059093387448,2.0,16.623723726654777
7976,8768.178212189383,923.84500167957,2.0,16.623183002672654
7977,5818.159331846788,3001.8359677435465,2.0,16.622005552098766
7978,9395.170434990945,6339.944209986071,2.0,16.619626576209797
7979,5821.041929072396,4447.388813872889,2.0,16.615069437541
7980,255.95086683275224,5057.595103108637,2.0,16.615009683000636
7981,367.3866841593529,3987.1470690531564,2.0,16.614621613405465
7982,5411.452441629264,1117.8350210930132,2.0,16.612865976557394
7983,2305.3130851833994,758.840057552626,2.0,16.611969276902386
7984,4100.52305732157,1431.0768480526622,2.0,16.61041640154019
7985,7442.31079148286,2621.9218924884167,2.0,16.609793745901413
7986,3389.5005608031624,4498.037012327818,2.0,16.609461700836942
7987,9195.245845899162,4017.8475683402976,2.0,16.605968492253623
7988,5894.104939692268,3696.0279186339253,2.0,16.605963049788336
7989,8126.480935201136,5712.085557091858,2.0,16.603770338829346
7990,9487.100946253084,677.1864671084962,2.0,16.60363539633887
7991,2857.53920753791,1933.8040108634539,2.0,16.603445819671695
7992,6983.061179148618,4505.035873820279,2.0,16.603287891665623
7993,1617.0266196108064,3535.4977856444184,2.0,16.599556130658538
7994,1903.0703789246656,5963.411588077364,2.0,16.598702784663622
7995,1953.4311248754655,3956.9676862903275,2.0,16.597991496758468
7996,7241.46114492824,247.10675673739988,2.0,16.59787251840786
7997,1887.120968266102,1781.2236341820535,2.0,16.597357567311896
7998,5880.460258109828,584.8445310918224,2.0,16.59664114205792
7999,65.28559669740865,3522.9134051924652,2.0,16.596627672549488
8000,5202.017512877739,4057.532474192832,2.0,16.591864352855158
8001,5933.466509069711,488.91896323372026,2.0,16.590126234728217
8002,8547.596557415822,531.7826210152984,2.0,16.590065525588532
8003,128.68421056244318,2902.9852189743633,2.0,16.589986657796235
8004,8091.985405009269,5521.678007862564,2.0,16.58724333104493
8005,2750.413462776477,1126.0972940258798,2.0,16.58610460305432
8006,2633.6381832013963,4017.091758757082,2.0,16.585564699468033
8007,5766.421254529306,5308.8352473318855,2.0,16.58107003719076
8008,8533.129523721936,4389.515385025258,2.0,16.5809444201097
8009,6892.983599221327,5323.509333866219,2.0,16.58016439037373
8010,4660.984681511621,2901.5716206443813,2.0,16.579608301151865
8011,1028.8808216088873,5239.359169868919,2.0,16.57906223255382
8012,8368.062105929746,6197.596724852149,2.0,16.5775747978594
8013,1726.4837926947343,1917.9247548648425,2.0,16.577437912126182
8014,1980.514441557923,223.04901306939146,2.0,16.572491324025222
8015,8079.209479921437,2153.476895642519,2.0,16.572461290513424
8016,4393.087636557359,3635.4473587072152,2.0,16.5691676209326
8017,8898.692258309798,5243.5400073315695,3.0,16.568324928807723
8018,7327.364739790919,3624.2640632264493,2.0,16.567251364660567
8019,7930.937070365915,5121.631977983791,2.0,16.567185015727805
8020,6262.0203029048,1085.5418517655742,2.0,16.563962580595643
8021,3788.0047204766774,3013.3762198295094,2.0,16.563919853905436
8022,7365.961634988984,6315.471051674069,2.0,16.563724440053406
8023,5192.515715823529,1916.9033585992258,2.0,16.5616066453629
8024,2183.900603901786,4149.581556929226,2.0,16.5612233501774
8025,8739.129083065494,5167.8686557846895,2.0,16.55999950104109
8026,1703.1800023797066,5319.768283845213,2.0,16.558624664954618
8027,4929.514676458719,1965.0123221638128,2.0,16.556489900724383
8028,2642.931156341209,35.55311972866829,2.0,16.55456609788166
8029,2828.2727283783925,5005.495338936857,2.0,16.55357234711784
8030,9559.47986842679,5414.039160916615,2.0,16.55159153529611
8031,1623.694688555728,5747.242073284467,2.0,16.5506519341284
8032,5761.487388369074,1515.8642423967633,2.0,16.548924702162186
8033,2915.4953404336948,1251.7526472647132,2.0,16.547743912612322
8034,4830.926779275985,993.1052362237741,2.0,16.547701952794235
8035,4240.361695955458,645.8377447205977,2.0,16.54589116007106
8036,8003.7938142007815,4311.638503254804,2.0,16.54583875389192
8037,4812.595779187549,5561.203827588122,2.0,16.54514605600933
8038,496.9780109028491,5751.551008098503,2.0,16.544700240519173
8039,2601.135434351042,3985.719825570895,2.0,16.54408911330479
8040,6161.231739610352,929.4169000577406,2.0,16.544036778389497
8041,7654.505576811298,4337.9020763277995,2.0,16.543464615080598
8042,1120.0957250977945,6093.4941713839835,2.0,16.54201971088798
8043,4199.244158586791,6271.84973375358,2.0,16.540707624042128
8044,7167.338269078053,143.42735942827116,2.0,16.540456530839773
8045,3620.5431382679762,5865.021682918567,2.0,16.539854407399705
8046,1730.5133532204609,1930.053493816369,2.0,16.537071924641968
8047,1238.124922778819,2331.227055506052,2.0,16.537056858899057
8048,6595.176172181842,2737.27283951057,2.0,16.535771925865113
8049,9413.389983734043,4418.099620656231,2.0,16.535132273400436
8050,6953.675136373947,1509.3900874250269,3.0,16.533833509614325
8051,7280.414038804516,4967.45174807322,3.0,16.532136096558624
8052,9093.211853321047,1699.2179730205453,2.0,16.531201524311044
8053,9557.04309857566,5603.408009519089,2.0,16.530538198325992
8054,354.05849922672303,5601.527706299168,2.0,16.529972648142017
8055,1831.2900154392394,3467.17935162365,2.0,16.529035283011932
8056,7909.347448068437,4129.983912311302,2.0,16.528731107436865
8057,7015.532086965317,1467.0440785482967,2.0,16.525289701728475
8058,920.5536346717079,5417.761735830066,3.0,16.521818236362716
8059,1221.2277052424606,5739.656816151193,2.0,16.520402558925518
8060,515.7426300554049,2553.0298138071425,2.0,16.5202770229613
8061,2714.249749969248,3221.149808033706,2.0,16.518513681015495
8062,4845.808467697988,1773.4192382091012,2.0,16.518433586744443
8063,2211.186396829526,4491.546481190146,2.0,16.518093940322544
8064,160.21911543150358,3229.9772244175797,2.0,16.51462250631764
8065,7392.795282469932,5413.497272198478,2.0,16.5141472044483
8066,2356.4399129813796,5513.249245253433,2.0,16.5129517717114
8067,8766.415239214073,5567.414884260416,3.0,16.512538193911794
8068,4263.521048426289,5365.092778072249,2.0,16.51208147288935
8069,1319.8209580840637,2999.767095890111,2.0,16.511255571123712
8070,8752.346082922972,4439.254249965684,2.0,16.51116775867911
8071,7636.141775171869,5282.1604825124095,2.0,16.50768365625707
8072,2779.0682009069183,3963.7087100389685,2.0,16.507340244456802
8073,6910.650769969975,2768.936770666428,2.0,16.507000527936526
8074,6790.487926834428,5506.945186687432,2.0,16.505937093479407
8075,6955.080862503625,1479.5401347266127,2.0,16.50579130157687
8076,5500.296137159391,4464.992020677122,2.0,16.50488811973195
8077,8017.397523250625,6272.003350348428,2.0,16.50149394812711
8078,3828.002271459548,3435.544867469098,2.0,16.500213334430732
8079,8622.443669669246,1750.0693479718473,2.0,16.499513694964367
8080,350.0984220346739,1091.523635921963,2.0,16.499037522455478
8081,3152.910643735688,6135.380154587212,2.0,16.496299202463927
8082,3996.309660087691,2166.930421752531,2.0,16.493219028085292
8083,9239.256667493946,2709.9804491859504,2.0,16.49251486971681
8084,9530.945495116712,6013.769064650192,2.0,16.490604877380555
8085,2595.1261310893883,125.29617265857924,2.0,16.489905065644955
8086,6840.296960597864,2592.9765514636574,2.0,16.488392864241437
8087,4229.934517058859,4223.407374438254,2.0,16.48712821128435
8088,5013.969628303759,5781.769995192383,2.0,16.486924081079263
8089,2529.2377947849373,723.3334301355196,2.0,16.486749838529466
8090,2326.04431060743,6300.1949425203275,2.0,16.48132703886443
8091,6187.0610977357865,5711.993124180011,2.0,16.480356399676797
8092,4672.057037666064,1517.6892777722562,2.0,16.47769795316559
8093,7059.494291022563,5873.745325958068,2.0,16.47278828216491
8094,2024.2094754051336,1193.967192469356,2.0,16.47276536034963
8095,2318.0774460683265,2303.488513428119,2.0,16.47228250158079
8096,6240.537331751614,5505.034335986606,2.0,16.471154666855742
8097,5315.449672586317,4196.87812558644,2.0,16.466588499543892
8098,3824.6125615355318,3301.0957646412703,2.0,16.465657038461316
8099,2376.946890005648,2667.4414163561028,2.0,16.464203707443314
8100,8256.957363860403,4303.4490818842205,2.0,16.461760034629062
8101,8785.213176924559,5645.942175286502,2.0,16.46143756924564
8102,4283.144291691869,805.5744793593714,2.0,16.46121944803925
8103,8535.39502763783,3331.1704210169896,3.0,16.46097206513381
8104,8823.294115129134,4653.463254833596,2.0,16.46060530671119
8105,42.29757516956095,6161.575746091928,2.0,16.457864198266066
8106,58.11717353147383,2055.2937869166585,2.0,16.457837544565663
8107,3027.352319390811,3493.0810245553967,2.0,16.454953831625417
8108,4016.9601488577514,1391.2199747010884,2.0,16.454413838382514
8109,3322.4575568901764,2396.3064730227557,2.0,16.454199404993982
8110,5165.84727530392,5861.588349555933,2.0,16.454167423473375
8111,7578.0060090027255,4189.374958872816,2.0,16.45332409009072
8112,2312.292549383805,896.0318172758862,2.0,16.453212931827007
8113,1298.8601675551538,6221.386762746581,2.0,16.450929272520067
8114,1684.4790960319679,2688.0173338043955,2.0,16.450294308182304
8115,398.0939340403951,907.5559564794485,2.0,16.449498451026837
8116,3315.42844647355,6160.922445169968,2.0,16.445490190689387
8117,1220.4272317944826,2820.898058931068,2.0,16.44474757288035
8118,453.54778436819964,975.9747115135008,2.0,16.43939877152636
8119,6293.90758338248,279.5537339806161,2.0,16.4391950233874
8120,349.3989847818904,2049.273334702884,2.0,16.439190324524922
8121,5943.346062008503,1633.2355121104624,2.0,16.439052665481835
8122,3151.085001223214,1493.4155667111982,2.0,16.434262254220123
8123,3722.483903421811,5733.973377927139,2.0,16.42955059636792
8124,6681.046715637206,2481.6011151947155,2.0,16.429545958759146
8125,7530.7690286444,5085.52573808336,2.0,16.429361676745852
8126,824.4124007187165,4046.9502902102604,2.0,16.428901382895734
8127,86.58954744038765,2708.974660122299,2.0,16.42882847251238
8128,4498.100294646993,4409.7722503992,2.0,16.428172304298183
8129,8297.49725690149,6355.178246274295,2.0,16.427907277784662
8130,5012.66827644177,4415.945091475892,2.0,16.427188699693843
8131,8327.032834265177,403.6958778908584,2.0,16.42610381718203
8132,3747.9293864913775,2521.4473426642908,2.0,16.42570312277255
8133,7295.532949344198,162.96389097306493,2.0,16.42488171913406
8134,2314.2374211192027,113.03014738165463,2.0,16.42427312465318
8135,9369.59790737872,5515.254624258514,2.0,16.42266375712328
8136,8277.443843695542,4678.989306561969,2.0,16.422225269979062
8137,337.9389162680001,3583.3480754013717,2.0,16.422122052493897
8138,7824.025896792641,5877.470667708739,2.0,16.42185359930978
8139,4157.404628269467,2457.5693507221295,2.0,16.42092441786496
8140,9568.166599046639,220.98791584329837,2.0,16.41840087851237
8141,1232.1758253929663,1453.4643674627825,2.0,16.41586922501473
8142,7703.142316162909,5207.433606317236,2.0,16.414195077691033
8143,9117.229397148225,893.2486647266019,2.0,16.41406151422072
8144,539.3320712848526,1018.9443986294497,2.0,16.41386932664437
8145,8423.490650332842,3102.101392379994,2.0,16.413428565384862
8146,7696.621863045517,4087.0686506474553,2.0,16.413106510152314
8147,2611.679526323354,3333.745797788037,2.0,16.409650639106346
8148,6396.866232829537,2353.5999143138483,2.0,16.40859361849835
8149,8836.835562350792,6187.287949724161,2.0,16.407070230319814
8150,7402.487223718284,5774.79023154604,2.0,16.40610784240668
8151,4839.115518434689,4183.304641924607,2.0,16.404877520140705
8152,864.5498562949964,1987.0246603953742,2.0,16.403703916903183
8153,1282.426757906584,5465.826518942782,2.0,16.401018128856975
8154,915.2211365978674,3576.160581100022,2.0,16.400952813199886
8155,3163.386915154049,2720.848367243165,2.0,16.400910490811334
8156,1330.0254138386965,4623.483097293349,2.0,16.40066590273483
8157,2324.651450408646,2983.952193262203,2.0,16.39837806519597
8158,7710.2116196072375,373.85159128194437,2.0,16.3971326469108
8159,1375.2745052631471,5177.566318371158,2.0,16.395994451370978
8160,5023.328355064673,323.1871627787755,2.0,16.3924083252158
8161,1710.0826666530868,4619.404550913287,2.0,16.39038886669356
8162,6706.992152586697,4917.128362617979,2.0,16.389062749341157
8163,6674.345770973769,5247.110512021995,2.0,16.38800773425148
8164,5304.308331388255,671.8845586153029,2.0,16.38687491671443
8165,2212.3164798698053,2521.2014329812887,2.0,16.38631228111557
8166,4925.277319771431,3008.9658146844995,2.0,16.38583764276153
8167,3703.1062331173316,511.4115969693116,2.0,16.384341762208493
8168,1588.451722355267,3693.053329398425,2.0,16.382322794467676
8169,417.14861295215337,1466.7788974571436,2.0,16.38067216083229
8170,150.1943141310983,906.0067830961381,2.0,16.3752621235264
8171,9482.131341612756,6243.629052910804,2.0,16.37297978519341
8172,2865.4123979440124,5583.589472310928,2.0,16.371477312306023
8173,8445.955936282366,4823.4631588146685,2.0,16.371377698049123
8174,5945.197290587946,5842.091308028086,2.0,16.369876658120845
8175,8554.287807963607,4168.986259580054,2.0,16.368509979641956
8176,2119.612761054866,671.8154219465863,2.0,16.36836697231148
8177,4292.806613293974,5593.425303695687,2.0,16.36767967137479
8178,5177.81928830039,2063.533039505255,2.0,16.367052110500648
8179,8545.546044644669,5819.795810417572,2.0,16.3665924984546
8180,2943.479579735569,759.9729011029856,2.0,16.36657079396898
8181,5645.946893254767,347.5154259723539,2.0,16.366366889989198
8182,1039.3552885886415,3541.003667085036,2.0,16.364484029209887
8183,7735.687343361282,4886.978786266636,2.0,16.36261565141418
8184,4843.0917712073715,2187.44286916229,2.0,16.36010880143094
8185,7505.869991682945,1139.4826477060897,2.0,16.35988390186213
8186,2403.8305319009937,4451.818159672412,2.0,16.359876780466312
8187,8136.494417396206,4981.760148879959,2.0,16.359817297829323
8188,7745.732893551953,5241.828900130152,2.0,16.3592459444445
8189,7458.239253498406,777.8125217687741,2.0,16.358557000585122
8190,2478.1556694450533,3481.695635768647,2.0,16.35671916916253
8191,133.22094367826975,5625.627231193882,2.0,16.355247362084896
8192,269.0729526776101,4633.603550251844,2.0,16.35448150782989
8193,2062.9553734235647,2461.3833741560584,2.0,16.35438945778992
8194,515.567397251378,6160.911406840934,2.0,16.353440442355208
8195,2029.3195199245429,4518.982689686889,2.0,16.35332640540366
8196,1886.7180351424915,932.9317979547279,2.0,16.352832382366483
8197,8504.925429410301,127.45788899421215,2.0,16.35177990584408
8198,3331.8939413572634,5493.738481056516,2.0,16.351176339022178
8199,690.0963537480656,4397.232125559927,2.0,16.3505063265581
8200,2417.0406827189595,5941.439345446588,2.0,16.350304783430214
8201,4129.372404516418,1274.1005331171773,2.0,16.34996797154546
8202,1067.4711487810382,800.884693610411,2.0,16.349358258545664
8203,4028.3985434099573,3028.0165256707005,2.0,16.349091735149234
8204,446.97800064606486,3259.3661717453806,2.0,16.34765402642466
8205,3262.724605643436,5468.9909257063755,2.0,16.346689450366217
8206,849.0229626866603,1099.493706468279,2.0,16.346079060714224
8207,769.6103841216683,2697.0448194615055,2.0,16.345120335763294
8208,2831.4704723521177,5860.179638301597,2.0,16.345003742883932
8209,7457.608434514265,2658.1037200030346,2.0,16.343210173238674
8210,1124.1975285806652,5587.719099885834,2.0,16.340809593763574
8211,9124.135096826569,3227.7818581746096,2.0,16.34036692472022
8212,5529.091765987213,2467.472680077,2.0,16.33901775412443
8213,5460.486939549209,751.1325650102791,2.0,16.33740248304345
8214,8722.590686263089,4946.959417698191,2.0,16.335324920335516
8215,4291.918924741716,5039.573731113138,2.0,16.33136429651918
8216,9558.712709819196,4219.076409886444,2.0,16.330163780209244
8217,2408.5592719337365,678.8816363615283,2.0,16.32848655864517
8218,1556.7072263564262,191.21018608064233,3.0,16.327737756656067
8219,5328.167022802318,765.5727714547552,2.0,16.326899369896207
8220,5857.2276866710245,3954.1303735337574,2.0,16.32593886589967
8221,1469.6649860281955,4849.024835796579,2.0,16.323577981717932
8222,1749.4585804659273,3596.9410125867944,2.0,16.3215096435931
8223,8470.140347774182,1554.776502741907,2.0,16.31820806771324
8224,3231.8093867949087,2673.94665587517,2.0,16.31585756890727
8225,8923.440621254309,2301.063690049639,2.0,16.314677542446496
8226,3417.5748269979795,5379.883356275193,2.0,16.31340965610761
8227,9442.87692538833,4811.405265436746,2.0,16.310870117595258
8228,8174.878832850879,4935.654348701386,2.0,16.309758852060877
8229,1902.3780821483642,1799.012491553366,2.0,16.30952379058197
8230,2957.466678367223,5310.056816338331,2.0,16.30925194279145
8231,5418.711567869551,3679.206466903541,2.0,16.309248917102153
8232,5292.089933882304,5229.439682274746,2.0,16.308983307885867
8233,8717.20433268888,3026.0490872243304,2.0,16.307784940304117
8234,3299.261669372865,5577.0,2.0,16.307619151849686
8235,5711.256550493526,5545.848780768947,2.0,16.307386958694654
8236,3330.152993109469,3099.5835702058016,2.0,16.305756138748492
8237,7346.957515419998,5613.617881628824,2.0,16.30291084092148
8238,3859.9881955604424,5271.145544819159,2.0,16.302781568288584
8239,3995.6119592849677,6354.897804140159,2.0,16.302514427932522
8240,2753.4062762576873,1561.023831608966,2.0,16.301291136557143
8241,9390.975099681486,867.5432023995961,2.0,16.300571546538276
8242,8700.44542846269,3616.027371653026,2.0,16.30057052556304
8243,7328.8054984816,3318.9475832080234,2.0,16.2957751324067
8244,6267.852866905396,1280.3422815261122,2.0,16.291854950082772
8245,684.2916044504311,1374.8940329545094,2.0,16.28998578671198
8246,4309.99528613407,161.45918595662502,2.0,16.288700628266422
8247,7242.826613569358,1590.9980674814308,2.0,16.287559706074642
8248,6825.252245489848,3230.935041457909,2.0,16.28525197546623
8249,7222.421623990865,2979.0263900411014,2.0,16.282142255116675
8250,1701.4860146962699,1341.0619561276724,2.0,16.281805587310142
8251,240.93730815558087,1941.4512538409058,2.0,16.28109670017803
8252,2227.1223436726946,6139.776889997041,2.0,16.2807287566219
8253,1965.49382965028,4019.0336915262387,2.0,16.2791136322671
8254,4745.152105882318,5739.553106498286,2.0,16.27608574836791
8255,547.1914105557939,2469.399470959081,2.0,16.275455113397285
8256,629.1527052758448,1279.5512709585907,2.0,16.27520011701034
8257,5113.631126780611,6034.941268805337,2.0,16.27318828304358
8258,3578.663237147024,4301.11152173946,2.0,16.271856116338604
8259,2890.242247990259,2315.514030969907,2.0,16.270990208583992
8260,7538.53263248406,5722.832501439386,2.0,16.266222329646983
8261,326.38701045983566,5275.122177687794,2.0,16.265894836797138
8262,988.3445954058399,5408.980406324951,2.0,16.26587167435873
8263,5136.1428460803445,1717.6225180880579,2.0,16.263631840125964
8264,3442.60473998531,5182.9732094685605,2.0,16.263252459708628
8265,1745.4534183503451,263.0095721987535,2.0,16.262457992357795
8266,6633.417035081668,3371.851540004889,2.0,16.25937849380372
8267,7501.8783556269,5061.421098204971,2.0,16.259241009124562
8268,4715.456634167491,5467.106543158027,2.0,16.25801820597481
8269,68.76213873698863,1241.238270182478,2.0,16.257179379490346
8270,4244.665325877323,6331.964450416268,2.0,16.254069405625497
8271,3010.1006187756066,4045.4839588697814,2.0,16.254030400614987
8272,7775.396044582825,3153.0017934403195,2.0,16.253912497987642
8273,7354.184405569175,4329.478760920366,2.0,16.25357984756428
8274,674.9835745645925,237.2796937766251,2.0,16.25346970289485
8275,6618.9017561944165,4022.1201205618945,2.0,16.251592429415457
8276,9456.561766896919,2608.118384558947,2.0,16.250762835517776
8277,7935.113638704992,5869.382757577031,2.0,16.249441726177515
8278,6025.104108043437,5703.507850722438,2.0,16.248082804085612
8279,2035.4562574404833,3985.371948806918,2.0,16.246713453343148
8280,1727.4710519054108,2088.3226449949393,2.0,16.241836707558097
8281,8551.576375877179,4680.922679877031,2.0,16.239778445140306
8282,1722.2276859716267,5653.310040598363,2.0,16.23954610865957
8283,7197.532481238108,1938.7491491158955,2.0,16.239074804736163
8284,2752.201490947216,6189.3422690603675,2.0,16.23855723930349
8285,6159.454795238734,5601.868942958844,2.0,16.238004401604556
8286,6078.641966965074,2196.7159550514507,3.0,16.23779882001628
8287,5950.458810915412,5711.136557954437,2.0,16.23666035974403
8288,9375.026709327434,3775.5975761330824,2.0,16.236545560758707
8289,335.534107068433,3018.8588307593905,2.0,16.23654018462987
8290,9451.860585803324,4535.5553976734245,2.0,16.23501122834374
8291,4453.135388097078,3395.7710585255722,2.0,16.23496219567225
8292,988.8830830583154,6301.405417653716,2.0,16.234334414228826
8293,9354.327454639619,2291.171326573959,2.0,16.229881548026366
8294,7254.146476950168,3717.640391394729,2.0,16.228188184531277
8295,7209.195912011696,411.35820788361787,2.0,16.227320881657988
8296,3223.403004277647,1471.0668755806435,2.0,16.225989895381392
8297,7609.621484459591,5915.267417528671,2.0,16.224752838711332
8298,144.19953763131758,6149.685519988931,2.0,16.220808025741956
8299,8458.67990643458,975.9993915431683,2.0,16.22047886719497
8300,2186.208956226817,2223.172585303956,2.0,16.218237107336645
8301,3395.0851389123177,5344.572175028013,2.0,16.217232424423113
8302,7842.0610868692675,3211.5270597878375,2.0,16.21720705876744
8303,3964.0187774690717,5519.482677372479,2.0,16.21627823884327
8304,2906.152367604102,5613.4000748164235,2.0,16.215403511580686
8305,1653.5128751000548,213.1970769647761,2.0,16.21200775468613
8306,3834.3622894518135,5168.99253856052,2.0,16.211244921597476
8307,4472.1449237107045,4573.615651217409,2.0,16.20922337626903
8308,6683.1495743932155,5207.883773718619,2.0,16.208484828504794
8309,5847.485376282553,1335.015364414462,2.0,16.207522528453644
8310,69.21908491453465,4371.607542633154,3.0,16.20372862463557
8311,7119.299959967108,4189.904131804424,2.0,16.20295008565818
8312,5230.660357588165,2322.0743756079623,2.0,16.202768850893353
8313,2603.3335263040913,919.2120491061105,2.0,16.20240280899547
8314,5049.440707488202,967.0175780289243,2.0,16.19852015022662
8315,3979.2201811436476,3124.862395983049,2.0,16.19807377944542
8316,9395.010891851836,3483.712265370815,2.0,16.1945017557911
8317,5825.240361168586,2490.9964505508674,2.0,16.193682349225032
8318,538.8936703629569,3845.7134225439463,2.0,16.19285839416472
8319,9303.042816312176,1421.4530247733123,2.0,16.19051751546167
8320,142.0487627443652,637.4165174723827,2.0,16.190134911797635
8321,4897.919841195252,893.651371273465,2.0,16.190120798485065
8322,3765.1124829130267,5187.2007406509465,2.0,16.187929763410313
8323,58.01123559054405,2473.4036824250247,2.0,16.187229961334957
8324,6343.422040430883,5801.867347605108,2.0,16.187060927735722
8325,8677.324576744235,4975.013877277406,2.0,16.184711951585726
8326,6088.2099779110695,4799.356295493793,2.0,16.18426785720248
8327,6369.239169704433,789.2801025932188,2.0,16.184086209422887
8328,4783.18665561962,3011.6056641441933,2.0,16.18352692660409
8329,621.9410030886808,3209.7069951420317,2.0,16.182927536258788
8330,5136.274034660774,5827.000059317287,2.0,16.18137867315146
8331,834.1904448192632,1765.6105130977678,2.0,16.181169817996196
8332,7980.3417710686235,2615.2142431001444,3.0,16.178632358389258
8333,434.00731138251666,3999.5211998224254,2.0,16.175081471728568
8334,8885.964780273966,6213.439633077978,2.0,16.174205536600688
8335,5069.959321521966,6187.377313164371,2.0,16.174072133600276
8336,3618.448621942734,2369.134041462615,2.0,16.173856113548343
8337,6483.933539640842,1155.8056832361497,2.0,16.172719451064378
8338,7438.546795849741,4457.0345425505975,2.0,16.170754882756718
8339,9244.197196334699,4299.660720264014,2.0,16.168849962625966
8340,419.6029956561977,3686.0332901331244,2.0,16.168350130327727
8341,2051.511887007135,1875.2063325205877,2.0,16.16751186402424
8342,5978.237136257529,3107.231416315816,2.0,16.167178461960937
8343,4043.8734858801076,5689.64116648366,2.0,16.164378849434026
8344,3229.789830900068,5871.713348816076,2.0,16.16216726742787
8345,6954.609010573221,1002.9071032213942,2.0,16.16113226775463
8346,3727.598226463491,3843.225412590184,2.0,16.16043415202876
8347,1525.3650035055045,1873.1888070990253,2.0,16.158175967487317
8348,882.4183072199658,2347.1970771256433,2.0,16.15667937941282
8349,761.7938148838465,5567.081415314621,2.0,16.155645502877924
8350,9125.033349459958,1853.5089352004352,2.0,16.15494373572275
8351,2010.3638758491163,1619.3849784011322,3.0,16.154024256146755
8352,2447.9864890969416,1045.5196615499342,2.0,16.152960211877957
8353,6240.603303338936,6069.899846860198,2.0,16.150510251723496
8354,9441.059639430929,349.61602071534344,2.0,16.150356367594256
8355,2399.9603553916068,899.3684961086535,2.0,16.14786091180011
8356,7495.504227180988,1930.000537555528,2.0,16.14717578210068
8357,7735.993129623691,3701.489570666736,2.0,16.146371426500345
8358,4220.593473747679,3883.4007385229406,2.0,16.14623697786619
8359,9128.455336511779,1579.9035984912737,2.0,16.145934825184337
8360,3382.9920433327,6343.6472905531255,2.0,16.145797047672694
8361,8695.033391275785,6137.706978206701,2.0,16.144878178655603
8362,7547.449918970304,739.1929700608873,2.0,16.135315585637755
8363,8366.031628955983,509.43287549456306,2.0,16.13504418690121
8364,84.54374103186858,2134.9489959632115,2.0,16.132396799518702
8365,1933.9980436783685,5045.56853924326,2.0,16.131877479851102
8366,6289.439183455073,2852.8736020214005,2.0,16.130776782950164
8367,183.2085941407904,260.7642745202862,2.0,16.130595491976354
8368,422.0868191589203,2473.2882163883737,2.0,16.130372986602215
8369,8688.66357879562,2451.8678277834542,2.0,16.12833040593989
8370,4352.4466933795875,2165.0277018089764,2.0,16.127576460194796
8371,1679.4988876176112,3773.0047539176203,2.0,16.126963449981314
8372,2016.3428244362049,583.0849969485829,2.0,16.12656899471576
8373,6933.1375517756105,175.33592290161002,2.0,16.12556993799563
8374,3775.666305776662,3395.058685152109,2.0,16.12446256483872
8375,6220.573080463253,4548.644876986978,2.0,16.122842928450662
8376,7230.9972687310465,4371.607942406897,2.0,16.1223293959597
8377,8129.139460902096,4537.678188810623,2.0,16.12224542129222
8378,8987.155804264472,1418.0079706457045,2.0,16.121423657163955
8379,8910.400751406632,3356.935706221924,2.0,16.120309384779077
8380,5734.379491371743,1761.1330868451066,2.0,16.11806645673502
8381,6876.364732661613,4666.062427200512,2.0,16.117630201622845
8382,8118.213876991508,5347.325223412709,2.0,16.11606290420685
8383,3438.4334328948685,1015.2770152650073,2.0,16.114380326240266
8384,8457.27406906783,5895.940682371017,2.0,16.114172845423735
8385,7595.980955487144,2911.4716795800414,2.0,16.113865469652687
8386,2784.8358226134264,2603.625154846055,2.0,16.11367552970338
8387,5822.478339606606,2871.8449822113016,2.0,16.112393814238164
8388,6406.473277596319,4613.170602452748,2.0,16.11176532733784
8389,8938.29667834823,796.108332518357,2.0,16.10799364385448
8390,9311.13050100697,5897.233548245861,2.0,16.106346745716813
8391,539.3704932963252,425.3746198113222,2.0,16.105820030234998
8392,5312.394491499762,978.8209982328957,2.0,16.098711114432586
8393,1722.2594050348,4101.420839910038,2.0,16.097751293694284
8394,2642.97855498869,579.2478909157164,2.0,16.09696231226118
8395,5163.536226250999,3366.0414961897923,2.0,16.096642803115515
8396,9295.327638185185,5275.75486944178,2.0,16.096371744432062
8397,418.11695803122035,5027.497770592626,2.0,16.093070051347357
8398,6932.377036231251,966.0307745893273,2.0,16.092700155139145
8399,8924.268731371623,4821.146956570937,2.0,16.091690435092705
8400,3270.837403431757,1249.9761595147318,2.0,16.090691936420583
8401,5829.175163469383,5015.391528895389,2.0,16.08992932266368
8402,3958.936750814604,4257.55204002029,2.0,16.089379357166948
8403,6517.316039420443,6235.023755870656,2.0,16.089352139250025
8404,8894.427366873175,4269.009184923922,2.0,16.088875274239825
8405,6697.780892368881,533.9803679227598,2.0,16.08873693192134
8406,83.35789157403875,657.1700846419039,2.0,16.087642088491307
8407,4081.2303135713337,1567.7897865067703,2.0,16.084973376210872
8408,7932.365170837931,4852.133080763992,2.0,16.08460466656073
8409,6059.0551266868515,5059.56817418544,2.0,16.084082885823438
8410,4762.3421478948285,5337.490012390712,2.0,16.083836127289896
8411,7209.781110727892,5815.695284941339,2.0,16.081714898235692
8412,8486.921107482538,2251.749722489811,2.0,16.08142755660383
8413,986.407066696849,4153.997546183109,2.0,16.07779208887457
8414,575.6046371837277,2401.832174645135,2.0,16.075838112808533
8415,4829.142502564851,877.7129083461547,2.0,16.075460953773995
8416,5272.4448939310705,2458.835612081832,2.0,16.072437221079166
8417,1740.2424316951772,3158.9731004329883,2.0,16.071835004462777
8418,8993.18824530541,5891.610160110544,2.0,16.070839735739476
8419,4228.1811991626,67.26376722893211,2.0,16.070687702892215
8420,1447.7565658963374,5551.356654164801,2.0,16.068262883713288
8421,5337.0998723915945,3131.9743194462408,2.0,16.06811516829792
8422,4059.775950119983,5347.1206043820375,2.0,16.067680843737993
8423,3856.033654718227,29.599491519690268,2.0,16.06569036621283
8424,7214.564104159793,3877.8920519902454,2.0,16.0656486423562
8425,8640.5586855322,6215.094811305096,2.0,16.065568123070754
8426,2811.7069401807626,727.6611081663644,2.0,16.06342540048168
8427,3519.490505526793,5795.9768002003475,2.0,16.063040559759443
8428,8687.228601127605,4881.601859893812,2.0,16.06104080338417
8429,3325.8123583454208,4370.821249966507,2.0,16.05990208514736
8430,4544.947750214271,4485.348094398415,2.0,16.057819509475443
8431,4790.116641520804,1163.170525843159,2.0,16.056787611981257
8432,9355.319001123,1238.1114050242982,2.0,16.05602738593533
8433,247.73816989918552,207.89806995296928,2.0,16.055633340993555
8434,464.24438869021395,2000.751095286046,2.0,16.055165868531866
8435,678.8356055839503,4719.313181727855,2.0,16.053731146473517
8436,5178.17401761538,957.5897089879417,2.0,16.05040266186964
8437,3254.798359399077,4799.08943777412,2.0,16.050291477051783
8438,1688.344078689797,948.1707828347016,2.0,16.04485044063587
8439,1421.4913480796233,1803.8191344773786,2.0,16.04316452380499
8440,5791.258504076984,4731.607892877615,2.0,16.040293504459942
8441,7572.248629952192,2143.5149313440143,2.0,16.03797899572718
8442,2718.4652178263377,2476.8964076335437,2.0,16.036973788562086
8443,6356.549240796264,3972.247274890108,2.0,16.036819084255015
8444,4093.0626772057317,6155.324075392777,2.0,16.03673399861426
8445,3277.1367744283057,2121.3261240885276,2.0,16.03610654625687
8446,9449.650803468976,4860.917714568647,2.0,16.034289792300488
8447,5451.293416263556,4851.041353348648,2.0,16.033774197818364
8448,5461.458155562928,1026.9239281638588,2.0,16.032758873230513
8449,3657.6664538457053,695.4078991019235,2.0,16.031609822639886
8450,8803.435409507854,1519.9325269493502,2.0,16.03156655534502
8451,2927.6892694951944,2922.3113317576394,2.0,16.031368978242128
8452,9071.989644037036,1712.4069599010907,2.0,16.030816389983553
8453,1300.0248005795568,1619.4751524862138,2.0,16.029952410210043
8454,3972.101960125785,3473.552156486939,2.0,16.0291819950239
8455,9568.035497528925,4681.400802355823,2.0,16.026623052218923
8456,1372.2450830007103,2313.0934633182005,2.0,16.024964574121437
8457,6924.848459729872,3629.3887202966657,2.0,16.019196556170503
8458,8022.424081244643,1059.9664111527097,2.0,16.01909216005752
8459,7596.972937437652,5807.480162364829,2.0,16.01674881467974
8460,4098.209901270512,6229.748591351318,2.0,16.016249758393656
8461,8007.477268418843,6257.425863127291,2.0,16.014358350931246
8462,1861.2081679653488,832.8861650360977,2.0,16.014021107510906
8463,8495.616062623012,2060.904402113403,2.0,16.012100459284518
8464,1011.4318474756753,6087.362260628516,3.0,16.011864738685233
8465,3338.3234608777266,4867.098560909844,2.0,16.010501707405222
8466,8137.0825403435365,3051.623740115024,2.0,16.01035490341404
8467,5292.04521558651,6055.600034765192,2.0,16.00926121077194
8468,857.5531883596167,657.0073367833048,2.0,16.00810461014829
8469,8963.456023979403,4701.144551320276,2.0,16.007678190654882
8470,6964.363691138124,5627.181537243375,2.0,16.004988161875605
8471,8017.672063931113,3874.8934337443998,2.0,16.004908720692313
8472,4290.530366412879,4271.781436313774,2.0,16.00271591416651
8473,6558.533439663918,3797.0113842968885,2.0,16.002531149417884
8474,7998.914046485473,6053.664457322369,2.0,16.001280261140884
8475,500.1967741567559,3783.557240657295,2.0,16.000763825464254
8476,3810.430769776856,137.0333654066601,2.0,15.999798866417194
8477,2055.9529626435874,4433.699179850292,2.0,15.998028126815992
8478,5011.877067726103,197.1978070950932,2.0,15.99796451527445
8479,3648.056695409321,3693.576029111884,2.0,15.99496232511754
8480,8363.155672321482,509.4314948893944,2.0,15.99451838596395
8481,6087.291903490525,1113.3349021399163,2.0,15.990936158117371
8482,4657.431439070635,6369.707286850333,2.0,15.990668553528323
8483,117.0554902787581,5947.415054886353,2.0,15.990612894956653
8484,252.54659907432654,5081.7495678299165,3.0,15.98769513490922
8485,4694.968663604667,4693.50583212467,2.0,15.985893508713211
8486,4273.947057172502,5963.551247925467,2.0,15.984176434113264
8487,4317.449626160357,2603.8055236566247,2.0,15.983947663112756
8488,7639.314064784907,6075.9388804781165,3.0,15.983602182988157
8489,5588.675229289077,3821.0026936238987,2.0,15.98359356963274
8490,32.130730396982734,4071.3922649065767,2.0,15.983383502391849
8491,187.6849603239727,4029.1565980328087,2.0,15.980861485031268
8492,2969.195553302329,4865.327422733118,2.0,15.978509038182105
8493,6295.560148008062,4629.111894192543,2.0,15.978021805593531
8494,4298.207726818777,3801.284569370599,2.0,15.977993624077456
8495,2638.198023900833,929.0847445784652,2.0,15.977571885494608
8496,4814.032196745542,2807.4207639420574,2.0,15.976590515062194
8497,6479.1694957305035,2179.5923619815107,2.0,15.973364932468346
8498,2535.3842717123875,1754.876147556455,2.0,15.973098240941864
8499,328.6907039850983,1790.0465685952677,2.0,15.971690265461719
8500,409.48126450794086,2192.8198173189908,2.0,15.969354968844316
8501,853.8621965294567,4989.7038158080295,2.0,15.969231133181104
8502,9164.12207016989,77.63635901752356,2.0,15.966585735206648
8503,671.5366352661428,4774.974823677773,2.0,15.965898969805595
8504,5740.973801142641,6285.450538818043,2.0,15.9647508510883
8505,1060.5073179778476,1637.9958465545153,2.0,15.964716314168221
8506,5513.1028208688795,999.4970475069035,2.0,15.963509411548866
8507,738.5245975598219,6183.025227841775,2.0,15.960945061489495
8508,5913.675368247051,2368.577015221834,3.0,15.959934487828663
8509,5199.428597549548,2417.6067492251955,2.0,15.959855704806637
8510,6701.587523345478,951.0937423875707,2.0,15.959620267879624
8511,5074.647454951574,2379.13376932915,2.0,15.95562910796325
8512,27.093441335698262,1845.7419455217992,2.0,15.954747830368333
8513,6900.731546586216,2600.781218056371,2.0,15.951803875703437
8514,9207.38071344439,4786.908313366161,2.0,15.95159208282005
8515,7261.743610071517,5791.098065654165,2.0,15.951376082394306
8516,8364.445202021647,1155.8764283919502,2.0,15.950648980128769
8517,6370.409699070443,977.0220797928578,2.0,15.948531872261084
8518,3777.729253368407,170.98627167707838,2.0,15.947321285802508
8519,1069.9999085809359,1613.6619461288112,2.0,15.946910989870725
8520,5137.332393865668,5453.7871072315465,2.0,15.946759691092442
8521,3884.2181706475353,1385.5024848084724,2.0,15.946716409602702
8522,8111.294370496855,807.8991863964446,2.0,15.946309414901329
8523,842.4775400515643,1343.0579126384707,2.0,15.945944471354006
8524,8823.425408350815,5767.992810958211,2.0,15.945101125750416
8525,6015.569044202013,5230.841905253862,2.0,15.943577724306198
8526,1993.118115226411,1597.4225622618221,2.0,15.942462411800687
8527,301.7923085844707,1325.7493482461464,2.0,15.940436284658201
8528,5996.784069762309,2663.2438691286607,2.0,15.940426905162058
8529,3562.498074840704,5539.831527857274,2.0,15.940116493445888
8530,8385.96617067192,1567.4481622987046,2.0,15.939785230717884
8531,4034.461723979522,5139.715838536539,2.0,15.939365503125916
8532,4648.308143705582,1406.0618426774665,2.0,15.938994250440746
8533,1611.1048925829298,5050.964857836442,2.0,15.937681351544432
8534,8151.404232566031,2356.8815230866726,2.0,15.936072083182736
8535,974.4557933773239,4559.279394398355,2.0,15.936037876138956
8536,3717.1906085755127,4805.329003259285,2.0,15.935778394035372
8537,1064.072608309286,6123.346504902425,2.0,15.9354326550807
8538,5117.1088849558355,847.3608053747747,2.0,15.934079012253113
8539,3036.961864011298,1462.6922691337456,2.0,15.931124049491526
8540,6238.541344409088,5770.937563133102,2.0,15.930569862555727
8541,748.2594151635299,163.55058566656643,2.0,15.929792667395342
8542,6934.14085786805,2659.4036463058574,2.0,15.92771187733014
8543,2790.4604586596324,3877.892687245862,2.0,15.926404105335594
8544,6477.936621744833,3697.7582194311785,2.0,15.92557042023797
8545,4566.369750343468,413.2771873533101,2.0,15.922731777529567
8546,1256.2982592924363,5863.180200849324,2.0,15.92259469165986
8547,6134.96276921746,3191.745194983411,2.0,15.922402570423396
8548,9383.148200679201,617.2222071278004,2.0,15.921871878962998
8549,7858.115616406395,299.40335421337795,2.0,15.92039514657105
8550,4341.043977153793,557.6155865668939,2.0,15.920107271294825
8551,9246.678008409748,3955.8438913265513,2.0,15.917822475924098
8552,2309.0,1057.6058431807664,2.0,15.91668557210394
8553,9216.959948642118,3585.703939732815,2.0,15.91560558407958
8554,3234.5330513250874,974.0148979260091,2.0,15.9126786477924
8555,5216.641853990898,6247.569625563351,2.0,15.91199032141213
8556,6585.12085995942,3843.4773728391847,2.0,15.910723459036383
8557,4946.612798655479,3559.006954986059,2.0,15.910693220189998
8558,1015.0922427680287,2053.157134784116,2.0,15.908916746121294
8559,8387.101633038103,4707.24869514591,2.0,15.906534262213452
8560,8991.037448935851,2525.5212661699984,2.0,15.903564084193874
8561,9013.26234498401,5156.854869813151,2.0,15.90346989643871
8562,4662.593495885583,6321.869953735049,2.0,15.903465407802729
8563,4349.094695995991,3317.5683201668116,2.0,15.903222836269206
8564,4252.615568523533,1339.1180705152983,2.0,15.902758361624812
8565,8833.226570178407,1135.444332500241,2.0,15.90240109017057
8566,491.7265601602109,3059.5653970279786,3.0,15.900706646687503
8567,1697.026555109828,185.50419250861418,2.0,15.90043061146175
8568,7731.7737740851835,4609.430456191435,2.0,15.89992935734501
8569,2356.5113733073963,6279.046438165871,2.0,15.89765220354819
8570,1546.337629092944,2961.1525210567524,2.0,15.895856731287035
8571,3470.9723607475153,3833.564136173366,2.0,15.893160479763292
8572,375.838879675287,759.7361492873229,2.0,15.892879402274
8573,8178.635925593297,481.76887750715787,2.0,15.892398355217013
8574,3829.6109955647144,4954.937823595282,2.0,15.892237936325062
8575,756.2108566675255,6141.229945610099,2.0,15.892158637733246
8576,3448.192221129092,485.3567265343796,2.0,15.89131192640045
8577,8391.526201633951,164.8568114218243,2.0,15.888516972496081
8578,2117.4562851396163,1348.7790137437978,2.0,15.888100350138021
8579,6162.989093777129,723.5924133750461,2.0,15.888000609243804
8580,920.1091209401771,835.3978318395419,2.0,15.887703007200066
8581,8781.038681391485,3903.2489234923814,2.0,15.887366190667393
8582,6183.654990801671,699.255414197679,2.0,15.88672204457518
8583,7352.795237968288,1641.2665178521536,2.0,15.88638327619185
8584,4491.239564580525,1262.9866074361537,2.0,15.885216797121972
8585,3897.907961116092,5415.340092963945,2.0,15.88448063688414
8586,4666.05284680212,4219.4695145496225,2.0,15.883618096246256
8587,885.3493739911074,4876.896747343795,2.0,15.883325758591878
8588,4815.415796480526,2147.2500131104193,2.0,15.883177267734153
8589,9540.656229069791,3532.0506865294496,2.0,15.880297785941536
8590,1462.5504413069182,4527.883552429428,2.0,15.878112541854103
8591,4777.194622935995,1218.0058252883937,2.0,15.877370475711245
8592,2697.5291304798507,3173.1406319687503,2.0,15.876460217251037
8593,6763.233394552654,3075.625375297622,2.0,15.875857205861415
8594,6982.124829600402,3429.261196221607,2.0,15.875259075538423
8595,6397.941404747639,191.71670371427842,2.0,15.874643288534314
8596,3768.026970154677,2713.2259589551513,2.0,15.874372615390156
8597,8188.612434994658,4079.2649610971725,2.0,15.869872141915565
8598,5722.740399696648,6018.939756483994,2.0,15.868958352767786
8599,8299.162523174058,4021.506524864031,2.0,15.868586778681468
8600,8506.42951368941,5327.079468458054,2.0,15.867937591342876
8601,404.76194680596063,4317.238468040203,2.0,15.86616577369421
8602,9354.978482975293,5577.312316666536,2.0,15.863403463677388
8603,439.08985506045644,5292.898769308273,2.0,15.861517417711413
8604,195.19670095055173,119.45418316234456,2.0,15.858391248165315
8605,5955.980861499131,3609.8702396962385,2.0,15.856009658334276
8606,4909.663335877284,3935.340707230881,2.0,15.85538199450846
8607,6571.352311477113,4803.952563060389,2.0,15.855349095067128
8608,6214.20349766992,187.436310383903,2.0,15.855078829902281
8609,2969.474631975202,1087.063603582574,2.0,15.852071814361693
8610,8783.019294299844,4111.543424111836,2.0,15.850970534436755
8611,3862.9656409009176,1975.5040842577823,2.0,15.850539498764523
8612,4443.030544599952,1917.52794230018,2.0,15.849784412221062
8613,4245.143288064515,3795.481845838411,2.0,15.849164819915723
8614,5831.028343785333,1641.8397067554013,2.0,15.848325711900747
8615,1713.6644085821697,1636.8709056064572,2.0,15.847344388551335
8616,4428.901344172738,1683.928816408683,2.0,15.847335555837969
8617,7963.1600869327085,1181.5592612649525,2.0,15.846416788126945
8618,6692.858827427133,2387.578713146087,2.0,15.846261433816967
8619,8843.373187734936,6279.403633768159,2.0,15.843359667187912
8620,1206.069613027223,473.73678420306885,2.0,15.842822449605366
8621,9569.647758684476,4794.9703579379875,2.0,15.842787335901377
8622,5300.891964649919,4279.576101940771,2.0,15.839137957154387
8623,3207.384782194442,1705.1818746807926,2.0,15.838628166484243
8624,1376.2251577313305,4458.950861311152,2.0,15.83859885267588
8625,8634.445596291025,4405.082393316181,2.0,15.83836868613961
8626,2199.6093647479606,4210.084138661492,2.0,15.837608610494517
8627,8531.212570520438,1516.974529442776,2.0,15.837589505420464
8628,829.5316924289699,239.90159326499688,2.0,15.836436042873709
8629,3504.1718234197515,3601.8051784156696,2.0,15.836327994420188
8630,4351.900073052689,1763.6432387429693,2.0,15.836293826034897
8631,8029.1129637360655,5408.9320932240935,2.0,15.832848823100862
8632,8797.056552727714,5286.017510489389,2.0,15.832602579230414
8633,2733.451002616965,4816.882025822083,2.0,15.832338461304175
8634,7422.468441908291,2635.025011405554,2.0,15.83187809033908
8635,4116.875389350122,1203.3133759237728,2.0,15.831226937862535
8636,7138.367389792148,5671.133201381588,2.0,15.830465452087235
8637,769.2337884762563,1189.8378289312786,2.0,15.82976300256524
8638,4822.382782443475,4461.989919728481,2.0,15.827917069369699
8639,7373.55617905953,2519.264160559995,2.0,15.82659541745582
8640,7219.417230602271,1855.194573173656,2.0,15.823824613704982
8641,3241.5740676640935,6227.942325335209,2.0,15.822523966404132
8642,1725.9138470412981,3675.684475096901,2.0,15.819117101413495
8643,4449.961076753502,63.06170091166543,2.0,15.81884312874767
8644,4105.551944141101,4427.805694630079,2.0,15.818719448038829
8645,3912.565730741126,3092.9583860465277,2.0,15.816468475798759
8646,3875.7146824088,3470.164825442387,2.0,15.81576556953398
8647,3913.3541996764375,2669.046067255021,2.0,15.815712941791565
8648,1298.9086599243933,395.7934722367318,2.0,15.81432767422215
8649,5583.13397291755,2067.316810811914,2.0,15.813909463989622
8650,6393.477735769945,3367.301061060245,2.0,15.81326109735511
8651,7775.766116656666,3309.4372352664413,2.0,15.811585365696272
8652,3903.667397326497,5606.030261535168,2.0,15.811087379869024
8653,9556.374430326201,3687.877796646844,2.0,15.810218343747477
8654,6340.143637356273,1869.1923062182575,2.0,15.80894960757616
8655,1418.4448068194238,3117.978340603274,2.0,15.807898848838088
8656,4629.873808388389,3455.5972956938763,2.0,15.806676922880573
8657,4759.46263756305,5156.892068473085,2.0,15.804554488805174
8658,9381.41859605608,3259.3197468736644,3.0,15.803652633191152
8659,6132.990275623449,6173.735279920496,2.0,15.80327297740518
8660,3439.528375415154,1469.9065394161498,2.0,15.802681212007634
8661,3469.671964577425,2505.1132152626433,2.0,15.800149831232417
8662,2746.2611695143246,4545.511202936261,2.0,15.79923347051352
8663,4185.888732307089,5317.617158056615,2.0,15.79874699360203
8664,5409.999906025261,6055.569682569791,2.0,15.798005785266941
8665,5307.433440449849,5459.7983629718065,2.0,15.796411337074879
8666,1186.0738508511604,1659.3807834144084,2.0,15.796393296316845
8667,1436.905730353685,1095.7766362842942,2.0,15.796324406651214
8668,5822.9447432425295,5481.2572980171135,2.0,15.794548462781913
8669,9205.408606481129,3732.0223616025996,2.0,15.793124487905061
8670,7149.563369890632,1212.8960856986453,2.0,15.793081840275654
8671,7259.88141668706,5949.549572468375,2.0,15.792851101924324
8672,6608.081059035507,2761.1729462736757,2.0,15.789325344171267
8673,6871.612582225376,1213.2230465879538,2.0,15.787127793007638
8674,6096.469631527717,4663.133113406716,2.0,15.786675056578238
8675,6200.963703938791,2181.178788774161,2.0,15.785563087672868
8676,2641.0170288019,2197.5501573227157,2.0,15.78402769643043
8677,8643.03494234294,2123.6177513509992,2.0,15.78185032798145
8678,682.457283594566,3799.8841094578065,2.0,15.781140650673652
8679,3327.9759577401037,1105.4887796989708,2.0,15.78062164928282
8680,9016.222462291142,3891.978470956465,2.0,15.780137959769085
8681,8193.911867964453,487.2912146557004,2.0,15.778680925160629
8682,8153.660686987508,347.05322733007677,2.0,15.778238005094144
8683,968.0245893337456,3557.0784742682085,2.0,15.77780078521628
8684,7618.964155274748,3219.516231857006,2.0,15.776724340887208
8685,7188.575935489655,4270.804010554371,2.0,15.774528896581534
8686,1133.8438437240927,3041.455103671233,2.0,15.774312394061216
8687,6450.44683604577,3591.05367607898,2.0,15.773453038356918
8688,8518.670737099033,3208.056146942978,2.0,15.772998680726895
8689,5658.253178985573,4358.767154968051,2.0,15.771043349671888
8690,7749.430399809493,2044.8314429149098,2.0,15.7700926752979
8691,77.31178609759476,2003.783750279123,2.0,15.767840186750641
8692,4491.908682901491,5005.683463700894,2.0,15.766572998631046
8693,1549.2335277461655,2185.520654286523,2.0,15.765281357409812
8694,1207.5574432693072,2526.98184051878,2.0,15.764652966761137
8695,4126.123025917131,3373.50852127363,2.0,15.764098813773373
8696,3528.2469329417286,928.8916309632832,2.0,15.76365246038689
8697,8973.01138827985,947.3411404587777,2.0,15.763193215184959
8698,4155.971506656908,1329.113032397023,2.0,15.7628131527887
8699,6705.428502138662,5079.48728514177,2.0,15.760591767341175
8700,5767.261507514301,4341.126602837987,2.0,15.760461176930887
8701,2857.1612889354933,2987.5401182497994,2.0,15.759390257705542
8702,7534.258236181918,1515.9383151163786,2.0,15.759351654654584
8703,261.1579151353415,2182.6355353888466,2.0,15.752437630213239
8704,7071.1660698901205,2365.6076147734616,2.0,15.751586439457922
8705,6369.449339893155,2595.112082978866,2.0,15.746789575140182
8706,3002.4115744200394,5007.750686572781,2.0,15.746692512168924
8707,2942.84335369157,401.5535657470291,2.0,15.744474396583493
8708,9129.672733303654,5594.073244434158,2.0,15.74406820413382
8709,5722.9746125884185,1337.4369567075653,2.0,15.74279105727538
8710,1619.0235808599473,211.78478967865158,2.0,15.74198315621219
8711,7525.791941020566,5451.8802458552345,2.0,15.741280862774781
8712,3598.5936476184334,4371.763723652397,2.0,15.74111043236668
8713,9260.733394257446,3409.803558850586,2.0,15.7409562964523
8714,1081.1860471712735,3987.551329760818,2.0,15.739936232797685
8715,1720.6238081066058,306.90282552508836,3.0,15.739097530502454
8716,9041.482776579323,3772.980006703368,2.0,15.738552319170097
8717,1114.4351219381851,4516.025789434722,2.0,15.73823027861989
8718,1308.2545834884536,3193.3257741120788,2.0,15.738191248279335
8719,3821.0927217444932,2323.3602418495775,2.0,15.737932510486289
8720,2632.390910552392,1447.911895413096,2.0,15.737915191373494
8721,4121.384789880629,1792.1489455057515,2.0,15.73501685687403
8722,8891.004020407763,5803.267002371609,2.0,15.735004541724328
8723,8856.169218986382,5587.4771520271515,2.0,15.735000351151994
8724,1167.1201968698792,2587.2762401205073,2.0,15.73373426147961
8725,2840.4318965855573,2191.9913480706555,2.0,15.73352119100712
8726,7089.337064729961,919.0516859097993,2.0,15.733218945325882
8727,2416.152885665843,2209.5168295898543,2.0,15.73187124808671
8728,875.2233638438245,2775.487681480368,2.0,15.731292792538536
8729,9087.169701084222,5125.439643669989,2.0,15.726352986558378
8730,9427.190327150076,5325.991149452816,2.0,15.725996418052095
8731,3341.251183929904,4247.5759001162505,2.0,15.725931851429518
8732,146.10573938202242,5739.820577782309,2.0,15.724880676156184
8733,4243.418539976751,2559.301423343728,2.0,15.724079116380842
8734,4457.669528887389,4780.973314988207,2.0,15.72270530876604
8735,7945.478217202339,4348.951327732353,2.0,15.72265446627328
8736,5547.490660639317,654.0214312753508,2.0,15.719340894645283
8737,3517.4430266232503,3690.886820287852,2.0,15.718975229644338
8738,888.5695292359557,3161.1646087465624,2.0,15.718571652260286
8739,2186.5809433585323,835.1741044765714,2.0,15.717000150132794
8740,6175.403850370232,1395.2770501929313,2.0,15.715473085096585
8741,734.2693948346398,5999.671757935493,2.0,15.714184034665847
8742,7363.48915869189,2557.907385395331,2.0,15.711030835816212
8743,2576.5062347111225,592.9821826785422,2.0,15.710509739657695
8744,8205.827491758839,3139.52515088501,2.0,15.709724485721713
8745,1549.3661647991132,3467.7594816061955,2.0,15.707574354302222
8746,679.1237459791157,3725.708863638122,2.0,15.707397495502702
8747,107.15735981986181,2113.5222552470645,2.0,15.706432551127678
8748,1211.3368800162436,711.4787346260871,2.0,15.705968203773288
8749,7150.527768721133,5852.972405595518,2.0,15.705635421628465
8750,3402.9422103029656,5243.512958199534,2.0,15.704909818444655
8751,7570.404299655572,3927.058263621584,2.0,15.70442758691539
8752,5895.223883769521,2219.2024515711123,2.0,15.699910586495344
8753,1687.4824408291447,1797.4355264296087,3.0,15.69897125229498
8754,2484.1661152657266,3410.7816280227735,2.0,15.698315939084317
8755,7167.728468812736,6373.804606270339,2.0,15.697644709106719
8756,9071.652282573532,6050.741994689094,2.0,15.697564356506579
8757,9340.31430772743,3167.022293518454,2.0,15.697493116680322
8758,5817.640976867699,5431.910979335439,2.0,15.694105039614751
8759,8019.43179457102,2875.086308567426,2.0,15.693679215253415
8760,6406.4378632613125,1896.904875290423,2.0,15.692555113351695
8761,7407.5106501412465,6228.068173674811,2.0,15.692308378826242
8762,963.0355115608864,1113.344891451193,2.0,15.692095106436348
8763,2768.4850103451013,5945.1504802549025,2.0,15.690970922424352
8764,4635.358220474143,4491.47044634501,2.0,15.690820500885875
8765,1716.449588749489,3958.9274612221748,2.0,15.68943166924469
8766,8842.020073003507,5181.556201711008,2.0,15.686942869571327
8767,4889.395939454973,603.8510448522911,2.0,15.685632086302697
8768,2231.1970533424524,283.2782554931705,2.0,15.685436429691716
8769,8961.530151345623,863.8880116180158,2.0,15.68521976665341
8770,6391.526987382774,6117.000702971678,2.0,15.682374918568703
8771,2940.7970221485657,1123.5357930136277,2.0,15.682213401294028
8772,4472.478973102433,3181.943775190277,2.0,15.681791131571897
8773,4681.919429979384,5667.481905255297,2.0,15.681647447676799
8774,1019.9657898515097,1235.6247759199996,2.0,15.681533246242195
8775,5451.380329057067,598.1911670650328,2.0,15.680764752313685
8776,6500.578277584563,5714.838282984129,2.0,15.679550056464413
8777,8203.73964024084,2777.7628210690004,2.0,15.679290298621359
8778,4961.9761594564325,5712.264490380327,2.0,15.679001059612679
8779,1071.619625056751,6182.923041180727,2.0,15.678268639236792
8780,5400.621524249038,5262.9230819321965,2.0,15.678032357619465
8781,6535.3156023496595,737.1362124026813,2.0,15.677596098871373
8782,6098.131078460467,61.275786296546286,2.0,15.676587954677244
8783,8948.365558139087,2277.265471350717,2.0,15.676501632649236
8784,4179.490433639698,178.07480150000242,2.0,15.676016704324034
8785,4865.500735499858,81.19038340394117,2.0,15.675699968067494
8786,4156.540992563933,5681.179779766934,2.0,15.674947234305323
8787,7502.323249743387,6201.118496892986,2.0,15.670914421444792
8788,5753.053135960429,5895.516353332787,2.0,15.667266831017999
8789,8692.321368030225,2006.988278698126,2.0,15.66653358460974
8790,1363.4227921551628,1887.9753106262026,2.0,15.666063005312765
8791,6586.4198027897855,6293.883615891864,2.0,15.665485475950517
8792,2713.9120164222454,4647.645692993233,2.0,15.664949361827478
8793,6942.523440894214,4873.041885812952,2.0,15.663551558774056
8794,1557.1434399746418,3713.4482518304785,2.0,15.663297531225897
8795,3838.6884641705183,73.56873793334437,2.0,15.662937682051192
8796,4705.458785734646,1829.2083671702899,2.0,15.661700987072305
8797,5679.0978423089755,4373.3871505139805,2.0,15.66162945996884
8798,8690.537836936168,537.0255680298516,2.0,15.660324227146027
8799,1568.348298559599,372.5074228440162,2.0,15.657722670059934
8800,4938.593324556067,1694.7732814220767,2.0,15.656196116252854
8801,1395.7427756138388,2072.8812410556015,2.0,15.654041485453478
8802,1892.647385532244,3107.8857178280105,2.0,15.652480381148266
8803,2628.060771067124,3071.250174355739,2.0,15.65016487441453
8804,3158.991623985601,2961.374507493377,2.0,15.649908364880009
8805,5588.608111798319,5737.227310183596,2.0,15.649743185705097
8806,2678.022225062475,833.5351208686587,2.0,15.649448431516973
8807,6861.815882622335,3953.316732386615,2.0,15.649111277810427
8808,2527.0236750903305,583.5669629128524,2.0,15.645768807356704
8809,7071.963806142183,279.7592087280569,2.0,15.645139026244621
8810,2248.368633928924,5128.11483815165,2.0,15.643971192948069
8811,2646.77811227178,4149.0624922873285,2.0,15.643476557014374
8812,5850.997526944546,851.319290493837,2.0,15.642076946339888
8813,6403.152592744334,997.8399917743209,2.0,15.641650211858424
8814,4345.482276212492,5221.083376217437,2.0,15.64013768620407
8815,2431.259928404937,977.2090608502411,2.0,15.640033445921054
8816,7586.043433257476,6295.4888223379085,2.0,15.639472721481088
8817,7713.560093445894,4203.092688020204,2.0,15.639397123855757
8818,9136.881464189913,5245.695553779463,2.0,15.637194531674965
8819,9233.533043926616,861.3662265092418,2.0,15.637051314810368
8820,3365.928874053983,3325.5156152400145,2.0,15.63567970939978
8821,844.2793718513484,941.3577012718828,2.0,15.635605430175355
8822,9037.980091541804,873.5258834303938,2.0,15.635148631418605
8823,9291.225663676054,3425.728202878204,2.0,15.634583696992994
8824,2611.626898564667,2263.2285825129775,2.0,15.632737778051913
8825,771.2791058322803,3488.037577323859,2.0,15.631748266529243
8826,9304.475929044442,3340.798169288561,2.0,15.630801711553294
8827,7779.419343514845,1581.8955817564945,2.0,15.630055597510129
8828,3908.3683238095837,5035.93807652931,2.0,15.629735387390804
8829,7501.553410342688,374.09684487453296,2.0,15.629241720752784
8830,4379.962957606837,5131.637404862932,2.0,15.62809220519969
8831,4614.459533246198,3481.8923842312465,2.0,15.62786704168328
8832,4726.311965835885,5837.009483370645,2.0,15.627802424301088
8833,2636.4339464864315,511.00959059409763,2.0,15.626958154607662
8834,7831.4643231018945,3847.1618683343095,2.0,15.626825948799397
8835,4922.518254958379,6061.064713063463,2.0,15.62544609141666
8836,5491.359091027732,6204.01895234888,2.0,15.624474612975884
8837,5725.129353188256,3874.8847945095813,2.0,15.62170576680342
8838,2910.40548414046,812.9306101078354,2.0,15.621424794412578
8839,6076.36508408459,6283.989843820484,2.0,15.620762394695484
8840,7599.3803773812,3474.0273450407944,2.0,15.620171171563426
8841,5843.266503847381,6347.045695660465,2.0,15.62007765137855
8842,4668.971635475551,93.75770310216674,2.0,15.619602833681416
8843,8795.564810011654,950.9234009434226,2.0,15.619160105612886
8844,4884.5262569539,60.72178454939652,2.0,15.617297570994422
8845,38.10606825648561,5981.337739203101,2.0,15.615747259453515
8846,905.5317965729366,5478.9180887293805,2.0,15.615564228878677
8847,1692.4598512610567,168.95134307790212,2.0,15.614768120063095
8848,6670.085171728575,2957.674271948058,2.0,15.61309089735254
8849,6964.362729192781,5072.161766471731,2.0,15.611731262897782
8850,9263.623369646146,433.16278586912296,2.0,15.609143861511864
8851,4455.587841347774,3223.233864742609,2.0,15.606067650432632
8852,8763.306933220423,3647.1413318389345,2.0,15.605971883316426
8853,3058.8185137124487,2339.9961324696374,2.0,15.605868073853845
8854,1252.9348515251772,3257.3276341722235,2.0,15.605100466116934
8855,4291.664705211925,1406.9449103189338,2.0,15.602417966970773
8856,2531.40279340248,1134.9637724154634,2.0,15.60206730868698
8857,2163.0095333486734,783.6653198664229,2.0,15.600806007262209
8858,5334.255886990112,1174.9742351923903,2.0,15.600637770047186
8859,4114.474387926022,886.946898986003,2.0,15.59593095929596
8860,5719.404067307644,1532.8730721858726,2.0,15.595424118006065
8861,6683.335782647289,236.2603280974072,2.0,15.594577542073539
8862,3521.509973722572,4878.880908764175,2.0,15.593301098883925
8863,1611.9076082574675,6025.462155370275,2.0,15.591528017622924
8864,6781.060386677649,1342.1822032913954,2.0,15.5909747116681
8865,6469.016726322058,199.42067311629611,2.0,15.590862163456924
8866,8616.253961049806,1731.9770117499452,2.0,15.587935199735844
8867,1403.2896029558513,3671.4799581038346,2.0,15.587380623381714
8868,2507.478350913281,513.0902974036824,2.0,15.586241933906539
8869,2830.5948462431775,3825.02159071756,2.0,15.584169462004137
8870,6575.452797751875,4599.2980507327675,2.0,15.583451827016205
8871,646.5134959991967,749.0243486560661,2.0,15.582979455356867
8872,5450.372653109297,2179.177311668264,2.0,15.582299937738174
8873,2097.0102984824757,2615.2897259049737,2.0,15.580824831882675
8874,7965.773694128999,2656.952024234475,2.0,15.580740232816947
8875,8947.951287267928,263.4483593999033,2.0,15.580655692395474
8876,9367.277851749763,232.12044582082441,2.0,15.579589588963048
8877,9481.34714032347,2883.446377808417,3.0,15.579511328616038
8878,9006.00685722488,4397.568938129481,2.0,15.578743162187385
8879,561.722006171164,264.97625479122735,2.0,15.577931037091053
8880,6913.055216909594,2887.441184471621,2.0,15.576595634994812
8881,3625.271691085996,1496.1368904028345,2.0,15.574908800156672
8882,8203.304360248227,1550.7352589308146,2.0,15.574683775047575
8883,4349.12657336909,3733.433116172822,2.0,15.573776014484682
8884,5206.920352434491,343.51099316295506,2.0,15.572486325284244
8885,9197.172630637375,561.4538127701899,2.0,15.57033217682292
8886,7147.809096063852,2151.005595427397,2.0,15.569244254532693
8887,4338.441389995444,3602.9681021463152,2.0,15.567125077834943
8888,2717.28540921372,1078.1816456137983,2.0,15.561576618235474
8889,6507.442607154765,731.0088561425746,2.0,15.561384770971872
8890,1534.5983223157596,2817.181016369937,2.0,15.560527231138202
8891,5872.349763985393,5604.93592036429,2.0,15.559915003109413
8892,5185.245640326147,5277.365985683917,2.0,15.558188536500317
8893,8365.190288266138,2869.551832814426,2.0,15.558175773060038
8894,6056.984762607704,6309.542667117976,2.0,15.558089952763787
8895,1623.5401506193796,2742.951625274327,2.0,15.556223044469277
8896,6928.385092724959,1440.8075627992466,2.0,15.55403601849376
8897,6439.266135618689,5005.505196497167,2.0,15.553878079456739
8898,1321.5136545289213,1065.005723639528,2.0,15.553571029921493
8899,7541.980971348274,5489.752601379174,2.0,15.552840430650686
8900,7996.587623095993,320.9793102695411,2.0,15.551975833800068
8901,3553.68289948661,4691.972105806977,2.0,15.551211224272548
8902,7998.012297428103,5599.467568632727,2.0,15.549898902627769
8903,4522.294728963446,3411.0729726123523,2.0,15.549007579434257
8904,4252.020962692092,1537.6588483708645,2.0,15.548993444500677
8905,1182.6441805520315,5228.034376500214,2.0,15.548884891966448
8906,1480.2994809571214,4862.896498069978,2.0,15.546949942754212
8907,584.8871164604129,4479.280061193881,2.0,15.54592071624752
8908,7966.085360147043,3361.6072267139198,2.0,15.545832268242302
8909,2613.374032331279,134.93060205852257,2.0,15.545423241520307
8910,7345.9250261090965,781.2985500430509,2.0,15.543317050903154
8911,546.9787866190132,1679.6407585570992,2.0,15.54329911864653
8912,7028.161094932757,2215.6351818006283,2.0,15.54286404300533
8913,1128.2244535575699,1014.8300227265473,2.0,15.539497174526703
8914,631.5591354803195,2548.050958609065,2.0,15.538418197944
8915,3813.260154959372,5921.319821896687,2.0,15.53681470134822
8916,6389.124878102782,955.6170099552933,2.0,15.534691907283602
8917,5817.994216122505,2567.8459592308495,2.0,15.534007267820382
8918,1043.3741168652653,5105.770523164117,2.0,15.533201860661286
8919,7642.51520744063,3862.940098137694,2.0,15.531677332661133
8920,1221.4920411856317,5144.8942153350345,2.0,15.531529679096566
8921,8080.142588901704,4095.6460483056003,2.0,15.530531377190233
8922,3116.514688557077,3986.7936184677583,2.0,15.530262901689387
8923,505.8023706032001,3161.9000285630514,2.0,15.52994480146157
8924,5504.019304784634,1867.6399044161662,2.0,15.529562100930027
8925,532.2275173937686,6265.150910000717,2.0,15.528426484481713
8926,5465.510715654501,4291.31287380206,3.0,15.524668571387773
8927,2360.9961199353916,1021.4926234890528,2.0,15.524268534727456
8928,7460.683025861788,1968.9547963848854,2.0,15.523605263775545
8929,5984.283713033813,1616.9682482470764,2.0,15.52335233653616
8930,955.2005944295611,2181.3608612736925,2.0,15.522649977524283
8931,9144.021065284454,3451.451941726271,2.0,15.522454956881697
8932,6494.553835051568,5433.715366407799,3.0,15.52236381956543
8933,1210.3909076904515,5314.96436672722,2.0,15.521604633040432
8934,7671.897548387168,2279.6294376492347,2.0,15.521148029407964
8935,7165.241455227022,3981.146940709236,2.0,15.520855677243816
8936,1611.6717587420383,4239.923176313341,2.0,15.51997367360516
8937,9005.116118453734,2227.399369130226,2.0,15.519033752140459
8938,5660.2836259747655,3579.145659273731,2.0,15.518725120556176
8939,1203.4502430451494,2690.8807862091144,2.0,15.517651681215378
8940,3408.737085435759,4089.731182779983,2.0,15.516950221728733
8941,6020.596674310119,3467.8002518810235,2.0,15.516150339298392
8942,9070.975949430347,1639.3256008168194,2.0,15.514917956508707
8943,4716.600028934967,3969.278322442822,2.0,15.514684789830193
8944,774.3922270261576,6301.760410032093,2.0,15.514163632207481
8945,7146.964839625931,1483.509360377839,2.0,15.513132266701072
8946,3094.400120153163,6169.101514520628,2.0,15.513069906266477
8947,4720.404535450511,1757.194481488499,2.0,15.511462274174786
8948,2051.2074857062794,445.3639415926787,2.0,15.50995609986009
8949,763.564393418831,3516.029946970078,2.0,15.506871347901646
8950,2415.288874322406,5692.971610076296,2.0,15.505765460405081
8951,8499.881404718779,6212.012085260213,2.0,15.501019504219931
8952,6007.895833788501,3539.414240443444,2.0,15.497273762058152
8953,1727.8047187747613,5103.615728577173,2.0,15.494731315637628
8954,3514.9740543132953,5011.220653148148,2.0,15.494660018571729
8955,8586.658143083841,4443.13847535364,2.0,15.493334131844778
8956,538.4236238375012,4750.91749664001,2.0,15.493011787995801
8957,1611.520047238106,1852.9228490678938,2.0,15.492223378970788
8958,3927.289292621447,884.1949980920047,2.0,15.491742453061462
8959,4192.96376319242,599.5578010380309,2.0,15.489955961081133
8960,984.511105514903,1535.9152181969712,2.0,15.488797930501551
8961,3084.710984545572,5641.966290443782,2.0,15.488749481992814
8962,5658.74606170176,6230.926384583512,2.0,15.485892809746558
8963,6877.614288959608,810.7032094153892,2.0,15.485654475452847
8964,5620.964280815171,2153.5280294648833,2.0,15.48518634682869
8965,3167.2455259199382,4049.3859171968647,2.0,15.48418534677851
8966,5013.152950991325,5509.197908295352,2.0,15.482663564423948
8967,3818.199626752748,387.5597449992757,2.0,15.482298109088886
8968,9408.68576906375,919.2580943300504,2.0,15.481972287967533
8969,1612.2770053454888,5882.082791806012,2.0,15.48166554672069
8970,8786.249332926187,5785.77292673144,2.0,15.481028891908917
8971,4445.59328663633,620.9125176971548,2.0,15.479215891112226
8972,4798.2310875329495,2444.9304627747633,2.0,15.478602501138196
8973,4783.455577619551,2737.2707647262073,2.0,15.476092267041569
8974,5745.641983437245,5572.965178018166,2.0,15.475755089955987
8975,5441.221288427581,2257.5917942393107,2.0,15.475574954618143
8976,3051.0472130985218,6069.60526114622,2.0,15.475439702887368
8977,1517.4342864325833,2553.0160048468183,2.0,15.473359108076906
8978,600.1016145619653,2337.3101628354184,2.0,15.47082912053213
8979,8771.573158132986,3973.0171556859627,2.0,15.46946592949352
8980,5043.065265377903,3769.525151437914,2.0,15.468190878661263
8981,4198.479117807146,177.16528635467924,2.0,15.466832991171332
8982,476.5511913043809,5276.976136931293,2.0,15.466130626760336
8983,6086.943991285635,2585.8083123794913,2.0,15.465185445813988
8984,4673.822091398312,491.3030608764806,2.0,15.465153785146308
8985,9442.04579492313,5097.49179361185,2.0,15.4625383755465
8986,3893.5313361199906,5010.815425353273,2.0,15.462150501769102
8987,1201.6135668237855,1543.2057228866056,2.0,15.460879801075015
8988,5612.024918224559,4333.450272838564,2.0,15.45977918555105
8989,5399.20130835975,4929.416255431704,2.0,15.458860045890692
8990,7348.262598534909,792.0350516019942,2.0,15.456914803369896
8991,4282.680108985414,5222.0262956929055,2.0,15.455645929820445
8992,2318.699064005183,6192.941684394188,2.0,15.455263522499294
8993,4588.910115884677,6173.491517274455,2.0,15.454404180763438
8994,8305.544638736606,1451.9612316509429,2.0,15.452758076357014
8995,7723.032559166136,487.5882046718935,2.0,15.452565554321653
8996,4356.405946663405,2555.867771164483,2.0,15.45095968598093
8997,7201.454905106445,2701.692389525668,2.0,15.448281884384038
8998,3880.9905465267498,1955.1443265403266,2.0,15.448170351046464
8999,4081.1342792357805,721.6306994104655,2.0,15.447793959378151
9000,9073.342345749545,1389.937249490057,2.0,15.446354112560483
9001,2755.479179013063,2203.190928810682,2.0,15.444984716062134
9002,262.4185252119177,4596.132541811278,2.0,15.444704470881367
9003,6060.411166538784,4146.832896452195,2.0,15.44453779062019
9004,5132.421042853858,825.1124828325562,2.0,15.44406501163912
9005,1386.8898071318488,4845.181075028489,2.0,15.443465832932585
9006,750.3934271164321,782.9286911964516,2.0,15.443097910647278
9007,7292.860504472794,2145.376241145473,2.0,15.442435173877131
9008,5612.973639096159,1289.4808561312138,2.0,15.442298197375354
9009,3253.1048784708773,3173.430981554214,2.0,15.441930687292903
9010,1154.1541226917218,3129.4694627855247,2.0,15.44111576224844
9011,3681.0403812583313,4693.545681817091,2.0,15.441079233694593
9012,3083.3152209964232,1404.8343223354696,2.0,15.439163668478058
9013,5440.0994541237405,4153.36574448855,2.0,15.438824609676388
9014,849.8171919241248,786.4795129731957,2.0,15.43837420664787
9015,5967.938903670724,5159.5276397201515,2.0,15.438356559654997
9016,6358.598678230998,5689.783261045236,2.0,15.435203321874829
9017,4043.1612940966857,2473.7345069612975,2.0,15.434116581846846
9018,5107.995847584927,2528.197704308774,2.0,15.433541930574737
9019,2605.8504327798423,5641.522582794441,2.0,15.429448874353078
9020,1741.1108220532521,1475.5217152090354,2.0,15.428509369405342
9021,5827.034147662693,55.85976104337068,2.0,15.428229288310996
9022,3972.1042558187664,3849.449044018585,2.0,15.427086564270247
9023,2030.414337029102,3969.8069127976164,2.0,15.426428677985532
9024,2866.4608083145317,1613.185550948127,2.0,15.42416177883832
9025,1701.0377081299005,1603.6859649485923,2.0,15.423509410192333
9026,4012.967174840291,807.4439746245887,2.0,15.422578270203774
9027,5771.923664467884,3031.642400769813,2.0,15.421775195332293
9028,8374.164964870928,2183.5615855139085,2.0,15.4209827280862
9029,1158.7195190423201,4251.223348220773,2.0,15.420725555606872
9030,4402.47085863525,5642.049491237903,2.0,15.420526531186
9031,4455.524095477127,2608.8886778111873,2.0,15.41988829926019
9032,8173.654271336013,879.2343506006453,2.0,15.416042708506446
9033,5236.418255351428,5427.0532075783485,2.0,15.415022663689006
9034,3152.3485412976393,4702.903082741114,2.0,15.414092779381724
9035,819.9912764564768,1029.4910461762956,2.0,15.409907306660696
9036,110.76888263557093,5008.481654635233,2.0,15.40903408777757
9037,9379.439952215665,1047.1503010896163,2.0,15.408228718415
9038,6004.516683029785,765.9620804933893,2.0,15.405181370309593
9039,9018.320113428596,3020.1491951257976,2.0,15.404659903714522
9040,4736.201875387067,2961.5566168473347,2.0,15.403984583524682
9041,4947.6833910733685,1235.2510593218508,2.0,15.40238194413471
9042,8847.172843108829,6025.732116026961,2.0,15.401950219601751
9043,5595.30787208041,3651.7819503415185,2.0,15.400707565808526
9044,5779.472808707641,1173.295324818136,2.0,15.39905985203218
9045,2149.362227757006,160.87387052952792,2.0,15.398518532300905
9046,6561.109091553973,5009.567419465201,2.0,15.397802102019588
9047,931.487470875983,311.0573641855725,2.0,15.397223019015117
9048,9052.22130168609,3153.1112897314492,2.0,15.396832886408566
9049,7264.012750387894,1687.504366748997,2.0,15.39633462590889
9050,174.8228045399316,3765.41184448809,2.0,15.396111141551291
9051,5131.283609448312,3351.5304516911965,2.0,15.395936121902729
9052,7239.127905455266,1049.94065423456,2.0,15.395472178702967
9053,2808.3189689681335,3236.8272104281336,2.0,15.3949012624781
9054,1834.0289892525739,4791.580248832537,2.0,15.392917899724484
9055,255.25657747174822,6259.146549667129,2.0,15.392885695028873
9056,6564.446987794693,4776.911888543717,2.0,15.392119709160829
9057,8932.186142499795,1013.2342331225483,2.0,15.392106773544073
9058,2925.1096469612326,1701.4946319212463,2.0,15.390845283584481
9059,1405.7811214161545,5919.007361656948,2.0,15.390395902015966
9060,863.2950312516455,5257.71901240278,2.0,15.390133026255954
9061,4576.312806346833,5581.077923787805,2.0,15.389150798287622
9062,3490.457849762525,5757.723859726552,2.0,15.3879303197404
9063,1507.4610563591666,2686.904067653363,2.0,15.387569632509702
9064,3076.8910311617906,525.416054036842,2.0,15.387293338312652
9065,1188.903084608651,3003.707784093273,2.0,15.383727896732395
9066,4432.489246135359,1579.3175915402267,2.0,15.38069929734636
9067,6350.052104522917,621.2388039147272,2.0,15.380046448710338
9068,2069.5822937258868,603.8258780035209,2.0,15.377538104253738
9069,2951.1457430048094,5349.343716371186,2.0,15.377321703903052
9070,5004.422670056734,4777.978789444858,2.0,15.377194419301704
9071,5151.939031758853,6007.405616681502,2.0,15.37605579900688
9072,6433.290821427069,2770.8644359595637,2.0,15.37599412820163
9073,9343.205559889011,2358.9613293829616,2.0,15.374825075860471
9074,6130.2527218417,5930.981722566086,2.0,15.373887801755076
9075,5088.358358824708,453.0977858668348,2.0,15.373883808094389
9076,5989.160463352629,2053.597426293771,2.0,15.373445641932841
9077,8174.674822072141,6357.894151742273,2.0,15.371242735329021
9078,8456.825214087392,3561.0146940578115,2.0,15.371153341027567
9079,6850.742268770288,4407.063117720444,2.0,15.369182114644666
9080,6156.818588718978,44.98827426369547,2.0,15.366474316827459
9081,6415.188629610366,1295.2635874926377,2.0,15.366363458693455
9082,236.52680795870876,4089.8980560619148,2.0,15.364985884665005
9083,428.6343884276938,223.7896876773172,2.0,15.36425656062188
9084,6560.94750999152,3927.4987860120027,2.0,15.36361761468435
9085,1669.0950319835138,5511.259738584549,2.0,15.362666556476691
9086,5396.108506303101,1947.5826464026816,2.0,15.361422103391234
9087,5454.908094580946,3871.84325482927,2.0,15.36129171819275
9088,981.5184507742186,843.9644400922617,2.0,15.35979431811842
9089,1080.308728135967,3265.85748505001,2.0,15.35538607176522
9090,4710.891585331068,4213.551059912417,2.0,15.354930661854294
9091,9359.374416664195,2497.0636718343044,2.0,15.354602549205826
9092,6027.470692832073,6144.996572453047,2.0,15.354407133434364
9093,936.4149510853301,4609.017095429576,2.0,15.352815844964885
9094,4923.033269509625,5397.448473230045,2.0,15.351686600090083
9095,8301.984971373095,5597.749549789273,2.0,15.350364465753852
9096,7321.295811241273,1762.9641462516604,2.0,15.34853577543024
9097,3383.991525630102,1461.6117031923857,2.0,15.347811433415295
9098,3806.4122682249804,2791.851709759466,2.0,15.34754898669448
9099,9313.311597973521,5379.82642414407,2.0,15.347537346215642
9100,5739.243274234974,6031.189503541254,2.0,15.346753255907197
9101,5973.605555125506,1902.9814335438325,2.0,15.34582368978681
9102,192.62439955787463,3121.019657854418,2.0,15.345566626769111
9103,4797.60141099009,109.8854702625497,2.0,15.34467504181224
9104,8649.414320101532,541.0817711742903,2.0,15.343669822273112
9105,7123.944581611999,5853.514073143657,2.0,15.342542436527225
9106,2273.0461932140483,3745.5147534920175,2.0,15.342351659149715
9107,5005.059681231499,4245.636530078021,2.0,15.341229247344613
9108,5125.127183923842,1743.666569035795,2.0,15.340423034973778
9109,3612.034144175677,5589.568230622723,2.0,15.339662393672
9110,8749.9105231166,4923.361782389743,2.0,15.33909928213249
9111,8276.315083160549,546.9772127129984,2.0,15.338083242397767
9112,3757.300027145181,5437.017117286933,2.0,15.338032335934619
9113,4532.791756035847,3501.5035769919173,2.0,15.33791974404642
9114,3500.673831708149,2773.180336031725,2.0,15.337591222922677
9115,4967.28422286579,2070.086657182835,2.0,15.334524021881753
9116,3883.3069904315657,6122.699629017078,2.0,15.332316097589752
9117,7169.973833724737,6363.563799046439,2.0,15.331269459172166
9118,1120.7432751823535,61.48540723091169,2.0,15.330851409986868
9119,6341.286667944386,3800.0895845750456,2.0,15.330821957441694
9120,3782.1755668229403,5249.614243780565,2.0,15.330520581575438
9121,8837.59445503333,5241.946370147093,2.0,15.32993803102333
9122,275.35146948841725,1719.8591960064105,2.0,15.328012963262069
9123,3673.556208315324,3022.191483258752,2.0,15.325657628125954
9124,9189.038876019358,1533.4567270798743,2.0,15.323809053171388
9125,8584.0830552722,5937.420419273629,2.0,15.323077122151503
9126,7378.267203871988,6375.627391947381,2.0,15.322638652048644
9127,8665.498079488709,2157.011578469172,2.0,15.322246077254826
9128,5648.054035986752,1201.690831905384,2.0,15.321391372811554
9129,8285.37239659969,3764.9760657227007,2.0,15.320416405810578
9130,5873.182775328953,4923.265283532852,2.0,15.320400061475715
9131,8350.588083604127,2726.215727066208,2.0,15.320312932130308
9132,1618.0164851951422,4575.637643947304,2.0,15.319450286717021
9133,2732.5490414746764,174.0111169038766,2.0,15.315007526414309
9134,6913.107358245816,6173.463961217054,2.0,15.314581083467814
9135,2404.5456653732426,4433.2357900973075,2.0,15.31277906437087
9136,1795.3878309590805,1823.860685150791,2.0,15.31253836416761
9137,4862.521056455886,1984.988951164985,2.0,15.309983011658797
9138,1188.3596755355609,512.9569493232987,2.0,15.309269672071293
9139,8437.50756668904,980.8798597073918,2.0,15.307882252660377
9140,3730.290830133152,1143.8155397091884,2.0,15.306599594060044
9141,4096.524501820535,1418.7721463250236,2.0,15.306392035762261
9142,3263.198730858966,6153.497048071631,2.0,15.304089404487993
9143,8143.095613384175,1317.7068458075516,2.0,15.30378365846741
9144,6048.2281528178855,601.3225964438933,2.0,15.303689118548371
9145,5199.596793659659,5170.18327036242,2.0,15.303229264918189
9146,3688.1036807294813,665.691031517913,2.0,15.302337681658518
9147,9429.60604348715,907.9060225709165,2.0,15.30112691693815
9148,7088.592466345212,101.90403098373953,2.0,15.300829646621905
9149,4958.370968588424,2741.2168293103996,2.0,15.300286754217659
9150,2083.279592225642,4403.190275382697,2.0,15.299570018219274
9151,9177.259461959184,2602.952490090606,2.0,15.297238276287207
9152,28.172908399431513,4821.493111282259,2.0,15.296992532005401
9153,3213.1810641778347,1709.443333514735,2.0,15.296977339011168
9154,3998.0638145167904,5333.674703726795,2.0,15.291183472517297
9155,3282.4837701247147,1231.7339670790577,2.0,15.288502502179993
9156,1112.0135947637207,4725.403250067622,2.0,15.287725266066282
9157,6761.137885438335,3528.0075803763284,2.0,15.286899217191205
9158,8990.094440670473,757.5884327862163,2.0,15.285691018936355
9159,8001.801364515545,1063.977329464712,2.0,15.285043625465509
9160,2984.3004743961515,838.8439434829105,2.0,15.282510116102161
9161,1850.3590374019868,5784.930693882684,2.0,15.281154963982765
9162,7505.861405974577,2225.471619297401,2.0,15.280797382025952
9163,348.3286134716283,6164.7893044032435,2.0,15.27885961697886
9164,2787.4532852784414,4049.8041238801497,2.0,15.278283684186409
9165,3086.167566806876,3633.6872969514598,2.0,15.276352980202391
9166,5812.381426368313,1332.9130559347936,2.0,15.275209165506975
9167,9011.23056131727,1294.9530130769283,2.0,15.271358831911083
9168,2707.0903308523434,2483.555523766705,2.0,15.270874259435626
9169,4032.3251779458215,1734.9537951516065,2.0,15.270056626884422
9170,7291.6120675014945,4730.966017248348,2.0,15.269875839555581
9171,494.89995407707545,653.7317494608092,2.0,15.26918587132354
9172,6508.293727117417,1857.513246376528,2.0,15.269065602909416
9173,1636.0462734739947,1767.4707806949962,2.0,15.2689185097915
9174,1762.3903969704556,2401.9892001426956,2.0,15.268660309957667
9175,2472.137483058141,6139.401785085895,2.0,15.267566274607482
9176,8944.616891525753,1845.1780979061095,2.0,15.266402783024443
9177,4682.409107062987,5680.14660535507,2.0,15.266221136660537
9178,2179.411361998209,3486.879762391162,2.0,15.265727543431225
9179,1087.9756562920002,1819.4800108963143,2.0,15.264277122340962
9180,6923.107122368252,4817.813110710454,2.0,15.262633705926
9181,5775.49794010231,96.87757508279661,2.0,15.261002467284582
9182,4805.489693911218,836.9837628463757,2.0,15.260675229990458
9183,4777.363233841269,1241.0246484081867,2.0,15.255049844887482
9184,3766.133453568592,697.9009777951421,2.0,15.25288055396499
9185,5313.44031757891,1993.880121314206,2.0,15.252861403948662
9186,5797.908606732421,6125.593213682472,2.0,15.252117753041725
9187,7640.769961588124,1165.330523454805,2.0,15.25210506031986
9188,9006.671398123563,5221.114623514314,2.0,15.250927427329186
9189,3666.626641701712,397.3078381990757,2.0,15.25038432436271
9190,7900.935496910219,3108.6356390393767,2.0,15.250271891628921
9191,3532.6348552109466,4835.052902141595,2.0,15.248839656125945
9192,4402.182314492601,4597.327672015209,2.0,15.248230333087065
9193,5698.206318898557,5852.911493857699,2.0,15.247586327474565
9194,6854.8663430565075,1833.6130004541094,2.0,15.24665775328113
9195,1134.2725817061303,5401.085112672818,2.0,15.245846684580428
9196,3512.4254031292744,3292.9783291402423,2.0,15.242973398438611
9197,5494.185859380237,2191.418006681559,2.0,15.242231363149436
9198,1775.7701771001948,6185.361737719452,2.0,15.241717867312785
9199,2928.050299759394,5519.489337405793,2.0,15.240878747960021
9200,1950.8886202663805,5661.291932919317,3.0,15.238314458635612
9201,5758.0715919159275,5611.320242235916,2.0,15.238005730130148
9202,392.16026412534677,3135.5046845724305,2.0,15.237909213725384
9203,6827.407602128524,5935.017856056172,2.0,15.235573868655516
9204,523.0477510622644,595.6246795155229,2.0,15.233904943817024
9205,289.40867531949385,339.03286123691123,2.0,15.233528499484667
9206,7507.087499302843,193.62596546228,2.0,15.233188425709796
9207,7346.547504692662,4941.053760412872,2.0,15.232652227990847
9208,8752.407221075919,2886.013305035166,2.0,15.231808409806868
9209,9496.097050276709,253.57481223345158,2.0,15.229817703640908
9210,5026.44123495987,1726.2764730726774,2.0,15.229581301698872
9211,4536.02838103943,2495.4284416512946,2.0,15.229572590087358
9212,8720.898440275423,2647.5238752724827,2.0,15.227086584882013
9213,1558.5647485390787,3241.9506238090253,2.0,15.22661421287815
9214,5766.624530888785,6380.983471357309,2.0,15.223048787493907
9215,3217.614813217006,1131.9145039926218,2.0,15.221815908418614
9216,6714.004820841123,2745.509545219884,2.0,15.219680087816728
9217,1538.6233979997214,2281.1695534424302,2.0,15.218745883994664
9218,7653.349520670191,5075.065418424867,2.0,15.218163090482951
9219,6928.122037336485,3725.3388807752112,2.0,15.21582452610368
9220,4315.111936570506,5085.697322695563,2.0,15.215424012720304
9221,4410.151707645333,543.4057228292402,2.0,15.21511827416974
9222,4812.299961778286,4903.037076582875,2.0,15.211053787259909
9223,2685.7877322415848,5976.824394267643,2.0,15.210285739135761
9224,534.1924132087065,4663.416022905778,2.0,15.210084140020893
9225,9440.730469752598,1367.7158255104641,2.0,15.20916789221085
9226,73.28098143447963,6229.085452250141,2.0,15.208194144642558
9227,9299.59094182543,3412.9158752335406,2.0,15.20735108150378
9228,5100.006306760094,5889.707411143838,2.0,15.203095731487878
9229,5429.859740198325,3555.138943592518,2.0,15.202639368245245
9230,6063.521001823241,5965.775154051619,2.0,15.202422571302305
9231,6450.3594320619495,625.9815198139304,2.0,15.202133659754383
9232,7455.7631773258545,4275.946720831789,2.0,15.201402582711713
9233,6262.3951564063755,6215.793615983336,2.0,15.200239987491505
9234,4131.887403930873,857.4232551415778,2.0,15.197050286155642
9235,8090.495054373593,4089.00221087325,2.0,15.194749301848862
9236,13.813305010092524,6321.328868291229,2.0,15.194168082983264
9237,1875.2260919845285,2634.137953601311,2.0,15.19328654918943
9238,6981.110318305488,2721.7606884174115,2.0,15.19182502105842
9239,4171.059326147322,4735.514496602129,2.0,15.191545022357612
9240,6138.479244291527,4107.0117568477635,2.0,15.190813068893856
9241,8694.744213333684,4360.908855153134,2.0,15.189910921461871
9242,5616.2491797315115,5176.770635500881,2.0,15.18957730724304
9243,1520.4448933026704,2937.0724520342055,2.0,15.187633290172553
9244,2833.806441750705,3923.586237243623,2.0,15.18596981536377
9245,8805.166128465127,3181.4476834993366,2.0,15.185784614605186
9246,7746.393803503311,4696.980333951229,2.0,15.184005680777013
9247,956.589930173942,1359.901883263856,2.0,15.181080143255548
9248,1548.3739200640862,3040.982937663867,2.0,15.179361966688012
9249,1366.1964742122143,2713.5894602510707,2.0,15.179231397204525
9250,4711.367761003212,3691.026748705381,2.0,15.177246327557953
9251,6737.134520545999,2545.902879858405,2.0,15.176722713456806
9252,6104.063625843239,135.569087744866,2.0,15.174855161672667
9253,5608.678537216282,1483.1511134284544,2.0,15.173827523414673
9254,4881.883898574986,2835.8528068746873,2.0,15.171983974642371
9255,2225.2738915921373,2078.990292378163,2.0,15.170696232500125
9256,4962.476253748706,6365.170496320706,2.0,15.170429907529885
9257,8506.369170226295,3022.9379284908932,2.0,15.169195401338655
9258,2037.0538724333283,1101.7112840614943,2.0,15.168670697179103
9259,756.1869266572792,4291.545025685203,2.0,15.166009480937271
9260,5536.232670608003,2435.4726386271113,2.0,15.164318511114597
9261,1505.1231365625592,5791.470450787642,2.0,15.164187757938144
9262,6659.563105970422,4260.914603366014,2.0,15.163192011773774
9263,2369.1671586814737,4891.6292997912315,2.0,15.162874918160762
9264,8415.464151202505,4566.120856215525,2.0,15.162827746683316
9265,8786.075399167861,3749.4874118409994,2.0,15.158970325466036
9266,8816.755957215772,2395.146963949554,2.0,15.156325636956506
9267,904.4667757407743,4359.899644601772,2.0,15.155346029668324
9268,3494.2932049404885,4385.492387095944,2.0,15.154754081294943
9269,9242.780640984378,4799.887294718199,2.0,15.154595735248913
9270,8690.300622693925,3713.745651268243,2.0,15.152763274093639
9271,3206.398672345524,2405.0513777624456,2.0,15.151587989745417
9272,5702.275637975826,5774.98408632651,2.0,15.150537746267913
9273,7717.714902033864,2466.9615022718817,2.0,15.15016577931249
9274,2991.2237440868153,2157.9492888591344,2.0,15.149889961190087
9275,5290.9280687792,4005.662321587353,2.0,15.149882627413538
9276,360.41288115117464,2999.268267097863,2.0,15.149398877440644
9277,2941.4895005693834,4563.134142553573,2.0,15.146636074193173
9278,3733.2410072374464,3485.2552533280955,3.0,15.146201016705893
9279,1163.3132996219515,3781.02092955149,2.0,15.136070974170725
9280,2706.463568709877,6006.072863152808,2.0,15.135331053409393
9281,131.01504470030233,3311.3022083921087,2.0,15.135069836594326
9282,3172.515262593982,2737.020307778104,2.0,15.134025623850341
9283,6923.406373266518,1984.9942985730236,2.0,15.13392644796621
9284,1755.7503903608247,959.0201822875995,2.0,15.133097594937801
9285,189.5200386930125,1711.2384180295203,2.0,15.132938658760963
9286,3161.048657248455,4513.389704915931,2.0,15.132695131386834
9287,9185.686431869155,5962.238526440129,2.0,15.131692269056588
9288,2157.9872405717324,2273.4036486327796,2.0,15.131636559093893
9289,5718.150529679397,5205.262134745491,2.0,15.130668808102808
9290,1930.1316629386993,2109.7189340618484,2.0,15.130619286158208
9291,4910.423721418866,4600.994089371506,2.0,15.13058463072618
9292,2456.698331330757,75.01078772602742,2.0,15.129279431931412
9293,8648.457888801675,264.97676938061204,2.0,15.128924861747452
9294,9270.68865958829,2979.7752269121434,2.0,15.125284984606962
9295,8808.939100401774,5057.677339569457,2.0,15.124759134157197
9296,892.257601267135,5591.456395633045,2.0,15.123333293322496
9297,1338.4004521789986,5344.183225370395,2.0,15.122859477852625
9298,4341.517073902885,2783.2327088370585,2.0,15.122775519890677
9299,4264.405192963032,2598.8007190680196,2.0,15.121170421325482
9300,2820.267443444247,113.41511185861697,2.0,15.120738333838998
9301,1030.0256019794388,1317.4984507626639,2.0,15.120395694480736
9302,8034.46452509977,646.03444174253,2.0,15.118760656502166
9303,9376.35838211286,2685.8520148800903,2.0,15.116479780287364
9304,9420.868827932125,6191.467301331155,2.0,15.116436917177047
9305,8849.38781825695,438.9044301292031,2.0,15.116043598376843
9306,7408.993021201972,2927.374087421615,2.0,15.112035257045564
9307,7877.113798779915,2053.9581267545,2.0,15.110975994407315
9308,5154.253004735636,361.60578534432375,2.0,15.109271899330578
9309,9133.69579034657,3209.7427139220977,2.0,15.10920280887864
9310,6249.03413941979,1297.5651364385988,2.0,15.108393816110276
9311,7506.599064180049,1115.2936909102073,2.0,15.107238839283502
9312,3304.236936340176,3807.1527219316804,2.0,15.105334151220754
9313,7271.801509754772,2948.164560834049,2.0,15.104334881476014
9314,7004.345967026542,2802.150008505592,2.0,15.104197979861512
9315,9227.962230938145,4547.576891035818,2.0,15.10367290860669
9316,2574.995416733842,4827.345516231599,2.0,15.102517117912724
9317,6301.900503637977,1335.5828369553544,2.0,15.097387099170906
9318,7010.533104650635,2375.953979027403,2.0,15.093742686570131
9319,5958.87885430736,6093.3639296562615,2.0,15.093710886979224
9320,1658.7205633036288,4823.94434056433,2.0,15.09299587102911
9321,3669.6030127602967,647.096760879614,2.0,15.091681830914405
9322,4044.0680248778117,5423.596119181019,2.0,15.091474487625423
9323,8615.027922093179,3581.740781294707,2.0,15.091371094545444
9324,1767.0682883317083,1061.4618392238199,2.0,15.090383526178508
9325,5166.136364341885,423.50050820136255,2.0,15.089454548220047
9326,6129.419405679712,2344.8857684289965,2.0,15.08860437810604
9327,8914.578424547808,3441.0044717392975,2.0,15.087916710517296
9328,4837.800918298788,4833.250977073427,2.0,15.086194393837998
9329,8913.758708755287,2389.4597349081264,2.0,15.085460996304969
9330,9369.537489544036,556.0146538222959,2.0,15.08472157281841
9331,6247.095902010386,2009.5544850487581,2.0,15.083856051182615
9332,138.31467312316573,6369.528746395058,2.0,15.08192153389238
9333,5489.182920103261,3027.5546836534463,2.0,15.079584330111524
9334,6614.658280481839,5567.898001018986,2.0,15.078330828927044
9335,6888.217107341575,1131.5121352159242,2.0,15.073939746141793
9336,5809.0408028584225,4163.37523973431,2.0,15.073833212461334
9337,3705.7627238499217,4091.822567731924,2.0,15.073344551958892
9338,1005.2891581971093,822.1102844358861,2.0,15.071948270072237
9339,2005.0405564758844,1459.6149954854288,2.0,15.071918313908434
9340,5965.527450091274,1276.9725680841686,2.0,15.071741776945506
9341,4248.059370745062,5909.66443956828,2.0,15.070801771957822
9342,2956.0772954755216,2505.8264866185186,2.0,15.070653773032163
9343,1636.378245254196,3249.2385687133365,2.0,15.06923358705139
9344,7309.14939401368,1381.39082265823,2.0,15.068380764782848
9345,5359.438897259387,1341.677863926939,2.0,15.068049335768784
9346,902.8686540384105,1467.7907669745623,2.0,15.06764992858592
9347,554.3481456171575,5728.763706204153,2.0,15.067336474762678
9348,9442.990017883902,1253.4360599940196,2.0,15.067045038998057
9349,6921.394234483182,1853.9913129692945,2.0,15.066494642860485
9350,2689.3578633292614,1523.9455417071747,2.0,15.06578805988233
9351,87.06707896336196,1677.3199165988608,2.0,15.061637014808861
9352,782.1825392869825,111.54405957053616,2.0,15.060209962395119
9353,4201.268525965647,4708.913358373218,2.0,15.059979678418049
9354,5068.239449789177,5017.926882512923,2.0,15.058037029601584
9355,1544.38317888183,6291.091839672041,2.0,15.05765843987398
9356,1274.892964850608,989.9240818367671,2.0,15.057360922709611
9357,416.3781067153334,4850.831460765072,2.0,15.053145872110402
9358,136.02629740179302,1625.3121423398068,2.0,15.052572143195844
9359,3430.7101011167206,6240.741786322231,2.0,15.052179881443644
9360,7600.354633460571,1002.0924659964674,2.0,15.049563395606452
9361,5700.864121882236,3815.561432397966,2.0,15.04947735261449
9362,2047.349782207016,1768.941079553464,2.0,15.04877354003785
9363,474.30799659262965,6181.052236624747,2.0,15.046301041082184
9364,3779.156258608278,3277.3025341531143,2.0,15.043739024010303
9365,2474.4759024896857,1877.1136954051985,2.0,15.042469591602186
9366,4136.929164031707,391.1091693931701,2.0,15.038449253718532
9367,4964.909912173729,6215.55687015694,2.0,15.036407804972729
9368,2794.8941299102357,4299.303660286675,2.0,15.03426462617155
9369,2193.2661727255863,4519.081152423862,2.0,15.033181057554994
9370,5076.1662325096595,4098.116272113664,2.0,15.032308673930217
9371,5389.707090481856,3372.9481345704057,2.0,15.03152917760666
9372,7582.681288876143,12.990755579014563,2.0,15.03152394023374
9373,3828.3429647315816,2779.1746677790647,2.0,15.029812614571691
9374,2093.5700286669003,925.0029765264143,2.0,15.028214396585042
9375,460.21200137144325,6191.578545892229,2.0,15.028187899289483
9376,9314.47136641556,5886.903709248873,2.0,15.026842084604766
9377,2297.314681129902,583.7788819181856,3.0,15.025370704651985
9378,2189.2169766342754,5924.1628128911825,2.0,15.022320473341553
9379,2549.374374835878,5510.970458941021,2.0,15.02150257009832
9380,2671.046234529085,5589.477626881344,2.0,15.020998373056644
9381,5395.868361308082,1667.5004795999855,2.0,15.020972247767801
9382,1800.519949889338,1676.8664700771349,2.0,15.020759194408102
9383,9324.358484268247,2711.1145000623387,2.0,15.02057476536508
9384,3127.2465022273113,6114.810127544236,2.0,15.019630426845199
9385,5575.087013298604,1633.5937780019713,2.0,15.018198391085594
9386,6054.976905165133,4815.67782983439,2.0,15.01717302994429
9387,5518.053922666885,3461.272131317004,2.0,15.012522513725319
9388,6379.442227387068,1591.1387907605574,2.0,15.012487109084617
9389,6873.216890783254,5533.272797211388,2.0,15.010692862025323
9390,1373.0837842541698,2855.316930292853,2.0,15.009548007898793
9391,5785.029207176931,4417.492351716019,2.0,15.007589572951634
9392,7742.007405191278,785.7269896443995,2.0,15.007542900917386
9393,755.8477908344636,341.59569207007223,2.0,15.006920474390153
9394,643.7956354042786,5300.919442862479,2.0,15.006902114805525
9395,6615.080511548291,4371.53345581147,2.0,15.006808057788065
9396,7459.590950164455,2674.9979995493545,2.0,15.006302695446136
9397,1789.0869093851945,537.5294623735525,2.0,15.004838548386186
9398,3508.967825862877,5888.8492221464,2.0,15.003915663932899
9399,4347.782073251922,1958.081289250287,2.0,15.003286328988183
9400,9208.904139380209,1713.2557396418026,2.0,15.00063522446534
9401,1217.0051527763,4275.34201191768,2.0,15.000275444003572
9402,2078.1098221083844,3243.5752300698887,2.0,14.999362344790173
9403,6773.883677589042,1447.7582859183606,2.0,14.999122937714093
9404,8391.267001940785,1883.1426396555003,2.0,14.9980950917715
9405,9263.448800124797,277.08372216243833,2.0,14.997725434840179
9406,6464.945214669508,4971.442146770471,2.0,14.997518715011422
9407,5306.953535619819,4669.734398807091,2.0,14.995511682124448
9408,5943.3276305603285,6206.915629623345,2.0,14.995397001075094
9409,1249.769517788032,1461.573244524621,2.0,14.994923951933254
9410,2831.017714153092,3537.8716855844373,2.0,14.993261724996529
9411,9447.402570453492,704.1077646236711,2.0,14.992710938586606
9412,7052.328853371241,6047.001123180356,2.0,14.989452453833232
9413,8308.049262885515,697.3053957410026,2.0,14.988327024841974
9414,1571.3910769555027,3318.968968179539,2.0,14.98788227906792
9415,7751.941863826981,1027.6097638128585,2.0,14.986995462129624
9416,404.8068913354426,5549.647891688904,2.0,14.984931989168645
9417,9401.941542030707,5795.705016766602,2.0,14.982011313385218
9418,2866.39273640858,138.95158867396992,2.0,14.981324613219938
9419,4738.835841690206,5193.6287727188555,2.0,14.980038408132529
9420,4238.763596006521,5953.930698712176,2.0,14.979525680878249
9421,2197.5126636315645,4923.152662166442,2.0,14.978660004993888
9422,3282.8120218035733,5995.527614685595,2.0,14.976830963494422
9423,921.9683889599761,5249.892074327336,2.0,14.976815243792649
9424,706.5400950260677,2260.985755917302,2.0,14.976181898645988
9425,5337.660600211964,2818.963895151432,2.0,14.971677979221447
9426,3030.9662459861165,5033.26446880828,2.0,14.970013955814006
9427,6000.923583359688,689.4096553134825,2.0,14.968716723188983
9428,926.9899200939208,3291.5658428219654,2.0,14.960484622801813
9429,4897.5657796915175,2720.9353184293145,2.0,14.959654232878671
9430,2890.5430193441866,4307.995270413344,2.0,14.95831921488443
9431,197.24074705615868,1257.1300902165246,2.0,14.958134751072897
9432,4359.299649021411,3556.5281341004315,2.0,14.9580837788656
9433,7479.128085127488,653.5411244688376,2.0,14.956130622808246
9434,6683.945490396694,1647.4912127664563,2.0,14.952708649477831
9435,1862.2984386264861,1450.9836868243447,2.0,14.951615412409712
9436,9525.591907896674,4007.897922392114,2.0,14.950577650814346
9437,202.46362653078788,4181.0201870628,2.0,14.950432790824888
9438,5350.034625335621,5367.373206729932,2.0,14.94873203184388
9439,6275.062776364391,1017.3580131355382,2.0,14.94831594008437
9440,8846.025843610569,179.55104427682238,2.0,14.94821816249601
9441,4683.876613934554,4221.517334079085,2.0,14.947598370959108
9442,3795.4381166456983,807.0105348448485,2.0,14.947311591276556
9443,4290.68513554284,2209.0821828092476,2.0,14.94686837221768
9444,7043.905051860085,4775.628828675144,2.0,14.94524321099104
9445,6382.104523867145,117.47276411190192,2.0,14.945179230952384
9446,5279.267986116003,2428.177931074619,2.0,14.944647118305706
9447,824.5946037489526,483.0965760337254,2.0,14.941928702053458
9448,9350.899647139537,889.5177641877883,2.0,14.941378411631154
9449,9263.691071325984,1169.9317207357512,2.0,14.941223395206437
9450,2571.3215420020756,1167.6334799848253,2.0,14.940315645543654
9451,9292.64932366424,2194.9679418398305,2.0,14.937074495435734
9452,8189.578391647166,5409.097829816956,2.0,14.937055724898078
9453,7564.292950728712,3564.8001485592204,2.0,14.935906257694464
9454,7955.243952187012,4921.726560508536,2.0,14.933212978544152
9455,252.54986936564435,1042.862582660499,2.0,14.931477356266203
9456,8968.400477605037,5578.936645451724,2.0,14.930710183566344
9457,1984.6456649805377,324.96445842368536,2.0,14.92961577596068
9458,5058.272203981441,2169.896675242552,2.0,14.928187444748243
9459,3864.5068432190947,6219.0,2.0,14.925871063247836
9460,138.5316538145964,3042.1452280680714,2.0,14.925391746112123
9461,8879.52720097229,1961.1272564812969,2.0,14.924618720583844
9462,1575.5599561693728,3394.818229956088,2.0,14.921326442472804
9463,6940.913182421339,1657.700792768561,2.0,14.916489578486182
9464,5016.1929495499935,4353.052498174383,2.0,14.915331264294688
9465,1093.2370759286368,2115.047361122315,2.0,14.915306587872355
9466,4691.034918177794,1775.4243898951838,2.0,14.9129431169137
9467,8189.380029853957,4631.788778887422,2.0,14.911954791329672
9468,1212.6104243053644,1563.9179548653428,2.0,14.910400834373707
9469,1174.648679468476,2448.7552069484173,2.0,14.909900977543629
9470,2000.0396193154254,349.5028345510434,2.0,14.909889736188255
9471,4508.993337806459,6127.277778621829,2.0,14.908027279231417
9472,8344.15914844435,3363.595582590241,2.0,14.90673929221978
9473,1576.0127722827663,4120.072749873089,2.0,14.906653300902596
9474,1616.0573805462047,2835.668326873558,2.0,14.90635595173503
9475,7070.686465353052,4435.178563906551,2.0,14.90577628398965
9476,9232.280677566689,3945.898353477174,2.0,14.905541092651617
9477,1123.2249645894944,1785.3758687150423,2.0,14.905222727427061
9478,9226.781192984718,5707.490467600996,2.0,14.90466318801094
9479,8018.993506007005,4887.4788800841825,2.0,14.903053317806963
9480,1250.0086139387292,303.4069935669073,2.0,14.900328342889782
9481,4877.00087100967,5373.700518910391,2.0,14.899958058813455
9482,6824.075698463991,1599.2728126800605,2.0,14.899626659766422
9483,8515.51242717174,3463.126963839855,2.0,14.897905847521187
9484,9569.134240210726,2203.683331206443,2.0,14.896514239271873
9485,5318.230356113699,2561.595816589801,2.0,14.893750561204403
9486,4090.238258000345,4407.07927781858,2.0,14.89327789340839
9487,2327.9451481831484,5601.582379558588,2.0,14.890655784323767
9488,4931.015663522152,4635.136530916583,2.0,14.888392732771901
9489,6927.480387201645,5120.9932122438795,2.0,14.886998155027118
9490,7358.141452826636,1379.505047933557,2.0,14.884890924852234
9491,43.91573705511903,5785.0233290644455,2.0,14.882205413666112
9492,3292.8084443826524,4649.309711231476,2.0,14.881939240285588
9493,59.785972425302205,1548.1402732691195,2.0,14.880743675191031
9494,4183.053775852023,1579.4881421713033,2.0,14.880607761312392
9495,8680.207201488714,439.3285127220408,2.0,14.880284756225029
9496,6592.243151176378,5539.392921147234,2.0,14.87984290842745
9497,1266.362479865206,942.8931708829912,2.0,14.877004507087483
9498,9026.237036204615,5191.040456120411,2.0,14.874842524473667
9499,9558.853038557474,2321.8476233095366,2.0,14.874462844375557
9500,27.709312248687688,5766.903662318722,2.0,14.87433955887838
9501,5387.465753404805,4640.064405604031,2.0,14.873862476255399
9502,2130.095799610824,2179.147486421969,2.0,14.8732484626818
9503,8723.691998752556,1351.2866483001014,2.0,14.872191244003938
9504,8771.175722115304,4399.436705366748,2.0,14.869865566233369
9505,5621.375687240868,1209.9142360161588,2.0,14.869447518394702
9506,6580.591669594877,748.0391512167607,2.0,14.869443827738973
9507,477.2641859788933,1089.0260983295873,2.0,14.868285983417866
9508,7048.213764296083,2485.574685429565,2.0,14.867562119000723
9509,3588.2046883255584,5155.7608022648665,2.0,14.865857611647227
9510,3925.024449819232,3815.191486538848,2.0,14.865518757368072
9511,2790.0934543514795,2321.626796874032,2.0,14.862970144180904
9512,117.39374521538384,2102.827169994305,2.0,14.862894201602268
9513,1279.047741812231,5371.370169764666,2.0,14.86092324800062
9514,1645.4629530717755,3742.10150506249,2.0,14.860337159609518
9515,645.5577030356382,5506.816914056484,2.0,14.857938597543445
9516,8664.894440514738,935.5968138724085,2.0,14.857894573089272
9517,4843.604229626307,2773.196654447004,2.0,14.857880111437979
9518,637.6608101341949,2055.003469424134,2.0,14.851804257507023
9519,6635.83803919474,623.5783228409426,2.0,14.851768667445373
9520,6669.544379321542,2986.856288859444,2.0,14.850862049170921
9521,6782.549708841556,2923.12587551518,2.0,14.849486205330374
9522,9369.404892648066,2798.1191604154083,2.0,14.84896345522837
9523,6715.12390092106,4671.442449789222,2.0,14.848480244702225
9524,3319.440232452458,4789.786043591366,2.0,14.847976983738244
9525,3785.6166988321197,5979.004007675667,2.0,14.847257959166553
9526,5353.579664907909,4767.128660207602,2.0,14.845524048831956
9527,8912.326507429676,5899.835400922974,2.0,14.844239323625773
9528,8427.981636291157,415.686577399793,2.0,14.84416609414093
9529,732.0516349486501,4003.638285514656,2.0,14.844110814961303
9530,1837.826319349077,1068.8843200462193,2.0,14.842995393791973
9531,493.46583873902665,251.8784230051029,2.0,14.841726104100086
9532,782.4435975413219,1093.2268807932408,2.0,14.841518490170795
9533,802.6491661615897,4678.885552746141,2.0,14.840997055994912
9534,9166.73205520077,3903.8354486905973,2.0,14.838797580633928
9535,8036.80506810111,843.597174968872,2.0,14.838579326520499
9536,6790.5363673775155,855.1605723649419,2.0,14.835341036667636
9537,4326.069934841623,5745.782806574212,2.0,14.834505366774966
9538,3441.5812614441274,3618.8703640269787,2.0,14.832591853007635
9539,1217.5951710914128,3317.9079200520987,2.0,14.829889421014446
9540,1078.0802974426103,5893.507245087491,2.0,14.829744198310674
9541,9445.238451024827,4536.190541482439,2.0,14.829074927115702
9542,8483.427014872856,143.0349992213373,2.0,14.82393303513995
9543,7730.702094593578,3709.1476116150056,2.0,14.823864666477967
9544,6793.55113290444,1284.8918488093825,2.0,14.823303887973053
9545,1872.2258746335913,348.7979722952146,2.0,14.820642943198106
9546,2163.807288325253,5809.258408608087,2.0,14.81758217960568
9547,7715.049075682259,5903.669915747,2.0,14.816848588885376
9548,4484.178505533642,5241.767784622727,2.0,14.816107465917515
9549,6503.239751857162,4345.885828872992,2.0,14.816010422021598
9550,9532.806165164046,4841.513979353503,2.0,14.815577049505405
9551,1770.5042598268003,3411.9893007887636,2.0,14.813880507738988
9552,6737.345311252227,2536.0607643423527,2.0,14.810615252562101
9553,8835.643601904669,5629.003168569585,2.0,14.80850052671966
9554,337.8518389063213,4911.595789510839,2.0,14.80835127405314
9555,6136.1174213441855,6029.6195926315295,2.0,14.80803859759591
9556,8787.885764691579,3271.414283219136,2.0,14.807818803477488
9557,853.4653012456768,675.1843485467642,2.0,14.807715123845046
9558,5755.1922526450335,3841.0768603754314,2.0,14.804733700958495
9559,4363.887680264044,4791.0390711835125,3.0,14.80155617917328
9560,8952.81331510363,711.5019256018747,2.0,14.80135951847932
9561,9433.621098803142,1089.0218410085686,2.0,14.800209844437788
9562,5665.471945995204,5171.245636163043,2.0,14.797429344593882
9563,63.20599991954123,887.6240840533186,2.0,14.791937195595471
9564,197.0063385016958,3051.4609338531795,2.0,14.791848422353326
9565,4742.600690023788,6010.8808896990395,2.0,14.791646904116918
9566,9539.995029491367,3139.60474711996,2.0,14.791223698133198
9567,5888.4686059003825,626.900945374679,2.0,14.790834701318616
9568,3204.4071067095215,3158.836478745951,2.0,14.788925478606597
9569,6829.600964308825,2618.8874070201496,2.0,14.787323360182
9570,6737.857147183532,1189.8720632503475,2.0,14.786990093161247
9571,4864.061961920092,597.8785620676992,2.0,14.784095462589384
9572,461.97157492150615,3655.542004563018,2.0,14.782643938338085
9573,5909.384901871185,1633.2782783463083,2.0,14.781522154392237
9574,3042.335139884265,84.89478676505793,2.0,14.77962937911486
9575,7546.08316902979,3015.669883678097,2.0,14.778294760222067
9576,6449.5292834513875,1307.918041007427,2.0,14.777950629869691
9577,2666.5352050479505,4656.951370132231,2.0,14.776523544824162
9578,7396.354209195119,2301.0236066545353,2.0,14.77584921983115
9579,4621.466385672195,3834.9990614463445,2.0,14.773816158646358
9580,691.901364519651,525.3153062769546,2.0,14.77353173525819
9581,3601.89684248487,5033.60399469146,2.0,14.77266796145452
9582,7599.612937586956,964.8436443071014,2.0,14.77194786103564
9583,5196.052082705079,4341.567512259201,2.0,14.770390806553802
9584,7655.49291027618,4672.862805638374,2.0,14.769275064329696
9585,7132.436578606052,3637.0596096875074,2.0,14.768080011438062
9586,3658.4409436110464,2605.0136465792325,2.0,14.766931149836926
9587,1652.5432883209585,3208.0745358250642,2.0,14.766738006922514
9588,5365.14628806665,4641.704733975148,2.0,14.762952114161328
9589,2477.366144162572,1161.1612391631231,2.0,14.760421732953038
9590,2923.039139620074,1547.657440881787,2.0,14.760021667139526
9591,3717.113058643827,5913.615368372984,2.0,14.759532272570432
9592,2916.0760754643265,4487.546120969182,2.0,14.757416143263082
9593,900.1300755307399,4067.319789203133,2.0,14.753804871619739
9594,1621.5231291473474,3339.00016181906,2.0,14.753120179929661
9595,8216.366058036505,1816.9192541242128,2.0,14.750671760816294
9596,4388.1553748231245,1109.683171296661,2.0,14.750270236711385
9597,4038.3385727255327,4082.9549397681053,2.0,14.749057394789958
9598,288.5358179479184,3604.915302715996,2.0,14.749032802736563
9599,5330.108608830849,4951.572455482899,2.0,14.748343239849769
9600,1398.9996687770779,4221.5993392820355,2.0,14.748076718178053
9601,8389.095111201152,2581.4029947523845,2.0,14.747750952271316
9602,6724.962449028728,665.4719912959325,2.0,14.747292435319329
9603,945.2547060606422,559.5240204284135,2.0,14.745230009250943
9604,2315.0788078998235,2899.429659333584,2.0,14.744762610696496
9605,4224.44255996291,1447.0120561674207,2.0,14.744540294277098
9606,9170.36228097743,1778.9725371596126,2.0,14.743343736372834
9607,4736.033857520189,5499.418498944795,2.0,14.740753383269455
9608,8689.718551123384,1866.8439592284003,2.0,14.740077443665697
9609,6209.481938151977,2080.083641712159,2.0,14.73841482877533
9610,5099.2122023574175,6371.446370369928,2.0,14.737443271688052
9611,3561.9296435068627,1337.4257839666113,2.0,14.736671882007965
9612,551.6660385458415,3844.716969837068,2.0,14.736387941653712
9613,3989.4058872040337,4290.210647260514,2.0,14.735620918803813
9614,8607.498367658562,2479.0835950484716,2.0,14.73440307248047
9615,3761.4755534999763,175.04872983212553,2.0,14.732640425044108
9616,67.44576828998464,4004.903286507237,3.0,14.732561183867224
9617,7592.46838459217,573.8765553278722,2.0,14.731833640933885
9618,356.9929151087178,5515.499469130284,2.0,14.72969072672803
9619,7408.377743938108,3699.061976428693,2.0,14.727806251262805
9620,7434.579938924343,4228.844913710913,2.0,14.726986126695133
9621,5328.929948074375,2003.2656759984034,2.0,14.724336005530978
9622,9237.942060371508,4389.308076309001,2.0,14.720958492924462
9623,516.3115170649071,5655.1577538156835,2.0,14.71911021511664
9624,1571.5765686280467,3206.9633639904287,2.0,14.7178240258249
9625,1124.652573960148,2340.9027782118246,2.0,14.717729883699727
9626,1361.4791468233057,748.9270415091546,2.0,14.717499502237473
9627,5811.114524400635,1139.134216004719,2.0,14.717356980360787
9628,3685.3198321573905,5835.022493795516,2.0,14.715425782923372
9629,5643.3449913096565,4276.994157173729,2.0,14.7149140566478
9630,6997.062499150672,5313.609171357429,2.0,14.714745584853693
9631,6302.932722365526,1129.475640773944,2.0,14.714574404139963
9632,2446.38824851423,540.9425039245701,2.0,14.712352450388073
9633,8876.080604967261,3405.730428399603,2.0,14.71223320144488
9634,4088.0598483166564,3941.2674350499933,2.0,14.71190889294898
9635,3631.5612309789667,770.9544338943745,2.0,14.711669004757168
9636,2379.0366824792577,2525.44160612392,2.0,14.709617086423275
9637,8682.076613396132,5453.419874011635,2.0,14.709611274886225
9638,9388.502920657209,3200.9811634340326,2.0,14.709406431551658
9639,8342.693316183004,725.7884776300559,2.0,14.708120060209247
9640,1757.9422331541225,306.01157687476234,2.0,14.707062949747028
9641,5500.545604338197,1409.7964169533225,2.0,14.70612054931162
9642,1467.140679394547,1869.3950698248414,2.0,14.705088718982331
9643,8144.635762874998,2810.197433846449,2.0,14.704088618172172
9644,5417.348162223748,5647.153174173161,2.0,14.703985537458209
9645,580.9475902469381,4753.452586706544,2.0,14.703067154756761
9646,952.8463548696961,6207.470828751358,2.0,14.702243750997921
9647,8119.3222310274905,5042.981391930192,2.0,14.694291322586425
9648,1194.088971108579,2617.3515270994253,2.0,14.69381638232515
9649,6903.860621089734,1767.57926249774,2.0,14.692681862650078
9650,3201.1235426467842,2943.484269997897,2.0,14.691610424651945
9651,4978.413806122343,3648.863272996219,2.0,14.691557291029124
9652,8177.219411495808,4257.380492938932,2.0,14.690721133439954
9653,7987.096355159926,4441.321174295991,2.0,14.690507402987286
9654,5154.658539357799,4513.840312287421,2.0,14.687556059854225
9655,196.82956730433253,2201.4979397482593,2.0,14.686682828498924
9656,7978.777103909217,1456.0913757429091,2.0,14.68622758881538
9657,8654.67073609663,2465.156807888464,2.0,14.68552321615496
9658,899.1143238471126,3371.6365594491735,2.0,14.684792895890034
9659,5729.528718655489,5223.019795280574,2.0,14.684351468955127
9660,7333.647167857991,1675.1692846181063,2.0,14.68391537566071
9661,6462.13631442492,269.4792725971683,2.0,14.683493754806186
9662,161.23528688681805,1821.3762291776345,2.0,14.683256612141449
9663,570.5222060986363,488.7766992542759,2.0,14.683222315654014
9664,485.781148796365,777.9056657246275,2.0,14.676640474489396
9665,6755.954049931418,731.7984659206636,2.0,14.673643979724213
9666,6378.332253820011,59.716944663628375,2.0,14.672048380316637
9667,7334.919031795662,4227.469360749582,2.0,14.668457930146658
9668,7686.1731500278665,6277.424386893559,2.0,14.668187346449757
9669,2824.187096573387,2283.443670403784,2.0,14.66657513530106
9670,701.3469412187105,6373.8180157472825,2.0,14.665571332902228
9671,7904.286583896138,156.9946813201412,2.0,14.662269860093614
9672,1486.644894602064,2661.866132675966,2.0,14.662159094967656
9673,9290.189690225527,4889.5644890208905,2.0,14.658286949921314
9674,7422.078812482465,2407.6042606642477,2.0,14.658237271505422
9675,100.64183575550793,1741.1133644258846,2.0,14.657376978312968
9676,330.2972696454124,56.00066748419089,2.0,14.656367957948596
9677,2644.470100389465,371.91783501653816,2.0,14.656168613992932
9678,7430.476123386073,1023.0322379128506,2.0,14.655874687957962
9679,4461.9138641075,5848.016799094668,2.0,14.654791591834499
9680,8344.513311540753,3578.9182131099774,2.0,14.654538016952362
9681,292.2912073163157,5921.503510313795,2.0,14.65381607439452
9682,5818.979598540611,6077.535075207253,2.0,14.653480910088382
9683,4085.363191433993,1205.1840938814582,2.0,14.653030473259683
9684,8388.948083911333,3799.7086993259563,2.0,14.652384734862286
9685,4139.141402983606,555.5895326612045,2.0,14.650464144077171
9686,8568.113063904426,4559.476504147726,2.0,14.647664113096113
9687,8562.929592830369,2459.4645875027873,2.0,14.646964203758321
9688,4307.172029734416,3989.4362069365225,2.0,14.646404762929219
9689,8293.795413644155,2653.257203633065,2.0,14.645944639657815
9690,1583.1117672634052,2405.316943807403,2.0,14.645163132934455
9691,4725.640205551825,4554.920396421727,2.0,14.644800920240037
9692,423.1327049641023,5975.03146839746,2.0,14.644551964948489
9693,9115.558467505913,257.0737051805416,2.0,14.642338110503003
9694,4021.101316640069,3941.4407800190074,2.0,14.639265471688368
9695,3083.6225436990453,3586.926851329344,2.0,14.635635604399152
9696,1333.1789453842512,1001.159708687303,2.0,14.633746608690755
9697,9061.862451532985,5735.533809432331,2.0,14.624744522680407
9698,5634.384263264996,870.0791584994539,2.0,14.623345769004176
9699,8193.193394005406,1435.8511155260717,2.0,14.62281136851606
9700,7784.092136708903,583.5112670950799,2.0,14.618935628430119
9701,3266.5095637887225,93.14770357047094,2.0,14.61728350228253
9702,4699.254890255178,708.9811503081144,2.0,14.61721177040053
9703,6631.503654424524,1100.9966153991897,2.0,14.616943814164152
9704,190.70506962671942,1614.1197511953765,2.0,14.616805404112966
9705,914.5819710713952,3905.2191539622477,2.0,14.6165562557606
9706,6652.833383060197,3499.6038405976965,2.0,14.616331917793108
9707,7690.063751307442,3787.696329561038,2.0,14.616179439593589
9708,3600.1845004179463,4635.475553057507,2.0,14.613761438025392
9709,6952.852049717535,1855.249738212586,2.0,14.612504373505725
9710,9419.638580843388,5471.803054889306,2.0,14.611908058387485
9711,5043.452864007898,279.14953298029275,2.0,14.611399487354902
9712,9023.11480604735,295.4552619429568,2.0,14.609989624874105
9713,6837.050233739578,4543.490331928541,2.0,14.604120429354388
9714,3809.264494606752,5611.097236994702,2.0,14.603185514222208
9715,766.1555036283169,3993.471975311821,2.0,14.603045066152866
9716,6308.847729115669,6169.529318306676,2.0,14.601912585093958
9717,8547.290167232692,881.1254799320022,2.0,14.601831831117902
9718,6958.212132669997,4423.699121968983,2.0,14.601481407734951
9719,201.10640229069497,2399.5337785812635,2.0,14.599793871200252
9720,6032.983976439262,3393.5716111168476,2.0,14.595815704686034
9721,1736.21853669614,5439.749071458761,2.0,14.594349713366045
9722,8516.035845301176,395.5075410485453,2.0,14.593577951139645
9723,7728.028104712666,855.3957163265545,2.0,14.593513993659958
9724,6254.468853307594,3033.1177208189874,2.0,14.592102690884422
9725,1771.500556628945,6237.028999461184,2.0,14.591716658039065
9726,4702.81544621239,2827.438087469583,2.0,14.591398144662767
9727,6636.14384262443,479.4222001018296,2.0,14.591055613821796
9728,891.3445354372421,2350.827158561394,2.0,14.588538024654262
9729,184.5896923118758,3359.1094092275166,2.0,14.588062616413973
9730,8020.20538384734,6199.3038329145165,2.0,14.588052254926026
9731,887.4197386255111,5237.142252891325,2.0,14.586012365280231
9732,4289.328045872261,4729.020879247938,2.0,14.583732995933616
9733,6212.97082877789,1935.5719408674606,2.0,14.583443631325242
9734,8799.950240113216,1449.338857532236,2.0,14.58315601118252
9735,2281.099125358411,2227.6369288229093,2.0,14.58295838071905
9736,7503.351248540162,158.79150086085718,2.0,14.582274646266292
9737,7858.66132475505,5117.0916708885115,2.0,14.580298582053722
9738,2771.780365843485,4465.226312166959,2.0,14.578881833098848
9739,3797.307653545596,4088.0006021169997,2.0,14.578727652583398
9740,520.0658865336126,4347.44376402344,2.0,14.577169708868004
9741,5570.097695264839,4675.676565564743,2.0,14.576240425940764
9742,6103.445931799806,2044.166357625762,2.0,14.576224360451198
9743,8068.275844667921,4837.286373647131,2.0,14.575817442575097
9744,1827.3703241595308,6159.907845885304,2.0,14.573705124164182
9745,930.0725090770975,919.4063534889519,2.0,14.572944817595905
9746,4266.278522821633,4793.235872696858,2.0,14.572000349280954
9747,5667.9265343175975,129.42585113573668,2.0,14.571546350127836
9748,7238.073693309796,5945.450903513103,2.0,14.571116042032415
9749,6860.428837298605,4032.9393665782736,2.0,14.570921143263234
9750,665.0830436376311,6091.625988937335,2.0,14.570117032067127
9751,5518.495198920949,1292.9474081031601,2.0,14.56923394045213
9752,6143.040064554911,5747.660583421587,2.0,14.568597908941168
9753,6269.976345099922,5857.537698474008,2.0,14.562127864505667
9754,6115.506928703697,424.0041720401638,2.0,14.560477285636777
9755,6698.295324346336,109.21286323751343,2.0,14.560012326431849
9756,2710.94693595209,5769.565746958943,2.0,14.559980234072851
9757,7873.239400234632,2469.2810967375954,2.0,14.557653068715666
9758,526.1431282078828,1135.6175104178099,2.0,14.557597939315775
9759,2917.931181205944,4735.602313580329,2.0,14.551787143905408
9760,8074.454191249668,38.983786069498635,2.0,14.551573836947787
9761,4365.669393529338,5698.108269801214,2.0,14.550552675013158
9762,9431.370383678752,4683.843299939821,2.0,14.54994444797915
9763,4771.045475406463,5169.424930343973,2.0,14.54950638714675
9764,8961.459913354789,2588.9030778150873,2.0,14.549204138331872
9765,6394.323314463155,1759.5301465822104,2.0,14.548146140626304
9766,2177.96701057107,3081.4184663484048,2.0,14.54788675497597
9767,2409.6073835019056,2097.0084618151923,2.0,14.547068932882187
9768,326.91698920060566,2844.9800801177907,2.0,14.545263173895236
9769,5672.430650211942,5449.282199366874,2.0,14.543174994316534
9770,7177.877291541947,192.95989155545968,2.0,14.542685145702537
9771,5707.966149056972,4277.5809437453,2.0,14.542667976034732
9772,7803.095715801221,3471.46429156874,2.0,14.542387500699771
9773,2924.00557567972,3405.566469905209,2.0,14.540196862110566
9774,9008.065390166097,3649.521391429126,2.0,14.53918893229986
9775,2812.805906906608,1144.1060823668524,2.0,14.538039501526914
9776,5293.339174203407,900.9370269892744,2.0,14.533601138441874
9777,5621.349572659545,6280.004610551374,2.0,14.533129435548146
9778,9053.412205619557,954.973352324486,2.0,14.530780258726395
9779,1762.939814142957,4097.585213540271,2.0,14.530491664189892
9780,8341.261502481048,2833.106815812165,2.0,14.529628647968824
9781,4621.9630583855005,231.3400877483535,2.0,14.529014399319863
9782,7761.425386868186,6232.011396998288,2.0,14.527580228319149
9783,2013.0992667389198,3697.3993268772074,2.0,14.52669257107651
9784,4179.390347252271,2202.0218018781397,2.0,14.525767022500263
9785,8377.176232303018,4887.412705617974,2.0,14.525680581707299
9786,9302.606075985328,2577.180794335148,2.0,14.523854742744717
9787,3967.8151639497105,5313.4691039787585,2.0,14.521454752737554
9788,6694.358547406965,5990.985069499209,2.0,14.518790079746278
9789,6335.867944028932,4969.403856173957,2.0,14.518706545217164
9790,369.86316727909997,6281.4404300682745,2.0,14.518585882902197
9791,257.0233924380453,959.6365454092734,2.0,14.518382960401384
9792,9362.917924877025,983.7071273806829,2.0,14.517715045753901
9793,9252.371317292425,6044.987667643491,2.0,14.517594271580535
9794,856.7741558700811,5009.247713630246,2.0,14.516888408878858
9795,4236.929099509954,1147.580499786833,2.0,14.516728425436957
9796,5117.537341558435,416.11965978818796,2.0,14.51450608445401
9797,2040.276156249558,2259.1543115108766,2.0,14.514471922151309
9798,8395.665693682831,3302.6840857052935,2.0,14.511434866651364
9799,3685.3191626926005,4664.937792889993,2.0,14.509498976821599
9800,7005.038817025567,3555.7180627387006,2.0,14.50893767553978
9801,4357.37320338104,3337.8933702784866,2.0,14.50806312442626
9802,3985.097964557852,4311.554008503016,2.0,14.507914804634806
9803,1636.2965892740851,1705.9092508587744,2.0,14.507868975131226
9804,5380.349031134379,5916.9319749984215,2.0,14.506083076620113
9805,2618.0545713816664,4279.418480352553,2.0,14.50343202919257
9806,7535.438637539356,4543.960721638784,2.0,14.502452984501542
9807,7013.403685173382,1448.1650131915294,2.0,14.502057042504093
9808,9364.488189147678,1447.0741371369065,2.0,14.500742428034373
9809,46.1994708757763,577.4371982706018,2.0,14.499339602610531
9810,8898.987261249777,445.4474365371029,2.0,14.498619834945245
9811,9385.168416114591,1647.1110009479057,2.0,14.498579741321855
9812,9238.158891162624,5481.64536561582,2.0,14.497565772510796
9813,6586.562923977709,6267.913133761752,2.0,14.4975614402643
9814,2102.4240401612883,2937.089680542997,2.0,14.497312365386396
9815,1842.3724406097103,445.7624509334216,2.0,14.494367056140804
9816,934.2887981875757,2555.1554560185764,2.0,14.491646208364116
9817,1052.0912698827508,4531.8015570012585,2.0,14.489835405510117
9818,2357.5432681081547,2947.8202311806676,2.0,14.489697752399715
9819,8676.67943251104,1870.7501046556627,2.0,14.488636495390175
9820,4511.357866266693,2141.1200093443535,2.0,14.488473951488738
9821,1797.4893143478962,5790.062988678439,2.0,14.487191984699663
9822,33.616458055706424,1029.8011578455403,2.0,14.48689982532851
9823,523.5079115206687,1354.9326003064436,2.0,14.486750903317644
9824,2554.9787117738024,5965.431184233384,2.0,14.485535799173343
9825,6409.538023133963,5818.688408598099,2.0,14.48545979828208
9826,9080.01256435096,4715.358714536518,2.0,14.485019479006468
9827,980.35485223802,5453.910510689017,2.0,14.484629727379827
9828,283.73351346742766,3341.5357034157964,2.0,14.484418466590784
9829,7878.900329396732,1455.5921851344385,2.0,14.482886595480535
9830,4817.974713776813,1695.3888804925562,2.0,14.482656212645331
9831,2166.5676963983824,6158.89749833188,2.0,14.477034255475678
9832,8175.236037880688,5497.828196839889,2.0,14.475189974541461
9833,7101.497029689581,2325.824219710386,2.0,14.474027732829068
9834,9340.411636780427,5477.856173864899,2.0,14.473500256554704
9835,9383.504629709556,2462.942028641723,2.0,14.471879777108501
9836,326.40324006397253,4363.022860888429,2.0,14.471419113756948
9837,6019.614054159342,2527.1270938872913,2.0,14.470020315808972
9838,3025.169878130822,989.5914530837307,2.0,14.469521793801796
9839,5058.109524510014,1963.5933279916949,2.0,14.46819532772281
9840,7002.303048948985,1978.8351468164224,2.0,14.467571833738514
9841,924.5791363678137,5941.121981741444,2.0,14.466456823938364
9842,8220.478223363598,6363.709011228954,2.0,14.465782887903906
9843,2786.533623643907,5705.194335141778,2.0,14.464661329560224
9844,2065.2596470070466,4612.931424991986,2.0,14.464151681216828
9845,9295.933511491981,5759.310254351553,2.0,14.464138083368672
9846,272.1320974021189,5241.476122798566,2.0,14.463464663567477
9847,2557.6035241875506,2025.0645230294654,2.0,14.463290708478658
9848,8811.04299660724,5731.544797748687,2.0,14.463071315794162
9849,8680.26338720026,311.6953939748073,2.0,14.462218343833863
9850,4082.2018313458557,2654.874196155068,2.0,14.46217948281757
9851,4114.978811582902,4515.633365395172,2.0,14.461889443951415
9852,1484.6962341928831,3670.967597647439,2.0,14.461320607316763
9853,8854.684464778717,3687.8961604355763,2.0,14.460792322310569
9854,507.062669830808,805.6165740634108,2.0,14.459853495860482
9855,5394.300682388553,5862.98023183588,2.0,14.45870926407769
9856,2037.8541441025434,4397.756437278582,2.0,14.455913920809998
9857,8143.041277622539,2182.3861649745545,2.0,14.455577836906773
9858,4917.462925471661,5804.921967218723,2.0,14.454428548494427
9859,7391.171730952626,2783.514179865856,2.0,14.454134021135436
9860,4234.290347844045,5585.379382135046,2.0,14.45409976076045
9861,8490.200290231522,6353.319029746062,2.0,14.45408623678492
9862,6261.002716579542,2849.5508329526406,2.0,14.453511881005214
9863,6956.26010221496,1259.5812584943608,2.0,14.453277257227283
9864,1076.5157709807886,5201.045779736976,2.0,14.452699353327912
9865,1422.381526894521,5181.616014111112,2.0,14.452358888358885
9866,3368.4509393584262,4391.090080865955,2.0,14.451145338910768
9867,6293.570014206146,4753.794285971276,2.0,14.449147950005916
9868,6129.942718139217,3775.8564595003995,2.0,14.447630744915617
9869,1959.463218656082,5397.8566895251615,2.0,14.443908964003064
9870,1071.2652103144642,3267.9279879598807,2.0,14.443797259544578
9871,9357.30241857959,1839.0186767780212,2.0,14.443612771151482
9872,7136.559659085536,5681.163460998193,2.0,14.442410288409171
9873,6591.317950245916,1165.216569637125,2.0,14.441519839945165
9874,735.9972016432583,5773.588762243958,2.0,14.440971753897266
9875,3867.892655315695,1691.6298178565062,2.0,14.440513539293155
9876,1664.542132789615,1067.174658752231,2.0,14.438470900865973
9877,6641.015996967637,883.4704083587704,2.0,14.437341762285214
9878,7405.896502414229,5293.454963526256,2.0,14.436955669636248
9879,7625.493483085513,6205.780071927735,2.0,14.434203635522
9880,4672.265613302602,3881.187181727198,2.0,14.432906353994646
9881,4038.2948650280778,5969.155255651087,2.0,14.432556451613605
9882,9058.573847490157,5401.920525518809,2.0,14.429737560248805
9883,9045.328424580868,1669.4762687343616,2.0,14.428764010580075
9884,2250.804641691161,715.3128859556234,2.0,14.425969388698118
9885,844.0936858836532,1405.4781663046556,2.0,14.425409376031766
9886,4777.191257405132,2687.898848954284,2.0,14.424810994977205
9887,1530.0733377951567,3907.3932945212327,2.0,14.424604281027534
9888,3736.2885782895833,1362.0339992986235,2.0,14.424423142614339
9889,7577.223355698948,841.5249580987889,2.0,14.423142455532787
9890,1681.1670128821459,5197.514617576224,2.0,14.422858945714946
9891,7696.138230488518,2277.494350043563,2.0,14.422856637284523
9892,4122.929286740659,3773.7102684087945,2.0,14.420883810200454
9893,7942.07230289697,1599.5332068132568,2.0,14.42062831760522
9894,4656.255769335292,1277.1419481429325,2.0,14.420458263232588
9895,9043.538018120373,712.8025769220392,2.0,14.419877652487816
9896,4610.222508908721,4110.931470085377,2.0,14.418291133575421
9897,3472.641466998012,5122.041092302334,2.0,14.416339635669297
9898,6124.40528407661,4847.9511200723,2.0,14.415379395636966
9899,7533.473114558441,4523.904625395511,2.0,14.414483581282347
9900,1842.5953827351782,575.0162062345609,2.0,14.412320207371895
9901,8460.323838045539,163.9821357765979,2.0,14.411046910626299
9902,8468.008520324187,2309.869331695446,2.0,14.410828152663974
9903,1814.6313125989857,3625.848133537747,2.0,14.410265412915178
9904,2792.0345364025557,949.3631775636328,2.0,14.410157628404844
9905,3974.064648516207,5751.704464032869,2.0,14.40851587093279
9906,3351.5282687864383,4026.977360202535,2.0,14.40746633284995
9907,3935.5208154958523,4554.994052981664,2.0,14.406532129936986
9908,7888.086671169141,5175.518170666182,2.0,14.404958086061946
9909,4473.152063084008,2081.316243191801,2.0,14.404940824743102
9910,8268.156363973438,3927.3711933242907,2.0,14.403064214481335
9911,6357.113904639778,837.2128932316874,2.0,14.401834331707798
9912,8190.666250159118,1971.1417022921826,2.0,14.400883097983327
9913,2086.1345264166875,3891.608378079115,2.0,14.398835623486866
9914,1345.5768701896359,4819.954820639698,2.0,14.39815848070561
9915,8678.247987254848,3837.4826794018054,2.0,14.398120321229184
9916,954.1970635503258,900.0795950378941,2.0,14.39734479245918
9917,2225.2372848451305,6237.223582207843,2.0,14.396480131348255
9918,5455.537145972137,1257.2133868134472,2.0,14.393696270971203
9919,8304.478655877854,4764.975549287807,2.0,14.39313954370561
9920,6014.100432496254,345.4226289708508,2.0,14.39293914434372
9921,6100.027753435403,1237.5567035936658,2.0,14.392667684770293
9922,2015.9449878014082,1021.359993080103,2.0,14.392015926941571
9923,4545.50452789902,4476.954991411106,2.0,14.391928319498458
9924,5025.410216370007,3426.8821797161536,2.0,14.391246250426692
9925,4122.250266388648,102.9929872452986,2.0,14.389865702007317
9926,6108.081873762664,1277.7667493108188,2.0,14.38961928208268
9927,6437.451000747637,5588.127467172087,2.0,14.38900162140568
9928,2680.1720298823748,3453.369995804581,2.0,14.38866240744239
9929,5147.404796715473,648.2119955180503,2.0,14.387517283298964
9930,717.7130449575949,4696.954451088604,2.0,14.387515161449684
9931,1591.0095649514294,1381.4199510779515,2.0,14.38707165250581
9932,3259.755907880109,788.0484000166333,2.0,14.386859049616449
9933,4012.4982396627433,5899.883225270451,2.0,14.386677424611603
9934,6848.450187309594,1098.9605590415945,2.0,14.385207260793248
9935,1576.2864569721028,4249.043960536602,2.0,14.38409479309508
9936,6875.795102688811,4061.0786086535218,2.0,14.383703326028183
9937,4041.317089049848,5369.947977338328,2.0,14.380393867474286
9938,9562.078249910028,1359.8659098406818,2.0,14.37687929950924
9939,2805.118147260418,4787.139566646056,2.0,14.376849134304791
9940,4239.368917372702,2330.9734180865153,2.0,14.376823934932608
9941,3887.1120984296417,3111.416857591358,2.0,14.376713940496687
9942,8813.751054917957,5669.714261939157,2.0,14.375933851624001
9943,1038.7455081807711,3053.0153626710626,2.0,14.37584230562046
9944,7509.976491631369,5487.515809693885,2.0,14.375069389819863
9945,7903.520370019153,3257.9148212330797,2.0,14.374930692634525
9946,5275.297738950197,1533.1601535926138,2.0,14.37204125039873
9947,5727.5433278460305,6180.967066508287,2.0,14.37193128964221
9948,9184.964098734465,4981.662816214235,2.0,14.370953849108488
9949,8248.363547782372,3291.078175442961,2.0,14.369035450631838
9950,6807.419998093647,5623.059432007931,2.0,14.365089082655818
9951,6441.00355385452,6133.317759626811,2.0,14.364750506396952
9952,600.1198324252123,2223.6287166040775,2.0,14.364725295871095
9953,5916.483216906799,3000.8537302346676,2.0,14.364369384086128
9954,5090.494099761722,566.9890287259963,2.0,14.36356023574567
9955,8206.164600125907,4031.4330893875567,2.0,14.363436037951754
9956,3104.8201421606464,1401.28974283136,2.0,14.360823319524773
9957,4599.57846987657,5635.182343435851,2.0,14.356467477181814
9958,4532.654386230643,5063.983079542066,2.0,14.355713581706604
9959,7203.800099519912,4699.560874620182,2.0,14.355305982225167
9960,448.5181027844722,4876.126096491959,2.0,14.353061027065525
9961,2295.1519949052467,6307.3869601804445,2.0,14.352883751227168
9962,9000.969912631885,3311.1765816124293,2.0,14.3523697519756
9963,9386.002686771577,2383.584857880228,2.0,14.352139437197952
9964,4307.228198162582,6281.150985034037,2.0,14.352137389487313
9965,2252.268750199558,927.5993298014833,2.0,14.35084595088116
9966,5872.1766240144925,41.68118743171059,2.0,14.345106812302934
9967,552.4062096042301,1618.877082925063,2.0,14.343140710699934
9968,4353.355135335842,386.07065964483144,2.0,14.342885474399662
9969,8898.082973890829,881.4383798356878,2.0,14.33735472421761
9970,4338.839386990171,2497.784776301152,2.0,14.33599801958403
9971,8515.3254540258,2275.601850747763,2.0,14.333271268216851
9972,2817.09338779512,1349.6061144665757,2.0,14.331888577823886
9973,3484.5288735577756,4392.8930105251875,2.0,14.330463470312075
9974,1709.4556147720257,1849.8034073567787,2.0,14.3290579990664
9975,3181.0083654631308,4189.432898461886,2.0,14.327658400572927
9976,8673.665249186553,2883.1927557866125,2.0,14.327264503822734
9977,8554.164447958237,2141.4699687728676,2.0,14.326368896195309
9978,6754.947349373685,2074.299168154353,2.0,14.326141368022213
9979,7090.484295450505,735.1801188540428,2.0,14.325989527401328
9980,5715.550417200595,640.0539300747786,2.0,14.322176416597527
9981,9303.635839878383,2633.100529731569,2.0,14.321340136243334
9982,7416.619201931316,1550.8635015809948,2.0,14.320772657634233
9983,3246.247487032609,2642.908733522264,2.0,14.319674182615053
9984,4417.971233786979,1335.5266640614427,2.0,14.317641485374857
9985,6445.002392652967,3575.425714004822,2.0,14.315667133553195
9986,1990.569612894534,5596.029732499912,2.0,14.312428575803251
9987,8523.073960424528,2171.5964056382113,2.0,14.312308083671157
9988,4210.320206142475,1614.023011544928,2.0,14.311445633955923
9989,2386.3998217351896,1012.0938330708665,2.0,14.306987684147732
9990,3972.1162188752915,4091.4670493245567,2.0,14.303615094329107
9991,807.9915233978342,3591.565584800271,2.0,14.303205091872037
9992,5347.955146967959,2641.367843725252,2.0,14.301225602914176
9993,6406.188583546707,239.45559475121823,2.0,14.300667854731351
9994,2203.9043802854994,1405.6620413008916,2.0,14.298064305814947
9995,9177.373728039227,251.04927790544295,2.0,14.297740235015569
9996,8359.505201619691,1391.8897298175266,2.0,14.297379772532489
9997,4410.00441350793,4519.548532535843,2.0,14.297361828024105
9998,3553.653480786593,5480.980895800401,2.0,14.297099093675923
9999,7104.37114240275,4585.1625757959055,2.0,14.296454090194533
10000,9430.04039116271,5417.480379611613,2.0,14.29549553637108
10001,8362.482036591338,3257.7356423260767,2.0,14.294281062267961
10002,7691.690011475593,3133.0675202092666,2.0,14.293473357256234
10003,2792.500212757423,3349.2521640233545,2.0,14.292572289048284
10004,7651.292821935811,2735.596530532846,2.0,14.290424008535915
10005,5022.16503818826,5239.381502925311,2.0,14.289810726272366
10006,9272.71816655817,2065.161181542113,2.0,14.288088299814842
10007,738.2723339174064,904.9237088399531,2.0,14.287392591845595
10008,6577.099376110693,669.5483408943446,2.0,14.287064105400118
10009,7672.5583186376325,1209.7527911551138,2.0,14.286775689096496
10010,5429.079041216876,3285.541854430558,2.0,14.286680856755147
10011,5578.187357532021,3641.5342383747548,2.0,14.286379059037298
10012,1255.9548480480169,3557.1276086599764,2.0,14.285555615825091
10013,1367.5116191768325,2991.921820492972,2.0,14.28543343690546
10014,807.0699490574358,1981.540172808199,2.0,14.28541948582214
10015,8611.396319515223,1386.8641386561067,2.0,14.285073292827445
10016,4313.179938358709,5093.34152930982,2.0,14.283850063768462
10017,180.33272074681093,2173.0088310320857,2.0,14.28281173643605
10018,1024.5015015237464,4556.234277974203,2.0,14.2824025064256
10019,384.3631032410176,5255.650736077066,2.0,14.281778354401995
10020,2276.3976375569773,42.107650451690716,2.0,14.281613160051487
10021,4838.032200540678,3127.714741179945,2.0,14.28023498062664
10022,7594.997682991635,6279.522179934754,2.0,14.279456297401195
10023,3066.385638188997,5159.863337532752,2.0,14.278315060982031
10024,57.931930509570805,2943.3474987102613,2.0,14.277131002475288
10025,6439.760719781932,4941.020649421321,2.0,14.274613312583975
10026,6369.950835995402,5063.397514172271,2.0,14.274004717394936
10027,4159.231658314566,3785.7055222580902,2.0,14.272007816771065
10028,6363.875422620911,239.7027012242755,2.0,14.270879489553224
10029,8199.37254704934,2578.949282557741,2.0,14.269925355822044
10030,588.5076842936752,5151.091419803905,2.0,14.269876067484395
10031,3458.1230425044732,5165.285522116395,2.0,14.268382044594313
10032,2933.718057479346,3949.2106621075272,3.0,14.26585915517347
10033,8814.851330977672,571.7454294215499,2.0,14.26529710141908
10034,2973.126124637998,5253.4656425384965,2.0,14.265178660191804
10035,2043.0827335008926,289.7553331230589,2.0,14.264393746089722
10036,4219.092347304614,1978.0042103563646,2.0,14.263569359425556
10037,2013.098537812392,69.59982680719503,2.0,14.257315991938992
10038,6266.121425025986,2531.5500529918236,2.0,14.256302260449353
10039,9538.470475701262,5015.825302835342,2.0,14.255259988748259
10040,7935.39459753822,4493.1796607058295,2.0,14.25473674220241
10041,1583.2192496011858,3733.3943934929825,2.0,14.251611905377107
10042,298.09778904488167,1613.5740473548346,2.0,14.249272936534757
10043,7172.592013877615,2264.055439954427,2.0,14.248442321594178
10044,7804.130277096329,1515.3673583042917,2.0,14.248320757041064
10045,6357.744504418928,177.7679368785908,2.0,14.244315639992521
10046,1933.4703616589577,1901.0259471937918,2.0,14.243141593339407
10047,150.6406722684853,2634.2665948383856,2.0,14.241560478675588
10048,2756.099530670673,2847.067435717149,2.0,14.240969077995457
10049,1388.9591496575822,4415.439924016759,2.0,14.240008334939851
10050,5838.767085712006,1748.0181589292386,2.0,14.240001622283415
10051,6280.528889165134,4965.075718513845,2.0,14.23700764902315
10052,7241.5039542722125,3841.992403051241,2.0,14.235477740805656
10053,8871.332233267009,3178.9614506158846,2.0,14.235153269272367
10054,6196.338258245233,5756.980368109705,2.0,14.23312731694832
10055,2152.2551397832385,2749.629072075933,2.0,14.23287692386775
10056,4810.648420978996,1971.1610201964124,2.0,14.231734410397383
10057,5756.191922778992,3251.0027494816145,2.0,14.23112178517676
10058,3948.081266840849,5209.483170692321,2.0,14.229340713973588
10059,2308.5705203341154,1485.0347584604826,2.0,14.22845089479549
10060,3100.436105589478,4080.919098631049,2.0,14.228323064259609
10061,4458.371703992146,160.01412866204603,2.0,14.226211020888744
10062,568.955471965747,6129.281973245738,2.0,14.225849513635811
10063,8295.148723294546,4527.284890033325,2.0,14.22510001193731
10064,6540.572733423683,412.9508163777327,2.0,14.224747770738187
10065,576.2586044128315,931.0627376652376,2.0,14.224014448675726
10066,1025.0719804822495,5317.565636224404,2.0,14.223790597543875
10067,7028.553128246937,490.9044275828514,2.0,14.223624768173309
10068,6684.3714128053125,1419.1844321660735,2.0,14.22222745131866
10069,2808.991116483338,4155.523440381245,2.0,14.219504618084118
10070,3007.461709563869,6140.003515938213,2.0,14.216919721086004
10071,5828.5718122336975,5660.961487896941,2.0,14.214756032139144
10072,4677.678637157048,515.0848996439579,2.0,14.212689294010683
10073,4571.126821832454,5815.477555087782,2.0,14.212679531319537
10074,2979.3951452233673,1772.8301407838112,2.0,14.21167512530947
10075,3662.3029820644797,5363.177785115419,2.0,14.210837488465828
10076,5674.144302552545,1679.7440095923835,2.0,14.209608271405205
10077,4346.222034949912,2337.5235163557377,2.0,14.20871379298553
10078,5689.96435304931,3661.583550218093,2.0,14.208683772154608
10079,4724.092601878648,5017.471413710937,2.0,14.208676283441456
10080,7649.456650258539,4498.980813223181,2.0,14.208616042679983
10081,3251.257375661724,3652.0660366306934,2.0,14.204878628729185
10082,5941.8611574409515,5453.46315306393,2.0,14.202974610204148
10083,2259.5740758765055,2079.8966876076483,2.0,14.202965292722016
10084,6776.588000249949,1013.868187811982,2.0,14.202941926484844
10085,3727.5527607748495,5724.008118423033,2.0,14.20273873943861
10086,3108.9448796261877,4171.604874491415,2.0,14.201573843097167
10087,6099.526566355146,3064.9046268149596,2.0,14.20119427471971
10088,8608.606422313813,5295.904953809412,2.0,14.20112736618275
10089,968.3307934364191,2568.980311212372,2.0,14.198475860907786
10090,2133.558581555696,5865.0173435894285,2.0,14.19783697182531
10091,1843.886046550107,4747.433677189473,2.0,14.19755849894027
10092,2766.561461216502,5052.973070851395,2.0,14.194728550310654
10093,1710.9163561582948,5913.549473092811,2.0,14.194388166877362
10094,4633.998513247402,1333.2941636835358,2.0,14.191835088256102
10095,9007.068110569719,3113.6817466938746,2.0,14.191523892204966
10096,6448.218545172283,3009.3428168593214,2.0,14.191129336582858
10097,1264.2894185016405,327.4569595907795,2.0,14.186645265181143
10098,6767.454687984956,316.82469455216517,2.0,14.18642826183084
10099,6173.153977503108,5715.058285391998,2.0,14.186415144471578
10100,3389.868265743848,4849.250535541288,2.0,14.185974052975435
10101,8852.340759796098,2834.944368081648,2.0,14.185597480773085
10102,8986.371459786582,1429.1968644984124,2.0,14.182332048073995
10103,6979.941399167345,2595.6301797299393,2.0,14.181507126595005
10104,2197.4140252473094,364.96422530903925,2.0,14.18107443939305
10105,2146.1150580280164,5421.65367936584,2.0,14.179171044954364
10106,8675.747821367317,1826.1668634802672,2.0,14.176469695906075
10107,534.362030563133,3889.7724008089945,2.0,14.175586945967591
10108,4283.432520363827,1565.8856376363817,2.0,14.17488297068277
10109,4848.909885314404,5393.63818639891,2.0,14.172141156120308
10110,8929.487770772654,5200.10324742374,2.0,14.170642007533122
10111,3251.259712706448,203.69258451997166,2.0,14.170320606396759
10112,8995.43380985947,64.12053301265324,2.0,14.167873573420692
10113,2703.0442746521403,1733.4468106703544,2.0,14.16691259038555
10114,2706.4410342583237,5234.003875362178,2.0,14.162407376603706
10115,1291.9901958271803,5523.5700053978035,2.0,14.16191333712694
10116,1919.10524297038,2675.589643681305,2.0,14.161897317887792
10117,2602.751665801461,2571.026267682334,2.0,14.159726146531272
10118,4174.58153846755,1008.0903223703856,2.0,14.158127909351494
10119,6767.419204837091,183.04405836896046,2.0,14.155871393527526
10120,2614.0890693253095,2745.4196401328236,2.0,14.155396157323612
10121,3281.94373144175,3363.6764168953137,2.0,14.154059990133101
10122,6418.48906121308,2517.822074476953,2.0,14.152905569882353
10123,5077.120627459727,4755.340625964182,2.0,14.15257128570864
10124,7368.3633567254565,3481.167554004956,2.0,14.150947673753556
10125,6549.61180647882,5269.9740903562715,2.0,14.150595029590523
10126,8864.341394875568,4225.032706561108,2.0,14.149179091030051
10127,7615.386094426984,3145.261302063106,2.0,14.14844665116704
10128,5887.575168775371,2054.8903039086726,2.0,14.145759521803436
10129,8190.986550598935,2313.471673116857,2.0,14.145727701739622
10130,7282.194065789653,4697.519961705982,2.0,14.14451171039609
10131,160.64128616494006,639.9630176790258,2.0,14.14445848908809
10132,8141.1541444515215,2684.0258985856467,2.0,14.144348783838371
10133,6708.373265819532,5640.880139193954,2.0,14.14376429970119
10134,5849.856579005492,1909.5035914494324,2.0,14.140290586861619
10135,5177.632159311197,3117.7565864552507,2.0,14.138859901458634
10136,443.55285900150307,644.8490727449074,2.0,14.138092359651917
10137,5052.163409784573,3670.205135348266,2.0,14.13703383337057
10138,4795.995479938475,2033.708543115873,2.0,14.136966456084602
10139,619.0311489211311,2645.3685689072013,2.0,14.136784611173077
10140,2311.003722249653,2571.6999547920163,2.0,14.13585518836098
10141,2949.322955714593,6266.903054444307,2.0,14.134324518499263
10142,7994.488005355379,1525.086824887133,2.0,14.134017621172125
10143,1100.9042159355165,3711.669291329245,2.0,14.133423471801162
10144,4865.477420837735,5679.051597383526,2.0,14.133254925254027
10145,224.1865440452347,4189.329374052876,2.0,14.132895846310587
10146,3324.1770703330467,3914.860105766966,2.0,14.132036772029457
10147,8926.355058397698,183.23593854311397,2.0,14.13094903157173
10148,6093.322341338127,5319.109973444733,2.0,14.129034900042104
10149,166.06669783374443,5745.603103820239,2.0,14.126484075171282
10150,484.1443543056423,2417.331962725214,2.0,14.125242652471794
10151,966.212844509594,341.3686320416166,2.0,14.12295186607141
10152,1958.422670405404,3733.069523734229,2.0,14.119097143733608
10153,93.43291551132424,1778.1597113546095,2.0,14.119022619219455
10154,5662.206604458782,4315.243897461355,2.0,14.118837070031574
10155,3805.4439120202373,3932.9480015251966,2.0,14.118273869063367
10156,175.9317246106563,3473.6613988488057,2.0,14.116663415219046
10157,3361.1169832368764,1099.443788004825,2.0,14.11606353069886
10158,6066.234359383274,2669.854615451485,2.0,14.115188327479165
10159,8845.21134722235,4992.849694327425,2.0,14.114730322966453
10160,7790.47754043821,166.16378701347824,2.0,14.113307039358403
10161,2466.492305473953,321.0151810068278,2.0,14.112507701001444
10162,7765.403111534995,5370.797692840571,2.0,14.111555222184393
10163,5375.273740215737,1064.9778888060357,2.0,14.110977165908135
10164,7143.090386051567,6153.528061780788,2.0,14.110687536072229
10165,1606.2055105867103,2513.8089254868673,2.0,14.10956508920857
10166,332.04554268241907,2367.5243808089795,2.0,14.10894813589252
10167,1050.1003137111068,4623.784363714018,2.0,14.102351764207938
10168,6934.06472409494,6297.6633430355805,2.0,14.102319657016649
10169,7480.529135721524,5663.086141437589,2.0,14.102070645429961
10170,1147.300779381079,5031.614628095752,2.0,14.09932854424368
10171,6662.47307625806,3406.8663533248077,2.0,14.098280136113853
10172,8319.967121298105,1059.446497617286,2.0,14.095278178425353
10173,4475.028804845746,2701.7195062302167,2.0,14.094711885143356
10174,9252.441752416073,3937.0337755334813,2.0,14.09372348363234
10175,2527.6923774813235,2735.9700451351373,2.0,14.09235226715154
10176,565.4651253173163,3349.0691597389496,2.0,14.092087713075786
10177,1417.0101019990489,5844.931283510863,2.0,14.090188858102355
10178,4253.05157515798,209.73074072504772,2.0,14.089600822073454
10179,5984.481303839805,5745.314705356034,2.0,14.08853244293115
10180,7508.284381454876,1830.1679128741632,2.0,14.088489669414809
10181,615.966717869965,3709.807093113524,2.0,14.0844558184525
10182,3337.416427800189,1631.170979311047,2.0,14.082352061387292
10183,5920.004518929469,2815.397758975168,2.0,14.082130540238193
10184,407.5193182900017,2249.175923937113,2.0,14.081242661516617
10185,5519.039579836951,2131.468942490696,2.0,14.077682692543977
10186,8009.161922698341,925.3438393375297,2.0,14.07756861218471
10187,4398.234360903089,3774.163511057958,2.0,14.075899521257902
10188,6119.099109728286,5489.209591498332,2.0,14.075870400863396
10189,2450.016937617478,1715.5291975126363,2.0,14.075839921406839
10190,5016.557795068964,238.9289025772024,2.0,14.07415088479205
10191,3227.90504052875,4925.471362329206,2.0,14.073927603420772
10192,8342.974027860777,4944.314070611556,2.0,14.072520330025004
10193,7665.064962440193,5427.530463463241,2.0,14.069686090875017
10194,5142.049619487928,4623.521291620637,2.0,14.069374819676504
10195,2036.368322353129,2899.9247942864044,2.0,14.068024761228836
10196,1212.560898052447,3929.782165393754,2.0,14.066289260906505
10197,8538.284690936829,351.344177688604,2.0,14.065558432551168
10198,67.29483579921117,5993.960801085192,2.0,14.06083004293478
10199,2122.9793526329145,2509.553486420705,2.0,14.060505439448715
10200,237.96444273737495,1765.3442437968747,2.0,14.059857043391727
10201,3100.988096912617,5953.435140780895,2.0,14.057186469554521
10202,5087.780486164364,2412.8141328337624,2.0,14.057015390968486
10203,607.2486480944173,2100.0884126344304,2.0,14.05675491971643
10204,916.7988473021113,2051.3958500357203,2.0,14.056117149426063
10205,7197.993109134834,381.2949670136022,2.0,14.052008327693102
10206,1306.6793766006033,5537.043723556344,2.0,14.051660622273051
10207,9530.0474265531,349.3834194356267,2.0,14.051177972983679
10208,7874.190170617952,1065.4782474986962,2.0,14.050931105830916
10209,1425.4766429710942,5675.233057540818,2.0,14.049738186995885
10210,300.2931695803042,264.1301709163787,2.0,14.04962876143941
10211,7465.056199394073,117.74691646829888,2.0,14.048973516350632
10212,6595.915527434814,6077.373147002723,2.0,14.046899893898926
10213,2717.1757702184013,629.3722561652097,2.0,14.046533527362064
10214,843.9701780454906,6079.328788327212,2.0,14.045556641984952
10215,2626.0574179527966,1601.4239575842457,2.0,14.044234730807917
10216,4224.451585304277,5438.053837906818,2.0,14.040596346340546
10217,9171.936911586752,5011.396944517297,2.0,14.0387800124329
10218,1655.7734350126225,6285.506684321338,2.0,14.038126133336641
10219,874.3262204370036,4984.124151199078,2.0,14.037890255393988
10220,869.48107861289,3915.7177378402084,2.0,14.03590119917376
10221,222.1154355774269,1341.3340200086418,2.0,14.033988610401485
10222,8294.642302671606,3624.009662774536,2.0,14.032538396048375
10223,7155.5003673922,3359.0601452183537,2.0,14.031343566180785
10224,250.2798853551136,19.080447049171354,2.0,14.030960649125586
10225,1257.0049177192554,5073.467986548208,2.0,14.030223076492849
10226,8031.0279810917,367.56850408555624,2.0,14.029586880374959
10227,1977.4388567792962,5353.740633138026,2.0,14.02755638507836
10228,510.73611501781613,833.1417171287047,2.0,14.027118841748065
10229,3699.58273567497,5975.077940038129,2.0,14.024249761059073
10230,3796.0070415421133,2071.3477555085956,2.0,14.023776138749609
10231,571.8685400743187,1823.478969712893,2.0,14.023567061327112
10232,1583.5846164153252,2838.9686398023478,2.0,14.022885250415914
10233,6718.285391496154,3147.6614672302894,2.0,14.015118949821705
10234,5930.879750980196,1749.2547891829386,2.0,14.01476176959105
10235,3712.1713185183644,755.1216707738134,2.0,14.013967968740099
10236,5248.631913646331,2181.8512430575593,2.0,14.013844577760484
10237,8075.577519008248,1261.0921533173787,2.0,14.012408679533413
10238,7534.3874845951805,396.9578496566295,2.0,14.010663433709809
10239,7338.477470193642,1209.2222751615038,2.0,14.010628370783897
10240,7396.505807560915,158.9127667714328,2.0,14.010523276406708
10241,9491.411619399054,3855.6937465071665,2.0,14.009273666079075
10242,208.00437820489137,4815.544919039344,2.0,14.008938942257402
10243,8726.209159069633,585.5011153233767,2.0,14.008354276081155
10244,3970.5618750841722,3919.3522433555263,2.0,14.00813876628082
10245,611.4844533802194,6140.946349174324,2.0,14.007253060550246
10246,5990.0031184926875,2665.706486575752,2.0,14.005933858993652
10247,9184.855458301243,1047.3865619987084,2.0,14.005235989537665
10248,6902.573563298733,2542.81551220813,2.0,14.005008819371284
10249,3537.374771115681,3780.9938526906444,2.0,14.004151396297
10250,7169.9903220296865,6281.289629124369,2.0,14.002812151438015
10251,2048.3279955572375,3836.992639442071,2.0,14.00013494540917
10252,3687.480991111185,1055.140914521868,2.0,14.000099800733247
10253,9018.61156538141,5216.009004476777,2.0,13.996760712859489
10254,3785.5296245420395,5337.123400324364,2.0,13.993774567897079
10255,3931.9574281908995,2757.541640982447,2.0,13.99297347217518
10256,2027.4551628770039,3900.999917469977,2.0,13.990326825997776
10257,1158.4047612260892,3145.1379871775025,2.0,13.989974147352985
10258,3197.9228435798445,4109.449941155234,2.0,13.989021983022127
10259,7988.622345805493,1671.6855013889851,2.0,13.988757999785165
10260,7865.992046016461,2813.41363365387,2.0,13.985935206616434
10261,6152.826392563773,3093.468635866754,2.0,13.985123465406433
10262,9243.378646178808,3821.993881742689,2.0,13.985060487586896
10263,5220.440247103853,2124.039315504533,2.0,13.983609792419166
10264,5164.360331468754,77.874956782146,2.0,13.97980470797189
10265,8163.921471349568,4759.180215541832,2.0,13.97766975364748
10266,2903.517156360368,2643.001724322312,2.0,13.976372615882482
10267,3002.128653294132,1837.5851619315083,2.0,13.975774096372575
10268,5846.782636273247,3545.8500282657888,2.0,13.974513670822196
10269,6402.486888337202,1347.0412961324414,2.0,13.97402997909891
10270,170.62307540598675,6280.308607938931,2.0,13.973374671762446
10271,89.47920706903594,5098.779881845657,2.0,13.972483930287211
10272,5590.238590923938,787.1412884898432,2.0,13.971905919836129
10273,9278.41272796455,5382.090065002183,2.0,13.971728501630286
10274,6170.043032687837,2303.536719495917,2.0,13.971163312117584
10275,3424.9290003989568,63.713311687620475,2.0,13.970717384423573
10276,3956.50776202612,4813.061828382447,2.0,13.969580802495711
10277,1794.310432608495,118.87723049988618,2.0,13.969383258832737
10278,4821.088789990759,1267.5041143263618,2.0,13.96813427083217
10279,5313.222591974051,6337.194777396984,2.0,13.96650884185137
10280,6559.311101570115,2313.0133630769833,2.0,13.966300059581341
10281,2336.6930101866074,5057.9068803400305,2.0,13.964077441266477
10282,6036.477247589206,1365.0144752145939,2.0,13.963487705551527
10283,1844.225695896165,451.38367033949106,2.0,13.960829912253633
10284,5926.391779656152,46.898316425737,2.0,13.96058595700985
10285,7517.5590740957405,2802.9214029014665,2.0,13.95565879018199
10286,8541.50659552243,5279.980746318521,2.0,13.951038252316723
10287,8040.494842176496,3385.9834832040688,2.0,13.950108985242322
10288,262.827929632907,2191.418254934967,2.0,13.948418652694121
10289,6107.153291879513,6351.252230459039,2.0,13.945999264313686
10290,3188.0170649803217,3968.0521084066345,2.0,13.944839247178926
10291,3933.604107022647,4450.8160643812525,2.0,13.944393542685763
10292,8132.960957485563,2747.779745943496,2.0,13.94416047885707
10293,4709.606509645536,1715.0268057457706,2.0,13.941826756060053
10294,7307.992185435601,1323.112314850759,2.0,13.941104208649985
10295,8000.663499126087,1978.9920710217575,2.0,13.940116835005757
10296,4237.552064616389,6358.96559774176,2.0,13.939877913735184
10297,5508.968686273399,1927.4430093244187,2.0,13.936641443021708
10298,5106.395889102494,3154.1638050176775,2.0,13.935355270888829
10299,3186.638581110514,498.13595988358566,2.0,13.933422183962406
10300,8300.0640350597,3769.5695642483247,2.0,13.933085447835632
10301,4650.903964791488,1475.5823223947268,2.0,13.931013970682882
10302,3212.5850287430535,315.0780971808238,2.0,13.930145353864372
10303,4812.059867586828,5107.264577182265,2.0,13.928929197745703
10304,3927.147549275467,6301.633469769736,2.0,13.92609949516987
10305,2042.1201927321313,4835.746426545043,2.0,13.925336764805248
10306,4744.730955597432,2718.9415751918505,2.0,13.924109240842238
10307,4233.129119707977,4173.54708689764,2.0,13.923258019278075
10308,855.3652300042914,487.81672465914266,2.0,13.92277263302995
10309,8868.447912688225,1976.9386054503127,2.0,13.922288332274809
10310,6478.990383522257,3811.2343787412537,2.0,13.921566046803607
10311,5684.815649471142,3485.732909486533,2.0,13.92042540265923
10312,7435.466854203384,5554.978974386284,2.0,13.919569003406941
10313,164.0003175488517,4301.534208183255,2.0,13.918937024040009
10314,9063.847976704012,3017.715154551345,2.0,13.914718814883393
10315,638.2029070648496,5567.546312478811,2.0,13.91088216127943
10316,590.5352998629928,4674.866873774483,2.0,13.90992422887325
10317,4478.36447872644,13.055877504024428,2.0,13.909569102379134
10318,9142.92905473533,3947.385538741469,2.0,13.90377960267247
10319,7605.2422245510725,3895.521151149319,2.0,13.898511608666398
10320,3015.701135583986,4913.814681721722,2.0,13.897880630714518
10321,3833.915046652718,4841.6464424044825,2.0,13.897783662429603
10322,1625.1757439422659,4091.2404797567406,2.0,13.897500696475081
10323,4458.43218980378,1171.0622125944606,2.0,13.893092650833946
10324,6083.903100142856,6363.104942063407,2.0,13.892724456419216
10325,5502.900817664685,5593.533087364704,2.0,13.89189920963382
10326,5723.524743124216,6277.130785095732,2.0,13.890900031344346
10327,9110.387249265017,4384.938184078422,2.0,13.889901832787205
10328,4523.637475812159,1857.7799416685446,2.0,13.889219043093448
10329,8248.4274068623,4598.967871498893,2.0,13.887319161881107
10330,6648.459877172219,3511.2657779407673,2.0,13.88619192657166
10331,2566.0649227558756,4775.322245112375,2.0,13.886155080056945
10332,5249.394468615419,4158.853348071558,2.0,13.885723764104604
10333,5235.985603686486,1123.634153893732,2.0,13.8855165627092
10334,3351.5021627581236,1756.8247044205891,2.0,13.880495292031235
10335,5133.970936965239,1079.2265904956885,2.0,13.878418408441178
10336,96.4008447130296,2480.000851539355,2.0,13.877560827225388
10337,504.4631864205452,4396.880620092923,2.0,13.874886778146232
10338,1556.041172366022,3595.5657447614203,2.0,13.873772635684137
10339,432.1028399354003,3673.5076433686845,2.0,13.871232160239684
10340,7988.5352698817405,5337.338193312955,2.0,13.869948477999225
10341,5973.291161041608,930.9720764130353,2.0,13.869686759196016
10342,207.29247846345098,3147.1445783825548,2.0,13.869517965168317
10343,6586.552578448842,551.8320064797779,2.0,13.868406495131005
10344,3823.6160281768844,3127.2500017392094,2.0,13.867951087887025
10345,1972.0048103537824,2629.432728011509,2.0,13.864739070866673
10346,261.0497337216374,3581.724816572038,2.0,13.864418621084468
10347,3486.4657327671025,3434.9813796379044,2.0,13.862875912996596
10348,3542.175107052963,6259.4511096454235,2.0,13.860670590228779
10349,1841.3659800073908,103.49661235791461,2.0,13.860278774197585
10350,2666.0841755197475,1297.548997766875,2.0,13.859748388394713
10351,7598.349310419175,6330.998368795442,2.0,13.858113970375094
10352,8810.642375542806,3080.867924162054,2.0,13.856515114151485
10353,1978.8282312075642,2061.4828685502084,2.0,13.856169690597596
10354,501.53951998079344,2954.8155247404598,2.0,13.855531389525252
10355,4269.107984335241,527.765897988767,2.0,13.854132476654705
10356,7930.46583963644,2772.0670731090922,2.0,13.853341016305103
10357,1181.249316466642,4502.7436423228255,2.0,13.852530707019259
10358,4685.467464985804,5082.037504303483,2.0,13.85175001019525
10359,4022.327048854084,3093.028047653584,2.0,13.850826960025081
10360,7642.672199273747,4351.94120090065,2.0,13.848952942930143
10361,8935.011648277967,1215.7194853185076,2.0,13.848941280133868
10362,9369.765883177917,4416.376328503625,2.0,13.847904106446594
10363,4522.985345488348,1401.7322072795941,2.0,13.845251631598469
10364,3015.410823241922,3839.9895046472616,2.0,13.844322043301668
10365,1397.5446259018154,5479.894864890249,2.0,13.842117201536619
10366,8238.039021174323,3637.5307327129813,2.0,13.840560460516468
10367,7954.9291299707975,2609.455958782197,2.0,13.840466456948679
10368,5841.4307397966995,203.77934494098974,2.0,13.840359929935902
10369,7104.1803045004635,3375.5297831749153,2.0,13.840185300154728
10370,7298.386336525341,3072.0047573128404,2.0,13.83984230034035
10371,3019.4100349578125,2080.0746953891885,2.0,13.838673171367647
10372,5356.582893724002,5052.890215954241,2.0,13.838010081032783
10373,6362.076397636938,5947.3815425704,2.0,13.837492836696036
10374,5910.843366226364,4227.675118636988,2.0,13.837467369202024
10375,4127.364727415623,5959.113863964074,2.0,13.837221038892798
10376,7033.341356978473,2558.020259735239,2.0,13.832286340529294
10377,576.5112594606267,4609.906100837895,2.0,13.83085042306571
10378,6151.624174838831,3026.088279772422,2.0,13.829580292482227
10379,5725.029058231215,2487.77712424417,2.0,13.828339223856126
10380,4168.088624944102,5816.310386939386,2.0,13.828113744534454
10381,833.1655071296802,2211.4510468763006,2.0,13.82764861308204
10382,4003.379786580831,5288.888363583433,2.0,13.826696536453907
10383,2016.2751676905461,2048.7478010169984,2.0,13.824307776834392
10384,3783.305636045047,2913.0147236310695,2.0,13.82020413271302
10385,460.74612342913895,1511.7567879922872,2.0,13.819745515760527
10386,3484.1419419452704,4049.7097698033936,2.0,13.819032785204612
10387,637.9119484969917,5993.272906704325,2.0,13.817464260227107
10388,3856.4452527505687,2629.186552463241,2.0,13.81232139917647
10389,9101.019056043537,4759.527993184929,2.0,13.812310933213737
10390,4963.6102637688655,3674.1383504824353,2.0,13.809542669538429
10391,1762.23962449474,3327.01407775464,2.0,13.808780433852343
10392,3964.905901447306,2051.3434934536454,2.0,13.80572193612965
10393,6203.947012355923,4819.640589289459,2.0,13.805234720197593
10394,3569.409772859197,781.0608260285397,2.0,13.804010820488188
10395,696.1508221734409,5531.50243213194,2.0,13.80229416267477
10396,2121.111496512803,2857.431192151353,2.0,13.80226612752533
10397,3117.0727610121476,1601.4584714124699,2.0,13.799900027499733
10398,6748.526924987891,6206.047116496526,2.0,13.79898872079145
10399,3748.5624259406677,5995.0671617186,2.0,13.798277144858218
10400,6691.012059554382,2163.8053798498454,2.0,13.796393194656018
10401,6965.536398876172,919.0695608935573,2.0,13.795497577878285
10402,3834.9700627368397,3051.465216741852,2.0,13.795105734234255
10403,7241.453877502484,6379.0070107352685,2.0,13.794251619052412
10404,2123.974197824751,989.7044972649485,2.0,13.793863066876122
10405,4737.88517506925,4163.375140991157,2.0,13.792941294756071
10406,2201.4458303185374,6051.984474119441,2.0,13.792855887294117
10407,3498.9900049292814,4785.356603003758,2.0,13.791510209787086
10408,1389.8393562619806,319.123599533306,2.0,13.787111187765769
10409,4847.742697010426,217.46007002819618,2.0,13.784751275440515
10410,1708.6721613743393,4221.95078743045,2.0,13.784200427439405
10411,7056.974000849288,407.44333068718146,2.0,13.783975501898286
10412,3035.9934679254047,5307.6877859293,2.0,13.783137685560035
10413,2405.2304744899184,660.5745451863016,2.0,13.782619402213893
10414,2972.0824152659065,4333.6544062353505,2.0,13.779198217085659
10415,285.80822536962603,3441.576099483898,2.0,13.778804873642923
10416,7360.887765549176,405.2233799144771,2.0,13.778637704762538
10417,7272.926697364182,1589.356616682374,2.0,13.77569123710558
10418,4190.956020015088,657.414823467826,2.0,13.775428663626355
10419,7629.4367063584,3819.1385724315082,2.0,13.77533910270628
10420,6502.161536809511,5937.644301874829,2.0,13.775308362066738
10421,7457.429780786394,3461.021245491569,2.0,13.775062393807541
10422,1070.652213545472,2826.945904418231,2.0,13.774979204435645
10423,7216.20296417618,4407.041261014835,2.0,13.773189305869199
10424,1949.9345819777084,4023.315439661045,2.0,13.772262840109779
10425,7627.597010576054,5781.980050678813,2.0,13.770292147260037
10426,9438.461005465559,5732.132484932466,2.0,13.769918728187303
10427,3465.286705367709,5301.655500897195,2.0,13.76901194914408
10428,1480.5215371652985,1745.876210791658,2.0,13.764185966231947
10429,2090.5118546906942,1220.9321711773275,2.0,13.763663830947815
10430,3921.8984707803866,2663.3163461068816,2.0,13.76362526503656
10431,2692.492778747677,1574.9598544153605,2.0,13.761995930439362
10432,526.1072551702557,5623.246237697949,2.0,13.760914384212672
10433,538.3975602773734,4200.912447280497,2.0,13.760403960466677
10434,2299.949974771789,2125.529056274423,2.0,13.757254963018386
10435,4744.474399391968,3854.1687052308293,2.0,13.757244706584656
10436,439.8694421384889,5395.703440592756,2.0,13.757103488080368
10437,7075.686181680711,4197.55708270936,2.0,13.756968301087992
10438,8431.238878096836,1709.0582030086484,2.0,13.755827654070863
10439,4047.978776863258,1509.4499201774393,2.0,13.751415685946839
10440,381.46861406162316,3486.959893196743,2.0,13.751211857971507
10441,3352.910564525735,2639.2102613717816,2.0,13.750292444172217
10442,8582.298786850226,941.8776060947578,2.0,13.748292403136467
10443,7999.487914590506,4456.8997108374615,2.0,13.746025844071303
10444,3779.011945369803,4831.541592876608,2.0,13.745285584168814
10445,4116.954774231896,5185.465095101006,2.0,13.743379481464032
10446,4255.100944587519,5203.305853365766,2.0,13.742955629541088
10447,1212.4213217922427,6053.754775620588,2.0,13.742538196062988
10448,4162.8397681226625,1989.743019936893,2.0,13.740787428967039
10449,7345.055775917237,1581.6420357398079,2.0,13.740603531111693
10450,3071.6900209936525,5269.033664693711,2.0,13.738885447188663
10451,5680.603526460528,6261.039469440047,2.0,13.738755580801868
10452,8739.503903189763,2759.785484125287,2.0,13.738427819638892
10453,7685.839641619245,4705.490534598333,2.0,13.73828311873389
10454,3990.400937769392,2285.0988969925575,2.0,13.73728051878004
10455,3184.1075647976204,4083.4746862468946,2.0,13.735331062098467
10456,1861.2415734144959,5279.639815340668,2.0,13.735083778088555
10457,8196.325182570436,4539.978143373964,2.0,13.73501218930831
10458,9005.448460531768,5901.134450991858,2.0,13.728852230781387
10459,7438.533231627337,5662.938372110793,2.0,13.725600694415572
10460,6538.222067825862,5825.136048862576,2.0,13.722527777003252
10461,37.873569751642876,959.6503042769832,2.0,13.721751046650954
10462,1450.463526771786,4897.116557314843,2.0,13.721617059184029
10463,319.4239464005321,2748.750490301792,2.0,13.721303917889587
10464,6382.489175401101,4007.7725928331015,2.0,13.717616898315958
10465,706.6882060329216,2626.9322362203407,2.0,13.717097463142613
10466,7781.116768170289,5105.417199246657,2.0,13.71669360882617
10467,3850.275542239133,2920.010886479336,2.0,13.715943097818329
10468,5276.648805412865,311.96506174444045,2.0,13.714930793255146
10469,9396.354911763836,5040.931343175996,2.0,13.713500023139986
10470,3480.0891742480976,5781.302863921582,2.0,13.707005907670583
10471,2868.9479192220615,6117.532018438825,2.0,13.705145507472047
10472,8743.059912206092,2179.3166376154145,2.0,13.700796022386394
10473,3840.8908368230873,2419.555510129359,2.0,13.700769457350251
10474,9253.048275742653,105.29346690822774,2.0,13.699507098211765
10475,742.3686245961043,3331.045902063457,2.0,13.698957705203942
10476,7448.124063919353,5424.219987946977,2.0,13.698643131961031
10477,4450.512994211915,5591.944122558052,2.0,13.696800767320955
10478,4040.5840170171223,924.9420453116242,2.0,13.694087576756003
10479,5831.032030033102,3081.457357744068,2.0,13.68842820884907
10480,5395.995818510635,181.66544228407923,2.0,13.688149483395485
10481,7320.639126290094,5787.926526620499,2.0,13.687811572396566
10482,1393.2498757219128,5237.388353673011,2.0,13.686217817393517
10483,6032.065949397491,2763.712339146777,2.0,13.683902763719026
10484,3323.649449749784,960.9359486472299,2.0,13.682888437188561
10485,8146.3067605132555,2815.5192713476704,2.0,13.681347102157861
10486,8759.94526217468,6136.497824458141,2.0,13.6802057397653
10487,6529.060938488511,4927.376787801034,2.0,13.676067287445019
10488,6995.89087695411,4247.536761542394,2.0,13.675297261500697
10489,9256.97810691622,3089.4837873351016,2.0,13.673326634987676
10490,9444.212974428056,4649.777906411,2.0,13.669635834748542
10491,4419.201712096914,3929.6049975482633,2.0,13.669031785893608
10492,3119.50573056894,2958.9929952783164,2.0,13.666853658122738
10493,2472.6199685569354,855.0714526690044,2.0,13.66674382205057
10494,4551.109549769576,473.32617793185966,2.0,13.66671664731476
10495,6942.305037625812,4058.979452311263,2.0,13.664703312113188
10496,3772.1255732584727,5985.669457400604,2.0,13.661577440853845
10497,3651.6362462885286,2989.878714057297,2.0,13.660994335818442
10498,8103.442064708582,6255.001103083649,2.0,13.658882650957558
10499,3715.5123176784227,2521.0102167728282,2.0,13.658846152068204
10500,3812.5594692074505,4102.750120347186,2.0,13.655588920985428
10501,7371.688324172512,6198.700373433157,2.0,13.651569503527112
10502,3589.573964679513,5018.074080927149,2.0,13.650650581417406
10503,583.8825296883388,2453.3078408553756,2.0,13.650527611217209
10504,7137.585109645741,4993.049402546903,2.0,13.649755568716321
10505,4339.860530239874,3981.2845374519648,2.0,13.64908304376081
10506,7369.287621696621,5012.924239768721,2.0,13.646639371903111
10507,4594.163964617909,4563.496932352889,2.0,13.646577225346661
10508,6311.341648312124,4690.907143402274,2.0,13.645301387433006
10509,3547.38370980644,1729.1473959783311,2.0,13.643828035272296
10510,4279.366835914685,1449.9912852548764,2.0,13.64321829660992
10511,7322.59312913814,178.99421852557282,2.0,13.643213058542576
10512,9447.412702876154,4847.011610666239,2.0,13.643117461269096
10513,5546.362453517659,3469.041795331914,2.0,13.6418763779684
10514,1152.198751446578,2287.756323042972,2.0,13.640218236798383
10515,6012.0967021355345,1607.4834939156924,2.0,13.63509388346556
10516,7909.242380090297,5775.64678898116,2.0,13.633585479707993
10517,3177.5484064547345,3107.2004963586164,2.0,13.633266428622537
10518,4526.389931788613,5134.074181448692,2.0,13.632776173225247
10519,650.507968314768,1772.175655245638,2.0,13.632751699107242
10520,6719.363401669887,2726.9321826827354,2.0,13.632618507408807
10521,4661.510949556264,3782.1344606044036,2.0,13.63176789086575
10522,2468.3217267479326,1427.0628725509173,2.0,13.630571661804035
10523,3230.4007705757303,4721.972063865961,2.0,13.62852042650444
10524,9377.986309846568,5961.586293096664,2.0,13.628283580355367
10525,8707.553343684853,1046.7535184762291,2.0,13.627201421674034
10526,7077.116663701752,5779.576235600766,2.0,13.626001052468093
10527,8574.097936419239,3547.4878192021697,2.0,13.625899308529185
10528,7475.921297056885,4237.390449376848,2.0,13.625479870233871
10529,9536.53222618627,5463.893658054864,2.0,13.624141973842914
10530,4531.94554394455,877.4260205854059,2.0,13.623775566912167
10531,7178.97413193881,3081.568155259163,2.0,13.61934833115192
10532,1861.9095456762304,2991.3927919952557,2.0,13.618863637367346
10533,6371.166996440935,1523.54759435069,2.0,13.617532312209198
10534,609.0898398957914,6315.38283786781,2.0,13.617436802739588
10535,7424.921525378065,5889.301564372244,2.0,13.615048749063089
10536,4740.099501933743,3617.427944805957,2.0,13.612746547240478
10537,8113.335443031255,1036.8193452890666,2.0,13.61238689227107
10538,690.2059617828273,5183.374918001908,2.0,13.610230969415479
10539,4932.454883539379,5196.750503413209,2.0,13.609198101077363
10540,1170.7778019116581,2703.199281693735,2.0,13.608088800766671
10541,7298.576893858836,90.98971426279488,2.0,13.606454523090918
10542,566.6014902396496,4858.974644912436,2.0,13.603534367337426
10543,2715.681648080635,5253.068663737092,2.0,13.602900201531575
10544,3464.21895649782,5938.953282621147,2.0,13.601853154760951
10545,7314.689106077386,147.87335430727958,2.0,13.601013523783203
10546,2319.0738974405513,4205.58392459944,2.0,13.600471423160197
10547,5637.610222924054,3569.8708008287936,2.0,13.59956191539712
10548,3806.05532377812,1583.5197482324095,2.0,13.598423372437304
10549,8643.53733549433,3746.124405018543,2.0,13.59787412379713
10550,979.562522079545,1135.827749567112,2.0,13.596451502848216
10551,4394.222725052421,5866.092443076318,2.0,13.59613580425392
10552,3309.4888777207525,4972.88605147079,2.0,13.59592854190185
10553,9455.66178506397,1294.9870472517175,2.0,13.595812956322018
10554,475.569305916308,1120.8765281377123,2.0,13.595267452755163
10555,2568.06768654906,405.9257069093563,2.0,13.593776360034681
10556,4879.618472978384,2495.20060493574,2.0,13.592629672652862
10557,7587.198491814871,195.32705398829233,2.0,13.591979662391035
10558,6024.985037150692,3331.581550590911,2.0,13.589537670219826
10559,1958.6857415535985,4613.394562416522,2.0,13.588766306402484
10560,8907.732331367586,853.1467313951996,2.0,13.588231019650161
10561,6804.566846517276,321.01411994587414,2.0,13.58610046432789
10562,8331.00773575902,3801.38478153813,2.0,13.584786247429252
10563,1961.3092372732708,114.11147906355242,2.0,13.583742955142979
10564,6650.4866533712675,407.9791821328761,2.0,13.583475380414528
10565,848.3712626354752,4789.964899520431,2.0,13.582587659152455
10566,3143.1778929402867,6255.193762561569,2.0,13.582348815426109
10567,7251.392652953668,2702.046663686188,2.0,13.581771026152506
10568,5581.091779651412,3463.431989410264,2.0,13.581000150215356
10569,6347.278778048211,2043.9247875178046,2.0,13.580564463380227
10570,9219.165342954839,1238.8881682167316,2.0,13.57770393528337
10571,4778.459826516774,1002.3022746339225,2.0,13.57748023540895
10572,9125.543842637198,5312.886813168598,2.0,13.575813903681393
10573,1135.6490517159655,4978.139047267715,2.0,13.572058928959441
10574,2080.2569825691476,1906.1577169768655,2.0,13.571106167185258
10575,241.52443688494725,5690.871336787658,2.0,13.568719596146948
10576,4716.1357188361535,5563.478777506632,2.0,13.567160789732098
10577,7573.140733300247,5227.430209238754,2.0,13.56561015980129
10578,4439.79894088238,431.3548092148884,2.0,13.56451318999826
10579,2636.9349332697225,3451.4400666514152,2.0,13.564388470414281
10580,9128.474641265153,906.0238923098575,2.0,13.563918258994201
10581,6106.693253419204,2948.973408757547,2.0,13.562234296080794
10582,448.33713030212135,3605.1061053765857,2.0,13.560940993696228
10583,9400.919982055526,1533.4249962759088,2.0,13.558598558410752
10584,7830.656031020293,4213.889738210014,2.0,13.555111800765157
10585,3351.268130641912,989.8922103557276,2.0,13.554930919321505
10586,3718.0,6255.373858362753,2.0,13.554638401546123
10587,7474.597733139664,642.8175249923019,2.0,13.55443814599499
10588,6243.269868846134,2986.995002069054,2.0,13.554388709492482
10589,5151.938166752771,4304.485064293911,2.0,13.553664289375767
10590,4314.418881063929,4578.942879426731,2.0,13.55321925742973
10591,3256.2328599242965,1243.1305736937054,2.0,13.553178608208775
10592,9326.583695561227,788.884863767608,2.0,13.55274130938864
10593,3700.714550044567,954.0202407999831,2.0,13.552240079403004
10594,4986.516007867585,5556.8367947188335,2.0,13.550298972552383
10595,7342.107650431273,3583.464955641545,2.0,13.549786642469963
10596,900.9177989283845,5809.468225273556,2.0,13.548690565787409
10597,1300.0087763451581,4843.384277814855,2.0,13.547711318410217
10598,9220.672932035093,3069.8956845047564,2.0,13.547164337167354
10599,481.71779739824433,6353.110956130102,2.0,13.5465422356289
10600,3273.314375956133,2383.1271797514014,2.0,13.544617718416337
10601,2009.6499970422262,2900.210214679326,2.0,13.5428070100502
10602,4235.408795137771,2686.9570562531917,2.0,13.542291872178513
10603,3647.6314649683695,58.77167196847989,2.0,13.541151478996534
10604,6792.094807726518,5783.623539871407,2.0,13.53943484703738
10605,7476.559531302103,1877.1702507630907,2.0,13.538844655769866
10606,1437.595102941234,2562.8946622263725,2.0,13.537742395175766
10607,5428.484972397673,4305.959817995695,2.0,13.537279092827083
10608,2725.2901827076375,1481.1327008441149,2.0,13.537124923577082
10609,8060.681319420389,3592.1376333014096,2.0,13.536274445562087
10610,3815.524137812627,942.8928672188108,2.0,13.536223883323187
10611,6264.483675831668,4181.957032174298,2.0,13.534826389164976
10612,1515.0835120190377,3293.5375801948608,2.0,13.533937602294081
10613,3359.418351647743,317.9663123251941,2.0,13.532921326945955
10614,6204.012267467793,2701.565459199827,2.0,13.53287820046741
10615,2568.330823283638,3637.019806729569,2.0,13.532603325284072
10616,6141.963792331267,5123.401291188646,2.0,13.531752185248433
10617,8193.266614823879,6125.682449900205,2.0,13.53156763355195
10618,2340.4477095257403,3892.0328685303866,2.0,13.530896713378185
10619,6207.140904085705,561.5609034216369,2.0,13.530079325173633
10620,8866.13738711115,5321.345030687354,2.0,13.529823684717298
10621,7243.228806937308,5471.39941718773,2.0,13.529325311325648
10622,807.4895360857154,1369.0344580500082,2.0,13.527928287078987
10623,4147.163771543374,6009.514483212281,2.0,13.526878934965069
10624,2889.802215167908,5509.6763080147175,2.0,13.526238714801028
10625,3650.952195530661,1081.5437484217698,2.0,13.525976297047146
10626,2484.481539268785,6079.815645109793,2.0,13.524704061097944
10627,7520.923228234465,4363.542470801805,2.0,13.52295373937455
10628,8988.365861988403,1192.8637307269234,2.0,13.521379870238299
10629,9514.961213066203,5841.88619236829,2.0,13.521379798487104
10630,5016.6038969070205,5999.962345584231,2.0,13.520477554567174
10631,9210.326570966123,1030.0855936521796,2.0,13.520205717814486
10632,1546.4047484918976,4078.25303858762,2.0,13.51900104063974
10633,5110.55868005295,4993.109929785747,2.0,13.518139712896092
10634,6518.852889740434,4721.4860657161025,2.0,13.516009827175079
10635,3492.858850087887,3755.735680447848,2.0,13.51546959617886
10636,6434.381757594445,134.85932229226214,2.0,13.510468858195585
10637,4563.335829428564,1092.140698877532,2.0,13.50776980500737
10638,4642.121790836284,2741.4840014636466,2.0,13.505260761863907
10639,2109.9623425584814,2769.342059769625,2.0,13.504125540797686
10640,1127.344038699772,5051.08963910302,2.0,13.50229017988022
10641,9292.994274199706,6239.444445576577,2.0,13.501585394913885
10642,5153.290203554503,1522.9263638257144,2.0,13.499598744901997
10643,892.200591178074,65.32668927226722,2.0,13.499392881471083
10644,8377.91937602307,5053.493938272197,2.0,13.498635302869658
10645,1339.5552153452254,3581.0493062760074,2.0,13.496901192409295
10646,3647.255753240568,3290.9440386816987,2.0,13.495014744352845
10647,2264.6623382991675,2445.0402417551127,2.0,13.493053248467154
10648,2510.6429770853943,849.0986400369571,2.0,13.492475877127982
10649,6664.468682794335,2638.8708942422227,2.0,13.490057243340322
10650,8785.998595126732,2007.5865332441363,2.0,13.489728964549144
10651,1176.147560856456,4199.534082325508,2.0,13.488494400214204
10652,2384.5237635401104,3420.817510529054,2.0,13.487671963371701
10653,706.8706595360677,3289.217583117603,2.0,13.484850040989082
10654,3998.6915294959144,5311.403594338139,2.0,13.479592979840598
10655,1440.3040903883298,3103.9905316357986,2.0,13.47832020278327
10656,7344.126203130211,4369.180808405237,2.0,13.477078779590826
10657,2788.4857915313905,5251.026937034306,2.0,13.476297371834178
10658,5755.39341957159,133.76828812575164,2.0,13.4752874529245
10659,6541.264438390234,5692.797767043022,2.0,13.475036671659755
10660,2602.117839959059,1139.4169658704532,2.0,13.474305095620924
10661,6549.443366752649,4641.2462115388025,2.0,13.473802538700342
10662,4108.39045589358,4220.93403199256,2.0,13.470559759224903
10663,6582.3957589554375,1248.9877130671066,2.0,13.469053079167987
10664,8847.376551618749,6242.039338873796,2.0,13.46692530245652
10665,3058.527620769677,5777.937903647557,2.0,13.463238984615538
10666,8722.533793761375,1396.8734320626413,2.0,13.462781220740917
10667,3149.046648936906,3539.302893447574,2.0,13.460640063219039
10668,435.48092211565915,4831.031133759191,2.0,13.459684586887114
10669,6893.477746801218,5208.787018029095,2.0,13.4575706528795
10670,4527.087996977765,449.5287624330203,2.0,13.456512301855119
10671,8170.523736558353,2704.096391732473,2.0,13.45537360938496
10672,8391.15552991126,5697.3347837540605,2.0,13.455253298316006
10673,1274.4521246673448,5467.080857883213,2.0,13.45268593396996
10674,108.48262872921602,2669.13106757261,2.0,13.451360706459406
10675,882.589970163627,6245.810979854227,2.0,13.451328735601681
10676,5523.094352854973,4429.54220667151,2.0,13.45087644445514
10677,4090.3126234500387,48.84173842201039,2.0,13.450669600926226
10678,4676.965902750998,4833.33217560088,2.0,13.449878874720904
10679,6888.246819183901,5367.565683039936,2.0,13.449261259067578
10680,1481.626272893774,623.0018054461799,2.0,13.44840287445073
10681,5302.515138620693,2020.896280931508,2.0,13.448181698894842
10682,4212.558340352233,920.9649285952852,2.0,13.44759370159962
10683,4206.567437517962,4563.081689460144,2.0,13.446501570583692
10684,9013.550206426922,1376.0162478162526,2.0,13.440640908756095
10685,629.22923021111,5343.862078095437,2.0,13.43830095472246
10686,1592.2786131060825,1605.037474071805,2.0,13.435233571037461
10687,9538.507962311542,4313.083193157954,2.0,13.434564904108672
10688,568.998513472024,6137.6661213635825,2.0,13.434397192087829
10689,3732.330463438617,5813.165382455379,2.0,13.432619751233396
10690,9297.595946449814,6151.046547528777,2.0,13.430831100562681
10691,6802.339043519984,5317.2353703629005,2.0,13.430439170770914
10692,2634.4612174698204,4459.01342658471,2.0,13.425647415038751
10693,1390.321077107871,33.08658355947198,2.0,13.424764289361878
10694,8260.403080660994,2176.0666031681735,2.0,13.424168473336374
10695,8438.79570036268,2891.636802893828,2.0,13.422629766242142
10696,453.2878389716912,5970.909818366956,2.0,13.422359029741557
10697,6641.794584991455,551.4825081596866,2.0,13.4201670243119
10698,5370.686089196499,772.9757397336504,2.0,13.418055622565019
10699,2837.139723699146,2361.7344107753242,2.0,13.417547486658034
10700,4097.962669002527,703.3206574271393,2.0,13.416635841943044
10701,6538.7473063172365,3288.0729142537675,2.0,13.41615935312596
10702,101.68958055739799,5298.942264440872,2.0,13.415058256218417
10703,5874.104600535208,2841.1732982994254,2.0,13.413669141611669
10704,6502.470542095207,4499.843173903536,2.0,13.412604682510725
10705,5505.866579727275,801.7460387472914,2.0,13.411921832110442
10706,867.9198559868123,4725.417208598919,2.0,13.411799994892371
10707,1210.0164526125625,2853.627430400382,2.0,13.41031455402195
10708,2543.4134252820536,4402.893221619702,2.0,13.407601348471475
10709,8819.952761811639,5535.312343873043,2.0,13.407257594165596
10710,6675.874618153365,6025.302101322371,2.0,13.406064435301483
10711,8210.116558210471,629.5918006423731,2.0,13.405010624823225
10712,3615.987045416767,4415.685959517275,2.0,13.40250150404706
10713,8464.059792624008,823.479105734984,2.0,13.398338364041537
10714,9074.188240304979,5618.068786558534,2.0,13.398263850226362
10715,9424.410785429673,6284.827103001569,2.0,13.396299295355902
10716,2931.0684946231227,2503.676771748106,2.0,13.396226118195896
10717,4382.937403859802,2911.4769022529795,2.0,13.3958084914361
10718,7802.05328279448,4271.524738064058,2.0,13.395062287468244
10719,3294.0764648818567,5837.346161400022,2.0,13.39051829159918
10720,3839.313190390516,5097.973421927496,2.0,13.384121947879237
10721,2326.571498478065,1602.9973865640384,2.0,13.381843034290558
10722,1560.0419761576215,5171.422442281171,2.0,13.381153501888516
10723,3588.0499048424917,3141.6530032098226,2.0,13.380337145871815
10724,6978.535622914106,3697.13412170401,2.0,13.378940463672262
10725,5868.619930508506,877.3516440487929,2.0,13.378479463162389
10726,8703.955048604435,385.2392380654023,2.0,13.378346884256525
10727,4464.679172300879,2287.0761703241683,2.0,13.378287131116142
10728,1330.31158010896,1328.964855740372,2.0,13.377924025559858
10729,8069.360105922468,1599.4853881978877,2.0,13.376950489075806
10730,1672.68998051784,57.14016490328528,2.0,13.376741148029708
10731,8358.346788970519,4697.012801135349,2.0,13.376147858255786
10732,3261.842868466018,4891.517509523587,2.0,13.375954255159172
10733,7868.444920476192,4853.030241080125,2.0,13.375425229625225
10734,9135.355952028083,4538.891673812162,2.0,13.37501034221389
10735,8563.289368976437,2843.399833002672,2.0,13.374925727909172
10736,6023.32890694934,5968.9163871481915,2.0,13.373807593984699
10737,6552.121168919668,2774.1996028996423,2.0,13.371948327316407
10738,3631.703709345338,5201.968623073816,2.0,13.371402367527617
10739,8222.126635213086,4645.545320728896,2.0,13.36718353454542
10740,8634.059786049744,3975.677969956504,2.0,13.35931824518163
10741,5610.49979008655,4928.901996399376,2.0,13.358830281620984
10742,8139.902322575397,4373.196102424187,2.0,13.358649037976196
10743,2534.320380559691,3505.2152042361404,2.0,13.357308825841175
10744,2553.2848934632384,3012.109470928057,2.0,13.354430372983595
10745,1122.5206513865087,3372.894121411986,2.0,13.352829212281437
10746,7216.44812872563,4828.878506642874,2.0,13.351955791745642
10747,9331.411890851208,1643.0569389661796,2.0,13.35173288029472
10748,600.3099999364125,909.1758784022952,2.0,13.351044782953023
10749,9039.410074508032,944.107288523054,2.0,13.346995006267925
10750,8487.0,3811.5490899878364,2.0,13.345803437571035
10751,6342.03469995978,997.3957264986357,2.0,13.34350708351886
10752,9372.967223909642,5641.775192922337,2.0,13.342514369187501
10753,7006.963352176031,4577.573697067722,2.0,13.342451583437647
10754,5797.606781378257,4492.0,2.0,13.342224595644922
10755,3551.0075653512176,1321.4698173854194,2.0,13.3395992296098
10756,4710.973052681598,3831.5235059002134,2.0,13.33788209495252
10757,2251.159767496697,5969.670371397838,2.0,13.336913290136932
10758,4072.1006464919587,2177.477647078044,2.0,13.334150042947106
10759,5518.35772038472,2174.0254101342352,2.0,13.333272382969435
10760,7772.13203353997,2513.556988632345,2.0,13.332146782444987
10761,18.995043705225147,5201.537050833839,2.0,13.331277206898738
10762,858.423329736771,4609.100520138931,2.0,13.326724627395208
10763,2557.34439461814,5268.030706108645,2.0,13.326054811693677
10764,5678.378214138968,427.9449957641072,2.0,13.325356953221034
10765,8002.575554218235,939.0942858339835,2.0,13.32533504566477
10766,7599.551515772393,1075.9692212042128,2.0,13.324852597686963
10767,4170.314865169188,2515.0015901470565,2.0,13.324740498372885
10768,7565.44783837494,3304.963971252878,2.0,13.324575772266929
10769,7704.08519620394,3351.4747616178083,2.0,13.32412287622282
10770,7065.169922061679,5287.444416225246,2.0,13.323625096845262
10771,2463.4605483722626,4601.148164175922,2.0,13.320634505061168
10772,3341.9617401063488,1575.342427738331,2.0,13.320565794266848
10773,3047.9937784763574,6251.482897124179,2.0,13.319621412520666
10774,6210.933400711703,5573.419162292295,2.0,13.318606839383344
10775,899.5088232337966,6131.149232291583,2.0,13.31609620861461
10776,298.5753233311024,2708.010839975361,2.0,13.314284944420896
10777,3224.6139686350825,41.10801618853915,2.0,13.313082372652453
10778,879.320680392443,3730.232461987284,2.0,13.31283778554925
10779,6223.0090647871675,947.7080346422612,2.0,13.309178387488117
10780,8670.731793912182,2784.8622457390748,2.0,13.308869798665691
10781,2126.589595457667,5817.988213273252,2.0,13.307159364711918
10782,1287.9625919694377,1675.339695180033,2.0,13.305143668626846
10783,5310.52037282498,861.8913179782394,2.0,13.304098186455843
10784,4802.360565260594,4465.145716888941,2.0,13.304079261100863
10785,5998.05768524181,2283.5860825787895,2.0,13.303239030282276
10786,4039.982725955675,243.80469158352486,2.0,13.30035255591226
10787,5639.069494035586,5107.292325473793,2.0,13.299740355050657
10788,4457.944738324251,6175.651187439646,2.0,13.298446097711087
10789,3129.016420291877,3505.7550830856876,2.0,13.29714279997987
10790,849.9045896938538,5659.148428448361,2.0,13.296701841289304
10791,9036.25071841174,5910.979037900833,2.0,13.295823187343704
10792,9568.07084112011,1611.5198518549525,2.0,13.293709518958758
10793,7317.484646486894,3902.963894231043,2.0,13.29337014197594
10794,7365.021615921401,193.44673614670705,2.0,13.29256317410437
10795,8417.177733602039,2515.4976837008016,2.0,13.292546604453992
10796,3887.413434343414,5297.325164397718,2.0,13.292236851465647
10797,993.3505360050202,2911.9062898417224,2.0,13.290952688523163
10798,5914.054985023978,3101.679951990451,2.0,13.289864590646447
10799,6955.694428395263,1281.1493138357816,2.0,13.288092678197833
10800,722.4009220782102,67.96995590470063,2.0,13.286400648807476
10801,1051.8875520919285,561.5211919934669,2.0,13.283759154091697
10802,4166.207494380071,457.63166731480413,2.0,13.283640695111892
10803,1715.9635046341882,1629.489194213131,2.0,13.281155197236698
10804,6050.115244762518,2387.58113689268,2.0,13.279027883656044
10805,7111.146145770146,665.4955860918931,2.0,13.278071046640285
10806,1694.74288622574,311.3928599618003,2.0,13.278022685984972
10807,8444.02468002186,3079.5791159438086,2.0,13.276303530224597
10808,6048.658979140305,1213.0454715706387,2.0,13.275954928212986
10809,4854.373323680503,3446.993760687247,2.0,13.275736204048595
10810,1672.0406505718672,6095.1958537025885,2.0,13.269417823721597
10811,2897.568761380743,1161.0425556576547,2.0,13.267029236958486
10812,6702.985643123139,3593.430782461535,2.0,13.267020256606
10813,7111.410902731008,826.9949217479111,2.0,13.266614275082636
10814,71.99241952185876,1105.5298578703434,2.0,13.264558472811272
10815,7481.473826146354,3883.108938603367,2.0,13.263794083422644
10816,664.0457940026218,2271.6998556637172,2.0,13.263359808839612
10817,2264.4488557040268,4667.943291102058,2.0,13.255229201047898
10818,7049.045222049969,6121.261265699702,2.0,13.254444829619938
10819,3283.2254708480173,2427.556293627758,2.0,13.254093390427359
10820,1849.4389812772577,1984.8583351631341,2.0,13.250650894957591
10821,4924.530913827658,6274.954505794972,2.0,13.250644782394529
10822,74.4762983304501,772.9356199370197,2.0,13.250552904768366
10823,1035.9395825167371,2577.606414628021,2.0,13.250476591302418
10824,3262.500374791499,1045.926386096567,2.0,13.248476426931761
10825,2765.993105718975,4939.332328761371,2.0,13.245705135755301
10826,7582.641799549937,3098.7630610411748,2.0,13.245122566764893
10827,5057.701729868579,4296.931101260133,2.0,13.244630180784782
10828,953.4853702987887,5929.991968114885,2.0,13.242788227133287
10829,8376.971180892042,67.25776467327869,2.0,13.242300927462006
10830,2158.2033392019116,3029.955115735199,2.0,13.242185837316873
10831,9321.415610157108,1523.005222120709,2.0,13.241550647499471
10832,1811.4385526833407,1008.7746175936821,2.0,13.23984396220154
10833,2350.8926946669435,2789.6459865440747,2.0,13.239725188769375
10834,6835.112021290604,6211.6720010635945,2.0,13.230895042994671
10835,6133.387604874942,4896.018445705478,2.0,13.230621315680857
10836,8524.420492320345,4229.06460731338,2.0,13.229954466238228
10837,8389.478346491866,5130.877414978799,2.0,13.229786050322824
10838,3181.4164313988585,634.928145297147,2.0,13.229526476439682
10839,4557.184143573808,5449.504039421604,2.0,13.22842208645146
10840,8039.905343702223,6309.650153592639,2.0,13.22687020940745
10841,41.47908997325297,6024.030980036987,2.0,13.226530839226545
10842,2815.156560391917,3118.5820677239185,2.0,13.224824792790422
10843,9107.63561129248,6075.860377037325,2.0,13.221871408576424
10844,6067.570397230539,5458.930999952424,2.0,13.217041667763732
10845,8563.694711421802,2523.206933933702,2.0,13.214187311670662
10846,774.3355106159412,4384.968391062245,2.0,13.21416184762704
10847,5660.844878618889,407.2577190812712,2.0,13.212510534099282
10848,6849.4617303711775,4829.100465169806,2.0,13.212482753115165
10849,4154.566383380817,4698.975141062882,2.0,13.212477015232638
10850,2941.5219585194964,2250.098185795437,2.0,13.21191971626339
10851,438.59463365289804,139.01015492367236,2.0,13.211577927745553
10852,3673.0295208272073,4431.1280154943925,2.0,13.209560262064734
10853,9498.308902485238,698.8055740248118,2.0,13.208968560667238
10854,6230.33201205466,1103.8060402586798,2.0,13.207514974742832
10855,1410.4702035360365,1420.0216784336017,2.0,13.207430577689445
10856,2777.417786036024,2289.2102028611107,2.0,13.206688849921834
10857,2928.31252343729,1104.0655085444448,2.0,13.20404965348194
10858,6041.910874753065,247.48188845124562,2.0,13.2030239250418
10859,5688.516532134287,711.1608185924597,2.0,13.19897829573626
10860,6271.6961737393385,2077.935043708782,2.0,13.198973549600215
10861,5485.511909449908,1899.0749760865813,2.0,13.198392503907115
10862,2401.4655288440695,2092.9404456042416,2.0,13.197470441352223
10863,2232.585223400521,1355.1264191013706,2.0,13.186654905616436
10864,6425.5324442578185,508.7174764852237,2.0,13.181968046765359
10865,5888.43916903769,397.01077011484045,2.0,13.17986681002621
10866,578.9400352737041,5929.517238954815,2.0,13.179692488489781
10867,6706.818816203887,845.6344277711318,2.0,13.17934434047395
10868,2147.1095227378614,584.6337644858415,2.0,13.17873194121886
10869,2655.477249392329,2277.086542631182,2.0,13.17334337521019
10870,1046.486740570248,5722.262338293537,2.0,13.170164059254475
10871,7319.5327434440915,5466.105776151266,2.0,13.170138805907161
10872,1156.982245397363,4833.531035279742,2.0,13.170119095858539
10873,5358.938832393706,5041.332982182563,2.0,13.170088009791854
10874,7423.40883706601,6376.878553891715,2.0,13.169460726269893
10875,6740.180013920866,3435.966308731826,2.0,13.16845673836132
10876,3882.7305705839776,1767.0480003726766,2.0,13.168045686024248
10877,8672.261394346451,3751.2613943464507,2.0,13.167390659082917
10878,5711.258564109747,5148.091649355814,2.0,13.167039950846233
10879,4938.041042498161,2925.622959488261,2.0,13.165373080818199
10880,7119.660246075351,4382.189358144732,2.0,13.165016421399471
10881,5257.566916909007,4200.915679520837,2.0,13.162195173465792
10882,9370.493670697577,4049.242376720842,2.0,13.16100931560377
10883,4027.4549079487892,3279.881501779645,2.0,13.160926383731297
10884,6061.506640526602,2572.8592777309455,2.0,13.15880112216984
10885,2861.099421098466,5429.386852695935,2.0,13.157626226151407
10886,1699.1499708591161,1679.4772854729565,2.0,13.157397138384733
10887,6206.00631410851,1755.6335060201097,2.0,13.156202008409592
10888,9211.21576026253,1871.2215778467894,2.0,13.155635888034947
10889,4758.317932098668,3519.833183917178,2.0,13.153669457486172
10890,8438.604704478345,137.8219972566932,2.0,13.148004349534034
10891,7944.167575387811,5561.559684504373,2.0,13.147589325257245
10892,7963.078664460383,6237.398100872483,2.0,13.147462494681736
10893,7026.209519078954,880.9652689546938,2.0,13.14710079487918
10894,1482.6492316646763,2216.9638623478404,2.0,13.146445523527966
10895,1912.5712575586688,2103.1021999009176,2.0,13.145182039607336
10896,2648.1133694428695,1319.4561804466582,2.0,13.14245125073401
10897,6732.709730560348,3301.07862991922,2.0,13.142373352330713
10898,6963.217674279407,5756.900116719772,2.0,13.141118723791422
10899,6007.344855106734,2524.090686877476,2.0,13.140243160833295
10900,893.7593819689421,965.3904406399234,2.0,13.137544188342485
10901,517.1587068243327,5247.495359565693,2.0,13.135135459059251
10902,9311.047959090698,2757.802556177171,2.0,13.130178676723354
10903,6333.50991017158,1970.9789386795787,2.0,13.128439036116038
10904,8352.363999916413,3633.1524749584723,2.0,13.124589643146617
10905,6568.933471948802,617.4257335691558,2.0,13.123912331545876
10906,1082.4897229164299,5323.122988380168,2.0,13.121994963394421
10907,9397.487378166508,4839.20602525011,2.0,13.120624881531677
10908,378.62217418460267,1334.9879755039235,2.0,13.12041665010205
10909,3485.0770859006834,5069.466152552016,2.0,13.12034805994896
10910,5723.685804220233,5997.07477054744,2.0,13.11898160333679
10911,2733.5149982576654,6028.780440635968,2.0,13.117939735677842
10912,4257.974570334966,2073.2842689029626,2.0,13.115211898759748
10913,4410.573143167406,1541.969693659543,2.0,13.11486323074657
10914,3692.9783702653435,6255.163459920663,2.0,13.114252377170406
10915,5614.459294789185,2874.8941763363105,2.0,13.11374266026058
10916,3885.9852945190055,2255.5773773421706,2.0,13.112406835175715
10917,4275.88888549349,5437.5559732808515,2.0,13.112051350663805
10918,2201.257739736717,6113.4669043248,2.0,13.111752189456418
10919,8355.53385008308,4157.917886500036,2.0,13.111693058626537
10920,8021.967156232056,3475.347036284042,2.0,13.111353723128667
10921,553.4176346213985,2272.8873283270254,2.0,13.110342415240634
10922,2372.310414201548,1185.0386111565635,2.0,13.107154852958327
10923,2786.9800595503957,3261.6659581232548,2.0,13.106788365158659
10924,5820.112134489787,4149.318494538767,2.0,13.10637904216791
10925,7038.382740355894,3130.914464724055,2.0,13.106118485407611
10926,841.0884879097257,5403.195369247754,2.0,13.10573357543276
10927,9344.057924005134,5853.340423527372,2.0,13.104615489212026
10928,7308.212096642235,5425.796123081929,2.0,13.10076727549943
10929,8930.949397565977,2473.5322836436326,2.0,13.100542409105733
10930,7566.52992291174,2128.933648103221,2.0,13.096522609464712
10931,7932.27871928862,639.0045561494115,2.0,13.08880466458616
10932,1470.574654215961,1277.1791388903935,2.0,13.085495107574797
10933,1285.6036783364168,1367.975666235019,2.0,13.085046867252437
10934,4011.955367912707,3839.2412566468574,2.0,13.083879420244767
10935,2429.0833981657074,5785.339486697662,2.0,13.083828766586176
10936,7400.795584359649,4909.045551303898,2.0,13.08056396791591
10937,9033.47149877181,5137.960467686474,2.0,13.078278316194355
10938,1771.909077082382,4951.6956127828025,2.0,13.077694561158369
10939,772.8960316803455,3315.463892256682,2.0,13.07756941051649
10940,9492.762259281768,1560.4915190046588,2.0,13.074408664752088
10941,5476.748075801718,4104.957678112477,2.0,13.073974560706692
10942,5433.539369908788,822.0830325004428,2.0,13.071621874511377
10943,7064.147022534631,6087.641767088511,2.0,13.071464222323849
10944,418.49166896711483,3157.0419117084252,2.0,13.071239881723217
10945,1130.2407080458968,2451.944645270895,2.0,13.070899062216876
10946,2280.7388618527903,5099.914615603486,2.0,13.070070801716346
10947,7065.149374065531,5949.528873843508,2.0,13.069322307150744
10948,8407.46872374761,3533.7930889782892,2.0,13.069286357155113
10949,608.6398126049185,3023.745241246021,2.0,13.068321224813841
10950,7685.937727812358,1783.408487283219,2.0,13.065317603730438
10951,3114.3619311159955,705.245344801524,2.0,13.064955959064386
10952,9216.05124223607,6335.6271443859205,2.0,13.0624241914665
10953,5881.9302877166965,4505.428102695863,2.0,13.059001513764125
10954,6720.0505170467295,1317.478286782375,2.0,13.053247620350268
10955,7032.390986748681,212.00096565260347,2.0,13.052023013100051
10956,9146.575331684651,2327.007256312551,2.0,13.051154450199714
10957,7905.149169781746,2225.460438781462,2.0,13.049381805974356
10958,5542.521013248348,3308.9258519560817,2.0,13.04869635536719
10959,9192.520441509112,2352.8592652144002,2.0,13.048119851858527
10960,5442.262099116753,5198.063331743262,2.0,13.046298117863056
10961,1177.5841320829318,3183.01076203954,2.0,13.045111656294168
10962,9566.802758715263,5907.470321747062,2.0,13.041572594606562
10963,8598.733801835422,1605.008233874618,2.0,13.04139171989334
10964,4358.035132978737,6035.680267323716,2.0,13.039572937515073
10965,9211.037688774935,1621.6018244517634,2.0,13.039205118805455
10966,219.14501472557745,4365.609469585933,2.0,13.03857955180186
10967,6215.08622224864,3767.3447156815087,2.0,13.034200231424819
10968,1596.4485055661341,2542.9458157687386,2.0,13.032114215056907
10969,9480.239691568557,4945.74217679292,2.0,13.03033230117757
10970,261.10788030516403,2061.943523829261,2.0,13.029944186130539
10971,5712.682550610557,1897.0821807751868,2.0,13.028200225636207
10972,633.7623999173104,627.8281005720731,2.0,13.027784644180938
10973,5531.269903109085,4444.881788201959,2.0,13.027552653916343
10974,165.35827770250958,3592.9516543187474,2.0,13.026613441918615
10975,6602.698457178858,5380.0507619274185,2.0,13.024441866503826
10976,5400.562053878952,3407.9488867911136,2.0,13.024266485005016
10977,3750.122898267731,2669.771479364952,2.0,13.024115621132804
10978,310.10343135973204,4083.3195958232973,2.0,13.02392734883921
10979,3516.060593512856,3437.6186398267364,2.0,13.02357832978546
10980,7190.639131279337,4632.101485300505,2.0,13.022088254460527
10981,2535.742327390817,1451.0927610501574,2.0,13.019574718086428
10982,1976.0622740694723,5893.205384568527,2.0,13.018714074465867
10983,1330.211252212945,183.62662243500492,2.0,13.018679126984985
10984,9247.408447782358,4486.9579694178765,2.0,13.017900521476749
10985,7741.712313407457,4764.200542561991,2.0,13.01642734078362
10986,8612.999575707272,347.58086451574127,2.0,13.013824269602335
10987,2192.366208867463,1546.9738472590273,2.0,13.012349602428637
10988,7698.541262532058,4616.053321464948,2.0,13.01199471101893
10989,9208.594011433257,5601.210786077793,2.0,13.007955343421829
10990,7620.787145056543,4677.714458765215,2.0,13.0073333730291
10991,4739.969443046234,4679.624352701993,2.0,13.006213263762255
10992,3358.4224559601143,1495.9790256684098,2.0,13.005255607069815
10993,8474.382060404208,666.0589483083626,2.0,13.004441001031758
10994,6940.730518499559,33.88582986405136,2.0,13.003755791460234
10995,9516.475941140558,4308.915888549742,2.0,13.002607649283599
10996,6554.1667226674235,3627.5885840572428,2.0,12.998922268904682
10997,3792.6842761063726,1864.9691771867674,2.0,12.99851703860843
10998,9359.712720397458,4732.964139804533,2.0,12.997756237239741
10999,1127.1562980975104,1765.3808414914788,2.0,12.992227618590153
11000,4720.642474282779,4963.00539253036,2.0,12.99168303187514
11001,1877.4206805317876,5554.920431116642,2.0,12.989554805234887
11002,7889.394503184272,4212.0107167731,2.0,12.988805000769005
11003,8496.535015251364,4623.985671423791,2.0,12.988404458934527
11004,7721.919805360821,5897.56828025355,2.0,12.988025454088081
11005,1406.7892349691654,6022.741171141295,2.0,12.986159408567023
11006,759.1952700621739,3091.393005618618,2.0,12.984596863098288
11007,1365.1733049929696,4307.710759017376,2.0,12.984553379207732
11008,1630.952238652736,5249.5834108486315,2.0,12.974653169390935
11009,7271.813517323346,6009.469037007423,2.0,12.972563352557982
11010,8408.965290170207,3815.5066401475433,2.0,12.969006472813206
11011,633.1778743927396,2799.6964173323167,2.0,12.968890618772631
11012,6161.2246560833955,27.644351861417004,2.0,12.96576711331092
11013,1520.975429395323,279.4662983827671,2.0,12.963826345979365
11014,9464.41002259,6001.12493403371,2.0,12.960998905647934
11015,1783.7852942612428,6359.078497480338,2.0,12.959621543276215
11016,7992.31183389157,1891.124142588506,2.0,12.957941537361563
11017,7519.3819881664995,5691.057088715683,2.0,12.954138253873507
11018,9258.006935710997,233.258258039393,2.0,12.947892122708536
11019,3261.6593951521495,2073.9677130308337,2.0,12.945128758804504
11020,4970.498659743252,5475.9910842465815,2.0,12.942463409908028
11021,4802.864764748516,4046.041863502532,2.0,12.941692257842492
11022,9193.573406114381,1669.123277005126,2.0,12.940255314098051
11023,6905.363971789399,2034.9275282839228,2.0,12.939099584229211
11024,2577.008527644595,1787.784107333233,2.0,12.937704676368297
11025,2218.437412117115,4741.750943627569,2.0,12.932851198780766
11026,7582.605848755964,3268.8972977038843,2.0,12.930929912007887
11027,1284.2401258518432,3427.105684290567,2.0,12.927689954640579
11028,3195.308980932324,315.54471195866967,2.0,12.92738440075841
11029,2791.9891913662473,457.5589830336122,2.0,12.92371375318305
11030,377.47896635516184,3584.9839963087466,2.0,12.920991903130943
11031,160.52779376722154,3750.8525037556833,2.0,12.919855930549282
11032,4322.080914260285,791.3365632647997,2.0,12.919581268442842
11033,832.8816363859551,5717.4993282519,2.0,12.919508328067952
11034,7911.143669077534,2591.5293826388006,2.0,12.919125441057286
11035,3787.7015855909235,804.8718015536248,2.0,12.918705366848318
11036,2634.2290428688475,1343.5530690760563,2.0,12.918243464544787
11037,4566.6875371354035,5707.102056227909,2.0,12.917545940675478
11038,7205.762593029682,2755.2782489331353,2.0,12.916094650701304
11039,2159.6413951974787,69.04613994067188,2.0,12.915069060204898
11040,6066.274669528866,1951.841999069911,2.0,12.913664761590146
11041,5041.852147469877,6071.547302364486,2.0,12.91143999186686
11042,2725.0969858435183,563.7163255664422,2.0,12.910661704320995
11043,2609.2642698328227,3979.0663770817914,2.0,12.9103590605268
11044,5064.657487473477,4572.122973870569,2.0,12.909978688441047
11045,8856.018730526916,1705.4823038524125,2.0,12.907228752371712
11046,2536.214060095532,5361.3899105450555,2.0,12.902861450893733
11047,2046.4328785787352,3569.175308038306,2.0,12.90173863757501
11048,5676.371267130204,1360.8828113644518,2.0,12.901409034213424
11049,814.8285979573144,3295.443629952451,2.0,12.900079712214588
11050,5738.1037572352525,3595.549929503231,2.0,12.899960967404532
11051,6278.490872882111,5855.7568032750905,2.0,12.895030907075526
11052,1184.3685808601376,1282.868820490972,2.0,12.894307843140554
11053,1415.9689581862272,295.47123624974773,2.0,12.893140701464228
11054,4670.998944872219,2729.768345134719,2.0,12.892698306269383
11055,9424.96801587105,633.2391844928616,2.0,12.889500090203622
11056,1677.9669629202635,4335.540052151501,2.0,12.885799987301047
11057,5859.646515582159,6268.966426912921,2.0,12.885345126665502
11058,3913.0393365141886,3487.772295716748,2.0,12.884347015026151
11059,3209.4938074840093,6208.082795324547,2.0,12.88368785577707
11060,5723.117950123094,3803.5084275953895,2.0,12.883313171728185
11061,8278.481303320359,2425.01505710554,2.0,12.883137780044553
11062,3437.37527516654,1225.8835068691933,2.0,12.882566596733957
11063,9004.980980017912,2903.75399163238,2.0,12.881950517166878
11064,8975.18043750277,2199.659276956794,2.0,12.8792678435496
11065,9291.587218250956,6378.992172547213,2.0,12.878589474181558
11066,8967.426659210601,3956.9822294660917,2.0,12.878196201836143
11067,9564.369649291537,2316.9400848554014,2.0,12.878130637825306
11068,4140.359444125918,5459.0496231284105,2.0,12.87786030895613
11069,5621.217007480334,5301.449407194086,2.0,12.872741949985262
11070,7189.113888915118,6257.374352983455,2.0,12.870080904475602
11071,4589.871790887274,5425.531948729231,2.0,12.869045842759062
11072,32.99061808218713,1523.538729850928,2.0,12.868549389451177
11073,4767.9584775187495,109.39303987846658,2.0,12.868136432915868
11074,7077.152154458372,3875.525470537253,2.0,12.867261833573828
11075,6359.590203018644,1877.1613583198036,2.0,12.86718022900006
11076,9528.20487361041,3693.1326678666146,2.0,12.867125692470466
11077,7815.481103911174,1062.1007304187126,2.0,12.86709111079847
11078,2394.853958967419,845.4677411810721,2.0,12.865642920366946
11079,374.5575940190393,1233.105739116072,2.0,12.86312073082433
11080,5963.377370215246,4811.069101885318,2.0,12.861915652349179
11081,1434.0742017243222,6333.400341949153,2.0,12.860219447587319
11082,6351.261845078812,1029.9612975767666,2.0,12.85809540551606
11083,5709.369024862944,3994.9154561504447,2.0,12.858088867274757
11084,5101.530397903042,2475.918678232316,2.0,12.855243797251093
11085,6095.512109529493,1983.1553218505812,2.0,12.85421609857656
11086,6983.597477104775,2813.1776393076348,2.0,12.85246403809118
11087,8134.531605683834,5408.998191667648,2.0,12.85194104983561
11088,8627.037838895158,2195.6790059863715,2.0,12.851687800358379
11089,5566.50448330255,5869.137632871922,2.0,12.849657202934731
11090,6068.49308781531,1534.02458308386,2.0,12.845414889497015
11091,7294.953723736792,4027.658001637967,2.0,12.844621500578736
11092,4954.572845027451,1362.9675325927865,2.0,12.8445645923819
11093,815.9557128747114,5537.490836144569,2.0,12.83873962206858
11094,8029.598881203451,5252.854694661797,2.0,12.836558854204995
11095,3974.474618414517,2338.824208273139,2.0,12.835056605927834
11096,7221.962854708271,5989.439080010631,2.0,12.834315294428569
11097,6137.974491789847,2025.5019151558424,2.0,12.832850839574286
11098,6083.388981387757,4165.253516910371,2.0,12.83254823641143
11099,1960.2823789760002,660.8871090665127,2.0,12.832518045557787
11100,9024.900852529983,4669.290346156464,2.0,12.831876497734916
11101,3221.403121883819,5383.963461741432,2.0,12.831272676981555
11102,851.5418499904422,6072.951935526673,2.0,12.829798674539427
11103,6699.905331630334,251.49305019742576,2.0,12.826964112869211
11104,8291.281294657,3677.2323891170463,2.0,12.824994010509515
11105,7164.441348188565,2206.866478148207,2.0,12.820258122944036
11106,8196.594780807769,5048.172301820369,2.0,12.819355495849411
11107,2561.579128625516,4256.136251841632,2.0,12.815712539669885
11108,5564.43337859158,1148.1648291757624,2.0,12.813738004275036
11109,2046.050567528214,409.6422816863115,2.0,12.811665762921024
11110,3427.0851637502124,297.49666371822696,2.0,12.809452562369035
11111,523.2950500907683,521.1409674074528,2.0,12.809364477198317
11112,4094.592867915645,384.0819880718355,2.0,12.806164091644415
11113,6109.466273455551,1468.0485264933159,2.0,12.80605937985475
11114,5775.405480071932,992.7900175311898,2.0,12.80454679080262
11115,5708.800862025152,2721.1608446808905,2.0,12.802202857842039
11116,6017.92107379092,5981.662010639265,2.0,12.799925607060322
11117,9480.931856342082,5459.5118998161315,2.0,12.799381906970504
11118,6961.552479896362,1210.104566478792,2.0,12.798095608441006
11119,8999.54884747906,4866.772175813207,2.0,12.79723351526541
11120,8876.950326762282,6155.532674201525,2.0,12.794682289488632
11121,6971.567329405118,2268.9355452565733,2.0,12.793947838794976
11122,120.57619620468982,4214.977828279799,2.0,12.791681568162796
11123,569.3354412892544,3361.981681076741,2.0,12.791459151143835
11124,8832.934118393507,3655.520901513848,2.0,12.787371647203212
11125,1262.7662589753418,5725.289430341125,2.0,12.784371557148065
11126,2649.4998912637357,3300.8777405419323,2.0,12.78377673487655
11127,9474.608828636261,6180.933229878732,2.0,12.78301418958265
11128,5862.988964377858,1393.2915855252265,2.0,12.778012992307705
11129,4019.828943059794,977.6991602457134,2.0,12.776267925225195
11130,9466.08871213021,3461.7272276917256,2.0,12.775265348031121
11131,1851.214628203734,35.56466381435946,2.0,12.775100887677647
11132,6690.021423722315,1687.329673157202,2.0,12.774986236483048
11133,918.5533141016015,4691.974404523506,2.0,12.774117757092096
11134,6967.4166908413135,366.73115100001627,2.0,12.772966775536393
11135,8253.393809748983,4231.052859804171,2.0,12.770809283516304
11136,3451.509338012038,5795.058924811618,2.0,12.767458831972444
11137,5259.710687775445,436.05347335153095,2.0,12.765625036090697
11138,450.36490136564225,6203.063502573728,2.0,12.761123549377155
11139,9333.190470018888,5609.806025928251,2.0,12.757457487157854
11140,875.8581690198256,5993.325858468819,2.0,12.75489883716383
11141,8202.95820634292,3807.7176948131146,2.0,12.75331311255148
11142,6253.417276458358,3209.0192956426886,2.0,12.752684268657912
11143,3148.2483387205384,4736.867959673833,2.0,12.750110328666395
11144,9011.671756688367,4432.166184155457,2.0,12.749144713994767
11145,9324.333808883484,3199.1540406420168,2.0,12.748314087365918
11146,4891.569366959714,4985.068449289115,2.0,12.744693791314768
11147,5810.860655206047,6069.49411577485,2.0,12.74349860707757
11148,3599.643365264634,476.99560989976607,2.0,12.742375300656123
11149,4466.988663556303,1555.3090572206713,2.0,12.742047333442304
11150,5096.6410118824915,4605.970698567408,2.0,12.741555986088272
11151,5808.410880684302,946.1198013773159,2.0,12.74116418907001
11152,8934.430580551258,3923.074299389756,2.0,12.738137016198342
11153,2549.9363090777583,4229.428413487111,2.0,12.735748725111023
11154,7700.453008988524,1561.0423560929546,2.0,12.73484966530522
11155,1962.8968361946272,847.6750578648555,2.0,12.732023115274272
11156,4372.951194541098,4923.620630786897,2.0,12.731460159610254
11157,6539.970981744711,3625.4973710784157,2.0,12.730458318769838
11158,3085.69723734421,857.9660539274084,2.0,12.729541285209624
11159,7277.310355934877,3070.2194583919345,2.0,12.725186318844987
11160,6062.100381500639,3191.668883245854,2.0,12.724811946110258
11161,5815.0068363844075,5633.556125656312,2.0,12.721670990913937
11162,8873.468515111053,5873.002715019981,2.0,12.719608943373242
11163,7783.831630884043,191.80041143009814,2.0,12.718926772348572
11164,4873.973265470501,4561.383508410832,2.0,12.716530502504538
11165,6784.102747795962,211.36040779328286,2.0,12.714265439453401
11166,3447.494634241844,4271.914482864829,2.0,12.711674262396773
11167,8960.107825623933,753.4313007764514,2.0,12.709106738794304
11168,1050.1114018261671,4609.766783416998,2.0,12.706634147698056
11169,6089.117862472613,2621.5711836232526,2.0,12.705282401364112
11170,8076.088678846708,4877.588662187103,2.0,12.704077912707833
11171,9109.57304934544,2029.1214951065117,2.0,12.701648488612891
11172,8792.890892298787,4977.524333179232,2.0,12.70158225573988
11173,288.1436734911033,3933.4982061889814,2.0,12.700940337306214
11174,1443.2688424836874,4405.863898176524,2.0,12.700721802476995
11175,6664.47425392062,4166.8336940448735,2.0,12.696716592243568
11176,7282.544288067114,4196.143218136981,2.0,12.694131631346194
11177,5448.302803698474,5755.147565793027,2.0,12.69398753558984
11178,8041.703905650436,1456.9151848324493,2.0,12.689529654124858
11179,6452.050287490582,871.4198620965865,2.0,12.688628486517187
11180,8838.973181222094,4971.480373837878,2.0,12.688215651899657
11181,48.42014757430986,2040.9709931072448,2.0,12.687126731513146
11182,1913.352558511981,1812.9231643468827,2.0,12.685369621663828
11183,1137.9315847004482,3695.4270573835247,2.0,12.684234709528052
11184,765.9387080169948,2109.3828805834432,2.0,12.682000372496352
11185,7353.013128142338,3243.7250246276208,2.0,12.680687205445272
11186,9357.216484935485,2591.511041071549,2.0,12.679669770142132
11187,5499.4477966559025,303.11650819403644,2.0,12.678880581434642
11188,2038.045013338026,1265.464118568029,2.0,12.678049665732976
11189,2939.280615407053,1839.712288207171,2.0,12.675120589571373
11190,2267.677021547771,4062.9707167787433,2.0,12.674429060482717
11191,8432.619436537632,4013.219068445762,2.0,12.673014491191955
11192,8303.120133198026,6283.6298717835425,2.0,12.672991721888835
11193,8227.412448319108,6035.032076076453,2.0,12.67273021166415
11194,8370.96586254274,2753.509451250686,2.0,12.671973634847829
11195,8855.546742505525,6352.863421279992,2.0,12.6706274733382
11196,3766.023445888688,2067.7873365088412,2.0,12.669181357349316
11197,1430.7192489858937,3304.932080861616,2.0,12.663379941728516
11198,4038.396757778331,3146.1453643314094,2.0,12.662973204326875
11199,8081.064032019622,2541.608445980645,2.0,12.658279818040286
11200,1855.4252944782745,3715.8196328056433,2.0,12.654653776034577
11201,163.117702667278,2371.5235500593385,2.0,12.653134037761479
11202,3402.2353359164185,1569.541799543855,2.0,12.652161552883838
11203,2180.5197908802897,4798.106330391767,2.0,12.645267675857998
11204,817.5125866930097,3995.0941965192574,2.0,12.643571912671199
11205,7886.096498370052,2505.3452156164985,2.0,12.643031144347768
11206,3971.762173440439,6077.778105803433,2.0,12.641842212114598
11207,6963.00900627698,6057.5382875912055,2.0,12.641064184850762
11208,7430.930992322683,1525.7408610102893,2.0,12.641061622060398
11209,8273.460770565365,4396.933468942908,2.0,12.640956993924533
11210,4179.970569811629,2277.243990400365,2.0,12.638775808211525
11211,5722.493471898041,2206.008203241861,2.0,12.637566235936484
11212,478.6613790271831,1875.041551464801,2.0,12.635532667761371
11213,4545.108661191369,3971.444312704088,2.0,12.633860569691059
11214,670.3398453209473,2924.935799031793,2.0,12.632859437776702
11215,1268.0084786898133,3975.582032466297,2.0,12.62977245275233
11216,9462.507530929113,372.96864695392827,2.0,12.62613310267532
11217,7626.3990991661385,989.1157157945281,2.0,12.624947291499236
11218,3726.440967682073,663.8962145754258,2.0,12.621889439866566
11219,4200.050766478874,5367.483599534715,2.0,12.619459702863075
11220,5059.643052383446,4956.985126038521,2.0,12.619324732673544
11221,4499.724388370087,2099.1075452058194,2.0,12.614789141919008
11222,1492.573194077276,2829.050605948553,2.0,12.612405402380185
11223,1944.5943772931778,4503.9616999473,2.0,12.61196084527904
11224,3422.3730724072548,583.1891845993817,2.0,12.611681764550234
11225,9483.267324425098,6037.114065189462,2.0,12.61112428575429
11226,5679.526741071107,1514.9707021994996,2.0,12.609055292096974
11227,4940.953589509948,2037.745841936179,2.0,12.608959034368896
11228,4464.019392800403,4053.6318874950157,2.0,12.608756219404986
11229,3122.863161809154,2687.7407767660884,2.0,12.604973919694554
11230,8865.070669371866,2921.563203030284,2.0,12.60453451645708
11231,8789.99005581461,3717.1748705200507,2.0,12.604122970984623
11232,9322.475795427341,4209.0997623299545,2.0,12.603513796453676
11233,4572.975721093554,5711.621108988091,2.0,12.600161242840668
11234,4750.11763774335,5409.770806094051,2.0,12.599714188498908
11235,7033.311242880146,1615.115217173923,2.0,12.598348690407015
11236,8366.478940271636,3844.885219442237,2.0,12.5961687166942
11237,6607.723782606274,295.24054840134124,2.0,12.592818866431807
11238,9561.887613895826,1467.3643666946548,2.0,12.592548485464418
11239,8959.543827017747,88.9548124757224,2.0,12.591575777876013
11240,1212.098383384367,389.6990301849768,2.0,12.590668779756044
11241,2580.014272886579,4233.48277807656,2.0,12.58976701159123
11242,1462.3793944669087,6090.902508239516,2.0,12.587444227071357
11243,4141.487004422686,5878.021675285442,2.0,12.58438895950111
11244,5807.295707211222,5027.1433353214325,2.0,12.583321809043502
11245,8587.452979487805,2028.9161614843215,2.0,12.582324163511553
11246,5026.984118920054,3029.389411829523,2.0,12.581993591587446
11247,4764.473737626037,5539.0,2.0,12.581789926515128
11248,8810.55749911817,3676.9261047591426,2.0,12.580054876947644
11249,2800.4196156055796,2937.984487914081,2.0,12.579720312116393
11250,306.02163430053605,2459.6313589271927,2.0,12.57961551120981
11251,4986.909251316609,2519.5517425082753,2.0,12.57886595277333
11252,3394.3236791272006,163.08976294992115,2.0,12.577635583706492
11253,1073.7059656996369,4535.052740770013,2.0,12.57577955000891
11254,8035.640797510016,6339.115391580827,2.0,12.575486271234798
11255,8140.690840360622,2839.918074201785,2.0,12.574299357219271
11256,2329.991551908336,5721.476899809857,2.0,12.57027596169535
11257,5926.31478573586,5015.068311806945,2.0,12.570014457009163
11258,9029.315114546798,5663.0182048635015,2.0,12.56556771049238
11259,8980.406942456206,2422.954690889963,2.0,12.562978480773348
11260,2885.4674809027642,3423.046755071347,2.0,12.562663061992174
11261,2035.5901247231216,3526.0401384285938,2.0,12.560264067669248
11262,701.3740454081038,4918.991837881395,2.0,12.558167601722559
11263,27.60393127697753,77.93162055579805,2.0,12.557937236090915
11264,2000.2679460698457,5200.883634507218,2.0,12.55664559233612
11265,1834.3683708714325,362.96631197662373,2.0,12.554268484829732
11266,5043.18728337294,1173.4659730621004,2.0,12.552203185362613
11267,7548.320608923742,4733.2248164603,2.0,12.549528064259125
11268,5986.990567698405,1945.4517781757263,2.0,12.547429775724234
11269,6371.30249125038,6047.078904318642,2.0,12.545675293092673
11270,520.3127102041566,2825.054147507677,2.0,12.542631282074156
11271,5183.014663272205,1064.560336235177,2.0,12.537250429091529
11272,4397.481353412418,1553.9164935547267,2.0,12.537002467745609
11273,8822.108927884401,3943.4197326629305,2.0,12.535756353864155
11274,4062.655199961981,3430.0452532013596,2.0,12.53529366916738
11275,939.2554667127191,5298.984539662165,2.0,12.535278911461274
11276,6799.287023506555,972.9848052082068,2.0,12.533798867569809
11277,7479.22728199999,639.5645979102588,2.0,12.530238736681488
11278,1405.4868495070803,1868.9756848729248,2.0,12.530205042806028
11279,274.08637742108857,4779.53762482149,2.0,12.529466800618392
11280,497.5547359323956,5319.145772133705,2.0,12.529463592878432
11281,6269.572399836839,4755.900919924383,2.0,12.528216054704252
11282,9078.05422009443,691.5976242187747,2.0,12.52692496110098
11283,549.9761760199962,3049.5829873999,2.0,12.526688882242402
11284,4230.9218287778585,3199.5155205896563,2.0,12.52202124544713
11285,3952.391511952804,3407.1101713999587,2.0,12.521794607879478
11286,8325.447553119566,1842.9018267541114,2.0,12.521379532381788
11287,4047.5662157876914,1451.0521121378304,2.0,12.519217239400453
11288,7664.588620690493,5446.934533895364,2.0,12.512130103742404
11289,6958.501316656106,5100.117565817856,2.0,12.50622889974249
11290,3031.4785216589694,4285.075568269459,2.0,12.505766750865574
11291,1210.931503026,2025.2824450899047,2.0,12.504864105587652
11292,7990.038485469839,2523.5310946733794,2.0,12.503147917126373
11293,1216.870630407897,4193.421564209115,2.0,12.502979910253266
11294,7614.228259095112,2136.739829229432,2.0,12.502778115568551
11295,1969.8668767802635,2245.4300177915748,2.0,12.502658495121024
11296,1805.1450865807906,2987.268898726079,2.0,12.50264052878384
11297,6474.04970744007,5373.384249213682,2.0,12.500513526952327
11298,3716.2334658440536,5869.190275163052,2.0,12.500478360083846
11299,186.29096158749115,4983.951171264986,2.0,12.498953389940665
11300,2924.987395534864,3627.4416370570257,2.0,12.496839407882636
11301,3247.109776820307,5625.420832729962,2.0,12.492018098249204
11302,4425.386884352356,1659.06374662215,2.0,12.48698712843198
11303,5001.413782359232,3829.9931922054475,2.0,12.486830979323354
11304,934.8325386874237,1485.5639548672257,2.0,12.486755773104408
11305,2297.1266837532417,4845.659087539831,2.0,12.486049614916823
11306,1979.3591878320344,2110.9882412737215,2.0,12.48240202302597
11307,437.9428153974305,83.32545540867316,2.0,12.481915791241638
11308,8285.397186258122,385.0417803306617,2.0,12.48177044467864
11309,1612.1173980390618,4003.724434235885,2.0,12.48116535461354
11310,3150.523427022136,3925.9841552448124,2.0,12.479610512533148
11311,9174.55697083516,5484.00649462724,2.0,12.477283834722792
11312,6048.287761266063,4680.926140211041,2.0,12.476392939362173
11313,8860.531149721743,984.8815794634191,2.0,12.475825644363614
11314,6737.241405047961,3933.052380923228,2.0,12.473836914656392
11315,8001.4545291833765,2228.8541387272026,2.0,12.472864095076122
11316,4390.358992401508,5469.21261903513,2.0,12.472164911045848
11317,8977.42833987172,3482.9094878708456,2.0,12.471018657646594
11318,9062.056484461626,2353.547210012669,2.0,12.468392217514547
11319,7116.450707416868,1215.026083118951,2.0,12.46805246991572
11320,5936.846124751311,5461.39065379111,2.0,12.467713628652788
11321,194.97889904791955,6295.465041283534,2.0,12.46754988904782
11322,3855.144479415544,4597.36665626133,2.0,12.460379493780351
11323,3154.5728029350216,6320.022956607465,2.0,12.460049641823865
11324,846.8801732128384,6293.681267327825,2.0,12.459240775016314
11325,3133.2164679657267,4353.543119095035,2.0,12.459122617196655
11326,7080.3847345690665,2124.805645071801,2.0,12.45802715755828
11327,7274.662239026405,472.03942640277654,2.0,12.457894622680158
11328,273.5047514705556,5373.091723033699,2.0,12.457822678102685
11329,792.4344001243481,2512.786473737437,2.0,12.455274177486976
11330,6592.769100860996,2709.234703110197,2.0,12.453106335063262
11331,6524.655451414255,2720.8705021356113,2.0,12.45284770744161
11332,420.5330686879147,452.90030024485355,2.0,12.45160432224052
11333,3430.4169175477377,3591.108479594063,2.0,12.45087577296874
11334,3562.4891723161936,5753.10872739887,2.0,12.448332015428932
11335,1750.519378593646,1019.933758042797,2.0,12.440794519469394
11336,2760.39902972344,5832.0,2.0,12.439081054105184
11337,4141.373777231883,1744.9782346433396,2.0,12.435990107785283
11338,6383.908315900411,2787.811515654628,2.0,12.429741140256379
11339,8860.5312264134,3905.109078123141,2.0,12.42821934831916
11340,37.523098905446744,1614.8951190831572,2.0,12.42796535127936
11341,4955.587565439355,811.0366504566941,2.0,12.427727363822335
11342,4628.954432260477,3839.234629243437,2.0,12.425211970948988
11343,215.7073351831799,171.1233453670513,2.0,12.420199482313437
11344,7888.360086771973,1405.9715252324534,2.0,12.420063218666389
11345,5010.61316512526,3569.6921444597187,2.0,12.419243704450345
11346,8894.431294474136,523.9796238932009,2.0,12.418815738891828
11347,9553.915083451086,1076.6896751444403,2.0,12.41737227960554
11348,5112.442876140238,3798.0502972509257,2.0,12.416077639693611
11349,2952.699372462629,608.9138562314583,2.0,12.415379345846548
11350,2329.0326782443026,4563.513937302241,2.0,12.413740315398666
11351,4748.3336098924165,5258.951976389354,2.0,12.413725904436298
11352,2594.800212753237,861.5619122971931,2.0,12.411528228184896
11353,1623.9737901794433,5667.517531945631,2.0,12.411503878703533
11354,2865.5531576184158,3411.1726205857935,2.0,12.411372182415041
11355,9124.405343273651,5646.932371414716,2.0,12.410397089551164
11356,8933.076839050545,3565.4501796751774,2.0,12.409467245549402
11357,248.2762386514283,6247.439719311562,2.0,12.40541224938737
11358,6349.694512115517,1037.0955788919293,2.0,12.40127115102205
11359,3325.4132061425703,2008.9461943678007,2.0,12.398689086668444
11360,856.4745974993244,3821.0888215103846,2.0,12.397847652049686
11361,5111.877293786043,2913.513438379906,2.0,12.39574876581043
11362,218.1015898542824,5937.737707204404,2.0,12.394176144784396
11363,5540.58373542776,1528.0850014827697,2.0,12.39092876230906
11364,7234.731316598077,413.0788061492569,2.0,12.389984619629047
11365,5735.537563670426,3191.0831973149984,2.0,12.386141237937027
11366,1886.0184279215107,6301.5041385269205,2.0,12.383643909635111
11367,2774.455827190499,1342.0855556272836,2.0,12.382099644888436
11368,611.1093518455897,781.5018559002597,2.0,12.37999946007669
11369,347.1911408732735,129.81785582821198,2.0,12.379049144280952
11370,10.003604508146884,5321.506682027407,2.0,12.378915822038794
11371,9358.674430699433,979.8116692421481,2.0,12.377355422507993
11372,8296.987589567145,3885.5220559818395,2.0,12.37538527301813
11373,2335.658325130646,5464.047685502895,2.0,12.37518148814146
11374,284.9362348581719,6149.442406843565,2.0,12.372364881058903
11375,6925.995741566465,4809.569708051666,2.0,12.369728657084636
11376,7772.6448398470875,3374.894786032909,2.0,12.367516402431116
11377,3169.5100374367066,2054.9699816643842,2.0,12.365953569583947
11378,4947.858179253482,689.7512740255739,2.0,12.365784922076031
11379,2582.721479663948,2288.962971110101,2.0,12.363895890684267
11380,4066.0270934684413,4365.632697097035,2.0,12.363750102866664
11381,1322.9820280879737,2921.320246508414,2.0,12.362111672926476
11382,2857.948428397032,5937.600929547942,2.0,12.361619799555312
11383,5182.980828869421,3923.6234609941775,2.0,12.360960144248153
11384,8291.089444610358,3595.503070790384,2.0,12.35926654924371
11385,848.9053976202489,5935.740222734743,2.0,12.357100848567923
11386,6095.459993106035,4839.888081450565,2.0,12.355838158708107
11387,296.05231783966696,1493.4215336010077,2.0,12.355171427455305
11388,121.22780211463756,2438.832825998937,2.0,12.355158520801451
11389,7826.7432115600495,2427.047027217464,2.0,12.35390364840426
11390,9142.456909321802,3921.2311604522047,2.0,12.352205447861015
11391,4559.078719080512,17.472474212374724,2.0,12.349854996481977
11392,5345.1099974404815,1201.4907180901619,2.0,12.34757524026811
11393,9477.652164604593,2777.934147341381,2.0,12.345923268295957
11394,9236.161371827298,1431.1838283589252,2.0,12.344763013922696
11395,5987.75909231371,3731.083494955038,2.0,12.338700385596871
11396,6049.631743365658,704.1436614074718,2.0,12.336709706339708
11397,3849.004203703755,1939.636143486937,2.0,12.33534227338803
11398,7274.16286186223,1139.0134083225569,2.0,12.332071516402769
11399,5570.511423118003,592.8645211881297,2.0,12.330407308179344
11400,298.1137610623402,3905.668789161662,2.0,12.32673554527266
11401,376.98424199342344,3835.6290987437906,2.0,12.324049905108266
11402,1192.950824326409,4384.810910185131,2.0,12.323845380896254
11403,8721.709072520125,3040.066342012295,2.0,12.322608163191461
11404,7028.354276484159,5498.888517922294,2.0,12.321870614643961
11405,7491.534541603753,2656.030311481074,2.0,12.32049465750763
11406,2547.3535807068097,5100.133614471491,2.0,12.31929107768806
11407,4589.287745149562,5007.000385153988,2.0,12.317965962885834
11408,2700.4488796609917,2778.9577419409698,2.0,12.310757752089398
11409,2509.96777762927,2111.423591365646,2.0,12.310670717513226
11410,5343.977326752357,1591.6705056381948,2.0,12.310211858176377
11411,1800.9456985982447,1263.5165722965673,2.0,12.309502010979385
11412,9098.572068258596,6261.8123546799925,2.0,12.307483736640869
11413,9560.166589151962,333.33797914897355,2.0,12.306468258655757
11414,61.387104723037694,2293.0018651766736,2.0,12.30548437365691
11415,2650.0175638998435,3221.4480841477703,2.0,12.302732306006659
11416,2469.5674250193006,5184.917636565195,2.0,12.30007616819466
11417,3564.826664261477,1247.3199883435059,2.0,12.295530922543294
11418,7978.537241191803,5660.119847578647,2.0,12.295467203105032
11419,8386.099107676162,573.7821784095939,2.0,12.293314614547278
11420,6745.5477300740295,2784.97115471894,2.0,12.292287338258195
11421,7819.532597389292,1894.102050432704,2.0,12.292135049894693
11422,493.47694225287034,2552.230541270467,2.0,12.29039674899475
11423,8991.554287292678,1478.9413917170878,2.0,12.289171677031757
11424,4053.688178350243,3981.04375671874,2.0,12.289067075814101
11425,459.5176133816232,2693.0023795304965,2.0,12.286680971434778
11426,7738.838410771832,3733.346582986522,3.0,12.286400789528761
11427,3871.847504929801,3429.37058227317,2.0,12.286104021773733
11428,6204.3881361733775,1224.8864125059272,2.0,12.283879772368955
11429,1760.411815533678,1467.0747954286144,2.0,12.2829772682683
11430,2341.2459480565267,985.3082323141186,2.0,12.280486835030993
11431,5201.436996393889,125.2263310501981,2.0,12.277562681070357
11432,9439.260980534862,4571.88438196082,2.0,12.275450156562984
11433,638.4003478479277,3482.8862062059798,2.0,12.273634360017617
11434,6608.665105157482,736.9388205624657,2.0,12.272756700661317
11435,3450.303656304992,6336.879241455673,2.0,12.27263283384419
11436,1838.1659528891266,2945.964133188513,2.0,12.267552305769811
11437,2164.129129042678,4703.646951751518,2.0,12.265184054234945
11438,355.0534524176347,4133.782066696435,2.0,12.261636699479913
11439,4395.930821551217,3263.8115947820406,2.0,12.260223265776048
11440,5433.917648714714,959.535386683893,2.0,12.257991774537922
11441,3955.021712098804,1827.586785851999,2.0,12.257777100651852
11442,1340.926766935399,1153.4450069910383,2.0,12.257212295231849
11443,4622.940322097529,4103.554203047461,2.0,12.257025496209314
11444,2685.1218570230594,5911.41217184518,2.0,12.25628626199993
11445,3566.4121949096534,1778.9249814569487,2.0,12.252492069839576
11446,2113.8973491126935,4923.6994803749885,2.0,12.249413473123496
11447,2107.8039736879136,3977.4635772463,2.0,12.249308522536142
11448,3183.898733615338,1259.7847360789342,2.0,12.249201655045406
11449,3237.5068879401497,658.9119440989499,2.0,12.249076860841031
11450,4078.0651785128844,383.3628751703583,2.0,12.248756284689359
11451,2220.1603025298004,2746.5836326667036,2.0,12.24401367886566
11452,7808.145995069278,1351.7684871467798,2.0,12.241275304294307
11453,64.32904476618114,589.0438437076917,2.0,12.237372142829756
11454,7398.100248932651,6277.356349650185,2.0,12.236599781469224
11455,9223.601506354873,5424.894030777718,2.0,12.236232666920683
11456,786.6295429181712,1743.0,2.0,12.23517058529168
11457,1321.9258868596453,4305.405511975053,2.0,12.233230498581992
11458,5802.016327747481,1073.541738482403,2.0,12.230041663375038
11459,3829.905086568972,1819.6225023994962,2.0,12.229708661717419
11460,1302.3497490835805,1878.8973880045426,2.0,12.229276942453824
11461,1656.3832390993123,476.8259022195909,2.0,12.228916172641267
11462,1780.4046709729237,1089.1980714186748,2.0,12.228285421984987
11463,134.4471769598241,2354.0102159775943,2.0,12.225553761942628
11464,9276.419078910661,5778.879661139032,2.0,12.218146229087266
11465,1897.5907391762614,3180.89077717588,2.0,12.217551706662734
11466,8266.327971578336,1555.8562955585144,2.0,12.217473493657216
11467,1005.917014032314,1213.3753817190075,2.0,12.214369132914614
11468,2027.412888340657,4206.954854672225,2.0,12.213528448179304
11469,2611.2027200377265,3325.573757360692,2.0,12.213410476397124
11470,294.3439639720251,4838.794693476587,2.0,12.211866801115269
11471,2268.4865228049653,5370.992842863667,2.0,12.211693090230412
11472,944.4468344722511,37.10674755989924,2.0,12.211391352517456
11473,1988.6942348193702,5155.112580936867,2.0,12.209791381724166
11474,340.9964687493599,5839.474497838661,2.0,12.208668761574419
11475,1157.110480652407,1861.4536332881135,2.0,12.208261416322388
11476,1329.6729992192643,1310.9492794272282,2.0,12.206741740459666
11477,3173.1867113891585,3838.9848777486586,2.0,12.201754839948523
11478,8443.11122555382,2433.50067105366,2.0,12.201600797158399
11479,4147.091358148051,1785.7294492919189,2.0,12.200706699421408
11480,180.98631862343967,2441.5260362687263,2.0,12.199122048570938
11481,3633.555876332379,1596.0253261829291,2.0,12.193343694557218
11482,4121.845053875719,6271.598770256995,2.0,12.190030125911063
11483,2716.5538212001948,1928.9988404657545,2.0,12.18978885319527
11484,5746.8697893856515,2171.2085224358993,2.0,12.187990410338209
11485,4641.459167599871,5318.942529857085,2.0,12.187986327847783
11486,4936.233589752273,2988.097919858155,2.0,12.186810831016043
11487,6678.151168547087,2253.473589697182,2.0,12.186287512427239
11488,7252.2922944280845,4874.0285898785,2.0,12.184408719979752
11489,6297.062430132627,5552.603636806106,2.0,12.18439485300496
11490,2025.967545648908,4663.349949012095,2.0,12.184001536420183
11491,8801.352255263651,1775.0204543041348,2.0,12.183654334606484
11492,9374.999217711558,1809.5318008549696,2.0,12.182668808573032
11493,3741.4091950781362,965.2520083981096,2.0,12.181358166964783
11494,6836.436212913228,751.996991281027,2.0,12.181031850147734
11495,4852.613492099314,5993.968262970911,2.0,12.177543871253661
11496,1791.9672972195906,3963.498763543348,2.0,12.176681003535483
11497,3925.8864014182373,1811.4365328230535,2.0,12.172180821770946
11498,4265.01514103436,4125.59670669998,2.0,12.170264657578185
11499,5602.401257855912,4133.975618596189,2.0,12.167370083414394
11500,2241.662032550503,891.0260650497495,2.0,12.16033935374995
11501,7386.389613116866,773.0326313502412,2.0,12.152813311683605
11502,4291.965219854606,187.709528140922,2.0,12.151855050391108
11503,1681.9825206218247,3263.706313614187,2.0,12.149349386414615
11504,4002.0777291219706,3685.5505102298307,2.0,12.149323519487513
11505,582.5866663642494,2064.155532392527,2.0,12.14787774525122
11506,4850.73983761149,6166.215967336317,2.0,12.141009622748756
11507,7128.466418635808,4828.093877093972,2.0,12.140448805282475
11508,6177.932651818018,605.4511713550801,2.0,12.138897066684446
11509,2649.9444093708335,619.3639586768246,2.0,12.138645706943363
11510,1772.0,5185.337814616209,2.0,12.137006570468799
11511,9044.977147202047,5673.3711546116965,2.0,12.134862819093021
11512,2281.005355913142,4655.296246653786,2.0,12.13391521848461
11513,3192.063712644297,4407.1893985149845,2.0,12.133779402793845
11514,7065.944588095542,171.42010944799856,2.0,12.13194859613401
11515,6301.786572404594,664.9119242875423,2.0,12.128980467398137
11516,4110.890479366488,4600.32117288948,2.0,12.128703214684764
11517,2129.4981050449496,409.11313414549727,2.0,12.124683424571938
11518,8028.066090592443,6189.576402691258,2.0,12.122575977870444
11519,9339.447029190484,6238.824725037218,2.0,12.119466596191705
11520,9375.234466526379,1149.5174707403748,2.0,12.118537105949116
11521,8772.62393006309,3756.9561142478287,2.0,12.116885006567486
11522,15.498435201822755,392.9548375285376,2.0,12.1166359464236
11523,8111.945015935811,1329.6170999155672,2.0,12.114559903778728
11524,8448.140746127672,6278.9065593496625,2.0,12.111187962772494
11525,8632.619179174591,6263.944544767177,2.0,12.110637464126748
11526,6090.474993563965,4033.9857769339405,2.0,12.109765785941791
11527,7943.487893656579,1024.924239602229,2.0,12.109713102974805
11528,9056.453477830672,899.1528553458788,2.0,12.109051900787293
11529,7532.642245041035,1542.9975160346987,2.0,12.100971496727913
11530,4451.987844469169,2375.3503842294244,2.0,12.100893005272585
11531,9529.512812034267,5806.938692618866,2.0,12.099847204979032
11532,5789.734193622665,1805.04260776675,2.0,12.097680161259955
11533,5036.505153079611,1345.9477078453701,2.0,12.083683375839625
11534,5663.0154800200335,6277.437566818402,2.0,12.081220272231711
11535,1749.5896493528257,1318.9598538415225,2.0,12.079628011554453
11536,770.0028368680653,5043.230435989589,2.0,12.078299756424313
11537,9210.294005859738,3412.8566119832867,2.0,12.076202875953156
11538,4681.444161773253,5553.0183544471,2.0,12.076051715197037
11539,2729.075333888737,961.5694001357564,2.0,12.075926671431715
11540,6245.405157953489,1834.0284033974804,2.0,12.07403114445648
11541,8154.215731209741,4825.838556875111,2.0,12.074022769006707
11542,8178.961682148529,4859.608394478202,2.0,12.071091889879765
11543,5009.55469405011,4408.134038454221,2.0,12.071004504257846
11544,3378.456461530589,2607.9997120063945,2.0,12.066339719879638
11545,5081.526551228329,6127.923014185804,2.0,12.065582049157694
11546,7021.974551340809,4003.667029164753,2.0,12.063711760584
11547,1483.6669882278313,5404.831701032582,2.0,12.062616679000898
11548,4774.975910037469,4947.509196161336,2.0,12.061678120095861
11549,4379.602601328053,679.1094881581788,2.0,12.061542998919167
11550,6901.464888723897,3210.790328050562,2.0,12.060886594222263
11551,4578.988098968386,1053.1796017033064,2.0,12.06023856810696
11552,2324.5568236569798,5542.902281881903,2.0,12.056516411429314
11553,7484.9042683692105,219.3207388046844,2.0,12.056442274558833
11554,7431.143378378628,1181.4807575067807,2.0,12.05612334614946
11555,3376.4442386758296,126.0175064305666,2.0,12.053472981785225
11556,7874.065568234935,5307.353193035916,2.0,12.051447561930743
11557,2950.994114872195,2523.744714790753,2.0,12.047884610863699
11558,3549.512132864536,2151.140566297057,2.0,12.047578991568818
11559,657.6108240454319,5175.008224390831,2.0,12.042996787849104
11560,3178.5353098757087,3529.8714952557216,2.0,12.040166506954405
11561,4558.5156215774305,1645.8952402336533,2.0,12.038140215811532
11562,4441.145914446221,4213.323034675675,2.0,12.037271853377796
11563,6112.518346553693,1005.0703078657442,2.0,12.03561542211596
11564,9266.146909603392,5871.543442138968,2.0,12.034721958480297
11565,6041.225152194271,4449.385113234323,2.0,12.031499458905499
11566,9511.01541249108,2555.6983826685628,2.0,12.029743008038126
11567,2928.6458577792832,3315.069738782312,2.0,12.029276500645357
11568,7917.530540092108,2300.1683490617474,2.0,12.027471763975344
11569,6840.424499990496,3821.997739686096,2.0,12.026307800332033
11570,6858.633909731457,3843.88964046526,2.0,12.025238192258312
11571,98.63622200017994,1493.0593945443766,2.0,12.024652526037473
11572,8886.899260258324,6041.330188337905,2.0,12.017729048610176
11573,4009.0306981743965,3943.614176071429,2.0,12.016781669888887
11574,6088.96408719547,4517.383669502406,2.0,12.016639589101334
11575,3056.3382173971895,6322.1523823545895,2.0,12.016104677146405
11576,2552.0658105867237,1509.5254904438968,2.0,12.015470686517684
11577,1016.9449082870912,3583.4110421916325,2.0,12.014898185388207
11578,5928.664216441015,1677.1117230925415,2.0,12.013437433176502
11579,5443.099070966087,2465.4419452735087,2.0,12.013405906416917
11580,7779.159928461018,5570.9933027839725,2.0,12.011995720392738
11581,9060.060495236343,3265.794392552735,2.0,12.011366668189067
11582,7443.461885861709,5384.178607170658,2.0,12.010985581624265
11583,1271.8556657283943,5083.5583250585605,2.0,12.010442453630255
11584,2752.115352187122,303.35518366538946,2.0,12.004263790663593
11585,7991.521131642349,5507.026551878903,2.0,12.002490778731783
11586,1213.2518666003566,5305.392100186888,2.0,12.001312827308308
11587,9521.089938252926,4155.460173733542,2.0,11.996917587673547
11588,861.0841116483786,3207.5620692751177,2.0,11.989189202281537
11589,2915.4596999853684,166.01399454915367,2.0,11.988862279297159
11590,2402.221225963319,1409.9755941674773,2.0,11.988459384195263
11591,5701.940786039865,5331.573142112938,2.0,11.987599260964222
11592,784.4090973545937,1024.0035201635847,2.0,11.977470691563786
11593,2624.079850508269,743.7177926412689,2.0,11.975832298173927
11594,5765.0928998488125,3487.6273123039473,2.0,11.972924629529428
11595,2752.1166953588618,4491.449867905914,2.0,11.97004832378502
11596,4810.118760366474,171.45307662150134,2.0,11.969306181005095
11597,5897.716024131293,5148.130528873227,2.0,11.96926234314895
11598,5652.991612250224,835.6491449766704,2.0,11.96854816761874
11599,2527.0039293382215,5065.4948798061805,2.0,11.967737991472767
11600,4197.785537019294,195.69951956678204,2.0,11.96716498921757
11601,7851.634532360337,3989.950270506715,2.0,11.967095471199695
11602,233.4096935785763,1992.9964734701016,2.0,11.965848767463894
11603,182.26231430676248,3023.002215861001,2.0,11.964968937356455
11604,6131.722203372344,5067.875616273277,2.0,11.960287075862414
11605,9322.003330239666,5481.315121956421,2.0,11.959506320829075
11606,665.5841404681555,3458.815680133809,2.0,11.95642054161926
11607,9483.113138862607,2985.6946677710894,2.0,11.956325288549662
11608,4456.38635807674,852.9872014553289,2.0,11.955262574349463
11609,7267.412731433765,3745.733068052344,2.0,11.947065032129077
11610,2543.528280039051,6319.1108572370895,2.0,11.943934165181897
11611,348.9302317591011,6037.426166764728,2.0,11.94309345121008
11612,3802.477733691964,510.92983088075437,2.0,11.940565308783716
11613,2654.548037919066,1465.0984701085247,2.0,11.938973261337008
11614,7569.309262517043,6141.0105299619745,2.0,11.935965044424615
11615,1845.5461332891543,6336.854362128858,2.0,11.933876219276458
11616,9544.026018029184,5678.974957094862,2.0,11.933825512027978
11617,3042.5313248635152,263.8656660900574,2.0,11.933750044890296
11618,4260.181704233756,3337.099520807879,2.0,11.932375237172025
11619,6120.490052886203,3048.048747964375,2.0,11.930063308291368
11620,3507.86405554194,4963.580289541662,2.0,11.929276303036882
11621,2739.4145852446577,4979.010328238584,2.0,11.926447168818186
11622,9039.49086648214,925.0292836880827,2.0,11.920463648991959
11623,2985.919160972292,3597.2920195141096,2.0,11.920444362637852
11624,1834.3537516839306,1035.8791472551084,2.0,11.91931312767677
11625,4630.114718395654,2593.0176121550903,2.0,11.917791217983895
11626,2276.8828695183206,4585.484438132338,2.0,11.912557625109148
11627,8818.966969330995,6057.603730464082,2.0,11.911773406859707
11628,9288.523709634092,4215.960471220428,2.0,11.91110726715678
11629,2531.2293986030804,4470.298081533624,2.0,11.904288252076833
11630,8088.06633689221,5109.372739013614,2.0,11.902668169316188
11631,8915.019472038928,5013.585060964184,2.0,11.901055994325645
11632,8414.509320018358,2854.8068791471105,2.0,11.89962403618034
11633,1208.5741495924483,3125.0636963493675,2.0,11.898956190776135
11634,377.93903448214354,1517.4701623465262,2.0,11.898886802740995
11635,3001.76517645392,2653.9386139829157,2.0,11.898123035488574
11636,4465.149222347107,6231.537332638331,2.0,11.89801032316981
11637,7251.637029329341,5766.14751679528,2.0,11.895379943985741
11638,9487.996691758588,2693.451673114337,2.0,11.894279874732762
11639,2330.5933315233233,3303.1907559402734,2.0,11.893065634531927
11640,1965.0907196095277,2443.4140009096045,2.0,11.89093077092088
11641,4520.283315298384,2235.010651835372,2.0,11.883612446844355
11642,4649.942735818204,979.6075910196806,2.0,11.881295647670752
11643,6705.63286716414,498.04041975424974,2.0,11.881275818717342
11644,3852.2434644289365,1347.0194179252985,2.0,11.881035033063391
11645,9407.117430234735,2147.7473978921175,2.0,11.878339527144655
11646,266.90373890675266,399.40602027430367,2.0,11.878274758714376
11647,8155.557129817377,788.9548048464637,2.0,11.877639025669575
11648,4982.480236734612,3872.9375938665257,2.0,11.875011771294364
11649,5041.207769588442,5009.374024024189,2.0,11.873142762399832
11650,2174.9786687588994,6087.445080646452,2.0,11.87176502248962
11651,9486.07588087223,6237.64853584775,2.0,11.867856809059958
11652,8878.662138126183,670.0863663371964,2.0,11.865224835688615
11653,3515.509559445635,1437.047720195956,2.0,11.86408529019049
11654,6222.504694118797,3928.8651279424867,2.0,11.859061267791539
11655,4786.353580781015,5016.061455369871,2.0,11.853493422285267
11656,4861.473582513173,646.950163857469,2.0,11.850626555407525
11657,4081.7682373378643,4855.406480741798,2.0,11.849648647426116
11658,3342.8963089813033,4141.345293621387,2.0,11.849277368786753
11659,5166.993983724938,4537.1885361307795,2.0,11.847046023433101
11660,1405.3758977178559,3785.07911156957,2.0,11.843765123638684
11661,1795.4203874474997,3088.967697358256,2.0,11.840744786880798
11662,1858.2729719738604,3067.9820070350083,2.0,11.840379317455344
11663,2854.4280266264395,3243.9563130254983,2.0,11.837965577443526
11664,6941.0701035030825,3159.386155497456,2.0,11.83794348897021
11665,3461.494704327281,1321.8899570814594,2.0,11.837394081880962
11666,1753.9610658773713,4977.500319346323,2.0,11.836835944207152
11667,3803.6745136808254,112.9912662277089,2.0,11.836020207504701
11668,6025.643214276771,3403.0,2.0,11.818468499997532
11669,5846.981626331542,2879.506719428599,2.0,11.815503952185315
11670,4444.616666783806,4704.001151195625,2.0,11.814578835039395
11671,7226.13955007605,3701.3878563011554,2.0,11.814193198662064
11672,4664.182077164866,3043.5026998319713,2.0,11.808526348167197
11673,5097.045878529643,4821.541174305757,2.0,11.804896789169055
11674,7516.923418421636,5557.796220241528,2.0,11.80388243161114
11675,4161.069196033036,2417.5626727145122,2.0,11.80210260295835
11676,5734.127091954748,1899.47027258911,2.0,11.801649515814525
11677,4029.4857473271754,2316.854264533603,2.0,11.80119365218516
11678,4444.060505721906,1115.5498401916263,2.0,11.799848285493715
11679,451.9087709847958,5392.884016557627,2.0,11.799690275502066
11680,7962.959582864567,1619.4843117005892,2.0,11.798715611977793
11681,5652.077256012676,2361.5581651674333,2.0,11.795538915015497
11682,7969.7155813302525,4773.937915614984,2.0,11.791887103993348
11683,3427.5360915156193,386.09342923323874,2.0,11.785293843221167
11684,3866.003221188392,6063.208526024226,2.0,11.784206721310307
11685,8679.871879583583,951.3922463019286,2.0,11.783191128607328
11686,4412.355556310719,6201.011433985981,2.0,11.77294638860653
11687,1693.08704193246,245.50353000084093,2.0,11.768876663954414
11688,6986.489769597519,1925.019775014223,2.0,11.76508601844058
11689,2163.8909653649566,5885.53457109423,2.0,11.764469793937721
11690,7800.306499623338,1596.9347986673718,2.0,11.763334499741726
11691,6933.560746139354,5498.964109165894,2.0,11.759815270520726
11692,8424.56928183251,6289.207528717456,2.0,11.758515618810804
11693,6391.210446560235,1475.6571056869793,2.0,11.748949450342591
11694,4120.3178150121075,2942.141568182946,2.0,11.74441707819418
11695,3066.9326719158394,3801.789641667838,2.0,11.743698216996163
11696,5240.688719299974,1231.9310907416948,2.0,11.743585677656268
11697,1217.380438575558,127.05602495372966,2.0,11.74184809649555
11698,991.9578664441483,3347.4557156934648,2.0,11.738755487174176
11699,6695.393307768807,1470.0907798978722,2.0,11.737758850838503
11700,671.7950654630762,3241.629775594637,2.0,11.73754330408022
11701,3330.862919398339,3449.478695071403,2.0,11.732345654393797
11702,6635.415257786091,2769.188840086472,2.0,11.730287009922167
11703,150.61643239625428,5519.079464203092,2.0,11.729302481825526
11704,4983.569170122173,6127.893327701658,2.0,11.724447594648371
11705,7857.622056357475,868.9331554498173,2.0,11.722649863924918
11706,1421.536613652863,6193.0405467164155,2.0,11.717514801526457
11707,8799.992102295262,1343.6319442668778,2.0,11.716615674184311
11708,1363.8007409562604,897.5080531092972,2.0,11.713451834672531
11709,5106.636390174438,3314.977243360276,2.0,11.712823666226083
11710,3498.2641850288705,4672.92606389257,2.0,11.711594711758096
11711,4201.513579782559,3617.0639636724964,2.0,11.70809450938247
11712,4679.606327253327,1253.0033798637276,2.0,11.70762961994909
11713,5295.027791557479,2749.4478730280457,2.0,11.705967604118008
11714,3781.5084523024766,824.7875352467853,2.0,11.703237312823319
11715,6755.038311650132,5121.259758167858,2.0,11.702243042176137
11716,5436.05182034199,3327.630220174893,2.0,11.701992778595638
11717,4619.185987246521,5747.441685659624,2.0,11.70034784072137
11718,9000.562913646458,3746.995863920672,2.0,11.700152612154511
11719,6280.754978876356,74.91889455060786,2.0,11.695262505629707
11720,6880.6604676936495,2277.1213761647664,2.0,11.693091690615535
11721,7363.491637185448,2358.0280565229855,2.0,11.692075392296427
11722,4490.516525491623,1093.9078173065218,2.0,11.68943122632845
11723,796.5350901654474,2759.976904296953,2.0,11.685559276892294
11724,5326.856454956516,2261.6461881490104,2.0,11.685177436181718
11725,4320.0722988003645,2953.600111706388,2.0,11.685035781830457
11726,1266.3539203035255,2172.9716003758635,2.0,11.683622966300124
11727,1976.8189742701663,1317.3376512044515,2.0,11.682667508651216
11728,8786.077970328057,4625.526339023939,2.0,11.680575952381243
11729,4767.032011864488,5597.269844103412,2.0,11.680119936849286
11730,5608.146376861782,3118.6967433102386,2.0,11.676223556645215
11731,7037.957462120567,5411.496353033803,2.0,11.675170906592427
11732,4952.638529190764,438.9895840011302,2.0,11.67483890672526
11733,7995.309944472331,3731.1017597205637,2.0,11.673208002271977
11734,2215.151762256909,391.55345334096324,2.0,11.671808825967402
11735,5057.172789660074,2009.5526610683598,2.0,11.670952947759192
11736,1653.4104672435435,3477.071618863511,2.0,11.67012906710434
11737,7030.33427688321,1963.1322662784696,2.0,11.66386463609894
11738,4482.515561773544,5781.055308847184,2.0,11.661554188077304
11739,703.0691993686352,603.4452366920237,2.0,11.65945098058838
11740,8200.369559190163,2012.9019097683818,2.0,11.657850539609369
11741,3008.3648865526698,4038.135614522512,2.0,11.654601082392938
11742,2064.7333467746557,1978.975621846943,2.0,11.653475839961473
11743,2089.9091393264653,2031.403374382303,2.0,11.649022485844439
11744,54.63111710122611,4628.123400370723,2.0,11.648328215054464
11745,7808.018554741111,1529.753788101989,2.0,11.641192792713207
11746,2813.592620769639,1204.9313710905626,2.0,11.639702333708335
11747,7108.376212104166,1690.0977684536194,2.0,11.637810064144508
11748,4132.988632538772,273.17857711004194,2.0,11.636492664143297
11749,8070.928178576701,3013.624244521109,2.0,11.630247462550034
11750,1688.4090865606117,1808.872986321508,2.0,11.630032909630671
11751,1918.053777245574,787.6915298174425,2.0,11.62656537001207
11752,8235.551326047986,2265.9828764865365,2.0,11.626463165804832
11753,8273.03232661315,2637.3876129533915,2.0,11.620414505120996
11754,6925.439035126294,72.81043230896792,2.0,11.620294640048137
11755,1422.4308332627636,865.0927956403631,2.0,11.620072483408078
11756,2026.964628529391,601.2999079684154,2.0,11.615396955475385
11757,5076.024887315166,219.5047444679604,2.0,11.614890476866387
11758,4089.353885624262,5473.218329779329,2.0,11.613435994962531
11759,2897.3629208834086,2811.011171337617,2.0,11.603800885184002
11760,5575.379656035294,1433.1110480011505,2.0,11.598285958881416
11761,3445.2330304134553,2908.1259375787213,2.0,11.59630086845458
11762,6851.447893030896,1140.0026751589533,2.0,11.595855825060342
11763,1234.0736937802224,545.5594391144502,2.0,11.591849170943945
11764,5038.074580181035,3741.6097347465147,2.0,11.578279840262233
11765,9414.56299179816,6112.733025157073,2.0,11.578035028145294
11766,1500.412544563775,3436.1729198537564,2.0,11.576783145876295
11767,9529.688363452444,364.88481222521443,2.0,11.576308708368082
11768,239.5443917951529,5615.884253874474,2.0,11.572936016205958
11769,5848.043262262517,5911.51364410722,2.0,11.572286942549058
11770,3344.542360841643,2615.217219839118,2.0,11.570656203880429
11771,2634.1698253808413,3901.4300904921583,2.0,11.570545531732257
11772,3613.57503893331,2223.9633169602535,2.0,11.570403058113682
11773,6645.0123810097675,3467.453504662361,2.0,11.570134157002201
11774,246.6312291472003,5656.986695604275,2.0,11.569633737272405
11775,3716.8978223082936,1363.5526789659723,2.0,11.568554490541949
11776,5560.846411419779,1085.3880367323338,2.0,11.56847539483279
11777,5900.987525882946,451.3610208215164,2.0,11.558470443954858
11778,9222.494359116145,5544.997159456117,2.0,11.558321253076503
11779,41.57396851954696,6182.124853290489,2.0,11.554022491292127
11780,5927.618032654088,5231.9745721214995,2.0,11.550745072951022
11781,1650.972597792317,6053.4925850553955,2.0,11.54922192051074
11782,3407.2881768064726,3820.201184400003,2.0,11.548095263265955
11783,9076.070311464247,71.51225108869374,2.0,11.541780158056381
11784,521.356789257117,6294.959389717355,2.0,11.541773684666454
11785,6777.011063975714,2739.572687298113,2.0,11.540055617049493
11786,2735.471661841727,852.8137337375374,2.0,11.526875554078744
11787,605.7680259375808,5216.143079478116,2.0,11.51798581812978
11788,4744.07175983542,591.2717800889556,2.0,11.517244986081279
11789,282.9673719185912,2365.3831931221484,2.0,11.516838171556037
11790,3625.129022530349,2813.5014164986246,2.0,11.513891914447752
11791,3857.9043551838754,2131.4057676411735,2.0,11.512513506571691
11792,9489.321791655702,3969.0304038041286,2.0,11.505288363256078
11793,4251.604327065591,5149.1866445221485,2.0,11.499453813295107
11794,9432.921516128861,6237.374825589497,2.0,11.496587075783513
11795,3937.582709372984,1475.112726515437,2.0,11.496540624224458
11796,8729.90598220971,4021.468050957068,2.0,11.495566972849709
11797,7057.5912263999435,520.9322820828103,2.0,11.494176072253126
11798,9325.48744668938,1890.7831705737324,2.0,11.490994895789868
11799,320.6163802845006,1833.1747357542372,2.0,11.487367430436617
11800,4804.891874682233,729.3734054960062,2.0,11.487050280382658
11801,9144.290731085508,4062.892545014148,2.0,11.486899500483997
11802,6306.493097474379,2171.062719506912,2.0,11.48432896268383
11803,1083.938033324552,5203.448129123393,2.0,11.482725652763124
11804,1532.7726126676544,4410.917488973532,2.0,11.478153938056735
11805,8241.959166394745,167.59536408053577,2.0,11.477009807656742
11806,1129.9582550470984,1971.5615998452447,2.0,11.476533218757442
11807,1225.9903846305106,2995.3204380116536,2.0,11.475811527566567
11808,5856.2114300148705,5167.454603490259,2.0,11.473556568300726
11809,8539.974751398395,948.840282534252,2.0,11.468359919384238
11810,1351.9266179601693,6035.440704263719,2.0,11.46651981466195
11811,4281.437819279462,2791.171287109135,2.0,11.466317634972606
11812,7347.947703937951,2681.3402511293834,2.0,11.46049212644116
11813,9087.063526750295,1613.404949870083,2.0,11.459291255212971
11814,4031.0026781828255,6363.535373952768,2.0,11.457703583591899
11815,7437.93086744554,5945.400005513585,2.0,11.45562636916141
11816,8142.407576090667,5823.9757941369935,2.0,11.453012690030395
11817,4966.348788931854,1019.1614068239311,2.0,11.451397006907504
11818,4856.527690889666,2302.938494687134,2.0,11.451075002122163
11819,6570.3769795680855,4460.921013267685,2.0,11.44728007118049
11820,9479.697287555968,3524.921904967791,2.0,11.444126349342143
11821,8426.434525809666,6336.91861391003,2.0,11.442796355631643
11822,7940.930513843771,4141.385195422811,2.0,11.442681317372992
11823,2030.342506398503,3537.098611097339,2.0,11.44139881587992
11824,7130.53555330056,2659.2205386302567,2.0,11.435522938324677
11825,1760.037039392434,5441.515536893513,2.0,11.433180857723476
11826,1100.0916187937032,5640.875186177421,2.0,11.429115449269018
11827,2827.535413535963,5677.977451625461,2.0,11.4239506348679
11828,1431.3604316819979,4465.041255932153,2.0,11.423754417599861
11829,8390.760360276829,2236.9879303556722,2.0,11.422794204634513
11830,3600.5154383545696,2852.976486949657,2.0,11.419242958436298
11831,4277.6342795937435,3966.03954261619,2.0,11.418541770219814
11832,2790.3459291391327,3566.1620057507257,2.0,11.41803891684702
11833,6399.1594219897215,4493.293133890166,2.0,11.41709800137315
11834,7094.638728447915,2657.043953764756,2.0,11.413454898851377
11835,6164.352044849374,1975.0536518067674,2.0,11.4084030754667
11836,281.57098612384635,2256.028832142088,2.0,11.40767226398595
11837,3776.260203619808,3907.1770713311594,2.0,11.407111631950967
11838,7196.3361098039795,1959.873756830988,2.0,11.4036927033314
11839,923.6506279595985,1120.8167351335542,2.0,11.397053782533826
11840,9239.382443693388,4967.061243852351,2.0,11.396847401094846
11841,3457.9608150203458,3445.4474961789647,2.0,11.393334445424998
11842,4171.885225737148,3265.483830312778,2.0,11.393304454024689
11843,2995.319008679802,3266.930161938972,2.0,11.392788200052031
11844,7232.0871163129805,1625.3614690534666,2.0,11.389300522941209
11845,8640.024767872885,161.54584030591198,2.0,11.380871997464036
11846,3141.6386767821377,3023.1402541154116,2.0,11.380101064917687
11847,840.9449768033777,4793.136033694193,2.0,11.378335849290107
11848,6570.3143604490915,3067.1170774827538,2.0,11.367867259758551
11849,7005.4947846090145,1750.0996756219427,2.0,11.361942707377834
11850,107.99414223253841,2065.561486220112,2.0,11.359927763018733
11851,7530.520847974637,6144.939969684204,2.0,11.352422864388908
11852,9516.21755212429,733.3774070893979,2.0,11.351606134128106
11853,5904.570062958308,3596.974433970712,2.0,11.34338762501646
11854,5902.134784835552,1523.5189279521503,2.0,11.342596673780053
11855,5147.899535952222,5361.288194444396,2.0,11.338211624928245
11856,9204.393881245524,2569.13229751047,2.0,11.334832271576499
11857,4588.148296758946,4209.499021557554,2.0,11.334036548499485
11858,927.9715905263447,5967.6129512948555,2.0,11.329764346207696
11859,4425.500992603166,1354.9768880905272,2.0,11.32545846597101
11860,5074.231665701661,793.0332255534914,2.0,11.316964273595966
11861,9164.741883179087,5981.113725241908,2.0,11.316137622036027
11862,3220.927518800209,5121.404923937401,2.0,11.310282370751308
11863,8292.464944492194,5629.143080291503,2.0,11.30834445569293
11864,6223.018157382379,1749.5869201994997,2.0,11.305537283436696
11865,7450.529146827444,3651.953040051086,2.0,11.300341108860277
11866,844.9363933328369,2577.040125445193,2.0,11.299015326534906
11867,9482.12873797272,3744.1979686322297,2.0,11.292559888477669
11868,2084.7992482602394,5760.914100266654,2.0,11.283995126880402
11869,1135.5137986880684,6011.941516042752,2.0,11.27901579709645
11870,9051.340676702534,1748.9610681211934,2.0,11.277255436784442
11871,8163.94361001002,6265.42194792407,2.0,11.273405187743514
11872,3173.447405303479,5178.956652378208,2.0,11.264032534290358
11873,6367.388356913005,2738.0,2.0,11.263766616766139
11874,6625.648517948577,2532.8846335893454,2.0,11.262677795649964
11875,6977.512864071129,2909.871361980202,2.0,11.261304589083696
11876,126.60147166425645,2928.0796508424623,2.0,11.257233806074671
11877,5311.312021766764,306.0173273441162,2.0,11.252737754506084
11878,8090.448696691115,5464.927525591077,2.0,11.241403756154815
11879,2657.502790986174,6144.915458818045,2.0,11.233605176178006
11880,4817.918999838978,1007.4667077072625,2.0,11.233191527376768
11881,236.7555763169103,6360.902928956047,2.0,11.230978198541157
11882,5811.590927815648,3385.4371621599853,2.0,11.224219552454969
11883,1942.1785642593468,3791.081588837142,2.0,11.219986651873581
11884,8761.504293082317,1959.1093004375164,2.0,11.215453351897818
11885,161.6631935737912,4873.09058275038,2.0,11.20947476780771
11886,210.35999351890928,2684.024184621596,2.0,11.208145311611641
11887,4697.453564219215,5161.045794584119,2.0,11.199603732035685
11888,5768.53423710227,4393.2057806221355,2.0,11.195279524012808
11889,271.07008065515913,6157.770858901804,2.0,11.186825759771146
11890,8167.570143890441,620.9898439531238,2.0,11.183649853848733
11891,6094.388127144025,4550.048773312732,2.0,11.178949068638394
11892,775.2847178604869,746.0025081068444,2.0,11.17873137305153
11893,8236.421792152812,4804.079721898093,2.0,11.173608034455054
11894,2806.0342207650406,6099.268018750385,2.0,11.168647998489659
11895,6691.87377397424,5667.570246500473,2.0,11.163874537871417
11896,9505.198285920516,4145.373709019671,2.0,11.16249908452881
11897,1277.0702452059004,4357.5716857627895,2.0,11.162287891241448
11898,4809.521139842899,5838.803680579691,2.0,11.15864935838713
11899,4512.520272866127,5764.925052709275,2.0,11.1371411748802
11900,9178.435775440119,2849.0792633850665,2.0,11.13356638626516
11901,9523.549511690117,385.0011408268963,2.0,11.132342099076865
11902,4677.28145351085,1766.0590510637064,2.0,11.129787276037673
11903,6680.627309565433,6373.118025322375,2.0,11.127269876140787
11904,1990.6834894418066,2077.9331241351933,2.0,11.127167164270325
11905,2894.0308999008835,5943.405243398172,2.0,11.11818826942466
11906,2910.2236621448324,139.0561334101332,2.0,11.115600231265814
11907,8409.591956392194,3944.98410552428,2.0,11.114794745940763
11908,3116.3240200143828,4997.051191961117,2.0,11.113367329561486
11909,3983.4427370367666,3805.0057355117924,2.0,11.1083950401126
11910,8964.356239852093,1898.001759075329,2.0,11.100477650643784
11911,6037.049910588407,1409.6308008906246,2.0,11.088311275041464
11912,408.3982009523517,1358.1193803711901,2.0,11.0845171223385
11913,3341.467028009557,4653.916716825065,2.0,11.08435616730234
11914,1601.6499180494745,6181.946037012888,2.0,11.083901985983664
11915,6253.910393078811,2161.6591592468894,2.0,11.073034554874884
11916,7288.350448770027,4939.985266970841,2.0,11.07184652226825
11917,3458.293325194674,3283.846239321676,2.0,11.068965220859798
11918,4068.3831251451875,2078.0,2.0,11.065330929359654
11919,7792.02572164292,4264.411053614779,2.0,11.057773649802003
11920,8728.692093122772,3464.839502914056,2.0,11.056533634390036
11921,4107.858847587906,5289.799281266671,2.0,11.052024762497423
11922,2541.6877276429123,3942.980444545714,2.0,11.0518205571637
11923,1211.9049288546862,491.4069026693456,2.0,11.043782410818569
11924,7952.50654586297,4262.026422379595,2.0,11.042229085729405
11925,6751.931039180009,2107.3039454776567,2.0,11.041764558839663
11926,9167.419404781745,883.0171535181311,2.0,11.039695276657596
11927,1199.0039845124234,499.41520744085534,2.0,11.039052140385332
11928,7047.988146384544,1051.424759744134,2.0,11.037525331829663
11929,2149.75600812884,4899.749232456415,2.0,11.031762621748026
11930,7505.798306210386,5107.585235064042,2.0,11.030833062862998
11931,9084.388761130032,2243.0295892171403,2.0,11.03006753234303
11932,8697.0746645664,6351.515352475017,2.0,11.028948042745354
11933,3760.9267693436723,2955.5309586618077,2.0,11.02741970107033
11934,6622.492958215065,11.089501548602229,2.0,11.02337824036368
11935,1935.117810519596,3325.576737779273,2.0,11.020007297260012
11936,1200.0414431714098,171.22688430911734,2.0,11.014794166044805
11937,8410.905381726652,99.37943034053511,2.0,11.013972409449027
11938,7097.901252849496,4535.515229722339,2.0,11.009583959272005
11939,2431.4591700617493,2349.8534735801913,2.0,11.009189476119428
11940,4278.042994604481,3521.620406388491,2.0,11.006871840316185
11941,7559.364194506456,977.0941136472369,2.0,11.003628183337877
11942,3876.8103088127714,1210.943598238742,2.0,10.996800148772893
11943,8292.053090384617,963.5396963769947,2.0,10.994024028992634
11944,7663.5628895311975,281.1598974986304,2.0,10.992641558424532
11945,4340.2674754506015,4149.132446048005,2.0,10.986412449239726
11946,7361.46796376663,888.9078207707836,2.0,10.983001894331855
11947,419.5348080906602,3599.086730161729,2.0,10.971147380568004
11948,5488.0,5079.357216031748,2.0,10.965557243282486
11949,4405.706008686801,2882.9506329204823,2.0,10.965310236042516
11950,1816.5788123517286,6128.980594559039,2.0,10.959580023592942
11951,6722.429931964126,948.094184721116,2.0,10.953717065300124
11952,7770.999801524903,5333.645072184719,2.0,10.943269907255814
11953,5912.449537346487,1175.9834709159888,2.0,10.941948143717635
11954,6087.224612025456,1204.842194894837,2.0,10.938984724848844
11955,2043.9394677317414,4599.508133239425,2.0,10.938352892962916
11956,7081.663869200477,4444.972456459853,2.0,10.937150335426756
11957,2161.4446761254594,1221.0,2.0,10.931774459877403
11958,8884.551609735778,1727.031798342082,2.0,10.930258321829784
11959,252.54193474836956,5910.9792477692135,2.0,10.925030152396166
11960,3623.10677224348,1019.5909760126908,2.0,10.92217579547383
11961,6457.446687805554,5128.9675513092625,2.0,10.91914085174343
11962,5459.916535410162,2035.5096876831108,2.0,10.917416198374232
11963,1137.8470347090097,902.087514609148,2.0,10.917048244390184
11964,2552.979686026791,3051.522175314089,2.0,10.90004186966182
11965,5662.565944240398,6252.902125213414,2.0,10.899937705566442
11966,6309.037890598386,5591.394619037954,2.0,10.896808070560787
11967,850.6590484751662,3159.9004249944924,2.0,10.895351704575846
11968,3992.3641635440763,444.9879777341541,2.0,10.895078990282121
11969,3971.269804976736,3301.0054153370106,2.0,10.884278001000599
11970,9540.386158052963,2574.080106621058,2.0,10.882375039651919
11971,3749.41260885858,648.9946974270573,2.0,10.879869893474277
11972,5628.571994829347,112.9948429198398,2.0,10.870495001128786
11973,4038.9627668956527,1267.3446931626422,2.0,10.864801580596659
11974,3538.694468390725,2776.0048702276736,2.0,10.862051980829385
11975,5012.642184474444,1352.9006686886569,2.0,10.850131616768195
11976,9324.819173620494,5555.511497168216,2.0,10.845875683161449
11977,8084.476133621532,902.9210480280109,2.0,10.838739655666512
11978,2070.4249624760523,4669.155346750194,2.0,10.826388628292557
11979,1418.3938472373495,1361.9826744080412,2.0,10.825340661989246
11980,1065.7011078991288,717.8323863532756,2.0,10.821813040721677
11981,8274.50576636797,5171.0,2.0,10.819258262333765
11982,958.9337854554028,6015.491491399218,2.0,10.818966814241927
11983,5728.505602968079,3575.1002193202025,2.0,10.818305596590829
11984,1071.5929354462685,4434.841207144608,2.0,10.816118450557838
11985,7569.966242790867,2059.7123618089945,2.0,10.811005867168346
11986,7045.4949871316285,1738.11190654893,2.0,10.809752504614918
11987,5379.0774712352495,2211.3326974653323,2.0,10.808694097768896
11988,9092.5470329759,6104.856064438939,2.0,10.80819212026058
11989,8523.09540074532,1871.3798527998895,2.0,10.807300244436698
11990,846.4803285076201,3232.0435023510972,2.0,10.802990164141113
11991,3795.60289016688,5557.923939694953,2.0,10.801445598586827
11992,480.98226101025483,5253.536320539888,2.0,10.800391383778658
11993,618.1814296677467,2391.356232444083,2.0,10.79681798804528
11994,579.915720880722,3561.4643025383853,2.0,10.79286488182569
11995,1745.8220446868909,2911.3892074967835,2.0,10.792521748302624
11996,1085.9689049867718,3687.4439754548976,2.0,10.784943146875088
11997,3293.5411471859375,1745.9067564785357,2.0,10.7838747324063
11998,2144.4573269896146,3550.0003515816466,2.0,10.783465709870184
11999,5284.473977470722,119.04579019384121,2.0,10.783354284723002
12000,4041.52735874942,587.1835814976367,2.0,10.776807045199908
12001,5290.493323749878,5078.991821101039,2.0,10.767010145923493
12002,2173.461087053166,5209.091955064702,2.0,10.766535314191092
12003,3584.6683109882974,2713.240777095486,2.0,10.765901488986806
12004,2856.5254414992755,4789.949469360947,2.0,10.765606418771066
12005,5658.644945188807,5064.92253556197,2.0,10.758902970753297
12006,8339.634922573212,5379.12692712169,2.0,10.755336752789367
12007,159.2048500990833,1895.8081022002434,2.0,10.753403172991792
12008,920.6572697747783,5356.992014932888,2.0,10.750789281787275
12009,9249.499166408306,3692.1880644179673,2.0,10.738516430627346
12010,4416.322541051903,5856.0576031841865,2.0,10.735810747757672
12011,2046.6823639446002,671.9366684027467,2.0,10.728781398009918
12012,4928.219390010261,1296.0871881237988,2.0,10.719369426926123
12013,6244.051663544273,2337.32013198044,2.0,10.717922883269969
12014,6146.538537627209,1509.031413814065,2.0,10.71464506460023
12015,3435.620083582269,964.9263381449736,2.0,10.712944497078803
12016,5722.519310415709,85.03662738852896,2.0,10.704376171614769
12017,5641.974100120418,3719.5116222992274,2.0,10.688206744065711
12018,554.0423740970951,4681.419042642765,2.0,10.682576093391438
12019,1174.5689442899609,1088.181056315502,2.0,10.682039964371796
12020,8669.02058266911,4263.562878023938,2.0,10.681080331859949
12021,4924.5160956516565,1497.0118594099235,2.0,10.679179624565212
12022,5432.092626995948,4903.51601593836,2.0,10.6756964020796
12023,6139.818132899982,3113.6218052606023,2.0,10.67418997306035
12024,6015.454165341428,5841.185820617836,2.0,10.661279245951965
12025,1059.5154404176747,4419.003994626048,2.0,10.655288113307282
12026,6915.51125922275,4617.113368130967,2.0,10.648777928957154
12027,2883.5043270022607,892.8035826195095,2.0,10.647877001716934
12028,5994.579855865814,4296.04925106601,2.0,10.645498862657863
12029,9265.296693774599,1539.0109513308116,2.0,10.644770823831877
12030,251.5202987024371,4976.050500688945,2.0,10.64036402170059
12031,1657.8915770586352,1167.6016239446617,2.0,10.634068659287069
12032,2142.1030364853855,2349.556926416,2.0,10.629068127590891
12033,2492.04409927235,3473.7420097551208,2.0,10.623612268629493
12034,5982.020669262954,3859.5725449773827,2.0,10.622997723236187
12035,1107.0582521699318,5119.2955954874415,2.0,10.618140867913791
12036,535.5712429556963,3733.0545024804856,2.0,10.617724041745674
12037,2375.3932474426033,3407.0462628150244,2.0,10.617297379246066
12038,205.97975131674002,1711.4904551046977,2.0,10.614263151880662
12039,7293.452995424686,2761.0356972646273,2.0,10.613884548470411
12040,1999.043897496687,5981.527498306799,2.0,10.591252769887173
12041,6391.106835052156,3517.6241418725413,2.0,10.589951310450878
12042,4934.092421050678,2073.6356682741184,2.0,10.570848865361059
12043,736.6541118127512,4053.0772718375315,2.0,10.569250699793042
12044,578.5542857102731,3866.976969562688,2.0,10.564051648311134
12045,9152.0087962972,2595.5215932729534,2.0,10.554842572433119
12046,4096.605580415936,4805.979149149518,2.0,10.551339809592665
12047,7976.568468071784,3809.0,2.0,10.54710325897915
12048,2569.5631181638105,382.09016213157867,2.0,10.546268834715779
12049,8076.59712768076,464.9861431768212,2.0,10.537136389238048
12050,1919.0075292764518,2767.478048987653,2.0,10.534811485467934
12051,2335.916951443156,6245.61543070213,2.0,10.532266868307309
12052,2568.404372782362,4185.980733006326,2.0,10.53026218805456
12053,5072.002744141572,5915.595865581257,2.0,10.527684416382964
12054,7326.565831454132,5798.8943249748245,2.0,10.523390641434302
12055,5615.9880561360915,1965.0596052296148,2.0,10.517546292392222
12056,8380.107326417785,3203.546254800567,2.0,10.50893649178414
12057,6964.639220840967,4734.893997997407,2.0,10.508071040860212
12058,6375.919473340894,4909.748405371996,2.0,10.507156216099565
12059,7824.999418512154,3717.3817496417864,2.0,10.493425622955503
12060,3352.470400320307,3013.023320945074,2.0,10.492295214516652
12061,3449.0931674252356,1957.6671980598398,2.0,10.481479770733237
12062,2977.525320128588,362.05865053941255,2.0,10.472552561205921
12063,8569.45203663243,2539.0329784071732,2.0,10.470869665615604
12064,5596.527738793971,5977.069883770468,2.0,10.458662829740804
12065,4441.0459598723555,1135.3645304495515,2.0,10.458483855437356
12066,441.2570162033366,4189.889571951604,2.0,10.458215528265026
12067,9404.398575883397,4924.92780974024,2.0,10.453333878578643
12068,5969.449490136124,1884.9216765913636,2.0,10.44748409727847
12069,5483.964349477091,2421.50009887927,2.0,10.438536502037856
12070,9512.45697085033,1698.9005467884454,2.0,10.432624003396118
12071,6951.001021826834,485.61360205755045,2.0,10.428734171588069
12072,4338.560616581764,3168.874948892211,2.0,10.424759800390847
12073,415.0936819344394,5291.539961053414,2.0,10.422057673874564
12074,6216.415970108117,4244.111339048294,2.0,10.419155086155147
12075,4612.910275076401,1001.3871352347871,2.0,10.412420623288016
12076,4874.558488414627,65.02295108108065,2.0,10.40669421725095
12077,4407.094792164331,5017.737462448777,2.0,10.400437754311215
12078,3307.4291194879,6053.8794934398775,2.0,10.397354449350104
12079,3720.4839568898155,2075.0289292787666,2.0,10.380745090572631
12080,2580.7993820454712,5833.673937133229,2.0,10.367790671851132
12081,9301.85255357251,1441.5990250333323,2.0,10.367345510650095
12082,4436.9653466795,5465.495896137437,2.0,10.359842194224344
12083,9235.48045766406,3472.0018138392547,2.0,10.35816475832006
12084,3020.47189028673,5741.934176786579,2.0,10.341985257894388
12085,3261.416892300557,6115.08624072249,2.0,10.323355018103019
12086,5146.570970529648,2970.946664872111,2.0,10.321928764367708
12087,7547.563516987016,3209.0003372287874,2.0,10.318074591051285
12088,6550.028764833558,3385.5008197758502,2.0,10.305174001702857
12089,7114.9999351429005,1785.4165182282807,2.0,10.296223177045958
12090,592.3803381620988,2467.937054031086,2.0,10.266530636165694
12091,298.83542135681034,300.9715909022615,2.0,10.266380585315511
12092,3993.584764970119,2650.0,2.0,10.236073261566933
12093,6330.506894036616,2300.118999556273,2.0,10.227696077227524
12094,5992.582050069777,4173.8760434866235,2.0,10.224027372175366
12095,9168.332746188991,2658.9745166024322,2.0,10.2144880623198
12096,5672.466851669823,2937.1104544605996,2.0,10.21029223320928
12097,4240.5269243736675,3561.0,2.0,10.19763159188074
12098,8214.959581608793,1255.5808521036988,2.0,10.192459464063084
12099,6303.0,2561.5683386690625,2.0,10.181857487291904
12100,3648.377739096888,6159.061408936815,2.0,10.181055279501829
12101,9214.072440513017,757.375546712294,2.0,10.17243920761996
12102,3756.3332080744813,5402.961162037546,2.0,10.16891325317
12103,9423.673563276729,4079.036487648931,2.0,10.154983931487713
12104,1407.3157591315967,3484.9228757955343,2.0,10.147068126885335
12105,5816.942055849732,2511.6395990355363,2.0,10.134547006319515
12106,1622.7637549257702,5903.725408219624,3.0,10.131714124096908
12107,6081.532074814805,1929.940620278042,2.0,10.131178230498561
12108,6115.444778046468,1835.0,2.0,10.121729629657468
12109,5027.4180650559865,1428.989737840678,2.0,10.105567784843837
12110,686.5616737466589,3534.9551103811136,2.0,10.090517448567203
12111,2035.9395519573025,2493.4485568796113,2.0,10.078246779941914
12112,346.4096588899215,2356.997626484768,2.0,10.061469933423057
12113,4550.972509346269,2246.681798852294,2.0,10.061401578099602
12114,6453.707511429479,1595.0128419192288,2.0,10.060180451175356
12115,3633.1430100401462,2221.4380392387006,2.0,10.05336049050242
12116,1273.0459258208189,2713.6382112466604,2.0,10.047405842773937
12117,5514.643679856633,68.86928954317298,2.0,10.046705020665136
12118,7229.97222057736,5543.368438843296,2.0,10.033992350800236
12119,4867.9313031160855,5583.503880521146,2.0,10.013781771040431
12120,4039.5694381479457,1502.9657793828246,2.0,10.011284119392958
12121,4596.897953120581,207.37032025226466,2.0,10.004819288357735
12122,2069.0569330334492,339.3990881876368,2.0,9.984595568011738
12123,1480.0650231918323,2059.422916518689,2.0,9.982349576360956
12124,4422.434579044113,2157.3336362272685,2.0,9.976609010180589
12125,4565.478049537817,4192.985429174776,2.0,9.973369221242915
12126,2228.695089559521,3593.0340307066244,2.0,9.956352948979704
12127,5899.065003942753,1613.4216764771286,2.0,9.934402679740735
12128,4839.542847722519,5920.066707751492,2.0,9.921070174110408
12129,2453.585061399691,5224.9976805051265,2.0,9.918113793497087
12130,7867.975906103076,3643.4552873885514,2.0,9.908601629856003
12131,4016.0,4537.5902704670525,2.0,9.906558136334898
12132,4692.562107469882,4592.995983207842,2.0,9.896012732414192
12133,3570.0488565573323,5238.401937410687,2.0,9.89107159172227
12134,5409.378800715075,5762.970151306686,2.0,9.878951609916285
12135,1697.0405387091648,5043.565957771312,2.0,9.876856733748667
12136,3860.539921755998,2709.9929387452403,2.0,9.83273351046157
12137,7416.47748218544,3461.8856017585686,2.0,9.814479159818303
12138,351.82173167183555,3070.910670737266,2.0,9.812760669605225
12139,3931.5161187084022,1138.0076644049705,2.0,9.804226134134424
12140,3950.5070116446564,3388.8717933539524,2.0,9.784694563134186
12141,6945.87978680877,3025.328250384592,2.0,9.784288606204353
12142,3206.485241626775,766.9298215543713,2.0,9.778442505016873
12143,5584.02381343584,3885.4635366692746,2.0,9.76164839847436
12144,708.4405599686711,5966.993094139075,2.0,9.761155756477056
12145,1272.4805421326748,2354.999528366225,2.0,9.730539900075879
12146,2613.9000929995696,3203.629725078146,2.0,9.681107281112263
12147,2856.4565423005674,4677.139579361792,2.0,9.644942906545078
12148,1146.502956564729,5196.028349232168,2.0,9.624750113275748
12149,2621.022927214881,1575.2820288458026,2.0,9.58697978991501
12150,5998.052250011382,2723.4419408637223,2.0,9.579311637016733
12151,1876.0947042734133,1877.3800811092349,2.0,9.568735707399195
12152,5640.015016482429,1273.515643168251,2.0,9.566769974692173
12153,6515.549388302253,4649.955745815894,2.0,9.565289764247066
12154,1330.4765458904908,4171.020099853064,2.0,9.516891513553034
12155,8861.032838732172,942.6665144655115,2.0,9.514648145341148
12156,3783.9790163750245,6115.558556235621,2.0,9.425292136398937
12157,4979.544563151164,5208.940257346943,2.0,9.380369514304922
12158,3030.035345129865,4161.518043698904,2.0,9.34936315823423
12159,1091.960049397752,2881.549873648451,2.0,9.346249500173826
12160,3847.4874263373017,3284.0214402574256,2.0,9.3276601528286
12161,7767.4448085642525,3340.9042437224807,2.0,9.286974511192815
12162,7149.029037943198,4247.522118614376,2.0,9.17983168406582
12163,1712.900517717422,566.1058173969342,2.0,9.139587536157281
12164,6488.558155271013,267.02262488484143,2.0,9.108693552003578
12165,9135.015163640144,2183.1284913543223,2.0,9.065308678574091
12166,1567.0387178287888,3575.4110215756937,2.0,9.044492708155992
12167,5155.571103151123,4166.0,2.0,9.032872200832944
12168,6646.495913145968,1920.013424484094,2.0,8.998659705445183
12169,744.4205114757955,5213.948467578784,2.0,8.919404721765886
12170,8089.214366248521,546.9846672235576,2.0,8.774666571230139
12171,5180.109217834893,6010.970570470658,2.0,8.401436912360857
12172,2399.8218917652193,6301.010882972384,2.0,8.31971574183045
12173,5766.166507997928,6241.100676513019,2.0,8.032801136318689
12174,7732.326674000302,6082.832029675635,2.0,7.834140844123301
12175,2762.0242916893912,2491.0115590067808,2.0,7.716515194377571
12176,7231.064487828457,2178.7894788189815,2.0,7.58020826123048
12177,5374.774407512972,123.0,2.0,7.4586654947459685
12178,2459.8704373590144,1499.7110828116174,2.0,7.3685249696232304
12179,3649.071869063463,4708.8843057701215,2.0,7.312678378127275
12180,4691.952410228697,6032.722309773956,2.0,7.031269803730499
12181,7492.195983849854,1937.2004781866594,2.0,6.763796229327177
12182,1352.970683584008,5212.873693099484,2.0,6.613090851207003
12183,8114.183904753517,4325.768497142643,2.0,6.319751527487906
12184,8686.054106370837,1404.741440468578,2.0,6.30086783302297
12185,8638.839249671095,5883.058377025102,2.0,5.799647866235357
12186,5471.103106332179,4297.020108140878,2.0,5.709262806020778
12187,1955.1364886329611,4506.847483931878,2.0,4.950083269758713
12188,6703.02591072279,6061.05182144558,2.0,4.682916330406824
12189,9.51048274697138,3539.962725924093,7.0,0.0
12190,9.204900862307992,5057.412595688825,3.0,0.0
12191,6.266049195608909,4433.996831824014,2.0,0.0
12192,8.263465993200995,4056.9974478623567,2.0,0.0
12193,4876.9721940799745,9.957335232762425,2.0,0.0
12194,8675.940515969722,7.207914130543513,2.0,0.0
12195,7863.408237465918,6.963607303950554,2.0,0.0
