px,py,gaia_px,gaia_py,magV,ID,match_dist_px,LON(obs),LAT(obs),LON(catalog),LAT(catalog),r_solar
2352.1650499680377,1092.54319530637,2352.026133602823,1092.6241373103692,5.317730903625488,gaia_full_461,0.1607773756965484,7.2058040094925175,-21.420863241976992,7.202463827710086,-21.419096690051298,83.8348971374667
2012.97188104376,3051.0465629533187,2012.8938552666716,3050.9829629742235,7.2203850746154785,gaia_full_2306,0.1006627002974143,-0.807939786162913,22.59033073081582,-0.8097866389586771,22.588896491398156,83.85630331265979
3051.7501105634697,2073.378407041646,3052.034229364701,2073.370297643972,7.073012351989746,gaia_full_1284,0.2842345080100118,22.607661316999828,0.5782331305141609,22.614053715834363,0.5780467938027903,83.92320591263766
2365.964915667549,1095.824945644964,2365.8353687916074,1095.9082466464954,4.440128803253174,gaia_full_139,0.1540176935368559,7.528972175423014,-21.342224711399535,7.525850016997155,-21.340404273336134,83.9495818052352
1384.0971262765431,1295.967163316357,1384.1333539374132,1296.008795664093,7.920535087585449,gaia_full_2595,0.0551878228427214,-15.356883163544246,-16.701271213333822,-15.355993949443347,-16.70036762207527,84.16714983928476
1724.6538511946114,1093.212189869977,1724.8601536931208,1093.20987317861,7.505261421203613,gaia_full_1873,0.2063155058401631,-7.610831272578281,-21.39956513352196,-7.605963814094559,-21.399694637103163,84.25612412927379
1924.919146204477,3050.4836780418777,1924.8076362681857,3050.11822478427,7.8060832023620605,gaia_full_3720,0.3820870965997089,-2.8983472390031806,22.569162055904183,-2.9008767127020594,22.56092631781318,84.38775304695857
1936.6297755934104,1041.4208599460112,1936.751583083515,1041.4823711632066,7.360665321350098,gaia_full_3015,0.1364576655466791,-2.6209467920016163,-22.617976063318174,-2.6180364401328715,-22.616609247091993,84.46556685298799
2180.998091572738,1043.519742256257,2180.8581824373987,1043.5331364742683,7.632812976837158,gaia_full_2819,0.1405488215087205,3.1812577765247583,-22.56719741000094,3.1779316752710964,-22.56691938823879,84.54699834093532
1375.058878870087,1297.620727211164,1375.1896100797362,1297.639788275908,7.8653459548950195,gaia_full_2932,0.1321134866904643,-15.56404857798667,-16.65915715126989,-15.56099962991203,-16.65881200304981,84.57105730378909
1106.7165787845038,1677.317836817595,1106.820605199445,1677.2420169905365,5.678531169891357,gaia_full_288,0.128725060422353,-21.302162876042228,-8.128567620798403,-21.299867328132063,-8.130275697401654,84.58122846703239
1685.8474718405637,1102.486715530321,1685.9362206285423,1102.3916764792043,7.8310980796813965,gaia_full_2640,0.1300337210296417,-8.518504249503927,-21.17624984839228,-8.516495356362494,-21.178416731298263,84.68451885571328
1032.4468278774157,2032.8305265523452,1032.481335985094,2032.637629802764,7.120218276977539,gaia_full_1480,0.1959590913801469,-22.827674601630747,-0.3104453376093168,-22.826904418118907,-0.3146721684634027,84.69350238266674
2291.440858091694,1062.3077856071,2291.193769542346,1062.2536717969974,7.637089729309082,gaia_full_3147,0.2529447680077986,5.79089039174375,-22.1194049473539,5.785071984198463,-22.12069331541123,84.82548135499972
2058.3318126377853,3065.044152323453,2058.179722611306,3064.678938540479,7.984323024749756,gaia_full_3575,0.3956165863923565,0.26947776357440484,22.905912660856792,0.26584999454821884,22.897697536260374,84.95381682572692
1775.877256764528,3028.12789926338,1775.9943617849003,3027.776074763552,5.81754732131958,gaia_full_408,0.370801920809075,-6.420360333738823,22.03106811390021,-6.417344078467576,22.023208179460255,85.10182742421979
1810.156558583805,1056.39289347672,1810.483414370191,1056.5163877127552,6.541458606719971,gaia_full_812,0.3494074003622553,-5.614557011251971,-22.254472060488414,-5.606734523294015,-22.251792482107504,85.1320439070135
1902.6412585975256,1037.237235049901,1902.7415306236624,1037.2806212744308,5.6451616287231445,gaia_full_524,0.1092558634790686,-3.429613585592403,-22.706678473283507,-3.427214915347156,-22.705720942222786,85.190049671723
1896.5137143220436,1037.950526768593,1896.5983623438124,1037.974803912954,6.091864585876465,gaia_full_1124,0.088060588958382,-3.5748919311425156,-22.689515343603514,-3.5728715408370286,-22.68898534397873,85.21104196464155
1858.5107055917608,1043.4945764889071,1858.6214289226784,1043.5720183889464,6.981494903564453,gaia_full_2748,0.1351181108924075,-4.474804664373902,-22.55689528508201,-4.472137948346014,-22.55518056336807,85.30634402232981
1998.5371813039892,1025.6596970402588,1998.620776981938,1025.8182972040076,7.402482509613037,gaia_full_3105,0.1792825962352925,-1.1529022211524553,-22.978674174685413,-1.1508928405344745,-22.97511104245706,85.3421615591393
2276.5249292155995,3042.5313904889904,2276.5399302136716,3042.301014916579,7.828867435455322,gaia_full_3267,0.2308634538143413,5.444037079523772,22.367167205553795,5.444254954464207,22.361987981971414,85.38393191118284
2093.0451423212344,1024.6087997479149,2093.138123042555,1024.7601577239902,7.495676994323731,gaia_full_3630,0.1776362898143647,1.095518270223177,-23.00246203344626,1.0977116039880248,-22.99905128858833,85.42123299606904
1563.5944979144035,2944.190414221675,1563.8129814742738,2943.5390923994573,7.49950122833252,gaia_full_3294,0.6869899431799813,-11.346422887904467,20.059484448123182,-11.34058151124789,20.045046393588795,85.44147917691139
2009.3062339107216,1023.9938012826896,2009.1059222964,1024.0940139613413,7.523916721343994,gaia_full_3539,0.2239806326328432,-0.8968839863211098,-23.016740868841712,-0.9016398968120727,-23.01447660891795,85.44682816837451
2427.647527520933,1100.4094061878177,2427.4813457406044,1100.4767571077348,7.0971455574035645,gaia_full_1818,0.179311267149942,8.98005183168465,-21.21444698796896,8.97607065402113,-21.213011334521514,85.45348079742284
3069.5473277066385,2105.4500000642247,3069.662398690856,2105.442337948628,6.159683704376221,gaia_full_400,0.1153257968723841,23.01122780982572,1.2800587950366646,23.01381629272379,1.2798831681328289,85.51081157985948
2343.4187959120572,1068.416676931091,2343.272502404248,1068.493931386025,6.817006587982178,gaia_full_1503,0.1654389350616065,7.017285810353559,-21.96532323985659,7.013765255574385,-21.96364176176813,85.53661037083104
3045.560665806424,1822.8760275770187,3045.768754548624,1822.8658014217265,6.940016269683838,gaia_full_1498,0.208339863882453,22.52403441588505,-4.914156194365876,22.52873260545532,-4.914327176772567,85.54465060729277
3000.150280410067,2414.811818282437,3000.4274362775404,2414.788047965807,7.372713565826416,gaia_full_2815,0.2781733323445549,21.592046858074585,8.082306936757575,21.598303893786905,8.081673111224408,85.55315864062922
3028.9306729719337,1759.8029599310216,3029.0262819567315,1759.85402483422,7.506107807159424,gaia_full_2820,0.1083914309930936,22.184804568902415,-6.302194912397562,22.186931485751895,-6.301043768966403,85.56626167797296
3054.701735233958,2233.5732215871717,3054.915301237609,2233.554060433371,5.994452476501465,gaia_full_491,0.2144238506566962,22.712686958089623,4.088962780940164,22.717491906862538,4.088497080195063,85.63356425129221
1043.5593933886505,1837.3134245516353,1043.7187433425934,1837.140945146634,7.038961887359619,gaia_full_1050,0.2348223860094585,-22.6270067440483,-4.59647660533603,-22.623495802839493,-4.600295254149758,85.64843245167849
1022.3891790281202,2107.7728430295047,1022.5345389097092,2107.4839321512977,7.6880035400390625,gaia_full_1810,0.3234176722473134,-23.057981644304366,1.3307824966508663,-23.054670281262304,1.324466355920203,85.67146942940809
2119.39702774439,3070.5536329000456,2119.028846156195,3070.807154038636,7.835087299346924,gaia_full_3168,0.4470242158965614,1.7227065428479282,23.02663995263952,1.7139951616036218,23.032376900593167,85.6840100233169
3064.4019703379067,2181.501637473317,3064.413776290884,2181.4255072145083,7.655040264129639,gaia_full_3307,0.0770402286597411,22.91218418151665,2.946328162639012,22.912426656592093,2.944658747716628,85.70184965250519
3041.792619742929,2295.1776016966787,3041.992147603096,2295.1168505222445,6.953616142272949,gaia_full_1384,0.2085715037530868,22.45181390022667,5.442525959925091,22.456282366103597,5.441137642860219,85.7211419184328
2997.171632567792,1666.1075449230484,2997.349270178873,1666.0770577832243,7.211524486541748,gaia_full_2831,0.1802348095270029,21.535236148806717,-8.370864601579633,21.53928582051414,-8.371460374620487,85.73170494327748
1483.4366649140247,2899.5405219507734,1483.5665713815083,2899.191787838862,7.771551609039307,gaia_full_3364,0.3721440193051001,-13.17086232932265,19.018705389251142,-13.167409083119775,19.01100703287643,85.79404131001206
1452.8590137767262,1215.7082757327253,1453.0474919924918,1215.632522530368,7.692439079284668,gaia_full_2233,0.2031319410766147,-13.85832151581779,-18.527378447639123,-13.854022162043968,-18.529177105413808,85.83135430427008
2028.9506620987463,3075.521847391012,2028.952759639219,3075.1926343522728,6.578073024749756,gaia_full_1328,0.3292197207824885,-0.42973633194607425,23.14153425843931,-0.4296702146264983,23.13412708886068,85.8400224317662
2901.822840082419,2608.3756486351112,2901.8914545459234,2608.331178129176,6.187056064605713,gaia_full_661,0.0817653380113956,19.543894361459678,12.39049871035252,19.54541182568238,12.389479544897991,85.85203677988201
2374.2304783369927,1074.5126824162971,2374.0690529918475,1074.6578208612714,5.8808488845825195,gaia_full_2519,0.2170790415144108,7.741389659003044,-21.81707819286905,7.737452241632491,-21.81388622957111,85.8673833489098
2137.8969222413552,1022.5045430657932,2137.727515742421,1022.3934604325232,7.668722629547119,gaia_full_2152,0.2025781658899957,2.1631356042761882,-23.045913993880824,2.1591315540065197,-23.048432198206896,85.88166974626887
1694.941414405438,3012.1915924764016,1695.1721516319008,3011.7592335035188,5.043727874755859,gaia_full_242,0.4900754524642272,-8.322060398597063,21.643496632403135,-8.316228040506184,21.633901288587744,85.98523558213736
2004.6242228482088,3077.544112464451,2004.68421961476,3077.191409474701,6.046288013458252,gaia_full_592,0.3577694941931528,-1.0091548065793339,23.186097295187615,-1.00768529152129,23.178165164174594,86.06982389549368
2662.1159542129276,2866.2048655260232,2662.155214073942,2866.153690003011,7.081343650817871,gaia_full_2011,0.0645001615687772,14.331874977952932,18.245762460733385,14.332724883729753,18.244599941077343,86.07379430884714
2367.958712874585,3023.2903706709117,2367.663970658889,3024.2813874345425,7.41871166229248,gaia_full_1001,1.0339183717831877,7.59616145617475,21.904799626088916,7.589995714131358,21.92714036057203,86.08299533023337
1083.8413734428386,1684.9698458209093,1084.0271657641183,1684.8891439189838,6.974672317504883,gaia_full_2101,0.2025625424921586,-21.81404103038658,-7.951319845595226,-21.809898955318623,-7.9531660662781505,86.1243174307574
1022.0816635967634,2164.1921373603705,1022.1271634891334,2163.979623217228,6.050293445587158,gaia_full_848,0.2173303964963494,-23.076436123377515,2.5661481647191056,-23.07535452327206,2.56150117915069,86.1330050803398
1585.8116819077566,1128.853064604382,1585.99293180944,1128.8644150077876,5.4396467208862305,gaia_full_229,0.1816049517985126,-10.847611726446194,-20.539416988526987,-10.843338991664867,-20.539256473016493,86.16541928750851
2819.4297406112696,1372.261729158614,2819.3195847097168,1372.1989372350354,7.030551910400391,gaia_full_2051,0.1267956951698674,17.790067397132933,-14.943305844868517,17.787611144191597,-14.944762850150317,86.18985393944043
1729.828177682569,1066.956494919771,1729.9568483706566,1067.0010564280567,6.4643354415893555,gaia_full_639,0.1361685499431589,-7.509598391123582,-21.99043104812152,-7.506516903585354,-21.98948057820657,86.20103167091621
2263.2576775560256,1038.0103726384718,2263.1547621575155,1038.090032115084,6.596890926361084,gaia_full_1313,0.1301430423212256,5.137065162703169,-22.673161685459146,5.134575224631803,-22.6713996324945,86.23863842343924
2786.483322556187,2760.016416535334,2786.414440902415,2759.959807504762,7.704363822937012,gaia_full_3517,0.0891586483109248,17.079258682626516,15.811202682381099,17.077597076410473,15.809991486933532,86.33784432176353
3070.308551739186,1899.319181389419,3070.317872512828,1899.2108128619864,7.329262733459473,gaia_full_3403,0.1087686285615961,23.049465718267705,-3.233991209250427,23.049712433192585,-3.2363625434201717,86.35084606749335
2842.9248009847583,1396.4677256922755,2842.8378406096735,1396.4378412649185,7.232671737670898,gaia_full_1718,0.0919520844426471,18.30015438039284,-14.393593217892315,18.298193650069738,-14.39430674320414,86.37129890655751
2251.731703885119,1034.486975499958,2252.392812815733,1034.089952534012,7.341686248779297,gaia_full_1163,0.771162922881016,4.865235051914586,-22.755353241260888,4.8811604934137005,-22.764105182907045,86.37211597919747
1118.1040919392638,2495.6441314376125,1118.3586672422596,2495.2298548095996,7.016141891479492,gaia_full_1661,0.4862444955093466,-21.11322338079652,9.869395414018504,-21.107042370191518,9.860409500354772,86.42824450236465
1143.4790477267711,1550.722196750007,1143.7487139674563,1550.6577226584836,4.473714351654053,gaia_full_67,0.2772666403356958,-20.58386182348192,-10.929936485732988,-20.57778939854341,-10.931495644465777,86.44481247151383
1730.9264569465552,3030.8800139353193,1731.0922120616308,3030.570058156285,6.009954452514648,gaia_full_735,0.3514930200309076,-7.486705764770029,22.076905526716413,-7.482529921466937,22.07001620062313,86.4552289453095
2832.1093033528496,2711.5263227723517,2832.780484544059,2712.300566052176,7.302323341369629,gaia_full_1469,1.0246642610079577,18.068965807603607,14.709622556208865,18.085366961244976,14.726332695233811,86.52457111788794
2487.5680988274753,2980.8106252328066,2487.582227049463,2980.638190298734,4.984288692474365,gaia_full_324,0.1730127542845508,10.379250051681424,20.9001656057904,10.379400766868631,20.896301467715784,86.55971831806451
1036.9546802127588,2277.4919735260373,1037.010995050657,2277.33633384998,5.994041442871094,gaia_full_1685,0.1655145604795566,-22.786343887053082,5.050721884116001,-22.784991967105178,5.0473269269540335,86.57911404418905
1163.1422600912963,1514.2512422646384,1163.2311234500405,1514.1946933462536,4.823914051055908,gaia_full_135,0.105330321834671,-20.174819246904097,-11.743460570791994,-20.17285448698605,-11.744754816483722,86.59913821947661
1038.1793414620463,2284.5890306742517,1038.259174648704,2284.2557768345264,4.915503978729248,gaia_full_125,0.3426827386717801,-22.762500592982267,5.206545942645776,-22.760519514604628,5.199266132123812,86.61425868066345
2327.598583268424,1049.337011469176,2327.545576358085,1049.2445185835936,7.606930255889893,gaia_full_3026,0.1066051894941789,6.656685348332285,-22.399055231648497,6.655495991547411,-22.401149509843357,86.69633406669064
1975.772121344812,1010.444924545768,1975.8579016006715,1010.4584304705844,6.277394771575928,gaia_full_1322,0.0868369869380821,-1.697413209618341,-23.319232123785312,-1.6953664012328307,-23.31893612874088,86.73918078287984
1013.159020659737,1941.5914763145167,1013.2853000008032,1941.453841673995,7.181210041046143,gaia_full_1620,0.1867880249151375,-23.274284853667034,-2.3070308569152638,-23.271475731497244,-2.3100587799102534,86.7590846558233
1987.5442948456853,3084.9285082732727,1987.682308663551,3084.5994510573764,6.493785381317139,gaia_full_1642,0.3568283414406454,-1.4171026876459494,23.351118546291875,-1.4137594673108025,23.343726117825717,86.76148883751448
1065.472025986272,2382.4488468343616,1065.5621267327183,2382.153149943174,7.461925029754639,gaia_full_2982,0.3091193878879186,-22.209193103475844,7.36083783982398,-22.206933701131106,7.354385509263639,86.78580608249807
2298.594252570575,1039.0328538142053,2298.4775150741293,1039.0653215524326,6.468163967132568,gaia_full_800,0.121168465790422,5.975597531582459,-22.639919027101186,5.972803943394628,-22.63922641508875,86.8630103871579
2822.881041079511,1363.6966139953977,2822.8433332539507,1363.8186076064744,7.604359149932861,gaia_full_3065,0.1276883755555428,17.88031338020381,-15.130669529576585,17.879289893780378,-15.127994256229242,86.88806208942036
1877.4085340374336,3073.502887230925,1877.5437735968144,3073.230690745768,7.5256500244140625,gaia_full_2992,0.3039418775907652,-4.036645529351728,23.07805903353229,-4.033301758061926,23.071969213897084,86.89266113315377
1530.6007041153675,2944.843451528486,1530.9571195762765,2944.4818531777264,6.710616588592529,gaia_full_2969,0.5077256621908223,-12.121048616398799,20.05613634028055,-12.112264279810802,20.04826494441728,86.89714253992615
2768.3486685249677,2788.113739649786,2768.285027541074,2787.991193620462,6.513743877410889,gaia_full_1038,0.1380858578349235,16.69655646289094,16.445288145899596,16.694925457243055,16.442611818114525,86.93199215387037
1828.2864054162708,1030.0133644595298,1828.453662376235,1030.1050121561634,7.856141090393066,gaia_full_2556,0.1907201902124523,-5.200056411338867,-22.852161910112738,-5.196026829949761,-22.850148809285113,86.93578992286855
2915.793453491514,1483.150834183162,2915.856180989122,1483.0379776865666,6.998335838317871,gaia_full_1345,0.1291174960258396,19.865898615070755,-12.437142234696637,19.86746159231514,-12.439593822426826,86.96202916144836
2009.6593478444547,1005.8284109886616,2009.6972229699968,1005.8935116319508,6.570777416229248,gaia_full_994,0.0753167902361324,-0.8903374657635706,-23.425461020505182,-0.8894276720820926,-23.423998144502217,86.96323563780491
1635.8413569355123,2998.9813354551115,1635.5012442343009,2999.6712654674866,7.936460018157959,gaia_full_1290,0.7692074307371871,-9.704900781022799,21.32115978189315,-9.713621528369323,21.336440705882694,86.97299809379591
1756.4509131175923,1048.5679671414475,1756.6158395014006,1048.7069893963098,5.552955150604248,gaia_full_2770,0.2157032670663038,-6.893255381252836,-22.41282565225246,-6.889238208894255,-22.40976466216744,86.97782533520417
1056.9299625127726,2367.5746677776106,1057.0737426992137,2367.2259621356775,7.034153461456299,gaia_full_1359,0.3771847912217276,-22.39143232819553,7.031460686480677,-22.387930426431833,7.023866873936445,87.04860710402392
2310.4427621352916,3054.270001826349,2310.425803877664,3054.063966898588,6.5423359870910645,gaia_full_1159,0.2067316472124449,6.256453745494342,22.62047697205056,6.255907595853729,22.615856720484025,87.0532886739798
1444.432425688135,1204.0328571649145,1444.567990196735,1203.9826950869128,7.378954887390137,gaia_full_1769,0.1445474664648974,-14.069387635990473,-18.782263159289734,-14.066288760360525,-18.783462566128055,87.05847352023247
1801.54062070561,1034.6397198875268,1801.794376033336,1034.9627139635384,7.307985305786133,gaia_full_3252,0.410751676184013,-5.83278480894896,-22.740473447771528,-5.826545425217159,-22.733297400606393,87.06420395173375
1415.3667190104088,2869.0609610499605,1415.5574073489693,2868.745033220686,7.631515026092529,gaia_full_2017,0.3690154953022051,-14.720043934796509,18.29917594951099,-14.715197102415905,18.292268422048792,87.09523536485604
2563.9935260766943,2946.89219747218,2563.969552907867,2946.785056169609,5.507355690002441,gaia_full_180,0.1097905803803081,12.137401016554437,20.1015322635234,12.13671217313558,20.099154291906327,87.10563886262997
2211.8019644584197,3076.896878499047,2211.650992516394,3076.692474170107,7.413458824157715,gaia_full_2333,0.2541134726228716,3.9241781879878097,23.155375170784904,3.9204920038487807,23.15081166327663,87.10994861232052
2471.7695489735543,2997.3919666023157,2471.7739652880805,2997.183405775345,5.8123602867126465,gaia_full_850,0.208607579873668,10.02432946563853,21.278982538522882,10.024216731871721,21.27431344961958,87.24816722075231
2722.57078208496,1258.9404469979338,2722.5746442818786,1258.969738700211,7.844549179077148,gaia_full_2962,0.0295452261347808,15.697290551666805,-17.515946996337135,15.697341837089377,-17.515294114496676,87.2569009517796
2138.503175692672,3089.599205482454,2138.5039447435756,3089.424481223938,7.554539203643799,gaia_full_3053,0.1747259510012639,2.182100748882444,23.453071197806825,2.182074800035557,23.449140848337116,87.369732690168
2905.383127306356,2635.259674084679,2905.2986094218627,2635.0503616225583,6.595991134643555,gaia_full_1292,0.2257320969605675,19.656427334639734,12.981301036415335,19.65424458852934,12.976735721108756,87.37456425927228
3082.878418129422,1899.5024705569065,3082.972712214905,1899.4498956879725,7.010672092437744,gaia_full_2039,0.1079606011495828,23.332511921973083,-3.227803084901555,23.334653710384426,-3.228937121311003,87.39402369184357
1388.998037433808,1241.2664742913234,1389.147810566171,1241.384181842992,7.754244327545166,gaia_full_2003,0.1904916242191721,-15.312309044618871,-17.91966906912526,-15.30867287579704,-17.917148640037187,87.42926052381874
1262.0410710188469,2730.2140637207494,1262.265731777749,2729.764196776062,4.887579917907715,gaia_full_104,0.5028446325783148,-18.0892012563375,15.12298998044146,-18.083450153852464,15.113183503026024,87.43239352624241
3017.5572381149286,1661.568765524792,3017.8116551327385,1661.5615502692892,5.834080696105957,gaia_full_405,0.2545193094113251,22.000928596751105,-8.46189215084829,22.00669944250297,-8.461941042747894,87.4701482243102
1198.0731980819846,2650.7828206631643,1198.205501874554,2650.384321997466,7.632059097290039,gaia_full_2498,0.4198874612220877,-19.45859593542765,13.329253523351154,-19.455083618459952,13.320542950102565,87.47312808852732
1214.944511989719,1419.0641188850232,1215.1121042323052,1418.9456018187284,4.604874610900879,gaia_full_141,0.2052643534035211,-19.10152471551568,-13.872402648734742,-19.097827685179656,-13.87512117109485,87.57603842576964
1001.7154193545384,2148.327104615717,1001.8938748668512,2148.0486687367115,5.8479719161987305,gaia_full_395,0.3307157519568474,-23.53091121337331,2.216333830388899,-23.52682812111808,2.210265244973678,87.666429052401
1248.4525452757198,1375.4148671746111,1248.5803006664617,1375.3383371541838,7.402297496795654,gaia_full_1560,0.1489237519343711,-18.386964305042316,-14.85731948215191,-18.384123723956613,-14.859091539887894,87.69560143945878
3015.5899863973345,2445.3936060373053,3015.8114852108843,2445.2578212297417,7.360725402832031,gaia_full_3099,0.2598061553716812,21.967610859591684,8.747213499022049,21.972512146289045,8.744135279046558,87.73346279628369
2578.898252796325,2946.866514062747,2578.8697074255792,2946.662793772227,6.401576995849609,gaia_full_2253,0.2057104639062028,12.487007901013689,20.092440112467443,12.486091094325234,20.087911579836412,87.74722534279842
1489.419282357991,1163.3846008506616,1489.5426518828797,1163.3374125339858,6.879175662994385,gaia_full_760,0.1320862479665792,-13.068984909341411,-19.714925776420028,-13.0661544075649,-19.71605116063572,87.74882536950507
2366.9752760906495,3046.4930394883777,2366.8897398976715,3046.322706138413,7.323103904724121,gaia_full_2736,0.1906040146987886,7.592028954251838,22.4255899852067,7.589857710364684,22.421803267242083,87.81907646979279
3031.551664625946,2409.814978917366,3031.7433919945793,2409.7993510988113,5.49233341217041,gaia_full_287,0.1923632308830103,22.29900731005706,7.959868959263071,22.30333525725605,7.959447599997993,87.85420438705617
1954.5682719461429,998.3678382459389,1954.641062011411,998.4743971176068,4.480599403381348,gaia_full_66,0.1290472267538645,-2.205794048837205,-23.588665757586615,-2.204029577815543,-23.58627757848553,87.88386054544503
2861.249772138257,2704.6381754962913,2861.2090024496138,2704.582122948211,6.341769218444824,gaia_full_1078,0.0693112953159984,18.730130147481542,14.53927453897888,18.729121581903343,14.538062132392483,87.95939228054189
1013.6690232576004,1844.996866541769,1013.83534823068,1844.9075689181343,7.3887529373168945,gaia_full_3581,0.1887804604737997,-23.297245067003725,-4.421057104803659,-23.29353756530495,-4.423050817260963,87.96072425637612
2718.516525160159,2849.509867994178,2718.4304184017847,2849.4222353807854,7.43010950088501,gaia_full_3466,0.1228570257157273,15.622195848909435,17.839428465960196,15.620078120052478,17.837537787413655,87.96168842407226
2642.024143515414,2909.1316198211357,2642.082560190061,2909.1785120680006,7.612593650817871,gaia_full_2738,0.0749092163412786,13.917739922229398,19.213564751257906,13.919165380518582,19.214572753935382,88.02256347994248
1633.079814619916,1080.5652241039902,1633.2885817382837,1080.635229525426,5.791219234466553,gaia_full_1010,0.2201918907269887,-9.784869845489673,-21.64334066958191,-9.779865112193834,-21.641875911441183,88.10645702787006
1833.7158897515983,3079.80843466291,1833.7994279311515,3079.407761275179,5.516966819763184,gaia_full_283,0.4092893732786624,-5.080121583358397,23.209118022467457,-5.077898783975656,23.200138485387928,88.10762292981049
1918.450501187952,999.6520791599283,1918.310275458999,999.8314074991752,3.941577196121216,gaia_full_37,0.2276442582571194,-3.0671995615838226,-23.554594187423664,-3.0704808500160126,-23.5505379824269,88.1095138458962
2098.957255556315,3101.543950665654,2098.9450316517728,3101.277761182323,7.485381603240967,gaia_full_3650,0.266470007464675,1.2407852303861688,23.725471285527746,1.2404544388502237,23.719483365496078,88.11708381974695
2896.1295796245527,1431.241250454759,2896.0918377129215,1431.1884007987132,5.421928405761719,gaia_full_214,0.0649425749237748,19.47790243057038,-13.593278066765077,19.477102853384004,-13.594466796440322,88.11821189807537
1000.0218940415824,1914.4650177273,1000.1134035150616,1914.269610636077,7.533825874328613,gaia_full_2072,0.2157728320170593,-23.57759108292107,-2.898642188032704,-23.575591240497307,-2.9029301087199686,88.12355681225915
3101.537423174689,2109.0107259875494,3101.7662875512806,2108.975466622813,7.518977642059326,gaia_full_1964,0.2315645173039144,23.731624803854988,1.3556940621141884,23.736770013025808,1.3549062128519591,88.20430631692022
1303.5713979337988,1306.391302682971,1303.7852259920671,1306.341262920893,7.507697582244873,gaia_full_1456,0.2196051372158073,-17.20643493438592,-16.41989086959791,-17.20155792701336,-16.421138710623836,88.225943978854
3003.37362317337,1605.4869587485628,3003.256133403419,1605.3441629806953,3.3990402221679688,gaia_full_21,0.1849174879886557,21.73042913895104,-9.699413282912444,21.72789980399671,-9.702605746796069,88.28012180949338
2817.3691357319117,1333.3145134078154,2817.2681463667714,1333.1792241437806,7.066030025482178,gaia_full_3382,0.1688254626367662,17.792786591004248,-15.80635275764541,17.790636076640176,-15.809411667883703,88.29587003950387
2424.4270228862915,3031.40865138003,2424.4172642982658,3031.1701208081236,5.348521709442139,gaia_full_463,0.2387301065517028,8.939803929623508,22.06306170092244,8.939342311188705,22.057722722540728,88.29670735959262
3099.19355156949,1922.2833529297495,3099.373478698688,1922.2539716393371,6.778841972351074,gaia_full_1373,0.1823102631442166,23.692664217220713,-2.726881600858578,23.69672413080509,-2.7274970992958663,88.49281551904089
2949.2813782542175,2592.5579742787986,2949.193340792893,2592.5322283551154,7.809503555297852,gaia_full_3208,0.0917248449589128,20.609592114720577,12.015168770816546,20.607553157334564,12.014652565287081,88.49663747751173
1638.034104538451,3021.3393160531923,1638.2495184749157,3020.8707961448576,7.604238033294678,gaia_full_3615,0.5156685646120565,-9.675945733497631,21.822692835228107,-9.670368332694698,21.81231016678633,88.51761321616645
2620.5005737812826,2931.525916757,2620.486465370954,2931.35809171278,6.892798900604248,gaia_full_2792,0.168417020248292,13.442959432547685,19.725603843205203,13.442414302943945,19.72187321132835,88.545432203611
1889.8176598931152,3096.3258169851406,1889.821731963831,3096.108526427618,7.582932472229004,gaia_full_2353,0.2173287099036576,-3.7511854218685765,23.593749183324142,-3.750992921205341,23.588864794267394,88.61175649659184
2804.0742301049017,1313.32198492917,2804.196763920765,1313.2425231889997,4.688321590423584,gaia_full_103,0.1460435009882782,17.51254178323175,-16.257489932876666,17.515480349825317,-16.25916827386012,88.66207536204749
3044.6687739318763,1691.472493538979,3044.8137362457546,1691.4063760054987,4.030624866485596,gaia_full_29,0.1593285934114557,22.59002801156155,-7.794746495625123,22.593362469401654,-7.796136499993017,88.66884073978666
2088.3177908425405,3109.346750705621,2088.326608368625,3108.936908212703,7.40317440032959,gaia_full_3170,0.4099373339517357,0.9876184214621972,23.901674566143527,0.9877811077757269,23.892453129126878,88.71425134711485
2287.219102805313,3080.897226652994,2286.9919160905715,3080.7353606550105,7.148840427398682,gaia_full_1993,0.2789523340254545,5.722251829297105,23.225769641794873,5.716735007889536,23.222203995914924,88.72408601208791
1004.8410834268008,2253.226334515637,1004.9773641375964,2252.9957464072622,6.579947471618652,gaia_full_1062,0.2678494126535388,-23.498269880628666,4.511319088442598,-23.495086179390718,4.50630892527252,88.75309564654134
3101.2532898342315,2181.8030315765886,3101.4439460234157,2181.8082797034804,5.903295040130615,gaia_full_354,0.1907284071923138,23.742131807847223,2.947070346096384,23.746426852170842,2.9471542331278355,88.77268028303935
2888.007255979629,2686.5914323224415,2887.953632568049,2686.738988116572,7.797238826751709,gaia_full_3727,0.156997396955755,19.321593584178206,14.124044413921219,19.32055141461828,14.127333583899501,88.79490676268249
2786.036332780651,1292.6400983102506,2786.023900746667,1292.7420020541704,6.931713104248047,gaia_full_3578,0.102659283524913,17.123367258603427,-16.72736108309258,17.122941088872338,-16.725112040629345,88.79949647900618
3108.443948327048,1979.734384512145,3108.5964097169326,1979.870317765096,7.794966697692871,gaia_full_3192,0.2042604334261388,23.88785511699958,-1.470017169302872,23.89126453997076,-1.46703419061417,88.8010639387491
1379.8606258921138,2866.7337526938873,1379.7878825763569,2866.480901626458,3.4208996295928955,gaia_full_8,0.2631069217778415,-15.543512831448137,18.224789188300846,-15.544863418464471,18.219125817570937,88.85022991167011
2985.2085912540315,1554.1146436506704,2985.328373999001,1554.241725255259,7.205313682556152,gaia_full_3748,0.17463573579683,21.369925417289366,-10.83703925492108,21.37251577601233,-10.834182952675253,88.8954991321219
3018.67549989372,2473.3718062645385,3018.9626293437,2473.2494904233135,7.972971439361572,gaia_full_3497,0.3120969177361566,22.063250204451105,9.35971491613588,22.0696500357754,9.356894297233591,88.93086772362682
3078.515294398441,2309.06358881703,3078.6223283773047,2309.154718073072,7.632014751434326,gaia_full_3746,0.1405731622261125,23.2886965057747,5.73583806357208,23.291168078663897,5.737799106396257,88.99119961035795
2771.309830189373,2818.784751826796,2771.2719976499848,2818.640599153381,7.410988330841064,gaia_full_2566,0.1490345405909899,16.806028089461496,17.123213372593582,16.804954069458155,17.120043662348095,88.99905033816093
1021.8453899369229,2337.662646477462,1021.9212003373916,2337.3583472677233,6.421909332275391,gaia_full_464,0.313600423894754,-23.163428047076383,6.363796603561715,-23.1615106633193,6.357161912931355,89.10466548972168
2187.659572577608,3104.6862748155763,2187.6431112322375,3104.710472899782,7.275191783905029,gaia_full_3419,0.0292664171128602,3.3602007651264727,23.784944322970954,3.3598171550876628,23.785491479716615,89.11770831400855
3074.5281291660012,2328.928799663725,3074.786927475408,2328.654517824915,7.676811695098877,gaia_full_3734,0.3771035561392272,23.211235615217905,6.17184295407582,23.216900689969858,6.1657544749561435,89.11794226287466
3049.377418180059,2405.551126808261,3049.4631123512836,2405.5465908265223,7.084104061126709,gaia_full_3205,0.0858141370182821,22.699065505570665,7.859073781715423,22.70100157357435,7.858939062486011,89.1223737747954
1044.717107376497,2407.5412808688534,1044.9907046648364,2407.2148811927327,7.533308029174805,gaia_full_3286,0.4259016609010541,-22.6985584397127,7.90271708523576,-22.692096522433697,7.895679000644389,89.1358543341794
1571.4561383716805,2997.6331014406924,1571.632114292387,2997.1702912610617,4.648947238922119,gaia_full_137,0.4951371396272884,-11.222025977168297,21.257868187387658,-11.217338518756248,21.24762335845103,89.13718149329276
3088.7017314328787,2274.3387975885967,3089.1129716714822,2274.221656275311,7.716208934783936,gaia_full_3218,0.4275986682918944,23.498686094657586,4.973212244436043,23.50789879984318,4.970539078813234,89.14006752156399
2936.1531147683504,2627.1764653008313,2936.1579163392416,2627.2035565899514,7.641534328460693,gaia_full_2641,0.0275135063053184,20.350555801856725,12.784883687856059,20.350698434454433,12.785477270981373,89.16259112358554
2868.625651246479,2718.105829870528,2868.702474580346,2718.0805616572425,6.207704067230225,gaia_full_966,0.0808721659726681,18.917191941293517,14.831968802059444,18.918925638039973,14.831361109568983,89.18386462357884
2989.816696618472,1555.5593706925497,2990.0268727906723,1555.5696769965814,5.62281608581543,gaia_full_572,0.2104287130205736,21.47326159260939,-10.802831334811717,21.478034153715292,-10.802492251081437,89.19194861368992
2623.2101141387134,1153.9383375962386,2623.798110702945,1154.0773712549417,6.4257354736328125,gaia_full_620,0.6042104913029427,13.517450341524352,-19.914102660037244,13.531050482286643,-19.910639361036186,89.30938690131784
3111.6623405812993,2150.667670946143,3111.7659269577603,2150.6204924163117,7.156348705291748,gaia_full_2211,0.1138242112441921,23.967689158928074,2.2651165049603836,23.97000936552879,2.26407270708725,89.32206044437328
2069.745621208373,976.9984298880298,2069.638962695249,977.04623094875,7.781482219696045,gaia_full_2455,0.1168801943349305,0.5441862375013915,-24.07469084676327,0.5416313496235603,-24.07361856354213,89.3332388095259
2687.9634850871507,2895.925572508826,2687.878474158821,2895.7830776263445,6.453702926635742,gaia_full_1535,0.1659266388163524,14.973074322253195,18.890548467657283,14.970897045164618,18.88743641800831,89.412589647391
2691.4379731858708,1200.9329834485918,2691.445711151524,1200.8126444229506,5.9572038650512695,gaia_full_363,0.1205875499573929,15.050261390754176,-18.8247349018179,15.050605535915814,-18.827404597290503,89.42250823758202
1252.6919255587788,1338.820836127472,1252.8281664471888,1338.760797725441,6.701858997344971,gaia_full_1728,0.1488831400567027,-18.337610997802372,-15.668862716313765,-18.3345503842949,-15.670280156921084,89.47801739926675
2113.704792309726,3117.002170189564,2113.6027558807573,3116.7513510299204,7.24433183670044,gaia_full_2314,0.2707797697040408,1.5958907685406736,24.072086276825285,1.5934017629386532,24.06645269952638,89.47952916602472
1254.1232386696104,2758.014401476079,1254.484930628424,2757.5587763745075,7.055401802062988,gaia_full_2837,0.5817347387361222,-18.308446844596766,15.732480758306563,-18.299485051258106,15.722650465739477,89.50565983153665
2978.3844569524595,2567.6851708770205,2978.47751644425,2567.5908888040817,6.026668548583984,gaia_full_844,0.1324733116137877,21.245051352613842,11.451664485176762,21.247066153490415,11.449540153534139,89.54078174625347
1277.557384500987,2784.086256580643,1277.8063563279145,2783.658965777472,5.021600723266602,gaia_full_151,0.4945345297125054,-17.803017590032088,16.324692417851285,-17.79667588817984,16.315406260090178,89.57031723104222
3119.097399730405,2088.2209294109525,3119.2739615378096,2088.169030115082,6.896474361419678,gaia_full_2272,0.1840315428013122,24.124225182554643,0.9003108104347254,24.128193015254535,0.8991684230664283,89.57523788370196
1738.7047214290774,3072.875175590266,1738.6973064762665,3072.390489383145,7.535651206970215,gaia_full_2500,0.4847429224840365,-7.336630864312821,23.02194432280377,-7.336403314258722,23.01106839489945,89.60242080120749
2707.5809551864304,2882.9524645522133,2708.247916118897,2882.8407534083863,7.926290035247803,gaia_full_3499,0.6762516285318997,15.412878421721016,18.589355383507325,15.428270260042146,18.586432065296606,89.61431651494728
1122.0883214765886,1511.5462873843985,1122.243086454581,1511.614469849548,7.350684642791748,gaia_full_2660,0.1691184406472131,-21.114308753960003,-11.779951425479707,-21.11069982588608,-11.778541560350744,89.68407093489255
2409.5568451185486,3054.8019579608904,2409.811385975699,3054.8548947702006,7.401713371276856,gaia_full_2904,0.2599872184143718,8.609814341385663,22.593918183792148,8.615906798905074,22.59498989273326,89.71259008884743
2939.499164281651,1459.8169489909938,2939.613522795976,1460.0831117971748,7.0746026039123535,gaia_full_883,0.2896903677942378,20.435649015528735,-12.937104699810435,20.43793727880182,-12.931175882432976,89.72464559334037
1114.1923638792591,2571.1460367985337,1114.4392591512906,2570.9651829892555,7.86428165435791,gaia_full_2612,0.3060479957162471,-21.281411386842244,11.526916012801266,-21.275577381407622,11.523081710436186,89.76352402089427
2443.39804973514,1051.124026241985,2443.295304558045,1051.254861617106,6.897370338439941,gaia_full_1902,0.166356445019027,9.400636264009,-22.310964493287425,9.398066344507479,-22.30808478293665,89.80511959147869
2621.979046511296,2948.274742872944,2621.9652638993657,2948.136942121958,7.255486965179443,gaia_full_3060,0.1384882932379454,13.499314492212056,20.097844613074223,13.49881042274328,20.09478327026042,89.80848352212915
3120.4180414227676,2116.267751016582,3120.565168349367,2116.028684346064,7.646110057830811,gaia_full_3159,0.2807119617744604,24.157656155057836,1.512764562339972,24.16092760357987,1.5075311943583465,89.80885710840555
3092.2044661024393,2295.684028604932,3092.4322321806067,2295.587678659121,7.094539165496826,gaia_full_1882,0.2473068911726764,23.589640628573342,5.439024066892661,23.594723687045715,5.436849676211623,89.82780060829086
1205.8993545015146,2706.962989674085,1206.2481098653325,2706.6607947403963,7.926083564758301,gaia_full_2626,0.461467313835695,-19.35023653154973,14.573396038355575,-19.34182161901405,14.566956872227507,89.83025022544342
2110.497858058501,972.4697017754796,2110.50564876291,972.3646944474916,7.456614971160889,gaia_full_2826,0.1052959353744915,1.5199934784119644,-24.174234054698836,1.520199183427541,-24.176595753397994,89.86980863016137
2668.68119347798,1176.5045398344926,2668.659544960442,1176.5074548878713,6.744199275970459,gaia_full_1266,0.021843897266474,14.55193696970513,-19.382779756835543,14.551426793021351,-19.382729027166132,89.91692117014382
2888.546663826002,1386.307067729684,2888.4905294988102,1386.2368878984892,7.1254167556762695,gaia_full_1522,0.0898680777349466,19.36145415574955,-14.589207161781372,19.36025701883152,-14.590791913453126,89.93808437431409
1260.7297405411282,1321.6396183722006,1261.012069580714,1321.758563756303,7.831736087799072,gaia_full_3306,0.3063620260292122,-18.17561683111947,-16.05403703533158,-18.168933594607385,-16.051597675228248,89.94215302966
2337.3486393108014,3082.8947271835036,2337.4136826699887,3082.555704007221,7.222413539886475,gaia_full_2228,0.3452062465124964,6.917609923058122,23.25359306144256,6.918889453788898,23.245961043158605,89.97900904274417
1354.2190167299575,2863.196501587467,1354.540806588508,2862.7413018503257,6.401244640350342,gaia_full_1380,0.5574544947881918,-16.1353239831179,18.12920698660702,-16.127201682206103,18.119324594022945,89.99054327144533
3103.066158373302,1836.3804479070616,3103.2127344303326,1836.3461386822153,7.3189568519592285,gaia_full_1770,0.1505379135106447,23.8139722915628,-4.603905708341966,23.817294178566094,-4.60461838642185,89.99585437960997
2207.353353459233,3112.716291970243,2207.3730896884767,3112.4244404137817,6.2171759605407715,gaia_full_750,0.292518118676081,3.8342654436004877,23.96157908300765,3.8346040278792204,23.955013600240825,90.00203664811373
2267.7580854270395,3101.438853815286,2267.6599985597377,3101.184413978851,7.451940536499023,gaia_full_1455,0.2726915178407559,5.271331449676458,23.69298298736572,5.268832229079484,23.68729523056337,90.02510080479641
2869.9550720130987,1361.4788553513704,2869.8516239434666,1361.4424247631846,7.633515357971191,gaia_full_2683,0.1096753886073599,18.967030447304232,-15.149344227681796,18.964697991863193,-15.150217155567296,90.0511102445073
2597.236398721759,2968.0768258285916,2597.0701854336153,2968.0055318961686,7.475004196166992,gaia_full_478,0.1808581818882311,12.944144637247346,20.554543274899245,12.940146100939687,20.55305592599813,90.10356763604172
1200.339266809034,1389.3206672700085,1200.5242493778292,1389.253191266672,5.223690509796143,gaia_full_345,0.1969049562208784,-19.474984799948484,-14.519396964403542,-19.470823647943583,-14.521005981213353,90.11098329131738
1319.0658827060809,1260.6343315992283,1319.2550837884978,1260.4634590254082,7.667696952819824,gaia_full_2241,0.2549401617471546,-16.910288220700135,-17.443895437416497,-16.90613778336504,-17.447810675155786,90.13167715234808
1050.0087263529645,1641.0104583922885,1050.0728480547518,1640.9830395898755,5.4531941413879395,gaia_full_234,0.0697379621573318,-22.618398720908832,-8.900873162595698,-22.616970141107707,-8.901503821864926,90.17141048571662
1840.2629558356684,987.9253589142024,1840.368723823829,988.0054599988578,7.616793155670166,gaia_full_2007,0.1326764903156924,-4.939291698440275,-23.801067645974143,-4.936718451322716,-23.79929655566114,90.17244816705474
1028.6388694085722,2400.1853833819837,1029.2041171236212,2400.0518883294408,6.335538387298584,gaia_full_505,0.5807976484298223,-23.056449764473104,7.734968627571923,-23.043548257348075,7.73227912702207,90.17363497410425
3042.498515059947,1637.9132135370648,3042.667524592072,1637.750227432322,7.399652004241943,gaia_full_2145,0.2347950005609237,22.587424461427737,-8.969440658957271,22.5914091023325,-8.972933122948412,90.18065859190473
3089.826501095226,1771.497531692899,3089.997467837865,1771.4663259983854,6.179915428161621,gaia_full_711,0.1737913187090874,23.552508925665993,-6.026211842406813,23.55638949978275,-6.026838124776066,90.20667418573255
2422.1757464975417,1037.133798381701,2422.111252434393,1037.2777210173174,6.150450229644775,gaia_full_1868,0.1577124257130128,8.911374070175121,-22.6343879611661,8.909700157773157,-22.631193924095076,90.23164973282871
1004.375784546264,1766.868040957169,1004.3834203270768,1766.622976193105,7.0891947746276855,gaia_full_1767,0.2451836938589958,-23.55096776428264,-6.127515662480007,-23.550956962485152,-6.132877237333574,90.28548264419932
1829.671808234074,3105.7393969914815,1830.02777528238,3105.4415162809114,7.174619197845459,gaia_full_3321,0.4641610250865549,-5.192077544483278,23.790583267361644,-5.183392663877522,23.783992545644978,90.30728718703061
2062.8930321817393,964.2142220219451,2062.9307819624114,964.2623686080468,7.729448318481445,gaia_full_2422,0.0611812037643094,0.38082597405235197,-24.36250949929404,0.3817282937894947,-24.36142539897246,90.38946521093712
2023.1341249998727,964.1651119127522,2023.206626219505,964.2100672760778,5.956590175628662,gaia_full_375,0.0853077460723922,-0.5718728100892622,-24.36340047855207,-0.570132430347019,-24.36239133379587,90.4067000808663
2456.652365884784,3044.68765688218,2456.960709405326,3044.7900359253554,7.816643714904785,gaia_full_3274,0.324895668086818,9.71670657628008,22.34498312018018,9.72412509374755,22.347119848168365,90.41440389693689
1500.9036205261295,2975.5185561847393,1501.142234631417,2975.146054365304,6.977275848388672,gaia_full_1118,0.4423734810371107,-12.856419400063588,20.723018717038478,-12.850325415511033,20.714859466339245,90.43600901949766
3024.05092993875,1589.4169346372062,3024.1539738450183,1589.283938717332,6.895532131195068,gaia_full_2887,0.1682437556706789,22.216210174347765,-10.04168055403547,22.218688587674198,-10.044544118190842,90.46086737541957
1418.9307226441592,2921.476297742477,1419.1662863952547,2920.9584059005124,6.413168430328369,gaia_full_552,0.5689483639169207,-14.706785040755834,19.467121540157525,-14.700561261186053,19.455760330587463,90.46620166338106
1305.2001999107565,2826.7581065297895,1305.3787042136123,2826.3528267923875,7.382005214691162,gaia_full_3510,0.4428492426172443,-17.222623888016226,17.288026170884567,-17.217910593818655,17.27917366451755,90.49610521984751
3124.633425305836,1930.3155574342084,3124.7736462863463,1930.1272832999864,7.833802223205566,gaia_full_3340,0.2347532172136382,24.263137123119257,-2.547673698711277,24.26634703996355,-2.551764170212169,90.52201809188793
1086.2005954934407,2540.611935944366,1086.402422195873,2540.2398944190836,7.433958530426025,gaia_full_1697,0.423259866215944,-21.88491750655935,10.840753519937092,-21.879915722065295,10.832699228871883,90.57605252142082
999.8631361658892,1769.7637260790414,999.8394081238656,1769.662859791663,7.044884204864502,gaia_full_1867,0.1036196308994634,-23.65096645593721,-6.06269994035083,-23.651568320663518,-6.064897263102644,90.58376976963962
3091.1885650695704,1755.4913379065897,3091.402077145234,1755.4769707856606,7.07373571395874,gaia_full_2439,0.2139949079255884,23.59396018391862,-6.3757511495496395,23.59879308662853,-6.375991004244722,90.68829258789411
1125.338351831064,2611.6864896069105,1125.5655134608146,2611.2948467254796,7.376097202301025,gaia_full_1164,0.452754406501398,-21.074780665266896,12.424486511221524,-21.069114327945538,12.41601439510149,90.72688553803897
3092.4690968021555,2334.4078420720743,3093.9653796444336,2333.3911430975595,6.4434404373168945,gaia_full_897,1.8090160720334607,23.620083791292366,6.285646047707446,23.653190108484647,6.262904762815125,90.77483959509956
1218.9293282909578,2740.4586884538194,1219.2336623026947,2740.1182970968184,6.296713352203369,gaia_full_511,0.456602087841109,-19.095670759328122,15.32111775423548,-19.088191761100898,15.31381116030996,90.78806741911407
1426.6477326820082,1162.7801490962008,1426.8304640268975,1162.787451682155,7.353385925292969,gaia_full_1420,0.1828772051587997,-14.539635425134524,-19.688934372537567,-14.535347045337742,-19.68889284396675,90.79238318792366
962.1908775723676,2128.1278338709385,962.263428319375,2127.93019158461,7.62724494934082,gaia_full_2465,0.2105376076536086,-24.416171632791002,1.7706424546356812,-24.414499967032267,1.766336185207997,90.8120073629348
1160.1298680150612,1428.1886139911423,1160.2846377648625,1428.2745633326635,7.800251007080078,gaia_full_2411,0.1770337955346697,-20.34674292125118,-13.636899047390159,-20.343084241561268,-13.635106088659855,90.85514903444093
2659.9820615557123,2937.520063909074,2659.896683480563,2937.48178213446,7.525390625,gaia_full_2954,0.0935676759561224,14.37570817901521,19.83395962674327,14.373655291595142,19.833164157661205,90.87023375506168
1851.3105225448153,3117.2057088975102,1851.3651401493507,3116.8650186053947,6.617001056671143,gaia_full_940,0.3450405162687436,-4.681582955513344,24.054134916008096,-4.680085787921303,24.046492951491974,90.88391418105829
1914.2119847115237,966.1071346748704,1914.305390020384,966.317834891638,7.818626403808594,gaia_full_2198,0.2304758839211015,-3.1809904424726523,-24.308213065321958,-3.1786719212896424,-24.30349168084379,90.93135030426592
1463.5757866479955,1135.3343965968184,1463.6377443395136,1135.443118533016,6.318914413452148,gaia_full_386,0.1251367849546416,-13.711323393100626,-20.323930642799127,-13.709722060158835,-20.321549195018495,90.94332036499286
3014.7250280956987,1558.084242140181,3014.883687657152,1558.0429382509735,6.803019046783447,gaia_full_1596,0.1639477590706033,22.037393062501696,-10.73391449190724,22.04104871039043,-10.73473385398086,90.9524380115918
2567.0729092854726,2998.4154450633287,2567.2486554725506,2998.1624610339713,7.871311187744141,gaia_full_3711,0.308038376476541,12.272950157569458,21.2496385163048,12.276772355783544,21.24388711946488,91.02652206419734
1534.0387276823142,1091.1149215833982,1534.2800811614418,1091.180620930969,7.391242027282715,gaia_full_2512,0.2501357754465437,-12.110889668586056,-21.35366095931637,-12.105113470760601,-21.35233881277043,91.05934691072898
2440.0142093755812,3060.5460847291783,2440.157148897983,3060.4028580542863,7.6164751052856445,gaia_full_3639,0.2023501605264501,9.338677568268166,22.708272758315168,9.341922510688892,22.70499553650483,91.08444845810112
3132.6184343792866,2156.8953940355063,3132.770180331358,2156.841905827955,6.144267559051514,gaia_full_614,0.1608969307262172,24.44104721420839,2.398370304869259,24.444449142253568,2.3971824572412066,91.1214042449331
2897.310288458357,2719.4292325299075,2897.306241715187,2719.3712991050375,4.255720615386963,gaia_full_79,0.0580745886550789,19.57873632213818,14.842233770327374,19.578564165638873,14.840959135950825,91.14380623174861
3122.0289198280484,2236.281811627734,3122.314937397665,2236.4601380261897,7.4303812980651855,gaia_full_2369,0.3370554175732618,24.23122483092173,4.133193063854179,24.23775225151987,4.137020198565238,91.2199820468994
2226.4254277055597,969.780452057741,2226.371427750817,969.9416045134908,7.949368476867676,gaia_full_2839,0.1699591395201375,4.296163943904322,-24.215844388834046,4.294787689230432,-24.21223517776451,91.22707039264088
1612.5290683345984,3045.205137929391,1612.8894963550438,3044.7601114355784,7.212836265563965,gaia_full_2834,0.5726752466428552,-10.30558236025345,22.343725580094056,-10.296536320701383,22.333962617791034,91.23815955407626
2146.3667353340875,3135.74678880519,2146.359366503472,3135.523096372911,7.298651695251465,gaia_full_881,0.2238137706300401,2.382687175465428,24.490095853257664,2.3824453550796765,24.485065363535327,91.26605702076121
1030.4835489738953,1652.911411178396,1030.6555254398054,1652.617876694901,7.316605091094971,gaia_full_3622,0.3402034653374721,-23.050078607077918,-8.631188034322125,-23.046449218154237,-8.637692815722435,91.30782687346955
1327.2661438688135,1233.6195960731952,1327.3822849790308,1233.6045195461918,7.271572113037109,gaia_full_1135,0.1171155802999552,-16.758270079682827,-18.04822380141769,-16.755590795662847,-18.048639153038156,91.36468465701186
2840.7902706080035,1305.6626116492182,2840.8093996563457,1305.683665290787,7.831115245819092,gaia_full_3361,0.028446024569126,18.371769299889657,-16.402034350113038,18.372181486445005,-16.40155575584579,91.36806541604663
2703.5814807978873,2913.674199005923,2703.521260602042,2913.618955436771,6.665851593017578,gaia_full_1465,0.0817210127223811,15.362500355055754,19.27451237919872,15.36101425107169,19.27332638198542,91.43385352326531
2119.4338272856176,3140.4939140649526,2119.206108841976,3140.2809611135476,7.0489726066589355,gaia_full_3067,0.3117766012494362,1.7378993079392266,24.600031006801352,1.7323904762340325,24.595262855177406,91.47194890714587
1270.2725648588637,2809.044704632674,1270.5464851697188,2808.5127328590565,6.766934394836426,gaia_full_2109,0.5983529933280751,-18.00669229915126,16.87173888003304,-17.999583317194805,16.860167121358057,91.4961783440944
2986.9067942945953,2598.907805651444,2986.8832584009697,2598.8463114124675,7.21701192855835,gaia_full_2927,0.0658443597893409,21.475943036372815,12.132674201658489,21.47533131604519,12.13133772442947,91.50437428388278
1045.9561370393203,2487.130033063059,1046.1205738481171,2486.847674500792,4.647561073303223,gaia_full_108,0.3267503967444904,-22.743399475879333,9.646871097447992,-22.739380598715766,9.640769514010783,91.6294807261721
1774.7034249651183,3109.0342343433217,1774.876263639761,3108.625442718343,5.517865180969238,gaia_full_226,0.4438285706271492,-6.5074680368237505,23.846861325067785,-6.503024036754052,23.83774714454787,91.66729817335847
1327.5586827114082,2866.243645882511,1327.797248559594,2865.80093244715,6.984943866729736,gaia_full_1487,0.5029004372335265,-16.759967716134206,18.178376210308585,-16.753772572692576,18.1687323386638,91.68713158149481
3068.3226939292103,2441.6476126419107,3068.4486009131856,2441.583140529884,6.458201885223389,gaia_full_748,0.1414539566180916,23.159521056737162,8.641205692591862,23.162315401334958,8.639736467882505,91.71311008436322
3055.0256320590897,1619.5415575604277,3055.1992789277074,1619.4723477604634,6.9186272621154785,gaia_full_1941,0.1869310872803355,22.88922898113044,-9.36584711235209,22.89323797269999,-9.367276518313476,91.76624277342121
2980.973703992267,2614.3843342830532,2980.9950157598105,2614.3768189609928,6.402929306030273,gaia_full_1019,0.0225980419837593,21.359392854266776,12.476254321175837,21.359870485660217,12.476076084087898,91.77001680930621
3146.358525708537,2080.471874880448,3146.508694107859,2080.412632325838,6.5454511642456055,gaia_full_2515,0.1614318073728142,24.736939306262453,0.7299384059757754,24.740313413741216,0.7286402159985772,91.82380377327526
2237.6796266267115,3129.7035922295727,2237.5960598316215,3129.504919652766,6.597444534301758,gaia_full_1030,0.2155323688371918,4.568622315676274,24.336298920013782,4.566510363490111,24.33185547554727,91.84464965544362
2104.784817842855,947.7143663502133,2104.8290283984534,947.8238024904194,6.66812801361084,gaia_full_1045,0.1180289880053065,1.3874229518262882,-24.731632994785166,1.3884656487416727,-24.72916743614209,91.88714988170328
3147.7383949825826,2026.745416177213,3147.851102008341,2026.8083419928168,5.918725490570068,gaia_full_334,0.1290834300936262,24.76711701495922,-0.44166782555115025,24.76964984900605,-0.4402928349108082,91.90735761071625
1971.947990771166,3146.2709925854674,1972.0007546179156,3145.8434145385854,7.705637931823731,gaia_full_3121,0.430821319921896,-1.8019983555974128,24.729728069052133,-1.8006363474068672,24.720114746416197,91.95204426640461
2861.1865071768366,2777.819700906504,2861.1627900409,2777.780539339946,4.0749969482421875,gaia_full_41,0.0457835214058819,18.82801232644304,16.155426003490778,18.827408215942594,16.15457801009792,92.03547715296676
3094.8347446673656,1712.9549219984938,3094.982691846917,1712.944494206951,6.723577976226807,gaia_full_1506,0.1483142163573408,23.70785144741682,-7.304296396592033,23.711205826295995,-7.304465053019813,92.04555589929872
1190.7859556840012,1364.6575533504024,1190.9010202400318,1364.6086664848435,6.554692268371582,gaia_full_261,0.125019109254083,-19.728257497968606,-15.056759469912313,-19.725677524059105,-15.057916035855008,92.06549304609271
2882.5808470420175,1340.1195476723085,2882.621633732663,1340.010169821236,7.484697341918945,gaia_full_2885,0.1167350351824455,19.287516646785694,-15.612113190216268,19.288612307966876,-15.614497683534367,92.06698152239828
2163.6367936221113,949.940359546352,2163.6505421705347,949.9558111918556,7.303225994110107,gaia_full_3643,0.0206827448013625,2.799633425386226,-24.67451960762277,2.799958076325229,-24.67416990047595,92.1261109915658
977.7157114905336,2315.0618574538053,977.7516599802818,2314.7576222935895,7.068894386291504,gaia_full_924,0.306351638850966,-24.145036722873986,5.854950158882221,-24.14402897575081,5.8483185768317,92.16214886375462
3151.0641587308824,2063.2815432501607,3151.3805130467617,2063.6953300412074,6.752105236053467,gaia_full_107,0.5208642449048144,24.841769581546014,0.3549647551700827,24.848904426056375,0.3639793673323659,92.19675649106783
1092.409330402311,2590.947525945032,1092.5856603044376,2590.542372978095,7.970463275909424,gaia_full_3602,0.4418610200070647,-21.801458397681838,11.9490505707757,-21.79694521242507,11.940264381489392,92.20244411152564
3140.1044684741228,2203.51485028556,3140.5217598741974,2203.5340432868584,7.701122283935547,gaia_full_3638,0.4177325506530443,24.624741657500028,3.4142693988927735,24.634148623638616,3.414606843813875,92.26393036169344
1213.4302493660368,2760.811204266741,1213.6820183900566,2760.4588047323887,7.533168792724609,gaia_full_2845,0.4330970714140562,-19.251018393699066,15.766417589633898,-19.244706421676803,15.75881970770577,92.27872014084762
1131.4910254909703,1437.2001257182808,1131.7177635657367,1437.2521817299485,7.438533306121826,gaia_full_1617,0.2326370196240031,-20.991159558140335,-13.420127145719084,-20.98589765512947,-13.419130390568993,92.41150473338502
3055.7715574361787,1603.5493311625337,3056.244052916852,1602.753924240364,6.391491889953613,gaia_full_2267,0.925161689161467,22.92225477622391,-9.715641623415289,22.933801627057466,-9.73281324247492,92.42684006021295
2519.027902469612,1051.3201481592068,2518.7898878355395,1051.3387761624265,6.268154621124268,gaia_full_1024,0.2387424732563966,11.192645674367773,-22.266441968459613,11.186983662606455,-22.26616288849308,92.44498322289411
3115.085375120509,1755.6003459548554,3115.214838871978,1755.627805081323,6.869690418243408,gaia_full_1605,0.1323437439804154,24.133683374485074,-6.364966152386421,24.136588491475806,-6.364320541848681,92.60480814608634
2668.5009989088494,1137.00742341478,2668.3224726071344,1137.055782468139,7.028312683105469,gaia_full_1988,0.1849600996046901,14.602804103009074,-20.261401598984822,14.59854494403014,-20.260448208584364,92.64372440931858
2488.7945317591384,3060.1005072622984,2488.799831577978,3059.976472153975,7.214943408966064,gaia_full_1477,0.1241482830188162,10.496456281334302,22.672912634542534,10.496436867153998,22.670135849654024,92.68137500562919
2876.437302637887,2772.361011267022,2876.34634193203,2772.232856453754,6.831085681915283,gaia_full_3186,0.1571544023372095,19.172302114750845,16.02415961815325,19.170016187546615,16.021396557853496,92.68615826354156
2033.5243395147943,936.254418581952,2033.5429557196271,936.3817645581208,6.98502254486084,gaia_full_1746,0.1286994977797192,-0.3240169161920332,-24.99164931933068,-0.323564138202928,-24.988784400299128,92.71357890513288
3122.163810330235,2320.2554770141123,3122.326700982322,2320.2996501266284,7.050840377807617,gaia_full_2289,0.1687738972909753,24.28116752088386,5.966392227616149,24.28487443339646,5.967301847053992,92.77440698535699
3048.759538323044,1577.0894431813963,3048.873277431493,1577.1048432181228,7.294518947601318,gaia_full_2787,0.1147769398526611,22.790834275208553,-10.29877093879554,22.793403431467407,-10.298371904167544,92.79160586879468
2962.014308584749,1429.1376454734143,2962.2113026873453,1429.1901138282797,7.140235900878906,gaia_full_1422,0.2038617294148777,20.99050128150243,-13.597703308493017,20.994945677132602,-13.596419760353987,92.79566028056949
2022.0059345990176,934.330310021612,2022.089912584021,934.3216627152694,7.684976577758789,gaia_full_3131,0.0844220224362317,-0.6011167293096918,-25.034632791075744,-0.599097682907854,-25.03483027131589,92.90322322628505
2628.6983625473104,1106.6232957040563,2628.474815824754,1106.7367885498195,6.530756950378418,gaia_full_947,0.2507065280465217,13.71017754934837,-20.964474622852382,13.704755808115587,-20.962095692035344,92.91271472780727
2999.0285565577487,2612.275265158318,2999.0545573655145,2612.087246382998,7.0545573234558105,gaia_full_3095,0.1898080658914679,21.769255274423347,12.418732813737138,21.769613001359254,12.41458979667225,92.97256312771569
2271.6523975665737,3136.698528788868,2271.6386770844165,3136.492112233568,6.8901519775390625,gaia_full_1529,0.2068720520815314,5.38701580699208,24.483915110843146,5.386551060646775,24.47928244924071,92.98826192549986
1148.6040367351611,2693.373458135615,1148.8467098387655,2693.0094658864737,6.6615142822265625,gaia_full_3474,0.4374706763290434,-20.64796352809851,14.235860640056748,-20.64189147960013,14.228017783483372,93.00853524587737
1013.2725657983294,2453.1430265933227,1013.452465376528,2452.913102336836,7.57063627243042,gaia_full_2215,0.2919400999469095,-23.45151307181494,8.886826501508091,-23.447213955920628,8.881885034059476,93.01856400991542
3143.695073053694,1855.102380990248,3143.8221991821088,1855.0862885355104,7.339644908905029,gaia_full_2471,0.1281406244138696,24.72074099120016,-4.185166670390141,24.723613748296955,-4.18548714650188,93.02711999162656
2699.2843557325295,2940.36181669398,2699.189204280856,2940.278768297719,6.372415542602539,gaia_full_1013,0.1262966146700646,15.300535645147239,19.870368231366665,15.29818449162232,19.86859013337447,93.02859527496105
1854.2224241496897,948.3033293796144,1854.3747452865869,948.50706668629,7.616462707519531,gaia_full_2645,0.2543828195399375,-4.627927721614833,-24.69517102959899,-4.6241553673748985,-24.69063269381754,93.19229058321046
1040.063072526685,1576.4940660831976,1040.1163310900904,1576.4520537786227,6.846254825592041,gaia_full_898,0.0678344183413631,-22.909189087411182,-10.308988237853715,-22.908024029875783,-10.309937185643362,93.19688458711515
3152.8357758538855,2197.2386109839636,3152.948077533481,2197.2396340568703,6.755934238433838,gaia_full_1603,0.112306339616859,24.90914043542528,3.2749787725076516,24.91167021540476,3.274979868471664,93.21493204130076
984.75553840878,1709.5123139435138,984.8964045372782,1709.4186891835566,5.618896961212158,gaia_full_236,0.1691415437883662,-24.036531272558303,-7.3736722593305135,-24.03342099206645,-7.375774795167381,93.2659001609265
1015.8759078682232,2469.1615212458055,1016.1049455805831,2468.9046671553733,7.295641422271728,gaia_full_2665,0.3441399387674691,-23.408104739523647,9.238423201627832,-23.40265296752513,9.232920221013863,93.33402376945156
3158.9586246915355,1929.6613401029251,3159.1334542900445,1929.649689394192,6.666110515594482,gaia_full_1371,0.1752173722231374,25.03612655734867,-2.556946847094547,25.040066090543988,-2.557174807955975,93.37921553910941
948.1695281155612,2252.2360641401037,948.1795609021052,2252.0547965455253,6.150370121002197,gaia_full_500,0.1815450292629899,-24.775383827476375,4.4754776680041255,-24.7750661537458,4.47152805949965,93.39796287718988
3070.3633538810423,1605.344524150045,3070.509598442551,1605.277291006426,6.262604236602783,gaia_full_1032,0.160958899635217,23.251746606083472,-9.66879717995421,23.255136899673307,-9.670192005534206,93.43594068683916
938.0780757087778,1896.5141177668752,938.2550369614636,1896.338113963617,7.5374650955200195,gaia_full_2892,0.2495849028157513,-24.978742604520587,-3.279784047653396,-24.97482245629854,-3.2836532428971217,93.45141570391607
3097.2080053188847,1669.2465652215876,3097.358097529426,1669.1979723048378,5.934815883636475,gaia_full_440,0.1577622997530114,23.79859118789175,-8.258506899788884,23.802034551856508,-8.259500438738295,93.46850287347796
1409.6584253149967,1135.9268932427326,1409.7172551123024,1135.93316541285,7.456480026245117,gaia_full_2312,0.0591632078998759,-14.976146209610937,-20.2744429646297,-14.974756261373404,-20.27434487192454,93.50797171407532
1732.414226511882,3119.601487413097,1732.5803246925805,3119.235204336212,7.76742696762085,gaia_full_1632,0.4021839107219819,-7.527181430951782,24.067521961720264,-7.522879134138347,24.059376159198326,93.51937128064274
2672.824186473541,2966.9647658439253,2672.713086558173,2966.776139621904,7.007959365844727,gaia_full_2731,0.218913322638981,14.718736622558872,20.480179562471182,14.715851285206266,20.47606271149617,93.54719213108781
1676.8782640864845,993.0139588814044,1677.058343890717,993.1315848902263,6.638803482055664,gaia_full_732,0.2150921054892431,-8.83580730802069,-23.625165872664905,-8.831389129932504,-23.62261769844477,93.56161519566702
1989.0814581746567,927.501228351362,1989.1922123154925,927.6452831429197,7.818686962127685,gaia_full_1872,0.1817092806736556,-1.3941522234678916,-25.186368550766822,-1.3914609825567135,-25.183136663501205,93.56934043558816
925.446280481319,2022.5939659719904,925.5507032543408,2022.4074352525192,7.137175559997559,gaia_full_1257,0.2137704957003831,-25.235701958030567,-0.5315528656105634,-25.233363785970464,-0.5356186814090277,93.63425914254785
2466.819855941464,1011.5724938402396,2466.6365807820407,1011.6192160317366,6.431498050689697,gaia_full_863,0.1891368479169124,9.99993354876856,-23.184305849333388,9.995517569648309,-23.183358703903824,93.6613717742821
1391.722780602562,1145.664447621151,1391.7915605317723,1145.6141366597144,7.556335926055908,gaia_full_2195,0.085216615180846,-15.382471559836349,-20.04537909026681,-15.380933894946875,-20.04654568948822,93.73912112980356
938.535666994196,1869.0150416699464,938.6301974156636,1868.880842737941,5.573969841003418,gaia_full_248,0.1641504003473836,-24.979619908513268,-3.879151561119554,-24.97754908370682,-3.882097265207394,93.77666550472901
1401.7212301329523,2956.953710664049,1401.9933862971843,2956.5080491586295,5.802881717681885,gaia_full_456,0.5221907267869992,-15.160764412044406,20.243960361357377,-15.153716607154347,20.234250663762936,93.78483930988155
1856.8677034293191,3153.77206753122,1856.9659913717417,3153.302022763368,7.043824195861816,gaia_full_1849,0.480210998843901,-4.569005710058522,24.87735026314391,-4.56637700617294,24.86681245898435,93.79585506436186
2018.7207255707708,922.73892374725,2018.9477653982624,922.8679168962165,7.867298603057861,gaia_full_3374,0.2611250959746652,-0.681123008170786,-25.295310267460344,-0.6756435701384907,-25.292417014943382,93.86572666710451
3128.941542903145,2346.0415796709835,3129.1690789946715,2346.06433690894,7.357666015625,gaia_full_2849,0.2286713030236131,24.452172033083617,6.5267470824321885,24.457329341927426,6.527159544720973,93.90984524967796
3171.3955709237252,2088.6036551111865,3171.4111032022565,2088.636210659102,7.203978538513184,gaia_full_3265,0.036070976926599,25.30106533567314,0.9059569893008497,25.301418229493212,0.9066650859623768,93.92589470796445
2828.436238843102,2843.9421974477123,2828.33254413709,2843.913723431181,4.865902423858643,gaia_full_132,0.1075330724583398,18.167651982466264,17.639910564420703,18.165200899289275,17.63935800855839,93.93598073359557
3155.897818905046,1861.2226557179963,3156.195925711462,1861.386573288236,7.650160312652588,gaia_full_2094,0.3402008786952862,24.992900769445857,-4.048861704700096,24.999543290950673,-4.045219956422805,93.95205933618084
3146.396875960781,1808.0842745457044,3146.4179005529113,1808.0991576480412,6.6897358894348145,gaia_full_1955,0.0257592742408288,24.806581025206185,-5.209595934094834,24.80704655072457,-5.209265186876404,94.03881889403524
2664.197476573012,2979.832376333507,2664.1772326561236,2979.6170424168595,7.394442081451416,gaia_full_2571,0.2162834062746054,14.534779454187321,20.772364355258066,14.53398771643247,20.767589015553558,94.03907868668328
2315.9081128633343,3139.309944943334,2315.857264419513,3139.0706841936067,4.356255054473877,gaia_full_62,0.2446043143509586,6.449982924681725,24.527700944072077,6.448574849442446,24.522348696111422,94.06835667579162
2130.184210467103,3171.206097017922,2130.1698421430756,3171.0087206430153,6.879054546356201,gaia_full_2674,0.197898666257768,2.003497287987052,25.28975817710492,2.0031010332209314,25.285319895205642,94.09981675497838
2881.125507673042,1301.6181436089128,2881.2615925021296,1301.422940390455,7.019881248474121,gaia_full_961,0.237956670853933,19.310201500774717,-16.46244774690688,19.31364159424244,-16.466653264892994,94.15885967807803
3043.7846173550106,2562.8319716473015,3043.683234167997,2562.772269561706,7.952278137207031,gaia_full_2655,0.1176558100287741,22.729794899899886,11.3073451708386,22.727413977088574,11.306097870439613,94.17316685464709
1539.941369955171,1044.643497086653,1540.0946971577691,1044.684815051294,7.685560703277588,gaia_full_1594,0.158796741964799,-12.031342399359758,-22.3945380744205,-12.027653066871896,-22.39371139086382,94.30311732115253
2747.010283634567,1171.6736555077473,2747.034562466446,1171.719967333102,7.478192329406738,gaia_full_3590,0.0522900262488049,16.390564232870247,-19.435680124004087,16.391060967161124,-19.43463526306928,94.31983994540342
3124.5722818627173,1716.668264209469,3124.76168442147,1716.6445914041642,6.304084777832031,gaia_full_561,0.1908762189824319,24.377408147481155,-7.2111911946294835,24.38171027033394,-7.211630687345367,94.32739004080788
1112.8965657394644,2670.1493786090964,1113.304325194597,2669.7465290084483,3.705249547958374,gaia_full_102,0.5731976744477025,-21.43515790440996,13.701090875930568,-21.425258932483718,13.692520179139837,94.33114104907303
1441.98962444114,2992.940099501877,1442.2001503714855,2992.3919737505817,6.475964069366455,gaia_full_668,0.5871652293696744,-14.267110233531696,21.072461950692926,-14.261350477568728,21.060411939375882,94.36033488040468
1170.9944606501942,1345.2836970184478,1171.1722575616789,1345.1639275076575,7.0899834632873535,gaia_full_3553,0.2143746194128923,-20.211834319534635,-15.46960127789564,-20.207913533027167,-15.47236695807044,94.42061679069448
2173.662020053659,3171.091627396094,2173.5576833448267,3170.8710784793775,7.544532775878906,gaia_full_2367,0.2439835516478559,3.0505519689204323,25.28075198621462,3.04795397980703,25.27581084736983,94.44996435127459
2913.1479021412747,1332.8218006649151,2913.101263177975,1332.7385341060292,4.888073921203613,gaia_full_143,0.0954385285216815,20.00300650833563,-15.751199330497043,20.0020545061683,-15.753067431862409,94.45613401068663
2819.5209703410883,1232.7792277193023,2819.3512920804797,1232.686422023619,6.863734245300293,gaia_full_1658,0.1934001273899614,17.987062874876308,-18.028568263358178,17.98326110787428,-18.03074771490136,94.47538236189207
3027.0005935554886,1493.647556095213,3027.016715480816,1493.6117338226682,7.023867607116699,gaia_full_1532,0.0392829694211302,22.39302385371067,-12.139680818548397,22.393437106443372,-12.140455809715137,94.50095692456816
2993.3311146999526,2655.5199332311267,2993.216174915658,2655.559313943156,7.509716987609863,gaia_full_3089,0.1214989485289555,21.695375605849215,13.371622955974374,21.692796651528965,13.372564531425844,94.54072462446196
3138.875623034317,1754.0443100153673,3139.016206328778,1754.040002318288,7.396646022796631,gaia_full_2502,0.1406492763424501,24.67218148405713,-6.390351711048639,24.675360221173893,-6.390394330931159,94.56311473571363
2537.6074732034645,3061.7498678405286,2537.559717905683,3061.5500857907564,7.094623565673828,gaia_full_2087,0.2054104083959298,11.65733836598997,22.681401250066386,11.655944871353976,22.67696897956498,94.5918871775454
3163.376133148986,2240.4789535851187,3163.6337602712097,2240.4553062546047,6.656663417816162,gaia_full_1585,0.2587101280308477,25.165072583218386,4.214857591667601,25.170867697704033,4.21427925434258,94.68109309623594
3157.466006588311,2272.874165034829,3157.6369856253773,2272.7782744928327,7.591175556182861,gaia_full_2681,0.1960327196171151,25.048748107959344,4.922134622493112,25.05255026328544,4.919996647352457,94.7177115993204
1820.1216237591111,3157.9367460978683,1820.2695211118323,3157.490112469278,7.01373815536499,gaia_full_2216,0.4704840328107024,-5.454677289144925,24.96029910991851,-5.450818137688006,24.950313188813112,94.74625360122621
2764.60304840465,1178.631455610736,2764.648577014824,1178.5818417700882,6.819586277008057,gaia_full_1677,0.0673378610309914,16.791062544304783,-19.26837555744866,16.792203605130112,-19.26944088069421,94.82320616365556
914.942971598208,1954.4713716348504,914.9622325353314,1954.320192314477,7.525621891021728,gaia_full_1837,0.1524013471312253,-25.482063432059107,-2.013959501907129,-25.48166516459922,-2.017252220324087,94.83010856038783
2081.088948607957,3183.1585671607186,2081.260605191254,3182.6526221433,6.817845821380615,gaia_full_2012,0.5342717878008147,0.8223014351137438,25.562738132705736,0.8263883765312783,25.551346431435153,94.84241943022634
2506.917211173268,3081.5081631048483,2506.8450503962795,3081.3919583807033,5.934988498687744,gaia_full_613,0.1367871179943026,10.953124122863102,23.141227240452857,10.951261656829457,23.13867228218032,94.97105646605036
3177.700811517699,1924.7190319055096,3177.9098172121535,1924.725347000784,7.060788631439209,gaia_full_1675,0.209101077813308,25.45958195890526,-2.6617219051156575,25.464285844168653,-2.661551653291546,94.98449145608642
2856.4469443906037,2833.3052067898893,2856.3337773938592,2833.293787854892,6.195011615753174,gaia_full_1002,0.1137416424561895,18.80130850289126,17.383942925519577,18.798665790986348,17.38377640236944,94.98969374464681
2728.2023289938934,2947.32478813617,2728.076969336287,2947.212773191231,6.454823017120361,gaia_full_2270,0.1681142220182418,15.988706135070725,20.00409778886033,15.985594666586806,20.001704982938005,94.99128186924665
2671.0070566587024,1105.1278777537932,2670.6732380440153,1105.050278246691,7.267533779144287,gaia_full_1052,0.3427193473005065,14.70842203209671,-20.968589249784316,14.700679522683183,-20.970552939790533,95.01059597827441
1974.0246834720012,3182.8799944993148,1974.1505453004113,3182.714614772015,7.649877548217773,gaia_full_2843,0.2078260187090667,-1.7602461706687205,25.55349917251678,-1.7571729584895204,25.549791873860332,95.01099091023939
1298.785769489151,1201.7944012160413,1298.8886239622402,1201.7859409229486,7.517431735992432,gaia_full_2238,0.1032018371621929,-17.46939036209421,-18.73235404305353,-17.46700547443276,-18.732619175158277,95.02024557815571
1742.0557216090044,3141.2418888239645,1742.2590441217053,3140.821476395658,6.904801845550537,gaia_full_2203,0.4669974882646972,-7.315731341357006,24.55696263546844,-7.310479001562279,24.547616128105965,95.0217852386257
1346.8802584748853,1160.8027449992028,1347.0239202802704,1160.8899754975212,5.8860087394714355,gaia_full_417,0.1680710390382265,-16.409917508885716,-19.676654987740907,-16.406419059123923,-19.67482808108283,95.03922904854305
1352.420034617777,2939.8345625016523,1352.7474830351707,2939.3765005219957,7.082947254180908,gaia_full_2018,0.5630659315396002,-16.290540754692305,19.827984153174224,-16.282157927404235,19.818069734122652,95.15465866934319
2993.8314561595503,2667.896208204867,2993.7995922224163,2667.8063858745018,7.321159839630127,gaia_full_2810,0.0953066709203269,21.723778210015226,13.6429316687411,21.722923644862824,13.64098209548018,95.16169157316735
1789.6235393797062,3156.3320066746696,1789.8133642249652,3155.9135866341285,6.0470099449157715,gaia_full_677,0.459465779143609,-6.186468852226066,24.91401176793256,-6.181585038453535,24.904685185752992,95.19737501719098
1763.8457105786422,944.6874647958692,1764.0008574096614,944.7597489693392,7.338805198669434,gaia_full_1418,0.1711594020483364,-6.799932217297869,-24.746823864767634,-6.796146981036679,-24.745262104525782,95.20173192921175
1129.268613528794,2711.112753687982,1129.698377187664,2710.6379258546804,3.830866813659668,gaia_full_43,0.6404360028631306,-21.117139714968378,14.612434011153173,-21.106576249052953,14.602305835540069,95.21613626665383
3032.43877561739,2608.2110666342933,3032.3422135987,2608.113857032442,5.578895568847656,gaia_full_835,0.1370179920508115,22.52721410458477,12.308437624985036,22.52488367295657,12.30636970767885,95.22352407563143
1054.145881158124,2596.053656445508,1054.441099891812,2595.7576350460963,7.684052467346191,gaia_full_2635,0.418070292689997,-22.680975100324982,12.037389021635596,-22.673862645235367,12.031091764750672,95.22598814456892
1583.304963547546,3083.48755691535,1583.6473998401827,3083.1932212350976,6.5876078605651855,gaia_full_1195,0.4515485656985786,-11.04551850052253,23.183238130138278,-11.036996559723306,23.17686304658241,95.23545875996818
996.9872056996091,1612.230966253486,997.075857494228,1612.2235043275357,5.914435863494873,gaia_full_901,0.088965279902047,-23.84959775461537,-9.50432079414421,-23.847593254842796,-9.504530327975528,95.23990457108994
3110.5207245135543,1642.053835776682,3110.6548851041116,1642.037140946862,6.379137992858887,gaia_full_626,0.1351953453392388,24.125849163432655,-8.846130296051529,24.128907181383138,-8.84642848601565,95.34242837121666
3029.5280991231766,1478.5848521865585,3029.5847013613347,1478.49590664625,7.019364356994629,gaia_full_1582,0.1054282813351201,22.470058132169772,-12.468167186887024,22.471467146209406,-12.470079512708871,95.34288020930356
1305.7928951578813,2904.5185549181274,1306.0342561291363,2904.0309357679052,4.069357872009277,gaia_full_42,0.5440841424895173,-17.325308968623155,19.010228978574585,-17.318904816076135,18.99961787765875,95.3760925675095
914.0435964175124,1899.9128046014564,914.1765770389125,1899.727780409091,7.474290370941162,gaia_full_2454,0.2278547726697325,-25.518800550281238,-3.201216593570362,-25.515874294989107,-3.205268312069586,95.4052121174761
3189.073426258258,2009.2541245568843,3189.4051238706397,2009.2448217056376,7.414177894592285,gaia_full_2393,0.3318280414626063,25.698459937083083,-0.8210934138576125,25.70592450761705,-0.8212795639947116,95.41498311645155
3173.1039235971243,2235.9588936103123,3173.3918666329373,2235.965418887879,6.741479396820068,gaia_full_1843,0.2880169632513348,25.382148146164134,4.114061252920473,25.38864052200264,4.114133661823598,95.41787583460976
3100.926273076139,2477.9824118731626,3101.1602862019704,2477.9568667112435,7.038272857666016,gaia_full_1612,0.2354032675196508,23.93448269843499,9.419558193807353,23.9397671449082,9.418878094281345,95.4408474835095
2289.1885563926135,3162.8553167078767,2289.2480116482766,3162.6032814684327,6.853906631469727,gaia_full_2703,0.2589530639856731,5.826260540642389,25.06576798899156,5.827505980102914,25.06008788666996,95.45094982409266
3188.54745754243,2109.4960803140157,3188.7019812967173,2109.7014106721895,7.377192974090576,gaia_full_2821,0.2569788836204734,25.68977235528315,1.3595251695768433,25.69328237751189,1.363979266591954,95.45364387835009
3132.6294274678467,2395.5789601267397,3133.0141218080607,2395.703266431039,7.954984664916992,gaia_full_3233,0.4042793498081634,24.57480731955925,7.605883309008905,24.583618007015815,7.6084278270743075,95.47074669335001
2394.471593019241,3133.8052201175115,2394.472590180073,3133.5686691968376,7.27894926071167,gaia_full_2226,0.2365530223889854,8.327903447284772,24.37136923986251,8.327688134645564,24.36606695599231,95.52934245428723
1917.8199666870032,3184.677866193097,1917.78582735266,3184.296804998935,6.64438009262085,gaia_full_727,0.3825874120324374,-3.1166002081901794,25.58582156547964,-3.117270852033269,25.577246075550857,95.59107897650841
1024.9723700051325,2551.339859941136,1025.1522998316714,2550.936210459876,7.788106918334961,gaia_full_3072,0.4419362467597196,-23.291080422938748,11.040790319330359,-23.286503761714947,11.032068369076278,95.59503086413925
2823.0020663337773,2876.3749103697187,2822.9217420578916,2876.091580522352,7.499281883239746,gaia_full_3536,0.2944958262952152,18.09181687673457,18.360975967217257,18.089496982636813,18.35477413433939,95.60653702165969
2401.6141689439723,3132.871548522644,2401.47807417914,3132.6193490565856,7.241419315338135,gaia_full_2231,0.2865769629520794,8.498033497403352,24.34705531630996,8.494514092323541,24.34146884014421,95.64512729839426
3023.0870033870488,2632.9786663431732,3023.1204626634108,2632.961055479041,7.3082275390625,gaia_full_2791,0.0378109205144616,22.346008700062573,12.85731047993464,22.34675033676503,12.85690222863555,95.64608498906847
2595.8156939586993,3044.8882029387596,2595.708505684492,3044.738181442446,7.203085422515869,gaia_full_2517,0.184379433461639,13.014728456357602,22.267840080646685,13.011976180977259,22.26456784267285,95.67092727441377
926.5294438535524,2282.4253036395503,926.5835970916256,2282.202550844625,5.561840057373047,gaia_full_312,0.2292408795151385,-25.279902233553845,5.127234276407761,-25.27854918472954,5.122400327551175,95.68686063458668
2539.170404651301,1018.783857527241,2538.9853024259223,1018.7306215276813,6.683775424957275,gaia_full_2769,0.1926055697253938,11.712160338386369,-22.981148587903117,11.70783020326612,-22.98245266210469,95.68847047855412
1089.193187381811,2663.5756063581016,1089.3781851778867,2663.141281223786,5.1167120933532715,gaia_full_253,0.4720831567120959,-21.969282869054716,13.540585910652117,-21.964441621722266,13.53118588987251,95.70740222259862
943.5492052005932,2351.3317143019813,943.6473776614548,2351.196718362636,6.953652858734131,gaia_full_2054,0.1669183504330769,-24.942088998003875,6.634003533207502,-24.93976867120978,6.631099454884788,95.7385926236031
974.0410261369254,1652.5039302808443,974.111571619034,1652.380615890082,7.361520290374756,gaia_full_1928,0.1420672517331605,-24.329637858917316,-8.61341492612158,-24.32815775566825,-8.616140076834169,95.74819443312361
1397.7531608801305,2982.959737397235,1398.0564369242154,2982.4526499778895,6.439712047576904,gaia_full_1568,0.5908587054232556,-15.293399102440517,20.818877118357424,-15.285481384530819,20.807835761727457,95.78519019354906
2251.302005792255,3175.190956152229,2251.270524198922,3174.8451307947516,5.2350172996521,gaia_full_378,0.3472553363060553,4.922707914526748,25.35475510350611,4.921732781026443,25.346993727319095,95.79105070512114
2436.4831746395284,3122.182122898728,2436.3918308660045,3122.0296560819243,7.57450532913208,gaia_full_2570,0.177735239015226,9.321095662732317,24.09018684432048,9.318740904178407,24.086820399084242,95.81405873525621
3008.3319479422353,2660.0156540804437,3008.2443723717565,2659.9681164757703,7.629075050354004,gaia_full_3627,0.0996458950622689,22.04510243315814,13.460077409878615,22.04303061625332,13.459094953897605,95.8161119034304
903.0951273997604,1950.9958783078484,903.2665424274117,1950.7481565377243,7.79297924041748,gaia_full_2857,0.3012460573982923,-25.74957709555676,-2.0881354958595537,-25.745779214831288,-2.0935447605974407,95.82944403252579
1554.4416025115445,3077.5798632364003,1554.6821485590638,3077.213465122939,6.303993225097656,gaia_full_936,0.4383035232863388,-11.72452801021288,23.03368733932954,-11.718320004841404,23.0256561907419,95.84895970158215
2833.90190951377,2870.541049951989,2833.4919700698592,2870.440353119895,7.137660980224609,gaia_full_3716,0.4221258102363416,18.336218165460142,18.223631934063995,18.3265188909893,18.221723810000437,95.8771463945085
1137.7063891591145,1359.7354151758657,1137.7239388000014,1359.5972534773755,6.768918514251709,gaia_full_2180,0.1392718378745549,-20.95707560098866,-15.127402534325961,-20.95687755608517,-15.130452554601806,95.89356717613298
1317.8949978559165,1171.7727829054777,1318.0377459604056,1171.7524103022552,7.583864212036133,gaia_full_2630,0.1441945362948762,-17.070707250341723,-19.411603159117384,-17.067402250584305,-19.412163844207342,95.89407047366295
908.1400639225626,2192.505265717849,907.9830793911432,2192.248924726166,7.082505226135254,gaia_full_1276,0.3005908300697053,-25.651173622238694,3.165682728616231,-25.654614615904023,3.1600766516220395,95.89529121821664
2788.7905324263593,1182.5092277687006,2788.6319995570716,1182.3875415698185,7.198878288269043,gaia_full_2508,0.1998504481930514,17.35001048911309,-19.164128380426764,17.346502119461796,-19.16694411688314,95.90444384926802
1030.2488807285697,2569.610195868427,1030.407415455768,2569.352976497549,7.113917827606201,gaia_full_1383,0.3021507313951928,-23.192970443693664,11.443645746263964,-23.189041412639263,11.438115879337673,95.92519715109104
3001.4218717626823,1420.4996318829665,3001.416052485198,1420.4222967991132,7.539621353149414,gaia_full_3199,0.0775537180606476,21.905585809625258,-13.760653931330168,21.905561319833385,-13.762354611784492,95.9749634784107
2896.172521139469,2807.741354834953,2896.152045684338,2807.746476694347,7.337189197540283,gaia_full_2615,0.0211063428014669,19.68186037807875,16.789811371869042,19.68139449124312,16.789939915616333,95.97520370321513
3053.0987022855206,2589.578136816061,3053.310950327253,2589.601100531279,7.975998878479004,gaia_full_3640,0.213486682104206,22.9749893210667,11.887233501854125,22.9798606255958,11.887601900105356,95.98450320338665
3084.5375579283127,1563.9471682592568,3084.5896693883396,1563.844921577685,7.191102504730225,gaia_full_1942,0.1147605688317747,23.619135677533844,-10.566259557216076,23.620438850844167,-10.5684641697114,96.00088375608229
1607.9050783842772,988.8332460408049,1608.1110257470436,988.954861442681,7.190901756286621,gaia_full_1340,0.239174877869631,-10.486314088844358,-23.682257492571722,-10.481250062663715,-23.67965620913148,96.0700443787078
2874.111613791754,2833.5990231047876,2874.0452497167416,2833.547718646868,6.979208946228027,gaia_full_2352,0.083882881773708,19.21149742589329,17.376921793195013,19.209876757501032,17.375841317826634,96.09557810150052
1641.0098150065578,974.590124290292,1641.2396345044244,974.7322689672887,7.850784778594971,gaia_full_3560,0.2702260364920001,-9.712647391337605,-24.019375458813904,-9.706988554563464,-24.016318072409934,96.10058613652316
1418.222660336398,3001.9064527332334,1418.6316628144762,3001.498293092118,7.315567493438721,gaia_full_2741,0.5778211831615049,-14.840572791748306,21.254936558766882,-14.830305496760282,21.24616147183785,96.1240837513331
1230.5845595060343,2845.975212862345,1230.8084399201523,2845.4284096715796,7.981961250305176,gaia_full_2990,0.5908605328305278,-18.982982037509792,17.65827736598588,-18.9769117439471,17.646383397440406,96.1370185997644
898.3094576129065,2133.3042213273775,898.2765696972572,2133.0855553908036,7.672350883483887,gaia_full_3250,0.2211253192501599,-25.855041941621327,1.8766279969896076,-25.855734045584363,1.871869709282637,96.17315011943761
2284.6022220371055,3172.762768559286,2284.587559892961,3172.611245073851,6.831679821014404,gaia_full_3296,0.1522312225179313,5.723114129513469,25.28981269594475,5.72265098519498,25.28641460463113,96.18235297962113
1447.94561460501,1071.5026838456074,1448.049683033283,1071.5022898898826,6.513116836547852,gaia_full_659,0.1040691739388701,-14.170455776601125,-21.73436741863418,-14.167997675069103,-21.734450381217194,96.2515146911801
1081.3528616013182,1430.6544522855793,1081.428671626133,1430.6022746345056,6.4646830558776855,gaia_full_1228,0.0920307944875077,-22.148589017264182,-13.53012116899104,-22.146925173298612,-13.531317851926257,96.28470960439962
2926.9306343098706,2778.983680515725,2926.8445449547967,2778.8542461529237,6.969058036804199,gaia_full_1805,0.1554497710865657,20.34812415604439,16.132983547786818,20.345935458905743,16.130200171612774,96.32455345476095
992.1388576602196,2505.9822562180243,992.2264647290948,2505.602626788802,7.13986873626709,gaia_full_1070,0.3896068557515487,-23.98575436713219,10.03055906425297,-23.983343100893478,10.022317656408754,96.43216791616537
3185.310482936961,1856.5723673719149,3185.478067917687,1856.544978768795,5.4809794425964355,gaia_full_444,0.1698083076466862,25.657950346606647,-4.14304414515773,25.661740483097304,-4.143598663345347,96.43550314051568
2895.6612338643704,2816.921199217329,2895.510279932649,2816.8505994539255,7.0356340408325195,gaia_full_2526,0.1666475805247225,19.684495145543345,16.99251930564714,19.680886821238396,16.99108024803936,96.4597468650854
3129.3162696483773,2442.9650038377827,3129.48102790302,2442.940674839071,6.047625541687012,gaia_full_550,0.166544836759196,24.54312388657642,8.640892372043979,24.546834191269596,8.640280840958228,96.5429965726994
2358.162593316763,3157.8409985743538,2358.204861573642,3158.337196787241,4.653582572937012,gaia_full_69,0.4979952530013953,7.480182795561828,24.926663707464694,7.481661656816961,24.93777491431561,96.59048338554925
1711.4624059279188,3151.8995357350877,1711.6185159000568,3151.4741940229937,7.054065704345703,gaia_full_2798,0.453084865613467,-8.059895390385321,24.78252999910991,-8.055723068668417,24.773066756775055,96.64259502862592
2643.9335628077965,3029.655739773978,2643.8286478815394,3029.7104291924484,5.952981472015381,gaia_full_584,0.118313457578472,14.131131120824874,21.895185093262498,14.12873328817046,21.896477325865078,96.6765772592575
3205.016576600499,1999.4764904645149,3205.190790583523,1999.4162121666095,6.557185173034668,gaia_full_1190,0.1843474574802606,26.058275582261302,-1.0327989237188815,26.06220316724713,-1.0340980249832017,96.76416086392078
3020.908010571188,1433.098689771609,3020.9193181135643,1433.0432460105835,6.053325176239014,gaia_full_577,0.0565850788747034,22.33440559794779,-13.470795471751336,22.33474244420456,-13.472002768752986,96.76613692606409
2959.98911228966,1347.8924506344254,2960.0948849694973,1347.7975659656984,4.431922912597656,gaia_full_75,0.1420948984283669,21.06002443336554,-15.384964647949161,21.062605717472955,-15.386970542856817,96.77016512447265
2371.815044627328,936.3192270018056,2371.698471259848,936.3805819595066,7.83643913269043,gaia_full_2334,0.1317337498139853,7.8080665055738265,-24.91704614846113,7.805205925816576,-24.915722896069376,96.86415038785097
2977.77569303875,2725.020929538206,2977.7998884984477,2725.012786662265,4.580437183380127,gaia_full_101,0.0255289384536602,21.437550931555773,14.908479603993545,21.438095250326278,14.908282887989524,96.87369401316376
3204.527171186192,2136.0623188731033,3204.636995828616,2136.231985446201,7.705141067504883,gaia_full_3667,0.2021093716538743,26.054555016396407,1.9355703583951989,26.05706585422236,1.9392447024339068,96.93636607581273
3188.235992045889,1835.751379216989,3188.2117378521016,1835.9091005323855,7.18759298324585,gaia_full_3424,0.1595753090131842,25.734535688262497,-4.595158187743003,25.73390397528055,-4.591734638139653,96.97799298392978
3096.5450648049436,2532.4266847226545,3096.7036606591273,2532.353438252253,7.724831581115723,gaia_full_3425,0.1746931320645498,23.895032182718367,10.61113047074481,23.898554228448482,10.609437555365012,97.00518279571902
2248.9178314873975,3191.443493567456,2248.8730333944745,3191.242654921614,7.095118045806885,gaia_full_2560,0.2057742228588411,4.875440417599789,25.72063408205563,4.874232135575444,25.716134278599846,97.10279433454082
2904.4577757546053,1275.4839154274723,2904.363310963578,1275.51306187541,7.802087306976318,gaia_full_2825,0.0988590520449161,19.890790093608004,-17.020807230452824,19.88855516938225,-17.020239208400564,97.1145203498892
883.5736924733482,2025.8553044502069,883.6502345335086,2025.6573466317604,5.251065731048584,gaia_full_170,0.212240394029206,-26.177668932192155,-0.4593758750553072,-26.175957555303853,-0.46367872204901533,97.12533194791858
1464.924626861777,1048.5196223774526,1465.148333469619,1048.6089021845924,6.742839813232422,gaia_full_862,0.2408641325626209,-13.803412612428462,-22.25804441887093,-13.797979659694377,-22.25621572142958,97.14854282772838
2729.615425841723,1116.4694901686637,2729.5710834306856,1116.2949461201858,7.98076581954956,gaia_full_3143,0.1800885178895932,16.06953221893656,-20.673217445972366,16.068771024439908,-20.67712384032323,97.15034713209337
1071.4434177085925,2668.796089424971,1071.7840430585334,2668.419951149644,5.608983516693115,gaia_full_1399,0.5074501267988867,-22.3833456124095,13.642658489635876,-22.375003668423936,13.634656369086127,97.20670081578496
1541.6530259273993,3089.1392391504314,1541.8224531129158,3088.710918978705,6.897068023681641,gaia_full_1722,0.460612354045814,-12.044539333879172,23.283594475365952,-12.039912306093223,23.274144494719618,97.21382576263271
2807.1483246767575,2916.3396485943663,2806.9963466336817,2916.316244701395,6.801526069641113,gaia_full_2257,0.1537695281366208,17.786709174640652,19.257077754511528,17.783119896838436,19.2566806231584,97.2431146466245
1655.2077857637908,3139.7295749004875,1655.3736733232515,3139.310422681956,6.083381175994873,gaia_full_370,0.4507851646668685,-9.396233399643744,24.48186266429118,-9.391777277978123,24.472566527302096,97.24685754523081
2005.914881544916,3212.050947332303,2005.9380938279696,3211.701410764199,6.897793292999268,gaia_full_1702,0.3503064694330163,-0.9948104661181181,26.212405027273604,-0.9942023510308031,26.204542296751963,97.28608753971932
3118.104587780391,1599.9551918433033,3118.4279509406197,1599.888421643619,7.700373649597168,gaia_full_2880,0.3301847860805432,24.341581805255558,-9.760992588578011,24.348998218126866,-9.762271394048057,97.32209855005242
2997.1548789345056,2707.560006837928,2997.0884660304637,2707.7171562898293,6.110849857330322,gaia_full_1115,0.1706066354399349,21.856955464562606,14.510938395668068,21.855663295880024,14.514434896721383,97.33363646356271
2540.020960981661,997.6577641622762,2538.970984247713,996.9231937605044,3.0138354301452637,gaia_full_60,1.281422965687444,11.76082972308642,-23.45233238977574,11.736807945365843,-23.46940428874735,97.34966748708216
3210.5835392961976,2125.4372100860505,3210.780778772668,2125.3834144189436,7.832601547241211,gaia_full_3235,0.2044440874120299,26.18857329184889,1.704038983575121,26.193001515864704,1.7028499255126621,97.37846438145172
3032.031426517725,1436.5308046350222,3031.9342553266847,1436.5261217760108,6.954033374786377,gaia_full_2619,0.0972839634096181,22.584341218949188,-13.387825783888509,22.582122534478735,-13.38799639857809,97.39384641810302
1532.2850421533797,1007.205430343,1532.3235599728227,1007.1051116731098,7.913376331329346,gaia_full_3443,0.1074590989315495,-12.264281922740436,-23.22513759000693,-12.263506187802543,-23.22740142051951,97.44435776817248
1178.465892977446,1280.5035755064605,1178.6404309284046,1280.4012713948891,7.159780502319336,gaia_full_1188,0.2023107203517751,-20.13921517819276,-16.901551600626156,-20.135339172833806,-16.90394165483173,97.53396112269081
3215.3570261762384,2052.745123046009,3215.458731972607,2052.878870862129,7.5777177810668945,gaia_full_3396,0.1680254365619105,26.288075850523093,0.12477750380634536,26.29036624868787,0.12768156190397456,97.53569207262626
947.6369155224012,2432.25758856964,947.6558063007852,2432.026697988523,6.923033237457275,gaia_full_1396,0.2316620857120456,-24.919031444449338,8.399157862236025,-24.91838190609091,8.394136137441816,97.54892864835377
3112.063156578231,1579.5577088542095,3112.3039950020966,1579.5782344861457,7.622509956359863,gaia_full_3587,0.2417114974022895,24.227112647449122,-10.20948293080849,24.23256332865194,-10.208896982039972,97.55255638108005
2015.3547099900877,877.8012436367636,2015.4222625051373,877.7794185614084,7.45361328125,gaia_full_1590,0.0709906768792948,-0.7666639528308425,-26.306232494692022,-0.7650296041475505,-26.306726696490067,97.6364974464093
913.5841150240698,2328.60413256294,913.71728201803,2328.3855410669025,7.839913368225098,gaia_full_3033,0.2559603297784134,-25.60222231898696,6.127976029709422,-25.599058776069366,6.123269158665678,97.64897879538285
879.9065688735474,2128.25137993939,879.9909204697046,2128.0682825277127,6.454085350036621,gaia_full_925,0.2015932884231127,-26.268149854359606,1.764798287829035,-26.266212885658025,1.7608305228712997,97.66365225690004
3004.7078979251005,1391.588276880127,3005.183917418747,1390.779280284812,7.475433349609375,gaia_full_1475,0.9386533170254014,22.022799139415522,-14.392464852326734,22.034933632001728,-14.409856875226762,97.67547605469532
1131.6614122460896,2761.457453209863,1131.965640113163,2760.9735227480637,7.362954139709473,gaia_full_1440,0.5716146315146458,-21.13789626594665,15.720484335219677,-21.130123358171744,15.710085303920492,97.68298747659018
3204.0309517106657,2217.8063543515746,3204.038024515673,2218.093890630597,2.83687424659729,gaia_full_27,0.287623254144515,26.070719736833265,3.7120408599778854,26.071005735644274,3.718287375940865,97.6994787319477
3150.819280731167,2424.944726204632,3151.0304670435235,2424.92422027011,7.289896965026856,gaia_full_2472,0.212179527469835,25.0130047037844,8.237692073398444,25.017768302133202,8.237144551497368,97.71471168468763
3172.745702403518,1734.543657098567,3173.01120566547,1734.5929309201244,6.346928596496582,gaia_full_837,0.2700368337800029,25.452198225969827,-6.80218496002366,25.4581597512806,-6.801006182807911,97.75923209861735
2521.0270892114927,3111.7714873391296,2521.0431225151037,3111.51062694972,6.721917629241943,gaia_full_1451,0.2613526536838633,11.328603609190303,23.80892834153295,11.328637549889404,23.803090759833637,97.798192742533
1645.39164730907,951.0870573564276,1645.540796956435,951.1991539889502,6.588322162628174,gaia_full_1089,0.1865777916366446,-9.635231710472855,-24.547821814520095,-9.631523772308784,-24.54539441346814,97.8205298896707
3055.8806301873415,1465.288391711421,3055.835304287358,1465.2440736376489,6.584113597869873,gaia_full_1077,0.0633918675553618,23.09007361796576,-12.74178637794126,23.089098049483113,-12.742786921061501,97.83758334624581
3164.728337911816,2388.734212366727,3165.128998608442,2388.59368057261,6.357656002044678,gaia_full_828,0.4245917792168404,25.29511749839094,7.442789852643336,25.304059588066323,7.43955582112366,97.84865071656054
3187.1559357029723,2309.7481919782263,3187.471188400929,2309.803895769245,4.7522101402282715,gaia_full_112,0.3201361833700978,25.741309085880435,5.715479721833492,25.748461968550785,5.7165835745612394,97.85007130006775
1708.567945281234,3166.4640764403116,1708.7585884922244,3165.9922723108143,5.284562587738037,gaia_full_497,0.508865375622495,-8.144180613287414,25.10767221890708,-8.13911236190237,25.0971863596006,97.88180490483667
2674.3941830296535,3027.3499887655516,2674.096606087616,3027.100051709811,7.307498455047607,gaia_full_3062,0.3886136490974711,14.847605153799789,21.821560990537137,14.840176922950182,21.81622832815356,97.88635755211708
2732.7535482590506,2986.645762686202,2732.497231848732,2986.4762397743275,6.954761505126953,gaia_full_2420,0.3073046043406869,16.158138386765987,20.87299024559242,16.151830318544416,20.86943014744302,97.90295232466985
2116.3438653395156,3218.604342451894,2116.175864306932,3218.4342586300736,7.867683410644531,gaia_full_3158,0.2390666296122106,1.6805015699834682,26.357538200811966,1.6763922248391399,26.353729149956116,97.96721865748009
1807.4491689339727,899.6213740594955,1807.574535818463,899.678058785785,7.474520206451416,gaia_full_1790,0.1375863871218147,-5.786075269607309,-25.774599690989966,-5.783005478149604,-25.773370004786813,97.99393765294212
1849.3639035047104,3203.3684039211153,1849.356385916815,3202.920492593231,7.96681022644043,gaia_full_2988,0.447974409732232,-4.779501204924826,25.989830008188246,-4.779402154413143,25.979762845265014,97.9996263577789
988.9944836346978,1551.4070754188804,989.1414904773884,1551.354081741586,6.26195764541626,gaia_full_528,0.1562668923061319,-24.099612962105635,-10.828072149903713,-24.09633117989113,-10.829317846913527,98.00780953639426
2620.1536455948826,3062.5300323264696,2620.0453294058993,3062.409761234988,7.994865417480469,gaia_full_2852,0.1618565174531886,13.617662995920165,22.64406267778941,13.614910406931314,22.641461514331013,98.01442807331155
2769.9373398588564,1134.7282262165163,2769.776070459867,1134.632677362661,7.455111026763916,gaia_full_2389,0.1874497333247293,16.986570244552865,-20.236904561040795,16.98294550745308,-20.23914928953303,98.01737949081038
3125.8568368188203,1595.3209279997952,3125.8593823880315,1595.3761293559237,7.346896171569824,gaia_full_2416,0.0552600184675177,24.5227597579582,-9.857777262241374,24.522756128555294,-9.856571995250215,98.05065116255687
3177.8710719283954,1739.153419483137,3177.9496870581324,1739.0650987676506,6.724778652191162,gaia_full_2484,0.118240802634265,25.56439921791079,-6.699838698463647,25.566244847393794,-6.701728926300919,98.05264906241277
2279.188859061526,3196.9884783217094,2279.1382416495417,3196.693525420829,7.149468898773193,gaia_full_2468,0.2992646590124934,5.61020857573319,25.835722406004344,5.608770430035259,25.829114745270044,98.05653911418425
1395.1464902000896,1080.5960342551457,1395.256033765916,1080.6225342752637,7.4863786697387695,gaia_full_1285,0.1127033445831613,-15.402905837196352,-21.493137215396544,-15.400278289751602,-21.492632660224142,98.09164809887861
926.2924418918716,2391.715491275493,926.4592986623512,2391.3577775650497,7.314614772796631,gaia_full_2436,0.3947154424317501,-25.36509535553212,7.50637746418442,-25.36100912219146,7.498665242784214,98.11331912142163
1091.9231492951171,2717.3349450395567,1092.1452672248215,2716.8518553646527,5.369665145874023,gaia_full_176,0.5317066942356796,-21.98475027942461,14.721704502319323,-21.978911362913074,14.711275744791722,98.11916964699104
1217.3396908560812,1228.6233040580405,1217.5152405329,1228.7101248534154,6.64813756942749,gaia_full_737,0.1958457034011535,-19.322380286544924,-18.075798395321275,-19.31815358378944,-18.074025735446195,98.14492612472124
2550.851697532601,3101.9172341875633,2550.6375172487833,3101.840379155471,7.140857219696045,gaia_full_2035,0.227551949967819,12.026725275300842,23.56977211200411,12.021510422610785,23.568197330812776,98.15300149990092
1849.0333354746956,889.2494676635764,1849.169620438094,889.1666505739042,7.582343578338623,gaia_full_1519,0.1594749559970334,-4.788362695138397,-26.020792375855194,-4.7851190088184214,-26.022692689409702,98.16010077949669
1893.3124665759235,881.8740424270651,1893.4049739732168,881.9125098452512,5.0416107177734375,gaia_full_127,0.1001866299257498,-3.7211210899117737,-26.19796764705615,-3.7188626015810424,-26.19712370225575,98.16299828168285
2220.497963272528,3209.286225866608,2220.50200299741,3209.0696527144723,7.505724906921387,gaia_full_1915,0.2166108252216109,4.199127477124782,26.129373383343033,4.199105146055651,26.12450432012925,98.16320724045636
1004.0592466418676,1517.1419672872646,1004.1476841684952,1517.040719674466,7.189126491546631,gaia_full_1484,0.1344331626252191,-23.799007665043916,-11.585677997378054,-23.79712084827563,-11.587946157496145,98.19553731892951
973.6959558132052,1578.366511313501,973.8881809429944,1578.0727371787316,7.955152988433838,gaia_full_3427,0.3510751241286232,-24.4157906864167,-10.230727636764934,-24.411759752727164,-10.237247125347787,98.20617410434551
2559.9462496380934,3098.2029102851984,2559.7876921791353,3098.1254161622874,7.2169365882873535,gaia_full_2196,0.176481746583007,12.238284765105147,23.48086745232629,12.234395711559895,23.479243814506372,98.22159509816119
1202.9472634645324,2853.369028592823,1203.2258248562675,2852.8475524877877,6.595012664794922,gaia_full_1146,0.5912138167262849,-19.636865848795537,17.799433412854544,-19.62952757486252,17.78816600021001,98.27636000136009
2699.830038731329,1077.867712912616,2699.749249527641,1077.927304221133,6.567442417144775,gaia_full_674,0.1003893394901502,15.430365477267083,-21.552978530251693,15.42836202203926,-21.551717358853924,98.33052048587439
1014.479753501796,2600.965044540946,1014.7306516645374,2600.4885011583365,6.572407245635986,gaia_full_890,0.5385568526868981,-23.59268698639482,12.11917271644307,-23.58632828292909,12.10892437193551,98.36061333881516
3204.4767702507347,1831.404869733237,3204.525049645786,1831.3903782895136,7.070333003997803,gaia_full_3246,0.0504073598566068,26.10308915843325,-4.68511488939712,26.104185802887738,-4.685416056896273,98.39144209561643
2104.3699288240828,3225.2828019521207,2104.320291153645,3224.829928887181,7.47820520401001,gaia_full_3435,0.4555852404046513,1.3915713209097318,26.50891015246589,1.3902827086639087,26.498725868780458,98.4427462615095
2516.5658663543413,972.8037106205426,2516.932711185306,972.1858480820052,6.113090991973877,gaia_full_703,0.7185605378347213,11.234647144733978,-24.022276131407363,11.244244992006657,-24.035850890399573,98.44552948553682
1819.927087304532,891.0505603554672,1820.0805871791488,891.1508359746592,7.264147281646728,gaia_full_2053,0.1833505148932922,-5.490903739078656,-25.971315466650154,-5.4871207844094085,-25.969113819654186,98.46986635732435
3224.3767033472227,2126.104773594433,3224.514936285327,2126.025510896397,7.455602169036865,gaia_full_3028,0.1593452869618114,26.499142935121846,1.717094698322797,26.502237686737438,1.7153596559862223,98.5262967084237
2964.445673826394,1319.2122874787224,2964.368831376703,1319.2747397358044,6.835533142089844,gaia_full_1792,0.099020434704872,21.207626571671952,-16.011709223820503,21.205752854244743,-16.01039772205369,98.57557666665843
1110.3514444487464,1343.2735130650783,1110.5368712774423,1343.2617296900794,7.127018451690674,gaia_full_2260,0.1858008523302868,-21.6122572306724,-15.468375188322629,-21.60800336060606,-15.468777403506547,98.58759001909101
913.0867539816704,1723.845550401326,913.2306147572976,1723.7217688645967,7.058629512786865,gaia_full_2586,0.1897835387991007,-25.645458121276718,-7.0315858814819885,-25.642307855662075,-7.034338274282567,98.64488012893213
992.5522696605136,2568.8683092389833,992.7532366161612,2568.5716432099407,7.769504547119141,gaia_full_2777,0.3583272945927063,-24.051103445463166,11.403871486166786,-24.046147593711307,11.397522690549188,98.72234628447838
1950.170210333856,868.3322006542542,1950.2504557532695,868.3344009088337,6.01406717300415,gaia_full_311,0.0802755782110197,-2.3487971120083886,-26.513035647008746,-2.346850005481586,-26.512997736089552,98.7450693816154
3029.0544823690343,2691.8988234425697,3029.0404200288526,2692.0167330263657,7.359050273895264,gaia_full_2239,0.1187451866912766,22.566071487439807,14.144113016615288,22.565924837692602,14.146706033607355,98.8080154597215
3225.4518489570146,1934.090796411024,3225.493788522079,1934.213186694816,7.89852237701416,gaia_full_3726,0.1293766156787826,26.531825369657863,-2.4506772278319917,26.53273342905671,-2.448014596462427,98.85177625562346
1179.8635481752676,2839.5282832035755,1180.196439514058,2839.051740685805,5.94589376449585,gaia_full_414,0.5812997631901231,-20.14962088887528,17.47580150903488,-20.141100488046522,17.465581527623822,98.9027045351459
3157.579292883355,1645.959640349865,3157.646366326042,1646.0435968347308,7.103215217590332,gaia_full_1352,0.1074594717321132,25.18874087030109,-8.737343231504815,25.190176396367754,-8.735481043608054,98.91266436314345
919.8590388950018,2403.6490209524336,919.9789478218412,2403.334134559611,6.583220958709717,gaia_full_1219,0.3369444926402977,-25.521274768860312,7.763161777626415,-25.518275597583724,7.756366167382613,98.9467486190388
2731.733511720272,1091.4502259796095,2731.522593673271,1091.3977159888575,7.541525840759277,gaia_full_1996,0.2173562092039916,16.160413120315507,-21.226557771071874,16.155530424478325,-21.227890056661707,98.96628124840808
2664.409111464413,1044.948001342122,2663.9705018277245,1044.828793249822,7.905169486999512,gaia_full_3542,0.4545206075259593,14.645914373947445,-22.311570359304127,14.635715094219975,-22.314552979092436,99.00236020152691
1771.24611438991,3198.3993520085623,1771.191501416949,3198.052030816545,7.664780616760254,gaia_full_3360,0.351588661990012,-6.663688951730211,25.85138528110752,-6.664706552412698,25.843568329741867,99.01382220749407
3029.777895905627,1398.1451465322875,3029.745653879872,1398.101550811694,7.076354503631592,gaia_full_2291,0.0542230124472628,22.588603132519225,-14.23022377196759,22.587928624328637,-14.231202616235047,99.04393357506484
973.1757524033654,2539.768357238861,973.4593614174524,2539.4783961423295,7.439062118530273,gaia_full_1966,0.4056001853710809,-24.456175231315104,10.756837531381347,-24.44936978212629,10.750686312926195,99.08611978115133
2917.9570609328593,2838.270973917221,2917.947032383683,2838.3693570732057,7.157915115356445,gaia_full_2129,0.0988929581926544,20.236145648569455,17.445003361831077,20.23607814009014,17.447177109835593,99.1245820299871
3230.914471593795,1953.4539975431856,3230.828812448084,1953.36987485126,7.660497188568115,gaia_full_3709,0.1200588045114947,26.649556405717988,-2.029735863408684,26.647648982984766,-2.0315718167031744,99.14690868424358
2778.3030042733035,2969.6837647784973,2778.1765143256207,2969.5419586218663,6.613216400146484,gaia_full_888,0.1900228747368248,17.200447287423806,20.460733927910788,17.197235441170392,20.457697453077063,99.14953310218569
3052.497734637038,2664.006308343383,3052.5031488473583,2663.9341595657434,7.834818363189697,gaia_full_3530,0.0723516398450882,23.062468129492846,13.51637799758358,23.062487245980712,13.514795558224083,99.16797455225421
1534.4549165394824,3111.4927110334643,1534.628944231632,3111.0336608584844,7.328386783599853,gaia_full_2801,0.4909304439368007,-12.247752877972088,23.77767392137372,-12.242936659485503,23.76754857366888,99.18586593519022
3123.2618823573516,1556.2320710466706,3123.3370496780026,1556.1348707633906,6.321199893951416,gaia_full_1080,0.1228740052393514,24.509212823290913,-10.711726873680659,24.511040892667875,-10.713800767263217,99.24071693394892
2971.8797130036846,2777.966642079404,2971.861791072942,2777.9793175401937,6.689889907836914,gaia_full_1628,0.0219513759879255,21.384359287313583,16.075644779679557,21.383966106284472,16.07593739027852,99.24994725263696
1576.5587572162,3132.633569150023,1576.7014233162768,3132.290032861311,6.820017337799072,gaia_full_1278,0.371982254648242,-11.271037243746493,24.277251013875887,-11.26715498201866,24.269666541172747,99.26767687301141
1410.365702719343,1053.1553726893292,1410.5643541642155,1053.2687607871335,7.711788177490234,gaia_full_1944,0.2287340317348507,-15.0878303415272,-22.114431683944765,-15.082944059568884,-22.11206577395759,99.3004728850125
3236.6561471467826,2066.363239789004,3236.882834625177,2066.214687624614,7.686168670654297,gaia_full_3480,0.2710257522931455,26.767757156247658,0.4199966877620545,26.772850160544767,0.4167686709348796,99.33654103368882
3236.9308369034206,2058.4105978217112,3237.0758129021115,2058.368618205618,6.741143703460693,gaia_full_1798,0.1509315353520627,26.773615359234363,0.24749650426342928,26.776876078335857,0.24658374523204937,99.34365505265728
2816.076533775858,1153.0374849863977,2815.9533981722757,1152.9589721729994,7.468315601348877,gaia_full_2076,0.1460364294869301,18.036976358521315,-19.7943050771109,18.034228333991237,-19.796142522335614,99.34772495812653
3206.35063734181,1786.497611751946,3206.502649807512,1786.407603950625,6.477594375610352,gaia_full_1208,0.1766612408751675,26.17302187268731,-5.660101196591198,26.176513488583673,-5.662004066149277,99.35794140276887
3071.8635519085715,2636.5176196444386,3071.989363055014,2636.5561988613586,6.638748645782471,gaia_full_1212,0.1315933149797771,23.466375141377586,12.901444904468288,23.46930681982838,12.902199923650409,99.35842463882628
951.227241830483,2500.1449338151783,951.6007670482,2499.7106591012507,3.9845802783966064,gaia_full_40,0.57281377028439,-24.908628324017887,9.880167637989757,-24.89965238561246,9.870919167523358,99.36899390950643
2675.59099439666,1047.0334306426437,2675.4382060861753,1047.0720666239883,7.756833553314209,gaia_full_3566,0.157597610626511,14.907394465601119,-22.256679009555576,14.903713360409212,-22.255937725147067,99.37035832321212
3219.713781085436,2244.71724337097,3219.9558398020304,2244.770764270625,7.217822551727295,gaia_full_3378,0.247905040245563,26.43699086892327,4.29269152444189,26.442474447713884,4.29378962433978,99.38376808803645
2660.7204612166265,3056.683733572924,2660.5902277547775,3056.6256247668166,5.649290084838867,gaia_full_369,0.1426092140516436,14.570747944269868,22.484070180436134,14.567566857043124,22.482876813177526,99.38741504667972
865.457455402729,2190.067555179588,865.5237505087093,2189.8979768199256,7.869583606719971,gaia_full_3591,0.1820765255125847,-26.611529479820813,3.104616574351828,-26.60997284806586,3.1009496745847636,99.38830062791092
892.2538504071579,2331.1500597525064,892.3898446284227,2330.8363032468505,7.201910018920898,gaia_full_1426,0.3419613619384601,-26.08574942570367,6.175464439867126,-26.082447847428526,6.16869856517745,99.43263105191593
1133.2571257824957,2796.450472586587,1133.650008148993,2796.0435424881616,7.252584934234619,gaia_full_1881,0.5656400435868028,-21.15732222006126,16.490556918054345,-21.14756839177649,16.481934436277538,99.46908965701374
872.4394619215735,2245.4284279647177,872.4867985179656,2245.115972715697,4.465786933898926,gaia_full_63,0.3160206259069545,-26.478984638502393,4.307641614655739,-26.47775565972888,4.300872234614918,99.5171771587193
2916.9963151658026,1247.7303300329822,2916.999109956773,1247.7612928455255,7.684689521789551,gaia_full_3054,0.031088689537492,20.227347365044796,-17.621854763924976,20.227359722227103,-17.6211709246891,99.52289569811882
1502.583769530576,3100.511219251081,1502.9559463157034,3100.1872414132927,7.38963794708252,gaia_full_3150,0.4934340875595162,-12.991724986599293,23.510734196448755,-12.982365213797506,23.503776038925736,99.6139579965562
1083.5547531676643,1358.1142008075465,1083.8082653784395,1358.1380391894518,7.641837120056152,gaia_full_1797,0.254630535215197,-22.20594655066722,-15.12205318828568,-22.200074342918946,-15.121727890549497,99.65130164553618
3107.128757567638,1512.111946669873,3107.206532290996,1511.9815064388436,6.791584491729736,gaia_full_1151,0.151866920244318,24.1973860551065,-11.684377623852255,24.19933028980782,-11.687173092111538,99.69877743735806
2852.4481969210888,2914.546399663494,2852.32113096361,2914.6804916855035,7.643627166748047,gaia_full_3431,0.1847333968632385,18.841820175133172,19.18052551764429,18.839085398497346,19.1835915635546,99.74871957756518
853.5681879961455,2112.5967950357212,853.6584009300609,2112.36224668803,6.801854610443115,gaia_full_872,0.2512992257255099,-26.857901044961828,1.4224753639361731,-26.855830271168898,1.4173972109843926,99.77102228204416
1220.922862178052,1198.294506082515,1221.0982048280134,1198.455576304438,7.502609729766846,gaia_full_2041,0.2380938077435839,-19.290489268674218,-18.74757521147554,-19.2861227049643,-18.744170113074574,99.77473358540959
3210.2372488758383,1778.629572670193,3210.413133517489,1778.8020895830691,6.8367919921875,gaia_full_1823,0.246368610819052,26.26615170470684,-5.829626320410857,26.2700015911625,-5.825817590362492,99.82677265734635
1926.048985712905,3236.6725259933455,1926.1243349504205,3236.360865717891,5.819591999053955,gaia_full_282,0.3206394156844654,-2.9382309521073733,26.756605158491293,-2.9362762734999546,26.749609972102604,99.83437035277996
3235.9346682818427,2174.467722642852,3235.918183695541,2174.3195617079364,6.615377426147461,gaia_full_3668,0.1490751629905037,26.772438361685886,2.764854990770828,26.77201740430558,2.761644342565344,99.848448025578
2991.6364883046745,2765.408456999872,2991.479803232807,2765.7050263764586,6.586021900177002,gaia_full_751,0.3354155733934973,21.819860714410403,15.784264209156659,21.816728413278263,15.790895265879566,99.91420582976245
2770.3492949734027,1106.8570975014766,2770.331731798144,1106.7154137945304,7.460630893707275,gaia_full_2394,0.1427681264819986,17.043441019993494,-20.85384431762441,17.043272265736462,-20.85699644113467,99.92559847804615
1809.9219798221225,3219.4620223404627,1810.052078676665,3219.0850142988793,7.66034460067749,gaia_full_2091,0.3988242412037438,-5.745298134956845,26.338776838843536,-5.741857727398036,26.33035563789703,99.97855268831297
1253.089945261543,1163.9974869798534,1253.2685651446775,1164.027686525963,7.8589606285095215,gaia_full_2734,0.1811548377387832,-18.599088207601454,-19.5314329417235,-18.594857993783275,-19.53091641369912,100.0452199646529
2830.1019074714623,2939.56471264879,2830.0347620767316,2939.5433516797793,7.063024520874023,gaia_full_1854,0.0704613016529115,18.362909599325352,19.75172115319566,18.361300457884425,19.75130568087667,100.04700774293788
905.4658986635162,1690.724472252941,905.5715189396788,1690.8144389924191,7.740813732147217,gaia_full_3138,0.1387431329795066,-25.84666204754082,-7.748393271249839,-25.84418935137943,-7.746486696288802,100.09368413481052
1862.827157532486,862.9726610403102,1862.9921669291496,863.0358538932198,7.54002571105957,gaia_full_2675,0.176695890292239,-4.470404990718234,-26.615198093881503,-4.4663623609606615,-26.61382337264273,100.11525681006634
2118.0809422047228,849.053631421557,2118.0576777630104,849.0081656968771,7.685286045074463,gaia_full_2381,0.0510721682412571,1.7287484734777483,-26.949952955794657,1.7281934556327152,-26.950978273885205,100.19069490145849
2880.4251138879317,2895.496607177289,2880.2872768461784,2895.490169272797,7.823328018188477,gaia_full_3418,0.1379873062768805,19.461420781131885,18.73678660242609,19.458196407236706,18.736761140475398,100.21443967723762
846.418629336161,2022.4169189837776,846.4957525312448,2022.2514059380912,7.32004451751709,gaia_full_1785,0.1825994400656858,-27.013883502209598,-0.5328537937174312,-27.012159027809847,-0.5364439755660204,100.23207806247666
869.5155227159659,2278.1979088538533,869.6359989415073,2277.779385983138,6.992374420166016,gaia_full_1464,0.4355179838219799,-26.563356449928897,5.0179724230731,-26.560385413682024,5.008927977032428,100.27319024275623
3176.703173209405,2443.339012033563,3176.9222574784326,2443.2538814817285,7.985527992248535,gaia_full_3446,0.2350428211857166,25.61741384217542,8.625262229385973,25.622292441754382,8.623298545033407,100.29512961781101
932.336612396908,1611.4665766030869,932.2838477112068,1611.3181633837153,7.738828659057617,gaia_full_3043,0.1575137954002337,-25.31783904109894,-9.486026036129784,-25.319200569434454,-9.489226694588945,100.31188331524035
2856.0735541868385,1172.613501899965,2856.171874047242,1172.4299238211856,7.153376579284668,gaia_full_2881,0.2082491439552952,18.938460046366274,-19.32842642924921,18.941080487766374,-19.332394005738212,100.40778845824345
2601.925780247821,988.917956443798,2601.692441771379,988.8415457275204,6.522944450378418,gaia_full_778,0.2455309392929701,13.24926348028754,-23.605068900877324,13.243817646940007,-23.606940562652685,100.42014910124054
1994.760689334311,844.9357819325768,1994.764416731054,845.0316520944541,5.983620643615723,gaia_full_382,0.0959425944242727,-1.271231728851433,-27.04436209197369,-1.2711242394057465,-27.04220550920015,100.43455877391743
3080.3542591762016,2647.5346936844912,3080.240385608652,2647.420663122142,7.075616359710693,gaia_full_2942,0.1611525939479981,23.676354405510743,13.13615905782728,23.673583433395255,13.133749945090315,100.43711480951295
1155.250177508682,1254.983991335392,1155.4654875425256,1254.9860253333527,6.973916530609131,gaia_full_1360,0.2153196410488017,-20.719729671956156,-17.444183401799283,-20.714731881460953,-17.444319005406715,100.46934301158728
3019.2540788234573,2739.9733397152067,3019.2346739935033,2739.934924262142,5.747387886047363,gaia_full_392,0.0430382906226247,22.41520365440058,15.204720855504844,22.414695424472388,15.203894566540985,100.48116448149884
3111.599605348275,2594.710073546991,3111.8285392538955,2594.832366375223,7.338123321533203,gaia_full_3428,0.2595501280670649,24.316399881008845,11.96115873261367,24.321788203801475,11.963672075919431,100.55659871116112
2959.1500800201034,2817.262472596713,2959.155086881752,2817.3106751884243,7.691545009613037,gaia_full_2479,0.0484619284723084,21.1553293894244,16.949066890396747,21.15552725454239,16.950121628724812,100.56919870109485
3172.342651366177,1627.8261090985893,3172.580412534026,1627.763212800788,7.393012046813965,gaia_full_2488,0.2459396617343675,25.54235013392639,-9.124219122480993,25.547810292454244,-9.125458712230076,100.64455332719598
2506.1207068019303,938.4135304916152,2505.944660976035,938.4243541018188,5.24771785736084,gaia_full_211,0.1763782394544693,11.03100810498298,-24.797287765314035,11.026767689510894,-24.79715751378063,100.68037724624028
3192.390615513304,2413.1652896335495,3192.5277690805397,2413.1882222604554,7.04224967956543,gaia_full_1883,0.1390575649947033,25.94316144505233,7.961517665991319,25.946287980498887,7.961950312425492,100.68816125830162
1393.61959649148,3049.989892595718,1393.888095179604,3049.5465398425517,7.242996215820312,gaia_full_1663,0.5183176721515462,-15.499515065644518,22.304381939522724,-15.492404889360705,22.29475284165193,100.72014914905034
980.1228350908508,1498.174443606542,980.2276314858308,1498.0297605076105,7.511548042297363,gaia_full_1330,0.1786490512633265,-24.36987340773262,-11.983951863575667,-24.367678142111657,-11.987178576522142,100.74785608064093
2984.9247105466793,2789.833199829376,2984.875680813903,2789.787890828745,6.9540252685546875,gaia_full_1861,0.0667594205662322,21.705196450515004,16.325567413134788,21.70398779800418,16.32461351979803,100.75331388634817
2687.839746613107,3058.585499125821,2687.575131902422,3058.602900066277,7.213695526123047,gaia_full_2921,0.265186232371752,15.216843613094948,22.505282570865198,15.210599074968451,22.50587912242445,100.77522463149995
2313.691438884804,3222.2482874210705,2313.618306265388,3221.9649442019527,6.238295078277588,gaia_full_822,0.2926290481867214,6.46509060130749,26.39028148153139,6.463073730544651,26.383950284308394,100.77571871329864
3254.0868876123936,1999.6433054052995,3254.285183318503,1999.707061521627,6.531367778778076,gaia_full_1803,0.2082931334217679,27.16244861113405,-1.0260629782964334,27.166902654552953,-1.024668804597858,100.85806585641092
3011.0329905192843,1335.6699845142766,3011.0345911283503,1335.5155998502391,7.728683471679688,gaia_full_2345,0.1543929611068695,22.25554553559746,-15.613507265387447,22.25583503572504,-15.616889376249866,100.8661769182144
2131.0866370525655,3253.070202978867,2131.0425924259994,3252.8269637480207,7.310316562652588,gaia_full_1821,0.2471947664335515,2.0473355807841926,27.131161829658176,2.0461944091201416,27.1256959276926,100.91943787092164
3095.0099975838775,1460.560266612208,3095.117684540085,1460.4884419936056,6.712567329406738,gaia_full_870,0.1294420966092725,23.991303125818728,-12.817839661492062,23.993868066426113,-12.819330821177028,100.92289205470536
844.7104015962353,2172.8324484317054,844.747744102717,2172.5951521180423,6.934948921203613,gaia_full_1288,0.2402165757570571,-27.072591521141714,2.7271123233964514,-27.071671236555687,2.7219762510819034,100.93950050142124
2714.27896928495,3043.1965302858152,2714.059612585409,3043.201803327738,6.685478210449219,gaia_full_1020,0.2194200688284528,15.816993858913204,22.142374145124272,15.811811583936375,22.14266920846434,100.94131717426387
838.8871758708791,1987.6739489090269,838.9044046655197,1987.4935009049964,5.626943588256836,gaia_full_340,0.1812686225560195,-27.187240670902085,-1.2853125112361898,-27.186881615118278,-1.289223296823934,100.97386159683957
1502.4317957532762,3118.5194845572023,1502.5063721717356,3118.164005257384,6.779921054840088,gaia_full_1172,0.3632178062672733,-13.022862037255544,23.912012354399685,-13.02053194412884,23.904143167459882,100.98433507273775
933.5650516072332,1587.663569439232,933.570887162248,1587.607713415548,7.919719696044922,gaia_full_3476,0.0561600310196704,-25.316969957779964,-10.004761149285711,-25.316902536455633,-10.005980155262883,100.99270850721757
3256.29457192613,2084.604658564847,3256.409965726837,2084.548028668956,7.667802810668945,gaia_full_3456,0.128540555274075,27.211018565067235,0.8146567032542626,27.213609398523516,0.8134239717347858,101.00476875438247
3132.5888361682687,1528.005956191823,3132.7414719776593,1527.9016372337674,7.479957103729248,gaia_full_3496,0.1848787043392663,24.756956200797926,-11.321165929759282,24.76056882468903,-11.323339965606293,101.0089657027948
2766.0072876903955,1087.3623352767834,2765.8193510079427,1087.2106274699854,7.86035680770874,gaia_full_3677,0.2415273385246718,16.975156841901175,-21.289189866952466,16.970994060177564,-21.29270721567501,101.01511237408099
2212.1813008525473,3245.2961729753993,2212.160183196929,3245.028358376887,6.437071323394775,gaia_full_1321,0.2686458906351295,4.017290857667272,26.940922936263302,4.016629906128309,26.934907944866772,101.03068197673373
1089.2044519898727,2770.7776253872353,1089.4776396201887,2770.1918270055908,7.858757972717285,gaia_full_2005,0.6463677167796904,-22.132210231138743,15.89139108126699,-22.12493699289147,15.878772269525644,101.03243005017463
3055.276061070344,1394.0751300276786,3055.3076523524715,1393.9948960155612,7.028988838195801,gaia_full_2599,0.0862293790243164,23.18014895220843,-14.300009921599164,23.180998671167746,-14.301740379560995,101.0494727450132
1841.4079328707023,854.4876945963255,1841.4419136673737,854.8327411358193,7.811025619506836,gaia_full_3194,0.3467157466269902,-4.995942346430513,-26.79958653263872,-4.994882125328877,-26.791844553436185,101.10756776602635
1016.0369889701026,1427.166711087517,1016.126373075276,1427.0966275955543,6.007945537567139,gaia_full_314,0.1135835115820826,-23.65001217694287,-13.559521722644648,-23.64806926750494,-13.56111928507642,101.1336565780506
3251.067512501947,2179.103861234164,3251.394469766029,2179.066445454896,7.421933174133301,gaia_full_2188,0.3290911622548199,27.114781105306836,2.8626996157688227,27.122130201608794,2.8618300123649916,101.17888849150137
3119.4741173670363,2596.435376070491,3119.564621088968,2596.454482783108,5.962008953094482,gaia_full_980,0.0924985953976335,24.4984096201169,11.993449462768108,24.500500725019144,11.993804407595773,101.20104953567254
1359.2999740385048,1061.2912670101898,1359.4873862212016,1061.327299840661,6.124594211578369,gaia_full_368,0.1908446779319244,-16.281855259399098,-21.89299662639807,-16.27736267789519,-21.89235245994768,101.20796843267325
2207.5645664830254,845.6207734512019,2207.437133053224,845.7739411331131,7.569041728973389,gaia_full_2976,0.1992476293786185,3.9066794438218846,-27.011374231746,3.90349710971824,-27.007962133546215,101.23785994321752
841.9313065079554,1913.4584216300143,841.9456085023382,1913.2899820419943,7.338634014129639,gaia_full_2082,0.1690456797897745,-27.13783526437506,-2.893670234109622,-27.137573323086578,-2.8973224123698618,101.24975862944589
2645.9443778954687,1002.8920993809796,2645.771207739444,1002.8094024498362,7.535991191864014,gaia_full_2255,0.1919028018507894,14.27564532999696,-23.261039765853926,14.271659280115273,-23.263012814869725,101.25014337802965
843.1089146901895,1902.4211054089697,843.2609187220141,1902.1790255230512,7.709188938140869,gaia_full_2780,0.2858459320284597,-27.11541405889128,-3.133044812393613,-27.11208425517595,-3.138320226887344,101.25463879610207
3260.6490843282227,2025.9802194983592,3260.845252515076,2025.95608811586,4.824423789978027,gaia_full_140,0.1976468597136012,27.30769703698722,-0.45524221858541764,27.31211227001195,-0.45575918550942895,101.33922041032254
1547.2471402293984,3146.201339313988,1547.3915020477743,3145.8046866452396,6.167546272277832,gaia_full_990,0.4221062357154434,-11.992313139662405,24.560922562565676,-11.988270694849845,24.552168022056986,101.3642340613654
1952.099543840252,3258.0025774934206,1952.0690494754967,3257.640466932723,6.664641857147217,gaia_full_1425,0.3633923010336837,-2.312197338608805,27.240623490727817,-2.312823909985665,27.232474034502655,101.39336898751029
2121.067043822926,834.6197281569922,2121.0627395679703,834.6091833660348,7.5403947830200195,gaia_full_2298,0.011389434887529,1.8049668463973625,-27.274326137047105,1.8048646067290812,-27.27456384229474,101.40711685204397
3110.017058033094,1475.393904118708,3110.1175667205043,1475.250720158056,7.710502624511719,gaia_full_3604,0.1749389688802173,24.313220705358773,-12.4835135337051,24.315718689198903,-12.486566079046032,101.40773702412514
1073.3474139859875,2758.080877710449,1073.6730988680383,2757.7439572414532,7.41521692276001,gaia_full_2256,0.468600090508677,-22.476861130120103,15.60026487520038,-22.468798746647728,15.593149589601394,101.46368843883552
3059.6848548313214,2702.4596842075252,3059.620019593585,2702.401489740319,7.352357864379883,gaia_full_2002,0.0871217772185931,23.28531882803294,14.352037651463577,23.2837391578792,14.350815492651762,101.46946573655885
2933.9347975304277,1231.9513655178253,2933.856250054203,1231.9104252159989,6.535712718963623,gaia_full_741,0.0885766015090978,20.64806934255212,-17.954730431333417,20.64631630760394,-17.955698206964996,101.51008594637656
1129.8419705799497,2829.0493681881726,1129.9477784700075,2828.615139399312,7.925492763519287,gaia_full_1982,0.4469339444190501,-21.29159835579087,17.203746107621594,-21.288391725387772,17.194300178591423,101.52107497345564
1717.4313952692175,3214.5368792986915,1717.52445387844,3214.2499151171796,7.1883721351623535,gaia_full_2948,0.3016758959896901,-7.980367589895807,26.18959943791607,-7.977812517843753,26.18321109572162,101.54591230370427
2463.0859497824945,3184.9236583045968,2462.8142522614285,3184.7983869433365,7.638208389282227,gaia_full_2130,0.2991863247299595,10.034941589936787,25.479684150861097,10.028233724759382,25.477042544595527,101.57566752892252
3252.08704350623,2209.832781665913,3252.416682187089,2209.828542858461,7.288570404052734,gaia_full_2209,0.329665933039267,27.149846523219804,3.528298747923833,27.157270355871603,3.528133643763046,101.5973376149674
3087.6613611884063,2662.4525206441817,3087.7318318646903,2662.3814215472353,7.772748947143555,gaia_full_3372,0.1001059329037302,23.865607324358344,13.456624790928283,23.867114842427466,13.455019848661202,101.64553093754571
896.8213496157866,2435.312965921348,896.9042319526939,2434.994049425097,6.801525592803955,gaia_full_842,0.3295105663745487,-26.07323844720409,8.440341750969443,-26.071039161563256,8.433456449348752,101.65538393801812
1012.3526463585129,2673.150649050607,1012.496488274394,2672.7950821078553,7.377162456512451,gaia_full_1681,0.3835600963895137,-23.743951488193126,13.694760245639754,-23.740115638856917,13.6871025682754,101.66266754140798
2988.564631107224,1291.4114436955158,2988.529246895975,1291.440787000175,7.135927677154541,gaia_full_1633,0.045968162178227,21.810935964610866,-16.602379477983934,21.81006742250203,-16.60176552215236,101.68756078184174
3258.0805861206727,1917.1625981513173,3258.2608214875363,1917.2133876413168,7.678321838378906,gaia_full_2804,0.1872547990382116,27.271902185539904,-2.812344496886313,27.2759428493126,-2.8112123917524094,101.72696102519932
3228.1861838825757,2339.0165987819037,3228.47401220516,2339.033466306101,6.283824443817139,gaia_full_1753,0.2883221404161367,26.688812536291188,6.336107168840896,26.695326632616236,6.336360084477678,101.78849905808866
3056.7321962511855,1379.182743541592,3056.689966773083,1379.043426641802,5.834729194641113,gaia_full_488,0.1455765344685847,23.23699981816428,-14.624546852568377,23.236251287011218,-14.627626463272717,101.86290142124685
3256.8336188663848,1891.715575370447,3256.8496756438244,1891.7278906234756,7.414438247680664,gaia_full_2107,0.0202357495266629,27.253550514465623,-3.363749703782139,27.253907052541873,-3.3634795466101592,101.876251009287
3267.445240665596,2067.862304395695,3267.666193067348,2067.6273084311388,7.670253276824951,gaia_full_2808,0.322557075876103,27.460604676753793,0.4516365776540276,27.465563055477293,0.44654300152962484,101.90786661480723
2648.2605650946143,3098.721436531396,2648.2044151791824,3098.7355006446146,7.166474342346191,gaia_full_2402,0.0578844735972301,14.343354750573782,23.428612512846332,14.342040582798052,23.428969107298602,101.91152434888022
3254.590802748104,1873.0224626446384,3254.805799974315,1873.0518817901295,7.777566909790039,gaia_full_3546,0.2170006760354323,27.21127588281059,-3.7691586666526637,27.21610616024629,-3.768470239698781,101.93225815578492
2333.991357586234,862.6564783862523,2333.6479440365533,862.6667753042605,7.544458389282227,gaia_full_2425,0.3435678864862124,6.965485570795764,-26.586024701132786,6.957144745321914,-26.585941105970942,101.95226173450476
1334.5932578895713,3026.8898635125383,1334.8946806166937,3026.425044669797,5.865471363067627,gaia_full_450,0.5539965857235016,-16.855345619708146,21.743329588142988,-16.847395595024054,21.733289230332968,102.01680209751308
3159.4745480545093,1556.0943425140204,3159.555356444675,1556.0541541656116,7.430233478546143,gaia_full_2902,0.0902502037060621,25.33327528822498,-10.692334964604857,25.33516396354865,-10.693158688746582,102.0197415739637
3246.511330702789,1818.316608685654,3246.663477142094,1818.3894085811728,7.604278564453125,gaia_full_2523,0.1686664275446696,27.058609582856896,-4.956614774086268,27.061996471311502,-4.954989903887353,102.06623409546614
1517.51053563181,3140.970337903749,1517.5946100654264,3140.666292030117,6.680302619934082,gaia_full_1210,0.3154558664230953,-12.69690648057,24.423376587870848,-12.694423599019517,24.416657445949586,102.09441145024874
3165.9203531808707,2526.9780065574223,3165.905780076666,2526.8872032572554,6.981695652008057,gaia_full_1706,0.0919652906665046,25.466349527360673,10.450573339081368,25.465906735145246,10.448607095144947,102.11896038897432
1442.1679345239245,994.0297352593016,1442.4143606409857,994.0446523982366,7.513050556182861,gaia_full_2305,0.2468772006560457,-14.430515719408932,-23.453596647987773,-14.42462011035409,-23.45345823636833,102.14918464541721
2118.066389764086,3268.7385009845243,2118.0460669646222,3268.571077588072,6.717038154602051,gaia_full_3093,0.1686523342787063,1.7341130233034476,27.485185921646753,1.7335763552033334,27.481421790376064,102.15588506169661
1408.7081558810723,1014.3136595435265,1408.8218903690745,1014.4341285207412,7.892137050628662,gaia_full_2489,0.1656753096641086,-15.192233579988049,-22.976058537441812,-15.189323807413263,-22.973474480974897,102.17355030149278
1300.130201424197,3002.7638911656763,1300.4382565298492,3002.314066409624,7.049006938934326,gaia_full_2494,0.5451974498069241,-17.62474359746977,21.1797208394649,-17.616671396298074,21.17003704771911,102.17499785157136
2469.1043194574568,903.9814325900984,2468.915232358821,903.8694043198892,7.081033706665039,gaia_full_1812,0.2197823109274148,10.18662025559213,-25.590056531477472,10.182207829171277,-25.592676772201806,102.18475537397242
1191.2171740630424,2906.478024540083,1191.5588195487844,2905.980231539957,7.447813987731934,gaia_full_2522,0.6037545104612405,-20.00237908733666,18.959448937418106,-19.99350435165682,18.948788537392407,102.1938023243908
1323.6576993955823,3021.517906634144,1324.0089482220546,3021.0938855602863,5.6096906661987305,gaia_full_706,0.5506083991127837,-17.10390017132495,21.615028047567087,-17.0948455301658,21.605940592073612,102.21087878721937
3138.706691172146,2588.0413962058847,3138.8309999735493,2588.053396628671,7.149639129638672,gaia_full_3082,0.1248867016676296,24.925710224130395,11.797414349558089,24.928561623121052,11.797590933302933,102.31625518112031
1717.3826892514646,3224.1583288844004,1717.5035074950283,3223.803542446284,6.693371295928955,gaia_full_1536,0.3747938962269801,-7.991768096183918,26.405276685001066,-7.9884616611603025,26.39738199701876,102.31766488728128
2523.7287729822533,3169.1061137650254,2523.689171335859,3168.9140430156176,6.130311012268066,gaia_full_974,0.1961108441040326,11.47295637882493,25.08786386740197,11.47172763880544,25.08360057859697,102.32777035147078
2886.4908463279685,1168.03424545626,2886.2819440787157,1167.9570064237382,7.2261433601379395,gaia_full_2763,0.2227240846602766,19.657523532372494,-19.4030497232825,19.65278262465283,-19.404936301567783,102.4619067592174
2829.92649168585,2977.7429465163327,2829.600617280597,2977.6784299431865,7.294886589050293,gaia_full_1656,0.3321995126571767,18.4272301544891,20.59519626538068,18.419456030854302,20.5940579999199,102.50274508658818
2588.3731305205433,953.9704166090976,2588.1281320860935,953.8613531306478,7.329923152923584,gaia_full_1693,0.268177320469937,12.980019070532117,-24.39376718000056,12.974324460217401,-24.39637798014256,102.5111212452932
1272.189045108052,2985.2398314412885,1272.4788084552465,2984.728604525939,6.586511611938477,gaia_full_692,0.58763573440968,-18.250278883510813,20.767941551788134,-18.24252761828092,20.756900962204075,102.51933758772486
835.9429190391548,2246.3341691798005,836.0782538003964,2246.0843968363356,7.408353805541992,gaia_full_1900,0.2840804835961941,-27.30209453983517,4.31746084648614,-27.298910294273842,4.312088878245406,102.53181293654674
3226.1763345859777,1714.675769190991,3226.320970784035,1714.5701100454853,6.684214115142822,gaia_full_771,0.1791186333621788,26.676661425979475,-7.211192608543013,26.680024926879224,-7.213419641418757,102.53399686404948
3270.136129307528,2160.9772821427728,3270.365308261802,2161.0290630299373,7.290879726409912,gaia_full_2418,0.234955854061469,27.538123819134213,2.4669361599662065,27.54329930523194,2.468020689893747,102.59219066574369
1619.761145546389,3193.819835649546,1619.7922016991668,3193.4847512032293,5.68281364440918,gaia_full_366,0.3365205354635492,-10.315472646965969,25.671949657897546,-10.31427722161694,25.66447449652898,102.61399557133959
1891.9465704410152,827.6954878674694,1892.1052415374504,827.8064804518674,6.522032260894775,gaia_full_992,0.1936385050430375,-3.782004451480591,-27.41569069990656,-3.778076021570337,-27.41323356724482,102.66157739842514
2611.83761077472,3129.766463586959,2611.88542595118,3129.8494798578495,6.3158087730407715,gaia_full_758,0.0958018388781788,13.525068019009279,24.147599659553517,13.52634608713301,24.149412304933005,102.68818051556586
1158.794351281765,1212.6747226680272,1158.9257234962813,1212.6783991215914,6.873994827270508,gaia_full_1211,0.1314236472545978,-20.712177326114162,-18.37747196452524,-20.70911288576899,-18.377507082011082,102.7179289295138
1360.416793531516,3056.3759339785192,1360.649808745542,3055.805348098378,7.727219104766846,gaia_full_2972,0.6163313529133616,-16.29723593251741,22.41870847568055,-16.29069293998654,22.40625454899693,102.77330585678344
2863.619445542259,1141.6648292420152,2863.5328448287237,1141.6165137712956,5.664931297302246,gaia_full_465,0.0991668709586232,19.170865316192543,-20.004620437503508,19.1689255291163,-20.00576301991308,102.79013416057009
1819.96036680784,3255.9785821370515,1820.0661002268137,3255.5688154879185,6.53305196762085,gaia_full_840,0.423188211827203,-5.529467691432866,27.162426400721646,-5.52657990008916,27.153259559817553,102.8011352639925
3201.621022567123,2463.401134312454,3201.7014109439706,2463.259356280464,7.470498085021973,gaia_full_3494,0.162982518961699,26.203384456326024,9.047995779148563,26.20505319315746,9.044873130092691,102.84610697641834
2800.4503642440063,3007.3541972465773,2800.2486347530416,3007.2587596768503,7.582469940185547,gaia_full_2993,0.2231661202787328,17.78817439302594,21.275507185324024,17.78324496802119,21.27357378616016,102.86579071187793
3252.0927735365185,2294.7666596474483,3252.3701323926407,2294.797916926517,6.443639278411865,gaia_full_879,0.2791145867993629,27.19668143136147,5.368239669430971,27.202959981161893,5.368822717061827,102.86689761621791
2010.7883749071136,3279.1537222412853,2010.7833574081965,3278.8717783296206,6.258791446685791,gaia_full_849,0.2819885540588169,-0.8849219647241342,27.722427746567647,-0.885009146045777,27.716084007669657,102.87621383535372
3279.224480392588,2062.1806639022693,3279.5152403265092,2062.2009680999595,7.380346775054932,gaia_full_2536,0.2914680078805202,27.72536420777879,0.3283902185325521,27.731907212394354,0.32882328768607777,102.88974189078388
1991.778213633689,3279.150593713942,1991.7492168204076,3278.906769746186,7.201996326446533,gaia_full_2737,0.2455421398307432,-1.3494753312967562,27.72099076672704,-1.3501371803905609,27.715502782222927,102.94358020743391
2080.0384856425453,814.0042530488851,2080.011746139893,813.9833931074202,7.368046760559082,gaia_full_2271,0.0339136869125684,0.8074754668508451,-27.741545364482505,0.8068243379610189,-27.742016085426744,102.96352980886124
3275.5708611770415,1942.916740345545,3275.9205530690474,1942.8446950532275,6.760390281677246,gaia_full_1071,0.357036333556937,27.657546027125353,-2.252016154506478,27.665438265434585,-2.253524298882093,102.97585523921161
2631.565226026714,3123.0357371955583,2631.417376428697,3122.962643166902,6.8555908203125,gaia_full_2097,0.1649310178799928,13.985510758852609,23.982603794434525,13.981857082023199,23.981092039354454,102.98455965971857
2763.455364424273,3037.961868008368,2763.441610620278,3037.85690146406,7.644552230834961,gaia_full_2896,0.1058637924328767,16.971019720317248,21.985086010800114,16.97050309102302,21.982773343100135,103.02833208049952
1847.9109753242255,830.0523898024195,1847.9753186746443,830.2383416719397,7.349401950836182,gaia_full_1933,0.1967693180380589,-4.854282829995241,-27.350632663967914,-4.852588355948101,-27.346474200167492,103.0374801653786
1933.079739750154,817.1432436356636,1933.2515657060064,817.3728064307168,6.29841423034668,gaia_full_462,0.28674594326192,-2.7829234986556304,-27.661597415850554,-2.778636011635147,-27.65646521793074,103.11917100755778
2635.9250425141618,971.0163195980252,2635.6707993567843,971.0406889974344,5.924549102783203,gaia_full_546,0.2554083998243333,14.089576231117803,-23.978041052189127,14.083461856634104,-23.977697977817762,103.16407472664841
1456.6500353971944,971.5812302493414,1457.2131989777597,971.6668104323876,7.141449451446533,gaia_full_1565,0.5696289899619585,-14.122666869051496,-23.9643532949774,-14.109071074002681,-23.96289092818279,103.16488386934196
3014.0445491797254,2798.2095991764895,3014.042628355266,2798.37263307839,7.616079330444336,gaia_full_2337,0.163045216843572,22.392464563274206,16.484787411313953,22.392704675282832,16.488360397734287,103.1657659174357
2987.0925234854412,1262.6918522901688,2987.0597185986494,1262.5679300225802,7.16053581237793,gaia_full_1324,0.1281908304119994,21.82708814643519,-17.23357714045551,21.826549100415217,-17.236323707352184,103.17842902695094
1898.046612570466,3273.871900589317,1897.922066669029,3274.059314153644,7.899522304534912,gaia_full_1588,0.2250233891362869,-3.637102088795574,27.587267262210382,-3.640239113248665,27.591451848459414,103.24846721954958
2158.496292505783,3278.945894043251,2158.4100638173027,3278.751778633259,6.721073627471924,gaia_full_1341,0.2124056946348814,2.7245204198451773,27.709011553471363,2.7223385021455555,27.704660917493282,103.27644423873865
2548.778787933149,923.9798329630636,2548.542656231656,923.9470028644156,7.532288074493408,gaia_full_2368,0.2384030113634728,12.076493502563684,-25.091103073651908,12.070867003005382,-25.092001685412065,103.3000974279254
1696.2326719537334,3230.33581500267,1696.2242811637998,3229.9856869562673,7.450644493103027,gaia_full_3420,0.350228574267766,-8.511279730099421,26.533014385070487,-8.511082579534268,26.52516447352368,103.34728552768655
934.3485151597564,2575.2937347799393,934.48227096593,2575.0040686938164,6.6236677169799805,gaia_full_882,0.3190565108799699,-25.385926599414994,11.505687097258264,-25.382486956739385,11.499476072996487,103.37962328908696
2170.0956231579808,815.1806469625274,2170.009297328349,815.2076721834435,6.091395854949951,gaia_full_406,0.0904572353504741,3.007882773542419,-27.704027441642328,3.005762038908085,-27.703436382248317,103.38004923399431
1012.701912602902,1382.324403454326,1012.82263910471,1382.225975423962,7.366848468780518,gaia_full_1621,0.1557657388521061,-23.796363846423272,-14.536363110483434,-23.79374996474873,-14.538609252077626,103.44650825109892
2215.007965673496,3274.4978742363214,2214.93757826291,3274.3038645882,7.589409351348877,gaia_full_3619,0.206383456539367,4.102660337029839,27.596616619109202,4.100829478861979,27.59227410102397,103.4888551007724
1062.3202072082893,1311.5483950108069,1062.3737265228156,1311.5896985800869,7.9777398109436035,gaia_full_3136,0.067604007740889,-22.772450881018305,-16.124689489595575,-22.77114375170993,-16.123831080048564,103.51229412510145
3283.83337306253,2137.7523537136944,3283.96383279811,2137.6822136742257,6.922226905822754,gaia_full_2384,0.1481194374291341,27.839994208360118,1.962546852439911,27.84291324383951,1.9610135762764134,103.55021333663622
3230.0449069070955,2408.0492188113267,3230.182209116335,2407.9691345303827,6.999825954437256,gaia_full_1626,0.1589509003319042,26.790596212952615,7.8322808230525744,26.793626825205884,7.830477689369389,103.55961177475805
2202.4411324422013,815.9465250701066,2202.302379794032,815.9239941460701,7.650539398193359,gaia_full_2066,0.1405700533967719,3.797741049726713,-27.679731095757603,3.7943636484192673,-27.68027146937396,103.65126098827902
2301.2345537571396,833.7282406178823,2300.936750458473,833.748835071076,6.849796772003174,gaia_full_1215,0.2985145493926007,6.195245243156206,-27.248766105461353,6.187973296986073,-27.248420372326986,103.6627331236697
2575.649542130499,3161.950718766679,2575.531120599611,3161.7826430738683,6.267030239105225,gaia_full_720,0.2056042253741812,12.709546935019285,24.891792991203406,12.706437985656661,24.888132350155573,103.6697213762537
2274.4830192956197,3266.5606767748613,2274.443781545268,3266.2719374588005,7.40872859954834,gaia_full_3096,0.2913931943130369,5.548428942389906,27.39995094412952,5.547248104462761,27.39347958172086,103.68976553856693
2939.8893756896723,2893.4871428475017,2939.7609588177565,2893.5886178560663,7.412837028503418,gaia_full_2050,0.1636706154318004,20.84360289966594,18.64063399468687,20.840799548774754,18.642979960682894,103.737867256347
1291.5568308657953,1075.187419397393,1291.5611722362446,1075.0933158296104,6.425708293914795,gaia_full_397,0.0942036568651263,-17.85643758692921,-21.527101356787757,-17.856511410460225,-21.529185786085947,103.7684582481389
2697.2049647825743,3094.519266757766,2697.007862355376,3094.463507832153,6.929011344909668,gaia_full_1853,0.2048375565981097,15.501514606097683,23.29565392447726,15.496724125661782,23.294581077820474,103.79664771070367
1038.751831679646,2757.75447587121,1039.0851676786583,2757.24143929847,5.583681106567383,gaia_full_273,0.6118164865435087,-23.273617242919606,15.564524112642815,-23.26506203374366,15.553588336705607,103.82258450797259
1128.6809579347969,1226.1206336589728,1128.8508472152328,1226.1182273963714,6.194079875946045,gaia_full_541,0.1699063203848779,-21.38802860350212,-18.05529839129585,-21.384083857614574,-18.055503380803923,103.82941296326906
3289.6802867628317,1992.3730545529809,3289.9234002710627,1992.2504619268184,7.544364929199219,gaia_full_3139,0.2722739977923773,27.96439640850505,-1.1808915014191967,27.96988557025479,-1.183522911147927,103.85823885602474
1883.7889468489836,813.0182371762795,1884.0095693740152,813.0735482507557,7.397987365722656,gaia_full_3271,0.2274502440337517,-3.98920384416195,-27.74361400227492,-3.9837809360488445,-27.742427288148757,103.97727711116318
1542.8744170098205,3178.1487356694633,1542.9317004230477,3177.7268606363864,6.878015518188477,gaia_full_1917,0.4257463246636924,-12.145351959311908,25.270831376965237,-12.143324793822185,25.26145851087812,103.98315681127858
801.0506030610733,2032.2514590908331,801.144705054875,2032.0238927069604,6.89235258102417,gaia_full_1358,0.2462552421906275,-28.034160222307353,-0.3187591955704639,-28.03205219821267,-0.32367954943709326,104.00294926053881
929.7066638467198,1511.3956870740278,929.8844780566473,1511.30822704308,6.787909984588623,gaia_full_628,0.1981594061998097,-25.50170625740539,-11.661525867889422,-25.4977727159308,-11.663550633974841,104.02108485408489
896.7940737531961,2513.749190316831,896.8504100700686,2513.403293217543,6.698858737945557,gaia_full_521,0.3504548243280908,-26.161320697506245,10.143778224425747,-26.159617968342758,10.136302482595495,104.08030537641002
2525.24970747687,3191.467292241424,2525.273471034049,3191.2249474026253,7.356494903564453,gaia_full_2591,0.2435071406388488,11.542273589641367,25.586221231945807,11.542486806852562,25.580793049132723,104.11572147787604
2267.6338449613672,821.3246441434127,2267.19672426268,821.0288262276413,5.208800315856934,gaia_full_154,0.527809382743439,5.386043614982853,-27.539684028444995,5.3755997818188765,-27.54647931107176,104.12230583456169
3015.903347555582,1280.0297952135495,3015.8313585648034,1280.000783482402,7.250563621520996,gaia_full_1778,0.0776150458191833,22.46330917110737,-16.82838289466232,22.461695158945616,-16.829081403611603,104.12495839933541
2660.6634269479973,3121.5542752349297,2660.4779231194816,3121.5248957061076,6.960249900817871,gaia_full_1667,0.187815939440186,14.677997600214633,23.926476200463977,14.67351657430518,23.925974190827226,104.12618763063898
1564.0764463305031,904.3671446160856,1564.3459958126582,904.3911403756528,6.835771560668945,gaia_full_1040,0.2706154463575127,-11.652198103026732,-25.54204282686123,-11.645665944317848,-25.54169316551353,104.14173706846553
1088.324653262137,1267.056978019335,1088.40842277401,1267.1275799988034,7.690474987030029,gaia_full_3030,0.1095535057599644,-22.24982334065212,-17.121567898462118,-22.24775525524889,-17.120094961945856,104.14574409478756
816.8488534236612,1841.2198765406556,816.8244799210581,1841.056630366322,6.274458885192871,gaia_full_1542,0.1650556907946606,-27.736035282678074,-4.451616372285677,-27.736676419395437,-4.455140157524943,104.21914509082005
2323.66290484876,3261.7181981468357,2323.6486963577936,3261.673312819993,7.299182415008545,gaia_full_3193,0.0470805031972557,6.742908407433451,27.272051299582994,6.742520170618011,27.271050066392284,104.21916208431837
1162.73537927112,1183.252270877276,1162.9013197787049,1183.3002394387,6.443455696105957,gaia_full_1031,0.1727345794638884,-20.674820552026826,-19.027873014659946,-20.670858049563183,-19.026969828521118,104.22828735427355
1009.722885780301,2724.8345100456177,1010.0709913289732,2724.4882930799076,5.756967067718506,gaia_full_1382,0.4909619744560653,-23.886402562339725,14.821241324975581,-23.877825048071035,14.813969177171108,104.2477139407324
806.1642124580991,2184.3445223379968,806.20268554878,2184.0857512698753,5.740946292877197,gaia_full_252,0.2616154513847245,-27.944647364015303,2.969271507525664,-27.943683608656414,2.9636849996479984,104.24960654478859
1527.852614881834,919.3812560968448,1528.1136245252171,919.4880864241416,7.453520774841309,gaia_full_1299,0.282026156179659,-12.501214292490687,-25.181246263616373,-12.494768883243928,-25.179054247877836,104.28070252781212
3274.9880095917656,1824.174419128376,3275.066636138439,1824.0609970369544,7.466534614562988,gaia_full_1833,0.1380097991603207,27.697228184020705,-4.820946789247512,27.699070125853105,-4.823375770927457,104.30705745285178
3054.431714607345,1326.6534481351018,3054.4538836204024,1326.5175576577508,6.049466609954834,gaia_full_672,0.1376869164976673,23.27126168679085,-15.774906935123742,23.27200785022504,-15.777858706485546,104.30862336481628
2140.547357606975,3293.456780232724,2140.643219774233,3292.999318645476,7.303547382354736,gaia_full_3075,0.4673977523686285,2.2906938547034748,28.038300788786373,2.29289006379542,28.027996708873527,104.32833255648843
2545.984948275423,908.491742203895,2545.801950045327,908.4387862918908,7.650178909301758,gaia_full_2956,0.1905063800361714,12.032912048307704,-25.438718742923307,12.028585811489284,-25.44003054720703,104.39797050009803
935.165167320052,2603.5391622702145,935.3772774463814,2603.1157286489897,6.96189022064209,gaia_full_1595,0.4735892073042442,-25.406544280194343,12.120685467223748,-25.40109912674635,12.11162650058731,104.39963836553999
3207.8702253595907,1595.7725653602754,3208.0094393789395,1595.681084979131,7.503220558166504,gaia_full_2294,0.1665809212293089,26.384861163582404,-9.800368449080334,26.38813141264525,-9.802270023971664,104.43329282732827
2887.663601440217,1137.7752740717426,2887.5792960359636,1137.7564316026564,5.718839168548584,gaia_full_401,0.0863854144378378,19.741617929390998,-20.068609303908488,19.739678188724085,-20.0691018392781,104.43367281575232
844.8969129729182,2382.970232013279,844.9902985330534,2382.7450551711822,6.739025115966797,gaia_full_1128,0.2437734051502023,-27.19836430174001,7.279825957865129,-27.196048781020412,7.274992210218,104.44203043891889
2091.235018160103,795.9679197867434,2091.1990109841686,796.0602299776883,6.611047744750977,gaia_full_813,0.0990842473406777,1.0839213691239566,-28.146654735795654,1.083024602626491,-28.144580446751803,104.4907623726196
996.9640840558072,1383.3276467165756,996.977900216395,1383.2074934871516,7.532662391662598,gaia_full_3595,0.1209449661391433,-24.156231587700635,-14.50175554984903,-24.156111296353565,-14.504388028061646,104.53057544757142
1385.5892271008738,3098.523705920935,1385.9672138474416,3098.0923808716043,7.367979526519775,gaia_full_3313,0.5735113588769652,-15.775479748415787,23.375049251539473,-15.765695628972995,23.365801003710494,104.57157081489187
2463.744930128175,870.7380594106444,2463.460384329208,870.8066504557964,4.023705959320068,gaia_full_45,0.2926961618894338,10.101266983406997,-26.336963987378613,10.094284171903222,-26.335605257737868,104.63346892952252
3110.381317591064,2692.462139690973,3110.318908753982,2692.497484152751,7.836357593536377,gaia_full_3368,0.0717223390885116,24.432994372656072,14.093856924786762,24.431619481977208,14.094677363319665,104.64039310288317
2300.4576902897065,3273.102486616156,2300.378691624335,3272.891970845036,7.2579216957092285,gaia_full_2814,0.2248503480559646,6.187416029185129,27.53713096955964,6.1853049477717335,27.532435982864804,104.68832921569425
1484.44653998798,3158.567339557779,1484.6540862877832,3158.2022407332515,6.834899425506592,gaia_full_1099,0.4199674013938109,-13.517811187088826,24.790770098460428,-13.512220846592228,24.782800559431024,104.71950175828024
1167.641651122618,2924.6015470778766,1167.9835600422734,2924.1850966687102,7.4424519538879395,gaia_full_3146,0.5388252524100908,-20.58657171585319,19.33698097322906,-20.57778812133384,19.3281393421027,104.73625902581408
3300.484530796226,1991.4752933936377,3300.6902547172276,1991.5035714032424,7.872864723205566,gaia_full_3171,0.2076583191194516,28.20766064408638,-1.1994529681913406,28.212285725235724,-1.1988259531932635,104.75911619693572
2714.9636017322714,3096.2762766366104,2714.7405111134963,3096.376773036888,7.061290264129639,gaia_full_2036,0.2446813246944966,15.927367644283782,23.319556444431043,15.922241809287064,23.321978207327074,104.76320220551456
3186.097564989684,2557.1740829782607,3186.336111714584,2557.1660113526505,6.811626434326172,gaia_full_1478,0.2386832442810705,25.96406713475823,11.093990254764885,25.96948791924042,11.09365541144314,104.76655495283295
1401.9359226390843,3111.8863133582868,1402.2218373081434,3111.3705894274317,6.00836181640625,gaia_full_815,0.589676496767343,-15.410195338733416,23.685582370010945,-15.4024460349631,23.67437311977534,104.78151665135279
2357.538516317583,833.7149403248758,2357.3572774004165,833.8954024021239,7.940403461456299,gaia_full_3180,0.2557618157981078,7.56659323121675,-27.224566678617432,7.561990231815899,-27.22060619225377,104.81000391542149
3224.9920309958657,2467.1019986023352,3225.1570965282817,2467.1777048482454,7.339982986450195,gaia_full_1715,0.1815986389310505,26.737502620949527,9.115253585938493,26.741331064528154,9.116801539403214,104.81458413005488
2785.630044764289,1046.6003667938792,2785.428521571731,1046.6248450513062,5.298092842102051,gaia_full_251,0.2030043896703006,17.513118545743477,-22.174399509524225,17.508303226098814,-22.174039550135465,104.81549374642069
3202.852090548832,1570.261987422777,3202.7063394574775,1570.2811235192737,7.308136463165283,gaia_full_2182,0.1470019415524976,26.302024735933852,-10.357094988670895,26.29868723885161,-10.356771825311748,104.85848644681504
1235.741269267538,1104.356856160554,1235.897020217115,1104.3000467759,6.199557781219482,gaia_full_403,0.1657880106608203,-19.115556118681045,-20.83228846588031,-19.112003388358538,-20.833685274834046,104.88653494957494
3124.49839653335,2675.4200139319437,3124.4618407425664,2675.2560882346347,7.14771842956543,gaia_full_1442,0.1679522553526397,24.729497652127247,13.711249106306576,24.728400670557857,13.707706593359697,104.89203980364165
891.3199301166424,1568.2129540194394,891.264867478895,1567.9555679211487,7.791934013366699,gaia_full_3393,0.2632099877835148,-26.3006913753857,-10.401675867720623,-26.30226785630486,-10.407227130083873,104.93957132264507
2524.060268313616,891.5475962770018,2523.9517557225377,891.5550608015647,7.624819755554199,gaia_full_3642,0.1087690284476099,11.52996923197356,-25.83235299930401,11.527338459142664,-25.832261322006495,104.94387219783748
934.6552303176646,2617.0487071475177,934.6829344529924,2616.7380218211497,7.094402313232422,gaia_full_1674,0.3119180840134988,-25.437728011657924,12.414154022323402,-25.43664012966102,12.40741721180303,104.9951001853353
1090.1943223809806,1248.3156073454916,1090.4079944707537,1248.3884017894616,7.292809009552002,gaia_full_2206,0.2257316836886573,-22.240772823057746,-17.533873544019247,-22.23568094511335,-17.53247192371956,105.05056195432473
2602.469201492277,3166.468456656519,2602.2692886676696,3166.349724648253,7.913660526275635,gaia_full_3113,0.2325132839847969,13.36094273206825,24.97224811866274,13.35594315961041,24.96975810246705,105.0542931352184
3297.025781679874,1906.68568365624,3297.1591970475783,1906.6757290467676,5.586791038513184,gaia_full_384,0.1337862272038733,28.152733626940364,-3.031654549835444,28.155741947698534,-3.0318431596698985,105.05873696796421
1625.0351784893471,3227.0263683218363,1625.0160055818665,3226.5569949858973,7.727906703948975,gaia_full_2807,0.4697647590782191,-10.232808863714776,26.41791798284775,-10.232631367843068,26.407407688897766,105.06660018177489
3007.290710851951,2842.6981672856286,3007.1672355613673,2842.8390693678875,7.260603427886963,gaia_full_3389,0.1873487234268368,22.31608114828507,17.46529786736415,22.31347821143087,17.468496204580042,105.13088291895335
1264.9302511530454,3018.238445605964,1265.2206253712322,3018.083331309242,7.245154857635498,gaia_full_2225,0.3292075813755156,-18.48343098667153,21.49027370110254,-18.476282428067837,21.4871160826629,105.13281393904695
1663.9260726229757,3241.9583228018723,1663.9691369749453,3241.613486888642,7.731203556060791,gaia_full_2161,0.3475145255438366,-9.30920372365243,26.775529829216257,-9.307721818452507,26.76783413889397,105.13814592342412
2493.519345194863,875.3718323478234,2493.1445130410443,875.3547437092104,7.422345638275147,gaia_full_3379,0.375221488065414,10.815558474135337,-26.214355209053977,10.80651330191343,-26.214983789814045,105.19412490444236
3302.4782626616948,1931.0356125833505,3302.5548616514,1930.897792328837,5.622668743133545,gaia_full_820,0.1576763386752151,28.266874379226213,-2.5046890264197055,28.268643186331797,-2.507652966843512,105.28556712223262
3304.529559578148,2140.501083992446,3304.8096262823333,2140.6912626591097,7.710293769836426,gaia_full_3347,0.3385340219934596,28.306530480161328,2.01926023065572,28.312883783950568,2.0233299104903613,105.30574509859446
3272.842026668484,2335.5267508899724,3273.0790710057854,2335.600610215082,5.72199821472168,gaia_full_484,0.2482845499670613,27.694649743572928,6.242793668724615,27.700061323347693,6.244295905686311,105.34307759453718
1142.1331549008196,2908.886093388681,1142.534247701115,2908.469124263378,6.36346435546875,gaia_full_934,0.5785660601042493,-21.151937122284433,18.96797459043813,-21.141779858278785,18.959190434206487,105.35229660563635
2474.9111308668716,3228.511865291594,2474.830221155803,3228.398429525659,5.26933479309082,gaia_full_191,0.1393343257720764,10.378930707858824,26.447379660983447,10.376812611053452,26.44489448939427,105.39049741606502
3118.771824310202,1398.1071518966726,3118.7933653554096,1398.165086921629,7.012814998626709,gaia_full_2580,0.0618100618453079,24.631059350071602,-14.161882760328263,24.63145917899159,-14.16060291233796,105.40491211891054
972.0305036431748,2691.621232659929,972.361082950895,2691.3315207361825,7.251798152923584,gaia_full_3564,0.4395630528759162,-24.697473832357662,14.066227595058448,-24.68942064084158,14.060182166288168,105.406528504791
918.4417624641084,2596.59803092365,918.525300372224,2596.37574703216,7.276406288146973,gaia_full_3163,0.2374630718836927,-25.7782363051623,11.957817489269775,-25.776013171027557,11.953046926868659,105.40796295939673
3309.6623907308367,2031.7595772094512,3309.8099835085936,2031.801011990356,6.93833065032959,gaia_full_1486,0.1532986272431064,28.4102267062997,-0.3290295585000949,28.41354582415864,-0.3281318165614277,105.41834755818121
2390.7743634551803,3258.137584638497,2390.631983179698,3257.9179214172827,7.442087650299072,gaia_full_2744,0.2617710327758303,8.37340364196729,27.15969811935276,8.36968365051614,27.154850615661072,105.41836450332438
1266.9065274962818,3024.4941272506812,1267.1904889004827,3024.099378988927,7.381840229034424,gaia_full_2240,0.4862718059209659,-18.448938136903195,21.63023823415784,-18.441469089025567,21.621783921271273,105.42827385200582
1942.4809819523325,788.0805993199294,1942.5973558922624,788.3310560839586,7.900951862335205,gaia_full_3698,0.2761729250720106,-2.5639659586032697,-28.31687157000213,-2.561017858086723,-28.31125803858482,105.4606981556483
3251.4276844752676,2415.284019310036,3251.5830856913103,2415.2205277099033,7.39893627166748,gaia_full_3457,0.1678711447359719,27.28167289732245,7.978415949958934,27.28512751916391,7.976962792853592,105.46226258974505
3261.578262978631,1710.8806062335248,3261.703811370442,1710.9172869224158,6.629178524017334,gaia_full_757,0.1307970627495114,27.48061544539725,-7.2772906246169455,27.483421079458754,-7.276438563221913,105.47367287379029
1258.0105456892154,1076.4555886267285,1258.1622298862935,1076.5094583005134,6.360119342803955,gaia_full_514,0.1609659510484225,-18.645278932412296,-21.468547925601207,-18.641596845404646,-21.467499673376473,105.4787411919695
1319.5233526046172,3065.896341941731,1319.8024996109657,3065.350042720701,7.363844394683838,gaia_full_1995,0.6134866665635141,-17.284218345031388,22.593750627695133,-17.27655296605921,22.581913223370215,105.4826172940263
1431.6065961090114,954.1686522229847,1432.0127107489857,954.3319847077184,6.692787170410156,gaia_full_1088,0.437728913107985,-14.751576956110398,-24.33133726476227,-14.741567002733289,-24.32804496373265,105.53124121137652
786.6453943864226,1945.673169146176,786.7067501722997,1945.4999093398703,4.66057014465332,gaia_full_94,0.1838028643456446,-28.372236960018636,-2.187850839599923,-28.370904657407728,-2.191600541356788,105.56669466292706
897.4354424496549,2558.150811521578,897.5424884847143,2557.89322093081,7.860014915466309,gaia_full_2695,0.2789476045319187,-26.203700830236194,11.10816348871172,-26.20091727515786,11.102644114368452,105.56965599996225
3196.805223357702,1536.5680055051885,3196.9785976610997,1536.6503881474134,6.95025634765625,gaia_full_1126,0.191951944034581,26.208214929285287,-11.092397226917939,26.212051851778693,-11.090491900489903,105.59011594329748
2985.959678137483,1218.3706371687651,2985.843213332127,1218.3417515324195,7.541462898254395,gaia_full_3679,0.1199934617955697,21.882447425816103,-18.206544435062344,21.879793666480637,-18.207285479596738,105.60053942808031
2230.68569631112,3297.731330432221,2230.6641857877676,3297.631558674325,7.557669162750244,gaia_full_3477,0.1020642262920134,4.50033661226035,28.11445138382334,4.499744846283146,28.11221545496536,105.62098332649151
2025.558448885892,3312.3967737306803,2025.4136819910725,3312.1358907417925,7.509947776794434,gaia_full_3325,0.298357818276506,-0.5265010258192585,28.47105406449856,-0.5300354921484055,28.465179233989517,105.6211791137034
1039.6071806059736,2795.5841381929968,1040.1906041826596,2795.111228529054,7.898380279541016,gaia_full_3024,0.7510170571185568,-23.320259928941184,16.392167008745442,-23.305926616637606,16.382348273617453,105.6863252395347
2341.4827815327544,3275.5568312311248,2341.3048812509937,3275.4184039950446,7.403783321380615,gaia_full_3132,0.2254120891596458,7.190928472683124,27.574650272815386,7.1864463350672425,27.57162677212118,105.70534096302647
795.0279325604989,2236.109032594071,795.0840725231826,2235.864295674788,6.356500625610352,gaia_full_710,0.25109331944549,-28.218807831774207,4.085240926440042,-28.21741455854156,4.079969915558814,105.77231170456297
3275.530256062396,2347.0034821260297,3275.8160234215156,2346.937812061459,5.979092121124268,gaia_full_973,0.2932158606197136,27.76460946827486,6.489886132063138,27.77101109272452,6.488346524224734,105.80217437860148
2181.565670718896,787.1670485122752,2181.4691350233343,787.2605490069789,6.692478656768799,gaia_full_1012,0.1343930170336522,3.3014079509765737,-28.331618122888834,3.298994832750737,-28.329536650311173,105.80986969905993
2145.6843735303382,3310.9533097998665,2145.7518392928523,3310.458650560768,7.701095104217529,gaia_full_3704,0.4992388125306327,2.4226269383908985,28.431052821111113,2.4241073763542427,28.419915960869087,105.81779793377225
2859.2873942511064,3003.3758357723104,2858.932191576744,3003.265599841822,7.528926372528076,gaia_full_3308,0.3719151788307989,19.16652607095587,21.13417542104763,19.15794584528016,21.13207839399719,105.81933962910584
3254.9666007331643,1675.7777998940835,3255.228223220508,1675.8425357115848,7.588651180267334,gaia_full_2531,0.2695126192804847,27.36473136549359,-8.040222116639592,27.37058915643605,-8.038687225773096,105.83091582518158
3014.797708910844,2850.3571160191145,3014.662704547799,2850.3167466510117,5.928929328918457,gaia_full_978,0.1409108367806146,22.504551687340562,17.626186458877115,22.501342655328894,17.6254268251946,106.03856155540892
1453.1546547743458,935.1541795878036,1453.3975140963862,935.2506872116878,7.331917762756348,gaia_full_2071,0.2613319187732697,-14.269033521649932,-24.771960169073235,-14.263037405510355,-24.770012673377114,106.03996799814217
836.354499989114,2419.824591323498,836.5682363231306,2419.4147394139113,3.999257802963257,gaia_full_28,0.4622356631318068,-27.427000672230303,8.07352941250149,-27.421746432177606,8.06476955002729,106.04028738233198
1076.5382644649496,2847.9134451935915,1076.7531841752009,2847.4596792879556,7.627607345581055,gaia_full_1970,0.5020896124916048,-22.561761214828067,17.57023182624562,-22.555920442114,17.560495160882272,106.04988205781548
3257.046716800841,2422.4668153898697,3257.2780256864444,2422.3744473412676,7.803144931793213,gaia_full_3641,0.2490695825702391,27.416130599617215,8.131019808699145,27.42127376735886,8.128901060414321,106.10598159127828
3141.48942175272,1418.1511110091608,3141.5125543163476,1418.1691478245548,5.0179524421691895,gaia_full_225,0.0293332952385158,25.11955394515325,-13.707110640181472,25.12005508400664,-13.70669960510084,106.16339613351795
2618.723361199499,921.3478306318228,2618.472851230283,921.3993979936716,7.493312358856201,gaia_full_2148,0.2557624630091349,13.761965453646436,-25.097138560483764,13.75585573484713,-25.09619143276812,106.17322325673089
2991.7241981206407,1214.674183381685,2991.6472915967597,1214.6801363712989,6.4965362548828125,gaia_full_1042,0.0771365769320902,22.023594043786055,-18.282222350081152,22.021793507856042,-18.282163739162815,106.18323734774621
795.6364124479666,1825.869726127591,795.7621387865004,1825.8168429742827,3.292785167694092,gaia_full_30,0.1363955281706598,-28.223296096202425,-4.777019451727046,-28.22049355116233,-4.778200989329545,106.18521794691493
852.2856887946616,1623.3550592733332,852.4259733372344,1623.323362815714,4.390705108642578,gaia_full_82,0.1438207853908839,-27.120794256455394,-9.182458814298183,-27.11764847758019,-9.183226419334979,106.21574114041037
800.9399005698277,2301.0554136024907,801.0137620307023,2300.9067122379006,3.86142897605896,gaia_full_76,0.166034969911439,-28.125337849928375,5.489989263246003,-28.123566695085547,5.486803398961014,106.3026213138145
857.5558040587157,2488.0788428275464,857.6082300602354,2487.7536751720168,7.216456413269043,gaia_full_1217,0.3293668013598057,-27.021530766288635,9.563180067199102,-27.01995480337814,9.556167599794756,106.32581270300825
2018.162643058129,772.8984144139963,2018.191781314305,772.9215215313677,7.184969425201416,gaia_full_2174,0.037188396660619,-0.709014939437685,-28.666604682276898,-0.7082961066181693,-28.666086162701244,106.38067557681411
3075.114203690031,2780.620656909435,3075.1449873412976,2780.766425884998,7.872090816497803,gaia_full_3044,0.1489839837767295,23.771791165986706,16.04693445625118,23.772763767983236,16.05008963646089,106.41324122963256
2001.3301038875668,772.6259016900722,2001.3673461622764,772.6871246128235,7.064687252044678,gaia_full_1402,0.0716605421117943,-1.122911955885809,-28.67170877367748,-1.121986097028065,-28.670334143291786,106.44539240281712
2685.3445866223196,955.0105092295904,2684.99847734756,955.1204829563416,7.856425762176514,gaia_full_3632,0.3631609156425078,15.299207658331296,-24.293170132636213,15.290724338358276,-24.29102648716793,106.48503508602417
1804.824937447947,796.3927615349519,1804.540027411576,796.7295489494343,7.5463480949401855,gaia_full_1537,0.441134323510036,-5.932771751813449,-28.091743469922086,-5.939460251844397,-28.08407073335146,106.49356523227999
2381.6047694154067,3274.9975184469604,2381.602505177397,3274.8880066743477,7.566628932952881,gaia_full_3561,0.1095351775209063,8.169404965676684,27.542382542639693,8.169223792225356,27.539929117580797,106.57054539968406
3163.8658277352324,2646.4498197730077,3164.0294336953907,2646.6135378128465,7.014420509338379,gaia_full_1234,0.2314530336115498,25.58543378660078,13.050033126433801,25.589430639043588,13.053465179216929,106.57235347998372
1663.729802813606,833.925292479823,1663.8959618809968,834.0043297678526,7.391223907470703,gaia_full_1438,0.1839992624311756,-9.33714799240846,-27.18101715094348,-9.333001341874091,-27.179345580890438,106.61172437151022
1967.5978936849488,772.3756645637689,1967.583362568431,772.2783007748669,7.890053272247315,gaia_full_3182,0.0984421695036726,-1.9523506274126057,-28.673882358410925,-1.9527360698589797,-28.676070670270384,106.63163370903645
3167.1488373331513,1452.671660551738,3167.703365627388,1452.341491574574,6.640693664550781,gaia_full_920,0.6453783251631611,25.652595578267537,-12.93617230026117,25.665786570329413,-12.94292073935744,106.63948047130471
1735.5439334288174,3283.5827355896463,1735.6107865426688,3283.3216475326053,7.630375385284424,gaia_full_3012,0.2695112471884509,-7.613806178011841,27.74659299977686,-7.611890527380552,27.74077083354769,106.71943453567944
2898.2108629211552,2982.2873617191813,2898.2837591361304,2982.5479126877544,7.082559108734131,gaia_full_2287,0.2705562148281124,20.04007198931345,20.632583880310403,20.04230596594982,20.63824893634927,106.72846856497907
1140.1019382624884,2929.911878526238,1140.425491689508,2929.4047467680166,7.147367477416992,gaia_full_2407,0.6015558497204477,-21.240405847264725,19.427752188624883,-21.231840128698,19.41692752265879,106.73986526888642
994.113299004757,1340.7191771674682,994.236592810038,1340.6751181034017,4.516587257385254,gaia_full_73,0.1309296129495182,-24.294253659215496,-15.42866615050639,-24.29149154816683,-15.429734160213757,106.76211513246402
3292.5079837801864,1765.532998182869,3292.501908318006,1765.4262932030883,7.687472343444824,gaia_full_3140,0.1068777991479467,28.133199489183976,-6.082340557011223,28.133145541658177,-6.084647919729583,106.78425803926082
3326.204575685228,2085.314008655236,3326.284752347756,2085.203529201715,7.705432415008545,gaia_full_3344,0.1365064352494794,28.784167986563002,0.8262601173996149,28.785960184182684,0.8238731732551339,106.8366677728616
2852.486199031051,3024.118730789721,2852.5271823245853,3024.411944079983,7.675726890563965,gaia_full_3614,0.2960636146762547,19.047413224180644,21.59807006430416,19.048968028760726,21.604497835620705,106.8564561127439
971.9699895842476,1371.6243845595027,972.1132905301212,1371.49728296311,5.500603199005127,gaia_full_327,0.1915462787260996,-24.750087419527375,-14.736129659834855,-24.74701105347524,-14.739019473753304,106.85875787365619
2951.9870088708176,1160.7416896537904,2951.883787559418,1160.7858100741937,7.743346214294434,gaia_full_3204,0.1122552921852056,21.202380384875227,-19.503060339449195,21.199879773674482,-19.502190657182215,106.86629827331782
2925.4947222626706,1133.9830421952788,2925.3984480290246,1133.8428594924085,6.348159313201904,gaia_full_675,0.1700585729924268,20.63566873133448,-20.116445878771664,20.63369303443347,-20.119620399291342,106.91639045935102
3304.112651201515,1810.1627464127585,3304.23281915036,1810.1225699175084,7.395080089569092,gaia_full_2487,0.1267063009494335,28.362949304753126,-5.114309653735179,28.36568632049173,-5.115136477371014,106.93108836414262
3180.501662788993,2626.4015181009845,3180.660534197823,2626.366011960292,7.359679698944092,gaia_full_1926,0.1627906955892896,25.934985242018666,12.601645678051709,25.938561405385787,12.600753924330137,106.98328036109898
2419.297050945928,824.8632902975492,2419.122196221366,824.8756690786947,6.352530479431152,gaia_full_660,0.1752923527262567,9.081482588624972,-27.39033085945397,9.077205090560843,-27.390154674046663,107.04940231227499
3077.782059039368,1303.717102075863,3077.7387520978737,1303.655802963703,4.634108543395996,gaia_full_100,0.0750537962610908,23.850906795350557,-16.255474877973292,23.85001881884849,-16.256851842492765,107.0810518158607
1577.8163761234136,3233.5802075347606,1577.9273430503426,3233.225703156697,6.081441402435303,gaia_full_451,0.3714660320115039,-11.38658863445453,26.533018331174016,-11.383356656282881,26.525178438998353,107.08473229606051
766.2192953687272,2120.169797888613,766.3341397686222,2120.000500494311,4.324624061584473,gaia_full_160,0.2045747880477248,-28.825107214565506,1.5777600150234747,-28.822487743062407,1.5741216659285262,107.08780140743518
918.9082182793396,1454.466499172869,919.0211174346888,1454.370369238345,7.136458396911621,gaia_full_1079,0.1482807593390497,-25.83145442985936,-12.891039275111579,-25.82902169006165,-12.893214953206925,107.09806319422162
767.9254419686124,2145.108084046328,767.962009068528,2144.856376107418,6.556037902832031,gaia_full_2631,0.2543502296175944,-28.79272252733399,2.11572291309971,-28.79182997121508,2.1103002026826956,107.10124295481369
2428.8508936889566,3266.661940157921,2428.751135984229,3266.6077296507165,7.613799095153809,gaia_full_2906,0.1135358037970673,9.31111751906389,27.329332664584538,9.308616735756795,27.3281779310337,107.10489344435565
765.7554558681018,1972.6802563258632,765.9080750174046,1972.418797104823,7.047398090362549,gaia_full_3269,0.3027433384913545,-28.83578511259855,-1.602505790888938,-28.83240521691707,-1.6081597464849142,107.13149763691423
1166.7703823739523,2962.600683992857,1167.0277281664812,2962.13415686218,6.646729946136475,gaia_full_1884,0.5327986679692015,-20.681522149856253,20.17156634250863,-20.674550691056453,20.16156057627391,107.13354049155744
2211.485379723953,3319.0564972657085,2211.420938818925,3318.976027322601,7.929827690124512,gaia_full_3719,0.1030923953766928,4.042581888570724,28.599165664164737,4.040950392348493,28.59737410984579,107.14725463129585
3223.2930153618395,1550.2161044856216,3223.4306305473065,1550.2540202960377,6.308732032775879,gaia_full_728,0.1427429436105985,26.79284627078498,-10.778540913358254,26.79592691049753,-10.777626847291339,107.14981423526082
3212.74776912436,2566.7250908487545,3213.0337916534436,2566.9898856432756,7.376115798950195,gaia_full_3375,0.3897757949757045,26.583956303993777,11.283084120458454,26.590838393354332,11.288626543646346,107.17080314562241
3327.3002639114143,2141.295344670946,3327.504387544814,2141.141857510465,7.952361106872559,gaia_full_3502,0.2553913979462859,28.81927884559947,2.0333372472132227,28.82383266089215,2.0299999181285124,107.19831151377855
2252.024769773735,3313.6698792735506,2251.925253454894,3313.410882382112,7.461456775665283,gaia_full_3119,0.2774579021950147,5.0346876716674585,28.465911090115615,5.03205333551502,28.460125310398073,107.22180869312596
2946.5409150800074,2944.5699458964064,2946.4522173916284,2944.5418303326524,7.306768894195557,gaia_full_2823,0.0930471109114801,21.097588225171602,19.756706921579028,21.095456223689627,19.756175286997394,107.22337739540944
2825.5191135813875,3052.283273299759,2825.3914911760276,3052.299263801787,6.177643775939941,gaia_full_808,0.1286202725272036,18.46668480648625,22.245341259789416,18.463696351983042,22.24581605160622,107.25287587067812
3227.045063204588,2540.096220557861,3227.168357177323,2540.141023110507,7.415014743804932,gaia_full_1934,0.1311818296726961,26.873309092638305,10.696115476057624,26.876173282407457,10.697003924835636,107.3151067407093
2432.983352343653,826.0729330870008,2432.383010128908,825.7617865200646,7.552419185638428,gaia_full_2446,0.6761826387310121,9.413457880164884,-27.355197785555895,9.399237477625508,-27.362522176215297,107.33425951771781
2538.4119338216005,866.1895907899659,2538.443715260705,866.428139470157,7.682068347930908,gaia_full_2111,0.2406564619794879,11.916148741170442,-26.38827724241847,11.916539072819234,-26.382929828922784,107.39897017128405
825.3919641179693,1656.6985253563398,825.4958620115617,1656.4737404465552,7.020906925201416,gaia_full_1061,0.2476348682229636,-27.693488907743014,-8.445798485992864,-27.6913761217995,-8.450715646478091,107.40947914084792
2980.32562271654,2913.3919693951507,2980.213462689967,2913.4343021030427,6.137606620788574,gaia_full_824,0.1198829834392233,21.82467605392178,19.03987579933038,21.8221434740221,19.04091223459592,107.44377504569466
1212.8707415781937,3010.2207505016113,1213.1612570434022,3009.73648887514,7.001430988311768,gaia_full_891,0.5647198937508908,-19.694631194950325,21.26414215105796,-19.686802433006815,21.25375813436808,107.47772464221191
3246.6255211651637,1594.5776249274236,3246.7675900786144,1594.5375932913453,4.2327961921691895,gaia_full_866,0.1476011790473121,27.266384702460783,-9.80260210386526,27.269660033523284,-9.803380412240427,107.50641856978855
1476.270830741389,3191.2881567720187,1476.3551164875794,3190.833363277634,7.659346580505371,gaia_full_3514,0.4625377925592877,-13.770577395343054,25.512795449367818,-13.767745346903103,25.502740348521204,107.51921703134963
3123.5820209772223,2733.7297448266418,3123.6345601975186,2733.8860665975285,6.9919514656066895,gaia_full_1366,0.1649147225765528,24.805362658660705,14.982087181025934,24.806843513334567,14.985446073358709,107.51937716243853
2363.1419089175974,801.2730632471903,2362.962928648506,801.4290624372798,7.115619659423828,gaia_full_1953,0.2374230065360277,7.738378697673048,-27.94931468953245,7.73382743669969,-27.945906694097495,107.57330033758355
3195.943428836464,1481.5322959949185,3196.1351130892763,1481.479006703688,6.402052879333496,gaia_full_877,0.1989537668304086,26.266676165916746,-12.287497760520521,26.27113224973726,-12.288510401451026,107.59850805036041
2255.9654304877777,776.5113216227724,2255.776603344445,776.514925508417,7.617855072021484,gaia_full_2457,0.1888615314216158,5.13431111890552,-28.550378311452636,5.129670194965276,-28.550361654463455,107.61493024628085
2385.9789494071897,3287.5313166747796,2385.8734259234056,3287.3010223157935,7.101991176605225,gaia_full_3567,0.2533193585393121,8.290834127602313,27.8209835406793,8.287982991568368,27.815878881065657,107.67739570063587
2600.785747531492,3202.4519881417077,2600.874505467523,3202.391845510786,7.502331733703613,gaia_full_2574,0.1072152380152895,13.381640451498326,25.77507928194464,13.383677490347877,25.773668600869783,107.74071425386931
1350.0501987143746,975.0720071339812,1350.4512963791385,975.0417420943274,6.8307108879089355,gaia_full_2875,0.4022378765160533,-16.661063741330807,-23.795905267060228,-16.651554225933893,-23.79694498087506,107.75119089101
2694.08341981113,942.7506252281768,2693.8157469182083,942.7270466870516,6.941554546356201,gaia_full_1905,0.2687093694063101,15.531383704859168,-24.55772681081595,15.525015946584013,-24.558487279163085,107.7880079135508
839.6404955838289,1603.7566877139482,839.8245199831917,1603.8757319204908,6.373091697692871,gaia_full_3335,0.219172312741007,-27.43078184611772,-9.599182857903646,-27.426460613438394,-9.596719660460971,107.79837271819814
3278.478326938778,1672.0604625103797,3278.6915191108214,1672.0135478083196,7.174248218536377,gaia_full_1619,0.2182931320265417,27.900844058228014,-8.10843394465184,27.905719627045777,-8.10933572582512,107.8100381432011
2915.0868108210657,2984.4515054978237,2914.9581231719258,2984.409592048022,5.961942195892334,gaia_full_723,0.1353412291780498,20.440894052152927,20.66382268802318,20.437785175094458,20.663027154858725,107.82109574521719
1544.7602657095251,865.6949794982544,1544.9464315052664,865.734648413865,6.134591579437256,gaia_full_776,0.1903452819738885,-12.179162493351033,-26.391317043429375,-12.174589677069712,-26.39057097629826,107.82231582678534
2329.427495051815,3304.6343422145055,2329.285901392072,3304.4017275157858,7.452486038208008,gaia_full_3195,0.2723203307503159,6.925454251862914,28.23253972439738,6.921750192940424,28.22738465607196,107.82314553711326
3246.8321179202408,2508.996165434932,3247.0997336421833,2509.101026132869,6.427824020385742,gaia_full_681,0.2874264090207825,27.28297402204164,10.009704936516576,27.289185278846766,10.011804764069613,107.83846196940466
2111.7059245063974,3337.393105215809,2111.5877742874063,3337.191091994929,6.188697814941406,gaia_full_1055,0.2340273822823781,1.5947597847624728,29.03036253951766,1.5917995267734681,29.02583061477304,107.84463909488714
902.5443366513714,2629.352129847703,902.6525235597874,2628.979440159143,7.294570922851563,gaia_full_1302,0.3880747493867635,-26.189796293082697,12.657331964188781,-26.186750703637887,12.64932651418348,107.89049058559664
2975.5107660216586,2926.411672449833,2975.3707835004234,2926.40056601734,5.70107889175415,gaia_full_789,0.1404224308794028,21.73836383946344,19.330049978686905,21.73507166218251,19.329942997203755,107.91017647650833
3157.078358573628,2690.463581318031,3157.065609847406,2690.5617656111344,6.513123512268066,gaia_full_1919,0.0990085119192888,25.50085407383551,14.012305585136255,25.500725494309084,14.01445069651851,107.9504597471155
1665.3963028770097,3278.1055985077633,1665.3030489369428,3277.72514116147,7.511294364929199,gaia_full_3021,0.3917194017231564,-9.320035993060575,27.585684933944712,-9.321811581181958,27.577111476523754,107.99516484390374
2857.0139538664225,3038.2824571308684,2856.813230000421,3038.349291902055,7.146155834197998,gaia_full_2223,0.2115584009729613,19.18303968433952,21.906033748744456,19.178434051229786,21.907703204329916,108.01851921846676
1057.7519447519112,1232.2298273787517,1057.9123619576872,1232.1762172566514,6.1336774826049805,gaia_full_300,0.1691381834494291,-23.024441728254573,-17.855805792322613,-23.020821092972117,-17.857131247283007,108.0870187271266
2203.1506255332833,762.0789044783445,2203.016049682102,762.0746924140471,6.461643695831299,gaia_full_1014,0.1346417513506469,3.8451131592039745,-28.89055497879499,3.8418022688151052,-28.890684410123256,108.12494219909664
2763.8686124562932,3110.34287752265,2763.670824892623,3110.5050793272567,7.119527816772461,gaia_full_2315,0.2557916061178784,17.118998231295485,23.587278563686016,17.114608670288842,23.591054465767606,108.12599809743908
1217.9354398130563,1069.427980942673,1218.0461706342635,1069.486725119095,6.0690131187438965,gaia_full_350,0.1253482868997716,-19.604627921929286,-21.58521628040763,-19.601894550420113,-21.584031003964206,108.16780366073199
1637.1928244478038,3270.8870302222012,1637.232881244201,3270.557017152677,7.1111836433410645,gaia_full_2202,0.3324352162368663,-9.998058212915009,27.406726411354718,-9.996620586488474,27.399369007859377,108.20299146009091
3305.48298465031,1747.7390669526803,3305.626386409542,1747.6908060141752,7.063694953918457,gaia_full_1758,0.1513049329547995,28.440621699908874,-6.46117958965702,28.443901493962368,-6.4621598326382435,108.21298864633393
3061.835300167266,2832.8993390542773,3061.7698367111334,2832.965386915884,5.754312992095947,gaia_full_580,0.0929934627360564,23.561976219114207,17.20062009876744,23.560586452702676,17.20212418834802,108.22566014162544
789.8743128380547,1739.7388990006637,789.931138834803,1739.7086272876547,6.447466850280762,gaia_full_809,0.0643861049834148,-28.41674959546479,-6.63442215695919,-28.415491689341856,-6.635100388389055,108.25429653490758
3203.134331918366,2616.5903887901945,3203.3547307175195,2616.659473555417,6.907973289489746,gaia_full_1848,0.2309725859363397,26.437077762783243,12.37151076401953,26.442215432357912,12.372841652437101,108.30598157357838
748.5464240252197,2015.0923392240463,748.5916844261824,2014.926485571557,7.427108764648437,gaia_full_1863,0.1719184048884412,-29.216656939993264,-0.6872125584950731,-29.215653664631667,-0.690786743251903,108.4173489190687
814.3568321750641,2442.5498856250256,814.3424129125135,2442.171252537491,7.624326229095459,gaia_full_3038,0.3789075482337002,-27.94918229192722,8.553180798296973,-27.94909452267463,8.54499155347937,108.42605463717156
2995.9746168470174,1180.5500178017808,2995.989420653916,1180.4736529719555,6.370406150817871,gaia_full_1494,0.077786502253924,22.189887085291996,-19.025925295939704,22.190386890975407,-19.027583743967416,108.44467783063224
3225.054076448019,2577.5470563503427,3225.1287664238525,2577.435403311636,7.061913013458252,gaia_full_2949,0.1343316550276797,26.879570204511566,11.50893726926804,26.881112635620497,11.506464580126421,108.47835159970467
3328.555436316195,1833.0325107687377,3328.654543909681,1832.8327328964583,7.5288543701171875,gaia_full_2601,0.2230101193643824,28.899665501861023,-4.613064807235581,28.902021044490358,-4.617340188453994,108.58320905704184
1150.1753162012628,2971.1610456858075,1150.3487466762165,2970.6323270665453,7.518382549285889,gaia_full_2476,0.5564364366188953,-21.088165457223592,20.34333908737733,-21.083002242108794,20.3319010334671,108.66129504977573
2117.715533211497,747.2777909442661,2117.615581846356,747.3139398437604,7.611258506774902,gaia_full_2122,0.1062874325975333,1.745328646693601,-29.239553473389236,1.7428522679904368,-29.23875211973082,108.66528335526891
2529.0502313749657,845.625878495205,2528.779876079823,845.6680556145589,7.857943058013916,gaia_full_2939,0.2736254648394029,11.721901442869571,-26.854138568330907,11.715268445511736,-26.853394709133184,108.69125545009373
3054.4700140144387,2851.604510099982,3054.415662633581,2851.653579616433,6.965700626373291,gaia_full_2929,0.0732249277628639,23.427519782549357,17.616187666341393,23.426354910455284,17.617311727326936,108.74261967228054
3329.2808507541445,2270.19460417834,3329.523028882941,2270.177290713419,7.105988025665283,gaia_full_1367,0.2427962152403369,28.92173659533229,4.811713902122237,28.927186585721437,4.811262380177578,108.79112189018856
3099.4521099327517,2795.618016581017,3099.4318837261435,2795.8069985362526,7.476455688476563,gaia_full_3167,0.1900612502286213,24.361308657379695,16.352065351156842,24.361196777513207,16.35620345046827,108.85833760383524
775.2908668670467,2326.937173170653,775.6503436499911,2327.540234723192,6.900516510009766,gaia_full_1127,0.7020732110165199,-28.72358231426637,6.038830459526797,-28.7159430556712,6.051979867406545,108.87341666340821
787.9591972804733,2376.1686780369637,788.0267709171194,2375.9011853173715,7.917610645294189,gaia_full_2075,0.2758959068278958,-28.479573081442503,7.106307394008168,-28.477798328490916,7.100567465812964,108.88423796573781
745.4341067214654,1954.7072862851064,745.388881687913,1954.500034199725,5.090039253234863,gaia_full_173,0.2121290422237832,-29.297407540964326,-1.9872982737380709,-29.298480251829023,-1.9917546038213854,108.94520896592965
2936.2395237192854,1111.656421183361,2936.194392152994,1111.6577026495495,6.898382663726807,gaia_full_1557,0.0451497556083787,20.93338057741275,-20.59652535650839,20.932318038700306,-20.596542405580546,108.94593323279817
3302.8059495841453,1704.009707573966,3302.947480919969,1704.0724975326557,7.532790184020996,gaia_full_2212,0.1548344210191999,28.419454355889123,-7.40611114408462,28.42259507242941,-7.404686873903558,108.96448984168103
3337.641808746222,2234.9198087570494,3337.9240438780134,2234.9761715153713,6.1808953285217285,gaia_full_542,0.2878079744255667,29.089610366472122,4.049113657825271,29.09600065688342,4.050250547193674,108.98397053407449
1602.308941251058,3267.6546187143,1602.2307511818692,3267.2571104019235,7.881930351257324,gaia_full_3332,0.4051253452057956,-10.843282490596822,27.311333491946755,-10.84458678968794,27.302395748421873,108.9867546697554
752.6227489695353,2213.0638668013594,752.6590849857243,2212.8032264955523,6.287326335906982,gaia_full_867,0.2631609300099602,-29.162751329244543,3.577349630025465,-29.161809445232763,3.571744518865509,108.99575918691474
3141.7227880956298,2737.7370418987125,3141.7229873804704,2737.8874201610515,6.849351406097412,gaia_full_788,0.1503783943874591,25.22969214396925,15.05347207723749,25.229964599042724,15.056742962249823,109.00132351637579
1186.897091140194,1083.665113723658,1187.2828994439014,1083.463464847867,7.923258304595947,gaia_full_2579,0.4353278262611364,-20.306672530552348,-21.241013420414667,-20.298008199992992,-21.245835493853342,109.01003818272132
3343.01622737809,2202.7433375460355,3343.4359096461703,2202.9361676445887,7.957641124725342,gaia_full_3116,0.461862158061186,29.19493252064486,3.3546805705586116,29.20447118967329,3.358737843324065,109.0597467088034
3004.6544111628896,1179.044618451135,3004.6219658387126,1178.8829604524249,6.006978511810303,gaia_full_635,0.1648817988981811,22.395445160682893,-19.05033976821607,22.395018616705133,-19.053911672536383,109.08537184515012
1431.0358659881454,3187.474906704411,1431.26444803172,3187.078936968852,7.35335111618042,gaia_full_1946,0.457210872709047,-14.852810044235989,25.38970574263345,-14.846560380658937,25.38110687834289,109.08742415212416
1000.5583824877074,2809.7827468864566,1000.8031120277012,2809.2535169175335,7.599982738494873,gaia_full_1894,0.5830753877089669,-24.249240410116357,16.666464651167484,-24.24257085812097,16.655155452868758,109.11741667009429
2089.9418654922215,3354.125947590858,2089.808290263415,3353.8391157756096,6.607284069061279,gaia_full_1054,0.3164092792401463,1.0610553612822828,29.40877551119654,1.0577084800618295,29.40233189471501,109.15017001373504
3355.2143277907526,2032.4536651968929,3355.4648324069713,2032.5042989027424,7.147070407867432,gaia_full_1387,0.2555706065159456,29.43512605792811,-0.31308446688765135,29.4407603529306,-0.311989314730894,109.22831105997248
3354.521253494138,1990.6530286842683,3354.688751550354,1990.7410908973663,7.4455790519714355,gaia_full_3251,0.1892367623162721,29.423783525615573,-1.2128182328918666,29.427538522097493,-1.2109089225694183,109.26551508723902
2507.012093046349,3266.8470802876113,2506.772609033677,3266.9447123168848,7.487433910369873,gaia_full_2521,0.2586205820610743,11.215156105765443,27.282567863948135,11.209476793283716,27.284919138148158,109.43372528129161
738.7707592576774,1965.1097791788256,738.7017973110285,1964.793342770187,6.871397018432617,gaia_full_2742,0.3238637843255356,-29.44478593139437,-1.7625119580145137,-29.446412612271896,-1.7693139749775286,109.44017106991262
756.033574603909,1824.1137687019364,756.064085178165,1824.0064665001732,4.318301200866699,gaia_full_56,0.1115556257866118,-29.117393570237198,-4.802251918850623,-29.116773811944878,-4.80457315651485,109.48095745006992
2591.9764537638443,864.0486023545506,2591.848714744816,863.9509702136809,7.943586826324463,gaia_full_2677,0.1607771498477063,13.216831346603358,-26.39473918236003,13.213910512399467,-26.397017761564534,109.51486600385118
2936.6814848597655,2991.371748747343,2936.5651344877824,2991.387319549872,6.404225826263428,gaia_full_1280,0.1173876439494741,20.962708455225577,20.794392893966283,20.96000664213279,20.794852731577578,109.5360905877585
2606.661714420043,3223.017479283677,2606.5924480409426,3223.045303821955,7.554539680480957,gaia_full_3603,0.0746460729313842,13.55988895002084,26.22828401522485,13.558263448652657,26.228960817075333,109.53842231616424
3291.07091138384,2449.0122875879724,3291.354469795692,2449.1701339742203,6.696895599365234,gaia_full_2045,0.324531746649798,28.21530102281328,8.686329088194544,28.221904437688487,8.689575320770818,109.55096860445494
983.2141559125214,1299.15365045496,983.1941389697477,1299.2222579671534,7.232041835784912,gaia_full_2088,0.0714679559479888,-24.62164152583502,-16.324713009782162,-24.62197374837214,-16.32319984626398,109.59517252023305
751.2171578673971,2254.077818936428,751.3102224833083,2253.829520840855,4.991204738616943,gaia_full_177,0.2651659235267808,-29.216277445712993,4.460269103507471,-29.214032630740743,4.454950355368216,109.63396092269998
3288.334107213808,2460.4320832038115,3288.505433659705,2460.43977462548,6.147550106048584,gaia_full_718,0.1714990059185318,28.166266628596905,8.934477630398213,28.170159784310947,8.93454344729295,109.6388369775271
2991.710746799714,1155.3844960124322,2991.6440860360517,1155.4198105819523,6.641676902770996,gaia_full_1564,0.075437233727221,22.14196856196096,-19.581484763200358,22.140336417926882,-19.5807782365163,109.65248186747657
3124.257819843386,2778.367743193857,3124.1230931817586,2778.241115091645,7.769104957580566,gaia_full_3153,0.1848944283183755,24.901569080240908,15.953372910254714,24.89822428158006,15.950740811694217,109.69931081159709
2160.4780764462575,737.9354574441402,2160.349149592973,737.9319252701464,7.3453474044799805,gaia_full_2666,0.1289752292147371,2.804666678291396,-29.443051502860264,2.801481989316821,-29.443155692037024,109.72440163124293
842.6485676907431,2556.468879364007,842.8182507619051,2556.195425438087,7.265363216400147,gaia_full_3051,0.3218219915419315,-27.448726940034735,11.033912162746145,-27.44448221899705,11.028116324364698,109.7288692693336
899.4912707383636,1424.5250743609583,899.5452181147205,1424.517953773778,6.895597457885742,gaia_full_959,0.0544152752228619,-26.323775634448783,-13.525479904878278,-26.322551918592136,-13.525679013775674,109.79167801094908
1475.2655799545496,3220.9684561689414,1475.4069230972236,3220.4934554502192,6.917440891265869,gaia_full_1672,0.4955840662970959,-13.848143010692374,26.172594934209748,-13.843857178932392,26.162142172552123,109.80981166586217
1055.3490195036643,2890.750165696099,1055.7089554462837,2890.380566764901,7.870372295379639,gaia_full_1961,0.5159043057894905,-23.13824135320203,18.487042803618927,-23.129108570893102,18.479321523392002,109.83054828288942
1637.755962084877,3291.730944845631,1637.7889865206268,3291.4639259461073,5.36058235168457,gaia_full_526,0.2690533516968718,-10.01378918546627,27.873389304984883,-10.01260017215229,27.867437352233363,109.85593649375592
2844.0813436700905,1017.7622650266088,2843.9650901961227,1017.8961211437876,7.6862874031066895,gaia_full_3086,0.1772916532603787,18.955972719138305,-22.755818609984978,18.952931295064413,-22.75298277203122,109.86004595690498
1368.442270447532,3161.101448196848,1368.74442963942,3160.6612752927517,7.301655769348144,gaia_full_1600,0.5339029525512945,-16.304999167082133,24.747568755260417,-16.29686914873083,24.7380949320904,109.90072049921284
3216.5908818037215,2633.0914414447057,3216.7367492777576,2633.141014009134,6.850085735321045,gaia_full_1597,0.1540608942128422,26.770041458494035,12.718796215569801,26.773453501026136,12.71975488054559,109.96636694535785
1964.378902138249,732.4923229187912,1964.3463951693043,732.4446318776772,6.615372657775879,gaia_full_1153,0.0577160153899206,-2.043772566349944,-29.570614086523598,-2.0445916610860473,-29.571682302284724,109.96979455042633
842.386937588578,2563.107769488116,842.5507235375601,2562.765627339636,5.8621015548706055,gaia_full_679,0.379324513906572,-27.464026599120245,11.177331626674668,-27.45981235530939,11.17004784295796,109.97896270012522
961.0274113939508,1322.2706587119574,961.2087268192554,1322.1512409690245,6.178447723388672,gaia_full_998,0.2171079933594323,-25.09015299011313,-15.800864802610926,-25.086195184774954,-15.803630123457236,109.99527106479634
3273.3703328188835,1580.9008634642678,3273.530925466047,1580.8476540599545,5.561072826385498,gaia_full_480,0.1691781281085933,27.891110670070564,-10.081339733562498,27.894828110086046,-10.082384392526508,110.03930658483993
1276.7247674993969,3100.761516578576,1277.2331528642087,3100.3269196205024,6.709742069244385,gaia_full_1226,0.6688274778458804,-18.37098599936147,23.323808204231824,-18.357972809110265,23.31471759658893,110.09028296605858
3265.512773877605,1560.3119261510228,3265.668575152149,1560.16184802287,6.869196891784668,gaia_full_3048,0.2163272560253001,27.739679198764286,-10.531520749332484,27.743424162064596,-10.53465879103638,110.09562099409281
2883.6944186662104,3047.860003639796,2883.5780790767444,3047.9285943080667,6.95632791519165,gaia_full_1450,0.1350539886523895,19.833753839467704,22.090450708442333,19.83114973388682,22.09207927699214,110.13673284704092
2065.516590863502,727.4561392193494,2065.4816815973463,727.5809450767838,6.859805107116699,gaia_full_3031,0.1295961377258792,0.45840608427266777,-29.689443704889843,0.45753301474342706,-29.686636711736913,110.14743372776128
2659.522352700776,3203.4487674582824,2659.2797657066717,3203.485298693213,7.863153457641602,gaia_full_3262,0.2453221980052801,14.800287385458368,25.747710457195613,14.794506891756807,25.748737124448635,110.17049539632103
2160.7467408820057,732.2412722098061,2160.6413818633914,732.3027452776564,6.116312026977539,gaia_full_1463,0.1219813956072865,2.8137660400158326,-29.571059988707415,2.8111333850187528,-29.569697867710243,110.19514117700784
2157.407729261542,3362.345268401344,2157.158942779367,3362.11098253507,7.574921607971191,gaia_full_3009,0.3417375906289587,2.7314225670276278,29.584888308333085,2.7251698788799597,29.579665878493408,110.20224033466133
2270.1643505909155,3346.8149062181824,2270.1205641390948,3346.4621733545264,7.461452007293701,gaia_full_2138,0.3554401869035304,5.507146228031643,29.204063255465673,5.505771782958186,29.196157114823897,110.22384002006392
1610.838880706315,806.9572893668811,1610.9804698235812,807.0180347049145,7.784348487854004,gaia_full_2147,0.1540697057211971,-10.664561584390468,-27.75055263554464,-10.661011616666931,-27.749292188628004,110.28321535307407
2967.703547615862,1119.5849287196868,2967.606342936957,1119.510195584465,6.7053608894348145,gaia_full_1241,0.1226123611270065,21.655189194456867,-20.390602039583477,21.653068076243343,-20.39234073435044,110.34700285160258
1776.509331380966,3340.013728927084,1775.9124191698716,3338.8367140484306,7.247960090637207,gaia_full_2638,1.3197227785881689,-6.667663128724994,29.031852949069968,-6.681187818347697,29.00516954159145,110.42400865414325
3330.4327627943335,2356.48267102529,3330.6516792661714,2356.593362533971,7.628068923950195,gaia_full_3441,0.2453100726345672,29.013082362280127,6.670639178592562,29.018126491013724,6.672925258525293,110.46397781247792
3336.0261717163276,2334.5357831103584,3336.207078010769,2334.6145843545123,7.173738479614258,gaia_full_2713,0.1973239049093378,29.12072279616936,6.195458867807306,29.12487277344239,6.197080093891937,110.46911223113769
1115.063490535159,2965.9584389085817,1115.3208235570642,2965.565493740177,6.838712692260742,gaia_full_1201,0.4697086219514756,-21.900570101655322,20.193657830188677,-21.89370034514454,20.185309358078296,110.47651342711065
1196.008115869331,3042.0291600556593,1196.3118294619276,3041.586693093867,6.560670852661133,gaia_full_871,0.5366739779472393,-20.159167819589882,21.947492197066488,-20.151036610343468,21.938069535814098,110.51153663571017
3102.8047029684203,2823.1973945251425,3102.810657848222,2823.5427705356333,6.750248908996582,gaia_full_1692,0.3454273428899069,24.491844141876143,16.94993023850946,24.49266073267155,16.95744950732727,110.51791002389771
1518.4647795504611,842.6417797121682,1518.7852087437077,842.7269723436768,5.0420637130737305,gaia_full_158,0.3315609330847476,-12.85580658405366,-26.885023410921253,-12.847875462182564,-26.88338198832554,110.53899223071717
1990.79012474922,723.7857861422959,1990.6814895630268,723.806682298866,7.815940856933594,gaia_full_2662,0.1106266380155591,-1.3923383791267405,-29.76960902438471,-1.3950247210828821,-29.769128426426175,110.56158683491608
2110.273797290881,723.9852166563804,2110.175554507054,724.150017281069,7.3763251304626465,gaia_full_2524,0.1918616440870047,1.5672609104341173,-29.764398372549547,1.5647875047933966,-29.76070154410759,110.56163756848638
2478.404792234968,801.3616644540533,2478.1230717571866,801.2534902538321,7.728078365325928,gaia_full_3207,0.3017748915914127,10.556806724374553,-27.878906282940083,10.55008366523138,-27.881517434421053,110.59495507238157
3357.9598760192684,1862.88473259382,3358.126632689323,1862.7813544226583,7.720336437225342,gaia_full_2740,0.1962010022409744,29.545430134014563,-3.961658749327334,29.549242670148157,-3.9638373197320838,110.60655731415335
868.141241700097,2632.967578283208,868.3836706039349,2632.555698612859,7.347115993499756,gaia_full_1927,0.4779295306450927,-26.98164985495031,12.708750501236555,-26.97545438163293,12.700024369611059,110.61253062088852
762.1287200822563,1733.7039089036673,762.2190212650553,1733.498102920077,7.734719276428223,gaia_full_2309,0.2247452035005283,-29.048975702197964,-6.752136829554856,-29.04711929990716,-6.756611324917107,110.6387307653227
2223.8125003132755,735.2171301641989,2222.242707014722,734.4349859061442,5.880943775177002,gaia_full_194,1.7538530840956026,4.371548365871418,-29.48858831823912,4.333265129380716,-29.506636081067704,110.64071013785774
1186.5997901674275,1058.4737815537242,1186.669615916355,1058.611903363379,7.421567440032959,gaia_full_1448,0.1547684383704573,-20.367333404828873,-21.794762471438172,-20.36538587119288,-21.79179702040997,110.65393268375657
1494.973451917201,3242.0631165605996,1494.9547920427765,3241.8260088523466,7.276726722717285,gaia_full_1975,0.2378408211946317,-13.40931584316351,26.65872843202397,-13.409338969712843,26.653432404480757,110.69027551756454
2779.6053927278217,3136.248948772907,2779.378464721708,3136.351323218715,6.503391742706299,gaia_full_1317,0.2489514955030715,17.547585933086168,24.145335783890616,17.542378367234853,24.147823304772995,110.72984483613743
720.7901126792552,2082.0899478988695,720.8701162465386,2081.8885472916973,5.975961208343506,gaia_full_986,0.216708964621685,-29.841511419407325,0.7543112543638668,-29.839690766027974,0.7499860404127004,110.73712930017803
3373.2872349472905,2063.4300546055265,3373.5218660246055,2063.4737701214312,7.008851051330566,gaia_full_1333,0.2386687846636765,29.84185498989046,0.3531877835653348,29.847136341177197,0.35412173991867907,110.73758456134769
732.9283935541406,2223.517479335059,732.8697334057924,2223.3582429716375,7.952157974243164,gaia_full_3670,0.1696974732866517,-29.61158524236532,3.7973895457135587,-29.612825640224617,3.7939491581302116,110.75849666248841
2945.047880843795,3003.523209467156,2945.1431639324246,3003.196711991911,7.518200874328613,gaia_full_2936,0.3401168450991471,21.185427647519255,21.052651248837424,21.18696336192874,21.04538504377488,110.78844998516156
1320.2482103733348,3142.1992484361267,1320.5123158860383,3141.752099861202,7.621766567230225,gaia_full_2705,0.5193202960576743,-17.42015969876297,24.28270446215636,-17.41290513586395,24.27307280759854,110.82544473821584
1833.3339487346336,738.3095774006437,1833.205650212291,738.4267460182543,7.902551651000977,gaia_full_1729,0.1737498080232321,-5.279955690868341,-29.406917530073514,-5.28303046273973,-29.404239151272527,110.83341505318768
1076.6891226452103,2932.661473612094,1076.9410953851188,2932.2694695087353,6.963413715362549,gaia_full_1357,0.466001586593021,-22.727789505941974,19.425105337528148,-22.721072163375403,19.416787806044468,110.87929504393306
1513.9021213054398,3253.8847765143955,1514.1584444698085,3253.529960607881,6.979648113250732,gaia_full_2031,0.437716680179699,-12.97108697580083,26.937645138661598,-12.964231010258729,26.929946282536097,110.8814377071388
3371.8701315730855,2139.175213184971,3372.043484193551,2139.381276812804,7.778542518615723,gaia_full_2708,0.2692830290567822,29.821915947601585,1.9815901467385881,29.825873079224635,1.9859960195999464,110.89593428804228
2458.289830808457,790.2186995019322,2458.1598669372506,790.2133133443529,7.682429790496826,gaia_full_2347,0.1300754339311278,10.08123293776738,-28.141612015014676,10.078058578249134,-28.14181824405446,110.89607786253362
796.4771196754524,1614.3563275979811,796.5387782317944,1614.2172307368553,7.436733245849609,gaia_full_1447,0.1521503018243331,-28.3974451447482,-9.343627506657967,-28.396215648380263,-9.34666680473486,110.90700179624686
3373.8422665173994,1978.9614113093671,3373.979777194716,1978.9054929526628,7.381552219390869,gaia_full_2385,0.148445441131044,29.860680918845155,-1.462514119127521,29.863786601098226,-1.4637020865197514,110.92455595328065
2936.8384999022464,1079.9685255953525,2936.7470919226307,1079.901999141201,6.613037586212158,gaia_full_988,0.1130539156305364,21.014948547333493,-21.291899755747192,21.012940033181774,-21.293455769700802,110.98451508526215
2959.547079278091,1101.3983949105584,2959.849946503171,1101.2852224998558,7.59438419342041,gaia_full_3000,0.3233211260833283,21.502748099428707,-20.797927507138244,21.510111272083037,-20.800095276984653,111.00769924207846
3221.9411981577096,1444.226839053986,3222.0867259124907,1444.2189660786275,7.753359794616699,gaia_full_2397,0.1457405611099192,26.919201910506793,-13.075861910676858,26.92254365601616,-13.075913292043877,111.03708081315867
2708.7909522248756,3186.606790738771,2708.542343986661,3186.640433581403,6.566223621368408,gaia_full_1283,0.2508742652577257,15.953790978907913,25.328827162884668,15.94787865810482,25.329806846835357,111.04520457047474
1336.7639730884769,3156.3694765286095,1336.914372033758,3155.897818401088,7.40130090713501,gaia_full_1806,0.4950567967403178,-17.05454197760613,24.612440962250933,-17.049953541404296,24.602147319384652,111.04722606446164
3004.8513372213165,2948.772894068494,3004.664779266642,2948.795359453429,7.477357387542725,gaia_full_2449,0.1879057316116656,22.47077206192082,19.790510267742942,22.466454792703612,19.7911948523762,111.07612640650295
1574.453656630235,3283.576503525918,1574.5359177328655,3283.253097567592,6.046219348907471,gaia_full_594,0.3337039150006647,-11.547392414881356,27.647083656152713,-11.544857370782799,27.63992359065311,111.12667741192567
2863.233235182724,3081.3918606489497,2863.001563974405,3080.942960295723,7.631493091583252,gaia_full_3152,0.5051564865375552,19.42149299792056,22.84996491013224,19.415016793279005,22.840312785238932,111.21171043167215
953.1035430445417,1308.3800371267876,953.2192537732374,1308.3791712664336,5.321139812469482,gaia_full_412,0.1157139682555501,-25.299216706088952,-16.09559677138704,-25.296548000234242,-16.09572514163959,111.23429045980905
722.639716822986,1903.4690451062916,722.6556626746999,1903.2520805902843,7.301453113555908,gaia_full_1643,0.217549698673975,-29.828032269441625,-3.085647739713067,-29.827763810212815,-3.0903149694230123,111.25024045518613
2725.859231366582,914.5323892485264,2725.5782976143805,914.5695693564836,6.42435359954834,gaia_full_965,0.2833833685201656,16.349596792679428,-25.154365174267102,16.342769344245315,-25.153809696441314,111.28454825944897
2791.0254576885327,3136.31492946398,2790.783087699718,3136.4204599037366,6.959347248077393,gaia_full_2415,0.2643480379975092,17.82060690878783,24.135461839199184,17.815040873635844,24.138036748925938,111.2981671852962
792.1792170267664,2482.36723745008,792.255562745165,2482.022535935477,5.881436347961426,gaia_full_316,0.3530549573188226,-28.498292552342367,9.399718043273714,-28.4961366518799,9.392330395770543,111.3120890843156
2876.7768302508935,1021.8090328701848,2876.577350547069,1021.7493545553688,5.984104156494141,gaia_full_865,0.2082154016811113,19.722645764098978,-22.633285393106444,19.718047343088926,-22.63480648893899,111.36710932988372
1376.180438323495,908.6557606915084,1376.2362635076108,908.5874917561616,7.66477108001709,gaia_full_1534,0.0881878603603352,-16.168381798918386,-25.292297312290433,-16.167178992380826,-25.29386393914859,111.36843006091131
3283.2501665335717,1563.237804543386,3283.4158800416913,1563.3014692289137,6.609195709228516,gaia_full_2275,0.1775222773531264,28.13904410286643,-10.456219997371997,28.14272553998676,-10.45473207846279,111.37814295952361
981.6751331564992,1265.1718096573238,981.814685771229,1265.158611937455,7.185058116912842,gaia_full_1680,0.140175290574618,-24.723388123082632,-17.063313025184897,-24.720183304375126,-17.06373726154769,111.43646455162975
3164.497066470573,1337.7419298905722,3164.4974768514044,1337.690699233326,5.163951873779297,gaia_full_231,0.0512323008882037,25.787672226473983,-15.435440146844138,25.78777744556486,-15.436552373007938,111.5005483646475
1977.3331431618112,3381.590601410694,1977.3748621604936,3381.3441178546195,7.434019088745117,gaia_full_2565,0.2499892363006472,-1.7287312009840712,30.024079879098405,-1.7276291391411926,30.01854000631435,111.54996369612039
743.3062770496583,1763.4685593711677,743.3312490504411,1763.3381964020502,7.044414520263672,gaia_full_1376,0.1327332081289494,-29.448638669787194,-6.103112269640246,-29.44818155499285,-6.105927629330617,111.57342260331798
1540.0143471354286,818.9368465119826,1540.161251490501,819.0525666935198,6.973323822021484,gaia_full_2047,0.1870081547800254,-12.372905647490018,-27.43071689789634,-12.369125633283337,-27.428251897402134,111.62438948846038
3293.018401344627,2515.9017860250387,3293.2636225917704,2516.2165460651936,7.770897388458252,gaia_full_2065,0.3990079484532766,28.341185798548338,10.128871040601085,28.347173333712263,10.135498960458369,111.68517878737524
830.8416782797842,1507.5823510257198,830.9450370211409,1507.4939056959038,5.58367919921875,gaia_full_220,0.136035310787741,-27.761041310261675,-11.672820148031816,-27.75881765840866,-11.674809354371185,111.71983623031909
2126.175686877624,3383.521402911096,2126.013652672247,3383.3049057393646,7.0439453125,gaia_full_2432,0.2704183963412968,1.9652719172773447,30.066285907522193,1.9611833460688513,30.06143808248084,111.76190980086943
3161.170693172561,2766.900540812595,3161.2099643120637,2767.0189999889744,6.989804267883301,gaia_full_1044,0.1247990339158414,25.731075001346447,15.669680901566357,25.73220460565805,15.672217011628042,111.77597497336644
1997.6468107913188,3385.812891389602,1997.5176189928295,3385.5155481069496,7.156111240386963,gaia_full_2391,0.324196774406214,-1.2254876629005755,30.121169516349383,-1.2286379529713627,30.114468767829784,111.81451151218191
768.0136151463099,1663.3996696300342,768.1062053133799,1663.261762155135,7.035939693450928,gaia_full_2118,0.1661066244043681,-28.985844496113263,-8.269568994191737,-28.983898940609006,-8.272591380493118,111.82136656866241
866.689479659188,2661.4575016014687,866.9843849671859,2661.0789940668055,7.750461578369141,gaia_full_3111,0.4798302767459658,-27.061418652881144,13.324409951576508,-27.054034036046296,13.316463246397943,111.86731548135019
3050.83898252624,2912.1476694467037,3050.8774154532366,2912.089444537315,6.894848823547363,gaia_full_1331,0.0697655355517604,23.46678898564129,18.942187221643312,23.467561282583322,18.940875975043895,111.88172562917585
2585.4636875136375,829.5099176792107,2585.1903114320717,829.5983226785991,6.570990085601807,gaia_full_2751,0.2873150289997948,13.120553452726712,-27.169548913866187,13.113743045042797,-27.16780591523641,111.9171931135072
3387.198971233035,2089.62543959531,3387.3302522309777,2089.6441610648494,7.739161014556885,gaia_full_3352,0.132609177067551,30.15714151167648,0.9154019357637245,30.16009790778167,0.9157955432479564,111.94241624456446
1701.2088492216333,755.439500014296,1701.183688691884,755.5631352078988,5.997489929199219,gaia_full_379,0.1261693835859729,-8.52064735095838,-28.960684967036315,-8.521108949979535,-28.957900422937037,111.98538566341098
2314.6204313620756,3358.8597609050516,2314.4926448967153,3358.696273506473,6.9975361824035645,gaia_full_1609,0.2075030366603359,6.615844060631856,29.456099625948106,6.612521041799545,29.452488464820927,111.9857062341636
855.4939808289262,1451.290385653258,855.5534797746927,1451.0514237783143,7.335729598999023,gaia_full_3181,0.2462577962701509,-27.28647021145204,-12.909394994215871,-27.28550082636098,-12.914613762293065,111.99254510432995
2719.1987567427545,3193.353234932126,2718.7433690747303,3193.317652707296,7.427867889404297,gaia_full_3322,0.4567756811745082,16.218058211040752,25.46853167679335,16.207022041472392,25.46818015724726,111.99315712018775
1371.187356001171,3191.857969449653,1371.483934819955,3191.307245349888,7.663786888122559,gaia_full_2669,0.6255046201373353,-16.301943798039314,25.431909485120812,-16.293662358669422,25.419988638361993,112.01549042787883
3283.72879016847,2548.985049975535,3283.8805331372214,2549.017202395728,7.688695430755615,gaia_full_3019,0.155111916659515,28.1751127998045,10.849280119561937,28.178610943787962,10.84986623112458,112.02129320973643
2478.1444237346736,3311.4040408901124,2478.012244991503,3311.278748470767,5.520573616027832,gaia_full_290,0.1821247113700373,10.579024144725585,28.298605596532187,10.575591896935807,28.29589672081184,112.06718582925257
3382.4500647264567,2180.4649373606767,3382.695019637707,2180.477874775004,6.705948829650879,gaia_full_1740,0.2452963212837016,30.073690896154808,2.8670515825388088,30.07921169310866,2.867280294292457,112.09661766527736
3256.3429253407226,2610.315931033469,3256.511518810873,2610.4347318846135,7.03324556350708,gaia_full_1762,0.2062459706515662,27.642141152114394,12.194565892696268,27.64617457830976,12.197001576828198,112.10260577432682
3340.659258484267,2398.7360351637312,3340.8818429191533,2398.783473629003,6.2052717208862305,gaia_full_570,0.2275834762038015,29.28433120477058,7.575567308156741,29.289414691204474,7.576473401419095,112.23726650645392
2336.817392568734,737.8347595933857,2337.2384286409924,737.4499079592272,6.534329414367676,gaia_full_410,0.5704227857102561,7.161313581395882,-29.385169840521463,7.172132728757415,-29.393596730875505,112.24647876702228
3062.364281257897,1188.5361698200238,3062.227572749358,1188.465368558847,6.5911078453063965,gaia_full_1262,0.1539546520606875,23.721211052942834,-18.784343103681614,23.718176267029452,-18.786029957918075,112.2491634573537
2499.5659112170542,788.1024763623878,2499.2819081890707,788.1601104495116,7.37767219543457,gaia_full_2057,0.2897920080030089,11.095115063281428,-28.160297773989736,11.088068980523737,-28.15921657584855,112.27490609227348
2862.3631943428095,996.2041963591772,2862.1526779844107,996.3112548132956,6.901790618896484,gaia_full_2404,0.2361750404926236,19.43692596781236,-23.212293689125666,19.431683169662094,-23.21015580379985,112.30033315205725
1667.4719447619395,761.5060984479416,1667.5937415732365,761.5170372896293,7.925666809082031,gaia_full_2709,0.1222870455100107,-9.342726371066657,-28.804563628058858,-9.339715795055639,-28.804395013881898,112.33843127793001
1737.8896532871456,740.8867485742661,1738.019504924874,740.8919314423767,7.857821464538574,gaia_full_2250,0.1299550304627281,-7.634178604748255,-29.306969820872204,-7.630967725953605,-29.30692120872345,112.35091723560053
2933.6883246649913,3039.921715470634,2933.1622063550767,3039.658799647192,7.348658084869385,gaia_full_1749,0.5881540667575835,20.99776669468813,21.863763869132114,20.984753718171827,21.858551756013863,112.41391970606054
2407.742159517463,753.815899730941,2407.49041776319,753.8377570401208,4.86136531829834,gaia_full_216,0.2526888458338555,8.890903931583184,-28.98827857147136,8.884675765781124,-28.987939987898667,112.48013445506982
2828.799148555807,967.7980977907712,2828.558319192806,967.8253820419416,7.394481182098389,gaia_full_2010,0.242369990810787,18.700512680324596,-23.873629311268676,18.69470682621661,-23.87327728954163,112.49159332885152
1546.0600027371152,3289.3536352499295,1546.1921626295632,3288.873515389792,7.66099214553833,gaia_full_2977,0.4979772256543931,-12.250233905226082,27.75424381655691,-12.246172366160899,27.743638422235616,112.50705598601755
2557.526948509568,3285.2454906033504,2557.313622666955,3285.190876533785,7.164265155792236,gaia_full_2694,0.2202058394344185,12.477049634370776,27.65497868662341,12.471747951031679,27.653932035556593,112.54413168762724
1272.833444758723,3133.0967470519768,1273.0830779302996,3132.6091301912497,7.850537300109863,gaia_full_2511,0.5478019014357681,-18.53356628913704,24.03369921563061,-18.526529994023083,24.023195191558006,112.54790844372711
1069.6656503580043,2954.461234154663,1070.047209095184,2953.9642987727516,6.776848316192627,gaia_full_3083,0.6265236178419722,-22.939070863951024,19.89454510090793,-22.929048907864942,19.88408485770052,112.59509547086506
698.2666883171071,2041.744019786894,698.0960022044021,2041.6818415369787,7.705997467041016,gaia_full_3282,0.1816587015060061,-30.346540252523976,-0.11280745148582676,-30.350381664347694,-0.11414058674340005,112.59757568940938
3187.034448083657,2746.056157853677,3186.9215988685855,2745.836275209087,7.717895984649658,gaia_full_3215,0.2471504050860671,26.287388130362736,15.193128409569477,26.284379632434284,15.188464338265954,112.6219812628628
3158.543501855478,1305.4368153979008,3158.543688331268,1305.3800875034858,7.523689270019531,gaia_full_3356,0.0567282009055053,25.712196418796697,-16.14268608735873,25.712311664437557,-16.143917994644763,112.63365140567285
1945.373279762596,701.6444076283483,1945.387836713637,701.6100827435118,5.704270362854004,gaia_full_268,0.0372840789432231,-2.5260290217425467,-30.26145521888096,-2.5256809770632147,-30.26222983079503,112.66007672590926
2278.9163996467787,3374.617641247247,2278.7788826541164,3374.487283491696,7.563075065612793,gaia_full_2973,0.1894836871689903,5.747537505159144,29.825088296131714,5.7440142216821055,29.822215762953277,112.6708656034105
2604.0304423150146,828.5575929285108,2603.824365984539,828.541725111075,6.438128471374512,gaia_full_962,0.2066863362985687,13.573954211613552,-27.17509384836149,13.568971210288046,-27.1756239547937,112.68755471749832
883.5944688471833,1383.7915449484633,883.7308251845266,1383.6691951953608,4.763619422912598,gaia_full_93,0.1832007445888837,-26.75868837722855,-14.394784766279791,-26.755778378058327,-14.397557364305284,112.71990527351957
2161.2966695540754,701.8829518388244,2161.2511480248813,701.7926464276538,6.772211074829102,gaia_full_1735,0.1011300000338608,2.8408160918611314,-30.253694842714307,2.8397254478794536,-30.255734862125664,112.73896367212049
1144.5361015473145,1063.4313425010807,1144.7088410441754,1063.4264089232593,6.130807399749756,gaia_full_430,0.1728099359582139,-21.349134315818663,-21.64156352122988,-21.34507037187616,-21.641857354724735,112.76999776495204
3283.1091954183744,1520.8325896441766,3283.1766980440234,1520.9070467716033,6.316872596740723,gaia_full_1377,0.1005010860346919,28.195944258129444,-11.37169830251769,28.1973717324241,-11.370040929456254,112.79364720277526
1393.4972290468006,3216.040183377225,1393.749900880402,3215.513527944022,7.917747974395752,gaia_full_3529,0.5841309791627606,-15.814282814671168,25.989541704518242,-15.80709280202812,25.978100375531827,112.8153820657912
1030.5610102639614,2915.347644742657,1030.8739335762148,2914.8578435751347,6.409185886383057,gaia_full_421,0.5812281678117435,-23.767470214978676,18.998914459259915,-23.759114648417388,18.98855484312268,112.83580658204431
726.2778323686141,2332.546150365872,727.6345886330655,2331.8140181328654,6.250345230102539,gaia_full_453,1.5416890632470424,-29.83479890870629,6.1392430262400906,-29.80355405408294,6.124085980785711,112.8782171764162
3399.281162028859,2036.0178391400696,3399.5415496297883,2035.97480715504,7.609212398529053,gaia_full_2388,0.2639194090121375,30.42650442456259,-0.2356474399419919,30.432364576133505,-0.2365664240504047,112.90433868575262
2282.4243515399576,717.464556665143,2282.0579915220455,717.2321790744445,7.768213272094727,gaia_full_2983,0.4338421456974463,5.8361833146498086,-29.866742471528298,5.827316056791173,-29.872109167906533,112.91139304220493
715.1190757751787,2276.7838918786692,715.2565992275281,2276.4813570285273,6.999586582183838,gaia_full_1561,0.3323251953982741,-30.044545130242543,4.9369013735892615,-30.041239974747814,4.930450741458101,112.94094414964025
1595.692929154164,3315.074482722438,1595.694022811373,3314.6448768776763,7.427002429962158,gaia_full_2561,0.4296072368332371,-11.079052594894051,28.36623719391409,-11.078331400591415,28.356640170816895,112.94356567862147
920.5059382619668,2775.156806812864,920.8246780784254,2774.6899736828973,4.668522834777832,gaia_full_99,0.5652682919027533,-26.03097613747594,15.837243539691782,-26.022722160346262,15.827418101187792,112.995999972316
3371.6496803834634,1779.9577996974288,3372.0086685619735,1780.0008897817634,7.899925708770752,gaia_full_3597,0.3615650255181981,29.90851721018763,-5.740000015535961,29.916585851104987,-5.738930673850009,113.0111149176836
1507.4964759327768,3278.6570236707707,1507.6867917427744,3278.255072525393,7.544053554534912,gaia_full_3047,0.4447300651017191,-13.171803964004631,27.484293909983165,-13.166423505065355,27.475499847728614,113.03062148149456
2003.3822506245187,3400.6034992830487,2003.091612288841,3400.4250179380315,7.144688129425049,gaia_full_3210,0.341066317136023,-1.0856207818664068,30.454399460593056,-1.0928232978689225,30.45036145900177,113.04042178834843
1109.7374820335854,3002.4634709223533,1109.987205860673,3002.032698482404,7.685370445251465,gaia_full_3155,0.4979225691159026,-22.105586959518,20.987930522851435,-22.09874560129997,20.978763923460015,113.04311969318928
842.3364333296137,1449.5276967541404,842.4715863660072,1449.4353195171873,6.282818794250488,gaia_full_705,0.1637067413195583,-27.59021486517307,-12.936659565893343,-27.58727769829779,-12.938768655611794,113.04351735096566
3180.9068302863875,1329.4852747774817,3180.6545491372503,1329.4157376782623,7.081915855407715,gaia_full_3722,0.2616891025201656,26.181297306502742,-15.599264428780197,26.175618281153465,-15.601012598648605,113.0486893635849
3265.9773076734396,1476.4372220485495,3266.0346435992483,1476.3257955135346,6.442749977111816,gaia_full_714,0.1253127331670115,27.87350243735895,-12.343520060153523,27.8749891471373,-12.345880976087207,113.10231898991344
1441.2237924295468,3246.4852663485353,1441.4121169639347,3246.021150095211,5.892655372619629,gaia_full_433,0.5008692712198374,-14.72122293031768,26.71018698183273,-14.715731629177528,26.700044893747293,113.10288835296245
1560.292744874947,790.9699228481796,1560.5602540608872,791.063024089478,7.792850494384766,gaia_full_2442,0.2832472518732139,-11.925991991998615,-28.07056010147351,-11.91928699102589,-28.06869077389867,113.131825209822
3274.113336668903,2602.567590786645,3274.411555076901,2602.528965788352,7.71949577331543,gaia_full_3664,0.3007093436562754,28.035546312680392,12.013243716170251,28.042289422752717,12.01217600133016,113.17692463912287
1670.2685984603652,3344.1423859082497,1670.3721319087924,3343.8519226487138,7.52124547958374,gaia_full_2435,0.3083635518077448,-9.290131971747291,29.067092449576048,-9.287175254735889,29.060654771852544,113.18366836436611
762.7816967044255,2468.3346630989195,762.9499021676679,2468.0249539727374,6.568926811218262,gaia_full_1074,0.3524383927795674,-29.14798261020378,9.079108069967976,-29.143792745831437,9.072544031916278,113.238280574414
2557.013328477294,799.4150732926628,2556.74672014675,799.433132882574,6.099891662597656,gaia_full_544,0.2672192932844223,12.481057181158805,-27.863656301198535,12.474510988753728,-27.863469307013833,113.25739984394627
3021.4921960281144,2968.913457023655,3021.3034737135986,2968.713941447718,7.7032294273376465,gaia_full_3592,0.2746317116391055,22.904500383253975,20.21356630639877,22.899631780126292,20.20940720202966,113.3076339761573
2792.977512027984,929.681858669181,2792.5147388055084,929.7086989592426,7.960390090942383,gaia_full_3533,0.463550921271027,17.928149761147413,-24.75235084807419,17.91699725145251,-24.75223532414938,113.3609868098333
3068.4543577553486,1175.1185819702175,3068.4160099933124,1175.074555973208,7.0763654708862305,gaia_full_1786,0.0583852658284275,23.892121785971206,-19.0707207036391,23.891323278627087,-19.071721715015915,113.41160128168138
3392.9149345427218,2228.1154804531448,3393.170826861955,2228.179658777911,7.116913795471191,gaia_full_1994,0.2638176196017636,30.331458047341748,3.8876408631396164,30.337258141480536,3.8889478882139628,113.46906460887953
3131.713911018305,1250.6849630391632,3131.6640832087296,1250.6176747561658,6.634697437286377,gaia_full_1059,0.0837288697872213,25.202023739428757,-17.359164111520446,25.201008486671373,-17.360677987786904,113.53035232642432
705.3744224421825,2264.01144053564,705.3699849228196,2263.724837014421,7.540592193603516,gaia_full_3528,0.2866378725030082,-30.255879457845133,4.6593704186248255,-30.255796096994178,4.653217024985011,113.56560412934094
1233.9894929802824,3118.9363879029697,1234.2118963388273,3118.448433404513,7.306632995605469,gaia_full_1655,0.5362488661585996,-19.42843441909412,23.68053768432,-19.422025873454793,23.670025641273536,113.59102612346197
2700.6486093115345,867.9804400815677,2700.4508179603704,867.895927888067,6.762650966644287,gaia_full_1156,0.2150900496202384,15.838579310751815,-26.210764738968425,15.833974383921932,-26.21283036959289,113.61174464787547
2235.8365616750493,3395.114489400862,2235.7242903320057,3394.943916093509,6.2402143478393555,gaia_full_704,0.2042060421491328,4.695322755915264,30.301273890096667,4.692404768838786,30.297478140168298,113.74060609537588
852.5822738873721,2681.493968289937,852.9491700985207,2681.2582865922623,7.480790138244629,gaia_full_3112,0.4360718889977212,-27.41888357363376,13.745812090370158,-27.410063009699225,13.741037437234732,113.75100126672433
1712.1082623031807,3364.510191850454,1712.1172627907877,3364.236179077006,6.2483229637146,gaia_full_510,0.274160552942459,-8.284858461610662,29.54839609417493,-8.284286997902285,29.542260571129685,113.82641117567778
2150.9189775772593,3406.4023166205357,2150.6139782921155,3406.239193450153,7.437005996704102,gaia_full_3018,0.3458810961211329,2.588802269421653,30.57696981445758,2.5811371385898005,30.57335713865925,113.82749124116422
1345.267514170131,893.26752543127,1345.611774683387,893.4364491817907,6.702515125274658,gaia_full_995,0.3834716866695944,-16.944909712900085,-25.602911926104113,-16.936249804886497,-25.59951980186077,113.87460987576345
695.7956852980453,2237.1704991001416,696.8989245613666,2236.8612875318204,6.678006649017334,gaia_full_508,1.1457524453900494,-30.455622541459032,4.08043977494504,-30.43058676798401,4.074125183648995,113.90162794910015
1963.5067635141445,683.8899688968704,1963.4650899542337,683.7386432456428,7.461856842041016,gaia_full_3708,0.1569590338753737,-2.0812350434928923,-30.663768544360508,-2.082324643025317,-30.66716630534011,114.03398999841775
3131.1439174519655,2854.237959911027,3131.1073578968726,2854.272400775083,4.85919189453125,gaia_full_304,0.0502272255408809,25.211636052881964,17.59725474663517,25.210860565221335,17.5980413365474,114.06219198088364
2561.390936924938,3304.21868703504,2561.0646262943246,3303.918957297393,7.2869873046875,gaia_full_3268,0.443076227393826,12.60540431095479,28.074885012261273,12.596877493863444,28.068471278087245,114.13709159752
1176.2999925840368,3080.629795747956,1176.5884156259174,3080.1482972876665,5.705931663513184,gaia_full_644,0.5612741026884998,-20.712048944170498,22.775214819661738,-20.704094188896963,22.76495245255826,114.16013167737047
2958.9889346850327,1050.1384035823714,2958.8458812324957,1050.0665971783608,7.40189790725708,gaia_full_2015,0.1600638933042516,21.604274235552076,-21.9227752978207,21.60106117134577,-21.924507451707875,114.18347571416969
1281.8554498764993,931.4014568958044,1282.0312197728636,931.3264128881008,7.886212825775147,gaia_full_2953,0.1911194902675348,-18.38366759526362,-24.694354952863417,-18.379625498324813,-24.696197293709783,114.20896183408857
3326.6777255507973,2513.193257402628,3326.9195214986444,2513.620107332901,7.551591873168945,gaia_full_2558,0.4905773571714354,29.102282562433583,10.047793271178685,29.108349467556405,10.056817881131622,114.2525059061693
3025.132990630608,2981.09653559595,3025.003388675005,2981.1867642691486,7.284512996673584,gaia_full_1742,0.1579173212895707,23.017342484206992,20.47593920274504,23.014506869526127,20.478053437597666,114.28759199758872
697.3843405687109,1821.5829558901137,697.3525025888384,1821.447144878843,5.583743572235107,gaia_full_259,0.1394929666499814,-30.44153941910313,-4.837060411475078,-30.442348226878934,-4.839962914305981,114.35643198438254
1513.119929743202,3298.791872453131,1513.3395147225924,3298.3023377594536,7.334430694580078,gaia_full_2230,0.5365275197859587,-13.071978637535874,27.937623293658497,-13.065696491890574,27.926903230883685,114.3842631662557
1026.351240036767,1156.470592084734,1026.4672123629916,1156.52825847153,6.9330973625183105,gaia_full_1346,0.1295183099645091,-23.91449378385448,-19.478336553832,-23.911655272108877,-19.47720449362886,114.4146054417397
3361.425912666514,1673.3181939426825,3361.5966909312447,1673.2875588244417,5.481349945068359,gaia_full_238,0.1735042540519571,29.77739768908722,-8.036402333760432,29.781297204349983,-8.03696547191378,114.43804369875711
3414.3899371138045,2140.2682189991833,3414.695754630327,2140.4625433560705,7.16110372543335,gaia_full_2191,0.3623345264970332,30.779265357683666,1.9990802075788356,30.78620305061603,2.003201142633314,114.45515883794943
3407.5028105047645,2209.299858921066,3407.7702555682145,2209.1722991511306,7.409769058227539,gaia_full_3284,0.2963078751395875,30.650515895102394,3.4802198758649454,30.65647853238974,3.477418584057591,114.46171249890958
2732.1447855618535,3218.7993797937447,2732.0076339744337,3218.9608084195193,7.44838809967041,gaia_full_2667,0.2118248312904408,16.584159234246208,26.019691146339355,16.581198224056685,26.023404725960123,114.47623777659176
1633.3713392113684,746.002824655032,1633.4729561262782,746.0445190325922,6.793491840362549,gaia_full_889,0.1098381469067685,-10.204927271698057,-29.128979859027055,-10.20235894000287,-29.128117732142833,114.49917767442821
2365.869936006958,3378.1758374650303,2365.8010049345376,3377.8876302022736,5.5236053466796875,gaia_full_483,0.2963358214100502,7.9054991367436624,29.86367111704034,7.903436449801908,29.85724800773879,114.58234085358272
3371.274755753861,2394.0263108137865,3371.276242407473,2394.091006158332,7.218803405761719,gaia_full_3055,0.0647124234197158,29.97207398023234,7.458427478801282,29.972173630847134,7.459816241791524,114.5859733989481
1087.8276918058173,1088.6206551197438,1087.98553290621,1088.64354461948,6.094202041625977,gaia_full_519,0.1594921382744613,-22.627546856279434,-21.02781181526694,-22.623781496929265,-21.02748580787939,114.58660988527133
3325.4323933673822,1566.1640424488592,3325.405928061122,1565.6794614530884,7.675919532775879,gaia_full_435,0.4853031566945175,29.09398073684879,-10.36388604198758,29.09405173306897,-10.374336675655075,114.5926189225348
2127.428917941334,3417.470138694534,2127.083863630493,3417.2643075875058,7.0837202072143555,gaia_full_2861,0.401782182345685,2.0072460574230857,30.829778939483166,1.9985681962366961,30.825198478288357,114.59840961853978
2652.4762995692217,3265.998595390745,2652.284288245192,3265.9637269872965,7.752602100372315,gaia_full_3518,0.1951516182734376,14.7532418423014,27.144095702894013,14.748502130432277,27.143499839561606,114.60446027940625
2865.318605612127,964.380868030793,2864.855592189831,964.2819828271388,7.629354476928711,gaia_full_3259,0.4734550799471023,19.579516056074816,-23.910109201532403,19.56869849520279,-23.91279117909815,114.63253751900618
2917.10392650105,1006.3018701513,2916.9557455090635,1006.243783003722,5.131561756134033,gaia_full_161,0.1591594266760329,20.714330723327492,-22.931162073988567,20.71094893199326,-22.93260199488078,114.63806619871089
2132.636826276523,3417.783671844032,2132.350468086714,3417.4589885391333,6.796050548553467,gaia_full_2339,0.4329206178397754,2.1373202930064,30.836056278370656,2.130061366586553,30.828796761196163,114.64432297848023
926.3481465906464,1276.6595340163033,926.4558597503636,1276.6084348918153,4.686049461364746,gaia_full_126,0.1192193159672304,-25.980358968243625,-16.75842600261048,-25.977973085932252,-16.759644022837335,114.69166683134627
3420.472221743555,2099.33783598229,3420.755180253976,2099.1948360871843,7.795713901519775,gaia_full_3145,0.3170402003214851,30.90723076258552,1.1213210174689408,30.913575663452672,1.1182345487737717,114.76117877262365
3393.313672891203,2312.7528576244854,3393.6277168481356,2312.807962695392,5.681231498718262,gaia_full_278,0.3188419290579283,30.396446528866928,5.703612582926642,30.403577586738155,5.704667892369085,114.76244744915905
1765.8555906846302,3389.8678858837625,1765.9298058882168,3389.5460805823636,6.28905725479126,gaia_full_2656,0.3302522497301272,-6.983571722357042,30.145517629607856,-6.981374872890818,30.138334066148087,114.770722817836
838.4992773390949,2680.976558955304,838.6731347875013,2680.516875637436,7.896917343139648,gaia_full_3569,0.4914622722982155,-27.74064804925551,13.722211944574248,-27.735850133613113,13.712435195583044,114.785681067906
2042.8520014005703,3422.361323839342,2042.7163395754264,3422.1593274164684,5.954373359680176,gaia_full_535,0.2433242397606358,-0.10360582131995923,30.945614290732316,-0.10699075774625978,30.941068344131132,114.78885224171154
3405.4957479609316,1843.1778029917657,3405.723448245086,1843.257111868445,7.417627811431885,gaia_full_2584,0.2411168126113433,30.627952502774242,-4.371025451371303,30.633036729533664,-4.3692540484513485,114.79557628468649
2214.535533866229,3411.700475982654,2214.384364486209,3411.428373577654,6.8882269859313965,gaia_full_2079,0.3112746380006856,4.176887091403897,30.68073834098287,4.172935716676887,30.67466743147331,114.84803568988599
1766.1715085966512,703.35012327517,1766.235283742522,703.3784180242408,7.3467912673950195,gaia_full_1414,0.0697700656142468,-6.976590077482591,-30.16321714083518,-6.974975485657665,-30.162613585162106,114.85312436970514
719.0577085494608,2393.903503132571,719.194204318941,2393.656146972972,7.888209342956543,gaia_full_2613,0.2825175477337908,-30.05490124316414,7.453878209906481,-30.051561151329143,7.448638007991272,114.86181169126567
1426.8473457862528,831.3467009719683,1427.1920692736546,831.3963149716435,7.803142547607422,gaia_full_1807,0.3482755112410535,-15.103110370642582,-27.055959767687266,-15.094630534866786,-27.05518575198277,114.93682237806054
669.9286469780333,2049.640052404639,669.8586302311462,2049.477732363484,6.0257768630981445,gaia_full_351,0.1767770929877725,-30.984115912532694,0.056548031369130614,-30.985690041917646,0.05307098417223715,114.95387648110732
1158.5841843011783,3079.3116097076013,1158.954085459855,3078.849690846302,5.027483940124512,gaia_full_516,0.591773522231464,-21.129099901974293,22.726648159011088,-21.119242091223132,22.716922521101427,115.07145932857742
2327.1760383674573,3393.7522845018025,2327.0033711882415,3393.602199956037,6.526106834411621,gaia_full_1378,0.2287778959076259,6.963806490333426,30.23314262454063,6.959351934689837,30.22985997851853,115.0831836898406
699.6232387614543,2329.5822487935206,699.7615866512326,2329.4139994781253,7.359014987945557,gaia_full_3151,0.2178255511575659,-30.43414848753639,6.064191515501315,-30.430883621569503,6.0606419853769555,115.11266272206565
3425.9165638315203,2085.7622943236743,3426.3056403226938,2085.78619148406,7.490405559539795,gaia_full_2790,0.389809684664647,31.027882486009542,0.8301462453266079,31.03664005779564,0.8306346562215714,115.18395584739513
3336.452512526649,2519.607509517292,3336.588234054776,2519.738183495172,7.538149356842041,gaia_full_3300,0.1884038791854269,29.33307378170443,10.179105203369955,29.336337105762297,10.181821936059062,115.20350232071834
3124.0839824626446,2884.9744816053585,3123.947496818256,2884.881290548657,5.79950475692749,gaia_full_1141,0.1652661616101926,25.113635459357283,18.273018925974757,25.110258153997624,18.271138155369872,115.20764673126686
2272.7786617743204,687.3303093356586,2272.9052121172176,687.4298443643104,7.777637958526611,gaia_full_3293,0.1610037614967505,5.623911591418151,-30.547347238623374,5.626972679873807,-30.545061192865987,115.22580588587559
900.2651540271945,1303.168894607713,900.4706576436351,1302.9697677717045,7.19503116607666,gaia_full_2106,0.2861524649359217,-26.528909509439707,-16.15734258342537,-26.524568662463377,-16.161862610061224,115.23147712804447
2200.7871376094927,3418.87592552547,2200.706365257396,3418.650443736323,6.667688369750977,gaia_full_1485,0.2395124424747101,3.8386481791402134,30.84598312801644,3.836491748235694,30.84093647307744,115.29855258997179
1048.4144574342035,1117.007257345572,1048.638656011783,1117.0572916138017,6.180450916290283,gaia_full_1647,0.2297138005996733,-23.487698656880205,-20.36369896031786,-23.482325588382405,-20.362856184101013,115.30950411667864
2303.3400613557437,3401.833420739307,2303.291185619745,3401.605662616365,5.98845100402832,gaia_full_770,0.232943341041107,6.379862241330545,30.4257313746374,6.378414439393118,30.42064116131687,115.31153634542305
3308.471270051957,2588.539007365128,3308.6736756769697,2588.6816894900394,6.612770080566406,gaia_full_949,0.247641324915616,28.797203673141762,11.683758678127314,28.802039347968517,11.686673785917202,115.31369881151998
2771.337907479299,887.8671627039311,2771.045316011855,887.8383957477229,4.975826740264893,gaia_full_122,0.2940022186827839,17.50150994132478,-25.699152640091953,17.494524034794683,-25.700095031986496,115.33860808170104
3410.3024671516237,2263.869406483689,3410.60753477759,2263.555702837634,7.909241676330566,gaia_full_2134,0.4375799743602366,30.74450871743942,4.649155001109113,30.75118311898974,4.6423302912716355,115.37638397154637
795.3401162471886,1482.0719192163467,795.4242232253177,1482.0298631099536,7.601328372955322,gaia_full_2283,0.0940356307735133,-28.610493130793913,-12.195576874760144,-28.60864156919286,-12.196551665040566,115.3778006119546
1501.6332474011313,3306.4499038338467,1501.9434058232175,3305.9748520183625,7.677966117858887,gaia_full_3097,0.5673380598777887,-13.367406237535631,28.098295015947123,-13.35890376172617,28.087987080294038,115.38883929066793
3426.196862884148,1954.5564155523136,3426.3511448978534,1954.6081308352163,6.8044257164001465,gaia_full_1148,0.1627188072681239,31.044789649088912,-1.9797216206694466,31.048247870780163,-1.978592080230137,115.41944160376744
1616.96377455256,3353.9585942126487,1617.051159933606,3353.668462054909,5.660836696624756,gaia_full_266,0.3030063923013786,-10.618799807757087,29.250653899563922,-10.616177571088839,29.244231846158545,115.42062213703429
1891.1237966014212,3420.399299734043,1890.9474536419757,3420.23908394114,6.979061603546143,gaia_full_1901,0.238256037996004,-3.8917476624191556,30.87964805587415,-3.8960479089910707,30.875997007565896,115.45508226034032
2460.455847618461,3360.507522246891,2460.3519718233415,3360.332703538821,4.86743688583374,gaia_full_124,0.2033513253040656,10.220063761845196,29.40887872484296,10.217226326930977,29.405041892932974,115.4873728887461
701.3400004510988,1738.4707997574078,701.3115058602532,1738.430517297391,7.81903886795044,gaia_full_3253,0.0493418513279882,-30.418178345567302,-6.621529595613381,-30.418859087676328,-6.622380280158865,115.49420780631671
2608.2464538125178,793.4842205487083,2607.7833522250003,793.5203407750705,7.90299654006958,gaia_full_3232,0.464508074325593,13.744159424434217,-27.952136507671774,13.732769751899763,-27.95174673322412,115.53747008279817
3405.4383086202,2300.755021594719,3405.6674046819217,2300.768552287647,6.581315040588379,gaia_full_1847,0.2294952834971071,30.66076421978246,5.441515154587001,30.665943459454795,5.441716109309814,115.54481100916556
2542.6093325930515,3330.5353242519623,2542.44417054139,3330.448638134515,5.888552188873291,gaia_full_467,0.1865287813369971,12.192626848822298,28.677154764580266,12.18841396310741,28.675355535566663,115.59370334382528
1451.8944865729925,3285.041132215345,1452.1392064875267,3284.554297974755,7.416100025177002,gaia_full_2785,0.5448811011407069,-14.53961248076081,27.576986484781564,-14.532650590190702,27.566393343767064,115.60980745714947
2599.9912274276803,3305.445208779512,2599.693390046345,3305.291474568485,7.55172061920166,gaia_full_3656,0.3351735570728248,13.551972722054417,28.06921285371143,13.544388002695419,28.06605403119523,115.61277533779153
3428.9425134759413,2133.513684954305,3429.1741114545785,2133.664899571579,7.896617412567139,gaia_full_3593,0.2765926321978986,31.104988957911623,1.8523674799517291,31.110241076403994,1.8555738717219952,115.6208951752494
823.0440815211001,1421.4652432902917,823.1027137245869,1421.2923691916374,6.783392906188965,gaia_full_1570,0.1825464030630883,-28.079707838978827,-13.526245457309981,-28.078670788417156,-13.530028351363379,115.63179657288082
3426.4178886827103,2165.587853969562,3426.776955792725,2165.558614280446,7.1848273277282715,gaia_full_1479,0.3602556715915061,31.05807477086894,2.5395313095048744,31.066148192310926,2.538839195732504,115.6364294685741
837.0719672181536,1395.561790356296,837.1183144908255,1395.5366423493158,6.347146034240723,gaia_full_948,0.0527303701787403,-27.804808993729917,-14.0981080782028,-27.80379201200351,-14.098693524236987,115.65265950498024
3002.033320425669,1067.339349337169,3001.9499939794828,1067.2835975376852,5.609564781188965,gaia_full_975,0.1002574674511561,22.579735701794004,-21.49799913687886,22.577903232081308,-21.499312945819202,115.66207022665274
727.3668968911869,2453.3752061494506,727.4500375428274,2453.0672220259175,6.590687274932861,gaia_full_740,0.3190087589763605,-29.93278709523936,8.735734052424052,-29.930534370160505,8.729170011770252,115.66523103344832
3128.079596561533,1205.729643873049,3128.0886426065344,1205.6962764952823,6.394913673400879,gaia_full_810,0.0345718502426683,25.21378771018277,-18.340395926968156,25.214071629739838,-18.34111158235312,115.67180433475798
3140.913868537483,1221.9024969556826,3140.847475011201,1221.838829860627,6.731832027435303,gaia_full_1721,0.0919869519278752,25.476650663811046,-17.97516941823475,25.475247256324188,-17.976623398140763,115.67188937070568
1084.1712048181412,3019.996092016784,1084.48408188438,3019.513230542032,6.196812152862549,gaia_full_854,0.5753670675125304,-22.747690951873214,21.343420844675354,-22.739184044307912,21.333214864938938,115.67363463826004
3245.565240069651,2719.81257562141,3245.474326739101,2719.8113072412903,7.0769453048706055,gaia_full_1874,0.0909221780415001,27.58364993502527,14.570377712875823,27.581559668413618,14.570435385628008,115.72499308798491
1521.064382112464,774.8472316836215,1521.2720699691265,774.8883807374343,6.844330787658691,gaia_full_1108,0.211725034973757,-12.915764600350974,-28.39807006881245,-12.910595734735317,-28.397330484954082,115.72807573811123
723.2189922910487,1650.1132468377675,723.2872253203896,1650.0110424036734,7.708270072937012,gaia_full_2114,0.1228881305965955,-30.015535803602543,-8.529471021222866,-30.0141097345945,-8.531706295618019,115.76047525043855
3401.7342252112426,1762.92829675677,3401.89343446768,1762.7539793062017,7.337013244628906,gaia_full_2090,0.2360808355373787,30.60152360162533,-6.092951541347272,30.605266287406945,-6.096619455563928,115.77321401214319
2998.368805562687,1061.9616791101168,2998.302115978154,1061.8437493295205,5.206048011779785,gaia_full_294,0.13548038174118,22.506047850041934,-21.619799406288035,22.504754245215437,-21.62245526815921,115.78174003198734
1222.9163373105062,3142.5873541799256,1223.2842600851727,3142.0251269383944,7.823937892913818,gaia_full_2946,0.6719126723303769,-19.747530620607108,24.18929565463168,-19.73740990638746,24.177327997419024,115.78851580469463
2693.053060474068,3259.8672162184007,2692.802642678654,3259.916107731663,4.896787643432617,gaia_full_128,0.255145943195236,15.726404128828214,26.969011110140737,15.72042803540792,26.970342975451672,115.81363656164199
3390.620330850057,2377.7003290178086,3390.9308799638266,2377.9884204460855,7.569094181060791,gaia_full_3190,0.423600546635113,30.393161611936833,7.098098988238265,30.40046573165506,7.104122427844123,115.82110034733404
2549.964655188202,763.0997524055075,2549.6774565412784,763.0498070861474,7.084809303283691,gaia_full_1866,0.2915091726184762,12.373946013546956,-28.67925898771563,12.366983455034596,-28.680610172724137,115.87235387518712
1365.2149055949594,853.9804255286522,1365.4755312148145,853.9447473745952,7.6948933601379395,gaia_full_1644,0.263056352141067,-16.549485413703565,-26.493147101308843,-16.54325408365073,-26.494203437416523,115.87843477141112
3416.881908321681,1831.4976416612471,3417.0172514027618,1831.507095860808,6.813395977020264,gaia_full_1719,0.1356728841213944,30.891957234378904,-4.617673943107261,30.895002404799115,-4.617426416219742,115.89029545081915
1687.4765734571351,711.3761667895089,1687.5172714517323,711.3451646333135,7.626368522644043,gaia_full_2958,0.051161122475926,-8.918685005243752,-29.93951292890107,-8.917719589428678,-29.94023255753116,115.89750691277426
2305.5722534727784,685.3376492456604,2305.410425673577,685.2398275204214,6.922947883605957,gaia_full_1007,0.1890960774927599,6.4424340995850615,-30.57799403720127,6.438505406608512,-30.580263939966894,115.93690565494725
660.9349189297517,1959.4072312972444,660.9778466925186,1959.0698722066977,6.814956188201904,gaia_full_2858,0.3400793272027104,-31.198060458456748,-1.8749096163498686,-31.19718379838069,-1.8821362810289948,115.94876572917714
3219.108424868534,1325.648100534038,3219.1729821727145,1325.508911504313,7.748952865600586,gaia_full_2943,0.1534315206170527,27.06896072093639,-15.645414738938308,27.070725089756337,-15.648362794623747,116.00149897121642
667.3492280997854,2207.709767654813,667.4523756689621,2207.5701086548092,7.098973751068115,gaia_full_1143,0.1736204403549983,-31.081057139157654,3.441385130372521,-31.078666056971286,3.438420669586738,116.0021399969751
3372.9452507801134,2444.2906432846667,3373.5017448803,2444.81365241794,7.715611934661865,gaia_full_1981,0.7636911921908195,30.065040432752287,8.536850029385848,30.07826273156094,8.54774509339178,116.00567649375645
779.3313029393747,2595.948082768304,779.4516915558143,2595.5734050563706,5.9586873054504395,gaia_full_269,0.3935439070650459,-28.950124674628604,11.838429386991415,-28.94678618907463,11.830457803114399,116.01222112873585
1585.1535588120842,3349.8467645706583,1585.4664537580652,3349.5984893337745,5.995102882385254,gaia_full_344,0.3994293935981065,-11.396079337131555,29.134976178124298,-11.387943260160714,29.129673929909515,116.03280236191773
3149.82082023099,2866.8253876984636,3149.5220071794224,2868.009640808546,3.2497870922088623,gaia_full_174,1.2213699965723348,25.67199273625164,17.851160590347366,25.667636112284274,17.877194833998374,116.04457342833496
901.2903777880324,1284.6915475293506,901.4289787552492,1284.6836250608635,7.351129531860352,gaia_full_3353,0.1388272077814497,-26.54304421963804,-16.558744694929565,-26.53985769605639,-16.559058185256003,116.05316096537432
730.9563026612369,1615.861704812024,731.0123235875851,1615.6974252086234,5.758080959320068,gaia_full_274,0.1735688113757812,-29.88195155425301,-9.269850991975456,-29.88088947492283,-9.273415725493555,116.0707911867398
2918.58014316852,3108.0101202119786,2918.506381005769,3108.0982180866563,7.225169658660889,gaia_full_3519,0.114900357599173,20.797427228804438,23.375695921102544,20.795883587612334,23.37771434291142,116.07805422289279
3101.705130761456,1166.4167275676218,3101.7630949880795,1166.3066957457986,7.697547912597656,gaia_full_3437,0.1243658047124981,24.687331265915365,-19.22434996305912,24.688934193908647,-19.226680953702665,116.09124019883555
1323.4972416119515,876.4367815118261,1323.7058406694314,876.3971426857236,7.337694644927979,gaia_full_3386,0.2123318236070231,-17.5073361531138,-25.95278202527813,-17.502392741396584,-25.95387915947479,116.13443776436186
3338.012986334859,1547.614385229544,3338.2002390846774,1547.6991682061732,7.596275806427002,gaia_full_3611,0.2055522936887462,29.40642881220181,-10.753967206236796,29.410565011834205,-10.752005918648656,116.17291051396153
2070.567530681002,3438.9260630373587,2070.417799937929,3438.8189914425675,6.811976432800293,gaia_full_1365,0.1840750440238648,0.5902595121385598,31.31782854669515,0.5864990359567734,31.315425917627575,116.19736759855891
3439.6489026409677,2062.050390460399,3439.9304132044563,2062.1114340646936,7.703077793121338,gaia_full_2201,0.2880529794690131,31.33494395349706,0.3220038403538186,31.341280796093912,0.3233032194338708,116.27909901509281
3428.9319500993392,2212.7681831418463,3429.4483291574466,2212.8201045116352,7.096535682678223,gaia_full_2210,0.518982813099381,31.13493600485466,3.549099870416909,31.146594219154046,3.5500782347446136,116.2988038745232
2602.5086758467864,3313.5359314373186,2602.517541830708,3312.914460849551,7.724374294281006,gaia_full_3225,0.6215338262165419,13.629470454859813,28.247078850232395,13.62845935041898,28.23323711103483,116.30692174000703
2862.3461007382357,3157.30727667268,2862.1502758650163,3157.3683467915357,7.0453267097473145,gaia_full_1664,0.2051266447550049,19.57358522367904,24.523121276795838,19.569044052424925,24.52468489570004,116.39901438526648
1830.4608549014004,671.495002318273,1830.485535499638,671.5283786810562,7.839679718017578,gaia_full_2980,0.0415104025757824,-5.407686166431134,-30.906653087224306,-5.407040623095042,-30.90591302952158,116.39924461119492
2676.0976685941587,816.9556033768436,2675.82439765936,816.8910952548101,7.909546375274658,gaia_full_2828,0.2807815905897163,15.351007332646697,-27.366853618937284,15.344492562772919,-27.36855288375293,116.40395000272599
810.5902831002278,2669.670710305967,810.8628639934068,2669.400263370465,6.816486835479736,gaia_full_1183,0.3839816248842696,-28.359782366286964,13.453416028910949,-28.353062207536812,13.447826120844823,116.41867113892077
701.4976110197541,1694.2011061725743,701.659140241085,1694.1134633451577,4.14741325378418,gaia_full_96,0.1837741944380997,-30.45822310857035,-7.571084849285169,-30.454661334319454,-7.57305118042083,116.42442473439594
3358.507125245163,2503.424238703452,3358.6948995843723,2503.4220812484723,7.585568428039551,gaia_full_3398,0.1877867329644215,29.812040221729557,9.816016288030777,29.81630091099603,9.81584188028783,116.45545552689507
3245.702937926658,2736.006477275765,3245.6951196145023,2736.092776715695,6.128810405731201,gaia_full_712,0.0866528668722356,27.61764143686695,14.920164065408095,27.61762817095939,14.922036161849672,116.45770086045106
1250.1471660246273,921.8141931483028,1250.4465084114618,921.9624049801732,7.764918804168701,gaia_full_2623,0.3340248668320318,-19.1659694623843,-24.871487304831234,-19.15843912506625,-24.868553000193454,116.4630289665794
2131.203174872224,654.5468752367781,2131.1348727144914,654.5714612543629,7.587237358093262,gaia_full_2691,0.0725924032636249,2.109034787315758,-31.323709618700466,2.107315526397582,-31.323167095423614,116.46839751307306
693.5821660769698,1720.5362671832213,693.7686908856708,1720.298170117184,7.207706451416016,gaia_full_2923,0.3024594470612452,-30.610482283174385,-7.002341860383926,-30.606498852803746,-7.007538958629407,116.48504671511456
2427.7436876055885,710.4440522375575,2427.599404739503,710.4790830103352,6.996467113494873,gaia_full_1556,0.1484745785893714,9.445929034627364,-29.946785911565293,9.442301573132879,-29.9460969243956,116.48873344207519
2159.2194748033726,656.3157203632272,2158.9871924589115,656.3713539706503,6.449133396148682,gaia_full_1068,0.238851807242952,2.8098709874352985,-31.27889614919137,2.804029612862208,-31.277692526946026,116.50237040608793
2077.5659013443064,651.2325104727639,2077.4974316856865,651.2070003849678,6.4517669677734375,gaia_full_653,0.0730674943521234,0.7660246447798438,-31.403911235740498,0.7643119583086315,-31.40448902921921,116.54190867445905
1758.8683493378535,3410.617553294126,1758.7641699482635,3410.288114578485,5.682306289672852,gaia_full_759,0.3455187586493714,-7.180728510745749,30.607508157370578,-7.1829424452710535,30.600064887969623,116.60876406377176
1077.3160812582516,3028.3764098323313,1077.4905440246507,3027.778398507944,7.381623268127441,gaia_full_3469,0.6229404473583355,-22.929138181523435,21.51882665094434,-22.92359253056205,21.50595597129357,116.611042222857
654.5466069867807,1939.1551007511343,654.4731028772189,1939.137626862924,6.091730117797852,gaia_full_1604,0.075552570384194,-31.347854715181036,-2.3073011461449053,-31.349515102623005,-2.307662568405451,116.61813352181149
2834.4432260873973,912.6319515099848,2834.2763347381156,912.5902953179618,6.278685092926025,gaia_full_391,0.172011513565036,18.96200280565878,-25.08432719081755,18.95809484048293,-25.085430443804174,116.65181034959662
1025.7517363949034,1118.2734892647177,1025.891602502603,1118.3506004283392,7.421060562133789,gaia_full_2578,0.1597143063038281,-24.01612362381698,-20.310592063668114,-24.012663355062962,-20.309069780404865,116.67411569234483
1833.7935007836527,3426.6270678420965,1833.5619862916924,3426.3520430250364,7.442911624908447,gaia_full_2832,0.3594963281962033,-5.3280755071837405,31.000532942451827,-5.333618962268229,30.99426607085763,116.67563174013922
3437.7300559328173,1915.303357427988,3438.038104081591,1915.179363519132,7.414052963256836,gaia_full_2576,0.3320664864097666,31.317731320032426,-2.8179068744425297,31.32471714406756,-2.820496235191389,116.6815935626912
1751.0044773700952,3410.315286454388,1751.096697283166,3410.0421944593263,6.125264644622803,gaia_full_1427,0.2882425196490795,-7.376219917346671,30.59664517183712,-7.373599516012602,30.59056875381843,116.7381849221359
648.569116089291,2072.0344088233232,648.5766535503687,2071.9876175895056,7.917041301727295,gaia_full_3660,0.0473944393539686,-31.46564917723674,0.5353850604831475,-31.465476015791324,0.5343846839847157,116.75049774211561
2935.985128336481,3104.9798619117323,2935.806763974904,3105.0477203481237,5.04222297668457,gaia_full_157,0.1908366130236306,21.20403661872526,23.289317213447347,21.199960814301416,23.29101129783739,116.84169453338626
2020.8674160843009,3446.6585205081687,2020.717535825924,3446.5079193494876,7.37215518951416,gaia_full_2995,0.212473059109264,-0.655345382426361,31.49168784990404,-0.6590874266458235,31.488292177006635,116.84389695894134
871.790257953668,1311.1803128849187,871.9369695728456,1311.183086574104,7.589587211608887,gaia_full_1879,0.14673783613442,-27.16959106457271,-15.955314157820295,-27.16620187976171,-15.955402290290401,116.88102198312379
2223.2911503016303,3435.2881315455525,2223.241183459232,3435.094042839701,6.829533100128174,gaia_full_2126,0.2004173422592776,4.412085277973491,31.20817068785212,4.410693723048749,31.20382475773127,116.9137245749797
1824.697997687898,666.3134951521203,1824.9036848042108,666.2426981208196,7.961456298828125,gaia_full_3316,0.2175302495243072,-5.556249843803816,-31.020749645176174,-5.551175270805058,-31.02242230326463,116.91804100217936
673.56872462205,2312.245652843757,673.7107120471876,2311.942944571727,6.973901748657227,gaia_full_929,0.334354193711712,-31.008043820876757,5.681695292124347,-31.004597105597625,5.675272057091017,116.93496301356099
667.8996443688067,1808.9507014305375,667.9436507791877,1808.7757443384248,7.718894481658936,gaia_full_2883,0.1804066191557896,-31.115253032664832,-5.097247826648342,-31.11438658630346,-5.101009139206015,116.97212655135974
1668.6895339354378,703.6355459302503,1668.8259691147582,703.6548205982701,7.149009704589844,gaia_full_1216,0.1377899524039043,-9.39565756631045,-30.100786547585322,-9.392244183706806,-30.10044503097199,116.97952116485455
3222.4322686891733,1308.9217866415293,3222.2202247272744,1308.7566715119242,7.006783962249756,gaia_full_3725,0.2687482982313828,27.179337118169787,-16.00394001388261,27.174784009682096,-16.007726182470684,117.00688129888583
651.0369576443645,2173.9321543483925,651.0834490496213,2173.677182764931,7.213267803192139,gaia_full_1027,0.2591755373017936,-31.433683853230065,2.714931704791729,-31.43253860555693,2.709487919275763,117.04390630290844
2123.356919032806,646.8539668422902,2123.3520876718912,646.952567706636,6.712168216705322,gaia_full_1496,0.0987191597312031,1.914971831499855,-31.49791478902403,1.9148191106071009,-31.49569743170113,117.06152489851041
3140.51874432304,2898.6822840009886,3140.3040991509124,2898.899698525631,7.020867824554443,gaia_full_1587,0.3055186171793325,25.526433759219042,18.55308985508376,25.521928966333853,18.55804882484517,117.06884628957701
1712.4016557750415,3404.7937323561396,1712.2509888865147,3404.5123585613733,7.423984527587891,gaia_full_2789,0.3191735009043198,-8.330047155442557,30.451289495443735,-8.333420209639913,30.444895276988014,117.10220131236385
3176.4027991103735,2853.0099107055753,3176.1678574776115,2853.1442821816327,7.266598224639893,gaia_full_3689,0.2706534026808292,26.258586327585423,17.52297948005654,26.253432161833473,17.5261444199691,117.10636763519686
1095.029417919846,1040.903248981176,1095.1172701821547,1040.9009117506553,7.483203887939453,gaia_full_1580,0.0878833467685912,-22.5707800175994,-22.079813922798998,-22.568709533087482,-22.079966991212988,117.1335813548189
1710.4683455602094,688.8458174312049,1710.5014342121578,688.9051734684549,7.971072673797607,gaia_full_2083,0.0679558536536304,-8.378619389384209,-30.45821965109127,-8.377716803468454,-30.456909328122514,117.18866895097176
2104.4452528073825,3450.002330754245,2104.2568252551437,3449.857229450685,7.703131198883057,gaia_full_3430,0.2378220568778822,1.4413862414769634,31.564504497898337,1.4366235030809573,31.561260080173735,117.21025119446023
2452.403541221063,709.3479837638033,2452.131825302259,709.2614288216364,7.775975227355957,gaia_full_3490,0.2851688947708932,10.058729041242845,-29.95452231994308,10.052131518250361,-29.956649081347972,117.22605234806005
3287.3606689538933,1412.232589770521,3287.3713208225063,1412.2410337565611,7.122097015380859,gaia_full_1705,0.0135927629713517,28.47199006152031,-13.710670840510158,28.47221874132179,-13.710479133469637,117.2376931665253
3400.564354908896,2405.864311376766,3400.864797437159,2405.8951055885395,7.541772842407227,gaia_full_2755,0.3020165496587192,30.647070833200228,7.696733430404917,30.653901647135154,7.697228137312992,117.25321957498396
2563.982702233229,750.8716230551477,2563.702160423222,750.8342618548322,7.058414459228516,gaia_full_2020,0.2830186680260835,12.741365034878491,-28.94006873953916,12.734534508251942,-28.941142480651187,117.30304262804015
3002.4143484652977,1041.399330526294,3002.210648922276,1041.2657656447473,7.035489559173584,gaia_full_3078,0.2435838283011797,22.650953365630908,-22.064961283281097,22.64646547630268,-22.06811946604622,117.30927265040314
949.5148179121956,2899.5245101231503,949.746668881435,2899.1671739780177,7.944420337677002,gaia_full_3039,0.4259624309202853,-25.620661686983983,18.566995814496998,-25.614454666241073,18.559493334165197,117.34978891532016
1777.9329211692277,3424.4075405538674,1777.828028946594,3424.1032238581065,5.761835098266602,gaia_full_708,0.3218866721190491,-6.720884680689196,30.926405016929895,-6.723169538867401,30.919525295741945,117.38866073768071
2525.1554646043232,3360.930757703013,2525.0120461565607,3360.7079129025224,6.949056148529053,gaia_full_1965,0.2650068985222426,11.817730513149634,29.36951283632525,11.813790274623827,29.364655476410366,117.42562128885957
3046.793906978245,1083.349123749683,3046.7431829424945,1083.137081289111,7.987358570098877,gaia_full_3505,0.2180250739898847,23.595504880361077,-21.09695990942709,23.594823217352175,-21.101645821124674,117.4342069473151
2409.2520624200174,3401.404535760026,2408.8979925316603,3401.3225555249464,7.584795475006104,gaia_full_3285,0.363436713589798,9.012970704026076,30.358371337024636,9.00405257495704,30.35676131098082,117.46999337871075
3113.352856174486,2939.316943978055,3113.299216483082,2939.4049245880187,7.040732383728027,gaia_full_652,0.1030427300856958,24.986310021232562,19.46661289950296,24.98526225941903,19.468587066631528,117.5100154303791
3012.298340099802,3046.875500069465,3012.0919772276256,3046.8652006834827,6.92311954498291,gaia_full_1635,0.206619728884802,22.870461714044378,21.928259690046787,22.865563353796958,21.928275545586914,117.53308928265044
924.273503716885,1223.6950562621826,924.3694927729656,1223.751681255142,3.615524053573608,gaia_full_36,0.1114463490426525,-26.141786788027968,-17.90519591934727,-26.13943221066231,-17.90407263808984,117.54143116684446
646.3449330741007,1909.6018282991795,646.2279295932901,1909.3754317474068,7.664771556854248,gaia_full_3034,0.2548435072282031,-31.543552997486355,-2.9377506676533054,-31.5462828287783,-2.942565431497351,117.54148493065323
1939.959043770168,643.0242594957041,1939.853926435037,642.9281241982169,7.045265197753906,gaia_full_2562,0.1424487612019601,-2.686162497803129,-31.578863128421933,-2.688843491434883,-31.581004435691472,117.58615161076872
1183.7310209054924,3138.0942639572286,1184.0268448116908,3137.5964431882294,7.3126349449157715,gaia_full_1808,0.5790831559676218,-20.67243286015207,24.04602099060895,-20.66414746052676,24.035427433917256,117.5931182569364
2156.6909395631624,3451.380632105646,2156.5757858352567,3451.04210938196,7.158260822296143,gaia_full_3201,0.3575723919743458,2.7528434358484044,31.587438282930624,2.7497976224534115,31.57984828513343,117.60127828656977
2907.96196470993,954.151242323395,2907.701577480332,954.1352954349252,5.893191814422607,gaia_full_556,0.260875090013227,20.62167742434881,-24.08723440888805,20.61550006411683,-24.087885943019494,117.62333051647951
1929.6225377689,3451.2574777741397,1929.485506004176,3450.955457043305,5.376538276672363,gaia_full_250,0.3316537748875512,-2.9456648008699347,31.58305510192607,-2.948953917262196,31.57623338943631,117.654320096864
973.3761309515066,1160.5041251324208,973.4871009157816,1160.4791318033972,7.346364498138428,gaia_full_1086,0.1137497229309829,-25.142540517119016,-19.33180776293225,-25.140007991414816,-19.332476722905508,117.65489410890054
3447.665621229839,1897.8118681853252,3447.9740051226704,1897.8364111022115,6.321409225463867,gaia_full_1051,0.3093589826191782,31.548954063340748,-3.1898001275582284,31.55588807722588,-3.1892030610601294,117.66544706189396
791.7934227355569,2665.662469816956,792.1521871523132,2665.2885192076938,7.904248714447021,gaia_full_3329,0.5182190317793129,-28.78291308222623,13.350265415602971,-28.77403456244333,13.342532640554014,117.66680120220599
2147.1033233941876,3452.754356813126,2146.971281915855,3452.638352383583,6.615802764892578,gaia_full_1616,0.1757611438113168,2.51282985586471,31.6201952074134,2.5094666721924903,31.61761054049102,117.66694606809496
3380.6767105419913,2485.5064273809735,3380.8576230414537,2485.640759994494,5.783474445343018,gaia_full_325,0.2253321626334027,30.291472173550865,9.416453528753074,30.295752607473,9.419214700503137,117.70106742084151
3066.564630317323,2995.320743413519,3066.3607156942835,2995.5105600836787,7.3904266357421875,gaia_full_2046,0.2785884810251967,24.023256888293485,20.7396760884545,24.018924947754623,20.74405047849442,117.74024302912083
1864.9482703735723,3444.3439500845902,1864.8708905819535,3444.2322646797697,7.344724655151367,gaia_full_2140,0.1358722260098999,-4.563064930051461,31.409796074726863,-4.56491900687106,31.407260382721407,117.74200255332697
657.9719563778134,2283.5522946324677,658.0942377328577,2283.3416803491573,7.233908176422119,gaia_full_1938,0.2435387158663229,-31.33808582432303,5.06154318220688,-31.335176253556792,5.057083343747843,117.75444365462454
2491.9202496926223,716.3594602832529,2491.6484140107304,716.3235087236296,6.707773685455322,gaia_full_894,0.2742027581716699,11.025806608527631,-29.768789807861122,11.019141175936156,-29.769800922178113,117.76584820382013
978.2877168771948,2941.498157025668,978.0913084663244,2941.2471509920774,7.248735427856445,gaia_full_1412,0.3187166339550766,-25.046529289941795,19.511366455246048,-25.050529627934253,19.5056850215586,117.78561303396202
2931.71276468949,970.7924916049108,2931.463243718751,970.707613940244,5.720648765563965,gaia_full_507,0.2635620093978092,21.147056912762874,-23.694244658850067,21.14132224515712,-23.696398402169358,117.81330460830135
2892.6183260154994,3154.6386646130286,2892.454109881496,3154.7577967060715,6.7431182861328125,gaia_full_1100,0.2028777815823247,20.291416113262603,24.43001215506254,20.287781523302378,24.43282089613816,117.81809499853885
850.6420821000579,2771.636554777547,850.9717643400486,2771.1004193069457,4.290279388427734,gaia_full_50,0.6293898809183088,-27.63431336300816,15.692220113081639,-27.625625489090194,15.680971558345972,117.84795216173212
1053.6459235874613,3024.793065475812,1053.8798728588772,3024.53077448816,6.220312595367432,gaia_full_567,0.3514666752330614,-23.478229215134505,21.413104913012504,-23.472077932033443,21.407653751057197,117.85717981123314
2435.7569344824497,3398.337193619446,2435.6043300630117,3398.0589368953015,6.427057266235352,gaia_full_1581,0.3173561301814518,9.666983492935307,30.272212036299244,9.662766824634389,30.26608961659331,117.86764058385175
2074.5325609716965,3459.0664999993805,2074.390823953207,3458.853226326507,7.861769676208496,gaia_full_3042,0.256076242457748,0.6918950820530045,31.770790283773856,0.6883084243448451,31.765999011170337,117.87623556516434
2009.2814104621732,635.2762803870316,2009.3830242840615,635.3792553941641,6.032956123352051,gaia_full_731,0.1446693502188416,-0.9478130514467031,-31.7624591582711,-0.9452432232786022,-31.760149470563263,117.87904465132853
1133.2218757003263,994.5748860902418,1133.3792886078857,994.5578033014788,6.950359344482422,gaia_full_693,0.1583371249524246,-21.779621392924327,-23.13870831051106,-21.775924313003134,-23.13926739402703,117.8799784832423
2596.7217680897907,3336.223502128824,2596.439691310954,3336.2410725264463,6.975362777709961,gaia_full_1439,0.2826234739569105,13.532732163321748,28.757343841643692,13.525837330441773,28.757990776975596,117.90062715425292
3180.1676759970287,1230.9979145107088,3180.2688962095945,1230.9097550550591,7.405633926391602,gaia_full_2417,0.1342297323706909,26.36790214557617,-17.73550069168704,26.370446480042137,-17.73730099147157,117.90307772454156
3417.785719960059,1721.283951890927,3418.0651275054815,1721.250260947869,7.076726913452148,gaia_full_1407,0.2814314411774549,31.002318856955817,-6.977604536003928,31.008667460019733,-6.978184835418527,117.91593105933471
1492.1340197301977,3334.951132128679,1492.4337883026476,3334.4828347863076,6.5023698806762695,gaia_full_697,0.5560248177022494,-13.65653619601663,28.72433652681923,-13.64822664024942,28.714187132282788,117.94779827075006
1259.7009240619452,3200.646326210807,1260.137405813272,3200.1794060210204,7.814175605773926,gaia_full_3429,0.6391641282733095,-19.004838352988912,25.50949821908862,-18.99320151668016,25.49969785513901,117.95933026905512
2642.523807847901,3314.9542456015797,2642.5123094478768,3314.9839170914793,6.958920955657959,gaia_full_1634,0.0318215416970562,14.612115182096648,28.241441632093952,14.611896537797245,28.24211210698235,117.96797129672109
2042.632398240558,633.4968424455253,2042.4826611873873,633.4764065512786,6.819173812866211,gaia_full_1238,0.1511251496802594,-0.10978515125520062,-31.80380325616468,-0.11354937226459798,-31.804261822796015,117.99127657756078
1150.581642256038,3116.8363259361354,1150.866638345391,3116.434018034519,6.321943283081055,gaia_full_781,0.4930257788894403,-21.410017768763613,23.540775299921687,-21.4022342871222,23.532286653996575,118.00878307188276
674.2749671219344,2371.7561062542454,674.2823906913811,2371.7285671435443,7.796169281005859,gaia_full_3432,0.0285221317846148,-31.045206419799037,6.956076948082684,-31.045011529284466,6.955491181976748,118.02904287966082
3461.010669304651,2030.0435361055288,3461.2499483845586,2030.0437055669531,7.258110046386719,gaia_full_1678,0.2392791399153386,31.815682129362077,-0.3622140495970476,31.82106596537491,-0.3622039959771314,118.0605135397312
2557.041534086265,3356.0713274591344,2556.819498773052,3355.903624383622,7.296031475067139,gaia_full_2851,0.2782516879547598,12.595118308980595,29.2345389895242,12.589325288580866,29.230990893864234,118.07394898439198
635.5724713034433,1955.6792775054807,635.574506255761,1955.6668105443637,7.623005390167236,gaia_full_3175,0.0126319495894236,-31.76992653622719,-1.9510652591081774,-31.769884232245968,-1.9513318961313644,118.08509796104482
1123.6819060751868,3095.2549048618166,1124.137345858025,3094.6338039003067,7.717601299285889,gaia_full_3363,0.7701894573286084,-21.9958286301705,23.036121412456705,-21.983470709426783,23.02305516484609,118.09680021165171
663.2698710487354,1761.0124290617018,663.2279802676558,1760.8576529881548,7.4745659828186035,gaia_full_2124,0.1603448486297616,-31.2578585816784,-6.121211629371092,-31.25893920891556,-6.1245040974757385,118.17234109128596
712.3054113005569,2500.179891277421,712.4362607732082,2500.465417677202,6.591432094573975,gaia_full_377,0.3140810555651411,-30.33410681527399,9.730491958748082,-30.331523167148116,9.736705673647329,118.18246781640444
1297.3985111103214,864.2322173291324,1297.6774026912058,864.3102931427513,4.928498268127441,gaia_full_275,0.2896141339100601,-18.166122036166424,-26.194190256241342,-18.159196317355963,-26.19277535756549,118.24144837547136
2251.027095007386,3447.414888459606,2250.876598472373,3446.998506018964,7.723390579223633,gaia_full_3516,0.4427454617792359,5.116309284017479,31.47099610345806,5.112181369064711,31.461698525339155,118.25046792260731
2497.780145240009,3381.8874373294325,2497.683839167847,3381.554297791352,6.964709281921387,gaia_full_2490,0.3467806386864628,11.178186882629033,29.859136123466104,11.175222633196501,29.851770046666225,118.25284829821084
682.6904406483119,2413.360698359368,682.8286571605613,2413.082281504135,7.6947340965271,gaia_full_3331,0.3108371752802749,-30.898400604265948,7.8513321225574195,-30.894964441778203,7.845448287699105,118.25494973411882
673.1111286574745,2380.4835704327884,673.2521285224811,2380.15358024521,7.021240711212158,gaia_full_1511,0.3588516209103035,-31.08022569173061,7.14229072319925,-31.076704258067636,7.135300810703216,118.29126727452216
2761.034881700312,3253.4798717412436,2760.661345995247,3253.2597936656443,6.81969690322876,gaia_full_3461,0.4335473241964678,17.361604579157753,26.75716018487331,17.35203064967962,26.752697164213423,118.29858018947229
1825.479660659808,3444.8838224881165,1825.3853338382416,3444.593803677664,6.609014511108398,gaia_full_1400,0.3049728835211917,-5.55246623580648,31.40729931770297,-5.554561455831281,31.40074744272873,118.30208905589862
1263.547015654076,886.2486895603665,1263.7348939374824,886.2919492570488,6.8217878341674805,gaia_full_1110,0.1927943223562442,-18.92952770595937,-25.67048171138972,-18.924896950151435,-25.669740610258305,118.31530545889242
2434.705435518702,3404.140418574425,2434.4768990816297,3404.0113709999955,6.985621929168701,gaia_full_2507,0.2624541474921598,9.649765878610054,30.402788913113604,9.643885824586357,30.400057492684574,118.32000045066741
3054.197883177123,3018.330705704144,3054.034758179308,3018.418759916643,6.710927963256836,gaia_full_1076,0.185373431890833,23.78841337845659,21.255848916940774,23.784789451545105,21.25796149987852,118.34611829849071
2667.261611721206,3307.4719295202945,2666.9655899823856,3307.471090985864,6.276972770690918,gaia_full_1293,0.2960229264672655,15.201228010762852,28.05104971938515,15.19398878037972,28.051325210051782,118.35292176867188
1848.8358749438305,644.3601821348774,1848.7530300081,644.3949718172016,7.090976238250732,gaia_full_941,0.0898532435276723,-4.971182581693219,-31.52315435782393,-4.9732312198300175,-31.522342444847123,118.39111479599947
638.030197242371,1890.5107901905808,637.9297144116088,1890.343149991421,6.377453804016113,gaia_full_1774,0.1954482940637538,-31.739404150035373,-3.3438316594098016,-31.741748042545773,-3.347388315125609,118.41160119836853
1433.9322391454114,781.972666450134,1434.0945543699968,781.9771088822442,7.655375957489014,gaia_full_1990,0.1623760060331304,-15.035205507841116,-28.159325663776116,-15.031224593221365,-28.1593871489341,118.42004057697136
2793.1461137946417,3234.36028655244,2792.8879122816024,3234.473515100018,7.769493103027344,gaia_full_2893,0.2819374493084251,18.093622690830575,26.299435586470572,18.087651766122235,26.302222386844193,118.42476219967902
2721.4799638684044,815.4580549769559,2721.1901059638303,815.3534661907443,6.578804016113281,gaia_full_559,0.3081499943944468,16.458978532892612,-27.354054158275297,16.452163819770917,-27.356675139404526,118.43006869671963
2151.4630722725733,3462.250397355245,2151.241271542205,3461.87134922471,7.241674423217773,gaia_full_3229,0.4391731426828554,2.6264657225767314,31.832943012553454,2.6207212431285325,31.824461139173113,118.46511028664763
777.305954474325,1436.8323067100878,777.3841335174504,1436.720763392536,6.369294166564941,gaia_full_701,0.1362126076194704,-29.09926040489427,-13.154447459438256,-29.09767037212868,-13.156917294599152,118.47175487715877
3452.4696530214364,2236.1130236807458,3452.7770544081,2236.171909394709,4.982024669647217,gaia_full_144,0.3129906385685698,31.67786841109263,4.041838098413517,31.684829662982214,4.043004496758464,118.5005289716661
2348.9864255822304,3431.2941745838048,2348.86796090381,3430.9894291886394,6.027702331542969,gaia_full_1140,0.3269612146841621,7.551094880564369,31.063906171001136,7.547757605758075,31.057137272181926,118.5725235248266
2625.887178004885,762.1580541047003,2625.454743630052,762.2836392980728,7.271574974060059,gaia_full_2249,0.4503011540416752,14.23992831027977,-28.6327687777433,14.229050759970974,-28.63038694721824,118.61027225388864
1707.6729599718078,3422.712637290357,1707.5277057443086,3422.8237860998224,7.273426532745361,gaia_full_1799,0.1829011986071549,-8.472098853280638,30.84995192254517,-8.475875293325968,30.852353613344324,118.69977613466992
2102.5152000077505,626.3541389983236,2102.410034449309,626.199942646145,7.900944232940674,gaia_full_3149,0.1866448759210761,1.397120107192588,-31.961639344644855,1.39451018479599,-31.965119308703503,118.70008488828958
3098.4229795046103,1116.782527158329,3098.3495473460052,1116.6377352875525,5.056478977203369,gaia_full_188,0.1623482915228124,24.727030781284423,-20.308279897200443,24.725659979503742,-20.311516394908605,118.71182131585732
1354.3339913267807,3272.504975676705,1354.667206847106,3272.066490317601,6.469997882843018,gaia_full_968,0.5507286020662625,-16.88738297404094,27.201098598006897,-16.8782586232675,27.191749266484383,118.73216006984545
3122.456606322517,2951.488945768684,3122.2732933401717,2951.4783901910205,7.506930828094482,gaia_full_3362,0.1836166379066873,25.227804049241975,19.720801032046158,25.223492626303912,19.720784104970694,118.78240408786047
3185.8330336458516,1221.139673917423,3185.7826038922485,1221.0795587536427,7.133753776550293,gaia_full_1897,0.0784665085548738,26.521489424297638,-17.94286909475505,26.520454401817503,-17.944227195874124,118.79375217686922
2832.5437339458877,879.8882601888698,2832.1320675016905,879.9164235966718,6.375026226043701,gaia_full_1822,0.4126286936423274,18.995485207310516,-25.808322528306842,18.985492774431787,-25.808171823016938,118.86214016817564
636.0347707737953,1862.7184065955792,635.9174825004084,1862.6141583683957,7.188547134399414,gaia_full_1158,0.1569211010190787,-31.798927799650183,-3.936997038283458,-31.80162978957892,-3.9391894493657453,118.88241380859104
2848.615108608907,890.9567169249278,2848.3626641746623,890.96031147186,7.439234733581543,gaia_full_3606,0.2524700242579871,19.35524892151293,-25.545986669311606,19.34916428526409,-25.54619828473775,118.89037491232384
2834.498128320774,3214.7606666989095,2834.206506577545,3214.938999452427,7.0310540199279785,gaia_full_2767,0.3418271670026669,19.044196597297788,25.820390480656137,19.03760695265554,25.824655295093038,119.02602575785787
2910.1542994067636,3158.856591905292,2910.1792012036503,3158.936263647137,7.491881847381592,gaia_full_2458,0.0834726658060579,20.721419556165092,24.50220161089814,20.72221628330037,24.503921970078434,119.05545880537852
976.5203369246182,1131.7903827749778,976.65752680201,1131.7215039893968,6.77485466003418,gaia_full_632,0.1535100959609735,-25.137115757450356,-19.959601867470468,-25.134071022556036,-19.961259439565982,119.07400983937382
647.5059606233406,1781.4921925934038,647.4830940715863,1781.3049446594484,7.315887451171875,gaia_full_1424,0.1886389884400887,-31.596435297265156,-5.676496120946043,-31.597104058922916,-5.6804881425946565,119.1012577047795
3364.940521700775,2571.7485800697677,3365.0806952866396,2571.733311174184,7.548718452453613,gaia_full_2541,0.1410027423365836,30.057592305378797,11.278278881198878,30.060760531624016,11.277840387979666,119.11247094557937
3249.0108653740403,1304.5192849226903,3249.256409261454,1304.4335641449084,7.73724889755249,gaia_full_2753,0.260076627918948,27.801571560840962,-16.07176906968396,27.807416267403877,-16.073363893787995,119.15674220002482
3183.2658748746044,2883.380415412048,3183.1199797879176,2883.4531621262267,5.689416408538818,gaia_full_437,0.1630259511339924,26.48579581889685,18.17361771213939,26.48257193643339,18.17535724873381,119.16048460640793
3299.99360061224,2705.305581412486,3300.136446642059,2705.4309839721727,6.6794023513793945,gaia_full_906,0.1900810096015549,28.80543496932116,14.206004757832511,28.808951123967528,14.208568578285542,119.17023599173247
1016.6424924730744,1085.6311062180152,1016.7444618872852,1085.6209662630235,6.414895057678223,gaia_full_749,0.1024723383247629,-24.308723773747268,-21.011307106784347,-24.30635134493628,-21.011649310581056,119.1961634699052
1056.0473158476811,1045.070718467627,1056.1634581261324,1044.9957875620707,7.736530780792236,gaia_full_2440,0.1382160245822944,-23.481351294824076,-21.942737057930927,-23.47879690161447,-21.94451179571053,119.226607286159
1747.777333953333,3441.3061230115914,1747.7917029817006,3440.853817056981,6.739990711212158,gaia_full_2224,0.4525341374441134,-7.494394983850006,31.28993368173001,-7.493474164931168,31.27979847622028,119.32829092372508
3216.3342556712996,2841.895869388142,3216.3609426698554,2841.927226598659,7.905098915100098,gaia_full_2401,0.0411760918901689,27.15947286117669,17.2391462885392,27.16016042350507,17.239795247249226,119.34598892675992
3374.495050227273,1536.122662435297,3374.5838934138337,1536.1281966690058,5.743184566497803,gaia_full_296,0.0890153893491328,30.253652674685153,-10.97321163721972,30.255666052468957,-10.97302414428426,119.3994713886559
2177.202139810653,623.1462447006575,2177.0371328761667,623.1543872796026,7.881773948669434,gaia_full_2150,0.165207717799399,3.2783219575063054,-32.020755409847446,3.2741633514551576,-32.0206127221102,119.41256535300634
2749.7407829467807,3275.6480652888827,2749.446910217978,3275.814979915456,6.522338390350342,gaia_full_1296,0.3379669707208394,17.139763536853685,27.25977426216466,17.133013119884534,27.26378705424829,119.45949167238109
2380.056802243042,660.0835110934858,2380.794632545775,660.300139663756,7.927887439727783,gaia_full_2351,0.7689743123723372,8.330926175486669,-31.10479579457153,8.349068231474137,-31.09949512873594,119.4612955830927
1930.0144354760257,3473.255596129978,1929.8286972420176,3472.859945547576,7.007857322692871,gaia_full_3124,0.4370790259525222,-2.946797824167168,32.07784286118486,-2.9512759744508528,32.06890433471979,119.47506935074085
2520.095717644399,3390.7839907866937,2519.835445312605,3390.6968397636583,7.012066841125488,gaia_full_2194,0.2744758414025943,11.746992463355607,30.03990656807293,11.740380039780796,30.038175636799068,119.64796436593818
2404.3724394794754,664.1548796367084,2404.125492775611,664.1361343838128,7.260879516601563,gaia_full_1782,0.2476571401265764,8.932580216206224,-30.99838680154536,8.926441407662713,-30.99896607654471,119.67607112085489
1234.8613572641682,888.3233371367363,1233.865112148963,888.0417500562905,7.503518104553223,gaia_full_953,1.0352756219695138,-19.615123337980734,-25.59175801138413,-19.639814328030916,-25.596790412364093,119.69336271019866
3405.251435186768,2487.0234114233936,3405.4135819650223,2487.1669351477385,7.619199275970459,gaia_full_3088,0.2165424603815409,30.851047550780503,9.432450877178175,30.854917980049333,9.435413884366678,119.70112488401008
613.6127089732707,1994.6229291102095,613.6676662111686,1994.477594633951,7.7975335121154785,gaia_full_3017,0.1553782738567518,-32.255483086026764,-1.1172201034456397,-32.25427013212517,-1.120324717513654,119.73216973225341
2306.129237355385,639.2176937571451,2306.0805796985196,639.2122080412473,6.664867401123047,gaia_full_2323,0.0489659131494124,6.505410761321626,-31.612862436837,6.504195895699907,-31.61300890712234,119.73756237526791
3472.439633068651,1895.419637900399,3472.658955913764,1895.412566557823,5.752045631408691,gaia_full_471,0.2194368115755054,32.108012089891844,-3.2349836984002187,32.11295497173205,-3.2350814077981536,119.73875391618694
1288.8097615350214,3245.6009421767976,1289.1956297621864,3245.065829680952,5.5999674797058105,gaia_full_486,0.6597269677265043,-18.41235800430502,26.53405413052555,-18.401697193199457,26.522684035221804,119.75987884481383
1318.502117725546,3264.6492077785865,1318.7531022370472,3264.262666487768,6.8711700439453125,gaia_full_1555,0.4608767671744143,-17.739188483842753,26.988180692204242,-17.73215729453931,26.979918879768633,119.7754039568158
2836.5845901873345,3224.2891360729877,2836.3317469605336,3224.2456900725692,5.942561626434326,gaia_full_495,0.2565487327808468,19.118209653898045,26.027983587472438,19.11199884353242,26.02731936572489,119.79519135380048
801.4837623874116,2734.578485740629,801.6634407303457,2734.275337987784,7.252240180969238,gaia_full_2809,0.3523958952291609,-28.690839304489266,14.843650249961792,-28.68610659335145,14.837299864382212,119.81519933903058
1132.0397825668322,3129.5289023518435,1132.387244080131,3129.08657178622,7.603479862213135,gaia_full_2978,0.5624818508262528,-21.883748933245272,23.796834318611722,-21.874331063182908,23.787566696222484,119.88964213935611
3391.3558434686624,2530.8595477043277,3391.704106227494,2531.1428378522346,6.787631034851074,gaia_full_1117,0.4489323524652441,30.596738867680784,10.381254399333129,30.605068598545667,10.3870659806151,119.90265257014056
611.0209559844203,2085.248403319836,610.9894678134299,2085.051258547913,6.812164783477783,gaia_full_1349,0.1996435974652413,-32.31180845920799,0.8156949518941997,-32.31249354155935,0.811488704679462,119.91380878140184
3053.3400564556696,3045.0125980420107,3053.226912483061,3045.060747478294,6.765647888183594,gaia_full_1517,0.1229631113467935,23.83471946904897,21.838727808920947,23.832171228148635,21.83991492608682,119.92520080058476
619.2383126316221,2201.2532235925382,619.3440150161548,2201.1629175150433,7.501493453979492,gaia_full_2025,0.1390258311552948,-32.16157972353394,3.2914452893024992,-32.15915573639103,3.28954473759543,119.92968421227268
1389.4543935487686,786.1012844246495,1389.9781532390136,785.5674899783442,6.073148727416992,gaia_full_222,0.7478373646936911,-16.11356542338533,-28.022365166032625,-16.101998564153714,-28.034748204100858,119.94053228012079
1790.7046655333957,3458.3999775946045,1790.549361233254,3458.1944134849755,6.24514102935791,gaia_full_520,0.2576354572065314,-6.4382215074892155,31.695412540011414,-6.44189755747845,31.690724758638957,119.973726115351
3442.015367772441,1715.4286691874293,3442.1993580187645,1715.4240672832657,7.331384181976318,gaia_full_3596,0.1840477879902206,31.555883494858836,-7.090408636536432,31.560047427569373,-7.0904108918432875,120.00300129156837
2445.3548245706265,672.560803106989,2445.076716585619,672.4577129262932,6.735968589782715,gaia_full_1203,0.2966001292663003,9.942106030828418,-30.782371830040567,9.935339633661409,-30.78487640290937,120.00925574948559
2687.170011025413,3319.5454812886196,2686.866988087938,3319.655980230343,5.41849946975708,gaia_full_281,0.3225413411610188,15.715286849138755,28.298763657964724,15.708119704886768,28.301528783156083,120.08389099280855
2224.2229052493385,3473.476667848854,2224.213349825461,3473.30936558766,7.231156349182129,gaia_full_2485,0.1675749167569402,4.463965212367348,32.06610244248597,4.463596800591986,32.062345807302904,120.09513177811428
737.531304742218,1474.562024955463,737.589338380903,1474.5968202558545,7.997989177703857,gaia_full_2803,0.0676654723499314,-29.942381516580937,-12.30876945887253,-29.940997522600682,-12.308072517691981,120.0970953045476
1654.5305142648172,669.3309592537994,1654.6179686370394,669.3405236817805,7.882342338562012,gaia_full_1515,0.087975823402792,-9.80053546551906,-30.858804251898352,-9.798339029374377,-30.858651979058724,120.11496427631495
2304.4367084797996,3460.2702848497643,2304.2391501869924,3459.927143252733,7.655741214752197,gaia_full_3421,0.3959487778362597,6.4689168560973265,31.73684500794979,6.463581113896714,31.729238130776718,120.12977821357765
3409.532943162944,1603.7193562412174,3409.644851141863,1603.5372394117048,7.079904556274414,gaia_full_1652,0.2137520417153232,30.952563399199374,-9.499260857513272,30.955348314524493,-9.50308220708107,120.13090830526484
2020.2825226023076,607.6929836979689,2020.2367683699856,607.7162253908234,5.5033698081970215,gaia_full_228,0.0513188665321069,-0.6745517297493967,-32.383726521948375,-0.6757041822649383,-32.383201262533994,120.16448045371556
664.1812477547368,1663.0766900717845,664.2418274860584,1662.9046923579997,6.307262897491455,gaia_full_426,0.1823543731150554,-31.337437808089955,-8.216340438948608,-31.33626850831031,-8.220054523332205,120.18754151557019
1445.9439684471788,752.4678707701845,1446.2222156911362,752.4593899282818,6.8284687995910645,gaia_full_989,0.2783764599409392,-14.805208494274929,-28.826577488080652,-14.798389921033392,-28.827042772719377,120.21386109650689
909.1293842370776,2902.2849277983623,909.3254627567644,2901.8144080801603,7.624629497528076,gaia_full_1631,0.5097407096745082,-26.56700769489741,18.581245263893653,-26.561337334044318,18.571281483695365,120.23712316053319
3097.997943355291,3004.2120861356548,3097.9165511807873,3004.394397072299,7.548569202423096,gaia_full_2259,0.1996546109924503,24.783531647871058,20.89608626310201,24.782075792013774,20.900150347287806,120.26976668739049
2333.3159891443665,638.4543141003343,2333.159619503654,638.4023074146785,3.699737310409546,gaia_full_33,0.1647912615688156,7.188404359046878,-31.616255281771444,7.1845438961682655,-31.617504775852584,120.28788725956036
932.8131311812052,1161.3382909875993,932.895683612149,1161.2306951853986,6.496050834655762,gaia_full_402,0.1356162250836188,-26.087360959558282,-19.266972796763945,-26.08569337072116,-19.269402402090567,120.3158590150056
3348.1422963518153,1451.0215316753893,3348.1989549081572,1450.883183851011,7.267548561096191,gaia_full_1566,0.1495002090867342,29.793127136971602,-12.821415029251696,29.794667080165514,-12.824335061089592,120.33944967767758
2798.4956261047023,3257.636583470453,2798.1262471021196,3257.7804878398956,7.495391368865967,gaia_full_3084,0.396420628996145,18.279946702386972,26.80733035243435,18.27134705929408,26.810928812964516,120.36702540631345
878.2140196551966,2864.0582826057916,878.449397598366,2863.6073521340177,7.505651950836182,gaia_full_1162,0.5086659675120334,-27.196653643057864,17.71895158292801,-27.190162750271202,17.709466855702996,120.38201160797901
2438.527810950524,665.2708622785367,2438.265255275807,665.20480473579,7.409909248352051,gaia_full_3495,0.2707380307231792,9.783516087103795,-30.950305162096253,9.777068731315287,-30.951968550083368,120.42117848337142
2619.050111350487,3358.5345070425296,2618.8545868525102,3358.4663526449995,7.352197170257568,gaia_full_3733,0.2070624331252804,14.128370436888412,29.232906700808243,14.123406589970285,29.231579289803665,120.44063028133108
638.001171579088,1748.599195023297,638.0647733699618,1748.67807319977,7.948729515075684,gaia_full_2143,0.1013259814956126,-31.839611602884705,-6.3748909257405195,-31.838102301423916,-6.37323686547892,120.45931647086607
748.0758433806722,1443.1566140739762,748.0921339094778,1443.0661357461072,6.591631889343262,gaia_full_587,0.0919331775951716,-29.75644012844054,-12.992281988362931,-29.75622995339321,-12.994239544578607,120.45934938157458
2627.0041997559206,3355.455567612082,2626.7147599607,3355.464682464304,7.658751964569092,gaia_full_3735,0.2895832791932052,14.317700453183638,29.15673901431504,14.310591684628085,29.157223426992758,120.49666167555314
1043.4910916714844,3057.9595250510097,1043.757812070408,3057.3964235210105,7.58756685256958,gaia_full_2220,0.6230755205344701,-23.800891101549432,22.124484786157804,-23.79314264410324,22.112533538894457,120.50471769417574
671.639992658233,1626.7892589955518,671.7425681563129,1626.6259454554674,3.226717948913574,gaia_full_3,0.1928549848492851,-31.213117336074163,-8.997040283753854,-31.211001803118982,-9.000600529879087,120.5081250547021
1951.3617029144357,3487.468090992785,1951.1401710538248,3487.215904185779,6.629707336425781,gaia_full_1008,0.3356703008810245,-2.415031225699996,32.40179338197899,-2.4205188882552706,32.39608064254379,120.52111636385887
3275.513509139005,2778.275110978482,3275.4004672695864,2778.5616307758028,7.772224426269531,gaia_full_2654,0.308013081699818,28.389095296083347,15.802393450320665,28.387093773180123,15.808686748599344,120.54262470192019
611.3213426750606,1896.8930788694456,611.2467956959179,1896.723990415229,5.9464287757873535,gaia_full_399,0.1847922007246057,-32.33791912387636,-3.201075790169193,-32.339677355407815,-3.2046630956496815,120.5644836902859
656.5353509269949,2421.641339718989,656.5615994135037,2421.28958542166,6.21090030670166,gaia_full_381,0.3527322904604568,-31.49972342012961,8.013372934743083,-31.498724035239366,8.005870942621634,120.57241670888804
2874.616314926669,3208.0991627792873,2874.109480221732,3208.4263459239273,7.873128414154053,gaia_full_3636,0.6032662996264245,19.99388256521816,25.62676738725553,19.98252045236591,25.6345692834321,120.58204376284182
1026.8948217946174,1051.7786492030295,1027.1503166183277,1051.8768306661982,6.525566577911377,gaia_full_884,0.2737100740796191,-24.15240936310671,-21.761110519511,-24.146131086769554,-21.759284470103932,120.58602955907848
603.6183531159717,1985.1369899653184,603.5122519541951,1984.887318033978,6.92140531539917,gaia_full_1106,0.2712812743807946,-32.48207897825587,-1.3185574264095585,-32.48451511421784,-1.3238681848967835,120.61423192585646
710.8660887439295,2575.6474509447494,710.9281347737863,2575.2367527888973,7.341516494750977,gaia_full_2448,0.415358501828568,-30.478081201362592,11.3473586914725,-30.476013451433715,11.338607153521158,120.63448817385928
1218.5055115227174,3208.6907547723854,1218.7934768924097,3208.373031101014,7.282293796539307,gaia_full_3384,0.4288034345614842,-20.01654546513138,25.638729481526955,-20.008795489437052,25.63208577500102,120.63473404249365
2046.804254922794,3492.8745448554237,2046.74124939465,3492.6898973652624,6.032939434051514,gaia_full_353,0.1951009794940616,-0.0049477561472708155,32.532177222457584,-0.00654010648231229,32.528022626444844,120.67560480757959
1121.8502935919091,961.5203977847328,1121.8726857421311,961.5064903799356,7.636771202087402,gaia_full_2653,0.0263595200973416,-22.134256720365826,-23.84899501266932,-22.13375921799187,-23.849327008381223,120.71103549880229
3487.415799166012,1922.997486688449,3487.7080200865216,1922.9468826034567,6.708746433258057,gaia_full_1474,0.2965701262792219,32.43340224026521,-2.6435045066810154,32.44000111207735,-2.644524649452773,120.74828466336082
2480.902703164084,675.0659909212411,2480.6134137674576,674.9877324510139,6.358527660369873,gaia_full_506,0.2996877427636135,10.823665890309634,-30.69988686414211,10.816596835307546,-30.701859817513448,120.76286118867075
2312.623418486425,627.9878843630619,2312.5648133041273,628.1014181412861,6.274764060974121,gaia_full_3654,0.1277673126822351,6.680999512350399,-31.86170823064919,6.679397722730086,-31.859189624739866,120.76396407802154
1709.8013142438892,645.0763137747973,1709.854802326544,645.0583962467451,4.347512722015381,gaia_full_47,0.0564093325396883,-8.455401633922722,-31.438513503454622,-8.454086899169424,-31.43894812809184,120.77859264808781
1278.020109865176,841.9600660875207,1278.2358216756495,841.9340007521105,4.99460506439209,gaia_full_182,0.2172808939778411,-18.689703391216785,-26.663698030192272,-18.684543473242083,-26.664523514775418,120.79169303166019
1902.1806153239656,3486.3751182529386,1901.958525329892,3486.252062111126,5.699368953704834,gaia_full_348,0.2539030907754321,-3.656051684824957,32.365925827339225,-3.661579348966932,32.36309786779151,120.82976029887288
1454.49493741816,739.9011033695734,1454.7956396834245,739.814619730694,7.672898769378662,gaia_full_2862,0.3128917898075251,-14.622563570455208,-29.114290752698167,-14.615350707269908,-29.11651111128498,120.8640657940697
614.3076820022989,2247.9627936365323,614.344192722134,2247.6010996279515,7.801843166351318,gaia_full_3059,0.3635321010669201,-32.29852431417999,4.286315555369959,-32.29747455572477,4.278614773767773,120.86712393835734
1765.113077917773,630.1485407194108,1765.0620913992525,630.2229092081943,7.116350173950195,gaia_full_1282,0.0901681606488748,-7.087196390861322,-31.804909686598087,-7.08838821928075,-31.80321456121734,120.88171552785099
1723.6665726716078,3454.1265690751748,1723.5130088982803,3453.8313938801653,6.402467250823975,gaia_full_1795,0.3327314656407046,-8.115083933842575,31.56354934783053,-8.11853339618971,31.556842029295954,120.88485565222841
1222.169189695057,3215.6488004798102,1222.5384805295032,3215.146820056175,5.995291709899902,gaia_full_560,0.6231854187311671,-19.94623104007934,25.79616480217307,-19.936036644101517,25.78556540727074,120.91878403925656
3279.8412254691984,1313.948125533382,3279.716345043108,1313.8829662822886,6.3158440589904785,gaia_full_715,0.1408575479821893,28.492599587106778,-15.836138418596112,28.489859204626203,-15.837673686987214,120.92806280747034
2727.9020671194685,785.4782053673139,2727.5619541498595,785.3658902057775,6.4873247146606445,gaia_full_905,0.3581780668985396,16.68579333522424,-28.011143817770396,16.67775141993262,-28.01400126914448,120.95239806273841
602.3322298987191,1935.198158475414,602.2374974495065,1935.0308593525217,6.74491024017334,gaia_full_599,0.1922582467786926,-32.524619650235465,-2.382662157544161,-32.52681097884035,-2.3862100898805654,120.9953905414998
715.244540396186,2596.433413048523,715.3681515214228,2596.2506082253126,6.519552707672119,gaia_full_1651,0.2206746783645936,-30.41210360754514,11.796444425767987,-30.40898275757946,11.792629739023521,121.00022016373298
3370.1905777566817,1479.0598990441508,3370.266953935949,1479.0050746115971,7.421512126922607,gaia_full_1896,0.0940161643777517,30.247875018562556,-12.200468212025111,30.249711449367318,-12.201578033890225,121.00881912618155
3322.866240517626,1384.9646778901104,3322.866382400165,1384.9149493089822,6.9709248542785645,gaia_full_2405,0.0497287835330619,29.337341329030323,-14.26417050400448,29.33744163626584,-14.265239321686169,121.02354650389393
1344.847040113211,3297.890921676988,1345.0932901322317,3297.3311097081296,6.35015869140625,gaia_full_657,0.6115787049471189,-17.178942136220154,27.752477635553543,-17.171573524599143,27.740367987314272,121.03539707297935
2273.8178450545115,616.80726357814,2273.6634013061657,616.7610111183615,6.633561611175537,gaia_full_861,0.1612208467868273,5.716321817509885,-32.130664408210066,5.712476572294097,-32.13176927878094,121.07473730819838
3445.5440159656564,1678.7238840275506,3445.4409396019037,1678.6873446147804,4.542010307312012,gaia_full_1093,0.1093611697545382,31.675291965646778,-7.8726460465995505,31.67300088825717,-7.873486516309568,121.07972700658331
3306.8298810850374,2739.6249093695765,3306.858456989783,2739.552215548107,6.806549549102783,gaia_full_1390,0.0781087319820515,29.02996167374082,14.937926917890728,29.030471080506757,14.936334129575537,121.11902562791408
3023.567250380102,3093.0710926888764,3023.3949900167786,3093.1285025226766,6.221423625946045,gaia_full_694,0.1815751133533354,23.25400583877005,22.923852448026942,23.250069390715375,22.925319919012292,121.1345750757449
851.4472953593197,1252.9388981605534,851.5973000143954,1252.855505811426,7.743352890014648,gaia_full_3687,0.1716265726435769,-27.7647505219747,-17.192210691976857,-27.761465553047667,-17.194177773663565,121.14608987221057
1564.233426954317,3406.7473590232016,1564.348075975226,3406.373506541404,6.4331817626953125,gaia_full_564,0.391037179999146,-12.016988535853452,30.38801359521262,-12.013424697012072,30.379770785067603,121.19800544962597
3054.715777840207,3064.549652856821,3054.7407685036123,3064.60555184939,7.508783340454102,gaia_full_3367,0.061230961348485,23.917364424840994,22.262963876537636,23.918100666938393,22.264151301336714,121.22725100595405
595.8545799773254,2106.677778008991,595.8884864014594,2106.549170200922,6.926906108856201,gaia_full_1527,0.1330023078515243,-32.65637405208247,1.271231211309526,-32.655586920152615,1.268495004915698,121.24021945105945
2771.5782511705916,807.186653257619,2771.2277672097975,807.1480755197399,6.039783477783203,gaia_full_315,0.3526006929002342,17.698255707986625,-27.48237327305736,17.689817244794078,-27.48362326027984,121.25626716194728
3428.7988039783763,1618.7612472965354,3429.0178725422197,1618.7327274630263,6.852892875671387,gaia_full_1446,0.2209172165490823,31.369558033003315,-9.164428372028992,31.374563532482934,-9.164890985558873,121.26076657408039
2333.701144382635,626.4475269268376,2333.47326324618,626.4575758300039,2.9805827140808105,gaia_full_32,0.2281025927227357,7.212674306514186,-31.88536987331239,7.206933145816917,-31.8852667956557,121.27504770406556
2473.452575088803,3428.631302376787,2473.4911807780622,3427.9942281734343,7.924426078796387,gaia_full_3216,0.6382428533252493,10.654835543715675,30.92234784697165,10.654692932198243,30.908079898820016,121.28763069436252
2525.7886937007333,684.3596055748316,2525.468357427429,684.2994458771097,6.678864002227783,gaia_full_836,0.3259363699013388,11.923645322613938,-30.455940566794744,11.915796225304671,-30.457554288492457,121.33397305508824
639.5213614223421,1694.446966248976,639.6244567503386,1694.3315150507644,6.91874361038208,gaia_full_790,0.1547825113608706,-31.85988387127562,-7.531803303075377,-31.85767829506438,-7.53432564230453,121.44899204452197
3076.993792371506,3046.567018451048,3076.833019767143,3046.659111929391,7.402349472045898,gaia_full_3544,0.1852809732999991,24.396917359689684,21.843552507663443,24.39336226504448,21.845757278689554,121.48273043777859
3490.3799983436493,2223.313594550388,3490.7088488777836,2223.297178275295,7.959895610809326,gaia_full_3401,0.3292600308089884,32.52479292330948,3.7576457552286753,32.53219263522874,3.75720207995467,121.49331686947062
1250.0979253236997,850.8131376874833,1250.3010107947257,850.8895147512646,6.372488498687744,gaia_full_1036,0.2169727273500805,-19.343034628729868,-26.435706582450617,-19.33792519880129,-26.434266552895185,121.50836433981661
2827.793180118754,839.7093577322762,2827.47602992248,839.6339992612711,5.529637813568115,gaia_full_199,0.3259802849085054,18.981617871187535,-26.69947737691104,18.974126977568304,-26.70151314329723,121.52323017792389
3338.6389224823224,1402.0416550964724,3338.8605509657345,1402.0561579225332,7.592767238616943,gaia_full_3618,0.2221024912586815,29.665961655314668,-13.881983474734858,29.67101289091624,-13.88145903459406,121.52751190068791
2579.89367499414,3390.0759478166256,2579.5549744019227,3390.1210920281246,7.593127250671387,gaia_full_2190,0.3416959042777629,13.227375216003402,29.971846714309844,13.219078947741806,29.97316535223661,121.53151977012683
2105.2370441001385,592.1014693333749,2105.061500058809,592.1058926852049,7.2402143478393555,gaia_full_1449,0.1755997622084986,1.4743370989955735,-32.73193423798226,1.4698919956600305,-32.73185448487981,121.55417829203108
3381.2586948282465,2608.026695504439,3381.438189905387,2608.1993713869797,7.806194305419922,gaia_full_3230,0.2490691533066257,30.488627398063283,12.042770688560566,30.493014871725414,12.046316735387146,121.63357172995417
3091.6942378483404,1060.135962123415,3091.58676580246,1059.9816632862407,6.669284820556641,gaia_full_1269,0.1880382189851198,24.71067775178215,-21.548841113568876,24.708544189603245,-21.552331201651732,121.63795259962048
1171.1047612999837,3187.5765192113877,1171.4465760852272,3187.101591305033,6.234584331512451,gaia_full_525,0.5851443101028136,-21.100912034454392,25.11724559213845,-21.091452878053275,25.107247610391916,121.64972703338528
846.5715328109001,1249.268453447137,846.6963814369067,1249.2360823370964,6.327689170837402,gaia_full_527,0.1289770064042602,-27.885983128354095,-17.2659724755443,-27.883165414232387,-17.266811176250368,121.6718105973296
3362.311314959832,2649.7710001024493,3362.4898848392604,2650.0289062999536,7.611260890960693,gaia_full_3485,0.3136922194607102,30.12915946661549,12.954414721646607,30.133708759190338,12.95978350576171,121.6934544854241
601.1820972013326,2227.5693186274857,601.2329055566152,2227.2896528759725,6.621011734008789,gaia_full_818,0.2842435954176909,-32.582106547988495,3.847612804677439,-32.5808030361353,3.841669728939284,121.70876482049796
2922.1776028400045,3188.5449429104883,2921.99741744836,3188.6621769875464,7.181867599487305,gaia_full_1695,0.214966518755254,21.08624801983985,25.139380556379457,21.082232857588245,25.142175537992845,121.72699150580448
2514.1222489015154,3419.532599661602,2513.919408852547,3419.36813918163,7.086772918701172,gaia_full_2037,0.2611347064987842,11.652087826054752,30.6865115233925,11.646727806930194,30.683009940221552,121.75547176172502
3459.850764017328,1700.549510727992,3460.012856052837,1700.515840064793,7.2287139892578125,gaia_full_1952,0.1655522320468369,31.974755473198726,-7.3985660187097055,31.97845749054796,-7.399194963955123,121.771096498269
2705.840245701415,762.2986496306843,2705.69327752129,762.1942359816578,6.553957462310791,gaia_full_745,0.1802827115179741,16.201087403137432,-28.54851057978111,16.19773204713926,-28.55098295427578,121.7798738891427
2176.2688383701866,3500.1507448904213,2176.243307080924,3499.930064841255,6.840789318084717,gaia_full_2491,0.2221520444003324,3.27138273136655,32.679745755893045,3.270610016037928,32.67479001749071,121.8258433283699
622.7790233319781,2353.211434353147,622.8432281378864,2352.9903916827284,7.333281993865967,gaia_full_1318,0.2301784508757103,-32.19078384184156,6.53421702376403,-32.18912199910821,6.529534523130129,121.85044710681852
1310.6177553625196,3288.369610076112,1310.9115217358517,3287.8032430543517,6.308858871459961,gaia_full_873,0.6380205995407964,-17.98956934761534,27.503246688221697,-17.980989617552257,27.49107742215685,121.8674413052651
1429.3153555115714,3355.439355056209,1429.476641604313,3354.8580540912867,6.160031318664551,gaia_full_387,0.6032611503581912,-15.245461056101874,29.11851769949422,-15.240156664622676,29.105781385026397,121.88627545422416
3371.062509792555,2639.6801001359568,3371.242937928374,2639.7991632226385,6.29106330871582,gaia_full_1006,0.2161719935730085,30.31101039423402,12.730117992581112,30.31534573600865,12.732507715782704,121.98380194015276
3245.98423160964,1239.651578586549,3245.860513848651,1239.665690878348,7.668111801147461,gaia_full_3064,0.1245200432219277,27.874571816809535,-17.47510914820024,27.87167192532176,-17.47494522636429,122.04397395343425
1469.1592357416305,3377.0387697426972,1469.4853128981413,3376.5803143739686,7.308968544006348,gaia_full_1903,0.5625901146610193,-14.3114487503198,29.638707189133545,-14.302381836461977,29.62883744241784,122.05650965862891
1264.640473873009,3261.7926852451074,1265.2794850519108,3261.4288793657406,7.281431198120117,gaia_full_3239,0.7353162616340085,-19.03891448323589,26.862956471816506,-19.02247640490577,26.85570083908543,122.0935543380144
2587.12715691468,699.8178126236514,2586.86195209981,699.7531333277796,6.318767547607422,gaia_full_555,0.272978030516809,13.415165171750349,-30.05652963610439,13.408728620619845,-30.058219161241173,122.10523610851008
3509.397887633551,2065.4391587359783,3509.8313912175777,2065.573639786878,6.796438694000244,gaia_full_1197,0.4538838071744784,32.90449079977583,0.39244910096826685,32.91425265197871,0.3952981396945662,122.11728190977387
756.0735326941171,2709.8480039906626,756.2157292954107,2709.3967153936783,7.577147483825684,gaia_full_1875,0.473160935821561,-29.684437257898843,14.2668360776549,-29.68028442715314,14.257286339502462,122.15588935194658
2838.3580119931876,3255.9679719248807,2838.0492502921347,3256.0768337656973,7.518795490264893,gaia_full_3068,0.3273907274542676,19.24192496364035,26.723857283333434,19.234726682915518,26.726625620951218,122.16139487067618
2385.914482767334,3465.1199995521256,2386.206582670809,3465.346978963158,7.546289443969727,gaia_full_2178,0.3699216222968958,8.521522356712321,31.80029681452479,8.52918704986787,31.80519682102589,122.16310449095042
988.9285835971468,1065.1345314786545,988.9698928990664,1065.0516958505186,7.805932998657227,gaia_full_2028,0.0925645705102816,-25.012857447686645,-21.423481401712085,-25.012099970557546,-21.42533359069773,122.1818326920417
3007.367571766887,969.04293730214,3007.070998096091,968.7695828531788,7.64741849899292,gaia_full_1501,0.4033343488673786,22.95336626584803,-23.640534159055814,22.947036734036104,-23.646881208018403,122.24328953117852
1706.599919389995,3465.644349106232,1706.9117114739777,3466.600491467966,5.620723247528076,gaia_full_407,1.0056950430110538,-8.559597953073164,31.811101045966605,-8.553149865421066,31.832718858091376,122.28476485663755
2403.581399161093,3462.4259902488857,2403.431898799809,3462.130065204532,5.7144575119018555,gaia_full_1326,0.3315448535263096,8.961184393026311,31.7285005031289,8.956984487021272,31.72197317951625,122.28661017986602
2800.1442692302676,3283.3919630407117,2799.777285706254,3283.2204193955445,5.632194519042969,gaia_full_1846,0.4050976784611408,18.384907819776014,27.373848612407095,18.37554051157653,27.370493882659858,122.30311286050153
2266.077759735288,600.7687970631447,2265.3773322730585,600.4000560583918,7.77575159072876,gaia_full_2208,0.7915608368479822,5.536668371585588,-32.49413361690899,5.519328905626536,-32.5027090771192,122.30787660802129
3500.502276083409,1871.5977602045136,3500.665549867559,1871.6812248474143,7.41566801071167,gaia_full_3400,0.1833703225858238,32.752334839328256,-3.735342558649132,32.75596697710992,-3.7335188118673472,122.30807052016694
1122.1021760254985,3158.3823721261897,1122.5682525348243,3157.855663996626,7.066561222076416,gaia_full_1976,0.7033127087532997,-22.196834892172483,24.41625781609987,-22.184277756370008,24.405319712032718,122.35697049563979
1449.8740756328484,3371.5190431917854,1449.81218491227,3371.0880057728955,7.672993659973144,gaia_full_3662,0.4354580551293016,-14.775359322256602,29.4966869203195,-14.775911782994841,29.487048670349296,122.35988373940859
3223.169406098432,2892.0386363824296,3223.0908148547815,2892.084816579022,5.21505069732666,gaia_full_193,0.0911547812012355,27.433548578914305,18.315147161320542,27.431831943897688,18.31623683702935,122.36980019987284
1240.0276657585623,3249.4421209010284,1240.504208989275,3248.888011695887,7.530833721160889,gaia_full_3551,0.7308422962310656,-19.602997654080326,26.561313260636645,-19.590007123190766,26.54969504035201,122.40717780759162
2685.68424162362,3351.3931242445283,2685.230464488165,3351.1911079242836,7.962935447692871,gaia_full_2688,0.4967134811003217,15.752766054684251,29.006670319878797,15.741128422072364,29.00267380237235,122.4231164436056
938.7993304356266,1115.5828646334433,938.9263095470168,1115.502684119343,6.987597465515137,gaia_full_563,0.1501752628458982,-26.06060530984328,-20.26614751702328,-26.057834065857588,-20.26804212557641,122.47178852069788
1347.6671719267022,775.7897438279583,1347.9344769177894,775.7635742007385,7.450161933898926,gaia_full_1755,0.2685829623207382,-17.159996088219728,-28.205101696570303,-17.15352232684666,-28.205982381564294,122.47271691438274
2331.8475481449223,609.4100512109966,2331.5959447306773,609.3575125292293,6.934774875640869,gaia_full_2917,0.2570303311704159,7.187001683796043,-32.268528020390285,7.180723115616798,-32.26984275641643,122.64592551736541
3516.2611633158695,2083.621703383639,3516.490833745252,2083.755607341798,6.957271575927734,gaia_full_3324,0.2658548027465985,33.06050837597056,0.7790218020727584,33.065691873551245,0.7818563242319451,122.7045881257945
1748.9272905163514,3482.6980804595287,1748.9035041961376,3482.2716454558195,4.891479015350342,gaia_full_313,0.427097882712852,-7.517978148144644,32.21877380941345,-7.518025819075346,32.209197941662325,122.70469276989354
2366.246083016516,3477.372011054229,2366.1429896527648,3477.226712772809,6.531883716583252,gaia_full_1184,0.1781567630855011,8.044191158805415,32.086995469860135,8.041395776894118,32.08380101569461,122.7092460429692
1463.5820221871095,710.7098009031653,1463.817333372895,710.8966000364376,7.774163722991943,gaia_full_3085,0.300441791944958,-14.46320852102162,-29.77210557326775,-14.456970944631223,-29.76819025012283,122.7717507662644
3495.7473561330025,2286.8652947320215,3496.1218474828393,2286.970411451446,6.6395182609558105,gaia_full_931,0.3889643888649878,32.68745043576038,5.109551164273146,32.69597657536688,5.111643264100743,122.77212191272864
3357.87401535105,1405.7039842055126,3357.739301094395,1405.584377965667,6.926746845245361,gaia_full_2540,0.1801487817222465,30.099658302748555,-13.784829150321213,30.096802891769126,-13.787524729508222,122.81457991380556
2871.6419449700443,3242.191919476047,2871.432399963027,3242.244853075375,6.752297401428223,gaia_full_1255,0.2161274529154259,20.0112623569324,26.380188289094725,20.006337000648536,26.381610415292286,122.8330417181256
956.5836888536631,1088.1330964849876,956.7752079957982,1088.1996383295743,7.669915676116943,gaia_full_2959,0.2027495965104021,-25.713900456221698,-20.883555811303648,-25.70922848245336,-20.882351970560293,122.87752638734976
1271.5636493882882,816.8986769617474,1271.8387796183165,816.8703391953898,7.06683874130249,gaia_full_2716,0.2765857416381711,-18.910673474235097,-27.208643143537078,-18.904061379856817,-27.209598025374937,122.91609094766166
2788.6672059232787,3299.048282624289,2788.2965981051784,3299.1128622446404,6.479294776916504,gaia_full_1470,0.3761923473461258,18.14551626541425,27.732886195813503,18.13664522683434,27.73474699772935,122.94006937938309
704.4279153664559,1466.4873877217783,704.4465809673172,1466.3780959309051,6.23668098449707,gaia_full_394,0.1108742540348208,-30.7121236585902,-12.45285300674837,-30.711890933642085,-12.455209573250961,122.95117442392272
3192.362135544078,1150.5836105696426,3192.1413128583818,1150.4882972926569,7.858312129974365,gaia_full_3079,0.2405146134598957,26.841506228921897,-19.462632651030624,26.8365882631645,-19.46496373625606,122.99229442520725
2180.4897126250353,580.4004996364366,2180.407071176362,580.4270779103674,6.808968544006348,gaia_full_913,0.0868102164722276,3.3862173084874523,-32.98106339637148,3.3841053167135757,-32.98048736111417,122.99662685384473
664.3239885585006,2534.9536695425004,664.4378691983875,2534.704647351933,4.895733833312988,gaia_full_208,0.2738263163685958,-31.473847702986806,10.439947633077642,-31.47088319406198,10.434714745552093,123.00418242134465
2456.937503187091,638.0887236768077,2456.7281946251283,638.0643889771693,5.845038890838623,gaia_full_359,0.2107184180781588,10.289025708704074,-31.544780105857374,10.28382152621122,-31.545482843182764,123.09225069537843
2737.5911336656404,3331.4499197437563,2737.324892152191,3331.5458349243027,4.015603542327881,gaia_full_31,0.2829916347582987,16.97884962281267,28.507878657863518,16.97256275203045,28.510301667313477,123.09396782826697
3406.99770258163,2594.5533240649697,3407.09507837643,2594.5513625139342,6.8097710609436035,gaia_full_3500,0.0973955496693318,31.052766394735695,11.73235196804702,31.054982628199657,11.732227158406388,123.1583495856241
3197.438193154504,2941.344843796914,3197.3895768278653,2941.529772890084,6.906719207763672,gaia_full_1237,0.1912127524945011,26.954837508066223,19.411633608504886,26.954165925744,19.415692282387415,123.23873350975214
1176.4450412559422,879.2028051376227,1176.5923163732891,879.2120159852045,6.018551826477051,gaia_full_285,0.1475628676286409,-21.04544785965001,-25.721154229365123,-21.041876311069615,-25.721138120558802,123.28570494332375
615.382649638156,2395.604436709735,615.7540214545008,2395.170526812402,3.924175262451172,gaia_full_24,0.5711346819963357,-32.40151179497738,7.434031425454885,-32.39263695817557,7.424994164594304,123.28994501230618
3417.8059619350183,2576.4615194149733,3418.0261458849636,2576.2545904338176,6.46855354309082,gaia_full_303,0.3021598501714541,31.269025795948608,11.336438085731404,31.273702086652197,11.331832663534094,123.4038374437061
3080.6943529776404,1019.6660991823873,3080.738022049507,1019.736378757544,6.7792277336120605,gaia_full_3345,0.0827418063731151,24.557755829205817,-22.44321925010099,24.558599880747625,-22.44163391785409,123.42039237695194
3088.257265503469,1026.9417925273738,3088.1071593205097,1026.8263635334906,4.9360246658325195,gaia_full_159,0.1893560635193233,24.71706778054097,-22.275222233403348,24.713828932239885,-22.27792562704398,123.43865452345317
646.3161493603104,1592.9679714580907,646.3215951268155,1593.6511784969618,7.571244239807129,gaia_full_2058,0.68322874232275,-31.83325822962474,-9.702205097649545,-31.832167955742463,-9.687628170439668,123.44187378044586
638.9727187583778,2480.048642148753,639.1071389908745,2479.6506592153037,7.353882312774658,gaia_full_2719,0.4200704872059569,-31.970814026171833,9.249282968035544,-31.967226780370822,9.2408853511379,123.45082070059239
1603.6972473008836,644.5693204076117,1603.8692970462496,644.6186021356275,7.4025492668151855,gaia_full_1291,0.1789687223978153,-11.11313274913364,-31.373719864964198,-11.108735744491375,-31.37275922060967,123.47069083969937
1025.3086422807132,3087.579097931832,1025.4560138927206,3087.220864157358,7.4666643142700195,gaia_full_3142,0.3873626584993937,-24.309294089460227,22.74696340451747,-24.304832089254308,22.739354041625823,123.47899812732643
2085.9939260478077,3526.0000000639607,2085.4901042705023,3525.809509595426,3.7720093727111816,gaia_full_169,0.5386306729937713,0.9914269617966318,33.27599628939472,0.9785838560078427,33.27174910729357,123.48812827188785
2533.8607893825174,660.3297486604921,2533.5537195351444,660.2671230746712,7.759539127349853,gaia_full_2895,0.3133908983443541,12.171444410435758,-30.985021920740166,12.163906685641724,-30.986689095517473,123.49752421149552
570.3957901331199,2136.9631025647486,570.3515406098518,2136.8528839712603,7.399808406829834,gaia_full_1601,0.1187693506759939,-33.23652211530399,1.9125756727328764,-33.23748639351882,1.9102260336647874,123.511116465153
634.8096021934894,2470.1487502941154,634.8743153177611,2469.8332219691833,6.818578243255615,gaia_full_1133,0.3220961227451388,-32.05195504555505,9.035261695363355,-32.050069915603835,9.028575703982492,123.53020895271891
1484.8368613406476,691.2327726633765,1484.9862827413622,691.2799855103256,6.437135219573975,gaia_full_589,0.1567029288447991,-13.980095193339771,-30.226333607510934,-13.976283878700407,-30.225430879194843,123.5408500216472
1058.4789299962615,3120.5302551070804,1058.9416555289245,3119.9716239949194,7.680750846862793,gaia_full_3438,0.7253851653104598,-23.61139948545412,23.507863138574926,-23.598866059136473,23.49627874708755,123.54466071924352
921.0363421385424,2978.2495402203936,921.3751298935642,2977.8304203299967,7.160710334777832,gaia_full_2398,0.5389235803701362,-26.47632691202582,20.24046842996726,-26.46731002729645,20.231816946238887,123.59274004341444
2990.3499204456293,932.9611831870004,2990.22158005611,932.910684321932,5.123852729797363,gaia_full_153,0.1379180588437219,22.6451916828844,-24.450778594161005,22.6422620084291,-24.45204826398859,123.63336743595507
1912.827520980057,572.8281178159755,1912.6559778849553,572.8415062651379,6.210777282714844,gaia_full_1907,0.172064767015346,-3.408134073612358,-33.15114428442897,-3.412482538152253,-33.15079791896253,123.63591375040957
3426.8282842707667,2561.945419118774,3426.953757392226,2561.9865475042857,5.060513496398926,gaia_full_448,0.1320418430027136,31.450986522851093,11.018848487553061,31.453907629675157,11.01962555193016,123.64481985755678
780.0170315820618,1308.2375212249956,780.1802242276115,1308.1488002514911,5.640092849731445,gaia_full_416,0.1857505065970841,-29.291937985004495,-15.922465264542804,-29.288370149677373,-15.924549628159648,123.67929185988254
2890.356414700441,3240.9999273191365,2889.843306777867,3241.001807748237,6.710508823394775,gaia_full_3513,0.5131113682444713,20.460431372770564,26.330700750290628,20.4480358659708,26.331386927073908,123.68286405219686
3521.903231625051,2182.6358186619905,3522.1377844957306,2182.631157130651,7.054988384246826,gaia_full_2426,0.2345991880175353,33.21469494071885,2.883838790028066,33.219974399992545,2.8836871658148833,123.7061327154515
2798.462214153076,3303.507946094004,2798.1240734868347,3303.466531226012,6.777185916900635,gaia_full_3198,0.3406674352748746,18.395965006717333,27.81971308576541,18.387607802788406,27.819203074376613,123.71335481427768
1958.2651113587167,3526.1201827720215,1958.0660258876444,3526.022991139694,7.846601486206055,gaia_full_1636,0.2215428585771627,-2.2560789656414677,33.27241713714214,-2.2611007852311014,33.27019602307536,123.71370746930754
3472.9165649727324,1658.5045184021867,3472.8817032438214,1658.4786512651508,6.8902974128723145,gaia_full_3730,0.0434102398184689,32.318800776660865,-8.287507173466288,32.318043005406565,-8.288080270784661,123.77652958709172
3284.045833665036,1259.5141219279983,3284.1276421054517,1259.4292090203076,6.069913387298584,gaia_full_472,0.1179102320232617,28.71011492844172,-17.0037398054067,28.712203482817845,-17.00547423179416,123.80035663101326
981.5966505061684,3049.2179119431603,981.9166723570175,3048.7602580706916,5.246231555938721,gaia_full_184,0.5584452094937533,-25.239464061380584,21.85640922942148,-25.230685396586583,21.84688045124253,123.81685860652132
1581.6246014156118,3446.570714883469,1581.7377875919065,3446.200161823263,5.771209716796875,gaia_full_341,0.3874541017104557,-11.65997788855211,31.29146893329727,-11.656432519540992,31.28329494150588,123.8526071423561
3393.9732374703267,2643.0712072171323,3394.1679883808474,2643.2037356082533,6.722970008850098,gaia_full_1097,0.2355667455346268,30.840624121628963,12.781883373739815,30.845316233786768,12.784539986781695,123.87266582100642
572.465084222993,2207.4872774936803,572.5704618423058,2207.378091390739,7.678765296936035,gaia_full_1747,0.1517433613952689,-33.21816443250521,3.4122348250230807,-33.21573487567683,3.4099416462017142,123.87459627138978
566.7006399127555,2147.951098755448,566.70623610548,2147.6905362551092,7.847938537597656,gaia_full_3036,0.260622589112811,-33.32305076173701,2.1455435434382175,-33.32284063620862,2.1400070435365337,123.87896230188645
2932.025868091165,3212.709971427373,2931.7611082765216,3212.7267261950033,6.852876663208008,gaia_full_1514,0.2652894300353362,21.388146085232034,25.656974525943895,21.381819219128747,25.6576808276505,123.90714818666689
1092.0589305498615,938.0045271608908,1092.1991816698696,938.0803412919684,5.287180423736572,gaia_full_441,0.1594307345983422,-22.908324345836363,-24.325546825207873,-22.90476428428141,-24.324073002509362,123.95101480660588
2858.660569705032,3267.23109236707,2858.5097766159115,3267.0685851832905,7.488636016845703,gaia_full_3376,0.2216915436057978,19.763985569244994,26.947020733550616,19.759889210979317,26.94363273113989,123.9578885663261
3522.282983941733,1888.2030604473775,3522.7167150984205,1888.230017787338,7.505372524261475,gaia_full_2427,0.4345680780488976,33.234150654974435,-3.3761052571374885,33.24390615122022,-3.375418453457616,123.96555952747246
921.0010753838528,2985.580513176662,921.2072542195524,2985.131110426074,7.745337009429932,gaia_full_3658,0.4944416492635639,-26.496153222833787,20.399147555618768,-26.49015044385742,20.389677876415643,124.01641477279756
3322.372116057215,2779.6595571060716,3322.2732240776945,2779.64863398892,5.820495128631592,gaia_full_436,0.0994934073282347,29.471947205799367,15.78222268271288,29.46964457468299,15.782095461552537,124.02015774053754
3378.3185436217864,1414.9447583954309,3378.4488137866197,1414.866687607976,7.925349235534668,gaia_full_2262,0.1518728537280946,30.55007692686712,-13.56699346705315,30.553209963844434,-13.568539276618571,124.0240090497816
3512.128230359167,2281.6539465658743,3512.4958337156804,2281.7861879309658,6.7962775230407715,gaia_full_1694,0.3906661059794967,33.0529634221991,4.992294343496117,33.06135258510032,4.9949648630000425,124.04613575976572
1809.784063337121,582.5816610065333,1810.0057556007823,582.6817720362742,7.683401107788086,gaia_full_3277,0.2432481819932512,-6.014017154697212,-32.89452081379201,-6.008293154713917,-32.89237567875095,124.04642732739147
3496.255468979608,2362.229234229801,3496.452116983111,2362.276747938098,6.204955101013184,gaia_full_816,0.2023066725490549,32.765184798316795,6.713758974773392,32.7696754447171,6.714669126273974,124.09803450615425
2775.2265232607633,3323.46317126438,2774.9350462282646,3323.5069454484287,6.184089183807373,gaia_full_738,0.294745720347897,17.880227067100222,28.287836780430982,17.873208213782785,28.28914772101355,124.1417818235296
2607.669098266705,3410.88872963414,2607.612037227891,3411.0317159535975,6.805169105529785,gaia_full_1116,0.1539514524210805,13.961007521845136,30.408456504466404,13.959908028568321,30.411693522855366,124.14303930586232
3220.6422607512714,1164.981991115516,3220.540785778462,1164.8316256765488,7.093540191650391,gaia_full_1625,0.1814026883549712,27.46531258020157,-19.11685947832956,27.463323811369737,-19.12023096071095,124.14676723607886
1334.3951712050643,3333.4960421882815,1334.6047141439346,3332.9438698578374,7.596951484680176,gaia_full_2853,0.5905950607129312,-17.523565739316982,28.52784815392926,-17.517011913226774,28.515888233514552,124.15697741085002
1399.396085616242,724.6653256568801,1399.700473845548,724.7064213025435,6.903062343597412,gaia_full_673,0.3071498758464372,-16.01549456186657,-29.39479643223632,-16.007888869846873,-29.39422005263676,124.17200227142831
941.9976969277344,1081.8866668206972,942.1594504186024,1081.8818488067534,7.156193733215332,gaia_full_1673,0.1618252300056792,-26.073013917455942,-21.000553931042663,-26.069225058002694,-21.00086504070459,124.19240357442756
2492.043181894144,636.2631363293261,2491.956323507015,636.2623057268374,7.786620140075684,gaia_full_2136,0.0868623584477943,11.1721492054717,-31.55780884117609,11.169973931930574,-31.557898935808684,124.19398141872998
2632.9261166233864,3400.3974102102384,2632.5665823744785,3400.281137560125,6.603498935699463,gaia_full_2975,0.3778679733745543,14.564103219803343,30.149739229032175,14.55492286409351,30.147524090215114,124.19673449118746
2762.979816122545,762.154067110453,2762.6017225373544,762.0776751334938,7.729025363922119,gaia_full_2447,0.3857337077647643,17.602026516937396,-28.487434867595784,17.592959033611983,-28.489565574308074,124.22158676790002
1299.2159305212224,781.1769636985641,1299.493028996037,781.199873131392,7.6560211181640625,gaia_full_2099,0.2780438937598232,-18.33059229089956,-28.029659656530637,-18.323763310688342,-28.02948640588552,124.23515063015152
1630.974154245563,625.0735218400404,1631.0584302789905,625.2020092385821,7.807002067565918,gaia_full_2928,0.1536602140902111,-10.46450841236006,-31.831072706427175,-10.46216417671065,-31.828266145888197,124.29512570530741
3494.097578028483,2381.5519438020397,3494.3979953764415,2381.6333392967917,6.882334232330322,gaia_full_1939,0.3112487903917955,32.736352484446485,7.12617954816652,32.74323023846833,7.127748175597052,124.31884842691056
1097.92656542716,927.1997016627292,1098.0240469916114,927.3311555773582,5.579133987426758,gaia_full_766,0.163654474668917,-22.797992436513823,-24.569256421019503,-22.795295004354234,-24.566511538281,124.33075155625583
3523.580887918675,2231.5513359050556,3523.852589969216,2231.6381674650856,7.591848373413086,gaia_full_3338,0.2852397659605643,33.277546959827546,3.9231446266072054,33.283720298669344,3.924907060132654,124.33473494510928
2813.9700557417673,791.740697178373,2813.638485174193,791.6399450565948,6.677076816558838,gaia_full_792,0.3465400861721719,18.770916395023427,-27.773475040071773,18.763098730630848,-27.776099780491982,124.35436311781864
3144.42279828103,3023.1999943662536,3144.3173908115987,3023.3083796878736,7.0981550216674805,gaia_full_1462,0.1511889961424593,25.924253757637803,21.250598911544753,25.922062936074358,21.253084383997333,124.35886486100678
3222.706075657104,2930.361944684393,3222.782726490448,2930.432123704331,7.915266513824463,gaia_full_3426,0.1039251898808106,27.516815459463608,19.14334560539302,27.51877963300188,19.144766594965727,124.36762872846901
561.7231386213344,1934.7666108375415,561.6531810668505,1934.530967857346,6.864944934844971,gaia_full_1499,0.2458082047955172,-33.43895623625153,-2.3843834702506608,-33.44061618944268,-2.3893761738086132,124.37751136351258
2380.4862793387247,3494.3657556058574,2380.286602946949,3494.116064411666,7.208906173706055,gaia_full_3450,0.3197129241825096,8.427329902911628,32.45896069555655,8.421923547235822,32.45349412176827,124.3871463638336
2877.4710372961936,833.6813946673815,2877.086593855989,833.70433008963,7.644925117492676,gaia_full_3177,0.3851269820591027,20.201260111261355,-26.771446814732464,20.19188200336672,-26.77142787024686,124.40171646139265
2759.81989530482,3336.0893574735887,2759.579010588184,3336.2359774984006,7.924485683441162,gaia_full_1914,0.2819980113130509,17.535512496242685,28.58491408879901,17.529984346407655,28.588436515305055,124.41154081836102
1650.4431215467018,3477.1642307993534,1650.5353677796716,3476.941383739414,7.387946128845215,gaia_full_2879,0.2411849489929115,-9.989457412235529,32.03012531635766,-9.986756986959048,32.02521002208617,124.45303792029708
1261.9529876741533,800.1496868046135,1262.4652935194067,800.0298703884823,7.740215301513672,gaia_full_2717,0.5261304521269716,-19.188917843954016,-27.56600323894002,-19.176764640265223,-27.569274971788904,124.58920175810938
1120.0794828368537,3190.1302149202193,1120.6111465205831,3189.5571646412454,6.106410026550293,gaia_full_1083,0.781698723824431,-22.332326367466205,25.108269687816932,-22.31796938773206,25.096430179646426,124.59524103591251
3467.5606732363167,2485.006562411292,3467.8647935783056,2485.102735026519,7.690548419952393,gaia_full_3607,0.3189645032461936,32.26187568836009,9.346253913757327,32.268907107631904,9.348089151475657,124.6364689770268
2717.011435407776,3363.5139979816076,2716.770336780144,3363.4397384824724,7.608054161071777,gaia_full_3568,0.2522756854271761,16.553292588798186,29.240865056011703,16.54716861556974,29.239493198037,124.64130644782665
559.1991534626937,1925.7414456797203,559.1120731120732,1925.6610469316413,6.781198978424072,gaia_full_1507,0.1185198133514914,-33.49916703320949,-2.575594596870247,-33.50115893079556,-2.577284553541474,124.65308221367226
2646.8872483992054,3399.721273888827,2646.3584670698924,3399.605793499273,5.190833568572998,gaia_full_332,0.5412443206182637,14.908618847173534,30.120238932577195,14.895242145678662,30.11822869483492,124.65340754083263
2443.882081132486,3479.4776336077134,2443.7555015635903,3479.4498805709654,7.5193071365356445,gaia_full_1864,0.1295863353541223,10.001591393197002,32.081623446744004,9.998358464742351,32.081097636308805,124.66378918362598
3457.4814391764216,1577.444077799655,3457.561922616669,1577.3946096474106,7.406192779541016,gaia_full_3298,0.0944705363620663,32.078159705437436,-10.026148299163719,32.080060653812076,-10.027142591182209,124.69193244606429
882.2409346008875,1143.177216179679,882.4108663431955,1143.2896153370405,3.903344631195069,gaia_full_189,0.2037409326066254,-27.31331696220499,-19.598800837525744,-27.309058756853336,-19.596585110344606,124.69949084406568
595.219670709371,2383.7549825389547,595.1214203325596,2383.6059664223,7.142594814300537,gaia_full_3383,0.1784907268360566,-32.84456576426015,7.170496562122262,-32.846627128804364,7.16727185876134,124.72486617880672
852.0132067778803,2912.93316597853,852.1930547217232,2912.425449067538,7.973625659942627,gaia_full_2132,0.5386295058865397,-27.922379230809618,18.743614077468468,-27.916925497183435,18.732883791625493,124.7251401063589
1152.5034978386925,876.4069909247385,1152.72204995227,876.4456700820583,4.9864349365234375,gaia_full_200,0.2219484254509886,-21.629690424739383,-25.751770613940995,-21.624319357609817,-25.751207287514386,124.75052890296875
3540.7861869065136,2082.8475628452143,3541.1633433387096,2082.862080630353,5.600221157073975,gaia_full_389,0.3774357434479932,33.61226164567722,0.7610981409807609,33.620749795815286,0.7613837947134606,124.76148705947688
1365.4210475774546,3359.518818902779,1365.6949562015586,3358.918968052083,7.696163177490234,gaia_full_3006,0.6594292816058369,-16.828013916572413,29.139263202899475,-16.819753119143943,29.126301197092243,124.77863988449589
675.2835704233694,1478.4120488789456,675.1792544216403,1478.225461825641,7.978703498840332,gaia_full_3148,0.2137675295210078,-31.356237867817658,-12.17180238132608,-31.358947083622397,-12.175695810319468,124.79990508322017
2240.3596271782226,566.3281856774291,2240.2079755993227,566.2184552159663,5.823702812194824,gaia_full_279,0.1871870069093298,4.916830707913354,-33.27810428820741,4.9130728184748325,-33.28062763104874,124.80582325661936
3148.04652086601,1067.3032008613814,3148.0258818837588,1067.1279390735813,5.47108268737793,gaia_full_245,0.1764728360151794,26.01889484725322,-21.32172725239539,26.01888038129371,-21.325552771736685,124.80708468027892
3194.136523629277,2974.3148186981853,3194.0635666654925,2974.418770637932,7.49653434753418,gaia_full_2343,0.1269989147266269,26.961971378218415,20.128681967147106,26.96053454325356,20.13102202012403,124.82732618221333
3042.395615250757,3133.18862120303,3042.2603833861685,3133.3820136542704,7.658112525939941,gaia_full_2745,0.2359836803613933,23.810014443969795,23.774852586948214,23.807333421409343,23.779246430664788,124.83356751204987
2510.568713863249,3459.4298900671643,2510.4890725600267,3459.3920695893794,7.182089328765869,gaia_full_3025,0.0881653317285168,11.639680229285919,31.580020997029617,11.637610436765973,31.579245276913174,124.85787732863274
3454.236794619314,1562.5523492571867,3454.401936485101,1562.5556443118694,6.254629135131836,gaia_full_916,0.1651747354197798,32.02676297963644,-10.34617582314673,32.03051098412353,-10.345977651226198,124.8749719576392
3290.203564321501,2848.0060477693128,3290.183020825706,2848.114194022039,6.710167407989502,gaia_full_1145,0.1100801853115082,28.884198814220365,17.28756005295197,28.88397848135844,17.289910312395904,124.88777432098331
2391.607890815646,3498.5440514830852,2391.490140145952,3498.438244895726,7.137515068054199,gaia_full_2889,0.1583043086654426,8.714418266592137,32.54531643503523,8.711283030863333,32.543024667729334,124.9819478062093
591.3186654076985,1711.596262269097,591.3175424450187,1711.50959796107,7.132099628448486,gaia_full_921,0.0866715831804347,-32.931306973910736,-7.139603960556225,-32.93142516391785,-7.141446760787437,125.0119040850316
3490.031228339356,1663.0575540563125,3489.9904649575265,1662.9920389558863,3.2201929092407227,gaia_full_34,0.0771614002076166,32.70074759563501,-8.179827901472871,32.699904711575776,-8.18124784581372,125.05249872482209
1250.758714145592,3293.998110579656,1251.2415332389137,3293.4705844130785,7.7808003425598145,gaia_full_3206,0.7151210619887411,-19.461906114223012,27.55533787596963,-19.448710484691418,27.544328981571987,125.0924340583497
1645.7906222741062,610.3720651847157,1645.9139807626318,610.4798721914731,7.191017150878906,gaia_full_1525,0.1638281642371324,-10.117681867474651,-32.17117285445583,-10.114388214249177,-32.16885584698493,125.10309158456296
549.0068008960512,2094.1502464015875,548.8806783700609,2094.0001914497266,6.428776741027832,gaia_full_852,0.1960188259840986,-33.70844119935827,1.0007365074359695,-33.71125637173665,0.99754180625726,125.12001971085307
1015.8905824986728,3104.9818383182424,1016.172377283727,3104.50383328068,6.056361675262451,gaia_full_579,0.5548847779664742,-24.58048992499166,23.113373842533314,-24.57246854753809,23.103348991346532,125.12700729483372
3518.006023984074,2323.7218427620505,3518.325560622592,2323.770259381244,7.351945877075195,gaia_full_2527,0.3231838986854474,33.2199938666629,5.884191502541762,33.22724943274748,5.88507438579201,125.18821880037125
2316.727671441822,575.202766249838,2316.56908097919,575.1368862140873,6.554443359375,gaia_full_533,0.1717297701285557,6.846707610906889,-33.04401641271419,6.8427650518797245,-33.04557841553122,125.19643558401796
575.6370627774801,1770.14032841823,575.532954604105,1769.9384800477922,7.088592529296875,gaia_full_795,0.2271151170923746,-33.22817253528655,-5.886957515788449,-33.23070190715869,-5.891199609357625,125.20479554251631
1854.6850749214852,3533.4332836885264,1854.5040822799149,3533.153124584697,6.9642558097839355,gaia_full_1567,0.333537793602533,-4.895359646284034,33.407948588058034,-4.899716916272753,33.40158488831395,125.24256703454596
3471.0311133690825,1595.4455528491474,3471.1392589370316,1595.346968090129,7.378495216369629,gaia_full_2102,0.1463366617692186,32.35964621889064,-9.632445655794513,32.36224144059124,-9.634467071865927,125.26808871284247
2151.9751692781447,3543.762078905226,2151.830086500079,3543.5794260856874,7.284796237945557,gaia_full_2355,0.233261794936072,2.6774983264798156,33.66607753054798,2.6737089804455807,33.662000193605785,125.27585360288413
1986.493308547724,3546.726437717164,1986.3172641300991,3546.59385878411,7.019000053405762,gaia_full_3110,0.220383326199109,-1.5441789832189938,33.74015735201138,-1.5486339665645372,33.737153272185374,125.29314510971683
909.7570050174992,2995.3399467758018,910.142491618348,2994.8357631598774,7.597908020019531,gaia_full_3290,0.6346660838587148,-26.785515235474772,20.59601079837809,-26.775131553715717,20.58560124238578,125.2975867859673
811.8153442624382,1225.891469144782,811.8247987620205,1225.7615768644691,7.310493469238281,gaia_full_1829,0.1302359092078942,-28.746375584216374,-17.729495121810853,-28.746470144670717,-17.732301335163815,125.30414482009489
2024.086774100676,3548.3312884816005,2023.972723703464,3548.0826598030344,7.670437812805176,gaia_full_2847,0.2735392346806409,-0.5849451991612377,33.779424411824664,-0.5878299038905728,33.77382509880454,125.31637755316106
1712.581691326944,588.6459630777168,1712.586167161001,588.699334961047,7.441282272338867,gaia_full_1553,0.0535592290900315,-8.467098237029923,-32.70454036342716,-8.46690568014876,-32.70334755816764,125.32629620155683
3055.994975378615,965.5285707231732,3055.8059432959726,965.4095835515318,7.602612495422363,gaia_full_2546,0.2233631018841897,24.120609728997554,-23.65403830872113,24.116444744384697,-23.656881404767365,125.32923448900345
1757.36799333777,3516.841907789711,1757.2327705557427,3516.495706065982,6.954119682312012,gaia_full_1862,0.3716730206670109,-7.349011715249314,32.98924696893615,-7.351987846032458,32.98140607934189,125.36074413848914
3548.44213032723,2076.0302795716316,3548.6007140895645,2076.2326701192933,6.7103681564331055,gaia_full_3744,0.2571200954007667,33.78381304026585,0.615985970831299,33.78740040219704,0.620272643340388,125.36888434076224
1680.9876263226113,596.6320187824549,1681.1228146136036,596.5379854609723,7.9440226554870605,gaia_full_2242,0.164675862136739,-9.253157579955554,-32.50436046068105,-9.24989549145898,-32.50656042290675,125.38336785007172
841.0301986153399,1183.6725695007412,841.0970673974364,1183.615941618497,6.846555233001709,gaia_full_1411,0.087625059580814,-28.17153264833569,-18.67398112401985,-28.170118233576392,-18.67528364521849,125.38801890518633
2837.387938591832,3301.9533418705273,2837.068323168396,3301.9581494031445,5.694879531860352,gaia_full_583,0.3196515779220844,19.341050071095815,27.737815684988,19.333272003032643,27.7383218596679,125.43565515535533
2932.610197257683,859.5275382804085,2932.3189906502594,859.5970711518266,7.347827434539795,gaia_full_2979,0.299392899740188,21.462829611770463,-26.133241433407637,21.455605543835386,-26.132098778773294,125.4378326088474
2977.149681584552,3199.6894531140156,2976.8815480356698,3199.6361090916143,6.122624397277832,gaia_full_1348,0.2733883405747081,22.43676324875348,25.313077993470156,22.43017175409243,25.312266991491246,125.47040874674687
3289.484053545102,1232.4788169276162,3289.4695067528673,1232.4933493932483,7.561675071716309,gaia_full_2994,0.0205621429252188,28.899746396052073,-17.579108338341893,28.899374219611815,-17.578813034293795,125.49042807844779
551.5242942187999,1898.7163238473083,551.4134761765308,1898.5818083375148,6.734992504119873,gaia_full_1016,0.1742844252002494,-33.683737929300726,-3.1476449875578436,-33.686298182360545,-3.1504724279954757,125.51804504375998
2289.616819700674,565.9918145370307,2289.586367519291,565.8435075046941,7.553282737731934,gaia_full_1912,0.1514011598088818,6.169099160288353,-33.26441332197025,6.1684897367397795,-33.26775718442146,125.52362468097468
1564.9893831919762,3461.457606030646,1565.1757926043515,3461.086667955825,6.963691234588623,gaia_full_2594,0.4151427758903923,-12.105958271343326,31.609095060451533,-12.100533301830033,31.600988132118005,125.53740787945628
3246.075609495472,2922.427313954487,3246.05897894973,2922.476986876573,7.616129398345947,gaia_full_1855,0.0523829575360218,28.04149409006904,18.943295798292144,28.041232559831034,18.944387266989015,125.54591393666533
1478.9217483263087,3426.519629275874,1479.1264011154212,3426.141463954271,7.401251792907715,gaia_full_2897,0.4299904354225491,-14.18055554389255,30.748616477994204,-14.174593911406895,30.740416763486262,125.58382865918723
3327.6124608579353,1288.5483351030198,3327.7626270859528,1288.6268094508328,7.337043762207031,gaia_full_2961,0.169434705127592,29.650335478090877,-16.330205130098747,29.653622847141953,-16.328350937263586,125.58711958016639
2382.4417413558763,585.4697916681458,2382.4813749346945,585.4626827047327,7.720870018005371,gaia_full_2926,0.0402660890917904,8.497728515642665,-32.77503106581152,8.498742144695656,-32.77516450936935,125.61383713078239
2128.1183693555395,3549.71663791919,2128.1340275695916,3549.4931869510174,7.167243957519531,gaia_full_2251,0.2239989170610921,2.071312027804059,33.80447941023088,2.0716267318085597,33.79945050749502,125.62777705971789
541.9003993492054,2086.799272408062,541.8264034950255,2086.659697677091,6.921292781829834,gaia_full_1589,0.1579762385973159,-33.867312243671364,0.8442438708722013,-33.8689592540054,0.84127823511657,125.68909497796304
3448.573433009401,1521.567126447753,3448.720436808112,1521.5915295276327,7.322501182556152,gaia_full_3323,0.1490155265168079,31.962983443057162,-11.224782410931054,31.96628992089113,-11.224138692659459,125.68968797255901
3307.6708771116528,2839.6353257034607,3307.707818267745,2839.809853054421,7.376051902770996,gaia_full_1610,0.1783940729024456,29.26878250560334,17.087217117552637,29.270049713004582,17.0909237777027,125.74500220976155
3518.08929342738,1739.0850776695688,3518.3140752989375,1739.0683772317425,4.596416473388672,gaia_full_97,0.2254014072813045,33.251163230555456,-6.547035381022649,33.25625739391222,-6.547275774320118,125.74554894044088
552.1421391972739,1856.2773419831576,552.0350048410003,1856.16458112085,7.235676288604736,gaia_full_2121,0.1555402917655493,-33.6931112788974,-4.048501683341845,-33.695595130861555,-4.050860464276178,125.90727932152693
2223.7647966092595,3543.7737203061574,2223.6196368078604,3543.572250588404,6.8430962562561035,gaia_full_1229,0.2483171663696025,4.508122958366648,33.6460310019998,4.504256309248628,33.641554996708244,125.92039326399119
1555.0244323811737,3462.9819507483608,1555.231359101884,3462.5867580073027,7.212991237640381,gaia_full_2830,0.4460896438260863,-12.358886106701878,31.63407834628655,-12.352879484607515,31.625456080040834,125.95976618228934
3377.1201862093376,1364.1830210819992,3377.265015359515,1364.263909429074,7.666494369506836,gaia_full_2634,0.1658867307340633,30.624640969333132,-14.655028110066993,30.627797274077516,-14.653144822110916,125.96050456792719
1672.024384391181,3502.5085740307736,1672.1313498028362,3502.0334500206204,7.749805927276611,gaia_full_3620,0.4870158357945065,-9.487978411372621,32.613021098712146,-9.484487350822633,32.60246582626624,125.96594918497647
1399.8944328547643,3393.574125619185,1399.9864363020115,3393.0953239640376,7.760493755340576,gaia_full_3721,0.4875609287845863,-16.063121179916585,29.932575076376516,-16.05964546465082,29.922067443609816,125.98594557023537
1790.5140139315863,3531.5823981429244,1790.380090654403,3531.475037949751,7.417150020599365,gaia_full_3228,0.1716439781925978,-6.5257347794765765,33.33778008930326,-6.529013630683896,33.33530252804875,126.02024825539141
1270.437246501007,3319.548459442666,1270.7636638724684,3319.1102056535537,7.225307464599609,gaia_full_1504,0.5464564795692634,-19.051827515024147,28.14267358358077,-19.04264773462679,28.133426588442134,126.03344681318612
2385.8047454615175,581.2364005240938,2385.628739117871,581.151035253992,7.452078819274902,gaia_full_2096,0.1956155984151646,8.589246180140956,-32.867659456061524,8.584918466784352,-32.869687850574834,126.03372419729835
2984.623045094717,3201.63769197642,2984.4480614219087,3201.7750829157567,7.568048477172852,gaia_full_3240,0.2224759671544422,22.62182797426906,25.345711994178647,22.618017938532432,25.348949107040017,126.03518488621107
3176.7301853875124,3016.095703158918,3176.637728380153,3016.204138489605,6.653034210205078,gaia_full_1196,0.1425009443868016,26.664893144048442,21.05478106579357,26.66301439078331,21.057248333484985,126.04501748709589
2281.8203588504475,3536.3383679193203,2281.389815590127,3536.3574148828284,7.373552322387695,gaia_full_2264,0.4309643672350439,5.979946445058944,33.45512036682561,5.969008698280363,33.45574932475205,126.07734474598502
558.2630218609448,2294.396472938644,558.2486892218769,2294.1497854391746,7.253853797912598,gaia_full_3413,0.2471035146190257,-33.595316564099114,5.253608838564555,-33.59544241921614,5.2483665668144655,126.14734835739384
546.5486330664803,1874.434166169349,546.4328418474995,1874.306314536681,6.664214611053467,gaia_full_1223,0.1724924530782886,-33.808438887140426,-3.661549534167158,-33.81111908405192,-3.6642281983067915,126.17021686688123
1383.1317371351415,3387.8268548761794,1383.4262388488369,3387.2777123516876,7.511916637420654,gaia_full_2772,0.6231282143946993,-16.463181003906584,29.78623544860793,-16.454501272793664,29.774411935992244,126.20554885244418
2181.498482966203,3552.396016573998,2181.3911670709954,3552.094656099908,7.16876745223999,gaia_full_2970,0.319898166152832,3.435838065992114,33.85310222148249,3.432906595529791,33.84635565938202,126.21069727519226
2849.5308803903395,788.4980569442233,2849.189972311154,788.4384415396137,7.826625823974609,gaia_full_2882,0.3460813703744551,19.64690132148154,-27.800573941986677,19.638754655039005,-27.80232054690945,126.28096471357871
3502.0533234603513,2441.1340742182992,3502.261481170568,2441.376460375704,7.157403945922852,gaia_full_2730,0.3195006754673908,32.98563066019022,8.388990302393855,32.99065121969743,8.394009255572634,126.29146800711973
2816.8973218875985,766.2497506298539,2816.5722444391063,766.226471242222,7.080778121948242,gaia_full_1618,0.3259099222281469,18.911351382579628,-28.33174324519352,18.90346076805858,-28.33266305952335,126.35891808441221
3135.9115667692145,1027.772931368955,3135.7557699042345,1027.6216664808778,7.246062278747559,gaia_full_1925,0.2171490950995555,25.8411341079701,-22.194650887235778,25.837875769182954,-22.19813916476289,126.3737623507396
790.2655422431225,1235.0364438786023,790.3624284540876,1234.978660671056,6.55723237991333,gaia_full_806,0.1128088513794197,-29.223860737378384,-17.507155004413775,-29.221755435764855,-17.50851236683128,126.37952296758431
1214.2605667906803,3286.964730513295,1214.5343723762755,3286.4495088957683,7.269341945648193,gaia_full_1687,0.5834576367396648,-20.330407867864512,27.35409956260303,-20.32229543311379,27.343135174741104,126.38952747921996
3357.202027439325,1318.8892787216894,3357.275272191872,1318.8800305823568,6.514348030090332,gaia_full_722,0.0738262951582048,30.264313342097676,-15.646454791358746,30.266020787130127,-15.646571874173254,126.40066123083807
2746.555560880995,723.5470948385375,2746.333199199372,723.5040229799947,7.994959354400635,gaia_full_2965,0.22649481771691,17.298967288522302,-29.360171426667435,17.293600798241485,-29.361387565699264,126.41767266661739
1519.101424490657,639.5375887705821,1519.305146402958,639.5489574233018,7.661352157592773,gaia_full_2024,0.2040388781978813,-13.240417364999367,-31.410368080125185,-13.235294563846676,-31.410312967954898,126.45147693440293
589.2771666071586,2441.958267969846,589.341101251104,2441.6705852194914,7.078522682189941,gaia_full_2185,0.2947015499586395,-33.047131241346364,8.404781806791142,-33.045318567239384,8.398707721617034,126.49231837168925
3484.2008225528853,2505.1132612520123,3484.4104211849376,2505.191915908582,6.4801154136657715,gaia_full_1091,0.2238708144405983,32.66804516546361,9.762388722746328,32.67291807531464,9.76390618055324,126.509838937587
2599.28328027993,3445.28562091638,2598.9003868866557,3445.236711341369,5.639522075653076,gaia_full_548,0.3860045299484873,13.82951143826296,31.1819803614875,13.819836155211382,31.181278158212784,126.53195124673533
1852.1010162537711,3548.731733780216,1851.9992616956272,3548.3869649169083,6.994400978088379,gaia_full_1992,0.359471221670944,-4.974953488956801,33.75065434644821,-4.977235215417782,33.74286870910481,126.5370678618371
1121.948824670251,874.1077181357792,1122.2108390867725,874.2284802527538,7.273276805877685,gaia_full_2038,0.2885048411400402,-22.371975325570546,-25.761672841164827,-22.36531781446499,-25.759384589371926,126.55878047459512
2567.9633164085635,3458.960564588451,2567.6944752664645,3458.7982995861375,4.329187870025635,gaia_full_52,0.3140151121536071,13.07666259346163,31.517251577773575,13.069575739310572,31.513896541998957,126.56890201908972
2001.643459302781,531.2229241895304,2001.538601215115,531.1805160878989,5.77767276763916,gaia_full_360,0.1131090873136884,-1.1609815691747807,-34.102882601113166,-1.1636747253562014,-34.103826976552384,126.5953054796334
2906.0885607209357,823.135254038132,2905.750163808503,823.1477349996735,6.59805965423584,gaia_full_826,0.3386269994327559,20.92450290467192,-26.966129403618616,20.916259854322856,-26.966301447802376,126.60868737890564
3335.732324751066,1278.4449685456432,3335.746015950114,1278.3752479868551,6.931001663208008,gaia_full_1998,0.0710521305034409,29.861076036147573,-16.537703598276302,29.86155441260952,-16.53918315391447,126.64051685232768
598.4263001933946,1616.8671991710758,598.3868792461055,1616.8317768764246,7.105671405792236,gaia_full_1434,0.0529976418675584,-32.886341166127046,-9.158882369693858,-32.887283879982874,-9.159607924168853,126.65219113521088
1795.926102196188,3540.5707995521734,1795.7894288492344,3540.3244352603606,7.031051158905029,gaia_full_1856,0.2817356350338416,-6.3985251994370875,33.542244844124546,-6.401719405769448,33.536646737588654,126.66397193932454
1410.6034527226016,3408.0318977626152,1410.945786495514,3407.664627410088,7.749279499053955,gaia_full_3624,0.5020756157410863,-15.834019112158307,30.26505423251333,-15.824608387518222,30.257295036286944,126.67665454619332
2683.9970313907943,686.2728772799433,2683.8567256155843,686.2334086400779,7.760148048400879,gaia_full_2356,0.1457514462710324,15.848149701852881,-30.257624709879444,15.844768591533372,-30.258656938008823,126.71580994286
1010.8475228940924,3125.7350096004247,1011.1274047574872,3125.20060842392,7.139924049377441,gaia_full_2632,0.6032565581134536,-24.759057056247386,23.55791203896103,-24.750865545700073,23.5466750094461,126.7379785345925
3015.1767900890536,3186.8902932892297,3015.1562365918735,3186.731925131915,7.858742237091064,gaia_full_1309,0.1596963352666393,23.31250125095214,24.982432209813126,23.311549408179452,24.979004817193427,126.75577456692002
1940.6834780083177,3561.812732956301,1940.5161250632536,3561.473301717414,6.765172481536865,gaia_full_1641,0.3784449420377443,-2.720743907548151,34.071750649923786,-2.7248542768201633,34.064080557508866,126.77789056002185
528.4200775789685,2031.5628791332929,528.1556831996731,2031.4324626209016,7.705150604248047,gaia_full_3016,0.2948098616180249,-34.16843803198219,-0.3271109436855877,-34.17439357845164,-0.3298674749312386,126.78937454528844
3551.84151044703,1851.2879444696853,3552.082681980534,1851.2510133311036,5.908112049102783,gaia_full_452,0.2439828222836818,33.921222596414296,-4.151104841413295,33.926681094272716,-4.151808450921847,126.80344298495709
2624.5379384776993,656.4491617920206,2624.2480173631816,656.2875232928927,7.273343563079834,gaia_full_1350,0.3319356218357832,14.441915485698436,-30.98405984873073,14.435065895152054,-30.987955255552123,126.82337463571957
3403.144634032367,2702.657581160374,3403.310039379513,2702.7559046502583,7.302351951599121,gaia_full_2383,0.1924225494259864,31.165602440425918,14.047194842110727,31.16959447605204,14.049126651689527,126.83949377450999
1309.974196233445,739.4741124950787,1310.2258399111467,739.5180880721912,7.422627925872803,gaia_full_2891,0.2554572212909465,-18.1784618887271,-28.963055486384782,-18.17215869912276,-28.962394433350845,126.84633316187157
2292.567347885095,3543.582214699208,2292.2985452471494,3543.6886863192344,7.664794445037842,gaia_full_3275,0.2891211926467885,6.261709427951982,33.61257610964433,6.254980757945723,33.6150983657549,126.84915311245973
3520.7859303659275,2401.161715104851,3520.910127152066,2401.302808778863,5.737132549285889,gaia_full_680,0.1879687913812754,33.36146184312113,7.5279972687532135,33.36443241773321,7.530920766660997,126.89257320583431
3556.858990948837,2223.4966235745633,3557.019819466495,2223.537242821664,6.80261754989624,gaia_full_2918,0.1658786765293615,34.02261081982233,3.742140886884026,34.026257523190544,3.7429539801952174,126.99534435638786
1475.4469154413955,3443.1042205376093,1475.5842117005136,3442.5986789441463,7.572302341461182,gaia_full_2947,0.5238535725648498,-14.30564860855391,31.113733001850097,-14.301035244747052,31.102638430569804,127.00064499674428
3290.0600122290098,1202.5756297782957,3290.1703948807262,1202.5298943153884,7.6312255859375,gaia_full_3715,0.1194824772395492,28.986611625019982,-18.2214248348302,28.98929098715888,-18.22227182390485,127.02971011361964
2702.257372817681,3403.0003869922207,2701.9244249862413,3403.1518749557213,5.3795084953308105,gaia_full_196,0.365790734636349,16.288861249387843,30.13217178288715,16.280999139768568,30.135909333437528,127.07378802919919
759.0149716156949,2827.1060508357496,759.1977286125764,2826.7132801827793,7.411398887634277,gaia_full_2171,0.4332076935418462,-29.87089458417212,16.786305222210412,-29.86574186839008,16.778095987219714,127.0858682168426
3520.927421493676,2410.689395244097,3520.951118077335,2410.781575953636,7.27909517288208,gaia_full_3693,0.095177787788303,33.37571627140024,7.730251438330423,33.37636081706149,7.732194680793315,127.10217997745225
981.247009038724,3103.407044029194,981.4213247504174,3102.9171666642683,6.734129428863525,gaia_full_997,0.5199671143540487,-25.39814556198382,23.032512751986353,-25.392605611162985,23.022118521080603,127.15815481313585
1905.8756678681789,531.2034065008957,1905.755463791979,531.146148485225,7.956305980682373,gaia_full_1911,0.1331446592754893,-3.6120107452018417,-34.08508221819545,-3.615125167692507,-34.08633484220934,127.16600138837805
3504.841691264901,2467.787959976074,3505.0041825999733,2467.820456729722,5.640230178833008,gaia_full_717,0.1657090008758957,33.08369434266256,8.953731623096905,33.08742165227835,8.954309654837298,127.16653064001507
3241.9684491950093,1136.240326669869,3242.1897225250723,1136.1194408773777,6.391280174255371,gaia_full_494,0.2521413520695438,28.03724971129731,-19.710107006573807,28.04274088207289,-19.712426755730515,127.16750210438194
3561.315258943177,1890.181533544824,3562.0304024766056,1890.327351563917,7.784481525421143,gaia_full_2297,0.7298583205642496,34.11227162349076,-3.3238133458879937,34.128303812724006,-3.320533552401604,127.21035283422985
2942.7790950122094,841.4335008791999,2942.465990519108,841.413312536158,6.675148963928223,gaia_full_1236,0.3137546697582685,21.76034279722258,-26.516122900764145,21.752829142627576,-26.516986962213043,127.24113605975606
615.950797047274,1545.8711717619713,615.91054451008,1545.7651554485456,7.0583624839782715,gaia_full_1155,0.1134007295520471,-32.59413003199327,-10.682632722074167,-32.595215049992746,-10.684856208892393,127.25617167864377
1052.0226672426909,922.3473390144836,1052.1415574494877,922.3194503749804,7.909347057342529,gaia_full_1765,0.1221173922318757,-23.909904668718937,-24.613571727135607,-23.907142207165727,-24.614342723048004,127.29959480013606
533.5354964935226,2226.4608707613957,533.5289957810985,2226.319361488925,7.16691780090332,gaia_full_1336,0.1416585100061668,-34.1055654977458,3.8038819814632667,-34.105628873423235,3.8008812355729478,127.31166571590146
1497.9411270894698,3456.9868716338874,1498.110444217955,3456.5576262798613,6.395227432250977,gaia_full_857,0.4614324045313299,-13.775622029350876,31.445551497699594,-13.77040114617389,31.436173372389373,127.32335834600795
1768.2938291203436,3543.1182413266415,1768.213123718034,3542.9413945862034,7.130046844482422,gaia_full_2302,0.1943916962360888,-7.105503423625551,33.58474973874362,-7.107330537183379,33.58073777286019,127.34082314369016
948.48732673177,1021.6652566165244,948.6763808055488,1021.613856669598,7.49781608581543,gaia_full_1764,0.1959168123372671,-26.08525558107804,-22.314065591284912,-26.08093227542788,-22.315436226470503,127.34155948694908
1597.9570332445448,3495.8955968394644,1597.9652770900095,3495.470523015912,7.44942569732666,gaia_full_1892,0.4251537562546683,-11.345881196935597,32.40653367066137,-11.344837558796538,32.39705019076099,127.34590852326646
3541.4176266011063,2338.610662573152,3541.7540221519357,2338.786936070509,6.084009170532227,gaia_full_455,0.3797819275430789,33.76220188580403,6.189243168361877,33.76996491660748,6.192817606793842,127.372240171379
1870.5885399483905,532.4859330130472,1870.5546721521405,532.4970038226745,7.074338436126709,gaia_full_1056,0.0356313127548547,-4.51383322129136,-34.04482200251254,-4.514690242455237,-34.044561033449334,127.40751791971552
3433.690393662018,1437.0964367229617,3433.641712002982,1436.92257793418,7.608212471008301,gaia_full_2413,0.1805457902115877,31.774311679471186,-13.03989116022225,31.773532594734686,-13.043646926608421,127.42261554510308
878.9126126555561,2997.324962105736,879.0780252751811,2996.8235243515146,6.596371650695801,gaia_full_716,0.5280162460473669,-27.51439024766519,20.598613834131623,-27.509140965364317,20.588010271079806,127.47255675788
3495.4607468223776,2508.4973573535185,3495.5496550358203,2508.6212500542088,7.33243465423584,gaia_full_3135,0.1524928578717374,32.928642419807886,9.825910799946856,32.93084461202351,9.828477601198225,127.49525537267671
3556.463560776246,1825.033778951867,3556.509593638106,1825.0928085573564,7.600936412811279,gaia_full_3585,0.0748566543150167,34.043309389802964,-4.706051373065059,34.04430437347692,-4.704783020878588,127.50120039101289
1851.573553388629,3560.34252448856,1851.5700228298629,3560.0331942403072,6.486824989318848,gaia_full_1683,0.3093503957152426,-4.999101806207392,34.011294018176116,-4.99890552445192,34.004343257532234,127.50847434811553
3180.480110002258,1056.8497778695871,3180.3673820767635,1056.7007857619028,6.026669025421143,gaia_full_534,0.1868320993257063,26.811142968415087,-21.50519314111142,26.808904853244947,-21.50856670221384,127.51124861616634
3097.5579438935215,970.453154480874,3097.401066350755,970.3175303316148,7.781430244445801,gaia_full_3305,0.2073751993047612,25.095346126263493,-23.490631902270856,25.092009226509195,-23.493793707084954,127.52373908437991
2781.99241606979,3365.006246443022,2781.7363549920537,3365.0984014102005,7.507449626922607,gaia_full_2784,0.2721393273806125,18.157052167210743,29.196872681235853,18.151002711345658,29.199223818551552,127.54997905261061
3033.938642146988,910.606317914153,3033.597442346054,910.520928102254,7.25164270401001,gaia_full_1888,0.3517225101321909,23.751880095976805,-24.880474380928003,23.743957562501407,-24.88280630550223,127.59723283455179
535.0700037922744,2262.3588156820865,535.1153810842552,2262.0856490699844,7.425387382507324,gaia_full_2945,0.2769099070002409,-34.09418444844163,4.565111773168521,-34.092968973371185,4.559339672081341,127.60740097555508
2980.0114644752643,3229.848870692583,2979.829549949098,3229.2720744443095,5.964939594268799,gaia_full_2673,0.6048031141231134,22.592785466955615,25.968524113908067,22.58670296400315,25.956167654059673,127.64857830811027
810.0872088454413,2913.6347077333053,810.2104355223946,2913.223267949129,7.1039958000183105,gaia_full_1253,0.4294968101348443,-28.900141243793705,18.7066192602439,-28.896213712602684,18.697928370264812,127.68749086937636
517.3981418423206,2041.998413948502,517.3029377431087,2041.8128379715445,6.821186065673828,gaia_full_1389,0.2085719629540389,-34.41608297884697,-0.10588941557614703,-34.41822818523667,-0.10981743233420023,127.6887196073484
3391.026898301962,2746.485598997201,3391.056981522206,2746.6178658964927,7.560611248016357,gaia_full_3583,0.1356448774870633,30.97968572356591,14.996746071052,30.980664389526844,14.999540944792981,127.69741260460863
2517.1619503624784,3492.4146215076594,2516.815707956793,3492.550776047802,5.017347812652588,gaia_full_85,0.3720508867027295,11.871305811334434,32.31028518507316,11.862859478508955,32.313633478809265,127.7033699992503
542.2274132767244,1783.0238398603,542.2163977609757,1782.9505210689597,6.2538251876831055,gaia_full_1489,0.0741416667661283,-33.970887106498054,-5.598421123209383,-33.97119896323795,-5.599970407183439,127.73050958646219
642.8514694562973,1465.2788152715282,643.039620145325,1465.32659047528,4.942478656768799,gaia_full_1199,0.1941214874121849,-32.12008335604261,-12.422435209244547,-32.115700229973626,-12.421592754157711,127.7473254885938
3112.669882796859,981.2470538540382,3112.546241223853,981.1987889469908,7.0210089683532715,gaia_full_1327,0.1327280672189016,25.423131223844347,-23.235456397306173,25.42033514834655,-23.236674435099996,127.77007303495148
3572.649993808888,2163.3892916566338,3573.1503694743533,2163.293797922637,7.627556324005127,gaia_full_3248,0.5094063798405206,34.349385812501495,2.4647619484574914,34.360613961988875,2.4626407571226916,127.80130322456013
3485.337552038563,1546.5117318863415,3485.414280212756,1546.3469096705956,7.048593044281006,gaia_full_1592,0.1818064232045752,32.75883861954271,-10.663057240984525,32.76084795314009,-10.666500329619659,127.81912502306064
2039.0699667479248,515.6696562958824,2038.853170553165,515.5796888320087,4.3091349601745605,gaia_full_38,0.2347226759778319,-0.20357801893965288,-34.45486760738679,-0.2091471097836297,-34.45688826033462,127.8338493414234
3070.298042556372,3154.305684941138,3070.0901876600187,3154.3701762781066,7.786025524139404,gaia_full_3478,0.2176299393051315,24.53575597153428,24.196856807649766,24.530984792739854,24.198547792643524,127.83482043346464
589.8064042653109,1596.8178073446124,589.7520889694281,1596.736231405449,7.792445182800293,gaia_full_2687,0.0980040061285381,-33.110246532921316,-9.578858695061431,-33.111597559555406,-9.580551773783087,127.87927484432015
2857.037441499444,3322.768537382214,2856.7570345676704,3322.605599181754,6.431217670440674,gaia_full_1058,0.324309889697945,19.87895313483454,28.17068681550134,19.871633569423963,28.167470612318674,127.88591293366926
808.9874602184581,1177.5751632617737,809.1412822648294,1177.5943117313604,5.351039409637451,gaia_full_404,0.1550093088733447,-28.932944056560196,-18.765214364809466,-28.929313542507135,-18.764997879087733,127.9258401552685
628.7256422424588,2602.0111791368954,628.8047927251589,2601.6059516305804,5.317163467407227,gaia_full_156,0.4128851302552875,-32.39405157527576,11.840570849150621,-32.391530512294395,11.832013798162636,127.93538676137517
1319.345346273466,719.6437606370374,1319.3564534587897,719.5522002851271,6.8087358474731445,gaia_full_1361,0.0922315976644959,-18.001967093080683,-29.412348956000702,-18.001944498699807,-29.414384081792864,127.93905504779941
3052.1264699855465,3172.792473700609,3051.9344045537873,3172.7683207704977,6.870968341827393,gaia_full_1929,0.193578134379378,24.156023290414026,24.624366183069476,24.151357733453057,24.62410725158278,127.95834981562837
3514.414584209386,1625.4240717347486,3514.6351514140633,1625.3449052566873,6.755166530609131,gaia_full_1315,0.2343442404410578,33.30176094364817,-8.963810834383416,33.30686876879823,-8.965337962943142,127.96319285691763
3573.1496307430752,2182.8933588643295,3573.5800168569112,2182.9577998552527,7.114731311798096,gaia_full_2395,0.4351836948852939,34.36872998059703,2.877630903599032,34.37844983209101,2.878895569901154,127.98691022902894
1015.1640706223184,944.8021174548416,1015.3497482481756,944.7784127821036,7.133139610290527,gaia_full_1830,0.1871846474835641,-24.7244354113441,-24.073931123881476,-24.72007683011509,-24.074704649383843,128.01420827696808
1044.9787521711569,3177.667678421399,1045.3623896860402,3177.089219574658,6.710153102874756,gaia_full_1337,0.6941126567057673,-24.0961367277369,24.73482925484781,-24.085243119319912,24.722767948992374,128.048639809162
746.316765504436,1266.5383898966356,746.3796698523838,1266.433404392769,7.09123420715332,gaia_full_845,0.1223883695980108,-30.1652543095216,-16.778973047457907,-30.16405083895221,-16.78129682223588,128.05765185028423
2203.9272559974233,3572.62817007652,2203.7970558278935,3572.4259079476205,7.994814872741699,gaia_full_2234,0.2405453240711221,4.023761605504915,34.30126593295022,4.020271514600451,34.29676158392135,128.10861577829294
2980.780769320131,3235.969088378046,2980.6608645987826,3236.184147043923,7.29102897644043,gaia_full_2437,0.2462262617402344,22.629427442076242,26.101211795540774,22.627173284422636,26.10607670081847,128.16692747007116
2560.5009424865216,612.0705577100381,2560.2386323227024,612.0102623280166,7.200685977935791,gaia_full_2252,0.2691508037066961,12.93984070053578,-32.03607099253274,12.933378968840046,-32.03766844122394,128.17596256364996
2490.689281614426,586.1096599760758,2490.2961925816458,585.9868387811819,7.408659934997559,gaia_full_1804,0.411830102842442,11.234318662395875,-32.67895796944723,11.224625250916684,-32.68203811353519,128.1986891566278
2216.8729142973134,522.0638430924627,2216.7008572127393,522.0290029950863,7.086792945861816,gaia_full_1510,0.1755490607703251,4.355039145489997,-34.28135732925176,4.350657841799676,-34.28220044844128,128.20350220064142
602.5644490123616,2546.080671259167,602.630519557094,2545.8012967333566,7.375694274902344,gaia_full_1657,0.2870808989693492,-32.895236545644195,10.628137587859674,-32.893285719385474,10.62225199084098,128.23586530241968
526.8226324260862,1836.6244300930628,526.6688162084872,1836.444577052854,7.405344486236572,gaia_full_1840,0.2366570194791383,-34.27661448658489,-4.456569035151377,-34.28020617312829,-4.460322744953128,128.2480213422398
511.6727171053176,2102.216931736662,511.68945743439326,2102.1144482367904,5.725218772888184,gaia_full_1235,0.1038417370978224,-34.549898512675234,1.1684538310762351,-34.54950313414195,1.1662867897382945,128.2480952538357
3149.233098671768,3083.703652416092,3148.928779090339,3083.7642153184206,7.52809476852417,gaia_full_3410,0.3102874035140753,26.205806815701408,22.55522191045166,26.198779755546255,22.556953744893015,128.25688597552224
3158.1515157316676,3074.409500651683,3158.1277262112317,3074.5810848356487,7.26030158996582,gaia_full_2026,0.1732254989014893,26.389973242213227,22.341695452685617,26.389904338525376,22.345442223365623,128.28658700235442
2335.9523670003073,3552.5002698840553,2335.690094761494,3552.4632132615807,6.854656219482422,gaia_full_1752,0.2648771800690622,7.3791607362685765,33.78932295158128,7.372418373257175,33.788644955899066,128.30156545472278
629.0355972342047,1480.768062063968,629.1088063309239,1480.671969400965,6.764104843139648,gaia_full_1415,0.120803028626973,-32.40705073107933,-12.079749587742457,-32.40555460005481,-12.08186242913028,128.30512087555775
3549.5124740324422,1739.052435044057,3549.727389940906,1738.9975596906345,4.479559421539307,gaia_full_88,0.2218110730420886,33.96100497231573,-6.531567758685262,33.965914897914864,-6.532619245891992,128.31944712145742
522.6315771876858,1856.3602105295693,522.6417033288717,1856.0782808058912,7.5300493240356445,gaia_full_3005,0.282111516653483,-34.35804204170799,-4.03724288272735,-34.35799106624236,-4.043215141531441,128.3441490103953
1683.4250179632468,3535.1538720652775,1683.478269048858,3534.8063363403735,7.220397472381592,gaia_full_2865,0.3515917493390853,-9.253363131785106,33.35190454283503,-9.25142997975778,33.344163858282606,128.37648146735373
3578.75850299029,2183.5150917003034,3579.028358361358,2183.5903986867206,5.676389217376709,gaia_full_1037,0.2801661355297968,34.49530461112235,2.889487617147427,34.50141494475674,2.8910183195782317,128.4452601549032
2608.8138367953384,628.3412040893885,2608.513816051688,628.2472076722127,7.679187774658203,gaia_full_2117,0.3144006569051191,14.115228806594597,-31.625302470545975,14.10793343321765,-31.627705638780007,128.47954086458822
916.6839215520304,3058.268650326956,916.952155504759,3057.941615163778,7.263611316680908,gaia_full_2326,0.422967435332097,-26.79631550141235,21.966130019563007,-26.789049523824747,21.959427860945134,128.50760964809695
740.614528701426,2829.538164903479,740.8870325492651,2829.201615121451,7.682244777679443,gaia_full_3197,0.4330405325948449,-30.302033493473168,16.816682083649336,-30.294926052364172,16.809799295937783,128.53343188459198
2798.9842245177556,725.707232444488,2798.6425198361376,725.6467436387725,5.289077281951904,gaia_full_197,0.3470172691042292,18.584407567753747,-29.248052148629608,18.576165987356962,-29.249820071174902,128.5481020550016
963.9364527072042,985.4702098672255,963.9750797851634,985.499423654695,7.179319381713867,gaia_full_2062,0.0484303265524046,-25.82372566523839,-23.119723954563234,-25.822723457118265,-23.119144588469087,128.58460564326725
3306.7624467327164,2899.7605043895023,3306.606297331681,2899.559620847136,7.145213603973389,gaia_full_2318,0.2544343393437037,29.395930756662768,18.379660961403076,29.391785133281505,18.375545340381848,128.59690398171693
506.6172015610745,2032.4967186852043,506.33885491608726,2032.2584742204988,7.822275161743164,gaia_full_3492,0.366384060431799,-34.65896123064029,-0.30678355214335895,-34.66523562160624,-0.31181601082934185,128.60964437534992
1995.8637223799124,3587.2910776835897,1995.7278312071833,3586.862551811886,6.908329963684082,gaia_full_2884,0.4495562629360787,-1.3149722711973462,34.65381997577168,-1.3183591431305588,34.64416464514741,128.61929821717334
3543.152770825389,1696.7559680532663,3543.3236522868247,1696.7213598283977,4.053886890411377,gaia_full_44,0.1743508046754792,33.862829048975364,-7.431705277947028,33.86673312315295,-7.4323382837053416,128.63208774947444
3112.2581899502957,3126.593199250693,3112.4671405148074,3126.8372682097197,6.9322829246521,gaia_full_1526,0.3212942501354904,25.453819441709662,23.53635202049963,25.459508231410414,23.541355034973172,128.64207513753058
3356.689205450185,1268.084800840531,3356.723743415523,1267.980210737362,6.0476226806640625,gaia_full_801,0.1101451802423839,30.369702538085384,-16.735171470938702,30.37075122365018,-16.737369789598528,128.6495706522356
3176.3238460706066,1032.6754234651096,3176.181324680239,1032.697300477421,7.731856346130371,gaia_full_3483,0.1441906736928818,26.781659882918277,-22.033570818648613,26.778232727071888,-22.033294333465147,128.65051904386436
552.741814605216,1686.259262761036,552.7069584872906,1686.3548288149257,6.023306846618652,gaia_full_2137,0.1017242331642106,-33.832185462789944,-7.655381674769552,-33.83286120381322,-7.653334343457472,128.68775509672676
1386.8448774425935,3421.9765260119952,1387.085230795475,3421.5831782021255,7.634540557861328,gaia_full_2762,0.4609687991290953,-16.45969368050153,30.546745055237494,-16.452685468573083,30.53831781030005,128.6900914285265
3539.8536615229978,2412.9671851860744,3539.9393678188276,2413.2516746150404,6.4410929679870605,gaia_full_2451,0.2971191753123394,33.8066212815769,7.7670548625104585,33.80890100142328,7.7730343247038745,128.6998307169515
1735.7470231240686,3552.5701065014487,1735.6211780448168,3552.269211996646,7.58716344833374,gaia_full_2743,0.3261510186897644,-7.948233249940159,33.777370628251234,-7.9510047849259315,33.77054733398889,128.71087165881102
3051.0126885996538,3185.755728334173,3050.869499070601,3185.822177951154,6.271039962768555,gaia_full_1624,0.1578568745013848,24.16790267814988,24.908125779403875,24.164671396322895,24.909773708846785,128.75149015042152
3578.583943730343,2225.1494538266834,3578.718849881044,2225.2211537989974,6.876144886016846,gaia_full_1969,0.1527761615132835,34.51301634949153,3.770598383780856,34.516097922495774,3.772074452073295,128.81355066458548
630.2375025400986,1462.4007245318496,630.4032483986066,1462.3569964630356,6.681813716888428,gaia_full_1850,0.1714171333757444,-32.41338551788986,-12.471880027134077,-32.40968333529929,-12.472967674276974,128.83347260671678
3589.495605692448,2105.240146047016,3589.8455938107245,2105.427508478706,7.439976215362549,gaia_full_2462,0.3969840850003065,34.711774588573746,1.2317105785436473,34.71968666298144,1.2356378044802843,128.88799512553794
1473.546489114574,3466.352996644882,1473.7420747644023,3465.83240336839,6.921936511993408,gaia_full_1430,0.5561214848825768,-14.408538632631082,31.628451455929767,-14.402381291991139,31.61709066207657,128.89256363963662
3489.094164424469,1521.053736587398,3489.2694021864295,1521.0802732141035,7.742905139923096,gaia_full_2817,0.1772356221921679,32.88631406827495,-11.201252054724776,32.890258199891115,-11.200536838159996,128.9006841711108
2172.012763241866,508.3981529356923,2171.919417737952,508.38502411367176,7.525941371917725,gaia_full_3625,0.0942642512762974,3.213454097754879,-34.602256944931085,3.211063055670566,-34.60257646170841,128.92353800953464
2068.074822650718,3591.681363034298,2068.109105986056,3591.3397488884475,7.489274978637695,gaia_full_2292,0.3433301206231801,0.5424004359554545,34.75486530430646,0.5432473267143806,34.747177609763035,128.92419166107246
2638.45477574362,3458.1338887362413,2638.1768197370843,3458.2220199321628,3.999136924743652,gaia_full_17,0.2915932942708659,14.839152989706827,31.42644804004735,14.832416901113703,31.428708344104926,128.92968035455556
582.7648471134659,2515.8947790052953,582.8807886712532,2515.520374356387,7.242691993713379,gaia_full_2598,0.3919455140019505,-33.29791799201061,9.970985509167402,-33.29471563780926,9.963125698645381,128.93169065638457
2422.872723734117,555.4671118137483,2423.832515120683,555.6428132405626,3.592578411102295,gaia_full_77,0.9757409989908448,9.571767015500884,-33.41847906994071,9.595869938224858,-33.41382810046931,128.97239111350035
502.6187824783356,2090.2581103741,502.5017506654906,2090.052118466929,5.9470086097717285,gaia_full_545,0.2369158311249771,-34.7516827501559,0.914722876738526,-34.75428665720211,0.9103584192576853,128.9790374569063
3585.472804582487,1911.97480050075,3585.816296280379,1912.0064005698357,7.816145420074463,gaia_full_2775,0.3449421848475522,34.64582098495118,-2.856403205549119,34.653541155398386,-2.855655186799745,128.99682943772723
1016.5069741900396,926.996325419426,1016.5934135856942,927.115395562064,7.849600315093994,gaia_full_3678,0.1471375818375539,-24.745268624758722,-24.462869055354577,-24.742845885624476,-24.46040325093099,129.07666969069638
2277.188227093597,520.265475899378,2276.880434682972,520.4427198270573,7.588857173919678,gaia_full_1710,0.3551782340425839,5.902590961807097,-34.29691291271166,5.894506921076903,-34.293079220690025,129.0895042443535
672.889911974036,2726.0697494080073,673.0128669694077,2725.7208305613585,7.045358657836914,gaia_full_939,0.3699490403198316,-31.626614826815203,14.528236592232554,-31.623045545460062,14.520924950830862,129.09556945512665
702.4592257810928,1315.3886477782237,702.460412914975,1315.2766520364685,7.121241092681885,gaia_full_3080,0.1120020332768729,-31.063057653828743,-15.682790743670486,-31.063286064969596,-15.685185193086797,129.0997542184142
559.3081670332409,2453.9174764420213,559.2638033274231,2453.781663022378,5.635739326477051,gaia_full_335,0.1428755519644108,-33.74151316261708,8.638735539783816,-33.742337473318656,8.635825295903723,129.21537654906834
2974.98272021012,837.4222655703144,2974.7019838962797,837.2835413046855,6.5431084632873535,gaia_full_554,0.3131410221976159,22.551085009273116,-26.559626655841708,22.54471421158109,-26.56305133344592,129.25462222077456
534.3471601939731,2364.380418892685,534.4830200739066,2364.0474680242673,7.421868324279785,gaia_full_1467,0.3596028194490653,-34.199772909935625,6.726052995486708,-34.19635535023195,6.719075124501822,129.29065373331642
3373.5634253354515,2812.8023334571976,3373.6229248959226,2812.968599278962,5.634409427642822,gaia_full_265,0.1765913961187919,30.728182428550305,16.434572755867087,30.72995112371882,16.43805842132312,129.29081186655802
1292.7499151028385,3377.497101830687,1292.997798828144,3377.1055655015316,7.618184566497803,gaia_full_2123,0.4634080688979379,-18.666263668602397,29.448089401854574,-18.659039316519564,29.439776366795396,129.30787082329675
2328.540036960499,527.5828774938815,2328.3936448079967,527.4707105308514,7.7018723487854,gaia_full_1409,0.1844236696025245,7.208536683681514,-34.10573779795655,7.204941836851597,-34.108337856711806,129.33073803887706
1538.814013210173,3498.951045274989,1538.879004222025,3498.5292486201465,7.926814079284668,gaia_full_2074,0.4267742373409993,-12.843759048162223,32.42042675708021,-12.841181545099372,32.41109320835026,129.3352612324348
900.646661854306,3055.20387526455,900.8611233574196,3054.641674321449,6.753424167633057,gaia_full_1084,0.6017172398571202,-27.16586536602958,21.877729976145478,-27.15918352680714,21.865885406403986,129.35458960565998
1812.154411820023,3576.14851367236,1812.0645312368088,3575.888786776466,6.0475006103515625,gaia_full_1181,0.2748391887806259,-6.02467750300013,34.34887685993684,-6.0266879136467795,34.34300237638964,129.355897520681
1318.7354466090806,700.8744658559588,1318.8574282691136,700.9546704426368,6.956801414489746,gaia_full_2213,0.145987332014172,-18.069063511722813,-29.825912546530894,-18.065824015965788,-29.824295968172862,129.36120927018962
3532.0071393833623,1624.7108609236411,3532.2425207087517,1624.8045679976694,7.60584831237793,gaia_full_3579,0.2533483452975983,33.70152085955758,-8.966576678858146,33.706726914972364,-8.964422884257539,129.3953409190448
1600.1812116092456,572.1096708675101,1600.464597739696,572.1508382657469,7.77705192565918,gaia_full_2332,0.2863607054211219,-11.341387249768337,-32.98883346239139,-11.334124912315552,-32.988162479995225,129.40475052405242
881.8724606789565,1059.574401107598,881.9141166763684,1059.4840440310295,7.629251956939697,gaia_full_2329,0.0994968512386252,-27.54851662847556,-21.40321419187774,-27.547794350082146,-21.405221111189796,129.42512795794818
3415.6961059090536,1350.0570543000515,3415.6921748808572,1349.9685791983031,6.691943168640137,gaia_full_608,0.0885623882472989,31.541060394873472,-14.915463491930849,31.541164463414475,-14.917355672302792,129.44150846665653
2759.114752665409,3404.0505529778693,2758.7910858985165,3404.1309401220797,6.918300151824951,gaia_full_1750,0.333500028403238,17.700029718069292,30.087377031906666,17.692238433459135,30.089555751192535,129.49594311426006
3597.2732590740484,2000.903542256857,3597.6510701512375,2000.9229086927749,6.4244842529296875,gaia_full_955,0.3783071092207415,34.88468606851114,-0.9742723973781815,34.893184578661206,-0.9738330051244275,129.50051402075954
2458.43371791482,559.1203277835145,2458.102696859473,559.0649490528945,7.2810378074646,gaia_full_1950,0.3356214279337774,10.469017618846758,-33.308945787317334,10.460712744058618,-33.310453744969706,129.52868364672773
1788.1649955236192,3574.4625674110393,1788.3441718170457,3574.1916348644636,4.848322868347168,gaia_full_145,0.324820856658071,-6.6375842731971835,34.29882419545025,-6.632655840274658,34.292840087974135,129.58064167872936
3234.5828943295037,3011.005598145969,3234.5459288861875,3011.0481923485604,7.123495578765869,gaia_full_3508,0.0563977844773141,28.009887785231005,20.867415123426696,28.009140042115366,20.868383462501455,129.58119130757012
2948.159973035857,3282.0368081984298,2947.935805778416,3282.252147545873,6.451084613800049,gaia_full_457,0.3108407853964316,21.978162052317714,27.153866290263046,21.973372176631358,27.158891320079885,129.60419034389196
3310.4681623711285,1179.8394884571624,3310.530553741901,1179.777646252394,6.202341556549072,gaia_full_446,0.0878472619804983,29.519524081799435,-18.68401057868765,29.52113839932739,-18.68525713986142,129.6149147702662
782.5228762604441,2913.9790239164845,782.7482337950285,2913.478469809453,7.912603378295898,gaia_full_2642,0.5489448355343792,-29.542525900292354,18.67881447675365,-29.53596716478771,18.668364663268715,129.62790860761476
692.0231155497914,1320.811978233056,692.1119165665605,1320.68305851203,6.0586676597595215,gaia_full_473,0.1565436522142677,-31.29098925358202,-15.555059995581125,-31.289238836459827,-15.557913839834237,129.63767398564218
2575.3133914160694,599.5404624146447,2575.047166124732,599.4911853737447,7.062652587890625,gaia_full_1763,0.2707473591884821,13.340837177617695,-32.300444455993485,13.334244624995234,-32.30180986066626,129.6453098713114
1244.2353368633353,741.7787074862002,1244.467595718199,741.8871972008649,6.7374701499938965,gaia_full_761,0.2563477986068546,-19.786311500033804,-28.82799574307925,-19.78029317391493,-28.82591955782714,129.69756455142132
936.7025895105628,994.1390365207898,936.7056937730828,994.181245037084,7.568819999694824,gaia_full_2286,0.0423225152082168,-26.444069647248835,-22.893705315380807,-26.44387096958817,-22.8927963850419,129.7593534417371
523.0898082278776,1755.8764483551774,523.0187361898686,1755.796658297162,6.738139629364014,gaia_full_686,0.1068535818063085,-34.42764394665286,-6.164378624763906,-34.4293255512342,-6.166031757382234,129.76147305632566
2847.6495764965534,3353.9827432631973,2847.3467398450903,3354.4584631025577,7.539304733276367,gaia_full_2269,0.5639320907968588,19.739570542914436,28.869555444104048,19.733532935516557,28.880422173724416,129.7663892209061
1370.692510442344,3427.7158357297053,1371.03271392106,3427.3444914409974,7.938161373138428,gaia_full_3402,0.5036218697460578,-16.876532431272143,30.654503837708937,-16.867066584174367,30.646699776226427,129.7784286144298
1079.3629918015731,3233.439534492019,1079.6976031416275,3232.864874008339,5.283212184906006,gaia_full_171,0.6649807669371178,-23.43815975833542,25.998514601389363,-23.42833875097011,25.98646018647891,129.8030849388584
523.9586659277353,2347.1741652666265,524.0120082994217,2347.0101093560397,7.450479984283447,gaia_full_2175,0.1725101458337368,-34.416883359844604,6.356343430458562,-34.415515715436065,6.352899033128774,129.83509633261772
3419.3960234396914,2747.3268923018886,3419.6618611877884,2747.29761934679,6.671933174133301,gaia_full_976,0.2674446002699069,31.633547141650972,14.983568753600537,31.63959177503078,14.982649470334593,129.87518726352698
1976.4063666764769,3601.575193070405,1976.408237666486,3601.2716064446963,4.30880880355835,gaia_full_186,0.3035923910654066,-1.8202681979720687,34.97267550553879,-1.8201134752225416,34.965846475513125,129.89530372063697
2371.3469828635552,530.1102571389479,2371.109316108764,530.0215410583378,7.242844581604004,gaia_full_1586,0.2536849015844653,8.29956200556043,-34.02259650000572,8.293623367784278,-34.0247414084726,129.92411999762408
1429.5353536461355,3459.251816217082,1429.799292711325,3458.790591933596,7.779536247253418,gaia_full_2163,0.5314053723950334,-15.492567071888674,31.422256700723565,-15.484779335433332,31.412326964624746,129.92652784237637
499.538456141934,1889.135453755055,499.4224759570111,1889.008247834147,5.71968412399292,gaia_full_223,0.1721416556468626,-34.85936195976773,-3.337035312227685,-34.86204112356347,-3.3396921304206275,129.92667500401464
2589.129880892939,3492.626335847509,2588.723859640967,3492.6911507889895,6.669198513031006,gaia_full_2855,0.411162052835771,13.684501726892085,32.24554412792093,13.674432204539078,32.24740540159191,129.9462600808491
3249.7667724959074,2999.4018710185055,3249.660620093381,2999.479192209178,5.830489158630371,gaia_full_755,0.1313274498691269,28.333495081520827,20.596758377649,28.33122310213541,20.598567807863006,129.95017608864367
877.7814608336691,1055.047132444635,877.7509343524305,1055.061216056526,7.185091018676758,gaia_full_1615,0.0336186582229463,-27.657809315217825,-21.495211205492453,-27.65848746139912,-21.49486502128312,129.95345682834903
2175.7468166957547,495.8673391292939,2175.602890641282,495.9186094381348,6.560136795043945,gaia_full_1035,0.1527853190744464,3.3173484541513396,-34.883023484642074,3.313608041782973,-34.88190968907836,129.99086250848293
3130.739580727451,3131.8880662628985,3130.650510089019,3132.0357903920694,6.957082271575928,gaia_full_2001,0.1724992665781556,25.909178274663038,23.62499815453244,25.907504505796215,23.628326534180577,130.0844780678627
995.980958830008,3164.3261419838936,996.2746717378686,3163.8343820232303,6.314314842224121,gaia_full_627,0.5727958896112353,-25.22753450845627,24.375433923192436,-25.21902346044617,24.365181549198088,130.09318598553307
2506.5162292474283,3526.519139130691,2506.2046249918876,3526.38257596923,6.562379837036133,gaia_full_1394,0.3402156803255481,11.672649724288828,33.08085136499874,11.66446640811681,33.078085501646065,130.12271561886163
3020.744405281601,861.2154018280914,3020.399131470919,861.2580923422533,6.894120216369629,gaia_full_2319,0.3479029812203877,23.58334381544639,-25.975512124542078,23.574892065380595,-25.9750760286931,130.1364966329244
3563.5326998897567,2389.9324365405237,3563.780395474215,2389.97735486794,6.995210647583008,gaia_full_1668,0.2517354935203638,34.315318044146785,7.2648624480055055,34.32096918811995,7.265668520065636,130.14912144590252
1222.200176702596,3344.386265614032,1222.4878470605731,3343.87950538878,6.84883975982666,gaia_full_1413,0.5827179083876506,-20.30347224779731,28.626115871362195,-20.294910279882217,28.615375026020086,130.1493438439019
488.7590478445399,1997.9815317055863,488.52631834570207,1997.8522517792503,7.495614528656006,gaia_full_2376,0.2662260674365035,-35.06443942352347,-1.0353531658221502,-35.06969757437234,-1.0380638714492996,130.16193774786117
2423.8969796387846,3553.3856140599173,2423.8104862878617,3553.1943664287173,6.298452854156494,gaia_full_1191,0.2098970133028849,9.62379230820559,33.75002960030837,9.62124979509504,33.745816466067254,130.1824133386999
3185.825254335139,3076.8394368010163,3185.6384704835773,3076.902471177151,7.07664155960083,gaia_full_1979,0.1971333045909097,27.051258153983902,22.355610170036197,27.047028662042123,22.357235973003316,130.18448461455108
3606.296304230992,2059.5579255470793,3606.6505273083594,2059.617753243206,4.573530673980713,gaia_full_83,0.3592399501216989,35.08443067564606,0.26522388457152035,35.09240326614335,0.2664796831020467,130.19294306491219
3395.005308779783,1296.2451076514324,3395.086382385846,1296.2495614620696,6.451955318450928,gaia_full_602,0.0811958498272959,31.18730339169561,-16.087728729451385,31.189162405018113,-16.0875384247995,130.19426268037958
553.5668910472764,2475.368163547311,553.5684147912441,2474.990797687999,6.304924488067627,gaia_full_937,0.3773689356184582,-33.90101399404682,9.08942563468173,-33.90044811692302,9.081429771862004,130.20166270900265
787.3200766811428,2932.1180125954875,787.6940393447305,2931.804968713299,7.215313911437988,gaia_full_2172,0.4876930857960841,-29.47898443665116,19.074290671026095,-29.469429709513594,19.06806467373446,130.21887231420197
1198.8176604917169,3329.5069061864274,1199.1320402159658,3329.040792931135,6.9956817626953125,gaia_full_1987,0.562224312688556,-20.83111886348375,28.267474199908566,-20.822028833692247,28.257680320727175,130.21966522985215
3442.563438457812,1381.193923448704,3442.6642431269975,1380.9252556222802,7.47968864440918,gaia_full_3302,0.2869564118204427,32.09050085261081,-14.222494821434665,32.09338344738604,-14.228110091142023,130.23926963184155
3587.909583377679,1811.2667125609073,3588.123558342809,1811.376423663906,7.184906005859375,gaia_full_2229,0.2404616639371658,34.7627683740617,-4.985174869265046,34.76750757400133,-4.982768828550271,130.30177280356207
3286.9212375845395,2959.1881654037297,3286.906978234845,2959.3514026028784,6.972630500793457,gaia_full_1959,0.1638588180098791,29.091413193408666,19.6817241427055,29.091527842172763,19.685249881058844,130.31331131026013
2319.1768587726806,3580.8570520717144,2318.9118413718206,3580.67263205598,4.795924186706543,gaia_full_192,0.3228698885960255,6.987858000378243,34.43497402545589,6.980816636792355,34.43098627263134,130.3343570977018
710.064670803468,2820.0755071249287,710.217112342785,2819.722162841037,7.870081424713135,gaia_full_2608,0.3848254225856295,-30.98511225741182,16.577696697172367,-30.98073748342874,16.57032957454216,130.34266232008815
2033.033483016068,3608.618835438921,2032.9275976149731,3608.5267471310303,7.999580383300781,gaia_full_2877,0.1403280963142456,-0.36062929094322804,35.13621638188765,-0.3633568594488315,35.134141254890054,130.35100355140656
3483.007309855089,2633.3056735415803,3483.091896175536,2633.154438605296,7.560201644897461,gaia_full_3511,0.1732825771960396,32.85594878717369,12.489827740700006,32.85759302303862,12.48653209721854,130.40352199692876
3353.2744665176433,1223.693141972843,3353.2441705622596,1223.705341994072,7.357895374298096,gaia_full_3176,0.0326601504987043,30.40032640145745,-17.689639642036518,30.399592957456644,-17.689416645385496,130.48348994938505
2772.165367911115,684.2666000893182,2771.8255889914503,684.1524940769884,7.084691524505615,gaia_full_1261,0.3584269748474751,18.039251105763107,-30.196412829892157,18.031156573391307,-30.199364369287647,130.48736639262205
2661.0431865262954,3469.037705344325,2660.658411439663,3469.10959610099,4.614308834075928,gaia_full_115,0.3914334530759686,15.432180493505527,31.643225845119204,15.422727189736914,31.64526023201466,130.6011676114475
741.0020920045416,2873.859095200243,741.1802525699143,2873.4984560365933,7.735132217407227,gaia_full_2227,0.4022459364762917,-30.402980176441876,17.766015105745407,-30.397926288607607,17.758521677179704,130.60728006652573
3037.8381621492244,868.982777639461,3037.822508495132,868.8588920719983,6.488738059997559,gaia_full_470,0.1248706158870368,23.971078563244774,-25.781698517690472,23.971085215115508,-25.7844187398918,130.60992302877867
2909.5216991975535,3325.037051811478,2909.253877003386,3325.03739260335,7.100727081298828,gaia_full_2746,0.2678224109885543,21.167963704866686,28.1495792840506,21.16142297984139,28.14995995345976,130.6508500311252
481.9981916562226,2076.119681314096,481.9504468244122,2076.010009721045,7.383655071258545,gaia_full_2781,0.1196136584462233,-35.21396375248435,0.6147181930134201,-35.215027348273566,0.6124006200347445,130.66386561606066
611.6573891324883,2643.613962305455,611.9364508790939,2643.331972102597,7.863088607788086,gaia_full_851,0.3967290422020182,-32.86050353733137,12.709559233980713,-32.85358480227432,12.703838922740983,130.67820983381006
571.3948984234386,1548.8607614473656,571.4477319923633,1548.808566835742,6.6414899826049805,gaia_full_1246,0.0742675130043169,-33.60237623442385,-10.58241445148402,-33.6012603216097,-10.58356538579454,130.69458609998495
2611.048700498785,601.0010130336348,2610.74153165556,600.9559409493709,7.246377468109131,gaia_full_2081,0.3104580342463972,14.23715361632867,-32.23073812380053,14.229532580562426,-32.23206989916279,130.7119280978851
1910.035480593848,3606.220165055659,1909.9339150654816,3605.975509521141,6.335825443267822,gaia_full_571,0.2648997680681071,-3.5345513420191126,35.06255333527157,-3.537004485889338,35.05702330227488,130.71821175677994
827.753010100802,1100.0143892736326,827.8419478442288,1099.9652450754015,6.598960876464844,gaia_full_670,0.1016123733883541,-28.704578100384808,-20.45765987802565,-28.702632678102106,-20.458838815313218,130.7655797579393
2866.883858004719,3355.8139813874686,2866.6271524675726,3355.7796044319566,6.8286004066467285,gaia_full_2358,0.2589971194278421,20.217154424154955,28.883856558627194,20.21074989641893,28.88345190656972,130.78257669123064
581.6235106667182,1518.2666546365826,581.8337735073512,1518.2617369303057,6.838799953460693,gaia_full_611,0.2103203413512483,-33.421096267064954,-11.240165164000574,-33.41631813322718,-11.240454509793858,130.7967793912726
3021.579935039192,3241.8002386481016,3021.2663667879933,3241.831030135375,5.971434593200684,gaia_full_1137,0.3150764412779765,23.63134914769105,26.17080506862735,23.62388012214398,26.171929566680138,130.79990849001626
484.326311514469,1932.8782565198792,484.355785831184,1932.6661567944943,7.794750213623047,gaia_full_2155,0.2141378734695281,-35.182001221239915,-2.409469698318226,-35.18141902235479,-2.4139532225417537,130.82630689121686
3608.564073062539,2173.381657104426,3609.0579111595216,2173.288048774568,7.934679985046387,gaia_full_2985,0.5026316598166722,35.1619681264501,2.668529824859099,35.17304697583426,2.666444968874898,130.8627940104521
1001.8597221366236,3181.958249896526,1002.0493564947024,3181.4733745011167,7.1336565017700195,gaia_full_2276,0.5206393558282337,-25.141090736331147,24.766696316639013,-25.13505394646044,24.756445913048115,130.88379493796802
2104.879692464717,480.31727119275,2104.714312135399,480.08785742072155,7.470672607421875,gaia_full_2899,0.2828097100910603,1.4959566698509226,-35.24678368507917,1.4917491076973044,-35.25196520249351,130.89819090835763
1609.7975809360507,3544.035789211955,1609.872224881171,3543.6363480917007,7.452390193939209,gaia_full_2679,0.4063556657573983,-11.141926631163289,33.491724997851136,-11.139221668802008,33.482870213055484,130.91177976626335
2160.6137666272034,3610.625078913677,2160.641187558942,3610.55415231011,7.739710330963135,gaia_full_3073,0.0760426892669604,2.9345540455680235,35.16781740631731,2.9352217699126437,35.16621576867971,130.91668951632926
2009.04928066506,478.77497338990304,2008.8554329114104,478.73812608980234,6.888982772827148,gaia_full_928,0.1973187145701636,-0.9811786868490485,-35.28352286856557,-0.986197440135616,-35.28433610864972,130.95236077075114
3252.8865852035688,3014.1208122094827,3252.7740186624424,3014.2017458586283,6.372304439544678,gaia_full_1623,0.1386415585067998,28.44853119475518,20.90925427662005,28.446120390466653,20.9111524418384,130.97869147703452
1392.3331115822532,639.2353855353105,1392.7239358991071,639.4107553548383,7.509374618530273,gaia_full_1483,0.428366922445877,-16.41056797912642,-31.27927283281584,-16.400331003057914,-31.27585912359974,131.01505271887703
3546.298469563948,2490.355323059028,3546.3784900157107,2490.409490826817,5.781228542327881,gaia_full_656,0.0966303253000055,34.055559729973126,9.402611224918626,34.05745425679246,9.403698364671166,131.0775178863049
1927.018442673114,481.7261637871849,1926.8249888514688,481.8506282254093,7.449239730834961,gaia_full_3123,0.2300342963379796,-3.09999648406429,-35.203308690533035,-3.104918831736367,-35.20046036522756,131.0971095662149
518.03529188072,1706.466547624257,517.9827155413141,1706.303856959848,7.649622917175293,gaia_full_2604,0.1709752138503068,-34.59366068755005,-7.2068462912300175,-34.59503388095751,-7.210255740358283,131.10189820544247
1661.3001058059178,3561.7171197045673,1661.6311741069446,3562.127438957882,7.382580280303955,gaia_full_1943,0.5272268103820105,-9.863333900580894,33.929609255747614,-9.855626882157392,33.93904647440409,131.1117713739903
2779.5498180093887,679.917651330331,2779.072878290252,679.7201318270443,7.874935626983643,gaia_full_3741,0.5162222872646962,18.234718603964584,-30.282906148379844,18.223464385971234,-30.28788014274473,131.1358124746212
3616.013051991613,1976.794247772215,3616.5199842946586,1976.855925232776,7.580306053161621,gaia_full_2321,0.5106706071554191,35.31108515544283,-1.4815334471908497,35.32247883265026,-1.4801697958103703,131.1577501678143
1220.564172447945,3357.421638244577,1220.953601062124,3356.998618980057,7.406513214111328,gaia_full_2827,0.5749782114974501,-20.38284768482043,28.910177566372017,-20.372004307648037,28.901424309197964,131.1809640681144
1840.9931806480456,3603.283315468508,1840.7342797028125,3603.08545382785,7.319621086120605,gaia_full_2543,0.3258510829913865,-5.31257048022183,34.97148415956012,-5.319041230086522,34.96692717206915,131.21596597948806
3595.9503652833723,1793.365289850583,3596.099885154468,1793.184924441318,7.744140148162842,gaia_full_3600,0.2342816098456743,34.95876114865435,-5.360049834578106,34.96228746355632,-5.363793939876967,131.22402315431518
3014.4016305190744,839.6141123136824,3014.0765777460037,839.7229484638581,6.954469203948975,gaia_full_1298,0.3427894585105673,23.497288101891993,-26.455532957510613,23.48909284574512,-26.45363290191342,131.2450164862767
2443.458138480282,3560.7124544077915,2443.127955895614,3560.653584114284,6.620462894439697,gaia_full_1258,0.3353896997160639,10.136137722030737,33.898592993559205,10.127599607875053,33.89754237375971,131.24918366331474
3242.621585959906,1062.388615785317,3242.666596900218,1062.2241505538884,7.776772499084473,gaia_full_2989,0.1705133340726881,28.257878838346915,-21.300075697244353,28.25941670577797,-21.303552971158577,131.29239887184082
2594.676330705931,3507.2721871012827,2594.346514670796,3507.3215800857542,3.7358906269073486,gaia_full_22,0.3334940538408887,13.85923760180316,32.56554599059008,13.851033592085919,32.566993063623805,131.29366557607148
1943.0899538454953,3616.810981501125,1943.060265294754,3616.5537409202734,7.334198474884033,gaia_full_2301,0.2589481154245125,-2.6871823066609473,35.30918599071398,-2.687814933277227,35.303394048740785,131.35098444738935
1815.250149072968,3601.13243768311,1815.257560910564,3600.7734739540683,6.680725574493408,gaia_full_1698,0.3590402402293556,-5.973596742767259,34.91128438899255,-5.972993832534347,34.90322901205314,131.3697429256583
3494.534684428305,1458.696745852916,3494.6100205953926,1458.6116149749032,4.572127342224121,gaia_full_90,0.1136785136368336,33.12292901546177,-12.52112736537615,33.12481219344921,-12.522861839269925,131.37829174578349
3603.737258332323,2265.1318602165225,3604.119786749222,2265.2124389982914,5.372503280639648,gaia_full_284,0.3909231763486134,35.10627824064268,4.607109325130093,35.11496080350213,4.608665476072232,131.39007779346488
3565.190702188042,2441.109231654334,3565.3899363560195,2441.2559225440436,6.8309783935546875,gaia_full_2317,0.2474115413909863,34.41538438798526,8.346775057614451,34.42008815837672,8.349744131325188,131.39847998223127
2632.8064791321867,601.5151806210042,2632.3986201020184,601.4288535428191,7.374969482421875,gaia_full_2607,0.416894894329278,14.783390406212904,-32.195502856461324,14.773347944495166,-32.19787434474645,131.4243612792371
2602.1076828034043,3505.9740283854194,2601.4653251086484,3506.0604087859783,5.956424713134766,gaia_full_2658,0.6481396312623061,14.043589886881897,32.528775262693905,14.02759550633251,32.5313827542839,131.43008841420547
2866.3707932792836,729.0239214069985,2866.0383810186595,728.9036222988152,6.816188335418701,gaia_full_1218,0.3535106595888166,20.2322406253299,-29.08583851215073,20.224435716204056,-29.088938856967825,131.43688791873
3056.9922224761804,872.4695567240377,3056.6608174191297,872.3099897600259,7.2477126121521,gaia_full_2559,0.3678191510004731,24.421090169179593,-25.677932332364414,24.413619277566216,-25.681888730051,131.45730831393016
2725.4713795772577,3447.97672140896,2725.2393101581692,3448.254425248815,7.911359786987305,gaia_full_3434,0.3619055649561289,16.98609219736368,31.100038898255875,16.981076500240444,31.106467944907607,131.47746598031475
481.2294063945065,2211.3386243011996,481.1319359532754,2210.9552013129096,7.124820709228516,gaia_full_860,0.395618092183658,-35.27524372728619,3.46863683332441,-35.27722727297249,3.460517799114998,131.5030394368854
600.6854087171106,2643.236200707619,600.8705940843433,2642.953776524736,7.2610087394714355,gaia_full_2316,0.3377233176940274,-33.110379012102236,12.690769206969,-33.10560076752179,12.684954354350692,131.52558800211318
3476.003341187674,2679.9943430528547,3476.0063647006,2680.106160867011,7.902736186981201,gaia_full_2773,0.1118586840309604,32.788031077610306,13.489146955610662,32.78832973916874,13.491520380115514,131.5364087743929
3375.194924768872,2859.80587978352,3375.2700870517792,2859.818276640429,6.8608551025390625,gaia_full_2643,0.0761777581254244,30.881553145431585,17.43745493092584,30.883325613295035,17.437625106378057,131.57589639628452
2461.5423744282625,534.4226192739673,2461.311817716914,534.3119051074427,7.912692546844482,gaia_full_2812,0.2557616543132872,10.595489333928919,-33.858339419778915,10.589822392171246,-33.86100730115799,131.6209511161344
3454.2013338323804,1367.2472897365742,3454.395205484164,1367.2369256757572,7.2588324546813965,gaia_full_1931,0.1941484770010989,32.387557942988266,-14.506795407181748,32.39202975979836,-14.506802596190843,131.67211462438604
2467.0788124129895,3558.579252979552,2467.724212548889,3558.571952209065,7.809627532958984,gaia_full_2933,0.6454414277602117,10.73477645498878,33.83135364776739,10.751225227568721,33.830640872866454,131.69355102702625
2843.169350715732,3383.5610947374216,2842.8967040151074,3383.4865908769416,7.025651454925537,gaia_full_2754,0.2826429701724492,19.71738344929549,29.52611749263458,19.710437195514096,29.524850336017817,131.6996655760867
3468.6199978780987,1394.533465130935,3468.6984046951766,1394.4991745614534,7.421470165252685,gaia_full_3200,0.0855772874052841,32.659499688346536,-13.910828772348786,32.661368486734915,-13.911474387485958,131.70363616211273
2430.200719509668,524.0801327528095,2430.0934016756955,523.8159704712596,6.910580635070801,gaia_full_1069,0.2851294942341478,9.81442235632159,-34.115045580518135,9.8121599556048,-34.12103861870451,131.71563500636657
767.5425935553835,1159.8746182980497,767.5430667806008,1159.7517111984002,7.435522556304932,gaia_full_1887,0.1229080106678826,-29.945314041371844,-19.091096921346416,-29.94563832314103,-19.093730953637483,131.7568017021504
2069.49323063242,3625.592547629796,2069.4277487247828,3625.288896784237,6.273211479187012,gaia_full_799,0.3106311578656811,0.5827268830758556,35.51778637216996,0.5809957192098976,35.5109575446868,131.75961402391943
1485.5702028415174,586.6367706660766,1485.7092701177507,586.657833751965,7.00197172164917,gaia_full_1157,0.1406533359224576,-14.206510436696504,-32.55285362894351,-14.202949478294274,-32.55253603896874,131.760957068134
1445.4777728404422,603.7445438033144,1445.78561173859,604.1878253374355,7.887230396270752,gaia_full_1679,0.5396881559804481,-15.172938879866463,-32.12828477951365,-15.164048595493142,-32.11879889921754,131.77005682924803
3170.41471460228,974.5363815392031,3170.1497528809514,974.3676777333936,7.712594032287598,gaia_full_3058,0.3141109483352462,26.814360194372544,-23.29874602020664,26.80858589552589,-23.302779243930576,131.77810890126247
2944.3162548287096,777.0590175254206,2944.017032803413,776.951722312004,7.967875003814697,gaia_full_3659,0.3178774657707306,21.992121551455917,-27.923028307797676,21.985160981847958,-27.925805594314284,131.85527630248427
3599.154455360008,2323.8746786819925,3599.3964471701556,2324.0306728024443,7.343179225921631,gaia_full_2682,0.2879135318009999,35.05174056200108,5.849372833373189,35.05734754286179,5.85255013627292,131.85903600667666
1504.936763136177,3517.377411616513,1505.2343494719048,3516.888864553527,7.028589248657227,gaia_full_2412,0.5720453303403786,-13.741885265094073,32.796248252767505,-13.73318114760086,32.785694374482745,131.8711465735366
2950.484960041851,780.3008638446121,2950.05299102117,780.3783712454085,7.434225082397461,gaia_full_2637,0.4388674424088684,22.13233645711594,-27.843236782937094,22.121564850886426,-27.84216428744037,131.9258104685237
2365.010345103781,503.688019126986,2364.8112964721104,503.5575773537839,7.131308555603027,gaia_full_1406,0.2379819614301311,8.178021463176416,-34.61883488201046,8.173110648153834,-34.6218899006852,131.97406582741664
3388.749144621027,2848.0518562220764,3388.685485860603,2848.0905960302475,5.501710891723633,gaia_full_428,0.0745198665850857,31.16554202330763,17.16935041312859,31.164166802399578,17.17025730001636,132.00263927016314
1321.0545842847785,664.4624497618057,1321.265094297864,664.5128897900338,5.364673614501953,gaia_full_212,0.2164686167944294,-18.11555204606492,-30.632476841839935,-18.11017394499905,-30.63163719676291,132.01580576426375
524.7488531662458,2455.78737417953,524.7875932748839,2455.5278755450254,7.977884769439697,gaia_full_2609,0.2623744220139145,-34.52697826564965,8.654432926039966,-34.525746784325584,8.648972844881841,132.0448024445699
2709.045213121114,628.9086968414048,2708.6786653424806,628.8651864570154,7.230411052703857,gaia_full_1954,0.3691211556804447,16.623294290831538,-31.49892037909164,16.614244987106492,-31.500332654615406,132.12150407968343
2907.3120894042327,745.589017618653,2906.8846913138955,745.6016575623933,5.002562999725342,gaia_full_255,0.4275849574080408,21.185987674003364,-28.665059299370547,21.17547502546084,-28.665389500239637,132.21528810946037
921.9005374290912,3125.784720688671,922.2311762154116,3125.380932551604,6.150444984436035,gaia_full_588,0.5218877912495385,-26.873847696896473,23.432867558544814,-26.864743005423936,23.42462986787106,132.2320678044277
1900.9027311320897,470.4895261607051,1900.739781526161,470.50767127045833,5.592816352844238,gaia_full_460,0.1639567597881791,-3.7829056545884425,-35.448501962457556,-3.7871103892950084,-35.44804277647657,132.25695422326734
2985.182923720388,801.5610240707222,2984.790143372114,801.4650377665873,6.218548774719238,gaia_full_578,0.4043386854749237,22.909420393698227,-27.328273574518406,22.900184047849457,-27.330944165565462,132.2826036075932
3212.0375852364314,3084.0394115108325,3211.9164793540513,3084.0993980109815,6.283045291900635,gaia_full_933,0.1351481222481459,27.69255056632424,22.473371631519743,27.68986878981652,22.47484122548512,132.30592755421475
1632.1001567577484,3568.73121794356,1632.2108091947453,3568.1560812784373,4.710875034332275,gaia_full_621,0.5856843393685414,-10.622559108055881,34.06259111976341,-10.618598402885901,34.04983308690463,132.32144967619953
1046.693591847938,3243.623083250227,1047.1938134533552,3243.146685667708,7.547660827636719,gaia_full_3160,0.6907794953211214,-24.25766947943976,26.17278343249198,-24.244085994557437,26.163161823825188,132.3287812927769
3161.065509635758,3138.004017654741,3160.8319021718016,3138.0609597960015,5.817997455596924,gaia_full_769,0.2404471972545283,26.64940355859694,23.71325240083515,26.644022187819346,23.714828870200964,132.32931612254515
1019.2443336101612,3220.0471056111473,1019.6787524173806,3219.577074664897,6.509275913238525,gaia_full_726,0.6400381164423217,-24.843575058999704,25.619436990245866,-24.831635985517124,25.609873180363678,132.33861014227458
3619.840546595736,2236.5097816978737,3620.24935348832,2236.589075293986,4.965533256530762,gaia_full_204,0.4164259235544209,35.449551183205365,3.9974362105903207,35.458813536668714,3.9989723799684986,132.3824646008531
3539.4505641099704,1536.781002997542,3539.5605048442776,1536.6639135676369,5.9962639808654785,gaia_full_616,0.1606141328012359,34.005502842599405,-10.824123615078738,34.00820139472827,-10.82650819464754,132.4059487579512
3314.841045215697,2962.403065290622,3314.8319499481513,2962.5403330464974,5.592933177947998,gaia_full_302,0.1375687489756943,29.752565145143656,19.712851987129145,29.752738274787344,19.715806856888957,132.41465063830736
3486.977771456943,1413.1310573152286,3487.120393860459,1413.1004647486548,6.661506175994873,gaia_full_689,0.1458665661292387,33.0409899030477,-13.496310112584547,33.04431718222398,-13.496810714595833,132.42256669804394
2123.4950068749167,3631.99300513584,2123.41909198845,3631.736808447049,7.756254196166992,gaia_full_3740,0.2672074350289941,1.9841840057225286,35.65599394966413,1.982114429605477,35.65024351898984,132.46298307168706
2142.4763848467665,463.543703069383,2142.2428537960955,463.402376983715,7.751101970672607,gaia_full_3126,0.2729648587598028,2.4757369613598508,-35.61788999188589,2.4697510865022627,-35.621116879814615,132.46791826000145
740.8571895511254,2911.3852851697775,740.9802790386634,2911.3489228832013,7.356722831726074,gaia_full_1516,0.1283481118965488,-30.504891594170992,18.568733623864816,-30.501931051689574,18.568119066908434,132.47722759538593
2311.7243540045465,3608.4215014561023,2311.3652651941065,3608.2299194473153,7.177117347717285,gaia_full_2766,0.4069993118840116,6.832523455974585,35.05755446956864,6.823009970685805,35.05345778982164,132.48530623099697
465.65826344297056,2181.794556843074,465.565187180084,2181.6079844449205,7.1284332275390625,gaia_full_1102,0.20850048073264,-35.61097901755737,2.841475768846235,-35.612989504495246,2.8375212955950313,132.5392213301905
1233.947354635818,3384.955569708968,1234.2427998796131,3384.4028328413037,7.2147626876831055,gaia_full_1838,0.6267423210192247,-20.137841164339918,29.53351753988925,-20.12885595613877,29.521784618878673,132.55843412869967
3565.507863751254,2488.9794377915528,3565.751691848275,2489.030907128168,7.7537946701049805,gaia_full_3742,0.2492011908251871,34.4892571682655,9.359019594728434,34.494863554485384,9.359923368312494,132.59981201459794
3594.627812688426,1708.3760861697644,3594.924881552782,1708.432835700142,7.652182102203369,gaia_full_3422,0.3024407700162793,35.0133918084382,-7.15556297752642,35.02004246564944,-7.154190274179144,132.6040694345082
2689.014969369095,612.725035416137,2688.786063335161,612.6563898655934,6.636621952056885,gaia_full_1659,0.2389773712735496,16.1660353567082,-31.88161897605754,16.160479906061234,-31.88341580512751,132.61068612726336
3634.6244171533335,2095.3212811553294,3634.901015915075,2095.3580534139337,7.925493240356445,gaia_full_3484,0.2790323888004395,35.72551614839624,1.0181415253932646,35.73174624504321,1.0188926878119502,132.61496821840308
2550.32082454584,552.9225964268333,2550.5684018948145,552.3311517160673,1.7732802629470823,gaia_full_14,0.6411718877323528,12.81616760014704,-33.36370854409921,12.82382310374144,-33.37663587545155,132.64892357075166
2108.9196640074783,459.19295370942575,2108.893565859975,459.2169199339421,7.114041805267334,gaia_full_1968,0.0354329397691236,1.6070335501555824,-35.72148849504499,1.606348596199655,-35.72095285541445,132.65497080695724
675.4437188335226,2814.7677392376554,675.6972759380717,2814.536782992945,7.470600605010986,gaia_full_3297,0.3429752064480016,-31.771537893633617,16.422468019585757,-31.765119067968076,16.41785571037969,132.65507180087943
2089.430383011658,3636.328108494613,2089.287064134005,3636.105071180703,7.153450012207031,gaia_full_3165,0.2651149639078158,1.101564069031679,35.75792169968083,1.0977946550753217,35.75291695773457,132.70213860906782
3503.636180923497,2653.1035260166273,3503.696870820968,2653.3354062378585,7.361316680908203,gaia_full_2243,0.2396908439079229,33.36558193547825,12.889911468234427,33.367430293489846,12.89476930178245,132.7116933931066
1063.288484020668,3263.29552930514,1063.779495762807,3262.6509972948024,6.021796703338623,gaia_full_1381,0.8102555419546799,-23.919819345414094,26.625629236147837,-23.905876477733838,26.612326968652205,132.71409925950132
978.4117817261098,3190.141987625387,978.7743159439824,3189.7113875925443,6.473059177398682,gaia_full_1171,0.5628920388607597,-25.728080318615476,24.9095514471619,-25.71802871120337,24.90076310185379,132.80523268992934
2198.2416194876864,464.4394279047873,2197.9966840724837,464.42213521679537,6.699278354644775,gaia_full_1160,0.245545097036166,3.920742856947654,-35.582853526229016,3.9144082674587874,-35.58332234705839,132.80680884628055
567.5732661894466,2605.1940983486707,567.6908009963545,2604.7491736996735,6.654280662536621,gaia_full_1194,0.460187325031984,-33.793802769087165,11.852031838491317,-33.790302662307965,11.84271556782057,132.8347376540963
886.12342787698,996.2491849359268,886.216405814313,996.2977745678288,7.750733375549316,gaia_full_1932,0.1049087658828896,-27.635990567626884,-22.775078098481682,-27.63363925052399,-22.7741674310157,132.84749455155213
745.1258480336271,1169.3096377152258,745.1088125947035,1169.2878686265904,6.7569499015808105,gaia_full_1232,0.0276423479345866,-30.441683964230986,-18.859039050092196,-30.44214011272629,-18.85948183657865,132.85387783457276
1707.9283551263768,3597.323167887268,1707.9394179553296,3597.0267140754413,7.507170677185059,gaia_full_2400,0.2966601569659025,-8.73063186290189,34.76141286933103,-8.729853336924053,34.75478166973745,132.94197067422175
499.6992535633136,2407.9250324160416,499.6844368626364,2407.6853495687697,7.376457214355469,gaia_full_2113,0.2401403795602917,-35.032263891520046,7.6265770013149465,-35.03230760786857,7.621507975824345,133.00638998943685
2874.6557519855755,3381.051223113808,2874.3774537336003,3381.102113089512,6.183263778686523,gaia_full_729,0.2829128959231013,20.4855672426644,29.42730270754122,20.478871237122316,29.428812573982828,133.01100591486696
456.54453891351216,2139.2522564243604,456.50638780361874,2139.143135912854,6.548932075500488,gaia_full_1274,0.1155975484925527,-35.7997324533692,1.943270144326927,-35.80055688459982,1.9409654792858897,133.01142206941822
2664.1327515312005,594.7677757534412,2663.890881103647,594.7536150538847,7.539745807647705,gaia_full_2582,0.242284603589961,15.589399859218593,-32.309293268306675,15.583348893760567,-32.309892619016445,133.07983773178177
2319.6472582417146,479.7050894647528,2319.511700939891,479.6641571369603,7.589650630950928,gaia_full_3278,0.1416023924099147,7.044858712900082,-35.18478627315072,7.041414995920953,-35.1857832399316,133.1238334424019
3605.914694494649,1727.3540322553215,3606.073542342636,1727.4568818157409,7.181944847106934,gaia_full_2357,0.1892370758825758,35.24739800384454,-6.748570639470244,35.25087576770985,-6.746312269880217,133.15051012138503
1036.7646702763975,3247.926985035502,1037.324072008316,3247.493728660048,7.119865894317627,gaia_full_1860,0.7075601631981335,-24.511019917775023,26.251530380118478,-24.49612229692575,26.242953569230167,133.182325081059
1541.833655946577,3548.30742364162,1542.0401472821009,3547.9175679515483,6.360332489013672,gaia_full_687,0.4411645166236029,-12.879866385223059,33.52290396549378,-12.873704762855196,33.51442900711161,133.1924835454021
470.8440295170528,1811.7648931535484,470.7344057505379,1811.634951431108,6.544242858886719,gaia_full_1544,0.170006533450189,-35.557202430938226,-4.960208912588635,-35.55977831920117,-4.962902335426116,133.20173202973015
2645.262795105873,584.5908063588404,2644.952516570772,584.4798254093548,6.433783531188965,gaia_full_926,0.3295292710719685,15.140975014727125,-32.5570764977281,15.133440703329534,-32.5598976331685,133.20378448572103
2235.5672285930987,3629.8409177415742,2235.2932631133554,3629.7102122446686,6.800455570220947,gaia_full_1161,0.3035473785298344,4.888272646610445,35.57543011753921,4.881047570347956,35.57260527950663,133.20724121003008
3003.0841477223785,801.8871181878839,3002.6742857865365,801.7209198860533,7.035062313079834,gaia_full_2374,0.4422767029626179,23.343146454150908,-27.29469963617998,23.33373056952536,-27.2989345098378,133.23100000352483
3400.8983766884553,1238.465649508492,3400.7851468998824,1238.390195356641,4.881226539611816,gaia_full_271,0.1360673144139569,31.46580989091973,-17.313662787654103,31.46338274675876,-17.315416573528903,133.23478591336618
474.12538020227373,1787.830494649278,474.0151480014404,1787.783179951034,5.059753894805908,gaia_full_203,0.1199575707093515,-35.503278167070306,-5.4661419353749565,-35.50580675463121,-5.467089135362469,133.27523629655028
2074.45455387209,3643.9315651206553,2074.3753357425853,3643.559226577747,7.086282730102539,gaia_full_3674,0.3806724347485509,0.7138531726494968,35.930133897085184,0.7117403563636192,35.92176130483539,133.292178349317
498.6156084497514,1676.3487029766786,498.6018474155912,1676.1900949458586,7.764065265655518,gaia_full_3465,0.1592038740161705,-35.06877682106013,-7.831193876031193,-35.06928660922781,-7.834532673097797,133.3105183943113
1733.7684706608088,3609.6030287007543,1733.7941324070855,3609.3621552508102,6.887767791748047,gaia_full_2870,0.2422365457769075,-8.085077077747684,35.05429849286095,-8.084039250706814,35.04891766374901,133.44175547010593
1921.6705215383895,3640.2613163733217,1921.7211762503464,3640.1068222338263,6.670925617218018,gaia_full_2030,0.1625864046650275,-3.2560474014178746,35.83121806153228,-3.254631362246065,35.827758092003265,133.4645763398088
2831.3434256141295,3414.772765867741,2830.9580410956805,3414.8311245490895,6.407060623168945,gaia_full_927,0.3897780942393997,19.520267385611383,30.22886783851298,19.51090053172613,30.230684092353886,133.48255084561845
3601.345881028796,1690.857175636338,3601.6639923699067,1690.8450177404434,7.30202579498291,gaia_full_2342,0.3183435876152647,35.185822341736554,-7.521257151533591,35.193031474209924,-7.521316144193377,133.51091125591768
3176.6042928785805,3141.4710777398996,3176.5385048353646,3141.5692317773855,7.3210601806640625,gaia_full_3091,0.1181620992745791,27.030040434941604,23.764995068591343,27.028785299767293,23.767213547073005,133.5271988250377
2946.818563407594,3339.107953982329,2946.481705663381,3339.2111789821975,7.226523399353027,gaia_full_2040,0.3523188051098779,22.123640949980633,28.40424735655269,22.115734673976235,28.407000182495082,133.55954529214046
3013.1062850629505,3289.2650177459313,3012.7833017020353,3289.2345821812764,6.210378170013428,gaia_full_1306,0.3244142028703116,23.577218962416264,27.217625459555833,23.56928110678595,27.21744733932298,133.5717598890857
1441.4684089645343,3511.466134377012,1441.593973703008,3510.94057379111,7.625070571899414,gaia_full_3292,0.5403521379633932,-15.329815785709652,32.594261843015815,-15.325242925128808,32.582749936991945,133.58197148597634
2259.4888757966423,463.2248223329316,2259.3474481950047,463.1848038928574,5.103686332702637,gaia_full_306,0.1469804138343939,5.509109193037174,-35.58603310076861,5.505487878321552,-35.58699686897415,133.5946479842908
1164.9781108753052,3353.2752081296517,1165.2791719433442,3352.8119395705626,7.637540340423584,gaia_full_2624,0.552499343464997,-21.733453031731898,28.740302497083828,-21.724586953663902,28.73060242286149,133.62866450215867
2923.523599092156,737.3525829557512,2923.1693141222977,737.1999683888641,7.4035844802856445,gaia_full_3470,0.3857577554549688,21.609457536503644,-28.822153573438154,21.601257279903777,-28.826011578518287,133.6362894363927
3465.2542525048034,1338.9064222594584,3465.3411857359024,1338.798340611574,7.384329319000244,gaia_full_2659,0.1387048278853473,32.705106458900275,-15.096966291567393,32.70735397660907,-15.099162462751721,133.6467143762682
1755.5427091767565,476.97609375776767,1755.4453070237782,477.0333343327561,7.420851230621338,gaia_full_2217,0.1129763817344372,-7.53443324728442,-35.23466173855813,-7.536864804923793,-35.233317654110884,133.6691263646116
548.893749713396,2588.451408800402,549.1344203216804,2587.918183954548,6.729612350463867,gaia_full_1250,0.5850222884027325,-34.18883211828393,11.480180948694002,-34.1823882158142,11.469120034547034,133.76101093820208
3315.7486436465115,1106.798805956461,3315.5179477611377,1106.6405097042302,6.688343524932861,gaia_full_2327,0.2797825852311961,29.844597913779367,-20.24301748487868,29.839656845767447,-20.246735398716503,133.77948118396145
1909.9526931080095,450.6933822720351,1909.6523945757176,450.88142476789017,7.195973873138428,gaia_full_2867,0.3543150981032801,-3.562576553139564,-35.89632528615512,-3.570246906034364,-35.89200743919995,133.8127819043079
1660.7478710440528,498.9529492121044,1660.814877082768,498.9361515078442,6.288516521453857,gaia_full_413,0.0690794621628335,-9.93930869293632,-34.67461200902359,-9.937618974885167,-34.67504183447507,133.81956688708166
3643.9656923346215,1917.239361752527,3644.4372622320934,1917.3108712775584,7.351652145385742,gaia_full_2493,0.4769609841191561,35.960496827302066,-2.7317881356167946,35.971082565686295,-2.730174188483369,133.8328253828517
757.4678288931551,2962.267450566178,757.5811522110896,2961.757210192369,7.122167110443115,gaia_full_1249,0.5226733334049518,-30.258837956221477,19.679932556938393,-30.254737465001266,19.66917158120435,133.87666997799266
862.6097100141909,3090.3143855433796,862.9731304073216,3089.7103199211306,7.523705005645752,gaia_full_3107,0.7049607493515639,-28.169547953069493,22.58004750939913,-28.159076690471394,22.567585378573916,133.87687867989575
1758.9872936526936,3620.7175096950423,1759.1121957732162,3620.531203115897,7.307820320129395,gaia_full_3069,0.2243004260897986,-7.450835117298152,35.319616637972494,-7.4473360173487,35.31551617465387,133.898414093227
1199.326457678332,3380.500158756475,1199.529189266701,3380.0543798956114,7.631147861480713,gaia_full_3220,0.4897130687609458,-20.97677838575095,29.38664007480987,-20.97036643589543,29.37715820162799,133.90484834852927
457.97614002388383,1838.5416990398408,457.7892956307778,1838.3894839917928,6.340089797973633,gaia_full_685,0.240998440010319,-35.82707446163119,-4.391054434752425,-35.83139421804498,-4.394190630695235,133.92663843908463
3543.1854899470445,2598.698634588853,3543.0831234385505,2598.1727330612157,7.452259540557861,gaia_full_983,0.5357717040238527,34.16376304159041,11.698783178647004,34.160462986709696,11.687751383598144,133.9442640454313
1664.8691205604175,3598.318010228347,1664.7749103423976,3597.851049083559,7.977816104888916,gaia_full_2963,0.476369894012088,-9.83955543914383,34.75108656256843,-9.841100850749644,34.740566675268425,133.95523132098072
3030.390133188207,3280.772611127057,3030.158594150379,3280.9629580096007,6.478065013885498,gaia_full_942,0.2997369875947377,23.96870617843046,27.00659335217255,23.96371739377579,27.011087640091326,133.96059289661193
3627.45009987035,1782.4654357905736,3627.694786419969,1782.4473477084966,7.289303779602051,gaia_full_2750,0.2453542057468795,35.67897730812187,-5.575707501820435,35.68451460262014,-5.57597429056996,133.99230882461907
3559.8673694710656,1538.1377909150913,3560.0654788164084,1538.0318218024008,6.536455154418945,gaia_full_1267,0.2246703486367375,34.46753927279961,-10.777714946398735,34.47222538002353,-10.779782517592414,133.99549107594962
3640.1007561905863,2231.8495937679663,3640.4450140977287,2231.877202248625,4.9789276123046875,gaia_full_202,0.3453631926456722,35.90308173540624,3.8925549662982792,35.91085560637673,3.8930232328872845,134.0061291692723
3467.5455071320366,1333.976383490325,3467.64867682333,1333.771247197058,7.579763412475586,gaia_full_3577,0.229618997508487,32.769201201356196,-15.19905525019279,32.772050805935756,-15.203292875840948,134.0267843696968
2973.0688218216133,3326.5195237783755,2973.042353339966,3326.7650464313883,7.707311630249023,gaia_full_3584,0.2469452442610507,22.72416323500474,28.09024424475873,22.72431789601874,28.0956448168135,134.05822737216548
1984.8313895820395,442.39412344841713,1984.58943010072,442.37882366976714,5.638303756713867,gaia_full_201,0.2424427227760331,-1.6189269801359236,-36.09936733157511,-1.6252325423153686,-36.09967825958352,134.06173184576747
3644.990223445133,1897.907727629368,3645.375923139016,1897.8851732063,6.761007785797119,gaia_full_1731,0.3863585845576189,35.99279035899079,-3.1384300245126453,36.00148783880063,-3.1388024182918595,134.0684590514069
460.111475053249,2283.013191548554,460.1706973698144,2282.8230624549424,6.662209510803223,gaia_full_683,0.1991390343879222,-35.79984942117751,4.97213871806505,-35.79836072453634,4.968159678284007,134.08108725432038
3278.4894432739147,3038.947675641085,3278.381260125502,3038.9262464945496,7.6881232261657715,gaia_full_3692,0.1102850938326884,29.12339974910204,21.406362080014286,29.120789840327856,21.406059963070398,134.0828611725022
2686.3147831769775,3501.9830865348085,2685.888078760837,3501.685856392067,7.9744391441345215,gaia_full_3524,0.5200215538880703,16.15537941156566,32.34358888088224,16.143808265386195,32.337527556732454,134.08791288294617
1021.3216428087644,846.2298027631114,1021.5889583160848,846.2959467976079,7.629270553588867,gaia_full_2423,0.2753772208326424,-24.883082801639425,-26.224699484362137,-24.876417745699744,-26.223671380840596,134.0970923774184
1201.8398463447468,709.3889137206605,1202.057943505638,709.4277775704086,5.226077556610107,gaia_full_195,0.2215327750153879,-20.927997146343436,-29.48041204312972,-20.922500042143703,-29.47987487143155,134.11232951979648
3652.001400052781,1984.4611753516533,3652.49277133979,1984.3035466470767,7.870736598968506,gaia_full_3610,0.5160354156486652,36.119237693509405,-1.315771660948372,36.13032913692382,-1.3190329847710802,134.12908212902107
444.1237008648315,2155.2096548949185,444.0324902830562,2155.109984960637,7.743346214294434,gaia_full_2799,0.1351053885951259,-36.0847799644171,2.2769931366019893,-36.08679619539665,2.274878454996107,134.1440319548733
653.0632229255374,2811.0022228648477,653.1836396053839,2810.6378904491576,7.648664951324463,gaia_full_2749,0.3837164133938525,-32.278730244207416,16.31480373870461,-32.2750510759433,16.3072012543396,134.15284526249627
2125.3634226606237,3652.090500294111,2125.295140159586,3651.9146399916567,7.037182807922363,gaia_full_1985,0.1886513872920245,2.0408259979695345,36.1077573660193,2.0389755330990194,36.10381333931696,134.15484707809657
1473.0549111616947,3532.7177051378226,1473.2573513256907,3532.226547315314,6.890198707580566,gaia_full_1457,0.5312419661606756,-14.587251986823588,33.102375734752066,-14.580847288212649,33.09169513049496,134.15580300377553
3529.8482195527376,1457.977111069624,3529.931154628979,1457.971843502015,7.396825790405273,gaia_full_2288,0.0831021909440214,33.93050538218626,-12.501670211464418,33.93240893142363,-12.501699243013737,134.15782741903277
2496.929635326502,3580.2844466174984,2496.5334031050124,3579.9124903748525,4.558765411376953,gaia_full_896,0.5434624364111426,11.542425308670182,34.28948560397784,11.53147926209103,34.28155203573986,134.18341949340882
2791.4443608699935,3447.62889996739,2790.991062347976,3447.945984609615,7.428106307983398,gaia_full_3213,0.5531927515778101,18.629619312778836,31.006927253398498,18.61928925271997,31.01452927413585,134.2028621912151
1254.2355875806595,3419.7632485406316,1254.455716641403,3419.245365164338,7.084932804107666,gaia_full_1512,0.5627255057528706,-19.74440888520854,30.326901227489028,-19.737334544710077,30.315822960849477,134.20453068535562
1687.2223740432698,486.671611129417,1687.152824515396,486.76287520056144,6.962730884552002,gaia_full_1356,0.1147443572004747,-9.280831592814065,-34.97016013792165,-9.282460056795454,-34.96806459374559,134.2208415349442
440.3625982900668,1974.778965512006,440.2289236502925,1974.6911371566084,6.031927108764648,gaia_full_293,0.1599460200524625,-36.15829323207442,-1.5192596516038361,-36.161323330237195,-1.5210898927411787,134.2734054364518
3147.971409903564,3183.2958074821327,3147.836832853648,3183.2653784888626,7.798196792602539,gaia_full_3538,0.137974294691229,26.48100762691655,24.712254516485515,26.477690406159162,24.711802698363293,134.36492225270476
2089.1384764386853,3656.46275820845,2088.9151228459323,3656.186986219059,7.097207546234131,gaia_full_2938,0.3548760593903787,1.0984154132240382,36.21094440550527,1.0925324164804948,36.204760799839256,134.3770625049494
1094.8987826974292,781.9974302392521,1095.1713748769812,782.01767764997,4.920058250427246,gaia_full_117,0.2733431067243111,-23.31116532349474,-27.73434028528819,-23.304461849252306,-27.734311427772102,134.39302118653748
3563.2597078455474,2560.3107798145606,3563.4197502963343,2560.4589364870976,5.889477729797363,gaia_full_474,0.2180916909722023,34.552323179788175,10.868771722315365,34.556219023719095,10.87176172959162,134.39494157826925
2043.861517405199,3657.7446985423567,2043.7044591395832,3657.408290780955,7.294649600982666,gaia_full_2336,0.3712647043951891,-0.08183234429452568,36.24174478972456,-0.08592159848278647,36.23417449752488,134.4254207369406
2865.103261489998,686.9003568515374,2864.7814823797166,686.7710481066883,7.0918731689453125,gaia_full_1802,0.3467889088595947,20.331814136412387,-30.012770032389746,20.32426763411966,-30.016069256877312,134.48261616749573
1426.3953030766445,578.2843713947559,1426.5588476290625,578.2984969087092,6.8969621658325195,gaia_full_1105,0.1641534366681721,-15.721739529467369,-32.670597980570726,-15.717572379517563,-32.670481731990925,134.50114864758635
3599.068901784887,1640.0457757509848,3599.9025967768166,1639.0085436779505,7.08203649520874,gaia_full_1401,1.3307508079649464,35.199940680072245,-8.594689939138656,35.22025968990205,-8.615974911560084,134.51645913333746
2543.210093647587,3567.7892213520495,2542.8809976877938,3567.8005418077973,5.983855724334717,gaia_full_784,0.3292906064112832,12.697276723482654,33.965963517932416,12.688903384798765,33.966548483367326,134.51814575257708
2654.3945227172567,3522.3000123230154,2653.8977679083528,3522.226577719187,7.336386680603027,gaia_full_3409,0.5021533443168595,15.40604727247915,32.83237994597998,15.393291896563383,32.831339916311954,134.52406106902512
3628.9567825792287,2338.328718093711,3629.203304968398,2338.411819691886,7.158722400665283,gaia_full_2534,0.2601521938803504,35.73840169196889,6.139331217915851,35.744050178208084,6.1409543040849375,134.54954065897863
1223.2063797765547,689.0398755455931,1223.5558736168005,689.3773354499399,7.4602437019348145,gaia_full_2505,0.4858241774669701,-20.46568833937985,-29.957645551030954,-20.455974090268395,-29.95073958869443,134.55696863791385
3450.638108667922,2804.063571153081,3450.690721700142,2804.263096291525,7.858309745788574,gaia_full_2998,0.2063453707510269,32.48537157703974,16.15528446293447,32.48707633456416,16.159461631651496,134.61038477845918
2181.735768934855,440.9565218473476,2181.496359477976,440.9617790415996,7.451743125915527,gaia_full_2456,0.2394671713085162,3.509356509029596,-36.11592541876678,3.503118447307855,-36.1158784027489,134.61499509444482
960.885097943168,892.3127503370696,960.978076176975,892.3795557580154,5.726869106292725,gaia_full_257,0.1144898084093727,-26.185268517618468,-25.132928763714144,-26.18282104845411,-25.13162633291763,134.64107703399878
3637.440673375806,2300.9452610498706,3637.783869387003,2301.0827558381507,7.554889678955078,gaia_full_3613,0.3697138338039987,35.89499239931488,5.34813592443355,35.902853969895794,5.350875366895015,134.66704056137016
2377.582088243042,3620.2243061823833,2377.4480144812937,3620.236219760327,6.975647926330566,gaia_full_2060,0.1346020316666079,8.549997236654399,35.2803520349894,8.54655376441093,35.280713776824975,134.67345646187388
3640.237151067092,2286.0867381277944,3640.644735095087,2286.218961700161,6.714720249176025,gaia_full_1248,0.4284948225667486,35.94551565509666,5.0341691407667515,35.95481574708591,5.036778704410259,134.69111351699402
1092.4349154948704,3314.7308234798124,1092.56138801957,3314.3736061522486,7.945423126220703,gaia_full_3056,0.378945271267108,-23.38016627697966,27.79007813729509,-23.375904411748053,27.782483763979293,134.70038112259155
2947.466331975262,3354.7599072525086,2947.244540010052,3354.8119205727453,7.022408485412598,gaia_full_1809,0.2278092652064167,22.19035002857443,28.74551728198265,22.185084610980468,28.746985710124957,134.71406481284674
475.0134244798064,2394.654082811218,475.14089472139153,2394.4071730307996,7.357343196868896,gaia_full_1751,0.2778724566342676,-35.574587519932216,7.331407384353343,-35.57141264682946,7.326283290323957,134.73616468344585
3656.8651144182218,2157.517073524117,3657.0742102426266,2157.664248008885,7.4412055015563965,gaia_full_2774,0.2556978544105496,36.24297024846715,2.324162598089038,36.2477332180416,2.327215946055143,134.75221525872692
971.0917563387848,3213.9682739537384,971.382584890552,3213.431133423893,5.910740852355957,gaia_full_385,0.6108201006235785,-25.9807575813168,25.414518592114415,-25.972007443308506,25.40333791140007,134.78084408488405
542.9488498497315,2605.6619837030657,543.1832675032817,2605.451365232867,6.298606872558594,gaia_full_1273,0.3151377100331101,-34.355948951701734,11.838628772945597,-34.350211417662216,11.834399115690573,134.78672990379013
822.6555166143385,3060.358577756153,822.8311182051798,3060.168198447246,7.4633402824401855,gaia_full_2310,0.2589984555279042,-29.020428218333983,21.87657474465354,-29.015701503927833,21.872748029750742,134.8039863929253
2612.477065869911,549.5434944213973,2612.1042194227375,549.4635904153963,7.34655237197876,gaia_full_3184,0.3813123697767404,14.402961418546534,-33.37272048983634,14.393701732177249,-33.37491594719817,134.84153434406
3264.718554157056,1025.737322506095,3264.6393700938597,1025.538829590025,7.802548408508301,gaia_full_2183,0.2137043602604024,28.888572918777214,-22.05618979950263,28.887319381780006,-22.0605715113269,134.84573817334572
1878.9554048517737,3652.956265333783,1877.6323249684417,3652.074819588114,7.0396809577941895,gaia_full_1408,1.5898072148018076,-4.376582006206865,36.102829826488794,-4.410245253686444,36.082528470578026,134.8586535298409
2772.34923822312,3467.3186767568654,2771.909572054972,3467.307561039862,5.784687042236328,gaia_full_625,0.4398066604526287,18.21281979037528,31.46682003941032,18.201795361062157,31.46716511611319,134.86318025297365
1943.966925332388,3659.288340819157,1943.59064221726,3658.998859120824,3.769129276275635,gaia_full_46,0.4747511310153613,-2.6871370677143567,36.264696942909886,-2.696790979365857,36.258100290025936,134.88535903000547
2908.5936959147325,709.6903339999069,2908.36719082308,709.5826542687807,7.308815956115723,gaia_full_1796,0.2507976894629467,21.331811166887682,-29.449842977823675,21.32658286326641,-29.45253516042383,134.9033391330441
1309.141174839114,3461.8226849968796,1309.4473220630705,3461.3134533838993,7.0590410232543945,gaia_full_1773,0.5941741818647726,-18.508634677170583,31.32872473681269,-18.499433180310557,31.317914489458747,134.94239997018263
3234.033096570347,989.2920256761678,3233.8948980975356,989.1416621935072,6.515040397644043,gaia_full_624,0.2042253529931962,28.277226748463658,-22.885837651001466,28.27442876654639,-22.889282335007106,134.95880839693794
1743.8204792768015,3630.668066948562,1743.8656683609895,3630.366109534855,6.554460048675537,gaia_full_1545,0.3053200501480088,-7.858115147840775,35.533042510390764,-7.856477957885363,35.526303984271294,134.9832793875567
2812.0862431536693,647.768134310736,2811.764660148584,647.7371016571592,6.6225666999816895,gaia_full_622,0.3230768557909152,19.139414458407458,-30.94786310142471,19.131504235682126,-30.948992526998268,134.98389483989664
709.6710601671389,2917.488593254823,709.8157418278092,2917.1195012051735,6.249107360839844,gaia_full_549,0.3964362799352936,-31.246908000766286,18.657135695169973,-31.242519570178636,18.649458691997953,134.98607406472163
3081.4132292721606,3253.29301806067,3081.100386082956,3253.6148865729756,7.109680652618408,gaia_full_1041,0.4488543196244764,25.112073259193043,26.331157904370194,25.10559244419382,26.33862728605706,134.9920244205474
924.5945724571484,921.4723610532836,924.7107873202428,921.4538159186476,7.072909832000732,gaia_full_1179,0.1176852430117567,-26.95818861279837,-24.446603358794405,-26.95547393874472,-24.447183179521883,135.00468079523336
1407.5229728810357,580.4258861618108,1407.6876039494707,580.3899057739809,7.611795425415039,gaia_full_3027,0.1685169932156684,-16.191994800686306,-32.60011066118355,-16.18794351023247,-32.60111122216335,135.0362617006699
3314.0334912691624,1081.4671521367045,3314.103927849723,1081.3300741715889,7.939944744110107,gaia_full_3537,0.1541158019194954,29.87907440807405,-20.788131227742383,29.88113735367553,-20.790964746591694,135.04974631956995
1002.926930903562,3246.8480954561023,1003.3764344362488,3246.2535945653635,7.071384906768799,gaia_full_1316,0.7453084831042921,-25.32367194072447,26.176359137292486,-25.310856489364912,26.164162362077413,135.0526132916658
2200.057420148631,3656.7538103338934,2200.0335504927025,3656.707148907102,7.647342681884766,gaia_full_2583,0.0524123003156578,3.989428045707287,36.19350289508274,3.988768405793017,36.19246214518291,135.0832718045484
3408.1319932372267,2883.1894772427067,3408.3039201896772,2883.4790086711655,7.293349742889404,gaia_full_2577,0.3367303447037582,31.70615163817167,17.893771065382026,31.710917627078572,17.899711203102942,135.09230733664452
2745.335006841697,3484.966233812813,2744.844130719139,3485.0692996586695,7.719239711761475,gaia_full_3644,0.5015794416441656,17.58940452153806,31.892250097148416,17.577399643626105,31.895171695697677,135.10682448177792
2258.908544513284,444.02181427646025,2258.7255922423706,443.9905756356645,6.554916858673096,gaia_full_1980,0.1856000703426537,5.515123075738192,-36.01755634733618,5.510398705735871,-36.01834318877886,135.17906076383147
839.1105204222605,3086.1851432042236,839.4729152609839,3085.804797441534,7.627651691436768,gaia_full_2557,0.5253502815543672,-28.712357651507546,22.45599605183546,-28.7025959137703,22.44836982179213,135.18327483872187
1920.9861509136044,3661.3675849769,1920.958363077371,3661.077627584504,6.179140567779541,gaia_full_1454,0.2912858617366049,-3.287765554589698,36.30560360340643,-3.28829664738215,36.29907616605737,135.2172507367398
906.6713288154832,3159.1617651980646,906.9533276393164,3158.669337139251,6.740119934082031,gaia_full_1085,0.5674581303937544,-27.34225833398749,24.130455564493356,-27.333932927209275,24.120269006439827,135.2424630597323
2553.6966877352825,3573.577989898644,2553.291632635065,3573.534924449691,6.798617839813232,gaia_full_1660,0.4073380256072728,12.978811319629296,34.08416270984959,12.96835990041676,34.08362380797041,135.29031113437614
787.3604734761506,3027.0608218817556,787.5297536141211,3026.6904747749963,7.351106643676758,gaia_full_1551,0.4072011107502936,-29.749258576911654,21.11017033099909,-29.74415866774578,21.102484334386858,135.29835023157992
1803.248757626884,447.35856991408247,1802.8014642667151,447.4888408956731,4.590950012207031,gaia_full_65,0.4658775361568798,-6.339067671116532,-35.92670189082714,-6.3505263138276575,-35.92353871673677,135.3390343572621
635.2945376503984,1285.986638536102,635.3672886280631,1285.9026394825914,6.151742458343506,gaia_full_374,0.1111240106449952,-32.681201467126506,-16.22924932708159,-32.67973266109359,-16.23112434084125,135.36875181689757
2708.9703977242025,586.4823121519852,2708.6269019851825,586.3298917653835,5.419392108917236,gaia_full_339,0.3757942215850205,16.74166434540023,-32.437813430357174,16.733453528111976,-32.441622744054996,135.42227349485208
2275.109629558678,3650.5727706673542,2274.9250163986426,3650.49096365029,7.487460136413574,gaia_full_3010,0.2019267364646649,5.9372272545852125,36.02306056018315,5.932327648433911,36.02131660703708,135.43550584381305
3660.53730135802,2205.5001946480247,3660.891826330429,2205.6955540951517,7.315272808074951,gaia_full_1281,0.4047879316913157,36.34790526473698,3.3320284942597476,36.355997058453724,3.3360335804567236,135.4436293627296
890.4316971430328,948.485264907431,890.5670145542931,948.4610748221698,5.143497943878174,gaia_full_129,0.1374625840551909,-27.684692741779404,-23.811137208279288,-27.68155087663902,-23.81186742725128,135.4632220386704
477.2826568892605,1656.402199090478,477.1921514834298,1656.290957888892,6.801276683807373,gaia_full_1175,0.1434079266109789,-35.57738976862217,-8.237573956427019,-35.579587338911175,-8.23985495797531,135.49009084665917
425.11700349461114,2111.2716508132585,425.03777740756664,2111.217739450482,7.662284851074219,gaia_full_1583,0.0958290556397246,-36.49951290924755,1.3502828811722185,-36.501283803018225,1.349141130668794,135.50845844951388
3638.0446305074047,1742.7736941032954,3638.305388755177,1742.676561929061,7.274490356445312,gaia_full_2473,0.2782616090169318,35.9567699436718,-6.406036306677192,35.96276041392618,-6.407939023641037,135.51952475658277
3329.836955450212,3001.636836103614,3329.7701783712178,3001.7524218610265,3.747671365737915,gaia_full_12,0.1334887470749794,30.217064498614654,20.531890301709485,30.215844600177146,20.534460486710902,135.53371766616186
3670.3560011847576,2017.7422186524416,3670.6712338038233,2018.0055990449328,7.392912864685059,gaia_full_3354,0.4107807630255015,36.52699163060841,-0.614607062189177,36.53405804489712,-0.6090578925368356,135.55641283077145
3446.3912152759135,1261.1331546461302,3446.5004835786517,1261.065364730213,5.033037185668945,gaia_full_167,0.1285886257928613,32.45972036544604,-16.77293361328724,32.46241873431704,-16.774235181576064,135.5602327849924
3391.4216725172864,1174.5110918822515,3391.233501350237,1174.416929188444,7.521576404571533,gaia_full_2955,0.2104162565344728,31.41746048120825,-18.69007393748428,31.41334619425255,-18.692340661267178,135.61191770895473
3670.5712419351503,2095.502438062538,3671.169006955244,2095.4124622278387,7.734246730804443,gaia_full_2878,0.6044986931977134,36.534425417282044,1.0188472770370476,36.54786128276167,1.016905090479551,135.64126265801806
3526.9623451119987,2684.5614078976228,3526.9809730522534,2684.7470341199,7.75259256362915,gaia_full_3556,0.186558555298502,33.96380625294638,13.53214644479051,33.96462820073827,13.53605494976232,135.64331698195792
2622.5130904320304,543.0897880470932,2622.142162544364,543.3042373335591,7.114527702331543,gaia_full_3684,0.4284576925605569,14.674855935158908,-33.5046338219574,14.66485914327592,-33.50029901286151,135.6690554848757
1463.117536326118,546.7493295066895,1463.1977796099725,546.7195780955551,6.7384185791015625,gaia_full_944,0.0855811373388518,-14.877707175120465,-33.413674539440144,-14.875749221139445,-33.414428559669666,135.69359467672942
3168.68819549755,3184.450455198487,3168.4334436880144,3184.561148292978,7.335209369659424,gaia_full_2614,0.2777614905449359,26.98019364760326,24.705160194849803,26.974468055443612,24.707947895168882,135.708436307493
2084.529757440407,421.53853949477315,2084.3324181960293,421.5877818495678,7.669328212738037,gaia_full_2898,0.2033902329940005,0.981480519934357,-36.5713005167435,0.9763099063567497,-36.57020922623785,135.72003644543486
2190.950456211624,427.8905316409544,2190.71524856809,427.8084529278958,7.244319915771484,gaia_full_1738,0.2491175439711219,3.7592573616528435,-36.40681642352668,3.7531793579015025,-36.408737127827926,135.78842569295847
3151.741766915078,891.924789099485,3151.4244063826736,891.7406809728652,6.707355976104736,gaia_full_1139,0.366897137922268,26.632982553201607,-25.112376224069667,26.625989664366898,-25.11685219721056,135.79435987821032
740.0561921575033,2976.1415605241236,740.2376527318524,2975.700507053003,6.664139270782471,gaia_full_943,0.4769235834288166,-30.70582524093948,19.95195332309514,-30.700288559748895,19.942790530927812,135.81579571689792
419.87594718903574,2068.0873910737137,419.80177051583314,2067.957835932739,5.553443431854248,gaia_full_243,0.149287351776422,-36.61106231902454,0.442832152214281,-36.61272187686331,0.4401087147364085,135.83922750916014
1106.3475319787035,3342.3663159825915,1106.6702887854988,3341.816009333037,7.873075008392334,gaia_full_3462,0.6379728559088172,-23.13290559399071,28.413930456037644,-23.123162856165887,28.40242536943486,135.8743472493055
424.92888082127945,1913.0057228831872,424.68555279888915,1912.797360022935,7.364452838897705,gaia_full_1493,0.3203491969911397,-36.527682861421425,-2.814883384630008,-36.53325848889239,-2.819201058595122,135.9375627948195
2615.335874536723,3557.200036616751,2614.8789150831917,3557.1572738332466,6.118269443511963,gaia_full_773,0.4589559868057032,14.509006943322422,33.65258214491979,14.49726594568172,33.65215539230188,135.9381405127452
850.0589076707383,3111.0622365669137,850.2771345584267,3110.6415517528967,7.328709125518799,gaia_full_1935,0.4739184394541924,-28.532259913478757,23.007369269442194,-28.525736829502858,22.99866107185325,135.93904111813362
3675.3979280426006,2032.7176712613752,3675.641884958272,2032.731379402389,6.858026027679443,gaia_full_2689,0.2443417480372957,36.63930734496393,-0.29989424854202895,36.644795740654025,-0.2996001190549721,135.95294873781953
2674.184642072,3531.1840004133173,2673.8391827036294,3531.2451035004556,7.398399353027344,gaia_full_3706,0.3508215535749717,15.931169766611548,33.00538991402153,15.922600103394572,33.00716967652683,135.9565744064265
3494.304292183791,1335.774137248245,3494.3624928142035,1335.6576499501443,6.9789581298828125,gaia_full_1214,0.1302175256992525,33.38015776410187,-15.129436545298127,33.38177026540364,-15.131836984799467,135.9723978949711
722.4958886667174,1138.9723274978726,722.6364361619658,1139.005799250821,7.289753913879395,gaia_full_1817,0.1444782221167799,-31.054432655646234,-19.47603202447211,-31.05105658961738,-19.475516856887776,135.97992834445014
491.02633816578935,1589.728935710425,491.0159711258584,1589.4039405874937,7.652987480163574,gaia_full_2516,0.3251604303205342,-35.36245653400553,-9.65265134452453,-35.363199377816834,-9.659492535450926,136.00005840199952
1513.2992814323084,521.9795797443497,1513.557100504504,521.8848955089159,7.867504596710205,gaia_full_2572,0.2746557453021976,-13.664582377044459,-34.02075700960357,-13.658239946143974,-34.023144401954035,136.01322436801695
427.1286285820208,2215.854059526491,427.19927961477265,2215.658387787603,7.400685787200928,gaia_full_1614,0.2080360493480814,-36.496436103748465,3.5477186397894402,-36.494730226632804,3.543629872683015,136.0284413268016
545.8147147562083,1445.3355951490778,545.5825903903983,1445.390345862439,7.598258495330811,gaia_full_2200,0.2384939450306308,-34.37440231457663,-12.750550421265103,-34.379593162425124,-12.749154435392272,136.03222124318717
2352.357452260865,3642.904084681682,2352.230112384088,3642.708618620078,6.856700897216797,gaia_full_1573,0.233286145016214,7.933703980482039,35.805851163370065,7.930090514299099,35.80155523790713,136.03932005102016
1026.8616807972678,812.406015189423,1027.112135296363,812.4693520013236,6.483153820037842,gaia_full_619,0.258338939880865,-24.86188834109848,-26.967746377044833,-24.85560660610234,-26.966764477585652,136.05802911647453
3207.4467938583252,942.6039264661548,3207.142146033193,942.4488284821476,5.103036403656006,gaia_full_604,0.3418562300162018,27.796205456888654,-23.931837406634266,27.78945949570255,-23.9356531994002,136.06622199536366
3083.7271877984213,826.3496662927178,3083.3754407662873,826.1821220215925,6.366767406463623,gaia_full_785,0.389611418469683,25.216124597699025,-26.63905314147338,25.20818762554882,-26.643241089779245,136.07357886433962
3023.7533348774905,776.1061840418702,3023.377560564864,776.0016865280259,6.643536567687988,gaia_full_1482,0.3900334145039991,23.93115879904522,-27.82478622331938,23.922360933357936,-27.827646747508087,136.14144407650707
2150.9709050356937,419.6689450430659,2150.8662940730123,419.5351290570452,7.735649108886719,gaia_full_2116,0.1698533827387957,2.7199384632329346,-36.6027866993198,2.717276936154917,-36.60582062714579,136.17745074408694
3569.2633113821257,1489.7540073836597,3569.273080283009,1489.82712657324,7.890388011932373,gaia_full_3416,0.0737688776474996,34.768358039494956,-11.79126210278945,34.768442624298864,-11.789709046119057,136.20130824915287
1833.5239452549995,3662.4807212011046,1833.5548815630232,3662.1059842228897,6.632681846618652,gaia_full_1521,0.3760117790652606,-5.569945572989268,36.29758821068156,-5.5687150226424755,36.289187605390836,136.20504114549954
2675.966262127876,3533.1942273136956,2676.0233812501538,3533.4031435702664,7.308052062988281,gaia_full_3527,0.2165839245866424,15.981956771899029,33.04772602748349,15.983996031283016,33.052283704001354,136.20634785544829
440.170957099584,1778.1696303786855,440.12792727260967,1778.0391962667743,6.950640678405762,gaia_full_2360,0.1373485477150837,-36.27813145005978,-5.653588599957072,-36.279223695775144,-5.656309351280854,136.21818609876465
1396.4022955447938,570.3188876407908,1396.6266467628498,570.4935849264473,7.435435771942139,gaia_full_2019,0.2843459348381022,-16.50166922796867,-32.809938167291406,-16.495494469768147,-32.80635642136028,136.22740316006127
1243.8646285751868,3441.0183437767964,1244.0502491647262,3440.5686245886436,7.022545337677002,gaia_full_1388,0.4865206588150125,-20.069490775562073,30.779256875629894,-20.06342020174902,30.769646076393713,136.2755662409633
693.3583737181397,2920.953165064308,693.50737973168,2920.514615920972,7.407083034515381,gaia_full_3616,0.4631718290136047,-31.636045508172376,18.70854157515621,-31.631345076807193,18.69940460914739,136.32089465809014
3451.564171771569,2842.1199650411963,3451.6362201713455,2842.2918514650128,6.430316925048828,gaia_full_946,0.1863757350160351,32.60318584448048,16.962921817047654,32.60529939184862,16.966480166397904,136.35911751242904
1491.4532310438503,3568.6387494469145,1491.6955986720636,3568.228095308903,5.440001487731934,gaia_full_307,0.4768426242182508,-14.213303883446432,33.92129590932402,-14.206047943839351,33.912443435245486,136.40446084663188
2224.4519505834783,3670.3199559853206,2224.358849476553,3670.047207340091,7.527265071868896,gaia_full_3076,0.2882006932416565,4.637826873534211,36.48940358009678,4.635135801183925,36.483311973644994,136.43729602816927
662.6825133951552,2877.2945766317453,662.8854225721675,2876.8696933517017,6.07107400894165,gaia_full_361,0.4708481026577351,-32.22787566742704,17.73732982512612,-32.222023782843934,17.72856503480583,136.43953034598135
2686.7997763381886,3531.577401657874,2686.4040337424826,3531.637814100526,6.992033004760742,gaia_full_1819,0.4003271977811793,16.251506315966704,32.998391753392006,16.24166715690015,33.000227123557046,136.45193273210393
3551.3624638327165,1439.4692459783691,3551.2483690685995,1439.4433495503897,7.473173141479492,gaia_full_3264,0.1169967528652292,34.458936966753676,-12.87123758248938,34.45638339198136,-12.871903526942301,136.4580609291127
3112.963452653337,3248.0026790219135,3112.7551500491436,3248.11550805798,5.2235188484191895,gaia_full_224,0.2368973750243152,25.855326695188438,26.16704066997577,25.850688095277008,26.169814120040172,136.46759144231015
2162.791681039574,3677.045215094152,2162.799532236445,3677.057533839345,7.665628433227539,gaia_full_633,0.0146079695864856,3.030820544216773,36.66089815607568,3.031033709425769,36.66117311864611,136.4732156491795
1048.2856454816767,3306.3276830932036,1048.5884612399116,3305.754119192633,7.776655197143555,gaia_full_3303,0.6485930399512209,-24.426151430440367,27.538780311703174,-24.416831731425933,27.526790166169384,136.50735260081933
1553.6874420370673,500.38999019226515,1553.9412989646437,500.445494830959,7.941197395324707,gaia_full_3449,0.2598540063092176,-12.684372269397588,-34.544188913381355,-12.677728937751057,-34.54321332141789,136.51000169432947
2960.947147041694,723.467260921184,2960.5712246152675,723.3677493115767,6.630630016326904,gaia_full_629,0.3888704554692638,22.573585046714648,-29.069722728528657,22.564690139641673,-29.072473882060613,136.53095013289524
1205.9960060666376,3421.075637320693,1206.275657519102,3420.628390411686,7.355538368225098,gaia_full_1691,0.5274796038544921,-20.94387980173937,30.286026184413632,-20.935474245239167,30.276636511516553,136.5609280581342
3323.614427846219,1064.6728825413395,3323.5270903124588,1064.6267518500472,7.657074451446533,gaia_full_3118,0.0987718860931715,30.154988146895175,-21.13352904468567,30.153078212550184,-21.13464652362178,136.60690910233285
1659.4997903101223,3629.373526277551,1659.672425595886,3628.866171681502,7.022181510925293,gaia_full_3020,0.5359212890181037,-10.037701611779372,35.44119829890968,-10.032239334389516,35.429997872729636,136.60938584845826
3652.26044794736,2346.8590211755736,3652.611042434259,2346.831867417322,6.576898097991943,gaia_full_2341,0.3516444522972171,36.273246621438496,6.306531557949332,36.28113518376387,6.305772459919387,136.61709101740402
529.2715509352287,2630.074315006731,529.4641889237839,2629.6337227146923,7.362204074859619,gaia_full_1962,0.4808648068204857,-34.714858035068936,12.341013633295583,-34.70959199024927,12.331905127742363,136.65477025485322
1229.5810527349531,657.0359564203228,1228.7422163004226,657.7662535182678,6.397099494934082,gaia_full_318,1.11219621252855,-20.41121961177165,-30.669407282686056,-20.42965949375829,-30.6521462649738,136.65947348764564
3479.951034892296,1292.6030411280535,3479.9728327602447,1292.6311242019488,7.607547283172607,gaia_full_3532,0.0355500504432988,33.154571147092774,-16.062320325352168,33.155003474960274,-16.061697458857175,136.67494826348846
3559.755005242148,2641.202807753091,3560.0119880544357,2641.2619801964465,6.851337909698486,gaia_full_1272,0.2637073071873873,34.62353744686536,12.581040285304637,34.62952355121148,12.5820271075959,136.68899167747543
1874.546562307139,3674.343073319399,1874.382364894816,3673.91692540909,6.403141021728516,gaia_full_595,0.4566867982270668,-4.5109567784801925,36.58176832822328,-4.514854940907939,36.57212851142848,136.70878563965115
2483.9888632816674,478.60945416876143,2483.747642061792,478.6192690675405,7.394294738769531,gaia_full_3732,0.2414208134281316,11.286256815620701,-35.0850990168281,11.280018607622555,-35.08510410608684,136.72382841328638
1994.6957967043145,409.93804879087753,1994.555559583341,409.9958330836343,7.663144588470459,gaia_full_1788,0.1516755569904284,-1.371131588674616,-36.83078990958015,-1.3747912268745455,-36.82947325060358,136.7287005686073
2390.362603540686,3642.363013531337,2390.0366369419476,3642.2379581126256,7.804932117462158,gaia_full_3211,0.3491318966267153,8.918885540155703,35.76681601665965,8.910208806685182,35.76426020799624,136.737456760939
3477.985671849942,1287.315488672993,3477.96129797065,1286.9185495123563,7.533673763275147,gaia_full_3548,0.3976867903747417,33.12250821004634,-16.17693548939196,33.12294431566364,-16.185385780951854,136.76875813738485
418.66387270172,1875.3392181228776,418.57265553000593,1875.11382346894,7.056260585784912,gaia_full_787,0.2431528787392531,-36.688771899649225,-3.604051553995764,-36.69096145975164,-3.6087542415165013,136.77648681978567
3671.5539970503455,1848.3602154952723,3672.028836928989,1848.2802007295988,7.642780303955078,gaia_full_3100,0.4815342906545181,36.620937667612765,-4.1716709337690885,36.63169359326491,-4.173180245557426,136.77883385419327
411.8700063829667,1948.4844223307557,411.7308295962858,1948.308909085996,7.555452823638916,gaia_full_2069,0.2239979398049219,-36.80733238704147,-2.0673068797771927,-36.81052539778808,-2.0709647223096845,136.7791994268446
1157.9098071220017,3391.6914207778195,1157.3967552447452,3391.0218538598083,3.686687231063843,gaia_full_183,0.8435295409476896,-22.03361495889374,29.570180796793647,-22.043997592315232,29.55475656238683,136.78512559468655
3657.697603515846,2330.8317831512204,3658.015640654333,2331.0192053909855,5.33560848236084,gaia_full_299,0.3691540564798293,36.37979410033244,5.966905362538212,36.38715751111269,5.970680609461931,136.7978430505814
2700.4841044976192,564.3525744396928,2700.0877286067953,564.3002685321474,6.281615734100342,gaia_full_1404,0.3998121493784715,16.592036110508946,-32.93829267906943,16.582166122974908,-32.93995812324746,136.8146850483494
3461.2549753310236,2837.014840593424,3461.2006468599434,2837.1039817252476,6.8564300537109375,gaia_full_2120,0.1043921651882034,32.8138835310524,16.84193388363551,32.81285999152767,16.843896815353904,136.83437909299724
2905.860045509669,3412.843032471336,2905.537860664078,3412.879548837293,7.367447376251221,gaia_full_2459,0.3242476209800171,21.358422866152615,30.0789102528307,21.350577177935058,30.080195112788754,136.8476878613305
439.7968096474549,1741.45664429304,439.7556393621185,1741.3877026893745,6.840334892272949,gaia_full_517,0.0802990480059022,-36.323078331305425,-6.424929927950161,-36.32408114166768,-6.4263559646563815,136.85129027344604
3326.7095246444987,3029.6546106476235,3326.699982625113,3029.994844916772,7.490768909454346,gaia_full_3475,0.3403680479082615,30.228712557544757,21.135906104053582,30.229538277600636,21.1431982808367,136.8574700611098
691.929982639763,1164.1550224803616,691.9978104404283,1164.04265715311,7.991646766662598,gaia_full_2467,0.1312500564245846,-31.69447870622182,-18.895967710740074,-31.693220198698434,-18.898456337986712,136.89528003382372
1022.1968348458518,3290.8416428094956,1022.5650820715504,3290.3108621902365,7.553615093231201,gaia_full_2105,0.6460139975385113,-25.00651390969708,27.161113339268063,-24.995760178804694,27.15017990216864,136.91078415638444
1847.9917590348753,420.3581347121548,1848.236148806252,420.8359555068391,7.829781532287598,gaia_full_1826,0.5366927167257165,-5.204494263406312,-36.55492965497517,-5.1975965227022405,-36.54430602121045,136.93998518571294
3608.4420454756514,2522.568937404344,3608.7086658501794,2522.7353538991306,6.708851337432861,gaia_full_1344,0.3142942472436751,35.51579645661328,10.033685864790254,35.52212232290824,10.03696765573379,136.94302958166577
3571.9608793073166,2620.8781323468907,3572.099954759735,2621.010217647982,7.410208225250244,gaia_full_2466,0.1918033060967897,34.861783979670044,12.139676602989931,34.86521362330035,12.142325670217154,136.96600789334659
2554.0563200334327,499.723610040941,2553.768103635284,499.6246948124213,5.978611469268799,gaia_full_512,0.3047177621916418,13.038441661399647,-34.544698466151274,13.03129455425319,-34.54720561324922,136.98132429184938
2888.182457803585,667.5489588518946,2887.8168035875306,667.3996747404233,6.283009052276611,gaia_full_780,0.394954113355006,20.966141015284723,-30.40360235681772,20.957573808712034,-30.407421254540772,137.00679830469372
3648.2086739453225,1707.1526034982453,3648.525850958188,1707.1033992769742,7.274202346801758,gaia_full_2686,0.3209708910185626,36.225990569885006,-7.149293521904692,36.23321802091943,-7.150134627340694,137.01379728956894
2257.9300592912664,3672.51009973156,2258.327510655744,3672.286368795175,7.649092674255371,gaia_full_2429,0.4560955152386007,5.514826956648513,36.52402411865009,5.5249593265328505,36.51881146455997,137.02274994753853
1957.945447222775,408.2245206247284,1957.745846073221,408.34846587165634,7.219101428985596,gaia_full_1166,0.2349532786308005,-2.335279137543532,-36.86343754124667,-2.3404524712693333,-36.860609298096975,137.02443085694904
3212.827791156778,931.4020102687836,3212.578571462106,931.270639624064,6.035063743591309,gaia_full_972,0.2817245152740169,27.961445729802264,-24.16461474892043,27.955942771665573,-24.167837565501497,137.09657478195825
2878.4626886140795,660.2884322120437,2878.194853950743,659.9950075796175,7.415076732635498,gaia_full_3173,0.3972825465569858,20.74918512446446,-30.577294974856798,20.74351125431416,-30.584128910489373,137.09974167241137
3686.3763299682464,1961.4846545127032,3687.006234476013,1961.5810348022355,7.371850490570068,gaia_full_1974,0.6372353169082405,36.898733109322954,-1.793860277914528,36.912881269430436,-1.7917407156497238,137.10420580860713
2932.0702070492857,695.1190865858306,2931.642864905571,695.0980493257648,7.292982578277588,gaia_full_2014,0.4278596429972373,21.95880478697323,-29.733546198247073,21.94833424751632,-29.734660161711528,137.10963922843598
1100.752884089979,738.5364643794493,1101.0467950427474,738.6434450754869,5.882030010223389,gaia_full_504,0.312775506524838,-23.314337854949343,-28.690794449734366,-23.30677249224811,-28.688923296299027,137.12873921496055
3662.7558045830847,2325.5336166154516,3663.1596690027,2325.6991978276765,6.5595526695251465,gaia_full_3412,0.4364900998568501,36.48879048548284,5.853058516918299,36.49806590808063,5.856333007072197,137.1360401588124
2855.4124754223085,3449.070636896244,2854.9542246567944,3449.234244729242,7.743397235870361,gaia_full_3728,0.4865812235511606,20.227032146036066,30.948418968229944,20.216164527163595,30.952684067752724,137.15392902502884
2324.0386749330983,431.6769782358539,2323.8638313644906,431.7651449400644,7.626156806945801,gaia_full_3621,0.1958153242593918,7.226789464021112,-36.25938536334671,7.2221036962749325,-36.25751566864262,137.1541430239689
2712.156870954463,565.5209842945417,2711.8232536735854,565.464922141166,6.717615604400635,gaia_full_2151,0.3382949233159216,16.883694454511843,-32.8973586944469,16.875428589114396,-32.89903313136174,137.17221710371624
445.4756033394709,2395.273897160553,445.4466302669368,2395.096412333122,7.321764469146728,gaia_full_2700,0.1798340982694152,-36.243172605902075,7.326194327009069,-36.2436134842833,7.322446333673864,137.17679575060805
496.1818455139534,1530.0124908488865,496.1104465324652,1529.9450476700456,7.884034156799316,gaia_full_2377,0.0982160726649397,-35.34481620950482,-10.915481912117565,-35.34655973988895,-10.91683829199027,137.2439473655261
1479.2129002205877,520.0491462038052,1479.3937862430128,520.1265332245707,6.822810173034668,gaia_full_793,0.1967447689056055,-14.539691814003293,-34.02528951170366,-14.534867057240723,-34.0237806342646,137.26016054406114
1537.1888506447615,496.5159126339108,1537.3481753254189,496.6022597865581,6.470836639404297,gaia_full_768,0.18121861007324,-13.117043367411371,-34.61319311253788,-13.112740958607368,-34.611440511833486,137.311078217475
2253.5709513785628,3676.7195330922127,2253.3051788042258,3676.738598753385,7.511860847473144,gaia_full_3301,0.266455551088076,5.40558901025546,36.6206056625776,5.398659122087461,36.621157427963524,137.32906425106236
405.8510879476165,2155.2159877313125,405.7085209016136,2155.0648215499673,7.629567146301269,gaia_full_2636,0.2077897422599918,-36.94631630608023,2.2696627315339684,-36.94946836993907,2.2664644949227593,137.33634928576308
3538.1477247882663,1387.0114905461355,3538.3075771855765,1386.8922007115334,5.525869369506836,gaia_full_254,0.1994563951475032,34.268801464736455,-13.994171988836985,34.272729687534515,-13.996513478787135,137.34247815751053
1783.4978627137614,3668.06861227104,1783.4587203028627,3667.814629277891,7.089503288269043,gaia_full_3713,0.2569814957147723,-6.882021198279043,36.39641173354964,-6.882686263109208,36.39069095113023,137.39915467474464
1063.1676245690917,3331.326663792034,1063.5008847988483,3330.7602894979864,7.655628204345703,gaia_full_1308,0.6571470320222312,-24.14975729562226,28.10589365014078,-24.139666266176825,28.094105075071234,137.4166067279311
1641.9296411919856,3634.136248632268,1642.0698706040496,3633.73903475421,6.83643102645874,gaia_full_2568,0.4212400181956612,-10.501813873299657,35.532623726869055,-10.49736463827663,35.52387010454752,137.4235066270577
3676.456774678766,1825.8165174596184,3676.804922521323,1825.9561224282384,6.67068338394165,gaia_full_1134,0.3750952779505117,36.74792976461045,-4.642973852314963,36.75567052732109,-4.639904955820624,137.441934605196
3653.96917465313,2384.8630924413965,3654.221902997967,2385.035485120792,7.015670299530029,gaia_full_1375,0.3059262201795239,36.35386590259806,7.104097865012478,36.35978063442411,7.10756591270892,137.44409294347372
1742.405305474237,433.90838546993473,1742.3269771116195,433.9361223612252,6.856751441955566,gaia_full_791,0.0830943291010257,-7.941246314210779,-36.191570315279144,-7.943241602711237,-36.190895781172046,137.46035852749887
3638.7981439782434,1647.440176246464,3639.046895698773,1647.3793094854173,6.595220565795898,gaia_full_1472,0.256090181511317,36.08952497541704,-8.410703779693279,36.09524208927662,-8.41180596177508,137.49784835865216
443.5356147604731,1689.5794836666846,443.4873166748053,1689.4227688783003,6.6113972663879395,gaia_full_651,0.1639885056259915,-36.29823535687594,-7.517164038576178,-36.29952213916701,-7.52042567814594,137.52723059018942
3425.1281881686095,2909.0577017171313,3425.0786642176927,2909.28308896796,7.440596103668213,gaia_full_2692,0.2307640235185837,32.17186159245563,18.421317743142968,32.171345083113515,18.42618002721661,137.54261383641577
754.5825973798775,3027.0942950431127,754.6947066836283,3026.908124255775,7.839313983917236,gaia_full_1787,0.2173201740414894,-30.519288629836,21.06207284984441,-30.51607840605688,21.05826325156949,137.55071581844348
1328.6863902799514,3507.9056960578637,1329.2034172197536,3506.2747984446632,6.767891883850098,gaia_full_502,1.710889792249673,-18.16142881655341,32.371662335856605,-18.143312206047767,32.336400728141335,137.55777474463764
2755.525924186366,3511.6962551195215,2755.0965176480613,3511.7332781132977,6.862119197845459,gaia_full_1824,0.4309996255299212,17.926852074380825,32.46872396543792,17.916152142448134,32.470127164354466,137.58153952938727
452.71151562281653,2445.6010879633527,452.7168258545459,2445.303587519311,7.217432498931885,gaia_full_1761,0.2975478327363483,-36.14459140262062,8.388774779721611,-36.144060259475175,8.382525362226085,137.6496561976637
3692.474440499303,2146.907704019964,3692.8743893618575,2146.9945921550766,5.266877174377441,gaia_full_240,0.4092781947306774,37.040655521542035,2.0946361784426184,37.049688346686985,2.09638467293715,137.6703727711438
519.9091684009304,1456.0419561511374,519.9899558178711,1455.9210926403623,7.433818817138672,gaia_full_1916,0.14537742250025,-34.944259691878884,-12.497876412826301,-34.942659364035094,-12.500508718798384,137.67926640909255
1538.636619018151,3602.7749287870342,1538.3679256432129,3602.4318508223405,3.663871288299561,gaia_full_19,0.4357735875360026,-13.093052887928335,34.7325313067679,-13.099097891149835,34.72460612580271,137.6858877646923
1331.284089448903,584.67754858718,1331.4465161349608,584.7244525267656,5.1205902099609375,gaia_full_179,0.1690633250956336,-18.100485780877708,-32.406492590350275,-18.096250371234234,-32.405681357938974,137.69677445783518
2853.4986283594612,3458.815356175213,2853.0913373014255,3458.8959469821375,5.439670085906982,gaia_full_814,0.4151877697098612,20.211532760136013,31.165216769961166,20.20164735044637,31.167587963379965,137.7928283314875
1690.7230869712655,441.9356006173285,1690.7874051672318,441.9225724197768,7.259472846984863,gaia_full_1417,0.0656244181978249,-9.27177285642402,-35.97408017978665,-9.270125779734679,-35.97442215279326,137.82125176169532
3039.9907088882737,3330.018175654044,3039.8026376277185,3330.0984773623704,6.436102867126465,gaia_full_832,0.2044973432760458,24.368587618954262,28.062817879404424,24.364281307247822,28.06486481033059,137.8791884248514
2031.2363755014296,3699.0156483760657,2031.1641355808683,3698.8102311114153,5.289638519287109,gaia_full_233,0.2177495321215022,-0.41453628576735757,37.17006651774423,-0.4164179820146981,37.1654420563392,137.88860362121207
3272.583041659854,982.087536090702,3272.525547346556,981.9217452472858,6.636466026306152,gaia_full_876,0.1754770635219665,29.213761942385194,-22.98106093718916,29.21294407304269,-22.984707575841437,137.90104980338427
2970.5112438297792,3383.0375608859404,2970.2476778720857,3383.094239474758,7.700968265533447,gaia_full_3586,0.2695913138164808,22.851407647265486,29.32782554470838,22.84512143248353,29.329476367211406,137.92225060562643
980.3821364145128,824.1479375728676,980.5845053255168,824.1883268674947,7.878272533416748,gaia_full_1836,0.2063600524845133,-25.946238710224343,-26.6390301222879,-25.94120681465707,-26.638483714503245,137.94406649936025
3617.528223045804,2533.1409511493284,3617.749571088688,2533.334979986602,7.186228275299072,gaia_full_2835,0.2943503792796774,35.739652114473884,10.248539636493064,35.74500592954316,10.252431975925886,137.95717551464065
3693.068799681784,1896.8598258145432,3692.428903893354,1896.7167425762527,5.701117038726807,gaia_full_190,0.6556976689988493,37.076063168939484,-3.1474690907446514,37.06172814974928,-3.150643779607488,137.99111344373887
766.1651459251766,1044.2965225622586,766.2648713718922,1044.1210357998054,7.789994716644287,gaia_full_1776,0.201843425751053,-30.317828112309346,-21.562965450559446,-30.316036434887856,-21.566870434474268,138.02570496455905
2653.318969425479,3566.989589009786,2652.979010684368,3567.097294399466,6.940647125244141,gaia_full_1716,0.3566123898911127,15.502915560105532,33.82471825812193,15.494561752131068,33.82752471056143,138.03522282516923
893.5761746407073,903.7789338215554,893.6477929602427,903.6915058117931,7.227386951446533,gaia_full_1543,0.1130169924570985,-27.758451861534137,-24.779240008293993,-27.7570373447804,-24.781238473647377,138.0441978510192
1436.969585287585,527.2072570827622,1436.911344604035,528.2503989957424,7.47428035736084,gaia_full_1332,1.0447664944074169,-15.596892566987403,-33.81577248383873,-15.595394277085175,-33.79257552270273,138.07368569781343
1026.4003650736906,783.3490862330868,1026.562187736058,783.3135913324561,6.75327205657959,gaia_full_985,0.1656697378113938,-24.97316756500274,-27.597749580304303,-24.969357358321947,-27.598781301898857,138.07403722876776
2138.124805637688,3698.630993091032,2138.09001123431,3698.2750472897105,7.006321907043457,gaia_full_2029,0.3576423688334537,2.3959902685981653,37.15215887700349,2.394896350579585,37.14416026662773,138.08712640477458
881.5361117123562,3179.8342235327336,881.911995116151,3179.3866545468836,7.320485115051269,gaia_full_2952,0.5844709833201631,-28.010813139056424,24.53620739868462,-28.000314583365626,24.52718006197688,138.0958976113694
3117.0882700223333,823.464634602939,3116.7386960699205,823.477423242397,6.850661754608154,gaia_full_1789,0.3498078008059582,26.032503405338574,-26.64818524872461,26.024009225497437,-26.64847690877569,138.1850789510438
3102.028367678038,809.6901167354123,3101.597496942146,809.6211196692759,6.436074733734131,gaia_full_1653,0.4363601565035592,25.716333034831624,-26.970876099981012,25.70613978983026,-26.973070932795558,138.23296867389362
2842.4432236319108,3471.3929180252426,2842.097880406925,3471.516145383017,5.899870872497559,gaia_full_886,0.3666700488830803,19.97737106659527,31.457782826107525,19.969152744809453,31.46099906459114,138.24339012786183
414.5152801052824,1779.8769617913315,414.51465275220903,1779.6269155147816,5.034700393676758,gaia_full_142,0.2500470635467784,-36.85544102982424,-5.6053316368346815,-36.855689304844255,-5.6105752497780506,138.30604143115704
3562.929284301192,2680.765051902967,3563.1038345410466,2680.9387225786422,7.549008846282959,gaia_full_2303,0.2462301562008148,34.77860798476439,13.412828141007507,34.78297637970154,13.416301478564762,138.3076437116745
2400.4281742631656,434.47246133209626,2400.17090541598,434.3287396262233,7.664635181427002,gaia_full_2905,0.2946916837496404,9.21156084294749,-36.14334101743277,9.205132586663717,-36.14675895441762,138.38076890364346
2229.6455844865995,400.9133750204827,2229.429975131676,400.8236321039533,7.250245094299316,gaia_full_1690,0.2335405425138571,4.796034290093291,-36.998824424820704,4.790464907382371,-37.000930643856414,138.4153156417478
3703.120111679987,2118.4610742865025,3703.491582013872,2118.6272189210713,6.081465721130371,gaia_full_676,0.4069327322208309,37.271691619739634,1.4968697706806802,37.28009324195831,1.500300934334088,138.4172462831058
1892.4079038967216,396.75952296169936,1892.201376161558,396.80319472523934,6.096060752868652,gaia_full_663,0.2110945956732488,-4.063166977880691,-37.102997419965874,-4.06855621397547,-37.10194255966321,138.46949061799165
1632.4973819122622,450.2269179590386,1632.629675522061,450.2461280268942,6.347898483276367,gaia_full_568,0.1336810603661448,-10.766353682763098,-35.73953973161914,-10.762883387157991,-35.73923019409218,138.4707301968945
407.2403278783131,2284.4436109641715,407.18728071905366,2284.2078423048506,6.23956823348999,gaia_full_503,0.2416627025907745,-36.99327995391162,4.979696755702579,-36.99427971283563,4.974731527662942,138.48029425290355
1522.4734562293254,3606.749095981837,1522.644324245609,3606.4238998874816,6.018036842346191,gaia_full_1167,0.3673532071081052,-13.518349814676137,34.80342201060982,-13.513120291819213,34.79637568648809,138.48364835631958
3439.781771244487,2906.61463859242,3439.75370555516,2906.808928950928,6.721467971801758,gaia_full_1898,0.1963069696333483,32.50540344634333,18.348950794861576,32.50530141050557,18.353117335290932,138.48560399893358
3393.079704336403,1120.8974076543498,3393.654923834497,1120.5482448757084,7.639871597290039,gaia_full_2668,0.6728982961605148,31.61139456824944,-19.83025391377866,31.62588090380046,-19.836844280667307,138.49878167974376
2438.7935355445534,442.8755336112847,2438.404167570804,442.9412002062557,7.883555889129639,gaia_full_2477,0.3948664592957446,10.192522606000464,-35.92385779962943,10.18227803904864,-35.922724666480924,138.51985751804
3261.7719364687523,958.8306213190508,3261.539802230806,958.7078129058428,7.269875526428223,gaia_full_1591,0.2626179940172546,29.034410767673737,-23.49716819429749,29.0293081189199,-23.500174808995045,138.561483719472
3666.4679103572066,2390.245394908241,3666.677582122763,2390.502989805256,7.213510990142822,gaia_full_2483,0.3321406031179492,36.64277781912716,7.209428319831087,36.64782693156712,7.214703264259357,138.56924198578056
3512.5463773374713,2787.4803902539697,3512.7643320850966,2787.752578162489,7.934013843536377,gaia_full_3266,0.3486983360392166,33.8707644557234,15.72677755923984,33.87646150261955,15.732263465905977,138.56942055646638
2401.606552026884,3662.636027308148,2401.542778530874,3662.629670356576,7.509161472320557,gaia_full_3214,0.0640895438167096,9.248031946149798,36.21198676227631,9.24635941384703,36.21189468539719,138.65271491115314
3628.7019648398114,2526.535237397789,3628.894782385578,2526.576623514562,6.144509792327881,gaia_full_1777,0.1972090682929473,35.982403582468734,10.1000192872038,35.98685123951178,10.100724684833544,138.66669179040298
3303.60274387879,3090.028501426439,3303.4910346517036,3090.160832112042,7.779354572296143,gaia_full_3673,0.1731772553437995,29.876078202082766,22.46330811194485,29.8738708287211,22.466316620477937,138.67192437878563
3064.298833950485,3322.1771190259815,3064.1312932687506,3322.264003328794,6.699168682098389,gaia_full_2254,0.1887293355873321,24.93340546320195,27.853241089668057,24.929632854481945,27.85539946882654,138.6831558193739
518.1570112210807,1430.477130931012,518.1550968904712,1430.4076917543991,6.719522953033447,gaia_full_615,0.0694655591667579,-35.03704343166965,-13.035155849111161,-35.037233858666475,-13.036617773383524,138.69066263546992
1596.7933180722428,458.472479948718,1596.8842333651787,458.4531746545458,5.892705917358398,gaia_full_295,0.0929423739351732,-11.672599977270261,-35.52192273550771,-11.670292638212558,-35.52244201492368,138.71440110045492
2365.7194464925287,3672.580300823529,2365.4685855557796,3672.374483639878,6.70991849899292,gaia_full_2528,0.3244871687338887,8.330169004950328,36.46159588673226,8.323270651652734,36.45716406227021,138.7323603064328
2795.1242784184624,3505.120920593535,2794.7692278438008,3505.246120013773,6.037449836730957,gaia_full_606,0.3764781605823607,18.902343174511,32.26839712107714,18.893824019270397,32.27166222822737,138.73410254529742
3022.115334617577,3356.457329931012,3021.7654893955487,3356.5241846187914,7.192922592163086,gaia_full_2564,0.3561758395148985,24.0246627547436,28.666494959593493,24.016334374528995,28.66851419932239,138.7455730351733
1124.9795777956438,3396.3380625592795,1125.336436676665,3395.7505599505675,7.340943813323975,gaia_full_3609,0.6873918651010233,-22.861041836069262,29.620383802143348,-22.850189588574835,29.608132053360368,138.7507622392619
385.729032462045,2098.420145038178,385.6522555681408,2098.299243949149,6.934988021850586,gaia_full_690,0.143219289084707,-37.38326237446331,1.0766036846010323,-37.38496811542317,1.0740651357450541,138.75159591739322
3541.665903286543,2737.5491014181816,3541.7143685037895,2737.7312436799734,6.253574848175049,gaia_full_646,0.1884799215125115,34.41934302769929,14.635837651569338,34.42088262004647,14.63962737516903,138.7677831014274
1844.6070465614696,399.3495185151407,1844.3848469284376,399.3844698875357,7.980413913726807,gaia_full_3408,0.2249317126417588,-5.316049539120221,-37.025264633673096,-5.321843836358554,-37.0243767181192,138.76831090778825
2507.216050834438,460.6142365542963,2506.86363795033,460.5546408190255,7.813331604003906,gaia_full_3291,0.3574164133722768,11.926468047039931,-35.46429797625264,11.917496921070688,-35.465977220825714,138.80479421200062
1947.4516364642575,3706.777434016225,1947.9415539079191,3706.444896558632,7.004724025726318,gaia_full_2021,0.5921150752232345,-2.621949036001461,37.333529933235084,-2.608863426728187,37.326163575599246,138.81403438236873
1132.3517924538032,692.2774449712451,1132.52014036353,692.2429523057299,6.534169673919678,gaia_full_649,0.17184517067337,-22.698163163288974,-29.749576632561364,-22.694131777389103,-29.750596081788103,138.8176497549945
1559.3317416009493,3624.591374455245,1559.127171825503,3624.1049668541746,7.2055230140686035,gaia_full_3101,0.5276752290994783,-12.614326084007432,35.240282313520446,-12.618410356243192,35.22923167100859,138.82763644330777
2358.4068387091115,418.4556916264578,2358.1681924670092,418.46971633860494,5.665264129638672,gaia_full_553,0.2390579875686001,8.144216156013986,-36.53317203062248,8.137959015775428,-36.533024650024025,138.85565164065773
1940.1561997791323,3706.657463400517,1939.9274347109824,3706.3962179387154,7.4513773918151855,gaia_full_2931,0.3472501227035293,-2.8139999029383116,37.32909064598868,-2.8198681859026613,37.32315898198893,138.85969497046105
493.3469635570157,2610.556324625432,493.4556432800857,2610.2507822198804,7.202558994293213,gaia_full_1410,0.3242953033837446,-35.495856583209175,11.893629808474449,-35.492785685772475,11.887304879137485,138.863461361269
3669.1251863445714,1691.9305238757006,3669.3180997904,1691.8865502120834,7.41323709487915,gaia_full_2551,0.1978617716321745,36.717310336898194,-7.455818791425629,36.721727409384236,-7.456617009135795,139.0140603614358
2700.3919021002143,3557.9114028181393,2700.5013219011894,3557.6086014362854,7.369185447692871,gaia_full_1310,0.3219648578619229,16.673901813128058,33.56375772793725,16.675766330354772,33.55691537099727,139.01709739910976
3661.693123295016,2430.9147295745806,3662.0130347720224,2431.020376255826,5.966537952423096,gaia_full_479,0.3369043994644697,36.586501717353975,8.065983829184395,36.593884068408926,8.067978748140693,139.01991308004122
3157.9949145972987,847.7952102911693,3157.860123504082,847.6306486302756,5.010254859924316,gaia_full_134,0.2127185442002398,26.93416517225822,-26.055427039220504,26.931497496709323,-26.05920075831166,139.02896505289308
908.6567201938652,873.3362615590798,908.7292120367144,873.3533037500615,6.409491539001465,gaia_full_562,0.0744681378384831,-27.502202026325005,-25.459627110681847,-27.500402626403634,-25.459378874347898,139.0321633693135
495.79193146475893,2621.935617940711,495.88425762729,2621.5978393008986,7.380691528320312,gaia_full_1948,0.3501692873470982,-35.46245876497861,12.135656750649012,-35.459683548795745,12.128638284476223,139.03418811273878
1706.1261370265804,3671.105612469598,1706.1425424889353,3670.792132601438,7.153441429138184,gaia_full_2104,0.3139088513193402,-8.905715713871242,36.41221452714462,-8.90471856085021,36.40520860216484,139.04112740837314
2329.060019337765,3684.3535919161736,2328.500671362375,3684.3317032986456,7.788488864898682,gaia_full_2842,0.5597760884049143,7.3909086231740835,36.750271432227024,7.37623325014383,36.75013751633916,139.05835998529557
2573.143494142725,3613.56166375102,2572.8066688599347,3613.328099631676,3.792551279067993,gaia_full_262,0.4098822623288124,13.57760133671099,34.95318605581749,13.568327134940832,34.9483655897865,139.08341500053618
3620.685341416689,1530.288237328438,3621.9461833146834,1531.261972269836,7.757597923278809,gaia_full_1937,1.593073139512823,35.86444591382332,-10.88882418304798,35.89137834673412,-10.86719163463494,139.1229495434938
3683.485203019464,1751.024171303218,3683.883687279764,1751.0290346814854,7.976288318634033,gaia_full_3669,0.3985139372154507,36.97424860215002,-6.208209774499541,36.98324051564729,-6.207892698025267,139.12349944754155
3711.5501640603215,1970.234796035655,3711.902354467372,1970.3844163001488,6.458889484405518,gaia_full_2475,0.3826542909277816,37.46279592078483,-1.606777165756643,37.470681443101746,-1.6035958282019227,139.13959803540743
828.493850998423,3141.874211711246,828.728226399917,3141.365315906713,6.166180610656738,gaia_full_1977,0.5602738336717943,-29.145709770909097,23.63500845550983,-29.138417627154524,23.624471421130963,139.1662806506734
2658.532214364712,3579.4385886848377,2658.20075055313,3579.5653367471723,7.233866214752197,gaia_full_2950,0.3548708634054552,15.671642674982024,34.09421304979028,15.663549425347053,34.097438159355335,139.20677555891797
516.9203995418396,2676.949575888381,517.0745293800594,2676.589782832343,7.463569164276123,gaia_full_1554,0.3914167219251019,-35.094018713872195,13.31684512482213,-35.08971567189217,13.309431025184386,139.22887269336977
3403.396027607399,1120.0393509961004,3403.49902945345,1119.7326525520657,6.848150730133057,gaia_full_1523,0.323532557655715,31.854979700029382,-19.83328942676188,31.858313509967285,-19.839663349393547,139.23555908608046
3426.41394674574,2942.655205564838,3426.1081063900474,2942.5934089386724,7.0848493576049805,gaia_full_1129,0.3120210668777799,32.29850857024449,19.133775594451286,32.291201742640254,19.132905761775913,139.24669951426586
1745.3947693155358,3682.879826367438,1745.37379405418,3682.550838342901,5.925217628479004,gaia_full_1431,0.3296560053722743,-7.900080917091562,36.70432746578971,-7.900093482093523,36.696939827551574,139.26088632524247
2944.649093936363,3420.5568458841817,2944.3950056591652,3420.5812912771316,6.174619674682617,gaia_full_647,0.2552614930728843,22.34431062626742,30.187745988948933,22.338110464476188,30.1886819877593,139.32367103477267
3603.973814801548,1477.3166648430076,3604.1293460023426,1477.1684758620388,7.052778720855713,gaia_full_1492,0.2148253441779002,35.58354787495123,-12.019283588871994,35.5873858549977,-12.02224592082994,139.35571030106695
3304.517145785135,993.0651243794116,3304.433311685616,992.9934875685552,7.474813938140869,gaia_full_2112,0.1102723397406845,29.933601355165937,-22.695289259257496,29.931855488232923,-22.696955886491864,139.35923368882334
819.025516436408,3134.8662672423416,819.2947293954421,3134.3899190838306,6.532492637634277,gaia_full_1379,0.5471591956905252,-29.346954523999656,23.469442484895104,-29.338952280948675,23.459666039663418,139.3623087019854
1986.411113030176,3715.770079580857,1986.3900479510764,3715.4510419153207,6.076920032501221,gaia_full_1385,0.3197323405416212,-1.5989372661930974,37.54304770727617,-1.5993842366081663,37.53586754364377,139.38054493444173
380.6375935587269,2148.2763730850857,380.5674120511087,2147.923678268686,6.867121696472168,gaia_full_908,0.3596096182342662,-37.51130629898159,2.119444028804562,-37.51275973595892,2.1120506236597123,139.38886499506543
1164.2392882629313,3432.090661453926,1164.4592042432498,3431.663631317485,7.010246276855469,gaia_full_1277,0.4803309024289078,-22.01606992083149,30.463291054161765,-22.009123553748296,30.454301110903746,139.39864366499182
423.7628478449844,2418.3966572872932,423.80748593087833,2418.1169756827403,5.962864875793457,gaia_full_331,0.2832213950915069,-36.763265341817686,7.797533711760055,-36.76189090714382,7.79169842842362,139.41252549936146
3220.984618317266,901.759131456654,3220.7683725706925,901.8362032365964,7.704041481018066,gaia_full_3103,0.2295697762654394,28.257072646029844,-24.78924094726242,28.251634269714387,-24.787938888364554,139.4347151525135
415.47347323630345,2385.923535966278,415.50399189796485,2385.7082142780637,5.910563945770264,gaia_full_481,0.2174737182398525,-36.91018151700096,7.111319378413772,-36.90923509955057,7.106824576280801,139.44467631503804
2543.9536001804067,465.4797717909854,2543.5759271131906,465.3457863325063,7.812542915344238,gaia_full_3562,0.4007356345326799,12.863674391208006,-35.31799383008227,12.854261672807072,-35.32138086498899,139.44632452222268
3334.6511704984923,1025.8516603352712,3334.5917844697697,1025.7543731320502,5.623908042907715,gaia_full_540,0.1139802628440736,30.537567954180805,-21.946576318705468,30.53648440611041,-21.948747932112415,139.51502374299227
1714.4367313821072,415.3921091956451,1714.3842175656357,415.3882890340035,7.869062900543213,gaia_full_2925,0.0526525835583097,-8.702244506421913,-36.586478313362264,-8.70362356303596,-36.58652454146646,139.52007585288194
3381.921780203964,1085.1385759932289,3381.9392031641332,1085.012274316109,7.064231872558594,gaia_full_2092,0.1274977379578817,31.45971736876604,-20.608663550293336,31.46051953413746,-20.61132777734331,139.53311059673993
2143.1698634319832,378.497886880745,2143.150172866356,378.57529254989777,7.682568550109863,gaia_full_2441,0.0798708707333497,2.5376766156453017,-37.530520339884816,2.537115200346825,-37.528783832309934,139.54570849746074
3716.4900997191935,1973.4889576044104,3716.935510490899,1973.560283495381,7.403970718383789,gaia_full_3164,0.4510855110443935,37.57310321978856,-1.5379964970155355,37.583108492729075,-1.5364437739892225,139.5459123633897
3515.850997428519,2806.251590705984,3515.6766467312664,2806.3893973001655,5.834438323974609,gaia_full_1646,0.2222359625089462,33.9944002769984,16.119605029162628,33.990735218636125,16.122743237020146,139.56870508109571
1008.1092654015648,3318.456781723913,1008.620948679732,3317.891024507572,7.462456703186035,gaia_full_3646,0.7628243605167129,-25.44570313604788,27.737110113133856,-25.431225369966835,27.725696511566387,139.57602893360837
453.8584753585312,1565.959786292877,453.8147795906002,1565.917442860449,7.390975952148437,gaia_full_2600,0.0608464165326352,-36.244708987821554,-10.121825444124276,-36.24577242827457,-10.122677080957716,139.6136497404973
816.2293158083274,958.5829817969968,816.3430188686038,958.5885312369456,6.0127434730529785,gaia_full_260,0.113838403888866,-29.4152216154692,-23.47672361693749,-29.412502605146404,-23.476788865750695,139.615143969738
2809.4937694126834,584.9376500046088,2809.0174089882785,584.8618059243743,7.301639556884766,gaia_full_3724,0.4823604237972315,19.27658890621804,-32.33435905480995,19.26486110607771,-32.33672447693161,139.6419404325697
3585.328160125527,1424.2040217003166,3585.3894109539747,1424.127031855513,5.922443389892578,gaia_full_431,0.0983824180857401,35.26720665195383,-13.157092328457752,35.268772152211326,-13.158647227571645,139.6536521471078
379.6299457021421,1919.298881367357,379.43230364787064,1919.1881150856148,7.117006301879883,gaia_full_2246,0.2265646724174376,-37.544709951209114,-2.6721370728685874,-37.549209905928,-2.674407828726723,139.65657598746438
3545.7970135869564,1341.1645926078593,3545.9494936758083,1341.0316986288108,5.2690935134887695,gaia_full_272,0.2022646463513397,34.55053066823687,-14.95365796848168,34.55435338438456,-14.95627808273126,139.68603823707397
1108.525246164254,696.9215357652853,1108.7999914781358,696.8693184173073,7.433152675628662,gaia_full_2794,0.2796634386720143,-23.269075381501267,-29.610165745162586,-23.262492916723,-29.611747769397834,139.7010924287833
407.2549858672549,2363.701114612808,407.129465135738,2363.5917501087415,7.477912902832031,gaia_full_3261,0.1664813767069517,-37.070226367451184,6.640696625852932,-37.072939639025265,6.638332677449276,139.72429841078002
3708.32809760846,2239.8673396998984,3708.472701889138,2239.243300262541,5.61207389831543,gaia_full_569,0.6405744432674594,37.4456391094139,4.037530515390525,37.44847177339532,4.024419535326552,139.7298970676422
1762.501177735019,3692.254319480915,1762.0466236585687,3692.011506608442,4.228838920593262,gaia_full_49,0.5153421188455414,-7.466975951184027,36.92585362897206,-7.4785157555253114,36.92011446709561,139.75151897381028
3160.88111712211,838.4602083870398,3160.499588358693,838.5284912023233,6.132699489593506,gaia_full_1670,0.387590944396152,27.03674460851244,-26.25209651763008,27.027303259837737,-26.251258299083883,139.78010770278345
769.2884321634931,3085.56371770626,769.4733054816336,3085.1329820837436,6.623950004577637,gaia_full_678,0.4687337413337925,-30.3600951056335,22.33440794695881,-30.354308575015555,22.32549630215636,139.79035500703588
2931.3882175540407,657.8534546570936,2931.0302872174366,657.7633127091685,6.385255813598633,gaia_full_1075,0.3691066196063962,22.070673693803137,-30.549385854378453,22.06211352756975,-30.55192238298335,139.80733683575943
3497.4582217720617,1249.507762514465,3497.274209282545,1249.872390709897,7.563718318939209,gaia_full_3061,0.4084290846672332,33.67034843987077,-16.952704667795214,33.66511590941923,-16.945234402610037,139.82329305015605
2938.036175877985,661.8227263844823,2937.5281023285843,661.7297588940462,6.45078182220459,gaia_full_1541,0.5165091343612562,22.221496917375646,-30.452104206820525,22.20923260341253,-30.454942082937976,139.83670459577897
3433.3783945250293,1149.9146670364753,3433.3761296068187,1149.768743253938,6.785789966583252,gaia_full_819,0.1459413586495475,32.46498054643433,-19.154026693499112,32.465360260810776,-19.157129346222685,139.8485992376493
627.6540413242163,1199.0961329829106,627.7587123805242,1198.9865697203877,6.24821662902832,gaia_full_493,0.1515260324938301,-33.08895535950814,-18.06320227581271,-33.08683686354948,-18.065671921264638,139.85411307709006
3501.321234924453,1256.2949106807175,3501.3764362072525,1256.0683846837496,7.4501729011535645,gaia_full_3460,0.2331549032831784,33.741444759878355,-16.803919897093188,33.743324269032904,-16.808639411590548,139.85583606466218
3679.6022480767583,2401.4353566368145,3679.923408783684,2401.5051880004967,7.592360019683838,gaia_full_3172,0.3286649038560209,36.95343277550448,7.435765260557749,36.96078213260793,7.437021109946009,139.8689441337592
733.3053655398936,1051.254266597134,733.371123711597,1051.195906994357,6.701869964599609,gaia_full_782,0.0879203069946606,-31.068635195690053,-21.36361019815617,-31.067276351074106,-21.364957267986767,139.8801791861235
2236.7633533682742,383.6158866800363,2236.4537149056514,383.49927481750274,7.218648433685303,gaia_full_2712,0.3308690133859321,5.00102366070466,-37.3843802428297,4.992990836358091,-37.38713598763564,139.93383460506382
2665.9364782334837,3586.035861161706,2665.5360213018907,3585.9877049684264,6.8123979568481445,gaia_full_2811,0.4033420050181668,15.88010386242246,34.231033574851345,15.869728115718024,34.23047782973611,139.97543242638002
1824.368539920275,3706.56543061358,1824.3347311925677,3706.237715263912,5.9167633056640625,gaia_full_466,0.3294546713542257,-5.861962151059092,37.282938272828865,-5.862446068064504,37.27556324565093,139.98831294949076
3723.6414466018423,2028.455579854303,3724.086666982013,2028.5439478834023,6.606949806213379,gaia_full_954,0.453905381644937,37.72504394999953,-0.38774859083397406,37.73505572822936,-0.38588563701660794,140.0004767505458
687.633296269515,2985.9129424910043,687.7435422381857,2985.514576949144,5.484930992126465,gaia_full_258,0.4133391809998883,-31.960863937910826,20.08314081379947,-31.957060970599542,20.07483336721968,140.00880044345502
1401.4304417395197,3574.7666589599025,1401.75740781457,3574.2799263274646,6.630666255950928,gaia_full_1351,0.5863578000791683,-16.525979284486382,33.946968146321375,-16.516164022154083,33.93662856610237,140.01989608412723
2457.568882359724,430.9986333292016,2457.9407440444083,430.20052764186335,7.070029258728027,gaia_full_719,0.880484980393231,10.705508559472971,-36.17265280606562,10.71691209910698,-36.19014326507887,140.02482267118924
3651.051049194559,2511.069024168533,3651.249893652287,2511.239410857004,4.772183895111084,gaia_full_116,0.2618601572926132,36.464329119858256,9.756250119227365,36.46911903309061,9.759659563588269,140.05769375220024
940.5144245408916,3267.083608086198,940.8491234359368,3266.575367302956,7.952967166900635,gaia_full_2698,0.6085491303875277,-26.899568800656578,26.513544386764167,-26.889665675657646,26.503134693129834,140.0686341494027
3382.217338896921,3018.5570917085856,3382.190585744853,3018.773534709975,6.635181903839111,gaia_full_912,0.2180901281490644,31.497066671079132,20.81474686807628,31.49712255544494,20.819398177851227,140.07088436783926
1672.2139062837523,3675.1724732559273,1672.147074042803,3674.7515818124625,5.04991340637207,gaia_full_147,0.4261644701429241,-9.798366282625485,36.476042100364616,-9.799267625007907,36.46657258783565,140.08662924441978
1412.5472264408822,3580.642479876941,1412.753906627064,3580.3274745730055,7.6896653175354,gaia_full_3127,0.3767559433738378,-16.260241816220546,34.09157938166651,-16.254018006212558,34.084874575486744,140.09327138296763
2618.9644064529034,3608.262938737155,2618.353815047887,3608.074363586089,6.942026615142822,gaia_full_2431,0.6390480822905845,14.740998412930676,34.782283010769184,14.724788664226596,34.778831570554516,140.11364328775005
1656.880955972369,423.06018266059186,1656.9362028991688,423.05879595161355,7.199873924255371,gaia_full_2214,0.0552643273967125,-10.18968724721907,-36.36827547788464,-10.188249818511023,-36.368354617759934,140.1171365580801
3514.697299887582,1273.0147877251252,3514.710433857004,1272.8411989089964,6.6899003982543945,gaia_full_1709,0.1740849741872419,34.00604173393177,-16.432611353917288,34.00680022786647,-16.436263938709025,140.12477755415333
3010.420519671229,3385.408507489962,3010.0228208065105,3385.645333440045,6.314894676208496,gaia_full_1130,0.4628724636777246,23.841124313446997,29.315415618772185,23.832201429980227,29.32122117344414,140.17852423972178
995.7822001081294,3316.8779426100095,996.0438045289136,3316.370064452559,7.115943431854248,gaia_full_2529,0.571294228738029,-25.739857461155818,27.682405820029036,-25.731657621706383,27.671846638236826,140.1854688523544
3421.594180850352,2968.3209096705677,3421.61282911078,2968.370183144967,7.813926696777344,gaia_full_3339,0.0526842756081948,32.262868072135625,19.686300336307276,32.26345303673208,19.687319625183637,140.21843636426215
3272.4495519478696,3151.8013567353405,3272.342596308463,3151.920144587677,6.4939093589782715,gaia_full_1170,0.1598438696467038,29.344694000305484,23.836552685276942,29.342558313392217,23.83927423721631,140.25650451553
1466.7851288134548,3606.75880097268,1467.1128191743924,3606.334029743008,6.281258583068848,gaia_full_811,0.5364807267818827,-14.948571603117097,34.73889303067258,-14.938952187079703,34.72986588459484,140.25842550363703
1043.53765771169,736.3934605230314,1043.7621755665295,736.4851655308776,6.9841532707214355,gaia_full_1713,0.2425243814667953,-24.72260079284839,-28.645030524553707,-24.71677368213804,-28.64341258352141,140.35789775768026
2351.224819227776,397.6285855006147,2351.0349267359006,397.6772542159208,7.418905735015869,gaia_full_2800,0.1960301056476908,7.990962469146381,-37.00488336023583,7.985899463761786,-37.003924761626706,140.4412746057939
1882.3284522191811,374.10923056405966,1882.1622375056013,374.1347169961459,5.755485534667969,gaia_full_459,0.1681573347520671,-4.348811347152288,-37.60833488312,-4.35317555607801,-37.60769811089946,140.4522530211673
834.1805754599058,3170.146169307396,834.4632594894467,3169.64713232689,6.596476078033447,gaia_full_1213,0.5735400321420892,-29.107426069556,24.250691039430237,-29.098949310964347,24.240456076334592,140.50415359828497
2776.596370677335,3538.514140955003,2776.327054686044,3538.6014099099584,7.254847049713135,gaia_full_2863,0.2831024084392472,18.544351765132753,33.03057424183558,18.53782826293115,33.03288458085455,140.52736638968528
2545.082102546889,452.1969823599551,2544.7910043750067,452.11784595642143,7.418278694152832,gaia_full_2284,0.3016632493982282,12.92643614764654,-35.61257898727933,12.919105038060588,-35.61465613184422,140.55108882723297
2821.731519454103,3514.3213904956056,2821.3815299504113,3514.4250935988794,5.932380199432373,gaia_full_956,0.3650301170080781,19.602083160070983,32.43193564756138,19.593627737329427,32.43473779815695,140.5812196494608
3596.471532699965,2672.0978697260657,3596.638595250145,2672.372243978883,4.895794868469238,gaia_full_118,0.3212337564481109,35.526922419169615,13.19334037822628,35.53133686984261,13.198929759204296,140.61867152424824
3720.139371199248,2229.765764679027,3720.472272992843,2229.72669817671,6.549816131591797,gaia_full_2732,0.3351862106087229,37.70502050172928,3.8221293264225906,37.712495119073935,3.821199659758771,140.62582656169513
1743.376751993125,395.3485709500895,1743.2654618676584,395.3545432462895,7.745770454406738,gaia_full_1539,0.1114502595254363,-7.978981662330399,-37.05639688180585,-7.981892792238569,-37.05618560759451,140.6276689602565
918.4155913795182,838.9538115040917,918.620968623286,839.0799906529221,6.742785930633545,gaia_full_969,0.2410414691649635,-27.38940012950528,-26.21682822737641,-27.38399600264293,-26.21445478414594,140.63791430089938
3708.9850869951233,2305.438399512898,3709.3870973912058,2305.586075024979,7.901626110076904,gaia_full_3589,0.4282760971926579,37.51295249199961,5.409219682499582,37.52215711872268,5.4121167183316965,140.64390369566783
3137.5804767255777,3289.034822228196,3137.524544533923,3289.2228440433837,7.503279685974121,gaia_full_3634,0.1961647599591154,26.594158426426528,27.01420588514827,26.59348615437892,27.018361344888113,140.64400514607533
3245.386049457666,907.03304708565,3245.0946370001902,906.991067911822,7.877787113189697,gaia_full_3599,0.2944205689271779,28.82184318204749,-24.635566792739073,28.815029274113982,-24.63695330852512,140.64792067910642
2204.519126449634,370.83923263044977,2204.311732769481,370.7464636694426,5.686356067657471,gaia_full_338,0.2271964319564877,4.16290422539723,-37.6845228133074,4.157507867069755,-37.68668436597284,140.66189732687118
3731.4260657742834,2088.034903285168,3731.721155955238,2088.193308010887,7.604034423828125,gaia_full_3601,0.3349183064954988,37.90259183907451,0.8574068723188717,37.90925505508959,0.8606939579170962,140.6756618927141
2282.7477956014636,3712.601962321731,2282.8405076655176,3712.383315120534,6.047573089599609,gaia_full_2324,0.2374913164992021,6.215009388675333,37.4114875463617,6.217163231956369,37.40652923046797,140.6780654814369
635.4229771619503,2924.620671595739,635.4954734375424,2924.260766534753,7.601484298706055,gaia_full_1851,0.3671339849401603,-32.994122191555796,18.70431549487036,-32.99138103061776,18.696789662078658,140.6829385064336
665.5304509374301,2969.099155668852,665.732711726559,2968.850702943236,6.890527725219727,gaia_full_2139,0.3203719458459111,-32.42574199721573,19.692554166152885,-32.42026209440994,19.68758061260183,140.71585808847826
1328.7784343091037,546.8241458269752,1328.90895426893,546.9257297522397,7.477063179016113,gaia_full_2067,0.1653927259139366,-18.284873205749964,-33.23778859842312,-18.281234843288612,-33.23573520952365,140.7228717113468
557.4534527184608,2798.0371290601183,557.5672802260822,2797.689793636079,7.822053909301758,gaia_full_3700,0.3655114201827904,-34.450203530821085,15.919406840631805,-34.446689857040056,15.912221288037443,140.76959427649297
1658.0287274678972,414.5868462830936,1658.1795464138645,414.69455419879887,7.659703731536865,gaia_full_3657,0.1853303795071529,-10.17736437438903,-36.55869493534296,-10.173201053798289,-36.55641913407191,140.77411964027007
2903.0004010448283,3467.640062699936,2902.750489064226,3467.8743860192835,7.582840442657471,gaia_full_2320,0.3425834439062146,21.475910221732818,31.28309510736807,21.470507346476218,31.288618124384293,140.77873964741786
2836.2829618074525,3509.420281740419,2835.239003032503,3509.14402178874,6.66609525680542,gaia_full_838,1.079893274678125,19.951324181730964,32.302362911123474,19.92413682299125,32.29787281357021,140.78673208856085
3148.968732298707,3281.4113219652468,3148.591935922267,3281.603497795792,7.125540256500244,gaia_full_2783,0.4229740643868942,26.842114460713574,26.830380818442524,26.83369778859901,26.835165482014514,140.7891578410164
2647.403393619895,489.48984869746965,2647.0036170950434,489.3976256161547,7.4954962730407715,gaia_full_3459,0.410275963894401,15.460088572855383,-34.66398443753001,15.450105204028079,-34.666532473141615,140.80385902264217
443.4502176092456,2542.2970068384466,443.56473667159867,2541.901710450858,5.53801965713501,gaia_full_215,0.4115505432906256,-36.50552177449501,10.411954513354798,-36.50223182893371,10.40376347647641,140.81250940233951
997.1139957650591,3327.4649027889454,997.470428416418,3326.801693350434,6.8293776512146,gaia_full_1699,0.7529216388744057,-25.745981457297006,27.913850551690295,-25.73487636356039,27.900093199004523,140.8148473286362
3016.1668722261034,703.2584573321279,3015.8492555476946,703.2237013203946,7.05529260635376,gaia_full_1552,0.3195126519482534,24.001779345929,-29.421963579421863,23.994093018458113,-29.423245793076703,140.85124274532555
2291.54081886026,3714.215347020113,2291.3814008277827,3714.080612785185,4.799525737762451,gaia_full_155,0.2087281081706401,6.44884643729471,37.44279258234166,6.444461247028995,37.439859572027885,140.94063727943742
428.0822100137946,1594.696200005535,428.07421825095525,1594.4545640613544,6.897317409515381,gaia_full_1268,0.2417680661157543,-36.78268941578818,-9.49715243349855,-36.78325637014427,-9.502211055362794,140.94189693412713
2002.5136906234784,359.0273084744213,2002.3056082805883,359.0562792205801,7.899214744567871,gaia_full_2764,0.2100894227599667,-1.1788683949678025,-37.97704080398822,-1.1843748853563254,-37.976367034684834,140.9568971708057
507.4124573919323,1390.1162810359606,507.4163366256014,1390.054597037738,6.331737995147705,gaia_full_1231,0.061805858060455,-35.371398515835494,-13.873473335515333,-35.37145008995631,-13.87477629695051,140.9589330794199
3548.627158137026,1314.1135975182983,3548.772788384389,1314.1032666332385,4.342101573944092,gaia_full_58,0.1459962195850439,34.68218779648099,-15.520966441054636,34.68556440138022,-15.521000125975226,140.97557613091126
3333.0423029989965,3097.1844921461725,3332.881540627197,3097.2646919831695,7.539587497711182,gaia_full_2443,0.1796567673119612,30.595649282922587,22.569274054084982,30.592118799132717,22.571247078903287,141.04141675791746
605.3167248481111,2886.283137553682,605.3643490941681,2885.786884553818,7.8999104499816895,gaia_full_3509,0.4985329564700794,-33.58259669214759,17.849200393124768,-33.58008647517683,17.838765028886176,141.06604559941806
3042.24993123493,719.9248053690618,3041.836354763683,719.7871905775587,6.935262680053711,gaia_full_1611,0.4358707703086476,24.581508685689005,-29.01631003921993,24.571868585748547,-29.01999071387826,141.07057463581683
1333.7163054631494,3555.2956784818352,1334.160339187869,3554.8325882377662,7.602962017059326,gaia_full_3405,0.6415750328999309,-18.1862882194117,33.42387423856331,-18.173506918854546,33.41429603815567,141.1122742477203
3415.613608798026,1098.640159525096,3415.62021686506,1098.5254713516897,7.519550800323486,gaia_full_3504,0.1148783864318039,32.20647943089576,-20.26993241057364,32.20699325157387,-20.27235942207437,141.18381909094094
2615.494547156027,3623.075930631387,2615.0872640997422,3623.060532321915,6.3831892013549805,gaia_full_1343,0.4075740372877921,14.693624196572317,35.11534369734416,14.683091873052572,35.11549563135485,141.20488648625334
2802.9234267103693,3534.227161154963,2802.595082632666,3534.4014638603912,6.586275100708008,gaia_full_1645,0.3717408593123492,19.195378432652387,32.89771954665245,19.187675604139134,32.90204166656925,141.30329855746186
3495.551233464275,2879.9291608074504,3495.438686300141,2880.0678942779423,7.173642158508301,gaia_full_1520,0.1786444513252706,33.723806196242286,17.705108707015906,33.721589781137794,17.708201273796615,141.30401781678438
1276.2657878249513,3525.5333173813456,1276.2150581459073,3525.9357409140953,7.733121395111084,gaia_full_1859,0.4056084319225442,-19.53955021591249,32.684411850606764,-19.54220376265481,32.693183430146995,141.30479513243978
3723.312740980835,2271.6827335766156,3723.714325473062,2271.8768611916703,7.8446044921875,gaia_full_3464,0.4460444320072521,37.80700364543158,4.697057791404351,37.81621304102627,4.700946251036479,141.37407431282958
1244.1484292276416,3509.1138835190336,1244.579208287666,3508.6006450274804,7.425693988800049,gaia_full_2247,0.6700629431384446,-20.291260319625856,32.27493539780739,-20.278648595718746,32.26433274631136,141.37630818099706
1683.1345813842258,400.9657432477672,1682.9985372218323,400.5658262902209,7.374887943267822,gaia_full_1684,0.4224234688726891,-9.548421875115212,-36.88469615027604,-9.552779519936173,-36.89353007378852,141.38494315117632
2042.859830373478,3741.046992960003,2042.8220657271704,3740.8001187896334,6.349566459655762,gaia_full_601,0.2497459198994603,-0.10985945648403786,38.116036927697984,-0.11085556702423169,38.1104818890932,141.38654745730813
397.5652251072328,2411.1657023735943,397.63013164027893,2410.748213044887,7.01347541809082,gaia_full_1204,0.4225046717096608,-37.34647453137835,7.628444786719776,-37.34446618037434,7.619752553584108,141.39865011469007
3298.0351577186725,3143.3566346306125,3297.832283935304,3143.449316779882,5.985901355743408,gaia_full_796,0.2230420426095061,29.92380415677821,23.613510405737706,29.919305442475107,23.61582964731347,141.40850343943646
538.4738442719205,2779.044135782188,538.7313213758318,2778.7134288079246,5.289267063140869,gaia_full_499,0.4191199850459243,-34.83878846413352,15.494464224143986,-34.832031434980905,15.487818808173278,141.42167634832614
3517.803159178857,1248.105047521644,3517.867526968687,1247.9823946521635,7.092346668243408,gaia_full_2009,0.1385169258947349,34.14436498681927,-16.954891274209086,34.14618680859967,-16.957394860400488,141.439794879731
2712.220810254045,3582.9915923913945,2711.6383926430744,3583.1612356545997,7.524627208709717,gaia_full_3226,0.6066210599042952,17.052667740965287,34.10249045103053,17.03834229355721,34.10703564764079,141.443671353386
3369.112134348663,1032.9373908607467,3368.899961261038,1032.8528069241202,5.887506484985352,gaia_full_1165,0.2284116053260962,31.326283732552987,-21.740768023942284,31.321566560506607,-21.74290933114862,141.4533845634489
3008.9448082955164,688.8924191548437,3008.491074887416,688.9358613155412,6.69581413269043,gaia_full_2901,0.4558083226013085,23.87656782805822,-29.746464872658706,23.86522242336402,-29.746276003025617,141.48233496099098
434.5581935811507,1552.0702981469517,434.545630446828,1552.169590569291,7.492354869842529,gaia_full_2671,0.1000840520662364,-36.7069208651307,-10.396284518554195,-36.70703280882295,-10.394191714469494,141.5336747199168
2561.3516480490475,3648.4019080466337,2561.306782191221,3648.044956874734,7.794824123382568,gaia_full_3260,0.3597597591714408,13.364811736346663,35.74152740669403,13.36270391836359,35.7336350962383,141.5341149524091
2157.3536324110096,355.58637393637474,2157.1550689989804,355.7141339614532,6.641757488250732,gaia_full_696,0.2361144904590258,2.92630419475209,-38.042338476914864,2.9209584555286607,-38.03951744294035,141.53811903067387
1577.4183362923443,3664.44948661307,1577.4647948262764,3664.038564378343,7.458037376403809,gaia_full_3114,0.4135401774533204,-12.243960925783353,36.14738524073648,-12.241738864597412,36.13827393895851,141.55261345333204
3616.242412321285,2655.0935882472104,3616.313200709482,2655.2752679393775,5.977685928344727,gaia_full_1073,0.1949833491594824,35.94218116196461,12.81418852698695,35.94418446328348,12.817929181920558,141.57442518498476
1335.894385923062,3562.4399073897735,1336.1292748019769,3561.852609317089,7.037535190582275,gaia_full_1372,0.6325281113253406,-18.154474455150257,33.5845317019066,-18.146574789947934,33.57191673387959,141.57870577247652
3388.2832263823193,3039.1694572975034,3388.188185801725,3039.3648836744233,7.168282985687256,gaia_full_2308,0.2173112531732184,31.705506456252802,21.244119538780676,31.703908916847432,21.24842858813279,141.5914298519547
356.5729185222115,1914.60109236702,356.49647269871025,1914.38326188461,5.828299522399902,gaia_full_380,0.2308551125659133,-38.066013057640845,-2.764744464369344,-38.06783777309252,-2.769273509584183,141.60093567344666
1108.546021170944,3423.95358639985,1108.724559582774,3423.532579450104,3.2745838165283203,gaia_full_9,0.4572994819951502,-23.365831112829294,30.1957692029306,-23.359870256811394,30.18689368106991,141.60593836995932
1192.8803364741354,3480.889879149812,1193.2187883322567,3480.3895458029724,7.178821086883545,gaia_full_1193,0.6040555588894666,-21.476125701280868,31.576076878970817,-21.465877889168137,31.565664962891454,141.6177484592
3736.877286425235,1908.506836905527,3737.193744124057,1908.5881660139985,7.912322998046875,gaia_full_3652,0.3267413335169325,38.05659389666066,-2.8921259945624893,38.0636791047071,-2.890345912384422,141.6188490131682
2753.9682374995627,528.5934167570838,2753.615391004635,528.6234037184806,7.40064811706543,gaia_full_2890,0.3541184361715326,18.05911100170501,-33.655877200710805,18.05004452065581,-33.65571953751156,141.6826758628397
850.6324681488647,887.5726529211391,851.101080446113,887.638547701725,7.742783546447754,gaia_full_3439,0.4732225768501722,-28.842685826234582,-25.05661338489825,-28.831230820993465,-25.055994056494786,141.70847170115582
3127.3145401808647,3314.1474300740483,3127.02476554393,3314.260909082325,5.2928595542907715,gaia_full_308,0.3112022261009318,26.437145589341917,27.57413809955679,26.430524624915257,27.577085671433434,141.7097137824442
2749.7942582288483,3567.9397734353834,2749.520642815666,3567.8600052394345,6.313051223754883,gaia_full_1745,0.2850058936505056,17.961310000310192,33.71770618932604,17.95409082489269,33.71633566711059,141.7132287371089
2463.049283431528,3683.609472299983,2462.7998794406294,3683.629375149263,6.926117897033691,gaia_full_1676,0.2501968706549053,10.893743112184271,36.627898001293204,10.887271575037877,36.62857658052541,141.7639477416347
2782.800180828529,542.277291685914,2782.388353530061,542.2692145158633,7.506669998168945,gaia_full_2452,0.4119064996323455,18.74532412977486,-33.31254213254392,18.7349151118123,-33.313324036085824,141.79255122489405
2889.0249106607284,3490.6613346393488,2888.762423170195,3490.7155759910197,7.540420532226563,gaia_full_3115,0.2680332198026008,21.20858535370298,31.809215841364782,21.20220836129004,31.81081953829492,141.82590312957026
462.06559582517946,1468.1982324563835,462.0775190013219,1468.043432944406,6.5152153968811035,gaia_full_662,0.1552580144075606,-36.239373469824464,-12.18236983081588,-36.23941643681966,-12.185631659490076,141.8415769590787
353.3778911573209,2176.805492490947,353.3241543615368,2176.5351673951745,7.608372688293457,gaia_full_2197,0.2756144056930683,-38.1367288192218,2.709819969864949,-38.13781278987118,2.7041644383528785,141.8425641262875
939.565895982423,3293.3737382686236,939.9493950086412,3292.810670072355,7.63702392578125,gaia_full_3318,0.681261547982373,-27.018228390801102,27.079186366358908,-27.006859574477485,27.067698895596774,141.85350498155722
3704.2103552895087,1693.7653645166638,3704.5007011287016,1693.688522326311,7.100383281707764,gaia_full_2170,0.3003421857729424,37.50834708622759,-7.394641514175011,37.51500876837338,-7.396058784757428,141.8557744193827
3560.2936242926953,2780.4511904374112,3560.421422961385,2780.6905662104127,5.3416595458984375,gaia_full_235,0.2713544921664101,34.95202553520441,15.51805697168757,34.95557246719622,15.522938204519507,141.89341881049612
1586.6151057102331,3671.712139362135,1586.8783023391943,3671.4219326155626,6.934548854827881,gaia_full_3234,0.3917810884318363,-12.02244139096441,36.31880967923651,-12.014878561421712,36.31260898939588,141.8987158256317
2758.9420381124296,3565.9928653152956,2758.442178702173,3566.016737795347,6.76525354385376,gaia_full_1579,0.5004291411638517,18.187458653348575,33.661677762641084,18.17483317110977,33.66292299202887,141.9255838726886
1331.914962640774,529.5978206047818,1331.8538690611094,529.6552706206744,7.551497459411621,gaia_full_2652,0.0838625649637938,-18.262055275519312,-33.62207778509526,-18.263416847071625,-33.6207230644974,141.94441865701444
3019.423215352492,3404.2078133884397,3019.105703514382,3404.2258831098516,7.030239105224609,gaia_full_2693,0.3180255998683405,24.131513825312997,29.709344885431598,24.12375618273667,29.7102720336643,141.9807974745676
3401.3116608946757,1064.3199269058669,3401.4296915769655,1064.1762034803205,7.246724605560303,gaia_full_1187,0.1859775927701419,31.980657701728067,-21.021685551985755,31.983893873863735,-21.024554871694637,141.99754243818543
3471.65145093907,1161.9091932196802,3471.6535761052055,1161.791063391681,6.895712375640869,gaia_full_1650,0.1181489424168227,33.32034777991002,-18.843483326922804,33.32074991417514,-18.84598167392529,142.0189628138581
2064.4680811607777,345.0837549932477,2064.380396389198,345.1934928033834,7.680845737457275,gaia_full_2621,0.1404670998504651,0.4643146346186388,-38.29274969398095,0.46197277306847384,-38.290284290186655,142.06333620886744
3733.357050813893,1832.2451886840856,3733.8269569418153,1832.344532701892,4.579329013824463,gaia_full_89,0.4802926221929977,38.025612789441105,-4.485571874502057,38.036128032008584,-4.483309005596531,142.08696394676454
3493.0040171939463,2900.785801532728,3492.943123241177,2901.108090737623,7.404597759246826,gaia_full_2221,0.3279914710413475,33.72438802216342,18.14987648865975,33.72390930533381,18.15678039679705,142.09295194797662
2444.0972681860803,400.9337310241015,2443.831907559048,400.79874555500896,7.316807270050049,gaia_full_2056,0.2977202365395063,10.418854985401312,-36.856625559355905,10.412198260276428,-36.85988184320879,142.09750576381813
3463.998994286494,1148.5243930407714,3463.9526169952164,1148.4357739122415,7.597445011138916,gaia_full_3507,0.1000210132304617,33.18243038694326,-19.138325420372727,33.1816182354274,-19.14027193531009,142.11227765936587
2131.334807496361,347.0003342905683,2131.088505070282,346.9571225124091,7.997057437896728,gaia_full_3540,0.2500642774651506,2.2406298803864195,-38.24148033838934,2.2341078918588946,-38.242501936242284,142.117623291647
2538.4288403650316,3663.928283991713,2537.8733362377707,3663.8733743138455,7.616220474243164,gaia_full_3612,0.5582113471862733,12.810627479302534,36.11251247809605,12.79604752385719,36.111893787934825,142.13348133855823
2412.648942067979,3702.5290265343647,2412.3988413400575,3702.471694079814,6.897591590881348,gaia_full_1391,0.2565879663033918,9.614166445155341,37.095610669905184,9.60748655067245,37.0945380484615,142.15772867910934
1063.1746182074698,3398.9050894488237,1063.566098199486,3398.36307058538,6.158931732177734,gaia_full_1314,0.6686112715756775,-24.39263201958377,29.574855476847738,-24.38097305058922,29.563743122720425,142.164418767866
2225.8219309151173,355.12119431528595,2225.8242933980564,354.62358469555556,6.550029754638672,gaia_full_979,0.497615227835578,4.741734739519938,-38.029279217781,4.74231074683673,-38.04045844582182,142.21858660889808
1976.5224549529885,3749.276999959334,1976.3451580750236,3749.08405024874,6.196903228759766,gaia_full_666,0.2620377334552316,-1.8734318610382292,38.29527619647226,-1.878064759062254,38.29090579994186,142.22606739477533
3221.7651575273885,3235.6474560891693,3221.58300604422,3235.7819900159548,3.481974840164185,gaia_full_13,0.2264476546066109,28.43035355993877,25.720867934883263,28.42646801301708,25.724070829715913,142.22951769368493
3423.7461404286255,1089.2989321055952,3423.858139793914,1089.050372328713,7.595144271850586,gaia_full_3390,0.2726276224243585,32.42633901714149,-20.45578029376123,32.42975332718968,-20.460883061971284,142.2558717321741
2197.9793035616663,3743.4137714292106,2197.9361476451345,3743.2009489160746,7.111611843109131,gaia_full_2648,0.2171539896690885,4.007664500851514,38.14211822392837,4.00633302752139,38.13735014041473,142.26416995481193
3748.652462407699,2134.736731347769,3748.9673912755634,2135.011776701125,7.147077560424805,gaia_full_3288,0.4181269403149028,38.3010390099641,1.8303422213058547,38.30821408805717,1.8360275801825157,142.28265108584307
1538.9245179766776,434.3001275693701,1539.0576228448213,434.2893630578576,6.506227016448975,gaia_full_734,0.1335394347435717,-13.232001097894583,-35.999988970880054,-13.228573903566318,-36.00037767667262,142.28903994359897
2239.84201354185,355.39820924139474,2239.6114987858145,355.3542538117922,5.887370586395264,gaia_full_582,0.2346681327783082,5.113003676207958,-38.0168692107517,5.106943802230456,-38.01796204549057,142.30954251359412
1417.6334975975776,3611.293229014973,1417.9293093642457,3610.8061276903727,6.851199150085449,gaia_full_1613,0.5698879729617103,-16.22363563525387,34.776816051916114,-16.214538552661995,34.76642485399701,142.31772644000193
2514.7331983007666,3674.2435530074176,2514.2703431695036,3674.220835477279,6.285078525543213,gaia_full_922,0.4634122988356431,12.220102665208062,36.367629378153865,12.20798633113285,36.36760673044017,142.31879951132814
2999.236914455607,3423.8864097214887,2999.200132558385,3423.92754473869,7.311160087585449,gaia_full_2633,0.0551814969294701,23.7063957374258,30.171318713575943,23.70563943182667,30.17227570226784,142.35195733964355
605.0317041129512,2914.867691729226,605.1440627572033,2914.4748866679133,6.961994171142578,gaia_full_2070,0.4085587854042513,-33.671846357840565,18.453564369718926,-33.66807868915862,18.44541998186604,142.4220117147884
3163.5952495718625,3293.357159949351,3163.32702752417,3293.532559348855,6.525084018707275,gaia_full_1495,0.320480913963753,27.240046793924435,27.063035379467888,27.234204035691977,27.06728035862825,142.44938144493398
483.6253880957111,2695.4355598379175,483.9287756906522,2694.9441017291947,7.863744735717773,gaia_full_3137,0.5775596119826008,-35.89677469842297,13.66835931719384,-35.88871425405267,13.658383877591858,142.45960944232746
812.5686586959893,915.3646034829464,812.6417280271353,915.2157432043798,7.017798900604248,gaia_full_1627,0.1658267460003577,-29.652747625339543,-24.396335941104045,-29.651536526503104,-24.399646598790028,142.45985636215133
2232.3055448195532,3741.662158540035,2232.21370616389,3741.666552310202,7.407287120819092,gaia_full_2758,0.0919436995682919,4.916555238982358,38.08900504648018,4.914124447509215,38.08914425661916,142.4779775340637
852.30664580215,873.8031571979327,852.4971709662182,873.8741798322367,6.215606212615967,gaia_full_371,0.2033323700906377,-28.852346035811287,-25.354931329196326,-28.847519231225725,-25.353734651480615,142.48086087556442
2301.3197522109103,363.01790057214015,2301.0923456941537,362.94582087079857,6.482578754425049,gaia_full_698,0.2385565073706738,6.730619417127819,-37.81330027029546,6.724710943107357,-37.8150536650974,142.49094505471757
3739.450336981952,1841.1434341293937,3739.945873225754,1841.04396687346,5.620559215545654,gaia_full_786,0.5054205218668798,38.156221112858056,-4.297434915756358,38.16746270838616,-4.299319081137556,142.49284465703607
374.1084070797563,2367.1706702089245,374.10235058582657,2366.9279588745176,4.945196628570557,gaia_full_131,0.2427868879662498,-37.822927232841614,6.6938001098512165,-37.82278544656214,6.6887266211202,142.49587795449955
3689.850664121499,2483.6968834422587,3690.0810112614618,2483.6474972116,7.265494823455811,gaia_full_2616,0.2355818428226554,37.30080751280355,9.150865283210315,37.30595255665511,9.149646968156944,142.5030239554594
3698.3327809229777,1637.609126909442,3698.5269513254534,1637.609179673237,7.981249332427979,gaia_full_3455,0.1941704096447271,37.45177826221486,-8.573109999446123,37.45617590868417,-8.572962095033786,142.55182161329415
706.171555344104,1036.1153917094466,706.3270325109788,1036.1596566738303,7.066226482391357,gaia_full_2084,0.161655610763449,-31.756362103130474,-21.6430404992447,-31.752555745257286,-21.642349826706475,142.55931896208153
1520.4476684512554,3656.639473856133,1520.6140184614414,3656.365356255398,6.945791244506836,gaia_full_3070,0.3206443277551093,-13.703237754987526,35.910856915000956,-13.69817352076171,35.90495351203728,142.56846830352202
2418.9790130243923,388.333873305162,2418.938129833451,388.1829180138361,6.674195289611816,gaia_full_843,0.1563935269786523,9.786743282760806,-37.16041147995398,9.785979835040349,-37.16382253358608,142.57375185574924
797.9444130225642,3166.2498833688232,798.4154202135478,3165.485955621418,7.3582587242126465,gaia_full_3174,0.8974594014299107,-29.957153467627812,24.10651156005243,-29.943219575505484,24.090971711452042,142.57646493700986
1845.8829197374532,352.865351501188,1845.616726611917,352.78960078309024,6.891439437866211,gaia_full_1841,0.2767615424420351,-5.335226341288136,-38.06988586611839,-5.342372036476348,-38.07145972238396,142.6249967405157
373.66840077999774,1720.969798417496,373.5060261554954,1720.8332876330355,5.581908702850342,gaia_full_277,0.2121337148033168,-37.839660015357914,-6.8159266523056,-37.84348839138893,-6.818679221395953,142.65621187422127
360.9096173752072,1781.873665534775,360.75465556189147,1781.6466692842268,7.766731262207031,gaia_full_1913,0.2748462503819415,-38.06303356380829,-5.537228401472316,-38.06674637291496,-5.541889357376731,142.71243442455093
1537.8279275787163,3665.0173195944335,1538.0248863974075,3664.624492655017,5.353491306304932,gaia_full_289,0.4394380281581196,-13.274637637367576,36.11709447825713,-13.268469925901284,36.108574636435144,142.71685807584336
3729.7900530890656,2330.453431682043,3730.1257409880377,2330.6270685225513,6.5030670166015625,gaia_full_1081,0.3779366585787085,38.00663995493233,5.921485804478093,38.01439361468606,5.9249325429001845,142.73216636263476
3755.699159263905,2100.495898539084,3755.9740598470303,2100.654074082828,6.561705112457275,gaia_full_1481,0.3171590030908108,38.45089955735897,1.1153313751395602,38.45711611931695,1.1186012155351068,142.73226767742923
3553.5182099177214,2814.494570695949,3553.5325521015893,2814.8049589510815,7.638597011566162,gaia_full_3370,0.310719434799981,34.88432243095289,16.244271474341662,34.8854778008025,16.250792976849723,142.77487195588614
1227.1495636132595,576.9105658158277,1227.386488732502,576.8665218975495,7.9309983253479,gaia_full_2410,0.2409841879987793,-20.746781086792534,-32.42337828135144,-20.74098023716658,-32.42471822445571,142.79732048833046
3757.429723623955,2051.60185928213,3757.8119770371914,2051.847482099592,7.922443866729736,gaia_full_3359,0.454365756179784,38.48470705392154,0.09592992912609533,38.493311958080625,0.10104665511682262,142.80670133979095
3536.0021488322527,1246.5355869354166,3535.9646467916673,1246.3737286906771,7.124934673309326,gaia_full_2573,0.1661460033772236,34.56926325494659,-16.96309723105822,34.56884315481875,-16.96656286605537,142.86085016979405
3743.88142652849,2254.847362711172,3744.230109773597,2254.99632008795,7.407108306884766,gaia_full_2759,0.3791679120324787,38.25756942877861,4.337248605634639,38.26553964027465,4.340219357362913,142.87144030728967
3634.61445945714,1443.5837135456582,3634.861503174168,1443.5019360966312,7.641658306121826,gaia_full_3117,0.2602271109866568,36.35177217078374,-12.696060735829686,36.35758699333416,-12.697507967823833,142.8720092789153
3670.468099935299,1536.4501078224785,3670.694489886855,1536.3222415602977,6.791524410247803,gaia_full_1205,0.2600042137535857,36.98535197332112,-10.71345453259556,36.99073104206521,-10.715920662561697,142.8741429543188
3720.5122184439606,2386.477857996114,3720.805176392929,2386.5185309135995,7.61714506149292,gaia_full_2873,0.2957678922406478,37.859808479597795,7.096672365481024,37.86647933697211,7.097336334981152,142.9269857466541
1561.68196484506,418.2485062117931,1561.7995452940202,418.3192165034605,6.99205207824707,gaia_full_1813,0.1372046184548477,-12.682100192831195,-36.38248964402366,-12.67885421687886,-36.3810422473189,142.93137384296887
463.26713758227766,1431.7884702096678,463.2662854383293,1431.777729666847,4.49198579788208,gaia_full_72,0.0107742939159554,-36.28848075556504,-12.947785109360192,-36.288523535437804,-12.948009528521617,142.9397661293199
793.5149372365238,3167.0241997766275,793.7757090456307,3166.545968174694,7.33164644241333,gaia_full_2760,0.5447085473107313,-30.065409272036955,24.115541540578207,-30.05749089567146,24.105761455271534,142.9413357608963
3750.3305092455744,1883.7425096642137,3750.769464843968,1883.8800887286695,5.841437339782715,gaia_full_439,0.4600108871945556,38.373006268281756,-3.4050365552728787,38.3828118130036,-3.402032718225861,142.95450595584063
520.7911936445978,1310.2781521492202,520.7862629813994,1310.2649808020983,7.460348606109619,gaia_full_2503,0.0140639903505806,-35.257512818293115,-15.570365493737729,-35.25766005003831,-15.57063635142215,142.9897989016456
1918.871805300025,339.1569297822367,1918.6067007137235,339.09849649349894,7.782185077667236,gaia_full_2245,0.2714680292609127,-3.4097984368769296,-38.40669371400504,-3.4168959131655803,-38.407925588676,143.05218755163753
2981.176412946153,646.6847057254724,2980.7881683885084,646.6325222374355,6.055700302124023,gaia_full_557,0.3917358203743426,23.34656069854252,-30.711789268516487,23.337120949736562,-30.71357963485241,143.105155064616
2805.9956245477433,3556.534459046776,2805.709997418682,3556.6011039215746,6.645659446716309,gaia_full_1576,0.2932991581855323,19.34967606162311,33.38381850346985,19.342667551099765,33.385717775395406,143.14360847687718
459.28282179403374,2659.888058175145,459.44552415721046,2659.5474260253586,5.311919212341309,gaia_full_205,0.3774947952639935,-36.37446313144833,12.894639479061416,-36.370008956185195,12.887673982449698,143.14960587393372
345.542869559554,2249.3780970606713,345.36210138898946,2249.1608004905893,7.784377574920654,gaia_full_1602,0.2826569136933489,-38.35664000667089,4.22141683269582,-38.360554867433386,4.21681696870319,143.1709499076226
2278.7740077431795,3744.285102549112,2278.6263400360576,3744.1205411185247,6.346945285797119,gaia_full_1101,0.2211022753467451,6.152141743291643,38.1248182283554,6.1480042315026004,38.121206068364344,143.2531478174119
3761.993277222287,1998.3692753645155,3762.4764573099537,1998.4913562479117,7.161574840545654,gaia_full_3041,0.4983640629183728,38.5916326325404,-1.013320874105553,38.60248368265154,-1.010732694733347,143.260306283842
1576.1071053882638,3685.309007126629,1576.3079199171248,3684.860703824149,7.3214945793151855,gaia_full_2535,0.4912253312039413,-12.330274537440143,36.61093203565889,-12.323896714678849,36.60115420812679,143.27709836296617
2404.2830983275644,3718.549469160885,2403.884867677519,3718.4458700550567,7.607005119323731,gaia_full_3280,0.4114856320260379,9.426385393816872,37.46100497184041,9.415689391933805,37.459018015733584,143.2920022993791
3759.530283339525,2152.7973713868496,3759.977681638757,2152.754567659171,7.0405120849609375,gaia_full_2464,0.4494412055642628,38.5521919072603,2.204911880175512,38.562246295474885,2.2039302948105233,143.29540777752644
1678.431031442098,378.44064099858355,1678.3575249924438,378.5284096122943,6.86224365234375,gaia_full_1398,0.1144837442324124,-9.717444431986594,-37.38459558541434,-9.719198208343652,-37.382569652944866,143.29613676456842
3273.359744587944,893.0224277618858,3273.1230069231096,892.896867844273,6.31093692779541,gaia_full_847,0.2679739070547654,29.540593203317325,-24.888465316246776,29.535389499217434,-24.89156235801211,143.29660652694594
519.9555318430115,2791.005233236987,520.1718819312521,2790.6642324516743,7.009780406951904,gaia_full_2061,0.4038426627605663,-35.29553283506384,15.72256226295133,-35.28966829962065,15.715668727950385,143.3164785459638
1919.940021536517,3758.903905859861,1919.8888483756657,3758.614664343828,6.157416343688965,gaia_full_993,0.2937334624934984,-3.3844159496820065,38.49832408784344,-3.385561724700706,38.49180519775677,143.35191875382895
1117.2665498241877,640.3701217767219,1117.2963454433072,640.2915567695791,7.643303394317627,gaia_full_3256,0.0840252299376528,-23.259951685926644,-30.856829209090176,-23.259506850344025,-30.858591030634273,143.36037723595246
636.7247871211508,2981.083980752134,636.9382364727435,2980.7253251514876,6.991960048675537,gaia_full_1225,0.4173661049608893,-33.135613960390714,19.90283340680199,-33.1294967181006,19.895567302874998,143.36709032372485
3703.962663215827,2475.752209472597,3704.296187138424,2475.9801570479963,6.954245090484619,gaia_full_1732,0.4039780985087426,37.60837859429644,8.973472611685338,37.61628808454019,8.97797061293797,143.47226530796326
2983.8832082240165,3450.6149744261606,2983.379519116861,3450.618576907492,7.175527095794678,gaia_full_2042,0.5037019898102146,23.426165696230203,30.779080182867197,23.413673425872975,30.780011543541455,143.47323076269197
487.985697399299,1361.9686108531,488.0773359996924,1361.9423029772963,6.952877998352051,gaia_full_2186,0.0953401143872201,-35.882538082667935,-14.442314006913138,-35.88049979192043,-14.442978349594659,143.4924477774482
2960.0170404966807,3467.2503910934324,2959.7147451344617,3467.2916232349603,6.727010250091553,gaia_full_2375,0.3050943714886662,22.895321370423833,31.18180684109636,22.887947846821657,31.18321286914225,143.50400684491837
3750.345568247954,2265.2874271173437,3750.6764025046577,2265.298650427059,7.676548957824707,gaia_full_3433,0.3310245732415411,38.411305413569906,4.552357833685419,38.41877174361263,4.55245543921415,143.52682905061855
3519.7071445500446,1204.5058435497826,3519.6658233305816,1204.3161774584842,6.536184787750244,gaia_full_2620,0.1941150930926166,34.3110015046412,-17.872854293502233,34.31059348863099,-17.876916843304265,143.53038228194444
3649.11982700418,2635.5823354361883,3649.424970225825,2635.721293329216,7.9387125968933105,gaia_full_3699,0.3352934263453722,36.65153994583113,12.369412131596745,36.658792059520756,12.371998405920554,143.53673007996656
692.8828696128359,1034.642955830256,693.0283341113977,1034.5749987613126,7.156520366668701,gaia_full_1686,0.1605555466535524,-32.07402548787191,-21.652776401269804,-32.07083050744692,-21.65445776553039,143.56167443771045
486.0925677767543,2730.8735335121432,486.3205992383987,2730.4087905063097,7.799539566040039,gaia_full_2778,0.517672105652628,-35.923166181478685,14.415687300968669,-35.91681906731166,14.40620441744053,143.5666072306327
3744.2912453253502,1784.5867453086355,3744.608852396171,1784.7478192092146,7.932092189788818,gaia_full_3133,0.3561166282041962,38.31315144567837,-5.475078868622853,38.32016379147744,-5.4715632887071965,143.6057320368789
2627.587094935059,3648.510389694755,2627.2102224657338,3648.285676917535,6.055509567260742,gaia_full_1221,0.438780913875136,15.07973991232991,35.66482439138001,15.069321144963503,35.660316019483126,143.6234433672113
2710.807794897888,3611.9009415047894,2710.4158758014005,3611.9439069310656,5.971205711364746,gaia_full_603,0.3942671759691546,17.109254070267536,34.7433392773026,17.09934110048477,34.744836469030865,143.66409553747894
2704.5719826554605,479.0607595222546,2704.132595212983,478.9807122449113,7.825223445892334,gaia_full_2049,0.4466194030908018,16.959111861989943,-34.81917679753009,16.948092708361326,-34.82155623564422,143.67307660518634
2671.4090281678705,463.70992792416297,2671.127994334842,463.53012913166367,7.431751728057861,gaia_full_1775,0.3336279680887102,16.15528270980636,-35.20398008608086,16.148606635105093,-35.20833662442185,143.70304997374316
3768.372784564267,2022.274776935504,3768.673094758601,2022.3886562893151,6.706192493438721,gaia_full_2739,0.3211770851811001,38.7319983017634,-0.5149053402414426,38.73874523027396,-0.512519748773722,143.729318718225
2463.55265603801,386.23050350719984,2463.363804470924,386.3734359018147,6.39113712310791,gaia_full_2657,0.2368429518078867,10.961778787212044,-37.1669538038671,10.956491598953626,-37.163943230633805,143.7413036698586
385.3890351782908,1621.4714647807646,385.33245710096753,1621.4472819818584,7.019632816314697,gaia_full_1264,0.0615295587220646,-37.70877036072378,-8.902436959929057,-37.71008943544455,-8.90289735364334,143.7465239957631
1251.9177717273733,549.7200302210601,1252.0386064620195,549.6595255727332,7.771600723266602,gaia_full_2627,0.1351363961568027,-20.219815153067014,-33.05883724262142,-20.21697789111556,-33.06035502917344,143.76571252977956
407.0128720050913,1549.685729751995,407.0002802386714,1549.41607702266,7.823310852050781,gaia_full_2372,0.2699465632663826,-37.33698406536462,-10.421224223641108,-37.337750604209916,-10.426851457074621,143.81900672841826
330.69391423308326,1903.198479992947,330.633680241903,1903.023104372172,6.231058597564697,gaia_full_648,0.1854312326866927,-38.65440313502732,-2.9957956787505875,-38.6558511373519,-2.9994321104941277,143.84027754001164
3479.174917769674,2958.687112793564,3479.2219230858627,2958.8890665231424,5.613423824310303,gaia_full_286,0.2073518956763575,33.576550407680344,19.395042254456193,33.57827343272598,19.399241753678307,143.86704801019852
3766.8088916713023,1939.9216178440577,3767.2825923151822,1939.9922943245328,7.582254886627197,gaia_full_2295,0.4789441145948908,38.71652655818039,-2.230127848294827,38.72716200058134,-2.228559645977612,143.91145588453375
2489.730259222505,3702.532293588983,2489.32859680123,3701.8930519733817,7.6315717697143555,gaia_full_1429,0.7549586371325923,11.63617186622609,37.02422411596721,11.624091127129878,37.01037040501228,143.9175506064143
499.33556702098167,1328.062788141641,499.3875556653579,1327.9781463399077,5.997371673583984,gaia_full_322,0.0993330445760689,-35.70561585063936,-15.168815217700047,-35.7046348577622,-15.170660150825006,143.92151301378706
3750.755066077131,2295.118124527736,3751.113057966176,2295.3574403276,7.098104000091553,gaia_full_1800,0.4306161221858296,38.44573978982092,5.1739618612925,38.45402917275771,5.1787815110929465,143.94839509321102
2356.096427274338,355.5867776830659,2355.878676662369,355.51198924097093,7.111319065093994,gaia_full_1325,0.2302360529629661,8.191688020476983,-37.943439916637985,8.186057517471351,-37.9452749235524,144.01164299917897
3667.4869098335334,1488.1003101796248,3667.697790539062,1488.0327881759035,5.466914653778076,gaia_full_241,0.221426947210678,37.00964114144746,-11.728564771582931,37.01458009189538,-11.729762459980826,144.05039372969458
1337.368202366955,3594.911407622405,1337.4272054652397,3594.342031471539,7.363150119781494,gaia_full_1759,0.5724251626039488,-18.225673870192516,34.302625589092635,-18.222228950411793,34.2901602056908,144.05986425240835
848.2811140720232,852.7165034293221,848.3551781907522,852.8228172362506,5.8824005126953125,gaia_full_1177,0.1295689747845827,-29.02678709178251,-25.800196136069093,-29.02460962613676,-25.79804708738762,144.06475971195033
1960.4175589232796,3770.640801722905,1960.2139055472055,3770.4274839329582,7.057535648345947,gaia_full_3040,0.2949223238314606,-2.312426981255865,38.772765561325755,-2.317754764266752,38.76792446103372,144.0818002110985
3771.7131348897647,2102.741518912356,3772.0786088713016,2103.007918714264,6.730597972869873,gaia_full_3454,0.4522610812764269,38.81170005704962,1.1604554721007176,38.81997839422388,1.1659623630526568,144.08305332372953
1504.0185545786878,3669.632442713458,1504.3630175116875,3669.2263675692952,7.516981601715088,gaia_full_3661,0.5324957604692594,-14.166179463610687,36.180258346339215,-14.156065522538912,36.17165084151449,144.10370046253445
2756.91536269748,498.7929824180791,2756.520245022786,498.66834186487745,6.13060998916626,gaia_full_447,0.4143105651051363,18.233924754810808,-34.308725270861935,18.22425491679541,-34.31205415439617,144.13512036923817
1389.244278664224,473.0880767384541,1389.4072490791923,473.2182456394346,6.642272472381592,gaia_full_596,0.2085744445932244,-16.983224479306696,-34.95093610147864,-16.978612907295595,-34.9482865712276,144.14540909378334
2917.0828037476836,589.6042918565122,2916.7019124377925,589.5845185526323,6.60752534866333,gaia_full_899,0.3814042127413097,21.961663356189923,-32.06425446660004,21.95218788099575,-32.06531685084841,144.16579631819687
3217.4854020200814,3270.3684896882487,3217.305822955487,3270.5314675845757,6.132768630981445,gaia_full_551,0.2425086289840277,28.456360701550224,26.474098088432918,28.45264472239597,26.477915812615272,144.19204402411714
2209.295860421026,3766.144713101486,2209.1117283315707,3765.818403368901,4.9157633781433105,gaia_full_864,0.3746767512769135,4.32961081176023,38.648729034411126,4.324386102480164,38.64146844367609,144.25075287786365
324.3671005012812,2177.714912595088,324.268758781692,2177.477959106357,6.421800136566162,gaia_full_538,0.2565502867541351,-38.790326462859326,2.721635951164437,-38.7924278961761,2.7166786286764393,144.26837479679935
1780.992215478097,3750.7250484668807,1780.889859136396,3750.372561581909,7.276047229766846,gaia_full_2330,0.3670474421159452,-7.069933182875458,38.24894725990333,-7.07210419240039,38.24097629742492,144.2757262525226
2034.257187647003,318.6763877191925,2034.018054825642,318.5464978160062,6.580766201019287,gaia_full_1072,0.2721321245312861,-0.34070918467374417,-38.88708222124968,-0.34711309548059943,-38.889997180442336,144.283617307357
3728.4567088794743,2423.4919759007335,3728.7364597399073,2423.6506330745356,7.3581929206848145,gaia_full_1244,0.3216094568135643,38.08721482036943,7.863942422944004,38.093760094568026,7.867054690182751,144.3061630485435
800.2897643302579,896.836993749932,800.3251328946274,896.8213358581238,5.953400135040283,gaia_full_364,0.0386795155274417,-30.01308935446419,-24.77151538259653,-30.012301843104133,-24.77191187234844,144.3710409102328
3275.0176459894324,3217.1948962381557,3274.8041965324924,3217.3579957625107,7.307290554046631,gaia_full_2696,0.2686300904827866,29.639961622721994,25.232709289142363,29.63545452459638,25.236574669055102,144.40721461581853
3213.8465811140572,816.5600116964507,3213.5410605791894,816.3566286324999,6.984155654907227,gaia_full_1082,0.3670251598023382,28.395353351532545,-26.632419285989055,28.38874896769392,-26.637330300635515,144.42263327348675
465.2598811732641,2710.712109952461,465.42928824450087,2710.304629748534,7.028295993804932,gaia_full_1435,0.4412922754565057,-36.35261529300944,13.96743543341553,-36.34777618915955,13.959092959400637,144.44877507686704
3725.7283536913,1652.5695953335069,3726.1037027361062,1652.5759885065845,6.696030616760254,gaia_full_982,0.3754034870627945,38.050476150681014,-8.2401487401092,38.05896369499165,-8.239737987942263,144.46596714675206
1406.4006527034387,3633.354611928741,1406.629326955422,3632.780789334424,5.943967342376709,gaia_full_612,0.6177088984863772,-16.58209880691772,35.249833183677936,-16.574360720161284,35.2374546841443,144.4664266472801
3412.189852017941,1032.1819346809011,3412.136972345703,1032.003144229909,6.921599864959717,gaia_full_1432,0.1864464671215566,32.34292917056404,-21.686880935623897,32.342291496204844,-21.69076336388456,144.47239941867133
755.7064268461057,3151.675215999875,756.0659203588002,3151.350883757703,7.790094375610352,gaia_full_3417,0.4841766092882523,-30.90984298904071,23.723093856016884,-30.90013235173822,23.716798655139332,144.51010481768515
3520.846778432688,1185.2211854271811,3521.035232865742,1185.0971490319398,4.268913745880127,gaia_full_81,0.2256105065861519,34.39410135574193,-18.27810171554255,34.39884545849832,-18.280439567556783,144.51726306648828
1629.0780104447583,376.48987303528446,1629.312177716517,376.4573173491358,7.786356449127197,gaia_full_3694,0.2364195082126549,-11.020343057752017,-37.38313098488434,-11.014258587331472,-37.384085083642795,144.58527790535172
860.0403927233682,832.8272362312204,860.0818041491762,832.730339691027,7.727291584014893,gaia_full_2670,0.1053747867798213,-28.81871761632456,-26.247516694946675,-28.81808724173933,-26.24966878912985,144.6159051960645
335.2546591930825,2298.0922825925218,335.20838834200185,2297.912731162668,7.490332126617432,gaia_full_2590,0.1854176572558579,-38.6286496316379,5.232147369800784,-38.62952920296566,5.228386038448253,144.61825035850902
576.5442101132941,1176.7541747578582,576.5985521498162,1176.6838929484752,6.445394039154053,gaia_full_707,0.0888402479933672,-34.34069233920703,-18.461761892019968,-34.33964132486849,-18.463325731859772,144.64341192378603
2595.0100843833784,419.8848739845344,2594.691932564734,419.7612358894735,7.831011772155762,gaia_full_2043,0.3413311562939669,14.309850397310733,-36.27374204447517,14.301931439446133,-36.27687718670742,144.66490065626334
461.17606095391113,1385.5251797687042,461.2918124770554,1385.4938224416128,7.507303237915039,gaia_full_2135,0.1199237135537854,-36.440880533652894,-13.915648793003813,-36.438303462894595,-13.91644433728073,144.7058200815839
1734.1175220654682,3746.5976677691497,1734.1339666874317,3746.2261906453114,7.292539119720459,gaia_full_2646,0.3718409325594761,-8.306657080700194,38.12399525432407,-8.305548001148143,38.115685926838836,144.72342714236188
925.1406382785174,770.1897260344808,925.3558187003196,770.1838962539357,7.869353294372559,gaia_full_2864,0.215259379048096,-27.483314214571664,-27.70985587642694,-27.478106437891256,-27.710366392177352,144.77682111469073
1373.7344130894412,3622.2805309729006,1374.075203945943,3621.8107913849944,5.293799877166748,gaia_full_355,0.5803392872462384,-17.386252570710493,34.959253932523275,-17.375930722230436,34.9493675798,144.79918475741206
567.1213086528056,2906.223257738284,566.2801452978799,2904.84422765874,7.448635101318359,gaia_full_1048,1.6153265149671,-34.526495385029186,18.21528316729372,-34.541912170617465,18.184963199432243,144.820822505179
3759.059125689113,2308.9710395175643,3759.511559460102,2309.1754001327263,6.743717670440674,gaia_full_1711,0.4964469540250313,38.645889616952616,5.458541220729394,38.65629139996981,5.462571497028821,144.83564605101904
3243.8773838662805,838.2421600063396,3243.5436330010025,838.1561233359196,7.064023494720459,gaia_full_2080,0.3446620790438203,29.037026364179738,-26.1137546032286,29.029318392795027,-26.11619349267202,144.86454745116188
2057.7335868035375,3782.7592166532913,2057.616212156087,3782.5004438821416,6.738951683044434,gaia_full_1247,0.2841481215012328,0.2874700632727956,39.0544402570016,0.2843098437575478,39.048620991075126,144.87018819715541
1314.7277432070107,500.7628868524731,1314.890451579584,500.82921908008666,6.263271331787109,gaia_full_489,0.1757099283637559,-18.798038455866628,-34.23196045479595,-18.793653092217284,-34.2307462757274,144.87350162265372
3172.9352481693104,3321.7863512966146,3172.7645531969565,3321.8435668368347,6.515056610107422,gaia_full_2606,0.1800288633235603,27.57453927680017,27.65898257788012,27.570613065289987,27.660520129668264,144.88764163881353
2589.471109196059,3679.346439618893,2589.0250662110475,3679.279506855431,6.069823741912842,gaia_full_1471,0.4510369600183139,14.180792507724549,36.39671011358775,14.168982149177506,36.39576478991989,144.8956527189707
3751.560739656153,2353.7943733504367,3752.017722202646,2353.824965441628,7.155727386474609,gaia_full_2478,0.4580053753423581,38.52305576241072,6.396131586303729,38.533409412071826,6.396503305728752,144.91118932553138
2194.3640094379934,318.4716190987859,2194.1265721375203,318.4740908510539,7.099851131439209,gaia_full_1649,0.2374501657511811,3.9396706304853053,-38.865272345732635,3.933322787577224,-38.865302456584494,144.92276986252554
2455.2362889170645,3724.6994815329663,2454.9981710183906,3724.715759734988,7.166501998901367,gaia_full_2433,0.2386736548719006,10.781976607669778,37.55299963247446,10.775739260748642,37.55359030709089,144.942044589364
1006.3165494373724,699.7862845288121,1006.5149557690607,699.8759508734761,5.155814170837402,gaia_full_168,0.2177271820868668,-25.773244983269187,-29.37441355280275,-25.768019309015557,-29.37282643250168,144.95937567794815
3566.090251830876,1249.7074712176068,3566.1374268675263,1249.624610136187,6.858994483947754,gaia_full_1259,0.0953490581864818,35.25563811655857,-16.854503302224998,35.256959261824726,-16.856180508428125,144.9797993366899
579.2814410697819,1165.5998708320594,579.0989123896306,1165.6021774090666,7.172054767608643,gaia_full_1757,0.1825432534366503,-34.310839060621284,-18.701202879433296,-34.315075581103315,-18.70087869708815,144.9828029050334
2174.964936442712,3778.8408559703894,2175.162501610576,3778.164798979534,7.545132637023926,gaia_full_2261,0.7043330536310702,3.423739970914711,38.9462915972203,3.4285019952763145,38.93102960552078,144.9890879422239
3382.5838486278367,3107.648516752427,3382.5525290087808,3107.8863690745557,7.736044406890869,gaia_full_3442,0.2399054932255837,31.802959990353333,22.710026039140374,31.80305668482638,22.71513589241426,144.99061250570057
2398.0388736426125,353.1925496118048,2397.944934032679,353.4230338184236,7.282685279846191,gaia_full_2366,0.2488927877925479,9.30627586114108,-37.96422763753096,9.303324969640885,-37.95914841876499,144.99236819589754
309.78756142843105,2092.41505806799,309.59623803612,2092.159060605918,7.22703742980957,gaia_full_1240,0.3195924608506491,-39.091055320709515,0.944393468465423,-39.09531798362512,0.9390536046283842,145.08142304995067
3356.6690806499487,953.5455235850006,3356.6002633677235,953.4279672691024,5.93018913269043,gaia_full_477,0.1362178613119327,31.3058360844239,-23.452349304777993,31.304625890153034,-23.45497097149612,145.11886930854416
1912.344628635232,3779.4548734250607,1912.176909184606,3779.1334487113622,7.223841190338135,gaia_full_3187,0.3625515972852945,-3.6031958751879087,38.95793642625473,-3.6074210241789437,38.95065484424151,145.1213225530051
2312.1736583902216,333.23448978650555,2312.0027656682532,333.2086314833782,6.154670715332031,gaia_full_376,0.1728380000531697,7.063392125313908,-38.474671910111226,7.058885118792394,-38.47536133706059,145.12200017965526
340.81053673603554,1731.9148204688126,340.7547273851944,1731.6906990019909,7.2051682472229,gaia_full_1174,0.2309656154750114,-38.56922616077995,-6.567856863418035,-38.57074409692723,-6.572491093149279,145.1560744805706
1957.845315028998,3783.758361297157,1957.790934866752,3783.5020925301537,5.585765361785889,gaia_full_367,0.2619749663375179,-2.388165393131785,39.067251184480604,-2.3894831399745695,39.06147528070088,145.1849217961326
3068.970864295434,3412.0869738736583,3068.94916306801,3412.0263951623688,6.916173934936523,gaia_full_1637,0.0643484540078309,25.382644307867427,29.79459469542216,25.38187222483689,29.793321216068158,145.2025981041538
2897.9540218902853,3530.316519645387,2897.5563189206473,3530.3759700451674,7.199198246002197,gaia_full_2951,0.4021218746759696,21.578198774986618,32.6626817973765,21.568405767510146,32.66464115015053,145.21650659654074
2759.377380141348,3608.290264623172,2758.894432884126,3608.195838640901,5.861875534057617,gaia_full_1734,0.4920917794335289,18.341853825839515,34.59345021913846,18.329160528942683,34.59208992243122,145.2352667925603
1126.9699765227394,3486.678606940053,1127.0559314518096,3486.2534230509027,7.954120635986328,gaia_full_3645,0.4337851881111149,-23.144144515941864,31.593368743890537,-23.140357823150115,31.584252648003027,145.25755231753718
1293.2973434552407,3587.316293284554,1293.5266165032454,3586.817952619815,5.431440830230713,gaia_full_349,0.5485522296679781,-19.32370146642025,34.06886836012977,-19.316078176021435,34.05826455919981,145.2592144991978
1576.6996601240055,384.38600357487246,1576.8219347859376,384.4222432989852,6.34691047668457,gaia_full_1090,0.1275319981588318,-12.37707931244235,-37.15320331459073,-12.373776672228706,-37.152528206080376,145.27553147121526
3430.52184427666,3054.654438051629,3430.4485032432535,3055.0275999479527,7.4837751388549805,gaia_full_3463,0.3803008125801567,32.7498411274838,21.504632758190294,32.74938665207173,21.512664196668318,145.36533314997502
3264.442488784625,850.4307496465694,3264.152509425722,850.2526011652435,6.132370948791504,gaia_full_1297,0.3403305892633395,29.48536095390628,-25.815946931922056,29.479069516533364,-25.82027913807815,145.38357264828647
3079.706303331465,3406.485930486626,3079.2844985920474,3406.642604631977,6.984114646911621,gaia_full_2735,0.4499622495460473,25.625107592095073,29.654200104162477,25.615338347874765,29.65834433988717,145.38644077828374
2529.184559429312,386.9383954412819,2528.963675401419,386.66879423804426,7.817795276641846,gaia_full_2664,0.348532010818631,12.682114735084678,-37.08332015514332,12.677037843733794,-37.08956965981553,145.4139162188453
3038.7272567775317,3437.723171090993,3038.487984982695,3437.9460002897354,7.380167484283447,gaia_full_3231,0.3269615323192266,24.736143642678886,30.403928960695165,24.73109452274693,30.40918644273297,145.41401987689568
3121.5969843916832,720.2039032931847,3121.2797388327785,720.1177987508772,7.663712501525879,gaia_full_1930,0.3287228876283542,26.525179131903556,-28.872444009759747,26.517748646138756,-28.874873892153587,145.44258597118085
3459.17093437263,3018.790640167296,3459.1376243731197,3018.8369419665414,7.273136615753174,gaia_full_2450,0.0570386945920922,33.30189037102312,20.698121991237745,33.301263223605,20.699155782613857,145.46528832030253
3675.528397957901,2631.2457474171297,3675.7277942521887,2631.577355988019,7.446265697479248,gaia_full_2509,0.386940727325276,37.244853465316936,12.250352360699239,37.25009808852266,12.257071007843923,145.48309465271697
1012.4509981642424,3407.361122320859,1012.7812091865864,3406.6976735183525,7.253439426422119,gaia_full_3237,0.7410827435751591,-25.67391993484958,29.66984598401274,-25.663177333242103,29.6560794593458,145.4961552580843
1210.2389014830446,3543.605877497579,1210.6045384730337,3543.144057320712,7.303067684173584,gaia_full_1923,0.5890401380295516,-21.270271920920283,32.976942088049334,-21.25930502688331,32.967435776292476,145.53059127067823
3605.726515616572,2785.7059764691157,3605.70905990532,2785.7846295166805,7.318274974822998,gaia_full_2325,0.0805667657694653,36.01080603584318,15.569609876997871,36.01061038141939,15.571283522528516,145.55040583932256
1144.6437497180618,591.7304737263466,1144.8776348138013,591.8803541072455,3.803789377212525,gaia_full_70,0.2777883485451027,-22.7622822861398,-31.963525943863676,-22.755847320083348,-31.96065727717979,145.55434282894393
1447.2551880947192,3664.892019082753,1447.534762989456,3664.412850697122,7.124748706817627,gaia_full_2159,0.5547652328285428,-15.626051738412029,36.00322709250464,-15.617301361327861,35.992979060469246,145.55824058268476
322.94740437195793,2292.5141684160676,322.87307121833487,2292.42948628697,7.7914581298828125,gaia_full_3512,0.1126786613162861,-38.90116298156034,5.11022438292607,-38.902763251495266,5.108427898512842,145.5642154574317
3554.236131044922,1215.7499775878157,3554.23683366586,1215.7720488719374,7.208960056304932,gaia_full_3346,0.0220824649657451,35.078316701439064,-17.585916070632905,35.078268738999675,-17.585450545104173,145.57423684744856
328.11381020838445,2323.7560747946923,328.0579408966589,2323.3813665190355,6.365234851837158,gaia_full_487,0.3788504610507229,-38.814463709729154,5.762806937232807,-38.81534543649643,5.754980466900236,145.5750798531912
1240.322846898496,3561.9403785508875,1240.487272323564,3561.384527281954,6.357513427734375,gaia_full_910,0.579660550308402,-20.577677751570008,33.42776384369336,-20.57145183445737,33.41584211074649,145.57755184266756
3788.3923908575903,2155.1827057197625,3787.318629554384,2155.0074888712093,6.123383522033691,gaia_full_590,1.087963363482309,39.202804322212,2.248661294145261,39.178564424456916,2.2452425761416954,145.58690609753367
1105.5849879870177,617.6683988288074,1105.8195322888378,617.7268512679373,6.1617655754089355,gaia_full_853,0.2417182598739339,-23.63751849981154,-31.331084266933978,-23.63144555267891,-31.330220675976044,145.5881786496116
3176.994068312512,765.0944960906343,3176.643943999135,765.0063257720997,6.444019794464111,gaia_full_1951,0.361055452649789,27.70090697151018,-27.80489007118483,27.69273750969619,-27.807420944899423,145.5934926077991
1472.4394580919634,418.2481672302926,1472.541230609126,418.26342283538906,7.591450691223144,gaia_full_1374,0.1029095658161057,-15.005359791838046,-36.276836680027486,-15.002666371917455,-36.27662867838879,145.637605058613
307.02596875236907,2169.6520650832567,306.997424796662,2169.590853347494,7.923893928527832,gaia_full_3628,0.0675398697251872,-39.17700645854975,2.5497132691120017,-39.17762151147737,2.548434240849031,145.652099255617
1909.4215214155256,3785.969924200383,1909.2072488133583,3785.612732875603,7.675281524658203,gaia_full_3665,0.4165313800156541,-3.6868225740900056,39.10341899851559,-3.692263781376791,39.09531629955648,145.68498079084821
2635.8401678951245,423.5068969118831,2635.468416438908,423.36311699695784,7.743982315063477,gaia_full_2611,0.3985872666491726,15.360406678898313,-36.14172437969955,15.351194626932172,-36.14539790211459,145.6884005680638
700.5861246944177,3108.0267755109776,700.8624737433913,3107.5919337773216,4.957931041717529,gaia_full_247,0.5152243493834152,-32.06036480069943,22.69960489692309,-32.05228997141375,22.69084146032215,145.69192489061663
2857.6671492190308,3561.8394950050706,2857.2374829500095,3561.826344565592,6.805287837982178,gaia_full_2492,0.4298674642178949,20.67842209826639,33.41908166820917,20.667484638826863,33.419491627360365,145.77615548334643
2204.7995832139313,3786.2270630203375,2204.625870022615,3785.9916858579536,6.34514856338501,gaia_full_2179,0.2925383417763054,4.228761155880111,39.10181556076831,4.223882166716263,39.09659337953111,145.8883449033422
3793.318800566238,2108.032516612565,3793.680552124307,2108.134644652353,7.495723247528076,gaia_full_3104,0.3758913756339923,39.29902114239155,1.2680761706238743,39.30718464868779,1.2701554026736381,145.90170613630738
1575.033317374729,376.5954170531684,1575.1597843773136,376.7484668801751,7.780283451080322,gaia_full_3695,0.1985400521041609,-12.44118762490139,-37.324980140445916,-12.43746183477575,-37.321708413123744,145.94567355497404
3549.8535658141072,1199.880107648088,3549.9634184764445,1199.8609734774411,5.6920294761657715,gaia_full_665,0.1115066092611661,35.02341563300143,-17.92634010509048,35.02601902826924,-17.92658048595033,145.97320415193116
3593.9648704049705,1275.9321161381893,3593.9960738283207,1275.7896666296738,7.146450042724609,gaia_full_1488,0.145827007461158,35.826471112115335,-16.264740107950512,35.82757942102988,-16.267688071639753,145.97644877984146
1611.7456838358337,363.8209333601574,1612.1343109477396,364.6072906283248,6.7502031326293945,gaia_full_794,0.8771480977052459,-11.507227625383141,-37.6486422437533,-11.495046121238136,-37.631493561174345,145.97702724345476
3087.186124508764,3409.2045075269566,3086.9084337391,3409.362093808031,7.40358304977417,gaia_full_2430,0.3192892098700479,25.820012398545238,29.69960122094294,25.813799302545686,29.703510406809745,145.99519336377833
2487.9135379319373,366.15017092850894,2487.57950439616,366.0690109239076,7.588796138763428,gaia_full_2542,0.3437518718071349,11.650650075371802,-37.590867997946425,11.642048672479415,-37.593023135452775,146.00094014221236
2265.044487656203,3780.165005499504,2264.9557924682813,3779.93391203601,6.59008264541626,gaia_full_2525,0.2475298471498173,5.834217715240113,38.93773877196809,5.831542510424393,38.93259803532584,146.04719014260786
3555.6165725023443,2886.543928542938,3555.535805439942,2886.6903553990924,6.8787407875061035,gaia_full_1338,0.1672248264234477,35.13457553934364,17.758426084424528,35.13313569072519,17.761625477439164,146.04994590993257
3787.596328801661,1883.9182726966944,3788.116749991692,1884.068276672585,7.289200782775879,gaia_full_2707,0.5416081681586253,39.21223802173863,-3.389796822937915,39.22386943483888,-3.3865165244376407,146.05785523551447
3162.220963886013,745.2285949171123,3161.7859561380656,745.107498119421,4.303025245666504,gaia_full_84,0.4515486409961785,27.419276558066827,-28.259323163784266,27.409146444063758,-28.26272292642963,146.06079469963805
1124.5475117063932,3496.3083932635273,1124.8066673461665,3495.6450156956216,7.355903625488281,gaia_full_3066,0.7122018275928451,-23.242079865710565,31.798956080246313,-23.233007714118965,31.784957587231336,146.06142416796519
955.2630817101732,3369.3243926600344,955.53321780708,3368.711441405663,7.007251739501953,gaia_full_1607,0.66983785432542,-26.927048325499314,28.74494531137616,-26.918009443119388,28.7322194489481,146.06441548825728
3135.0231681610503,722.1606249273992,3134.65732418722,721.9522343088693,7.563822269439697,gaia_full_2629,0.4210326152201468,26.846148270328904,-28.805935465161014,26.838020480335455,-28.81109503271342,146.07566931811795
3718.714561942175,2533.9468034106303,3718.928228039347,2534.123159703907,7.22099494934082,gaia_full_2504,0.2770464640793942,38.0392677656138,10.175709006191028,38.044432194707106,10.179191606166354,146.10563886721124
732.7684801046767,3153.0363950935034,732.9889513787061,3152.5207973226507,7.1085638999938965,gaia_full_1509,0.5607572059104733,-31.459836509252266,23.712204561240238,-31.452711259334336,23.701620683658923,146.1077633640961
1588.4211570367077,369.64261122300786,1588.4555973653244,369.720219813179,7.534460544586182,gaia_full_3243,0.0849071816961506,-12.107117327876946,-37.4944203956018,-12.106010875620413,-37.49272718493945,146.16522446862064
860.4814611200676,807.9878136506222,860.6020821371815,808.0457668115826,7.970430374145508,gaia_full_3552,0.1338207705660046,-28.903540895470975,-26.780997466309646,-28.900400524154925,-26.779974419411108,146.17181992212
918.4680039281988,755.073160706795,918.6042760483969,755.1112952550479,7.423072338104248,gaia_full_2073,0.1415073655811335,-27.704736283086433,-28.023163822853366,-27.70126742016718,-28.022592039694857,146.182445377912
2833.1343868920594,3581.003880840564,2832.819772195747,3581.095753362264,7.565639019012451,gaia_full_2844,0.3277544315172385,20.126575519890473,33.87905934659522,20.118910995997606,33.881580454883206,146.18744439634773
2583.590871197296,3697.542619469714,2583.2055741539793,3697.59821749986,7.319985389709473,gaia_full_3188,0.3892877503142919,14.080095746070338,36.80818465916946,14.070184743350001,36.80989038817686,146.19714397725627
2956.6557527865,587.2570118441615,2956.2395077888996,587.1224398363097,6.2071123123168945,gaia_full_671,0.437458024643316,22.962487672699453,-32.04849671141782,22.95258263592544,-32.05215006698943,146.25471215789244
3764.731948011271,1726.7349926357813,3765.668101897693,1727.0367885615476,7.986111164093018,gaia_full_3415,0.9835979259188482,38.83595523526058,-6.668700071327996,38.85674751764741,-6.661850239780721,146.25780360864655
2054.9667115472275,294.5622439594652,2054.651775142092,294.54179013325006,7.243351936340332,gaia_full_1696,0.3155999022283383,0.21418041309659935,-39.429770114931,0.2057145057765037,-39.43023647797412,146.2840932629443
433.6192032766835,1401.0597172083662,433.9256402451722,1401.0955942584403,7.3025102615356445,gaia_full_3550,0.3085300283255432,-37.03532876130187,-13.5576091576813,-37.02823470982665,-13.557221245125211,146.28891729280087
3000.2388281465323,3477.620782733451,3000.0292915571085,3477.6715842835124,6.881196022033691,gaia_full_2822,0.2156070031237308,23.937230573560566,31.33840279156797,23.9322094708482,31.33987679664545,146.29127472519397
1795.9728715640558,316.5245670189626,1795.772050134544,316.5236103804323,5.8084564208984375,gaia_full_492,0.2008237080337232,-6.711891308052711,-38.85838987885306,-6.717257184325524,-38.85828772830171,146.29830911465118
3776.429519759698,1782.526443384291,3776.8253930359224,1782.5072919379882,7.560851573944092,gaia_full_2797,0.3963362571404824,39.040172109212975,-5.501888983545463,39.04912169486589,-5.502086477541481,146.29919303727223
1923.4997700809113,299.40897212688367,1923.3055333959417,299.2713526484986,7.96811580657959,gaia_full_3189,0.2380483367281869,-3.316153187814699,-39.30180048973989,-3.321472007100108,-39.30483493816003,146.33660088212937
3418.8921997288626,1006.211988527122,3418.8261849490655,1006.1714508932504,6.460139751434326,gaia_full_909,0.0774677411028648,32.59058317038138,-22.226603524774003,32.58916850815976,-22.22757551528693,146.3467954272049
2665.044168976938,3667.236131814233,2664.6652332781855,3667.318236347164,6.747172832489014,gaia_full_1563,0.3877285366297403,16.10822107090871,36.03052073444541,16.09865532451827,36.032856186303476,146.41329017459472
676.4322610588812,3091.3886025839374,676.5575639884828,3090.846841549819,7.538294315338135,gaia_full_3217,0.5560628042367667,-32.5720198304168,22.30520778453523,-32.567151819390254,22.293934398826533,146.4182469040524
1996.473396510166,3800.6365892553617,1996.4531391305748,3800.2701831940817,6.72633695602417,gaia_full_1640,0.3669656157884271,-1.3587264666517471,39.453626579249836,-1.3591566376412003,39.445380862093636,146.4251317583812
450.0851323454513,2734.247229328333,450.2610430161162,2733.737220135546,7.271775245666504,gaia_full_1648,0.5394941526847745,-36.757099882408056,14.44196978525825,-36.75180917565478,14.431513721163954,146.48051708001665
3790.499570950032,2231.988684831671,3790.793517349059,2232.164271462381,7.826381206512451,gaia_full_3671,0.3423961892095329,39.29166736174011,3.8439827807976488,39.29840949599434,3.847525350278343,146.49011828508014
3752.199431951989,1652.2841683728657,3750.852555960794,1652.1579997644549,7.009838581085205,gaia_full_1320,1.3527725061545732,38.65008944198831,-8.226389450603746,38.61978440349902,-8.230025435343263,146.4925904666913
1173.0700389499898,560.4797812208416,1173.230338799901,560.6834910070538,6.934884548187256,gaia_full_2628,0.2592175126801538,-22.169097624299273,-32.69408048077596,-22.16427213329718,-32.68990487950214,146.52376874417163
826.2700314113536,835.3293283319842,826.4529582335108,835.2896938132994,6.176421642303467,gaia_full_730,0.1871713582146678,-29.622371791925527,-26.133176984304004,-29.618122194839525,-26.13435780095605,146.54034593045495
2875.400767170539,3561.4238414947185,2875.0423401792445,3561.6146975971915,4.92366886138916,gaia_full_119,0.406073835576169,21.126149559620178,33.380851665948605,21.117795067299344,33.385625158267715,146.5555330357835
3656.15450509164,2709.2558052947484,3656.364025516573,2709.479307004218,7.116766929626465,gaia_full_1724,0.306352448333172,36.976986519430966,13.903943614813787,36.982316809632756,13.908364957295843,146.5824427907567
3487.0346241952075,1091.4261597374489,3487.098012865419,1091.5115993941215,7.47780179977417,gaia_full_1924,0.1063863639926727,33.90062155096482,-20.310157975608647,33.90182241572072,-20.30825107886461,146.61174690652365
718.309884395341,949.4436153335816,718.4224436342249,949.3775979623942,5.126649379730225,gaia_full_163,0.1304909021986782,-31.77213234669212,-23.5064921134455,-31.769702516553355,-23.50809299844835,146.62046817551223
3531.3782548735667,2938.1713719344125,3531.3679337626872,2938.460777842956,4.3061370849609375,gaia_full_48,0.2895898914492564,34.72836697475764,18.881756881233414,34.72902869534202,18.887868491564788,146.66329388661384
3522.5191969873467,1142.6456909733995,3522.8184227005604,1142.4254452237756,6.890140056610107,gaia_full_1169,0.3715430226442652,34.56350324959701,-19.173243245666146,34.57116625373025,-19.177417709568573,146.66713557782194
2205.640613313132,298.8285015969483,2205.5507943033235,298.60629567807086,7.266568660736084,gaia_full_1700,0.2396725368228365,4.2599599997503885,-39.30250187102072,4.257765379417098,-39.307531148038095,146.6798825587234
1771.2325447985415,316.4724939429608,1771.1929049315356,316.450077154243,7.18724250793457,gaia_full_2461,0.0455393398356357,-7.37275804330071,-38.843588245177905,-7.37385373040982,-38.84406408057173,146.6810302261404
949.2596743427246,3373.4248776134123,949.598528031186,3372.9439350503662,7.071126461029053,gaia_full_1893,0.588326075517033,-27.09029197356392,28.82236691623294,-27.080073968243216,28.81262386042795,146.69335294320712
331.5576191455182,1686.4764219433405,331.4634687536154,1686.417522910548,5.426762580871582,gaia_full_320,0.1110558074092605,-38.83447720763526,-7.507623354612784,-38.836684161574425,-7.508783658205383,146.74833132979504
3280.574432975954,844.7551124684256,3280.2915010575357,844.574821807083,4.84989070892334,gaia_full_152,0.3354924634433257,29.89484843370061,-25.908232996692185,29.88874448990576,-25.912601944395952,146.75443300201601
399.9746414829454,1468.0131504286428,399.9414935677259,1467.8858149234957,7.600383281707764,gaia_full_1904,0.1315793112706942,-37.65559667717096,-12.120596946077082,-37.65661988950729,-12.12321925655241,146.76350545874072
2994.489848172214,3488.2717934576312,2994.046166191061,3488.281207162103,7.431588172912598,gaia_full_3141,0.4437818363022514,23.836005206287528,31.580140245459106,23.82496677287942,31.581130233108983,146.7636630957034
2785.5382364515535,479.2504159969103,2785.0763972157065,479.2820021808211,7.463047981262207,gaia_full_2244,0.4629180994320944,19.03475849870742,-34.69582493002345,19.022812326661967,-34.69584769616562,146.79518853043004
3731.5345291328417,1572.967194647609,3731.7480686004146,1572.9626895382949,7.760193824768066,gaia_full_2795,0.213586985140129,38.307715722091174,-9.894961264510185,38.31257031324381,-9.894864204035695,146.7995081880447
2838.4359650942665,507.6852075602073,2837.999680358777,507.7436218194728,7.970630645751953,gaia_full_3185,0.4401779141515065,20.28122322968889,-33.98704756459897,20.26989748817856,-33.986473495335574,146.8083089493353
3580.433531161514,1231.5891033003684,3580.4292162473394,1231.4654505300562,7.49481725692749,gaia_full_3219,0.1237280327582312,35.638596864437005,-17.21496628895585,35.63885420550606,-17.217569583869516,146.8375330288971
3778.002067116752,2338.956827417462,3778.430254218807,2339.047546361073,6.715351581573486,gaia_full_1886,0.4376918106343153,39.10377729896742,6.072321838676721,39.113540454050536,6.073967159193572,146.84641348589423
816.471741492304,3254.9612669036865,816.7606303223224,3254.4214664524984,6.137514114379883,gaia_full_1104,0.6122428302661054,-29.84375753115649,26.035983175730887,-29.834712024812404,26.024971072921243,146.8767324669128
511.30305151430576,1232.954909547877,511.4584143342181,1232.9562187058054,7.826408386230469,gaia_full_2518,0.1553683355951149,-35.68699110170671,-17.183013656931134,-35.6833950623659,-17.183210513614714,146.93099013748957
3239.703842702797,3292.02992866514,3239.53846300754,3292.300013755438,7.00831413269043,gaia_full_2362,0.3166960681864323,29.07661993690525,26.89866060297891,29.073685547447475,26.904751632187313,146.9580328879692
3386.537296356819,3137.6310303472683,3386.3968364002776,3137.952696050349,7.853183269500732,gaia_full_3334,0.3509954756545776,32.00413262950041,23.340297256295912,32.001977851856225,23.347375699227598,146.9618580194717
3447.0478031369335,3063.576291429828,3447.222462136948,3063.4038142236495,7.809171199798584,gaia_full_3523,0.2454672135685876,33.169230399379295,21.66594175243556,33.172740360123605,21.661996423895662,146.98275289804636
659.9119534385742,3080.969848517569,660.0103703449088,3080.5928471395764,7.379053115844727,gaia_full_1958,0.3896356329454906,-32.924893271115465,22.05619650335194,-32.92124665812984,22.048380353636624,146.9952422167439
3784.207102369747,2315.3405247551827,3784.621344851226,2315.5412229688473,5.6699676513671875,gaia_full_418,0.4603005609699957,39.21943342254188,5.578273711961461,39.228978167616674,5.582228978519356,147.0015364686398
356.35899345810986,2512.2716702696375,356.428940598337,2511.856447599736,5.799280166625977,gaia_full_429,0.4210729960780754,-38.43124829684171,9.707070351521281,-38.42895443622657,9.698485644333203,147.03763252734325
1461.4136992734702,3689.252309992138,1461.7042183032258,3688.7772305434105,7.238471984863281,gaia_full_1940,0.5568678382287339,-15.334173093204283,36.56189569250435,-15.325108348944664,36.55174666256316,147.03969026623727
2340.5456770490773,3778.812851229444,2340.3118781134335,3778.60678204795,6.404371738433838,gaia_full_1294,0.3116511669630413,7.84973657770544,38.85999701160128,7.843129628208711,38.855546943971845,147.05743071134708
595.6927628173751,1097.7791775550347,595.8609934745593,1097.7046398610803,5.282641410827637,gaia_full_217,0.1840038636461042,-34.14327734489971,-20.157798867253906,-34.13959023565481,-20.15964402426865,147.08806274849786
1813.024818293001,3790.381041927528,1812.972639862063,3790.0644360821825,7.505740642547607,gaia_full_3608,0.3208766896519056,-6.274624328565874,39.15817125024703,-6.275570884225437,39.151035397593496,147.10039006946437
2912.9603526656483,3546.48123104397,2912.540762895942,3546.6020310255353,7.555361270904541,gaia_full_3688,0.4366328095647157,22.018450783293954,32.99078501478256,22.008328702160426,32.99414103104798,147.13750755267316
2633.943046924763,3688.647592183766,2634.152955965598,3689.252752750988,7.323628425598144,gaia_full_951,0.6405319020505177,15.367644793272316,36.546695755664665,15.375020620238695,36.55983333969332,147.13904152940577
417.72347027943215,2681.55653870928,417.905029580033,2681.2233561720886,7.51866340637207,gaia_full_1909,0.3794395639941265,-37.3725671118168,13.30094102334981,-37.367650978170566,13.294193614560752,147.14204648724706
3201.509369983801,3330.330801131459,3201.258532708339,3330.52395793544,4.411909580230713,gaia_full_87,0.3165894655316987,28.302610132928308,27.79066909383865,28.29728362697576,27.795280910167655,147.1531292645763
536.5435838891574,2908.81859051059,536.6594186396467,2908.521359599426,6.077106475830078,gaia_full_593,0.319004551648435,-35.243897920739904,18.22418842857754,-35.240306730307964,18.21811380240765,147.17487295456783
3056.879780027065,644.5624722410972,3056.51029058187,644.3868727195975,6.683576583862305,gaia_full_833,0.4090936837223387,25.23231282130658,-30.625347168190032,25.2238639657152,-30.629822453231693,147.20528373858753
2172.0804704719935,3806.359900437172,2171.9901885091017,3806.1875638776255,7.48796272277832,gaia_full_3052,0.1945526216219952,3.367671969821821,39.56591774188854,3.365107837721472,39.562071398597716,147.3011859969934
3484.351062965875,3020.00410631173,3484.203404699985,3020.0862097804356,7.596556663513184,gaia_full_3626,0.1689495281409408,33.89590783210618,20.682588364184546,33.892725098447706,20.68456550373298,147.30523271047304
3791.214857157141,1798.151028413424,3791.756451093125,1798.2732753593434,6.906699180603027,gaia_full_2219,0.5552191524806983,39.35890369677884,-5.169963211702329,39.371005831933495,-5.167164871227389,147.31493217597992
2515.8769573909767,3735.111783825026,2515.2843936189065,3735.2601391400913,4.802192211151123,gaia_full_111,0.6108527838015891,12.406658781766822,37.72290860195495,12.391421128738658,37.72686769054372,147.31905090414767
2261.5237425207365,3795.693940503251,2261.3908348338405,3795.802443188047,7.680083751678467,gaia_full_3166,0.1715729752731174,5.760342179774154,39.288268973352274,5.756918631787495,39.29077605212177,147.32107502422238
1806.416478573967,302.37780741978304,1806.2057353111647,302.3855830196094,6.513498306274414,gaia_full_1416,0.2108866585850969,-6.4535093313464635,-39.18213631867841,-6.45914593768914,-39.18183600430232,147.32245974922208
3492.286646240602,3008.95940088797,3492.283267669541,3009.278027553619,7.361731052398682,gaia_full_2277,0.3186445775546329,34.04469650035299,20.43640425394783,34.04568082601498,20.44313402432515,147.3268166025323
1176.9087438103338,3547.427818165218,1177.132723633029,3546.8576510712846,6.740321636199951,gaia_full_1629,0.6125826278788638,-22.1264261646442,33.00438182552481,-22.118542135608603,32.99231426724962,147.35916432211533
283.4083305226403,2120.9874421058807,283.21641265316293,2120.904594077467,7.916203022003174,gaia_full_2922,0.209036514601508,-39.69095779890802,1.5347554237411267,-39.69525412621649,1.5330093818214932,147.37506998248102
2377.945312277351,3775.57034781602,2376.8592433191566,3774.826198126889,5.289366245269775,gaia_full_1107,1.3165502427889733,8.841873033042663,38.75878323380349,8.811437358902614,38.742999876100335,147.4029978922152
3507.438585043584,2989.385425461312,3507.321066183447,2989.5760459280045,7.255604267120361,gaia_full_3276,0.2239349119946507,34.33418284079875,19.998854159777647,34.3320634679361,20.00306328251487,147.41007789437458
1243.9948254907476,506.384316806364,1244.188323470671,506.4425457955399,7.951702117919922,gaia_full_3576,0.2020695014466673,-20.58065696439447,-33.99666739802776,-20.57551011997741,-33.99570948649926,147.42159703051425
2984.623453785945,3504.1257227222686,2984.2148987614178,3504.169717250931,6.213857650756836,gaia_full_1739,0.4109169339643803,23.65255871696837,31.942450941268344,23.6425084135505,31.944133997797124,147.43728170579897
1382.635421458573,3660.39656495651,1382.9374939189292,3659.7867353479464,7.443447113037109,gaia_full_3098,0.6805438433974421,-17.28569825531378,35.813853429720865,-17.275788918509303,35.800825911728985,147.47256944099485
363.5211612694507,2551.520096318659,363.667667780137,2551.276773595585,7.694469451904297,gaia_full_2813,0.2840248320792021,-38.338294724863175,10.53096530435645,-38.334516129096805,10.526037294398218,147.48099529216609
299.96544829798756,1797.5666365195466,299.82098247528256,1797.710888012762,7.925610065460205,gaia_full_3554,0.204154028186246,-39.423034924527684,-5.180738615993318,-39.4261599697421,-5.177674624215971,147.52288269957702
1082.5171189067155,607.0691415981748,1082.7603312033511,607.2713779704916,7.8713178634643555,gaia_full_3666,0.3163096133895145,-24.25471353826682,-31.520677315423914,-24.247831341246297,-31.516722307917963,147.52431503810018
2670.6235829951243,3678.9851472526593,2670.497544446019,3678.841348190445,7.270852088928223,gaia_full_3549,0.1912168563552098,16.29144610250953,36.28286827473454,16.287695374685555,36.27986167169422,147.53626912878977
3678.3429129220863,2687.767107837265,3678.463821864385,2687.999242013273,6.161020278930664,gaia_full_752,0.261735072159982,37.4341693687392,13.428222355991354,37.43747420408993,13.432926730796288,147.5591514008234
3741.37210612739,1573.4620855914775,3741.4854308651097,1573.3275449127796,7.968019008636475,gaia_full_3279,0.1759081874266907,38.53013918141811,-9.875842978383178,38.53294507907555,-9.878541477189241,147.57619345204702
3313.042003521042,3229.9359432511837,3312.799455698874,3230.09528578899,6.400561332702637,gaia_full_987,0.2902059447923625,30.599512928524753,25.436688902946027,30.59431532742253,25.44053114066335,147.61625905863235
476.39105257666694,1279.2039909080422,476.47145373350713,1279.1460219699866,5.177490234375,gaia_full_165,0.0991198456442509,-36.362495461512786,-16.163525232685657,-36.36080209003231,-16.16485112923949,147.6245376219217
3755.349554744872,2478.42262389556,3755.445465509381,2478.3335118829427,7.898880481719971,gaia_full_3404,0.1309191565102749,38.777104930038846,8.987589584890737,38.77913698421314,8.98565742891035,147.67828374062321
1512.2957760811062,3717.287795453524,1512.3368647760608,3716.552229761658,7.643774032592773,gaia_full_3358,0.736712405150766,-14.088689971611343,37.2492433915469,-14.085431710175989,37.232950422400194,147.68427061524835
1407.495807375658,3674.3897025001465,1407.7983991566116,3673.848449260064,6.127864837646484,gaia_full_547,0.6200942313877561,-16.68875829115562,36.15886997196262,-16.6790839998816,36.14733221409663,147.69030415479796
3573.595228749484,1200.951856459502,3573.752250020674,1200.5717865750005,7.191721439361572,gaia_full_3563,0.4112283996898247,35.57051271573631,-17.868493619654995,35.57529294108867,-17.876240898803527,147.70614509583615
2926.444968387906,3546.507752288322,2925.9431163373997,3546.4844341471367,7.092292308807373,gaia_full_3178,0.5023934875232838,22.358899396052408,32.96814516822688,22.346142913842257,32.968506518688,147.75790099873825
3806.1140894625255,2231.546245059973,3806.4660707901207,2231.89512648037,7.392726898193359,gaia_full_2909,0.4955896492804613,39.64314637766447,3.829217104576607,39.651315323982054,3.8363274172968396,147.7891809225046
276.3886487364731,2049.403189023069,276.1735166206595,2049.146090845316,7.386475086212158,gaia_full_3023,0.3352332027982651,-39.83876613824447,0.049818891091053474,-39.84360443768376,0.04448826177282045,147.81574701000503
2630.881615200759,3699.325659219952,2630.3798501837373,3699.4754197871735,6.851249694824219,gaia_full_2205,0.5236376225991153,15.321429668026727,36.78747876829203,15.308794195128744,36.79146527550427,147.83698899409896
277.86656840786594,2129.317497414448,277.7921540306804,2129.0294302251614,7.623594760894775,gaia_full_2157,0.2975234529838957,-39.81809313864182,1.706650895885812,-39.81967988756026,1.7006670115428113,147.86156845380398
3784.2762730901295,2371.795450716702,3784.5130382533303,2371.976605289944,5.232300758361816,gaia_full_244,0.2981186373107293,39.282835906240706,6.750771673625725,39.28840235365854,6.754384907212777,147.89419496141136
275.3734424067185,2068.1633053176897,275.2847414702453,2068.013356414145,5.952916145324707,gaia_full_498,0.1742197744385873,-39.86243045158594,0.4386793697140151,-39.86441449451208,0.43556755905529465,147.9016856649496
1215.801906053205,3578.225761726163,1215.9755938913806,3577.806805422225,7.347744941711426,gaia_full_2236,0.4535326335994327,-21.2615545892513,33.74396830867563,-21.255519562318483,33.73509249504122,147.92459066618088
2380.3108598924746,313.2575483504326,2380.06337386041,313.2015188015878,6.752932548522949,gaia_full_1207,0.2537491801183966,8.915298616207256,-38.87264430648017,8.908802101355858,-38.87410090994467,147.9575659973502
2039.0435653431132,3819.80849324356,2038.8892002502591,3819.5511030929847,7.075488090515137,gaia_full_1827,0.3001304241574283,-0.21491705382216927,39.8881105436272,-0.21907352433080735,39.8823161272336,147.96150340783262
526.0666112376412,2909.7140473717873,526.3352145104491,2909.387625372125,6.85740852355957,gaia_full_1662,0.422728092308291,-35.48973951686471,18.227103173456943,-35.482508112816916,18.22065534724884,147.97794513740845
1735.7106060900903,3787.154775671621,1735.688731426657,3786.6033506185345,7.60311222076416,gaia_full_1783,0.5518587591691195,-8.339210531469435,39.033699833398835,-8.338756218711884,39.02133134905403,148.03367014134238
314.7276704869325,1689.430238545262,314.85851666309213,1689.176634071153,7.356182098388672,gaia_full_3242,0.2853698496752111,-39.211116216679414,-7.434652322982268,-39.2084933660572,-7.44000918476518,148.05507747824873
337.18140868440435,2490.2485643839395,337.1003687356831,2489.989943070019,6.756402969360352,gaia_full_2237,0.2710211381106697,-38.82945175251723,9.232277636282667,-38.83086652331041,9.22683197835303,148.06952915311598
3820.300410099728,2019.41085150444,3820.6868541067856,2019.3223816492664,6.413754940032959,gaia_full_1524,0.3964415289359573,39.90067581196277,-0.5717851651482219,39.90938015227449,-0.5735977953557042,148.0749674444043
719.9407513956579,3172.648818959127,720.0815868337672,3172.042101526028,7.542657375335693,gaia_full_2480,0.6228488293746719,-31.83781963707504,24.106339909760358,-31.832177164214016,24.093705027841697,148.10779720042743
333.2363273933676,1614.8200127927244,333.1951591740376,1614.6342324370494,7.730191230773926,gaia_full_2032,0.1902870537832935,-38.90100489800473,-8.998873654473364,-38.90223417479609,-9.002701362817154,148.1374535652597
3783.0756545939216,2393.990942587393,3783.297099708936,2394.130529218284,6.182346820831299,gaia_full_2866,0.2617677720560187,39.28330257045569,7.212402486454095,39.28848743302737,7.215152431973427,148.1937093385946
3387.702765029441,935.6102473192174,3387.5932270565527,935.5649797498584,7.494764804840088,gaia_full_3392,0.1185230793563438,32.10863514682312,-23.77897615289049,32.10620199340297,-23.780133792682314,148.22432208147615
3480.5172094142013,1051.011187805169,3480.500673861111,1050.8833699094266,7.367308616638184,gaia_full_2499,0.1288830438342738,33.88442858966451,-21.17423500052464,33.88448231009776,-21.17696113587049,148.2391249315275
3820.368819660969,2148.6385347301593,3819.576929290302,2149.6858375467045,6.824675559997559,gaia_full_1003,1.3129864998159868,39.920033956376066,2.106349142739529,39.90260802959733,2.1282100784645728,148.24495464645477
2441.2379132306405,325.0699277579881,2441.036041846942,324.9825629625775,6.809065818786621,gaia_full_1300,0.2199651404959475,10.513732106563833,-38.55440021444938,10.508564376785193,-38.55654511190897,148.25840173616606
1003.3395930596116,655.0959214041718,1003.4821247336008,655.2567757019351,7.531584739685059,gaia_full_2986,0.2149171542690103,-26.025644933584005,-30.335369471380382,-26.021460028418545,-30.332157901880137,148.26392934139167
3401.4579196865902,950.602328940356,3401.354770904917,950.492136946078,7.319528102874756,gaia_full_2930,0.1509368966276464,32.379256089081586,-23.43625290015709,32.37721868665648,-23.43877405080751,148.28733149811316
717.9745927560515,920.6858103406312,718.1478573069144,920.6913958938104,5.232823371887207,gaia_full_219,0.1733545586075991,-31.887133086036773,-24.116919295146037,-31.88298787817469,-24.117114173082886,148.3105192718572
2981.349897847412,575.5488917871814,2980.896938252649,575.4302728285736,6.4926533699035645,gaia_full_1046,0.4682337576781279,23.628176008483816,-32.25991846765432,23.617292131710578,-32.26331115569706,148.33546306043044
2481.4703490711127,3758.511984372389,2480.926825207189,3758.6716914492863,7.666934490203857,gaia_full_3299,0.5665020221197109,11.557279522943551,38.28156759900561,11.54326489213176,38.28569755030863,148.3514150803579
3573.570518901547,1185.7320597710395,3573.6728609760858,1185.7002902622833,6.458911895751953,gaia_full_1538,0.1071597028154521,35.61610223598262,-18.188137331863537,35.618573926073815,-18.18864817124435,148.37312889871777
2950.5291970279077,554.5373388152994,2950.1700317977957,554.382200848996,7.53292179107666,gaia_full_3521,0.391238355878068,22.93809154554047,-32.77230318708282,22.92966646793381,-32.77631936859821,148.39849633354774
2515.5030557097953,345.28777010043797,2515.146668192535,345.00659231325267,7.842404365539551,gaia_full_3092,0.4539526522286595,12.433234867979204,-38.02634441416473,12.424564745865379,-38.03300629988828,148.43664062634883
1471.8568569149843,383.7204623330333,1472.021342204073,383.66338609056174,7.454877853393555,gaia_full_2085,0.1741065989024518,-15.12747698583873,-37.04194037928706,-15.123349522733609,-37.04342344300953,148.43903022920995
406.25764277016526,1400.9548505362882,406.245886120922,1400.8895632047384,5.029543399810791,gaia_full_130,0.0663374288190715,-37.661506019414,-13.527176137405275,-37.66192878564729,-13.528524114959476,148.4627148635218
1549.431862055918,354.5124394084914,1549.466439571799,354.4741176074451,7.395555973052979,gaia_full_1720,0.0516155503693333,-13.175692658561747,-37.787668581279206,-13.174888740767427,-37.7885619587764,148.4678721591589
3824.3748331828538,1993.9933772012753,3824.792701655648,1994.0730010145392,5.19083833694458,gaia_full_227,0.4253868970641543,39.99617303965841,-1.0981293101526457,40.005560337109266,-1.0964365023858818,148.47222552430372
3234.325078817906,3320.3559895780504,3234.082963827348,3320.6761547104325,7.364785671234131,gaia_full_3491,0.4014042608719512,29.059481086984267,27.51551760442628,29.054902769656167,27.522831528991592,148.47438538591723
332.1223058354298,2491.3399742354004,332.0864168184105,2491.04441450727,6.8056840896606445,gaia_full_1049,0.2977307079136425,-38.94593507495049,9.250672746502998,-38.94626354729647,9.24450010249058,148.50120042213882
456.8041439794767,2800.1751216228568,456.90896731975545,2799.803698042197,7.227993488311768,gaia_full_1023,0.3859318708493034,-36.77363849955669,15.830421730160866,-36.77021543330804,15.822795298908485,148.5075660141675
1843.5744576963664,3812.380250681705,1843.409683705128,3811.84621860247,7.270890235900879,gaia_full_2997,0.5588745206581279,-5.483556234659692,39.66876094830652,-5.487315521338799,39.65668393967759,148.52395138363457
3015.0336100917843,3498.184505220464,3014.610529577314,3498.110753734239,7.310795783996582,gaia_full_3227,0.4294605959163121,24.38905932729259,31.758602044871566,24.37818547763213,31.75777198635335,148.52806557516112
2164.230532138706,271.98499763067525,2163.963521172448,271.99871822038926,5.825331211090088,gaia_full_323,0.2673632560472572,3.1678844032159614,-39.92032160980379,3.1606604937941647,-39.92009277772676,148.56288371900263
2724.9726655317895,3667.499249261667,2724.5764893048213,3667.4157430284617,6.511157512664795,gaia_full_3598,0.4048813329841244,17.662780104330757,35.95054201456251,17.6522218106484,35.94929199053058,148.57904662947703
3043.995620317541,615.7211746171314,3043.672360065414,615.6297899495278,7.124303340911865,gaia_full_1794,0.3359290819180028,25.029768859690403,-31.27379505287024,25.022096744316,-31.276370735031644,148.59591241108345
3047.064174119579,3475.946607378156,3046.9213936835836,3476.024884230621,6.179521560668945,gaia_full_970,0.1628297225168107,25.09655339315101,31.21760599313608,25.093322251134126,31.21956515895705,148.59680985038796
3785.2713687382534,1687.19506789714,3785.62723078348,1687.2232290084391,6.978318691253662,gaia_full_2098,0.3569745697136843,39.34972882055022,-7.476909661061109,39.35773768414141,-7.476077930799921,148.624000556906
2820.040861830062,3620.167826668393,2819.5690713800395,3620.249801929902,6.95463228225708,gaia_full_2127,0.4788592405205942,19.938809335552666,34.75992937028058,19.92703125801143,34.7624989476145,148.6515318501063
2808.447042932657,467.45400390059865,2808.050201312653,467.2906513984194,7.78529167175293,gaia_full_2924,0.4291471907582707,19.665619469275345,-34.918835160942365,19.65605109483732,-34.92306536572194,148.67296122588277
3384.67722130631,3169.923341294656,3384.6258964205917,3170.202245891546,7.59562349319458,gaia_full_3109,0.2835877607734529,32.08017106426555,24.029246451673664,32.080007365178034,24.035259466176335,148.7118250068838
1071.6565933605434,3496.1204246000148,1072.0148021746222,3495.6573752598915,7.579185009002685,gaia_full_1017,0.5854299666674984,-24.563211424131424,31.70044677377395,-24.552362604411837,31.691055886166108,148.7266768621771
2149.8980326510127,3825.331532663315,2149.8065151274873,3825.188836527911,7.675240516662598,gaia_full_2874,0.1695218103121115,2.7828175997998663,39.99892647846541,2.780249769766154,39.995741484681375,148.73813269015503
521.0026023344301,1176.5237756614397,521.0337296688376,1176.4767377034682,7.393196582794189,gaia_full_1419,0.0564046136184485,-35.631190326208795,-18.382340209578707,-35.63061358385687,-18.383375713886597,148.74275937833232
2497.9931879386286,3758.838545295299,2497.5418539603083,3758.979249173845,6.074164390563965,gaia_full_1112,0.4727578041918039,11.996398713339648,38.271276832813044,11.984797995295203,38.274902447040006,148.79430939825102
3781.121034740743,2433.680162218175,3781.289034358977,2434.071618613182,6.769393444061279,gaia_full_1275,0.4259835453613223,39.293071389768315,8.0377368099418,39.29743506420525,8.045737090626872,148.81367501871767
3696.494075721864,1408.3929883533126,3696.672719971589,1408.3086687410575,7.066393852233887,gaia_full_1530,0.1975438305047844,37.84420037714592,-13.361568222935428,37.848482093843316,-13.363113058933706,148.9088183467733
3661.1991122994473,1331.8003327777117,3661.375367065139,1331.735192606127,6.979691982269287,gaia_full_1771,0.187906850283058,37.2245195151331,-15.004288226289116,37.228736496031736,-15.005416746319385,148.9116357722897
1867.3758941337476,274.19207358776737,1867.194087506415,274.18214122567815,7.239313125610352,gaia_full_346,0.1820777349341451,-4.85069424921692,-39.84714451751837,-4.8556125829300925,-39.847284593157795,148.92280552739535
3263.468023470256,793.7821076708062,3263.134375884197,793.5940575700338,7.652934551239014,gaia_full_1222,0.382992887771253,29.68401375055562,-27.029625642081676,29.676703351917087,-27.0342760298687,148.93092615235685
2345.753598595119,3800.369773607101,2345.8029108093733,3800.285616581306,7.646751880645752,gaia_full_3342,0.0975402453621127,8.027951334036239,39.33924770658839,8.02911996995558,39.337325257972395,148.94631803553781
351.869107802845,1524.3870991717374,351.6790978278932,1524.2301553514158,7.426613330841064,gaia_full_1717,0.2464450310279005,-38.637319168687874,-10.896177869113638,-38.641942557366114,-10.899253124692386,148.95100829907724
2765.9824422340544,3652.6533176476983,2765.487978570679,3652.7451944895697,5.224592208862305,gaia_full_326,0.5029271005531878,18.66983781546501,35.56055724765566,18.657412534277473,35.563353345119545,148.99062953384404
3102.217615195732,3440.7953566182973,3101.878633854719,3440.917204041818,6.231485366821289,gaia_full_1304,0.360215413570348,26.31922243140306,30.35462673340564,26.311347254280854,30.357894763691256,149.03854826916512
2409.4964485441965,3786.948962980748,2409.166072370185,3786.873601888832,7.494431972503662,gaia_full_3743,0.3388623769753274,9.70801585494374,38.98654001114442,9.699020752482244,38.985149702097765,149.03966253113964
3360.166398415531,3203.1388317058945,3360.003274336966,3203.2747750109147,6.961228847503662,gaia_full_2824,0.2123441715411657,31.62325031775695,24.779571717459905,31.619881341172565,24.7827618890821,149.0437849281407
2792.366653082237,3640.211358584819,2791.755230896078,3640.299704224769,6.428729057312012,gaia_full_1497,0.6177718363809768,19.303697563572282,35.24504003431381,19.288293823840604,35.247962029429765,149.06478820395122
263.2401321632612,1953.8122755883865,263.71439147779097,1953.1173271713255,7.270051002502441,gaia_full_1224,0.8413531956281629,-40.15084159905647,-1.9293331423111921,-40.140410543776234,-1.943807402149758,149.09127752182417
3715.3061876830543,1447.320141865128,3715.303069239554,1447.1030381428,7.936164379119873,gaia_full_3423,0.2171261175874543,38.18552051747442,-12.528586589959575,38.18592787767387,-12.533111467004396,149.10110988284535
1525.744444426011,3739.710618686952,1526.0703187898966,3739.13256703057,4.600130558013916,gaia_full_1029,0.6635795494767202,-13.801294363453893,37.76415906671511,-13.790986797745054,37.75170986565064,149.1075226033492
3521.0972455223937,3003.4450553035294,3521.33584492913,3003.5384381800236,7.391422748565674,gaia_full_3647,0.2562226346699889,34.70018772599898,20.272712690372423,34.70608176095836,20.274283156438088,149.11563385082553
1075.027413021259,589.9889619465154,1075.378599264967,590.1791058460674,6.9870781898498535,gaia_full_2110,0.3993575845112193,-24.51148421872168,-31.87784679718861,-24.50191622681424,-31.874366490227168,149.15072527540573
3824.120390554048,2216.8869305137596,3824.6099029954194,2217.027064625894,7.040853500366211,gaia_full_2176,0.5091758042574688,40.03909120956558,3.5191640797005443,40.05020624346795,3.5219029774285078,149.15550901972145
3405.2695728448716,940.06453146765,3405.2415874859444,939.8608619430304,6.952189922332764,gaia_full_1466,0.2055832083927732,32.50915242474096,-23.652818603044793,32.50925581693348,-23.65718611917892,149.15972353677188
2564.6704303239694,3741.123310000249,2564.344326106592,3741.20174858533,6.456694602966309,gaia_full_1057,0.3354050867542715,13.710887026649827,37.79995990577702,13.702513188626884,37.80210240156942,149.17096396529806
446.2903283925456,1297.7208404742737,446.3480461342229,1297.8103444481512,7.76071310043335,gaia_full_3406,0.1065002302541762,-37.00503887482569,-15.734523333908779,-37.00346726633045,-15.732731824287988,149.17177713222424
1627.6204356436956,3773.509462742642,1627.5796432290017,3773.110782447633,6.738314151763916,gaia_full_1540,0.4007617730335517,-11.19391727581174,38.631806001047615,-11.194010864652164,38.62286585953309,149.1835960891923
2953.822047367671,545.4100486620767,2953.3584056197874,545.3342657352646,6.736550331115723,gaia_full_1918,0.4697943405117355,23.057995648053605,-32.96530539503753,23.04660771079609,-32.96778574484058,149.22922794690228
3816.958375112425,2283.396810450762,3817.299175888987,2283.5037174320123,7.385700225830078,gaia_full_3690,0.3571754078118928,39.928196080657074,4.89957956932985,39.935974716342024,4.901636530878492,149.27013041709426
3155.101040802699,3402.516626326906,3154.798904439376,3402.6542779604197,6.561315536499023,gaia_full_1578,0.3320155933852255,27.463160687862413,29.429499093982376,27.456312262553624,29.433035886060843,149.32749656117193
3519.0858029276287,3010.8725031641575,3519.1407198763854,3010.9326364133535,7.058296203613281,gaia_full_2553,0.0814363488844033,34.678262771654325,20.432421125574788,34.67975202029189,20.433595394334386,149.33046143545943
3735.1350958247417,2602.2657204292254,3735.369276333712,2602.424814607164,6.944986820220947,gaia_full_2706,0.2831103463941456,38.54306601658094,11.58251647043926,38.548724666385525,11.585579045890425,149.3310510403345
3524.265803231736,1090.032115318772,3524.368614069719,1089.8644085007725,7.763368129730225,gaia_full_3534,0.196712087097706,34.776044532733586,-20.278460651057973,34.779015122623214,-20.28181931494458,149.3634105586611
681.7787074665873,944.3539514708297,681.9636284488126,944.2216640897344,5.559136867523193,gaia_full_232,0.2273669300144251,-32.65800414143919,-23.549340775924417,-32.65411410360474,-23.552478070222524,149.36701821718947
3833.8231126442056,1962.2046784260783,3834.125263869458,1962.4304804667345,6.393252372741699,gaia_full_1307,0.3772027630948772,40.21698794601556,-1.7550811589934343,40.2237165077466,-1.7503575903388287,149.36705186141046
266.0038033363976,2210.007094865429,265.92605228939374,2209.730715005496,7.536074161529541,gaia_full_1289,0.2871080846768567,-40.12210231769571,3.375447906384435,-40.12368487993087,3.3697014259871407,149.3787470424271
257.48288023760523,2060.5429550628855,257.36401000251317,2060.4130158793005,7.193043231964111,gaia_full_2722,0.1761088419744879,-40.26447903478512,0.2802478025988387,-40.267147066612445,0.2775558028262692,149.3905030076971
285.1508959525239,2341.8418788823137,285.16639944909275,2341.5402813867536,7.492109298706055,gaia_full_2331,0.3019957081383967,-39.80324617393625,6.11468156429212,-39.80256424004076,6.108440844873765,149.39220737961048
3481.9638943362315,3063.1317355726874,3481.892267211725,3063.347721588346,7.846892833709717,gaia_full_1405,0.2275530793575081,33.98894374537423,21.596848110886985,33.988025360522705,21.601528630608897,149.40394125369144
3253.547009094249,3317.121865872457,3252.872212046589,3317.605463414795,6.15562629699707,gaia_full_650,0.8301913264337786,29.512520711770247,27.409915265712872,29.498138836684905,27.421543698521138,149.4163470590592
3222.29073930401,747.7699691450575,3221.873297377617,747.7869455801488,6.540154457092285,gaia_full_1547,0.4177869807201333,28.87276015898037,-28.09269098718034,28.86252627962522,-28.093123842689746,149.42499524427376
1833.4039485095277,272.78190351860076,1833.2031804607705,272.7997120940274,6.428979396820068,gaia_full_515,0.2015563314821011,-5.769373819792591,-39.861829100707304,-5.774768665825702,-39.861320127988876,149.42516863901412
2652.3352845590216,383.8061617968711,2652.070571969179,383.6238242409006,7.719225406646728,gaia_full_2328,0.321433880507955,15.917595332260507,-36.999132318933356,15.911272041784523,-37.00353738017806,149.43242482581581
2630.9286011199324,3719.684932653618,2630.475498052455,3719.798597865829,6.534142971038818,gaia_full_1714,0.4671425587810204,15.387801677230504,37.238729748467605,15.376283033704228,37.241861341441115,149.47644221777892
1933.3927197606424,3834.1134918929297,1933.0864434032264,3833.826864160628,6.961390495300293,gaia_full_1922,0.4194766549361328,-3.0787550614259414,40.193436177162454,-3.086843903616795,40.18690135436544,149.5284257867162
3177.0422046773483,3387.2819122342853,3176.712711751467,3387.44133901486,6.922090530395508,gaia_full_2193,0.3660361820508232,27.93794427187571,29.06006437043556,27.930535663056144,29.064119786771407,149.54325513018415
256.453802796013,1988.068098242838,256.3436582595166,1987.7214532458963,7.8493218421936035,gaia_full_2915,0.3637232090817229,-40.29380424693343,-1.2193538419980408,-40.29635970464054,-1.2265131260721742,149.56456259157076
3729.608831734294,1467.7061838643026,3729.715808280317,1467.7298548524927,7.512238025665283,gaia_full_3295,0.1095641231466233,38.46746720568417,-12.088322596606684,38.4698552123849,-12.087712713375687,149.5986815783445
3034.5556306873664,594.6549040295944,3034.1310468997976,594.5321577045099,6.70019006729126,gaia_full_1154,0.4419706472017691,24.881606649328067,-31.747835245948412,24.871511904871088,-31.751285335723175,149.63058741126818
292.52540744180686,2392.236090848258,292.54159744422327,2392.0256985620726,7.874787330627441,gaia_full_2549,0.2110142892424045,-39.69690763184193,7.163664231177144,-39.696270535708884,7.159314371442193,149.64500269212317
1903.1882228157497,3832.7945341002505,1903.025575760693,3832.5375996486464,5.379911422729492,gaia_full_206,0.3040877783464875,-3.8958297889708127,40.15378186743229,-3.8999975163098943,40.14794639399159,149.645826014317
269.1394856854447,2262.407788748965,269.06137410240626,2262.166644677345,5.680097579956055,gaia_full_198,0.2534795508163325,-40.088592851507,4.461428095420309,-40.09015888813728,4.456402875933874,149.64641399412875
2492.844715809364,322.6982307121785,2492.5345291681197,322.5595125652294,7.3620991706848145,gaia_full_2365,0.3397918137617072,11.892477315281965,-38.55472535319822,11.884593004921935,-38.558153994598925,149.68753948857554
3809.693372624939,1740.0447852809343,3810.063916631864,1740.0187076745608,5.205053329467773,gaia_full_178,0.3714604994106054,39.835928690907544,-6.36517188038655,39.844325552897395,-6.365490107238754,149.69282417854689
1303.132275738648,445.0253461909138,1303.3309472285189,445.098512748747,6.389570713043213,gaia_full_742,0.2117160978115292,-19.298016508947992,-35.44010633882077,-19.292619724912154,-35.43881796975999,149.69398505115174
2864.4599415625844,3609.426810454,2863.8829943360156,3609.9625481385374,6.027724266052246,gaia_full_1311,0.787326469057631,21.033666232629336,34.450273074405715,21.021041512312465,34.462987355130984,149.76139584877956
2883.9073977816943,495.3835807934899,2884.58090646212,495.83384551083714,7.178701400756836,gaia_full_1121,0.8101557000332715,21.48697757901276,-34.1803029625341,21.502345259928095,-34.16929078071052,149.77562158266457
287.41722505827636,1714.2894322785578,287.28262227251344,1714.2516580647443,7.762075901031494,gaia_full_2585,0.1398027223067006,-39.79647422456228,-6.900725888600584,-39.799562487141486,-6.901421178327759,149.8557081037912
368.2545074916027,1448.6093528606898,368.1904786599948,1448.6101989661825,6.7692084312438965,gaia_full_1067,0.0640344217712003,-38.420875896509,-12.489945729768092,-38.4223349298961,-12.48985559694236,149.88498167585522
3101.503943188389,3453.1231876916327,3101.300443099154,3453.4040306190536,7.348202705383301,gaia_full_3705,0.3468213318135215,26.353133470434365,30.622115448281146,26.349275105566203,30.62856438332178,149.89053431094075
3587.6553035740426,1174.8447989216031,3587.605280454028,1174.6120985358534,5.75128173828125,gaia_full_691,0.2380163483125367,35.976708729089054,-18.39481949346798,35.97627665364477,-18.399775857000368,149.91123789027068
2586.9960595220423,3742.477078549647,2586.5497407447056,3742.5263807103943,7.399124622344971,gaia_full_3565,0.4490335778732946,14.304017020158215,37.80215101105416,14.292393808255474,37.80381519341978,149.93679239326488
2604.7661501734815,3736.114343237481,2604.3100096249623,3736.2110174772943,6.194556713104248,gaia_full_736,0.4662725690483575,14.752608458274224,37.637922266918885,14.740899690930908,37.64066492709713,149.96950502009116
657.9277517288034,962.2690437180272,658.0376771697177,962.1873050119924,6.7930588722229,gaia_full_1701,0.1369847386551419,-33.15612306414127,-23.12700571621793,-33.15382598645953,-23.128932920884164,149.96996094208075
2998.2526238139626,3529.3098614926835,2997.3812826941917,3529.6090400836674,6.90000581741333,gaia_full_1548,0.9212725852356658,24.097088325654816,32.465229668381916,24.07644442333544,32.473332970338056,149.97311860545375
2940.952213675389,527.1235970924039,2940.59164401117,527.1775237763886,6.000529766082764,gaia_full_643,0.3645799912235189,22.807438598346415,-33.38681193574628,22.798091580910086,-33.386283040425994,149.98249487403444
3297.438410257743,808.4311886129914,3296.148446293776,808.635147514847,7.80565071105957,gaia_full_2871,1.305988614796863,30.445268888387112,-26.652310430023867,30.413309810652308,-26.650423116634855,150.02000381705273
3184.4059790525416,705.6287584636531,3184.096447878649,705.5209856610929,7.294588565826416,gaia_full_1831,0.3277568070734123,28.122927237976437,-29.069345691016807,28.115795676355596,-29.072255733085484,150.0420001420302
2121.8331858016186,251.4559948712182,2121.6036189097845,251.41613273348412,6.566781044006348,gaia_full_688,0.2330020340063681,2.032169639209369,-40.392478188725356,2.025955377376876,-40.39341932900743,150.04377970727106
2889.760581142927,3598.8708125753096,2889.2453991909724,3598.997130040786,6.349531650543213,gaia_full_2027,0.53044184007694,21.637152074368537,34.17570441968804,21.624531075516465,34.179363045814505,150.04911740985057
659.4099069457635,3136.4078563028024,659.5599613164236,3136.03182715795,7.220930099487305,gaia_full_1741,0.4048632262044853,-33.1385665818785,23.228600241190264,-33.13359769037763,23.220919309600873,150.1040136690858
2681.0325155012333,3706.508986241411,2680.6021118618337,3706.5515069185017,6.770905017852783,gaia_full_2907,0.4324989026444884,16.65559213149259,36.876886957006214,16.64449121561578,36.87845034631249,150.10460041777444
355.99711065276296,2622.9093682695466,356.1709981026554,2622.536558317188,7.261891365051269,gaia_full_2086,0.4113685765925609,-38.651569821249836,12.008730024669477,-38.64681162675416,12.001169954254818,150.12958161806296
2336.504761096965,277.1498316494029,2336.213005555728,277.37451216341674,6.412614345550537,gaia_full_3710,0.3682426227637423,7.809367392778583,-39.71539354336835,7.801100856317185,-39.71057185044122,150.13794969786582
2640.9837829290104,3724.201675083553,2640.4773561226284,3724.324910687309,6.877771377563477,gaia_full_2363,0.5212054530177757,15.666433324982824,37.32508622461929,15.653546273703785,37.32851459339549,150.1684191112645
1351.7171802715725,3680.3583973776576,1351.951916878397,3679.8452663596527,4.769056797027588,gaia_full_86,0.5642736182228517,-18.157899092839862,36.20775216265974,-18.149928110089064,36.1968066872446,150.2223558095648
759.4679378440628,3250.874489080325,759.7486413055326,3250.3111014883025,4.258092403411865,gaia_full_51,0.6294442089066119,-31.197798308403193,25.842642578158465,-31.1887919249806,25.831188225589077,150.23895282243265
923.0391580134088,3403.353156698151,923.3764136729694,3402.8393567947096,4.31815767288208,gaia_full_71,0.6145988290600876,-27.856206096389474,29.417110063955867,-27.845755325207396,29.406717963146576,150.24582907131116
3842.611961684443,1934.6473721874816,3843.0879702367943,1934.848614527113,7.469293594360352,gaia_full_3467,0.5168003687812391,40.425012769284166,-2.3234496044338053,40.43564294384169,-2.3191828976223667,150.25859276507447
339.26995372814326,2584.271444044192,339.44194838075464,2583.906007121778,6.299694061279297,gaia_full_490,0.4038889758214229,-38.95266443078762,11.188091195039938,-38.9480216407329,11.1806783483866,150.32892917734293
353.0945094001185,1472.7343537122858,353.06307898557634,1472.702076718824,6.735279083251953,gaia_full_1500,0.0450519174423437,-38.714217563799274,-11.971383702283722,-38.71500259747716,-11.97202015458879,150.33921659181556
835.3302610409024,767.3783476127928,835.446773517315,767.4485330407454,7.624323844909668,gaia_full_1363,0.1360189378604183,-29.675920112267097,-27.60322377139295,-29.672801257949775,-27.601948219006438,150.34663125679322
2698.4802420684023,392.22531072056194,2698.090909927161,392.1615162674884,6.803646564483643,gaia_full_1000,0.3945240784113387,17.09472705247179,-36.74670005818385,17.084791264185398,-36.74868588435885,150.34724124942022
3846.081391194086,1957.129173046108,3845.79341565764,1957.9688711848823,7.550102710723877,gaia_full_2258,0.887706524619615,40.49454344654748,-1.8579511084168658,40.48777903756493,-1.8406436532950827,150.36061580621308
753.7029661161861,847.5125363655081,753.9476468139742,847.3874965442376,7.468835353851318,gaia_full_3203,0.2747791854807203,-31.31858875154194,-25.738379706010093,-31.31321771539379,-25.74150342171321,150.38324083813586
944.9662191170077,670.9985518224632,945.2026633013608,671.0513963875935,6.50096321105957,gaia_full_878,0.2422775275964857,-27.399987862754884,-29.881937058402496,-27.3939387167498,-29.88125553961292,150.39123545712528
1816.6009320384253,3831.050871414167,1816.529800720508,3830.695738182094,6.165583610534668,gaia_full_449,0.362186798366941,-6.237227083705107,40.07302070549161,-6.238629210889663,40.06500838813419,150.42820740780985
3616.1042533566256,2883.532883398414,3616.048520323174,2883.732879041672,4.122641086578369,gaia_full_80,0.2076160599273186,36.52641258859024,17.604962101948217,36.52572860920512,17.60923153908943,150.43225571628815
585.6821071489464,3048.1484902752604,585.8435047859698,3047.8365638584164,6.347564697265625,gaia_full_365,0.3512083238789625,-34.55508591656081,21.235499739747105,-34.55019461521271,21.229211263346524,150.44055714139276
527.7161909140773,2965.3013396556275,527.9597506023213,2964.9974732787355,4.140897750854492,gaia_full_91,0.389430477419294,-35.627888958791544,19.396758820473895,-35.62121433919891,19.390779202205803,150.46241497648975
3625.5773605834984,1225.5434297497166,3625.6012828867074,1225.4747033884944,6.332210540771484,gaia_full_817,0.0727707998970965,36.70025603187175,-17.27531279370539,36.701014226932564,-17.276714315674916,150.4887604298268
2835.229261313435,458.3507984698264,2834.7549638418313,458.2249867764167,6.894970417022705,gaia_full_1144,0.4907001872510855,20.388152502950568,-35.074398699871374,20.376464064044658,-35.07795651966549,150.49854691616852
3686.320476479055,2753.5249985727337,3686.2081538298607,2753.781933007007,7.9800920486450195,gaia_full_3087,0.2804134109440889,37.778688008475896,14.790176183952797,37.77677767962719,14.795679641732818,150.5138069716404
1213.3581991638591,483.5587102327119,1213.5908574259092,483.65048970577186,7.509096145629883,gaia_full_3506,0.2501066544003537,-21.45102661745183,-34.44457485238054,-21.44471563962094,-34.442972619889446,150.52281943351147
1204.47109623068,3605.6579084791983,1204.6897407743595,3605.169535525443,6.926748275756836,gaia_full_1362,0.5350827771856876,-21.6585828291088,34.324471324737765,-21.6510318170343,34.314179038942434,150.5244593491503
2878.5102699144895,3612.019531251079,2878.179781557793,3612.13568163477,7.082906723022461,gaia_full_3675,0.3503048180423962,21.40292801798566,34.48280142040484,21.394951709518633,34.48591656389451,150.56067904629893
1425.1496700545429,3717.8565462627193,1425.344122578928,3717.426466244294,5.537516117095947,gaia_full_292,0.4719964051649442,-16.375866251378966,37.14540710507715,-16.369297867375167,37.13617204504439,150.56190338948002
3755.114434208555,2589.91847498665,3755.293703539328,2590.085561528778,6.6281418800354,gaia_full_1445,0.2450620442171555,38.972754163686794,11.304968716738559,38.9771714193471,11.308251876782267,150.56406371882983
3842.5748707928656,1890.07624482193,3842.9940838540942,1890.1264688786348,4.9367594718933105,gaia_full_230,0.4222109029579917,40.44678033967716,-3.2450004332066142,40.45619158244493,-3.2438320330378976,150.56997937496442
243.67697602906276,2081.4588588208258,243.43962399617317,2081.2950257774864,7.346507549285889,gaia_full_2169,0.2884046698766174,-40.57700791236233,0.7121222500018414,-40.58232731690895,0.7087203938762751,150.57919722013608
368.6709523356773,1425.6277508305127,368.56755337614663,1425.691986563902,6.931538105010986,gaia_full_1569,0.1217274590061367,-38.46319775566174,-12.968495495964671,-38.46541173789327,-12.967037721661551,150.59310770851684
266.0189530888085,1778.2793506491294,265.9715228372704,1778.0856754468691,6.466595649719238,gaia_full_777,0.1993983769528216,-40.20741361159935,-5.563278454583455,-40.20867954966903,-5.567260171328229,150.5931227658247
431.6096820229126,1289.8373060588704,431.75838282843733,1289.6196053539936,7.845142364501953,gaia_full_2715,0.263639007864044,-37.36459114754637,-15.87882023951667,-37.36177127978842,-15.883571697774801,150.61402800946038
1900.5006275455075,3844.545795754877,1900.318839900572,3844.14662386374,6.9092326164245605,gaia_full_3445,0.4386170841692772,-3.9797059711176876,40.41691019334636,-3.9842627569128912,40.40786894703248,150.63597713393625
3473.1778390146937,996.0842834561428,3473.146605699524,995.9412705967264,7.186607360839844,gaia_full_2444,0.1463837352131481,33.907640092430206,-22.34611002297809,33.9074293023674,-22.34918279496636,150.6601654141249
3601.142222916124,2913.623550379046,3601.2147315696757,2913.821717799869,7.111488342285156,gaia_full_1997,0.2110161878046496,36.27238766320011,18.257868817017716,36.27469087970687,18.261905236552472,150.66704635828788
725.3564306678273,3222.2796430143935,725.616721186756,3221.828489707783,6.156868934631348,gaia_full_420,0.5208555080920781,-31.901098130020547,25.170309641096242,-31.893074140948464,25.161224414157765,150.70837675720767
1107.3606273280188,547.0073507905086,1107.5397245230993,547.1235712055184,7.673520565032959,gaia_full_1622,0.2135017333670448,-23.878806212803273,-32.87085089096169,-23.87380574439788,-32.868656205131124,150.71074063430962
508.055640990854,2940.2750559690394,508.275361565356,2939.9646387051844,6.435683250427246,gaia_full_1271,0.38031041079455,-36.004037954513336,18.84020865666505,-35.99793026041634,18.834054366477353,150.7228598507852
2937.6415207990635,515.3097315119434,2937.2696714116,515.1404669604012,7.274895668029785,gaia_full_3191,0.4085614462547116,22.772157520452232,-33.6502605204481,22.763425748207045,-33.654621015342514,150.73356532562667
2751.6087316282014,410.5867222937071,2751.264066650313,410.4827218123117,7.479763507843018,gaia_full_1436,0.3600139540536318,18.411314513186223,-36.260490688549034,18.402750425106557,-36.26332395522781,150.8651216422286
3670.1048337525194,2795.450345158891,3670.293374316272,2795.5586709035224,6.9101715087890625,gaia_full_1064,0.2174442713200476,37.51809950428943,15.68629335974161,37.522735012163956,15.688290903974375,150.88282944985824
2449.695656400266,3798.686485663349,2449.3277546028185,3798.8187809546985,7.8121232986450195,gaia_full_3315,0.3909651860186411,10.810763775912866,39.210764099613066,10.801236907735753,39.214086669523546,150.89802561623438
1587.067700666456,3782.4809826018673,1587.2933717865749,3782.0992428782865,7.677019596099853,gaia_full_3663,0.4434553765771923,-12.297665161952997,38.7883477728542,-12.290600892998174,38.78009582032063,150.92280475009989
485.33463104310954,2908.0219608936886,485.5736953453727,2907.7642204464564,7.637372493743896,gaia_full_1984,0.3515421436414561,-36.42938234806339,18.128870318749843,-36.42303395006508,18.123848453999784,150.92994432660169
2669.6293063543826,3721.74195562123,2669.1824882815586,3721.818187722072,6.1972150802612305,gaia_full_1147,0.4532744460048102,16.409640676190858,37.23023338043087,16.398188003816315,37.232563464809665,150.93236390528793
686.4206506085345,3182.9194637675423,686.6956594009164,3182.4634854865817,3.9505269527435303,gaia_full_123,0.5324904023502437,-32.67526645395698,24.262618670654074,-32.66693878983025,24.25347611259582,150.94128379214595
3780.866140847289,2527.577291212677,3781.104582807595,2527.72259113082,6.710830211639404,gaia_full_1397,0.2792250609218863,39.43900932458938,9.985976639757109,39.44468308294492,9.988767341450323,150.95489243503496
1582.7432058764518,312.84978996633936,1582.788901650792,312.9236159616985,6.214968204498291,gaia_full_841,0.0868238526173215,-12.409230870185679,-38.75380604511264,-12.407808776245414,-38.752213212339086,150.95622590962074
1634.929696820618,3797.22706601581,1634.9526967058805,3796.8403825656105,5.393223285675049,gaia_full_263,0.3873668614896713,-11.058115035221563,39.1686893302041,-11.05652851377284,39.160080852922704,150.95946291479362
3837.893340002267,2279.4445414775673,3838.283998105555,2279.6471133176187,4.41447114944458,gaia_full_64,0.4400557965148708,40.39672495795387,4.808142230830991,40.40571021489102,4.812150632344287,150.9603498596364
2017.535841959983,3855.514994212069,2017.3691149476483,3855.217685679092,7.969892501831055,gaia_full_3310,0.3408669248003268,-0.8026556977046938,40.690449249753904,-0.8071396415104392,40.68374717647371,150.9621982225789
244.76605815771657,1904.4244693551095,244.66651315271335,1904.263751145502,6.875820636749268,gaia_full_1092,0.1890490701392508,-40.588626846990536,-2.946477444932478,-40.590954930861606,-2.9497700048261053,150.98535411009902
766.473692356023,3270.113538512932,766.744413213434,3269.623732022129,6.705650329589844,gaia_full_2704,0.55964290495819,-31.107356693866638,26.26539080857133,-31.098837527632583,26.25548879557063,150.9927204063827
293.4097487281796,1631.7485640674438,293.30783051713706,1631.657615917508,7.887327671051025,gaia_full_3394,0.136597539212359,-39.77657204082553,-8.615025570556329,-39.779021988517684,-8.616826768515958,150.99873207494488
3603.076795340294,2917.800180859106,3603.158513631908,2917.962590337893,6.817410469055176,gaia_full_2650,0.1818095651610804,36.33040667978741,18.34228619900772,36.33281544196851,18.34555771703267,150.9993095903172
2383.3940041663172,276.96362001024283,2383.115360401251,277.0285660951472,6.885251522064209,gaia_full_1793,0.2861124634730834,9.072462783804406,-39.68243326997047,9.06482491305185,-39.6812167343649,151.0055552326535
268.13819382965204,2356.4849211244145,268.1670914629958,2356.313955355912,6.832869052886963,gaia_full_2733,0.173390793332496,-40.20394689439408,6.407773475509076,-40.20309508551992,6.4042545653495395,151.02985782633766
3847.017983929275,2217.740369337864,3847.2522835164946,2217.822809093405,7.285880088806152,gaia_full_3090,0.2483799707401043,40.55539167912732,3.5291313221594502,40.56072233027155,3.5307554736439464,151.04512582881438
2424.2489678308575,286.5882390631311,2424.006397930048,286.474128164803,6.493436813354492,gaia_full_575,0.2680698675643435,10.149402929860216,-39.43046884067987,10.143157123950365,-39.43324860989454,151.05543588121395
840.5705460764232,3342.9172689256957,840.8805736462011,3342.43476580366,6.471460819244385,gaia_full_1018,0.5735210168744007,-29.616694139635655,27.961708858014372,-29.607124777609908,27.951999147955487,151.05686462164752
3856.1993086431703,2053.161866543822,3856.650258573615,2053.222076642178,6.300820827484131,gaia_full_1120,0.4549517509713948,40.7070562484856,0.12726913868463122,40.717204046578054,0.12850715578475813,151.05737146271352
2734.7379261231436,3694.0171295918353,2734.344554645054,3694.08692500471,6.756112098693848,gaia_full_2149,0.399515355690822,18.011863743060236,36.520522521194806,18.00187933695194,36.52267135436881,151.060376488411
3851.7545661657928,2166.392753022916,3852.177124466636,2166.5471534978024,5.550388336181641,gaia_full_725,0.4498833451648044,40.63390138614282,2.466856857932032,40.64348372061308,2.4699462600171307,151.06129766602658
3850.815251849877,2188.782377164319,3851.243998542426,2188.990820451475,3.888251781463623,gaia_full_26,0.4767308783083319,40.623806817808415,2.92964436513443,40.633572658557284,2.933829682756671,151.13877583701384
3823.624671616039,2371.4223805090137,3824.056441369624,2371.559447205119,7.623828411102295,gaia_full_3254,0.453003751962276,40.171256860843926,6.71816814496551,40.181177699492714,6.720727989920711,151.1388050880662
3846.782843991616,1863.938154963001,3847.3308350206185,1864.0893673528524,4.884790897369385,gaia_full_138,0.5684710676117399,40.558330758664155,-3.783815200167977,40.57057133349037,-3.780491964889256,151.16467201643846
1880.6873385801684,245.50549058534028,1880.465343394314,245.57805833732095,6.759913921356201,gaia_full_917,0.2335550067330501,-4.521972517966642,-40.497593253012205,-4.527926929276113,-40.49586645322739,151.1716800590395
3787.80474765757,1574.9682712558931,3788.0044136775514,1574.865689609578,6.1292829513549805,gaia_full_895,0.2244760871363065,39.58123739385165,-9.8024301282168,39.58594977082953,-9.804372777058502,151.29707914701788
2476.6710737166354,298.0435896121751,2476.346442303864,297.96923723878876,6.4613776206970215,gaia_full_1033,0.3330372795741205,11.52580459077843,-39.12195395385465,11.517315204461928,-39.12395832126018,151.30433462898435
418.1024062879126,2796.0459824825853,418.24680020870505,2795.6307231127194,7.6092658042907715,gaia_full_2567,0.4396475277119797,-37.65301727374505,15.690652448280805,-37.64855064618201,15.682197071005888,151.30488071054853
883.6212068109323,3385.4265878896413,883.9719091320871,3384.998940244762,7.783573150634766,gaia_full_3049,0.5530593333760238,-28.746515339576547,28.955729102776065,-28.73610650598434,28.94725128869712,151.32136724252197
674.0910277040531,918.7096806002212,674.2668303109226,918.721269012817,7.140984058380127,gaia_full_2290,0.1761841306378359,-32.93895465090496,-24.078107289610806,-32.93472735277752,-24.0781905704123,151.35539637242593
1719.2716876190902,3823.565345814889,1719.4299758526686,3823.1745889376866,6.067547798156738,gaia_full_59,0.4215994567955897,-8.852591167287642,39.835869727013886,-8.847516589961144,39.827254211913754,151.3569059092516
2328.627356747487,261.2685347606618,2328.3425153171916,261.1050831971763,3.487226963043213,gaia_full_6,0.3284068422224186,7.625421862932603,-40.077075245488295,7.6180127585212585,-40.0809447413293,151.3581572270811
2891.9532537126597,3614.745853488834,2891.53124492744,3615.071187054231,7.113066673278809,gaia_full_3074,0.5328539608337323,21.75743957063309,34.518817129170394,21.7479879664833,34.52667305204152,151.3831561983141
1047.1918474886654,3515.7768608482797,1047.564072190732,3515.1810619863754,7.112421989440918,gaia_full_1967,0.7025151334135722,-25.25754498934826,32.080698517347585,-25.24567066205711,32.06851040771027,151.41347924521972
1130.8722289210614,3572.5683766380293,1131.1471209031606,3572.007696690439,6.957253456115723,gaia_full_2678,0.6244418351235259,-23.392459337717156,33.4704281329646,-23.38313844015809,33.458735320536036,151.43733315385018
233.48609221816557,1993.9975747627743,233.4628769349663,1993.6977769819484,7.927826404571533,gaia_full_3702,0.3006952922181312,-40.809386450129935,-1.0942584615183144,-40.80996925061756,-1.100445277901424,151.45580149758771
3445.5212230276597,3146.511109623855,3445.4527596201387,3146.779685823807,6.309678554534912,gaia_full_655,0.2771649569299585,33.435997962009644,23.422153591071744,33.4354036237643,23.42795315745545,151.46173699852503
3745.5240480505167,1448.3370700896294,3745.662857110505,1448.2588257750626,6.614166259765625,gaia_full_1270,0.1593427999527482,38.87273450160677,-12.473077049918443,38.87607598454522,-12.474542916473277,151.469383532463
3237.394365807698,730.6868405511876,3237.093381671457,730.6462810216399,7.0633368492126465,gaia_full_3407,0.3037046685611261,29.312408740108904,-28.429240034310308,29.30523947983058,-28.430698378672528,151.4756606754164
3859.5336375165366,2122.319482909392,3859.986878931471,2122.3954875151376,6.227030277252197,gaia_full_682,0.4595698862052455,40.79275408551894,1.555128959762688,40.8029758685742,1.5566300456999829,151.48494034733517
1501.1384385455287,3760.279397522174,1501.300354864586,3759.6535724726778,5.679202079772949,gaia_full_270,0.6464316568319516,-14.514620711201893,38.18985154629091,-14.508351746819098,38.176170667554764,151.51248271092203
3770.9073387490353,1513.278514144293,3771.008821469967,1513.2490659773744,7.582208633422852,gaia_full_2537,0.1056689982095801,39.31359493690516,-11.097753179208942,39.315962216513014,-11.098259241834242,151.55807578375965
1301.1064548647053,3672.174494034786,1301.2284384171255,3671.7081174758496,6.851802825927734,gaia_full_1233,0.4820654330966988,-19.439042394745822,35.946713625022916,-19.434077888715546,35.93666647234436,151.5676624104258
3838.752665030395,1775.4076595581548,3839.3770986515656,1775.4542905712844,7.754061698913574,gaia_full_3120,0.6261723394033754,40.45336293179758,-5.616915130792047,40.46740349899379,-5.6156158574954915,151.56850268086288
2301.628405745457,3841.280069862931,2301.4661741380305,3841.1377233649314,5.886127948760986,gaia_full_623,0.2158277552608392,6.909173820715473,40.28739986259933,6.904543131558718,40.28431377248047,151.62990982777052
3550.5990966415507,1082.4425968428031,3550.5517593568607,1082.1912479587647,7.208654880523682,gaia_full_3029,0.2557676289704678,35.417849874604386,-20.39368514291782,35.4176123769073,-20.39904186031465,151.63124972686268
3804.590078581921,1618.4610734067903,3804.867930302431,1618.3374012046854,6.840449333190918,gaia_full_1599,0.3041321952111236,39.888247563321535,-8.88687219766901,39.89474234141542,-8.88919942765912,151.63488757609625
443.7194400147435,1242.248226730267,443.79246823208223,1242.1888321795132,7.233849048614502,gaia_full_1301,0.094131998740792,-37.22154058466963,-16.889506788103773,-37.220029423616424,-16.89085483749613,151.63594202614067
3578.8273212771383,1123.8838820968544,3578.733820508893,1123.6780259783643,7.438449859619141,gaia_full_2141,0.2260954116787058,35.93613605278721,-19.47715615473737,35.93464328685263,-19.481624597245577,151.64505088613592
933.425294569335,3432.507128590312,933.6247672497718,3431.849122718555,7.317215442657471,gaia_full_2974,0.6875762339603326,-27.725147448908473,30.06392651948855,-27.7173859868046,30.050174169393408,151.66475221129872
3132.0935774471686,3455.254774681849,3131.723088460192,3455.465747399192,5.2722954750061035,gaia_full_246,0.4263467801381575,27.119758283199815,30.609114785211606,27.111498378366825,30.614381975645113,151.71044960099118
706.4833516232027,875.8105651415569,706.5767173010597,875.6965857912221,6.957821369171143,gaia_full_2596,0.1473378502098285,-32.336155705052406,-25.047700633708985,-32.33438074978127,-25.050294561765003,151.74472504697368
2606.728168659824,336.7794961889879,2606.3313285585946,336.635341073199,7.5151872634887695,gaia_full_2311,0.4222117517926745,14.871791360019307,-38.103618679053355,14.861760545843076,-38.10734748622714,151.74528842594944
1083.9214264478323,3545.8018548706814,1084.2551626622849,3545.243043834585,6.085822105407715,gaia_full_2727,0.6508837337810017,-24.464154130902607,32.801169721877386,-24.45335858610685,32.789676910347914,151.74927007171297
1657.6225140257682,281.092666507789,1657.6303211286877,281.13663089190777,6.095943450927734,gaia_full_321,0.0446521883779596,-10.488186387798633,-39.541591293653994,-10.487870325464302,-39.54061677206976,151.76405947978657
3750.02161244543,2643.7089521601124,3750.000426692312,2644.195249984499,7.455204486846924,gaia_full_3543,0.486759088398059,38.97097933708258,12.427358828957466,38.97158037536686,12.437477841536962,151.76492706887504
1753.7324689519126,3835.8838476651185,1753.5299447772688,3835.472260833581,7.269737243652344,gaia_full_2281,0.4587153378842083,-7.946060408477464,40.13912965621619,-7.950767528997967,40.12975422677991,151.77113668205484
281.4626784572942,1640.6714530330414,281.35318496970945,1640.5636213055618,6.813366889953613,gaia_full_938,0.1536766256615151,-40.03331120525228,-8.42070655662423,-40.03595543768147,-8.422850396242513,151.78066998377534
2181.3454971859283,3859.353375948014,2181.068245645966,3859.1969912561817,7.629135608673096,gaia_full_3444,0.3183152340857845,3.662662185515518,40.75422061328595,3.654967531957484,40.750802851178626,151.78813196727666
3495.2071334287075,1001.3955331745376,3494.3838488898464,1001.9769680153712,7.458610534667969,gaia_full_1168,1.007900742168137,34.40753469441728,-22.19467813780387,34.385977148779226,-22.18391569232574,151.81237730036764
2645.8641238185855,3743.566675305277,2645.4978759991673,3743.5689114334136,6.187740802764893,gaia_full_1180,0.3662546457011656,15.859711982262263,37.74715895134827,15.850068427206098,37.74772591343174,151.88461357482055
3148.4936947868287,649.3133176322694,3148.198525910881,649.0522230851318,7.626787662506104,gaia_full_3236,0.394074901348975,27.479630905501836,-30.349536391200026,27.473468902892755,-30.355732275641287,151.89125089039212
535.967684340107,1087.1889208279265,536.0886609060449,1087.1274229849978,7.5909318923950195,gaia_full_1899,0.135710405610657,-35.575267133815345,-20.281429874603383,-35.572651184254596,-20.28292588272537,151.916104888232
3454.5336379144655,950.0115030966848,3454.4616636976407,949.9200836966996,5.859787940979004,gaia_full_343,0.1163520286940486,33.63997005979971,-23.352230236033932,33.638615254488826,-23.354293118505314,151.92375339239234
1258.564803231751,3654.5001963322225,1258.7776506072282,3654.0451105953553,7.665700912475586,gaia_full_2841,0.5024012670639719,-20.46818160495876,35.48732190168455,-20.460874497672968,35.477710953374746,151.93896858317567
454.43174157543615,2878.528615879721,454.59100985457394,2878.1818717687206,7.708723068237305,gaia_full_3094,0.3815728806572898,-37.054232432406735,17.464649091821748,-37.049491415774554,17.457651701445833,151.9443608717598
709.4921094443699,869.352557898103,709.5843673842246,869.0504217278324,6.259552478790283,gaia_full_634,0.3159078866568904,-32.29017298398869,-25.19033699161868,-32.289184407189474,-25.19691816927233,151.94624938324264
1366.9040669172036,3709.5648801280495,1367.0750445498452,3709.1524606602343,7.053355693817139,gaia_full_2597,0.4464562333491443,-17.86993438584497,36.875187022145674,-17.863943853780512,36.86635864804329,151.98124444274254
649.7747798047448,3158.0516426418417,649.9238396898859,3157.668491019376,7.3225603103637695,gaia_full_2486,0.4111253034735168,-33.44974001033141,23.668311251613208,-33.44471575552889,23.66049718724746,151.98664391318744
231.59292891186135,1915.798468077464,231.60815793782265,1915.6012405311624,7.4268269538879395,gaia_full_2644,0.1978146310358442,-40.879329577479574,-2.7080235229045733,-40.879085086695206,-2.7120976291998615,151.990579976264
1368.6382543274508,383.71307209674205,1368.759442734426,383.7119632151273,7.008116722106934,gaia_full_1364,0.121193480037699,-17.827305992960788,-36.89380328665281,-17.82414432222554,-36.894015807553906,152.00929866705658
2950.0031071496724,3587.7886395474093,2949.4231644585675,3588.164934252887,7.0726823806762695,gaia_full_3125,0.691325704958705,23.123889552371725,33.82591081748762,23.110752579124707,33.835172869525316,152.0118919988387
3214.667820919114,3391.312092376391,3214.4419587342672,3391.467757744793,6.260735511779785,gaia_full_1152,0.2743090109046946,28.87677758622621,29.073384118989146,28.871916222734015,29.07716511238292,152.018377752158
730.5138236490245,3249.7982444797717,731.1118208091148,3249.4850895005457,7.605936050415039,gaia_full_2788,0.6750308470655759,-31.888615657212664,25.764271036883105,-31.872981585468192,25.758781878694347,152.03343886688987
3373.2892451082,855.1437047085205,3373.1908456622964,855.0878260967686,7.90006160736084,gaia_full_2354,0.1131586064133906,32.0790834220994,-25.513181841790676,32.076952334797674,-25.514556783574776,152.05705043957502
3857.8841298657544,2229.0439124932514,3858.167313815377,2229.201649424038,6.5982747077941895,gaia_full_2721,0.3241513360415373,40.80771469406397,3.7587638098936504,40.814203260007126,3.7619167423273585,152.05830525068484
3060.0541844210957,3515.8892458125256,3059.611691424726,3516.088856645807,7.425793170928955,gaia_full_2894,0.4854323192779852,25.58960099260879,32.05768844408268,25.579393086703305,32.06286042280319,152.16603085836718
336.9315438267721,2640.7673977047343,337.1128656315468,2640.3242963630346,7.450837135314941,gaia_full_1669,0.4787654915539127,-39.12516623034284,12.358258574429259,-39.120045532294185,12.34927320077265,152.19090883792288
223.6299830063795,2017.414708444623,223.593050582866,2017.121022418142,7.837237358093262,gaia_full_3157,0.2959991318514476,-41.02749105468147,-0.6102246800014981,-41.02835529658284,-0.6162799684123469,152.22812847298238
293.69287338323363,2520.2357497516687,293.9469462995826,2519.807652392028,7.296359062194824,gaia_full_1347,0.4978156246576413,-39.867077487125904,9.815849640116946,-39.86054836872157,9.80722388720787,152.2886574638158
732.242578503223,839.1294136826332,732.2828378700692,839.114822745842,5.656900882720947,gaia_full_358,0.0428218642203444,-31.867920486833707,-25.875273762519807,-31.867013620754264,-25.875661644975853,152.28917559394176
2186.8162658761275,228.94389327391428,2186.624698118685,228.9128889740748,6.933892726898193,gaia_full_237,0.194060486189447,3.8170383236509076,-40.88043829221925,3.81183896980153,-40.881205916020846,152.32291343552123
595.8723656376807,996.4049124283074,596.1117435168969,996.536326234278,7.688936710357666,gaia_full_1766,0.2730775667420412,-34.49493761043401,-22.294466675699447,-34.48880251362234,-22.292134554806932,152.35063440708274
2414.9570805085873,3825.729391982725,2414.5871963901673,3825.867347633879,6.909270763397217,gaia_full_2399,0.3947733815049856,9.942016232976886,39.848672721282185,9.932363740937912,39.8521031911938,152.36984018952376
3049.493462649352,3526.407562651403,3049.094750825429,3526.551296801268,7.214315414428711,gaia_full_2779,0.423828531806577,25.370764451110418,32.30562785581107,25.361391830203218,32.30950803904999,152.38169656030865
491.8493116516512,1144.274611320158,491.9552422363488,1144.252668390131,7.259132862091064,gaia_full_1295,0.1081793924578494,-36.41169262302496,-19.011897462742635,-36.40930049231237,-19.012529544732605,152.38210014927873
3794.492078017349,1551.0264807804697,3794.591030576439,1551.1056428036368,5.250017166137695,gaia_full_763,0.1267210908350779,39.77662464538369,-10.292028228308505,39.778723931330525,-10.290293606349397,152.43283316073558
2758.4099462455165,3700.0806175159346,2757.8821438927525,3700.366941842588,7.825581073760986,gaia_full_3672,0.6004639403133765,18.651028751350896,36.616656721646166,18.638373771239504,36.62380968801807,152.45339074000057
3024.6787936254373,3544.777421991223,3024.350743289296,3544.924567544933,6.275723934173584,gaia_full_952,0.3595397572159207,24.82724289012145,32.75116644681198,24.81962589193967,32.7549838567494,152.46288706704314
434.218681725668,2855.960753936266,434.3722279461076,2855.538937133654,6.303552627563477,gaia_full_585,0.4488940373595581,-37.45344940310732,16.963142784962976,-37.44864512604642,16.954577304528556,152.50602784756558
3735.2617171880415,2702.27561080618,3735.271845851614,2702.3503433796627,7.371085166931152,gaia_full_3369,0.0754158296721916,38.77076494574243,13.661031237729915,38.77117970103899,13.662570480886426,152.5065465099684
265.13087912544853,2425.7455497773426,265.2029319489168,2425.420565550998,5.942037582397461,gaia_full_396,0.3328758878958374,-40.36197874793628,7.8377254810547985,-40.35988250065562,7.831063573260596,152.52348793804643
3844.153351463958,2353.9867455958424,3844.408075457054,2354.1494140304135,6.957626819610596,gaia_full_2563,0.3022339032347805,40.61405735664564,6.344995407214378,40.619998496317486,6.3481990061656575,152.52521310205842
307.2599453903402,2572.212265422738,307.5093480369876,2571.961948923165,7.1418561935424805,gaia_full_1323,0.353355387836555,-39.65674219554633,10.905156364715353,-39.650576087344994,10.90022738545281,152.55675797478145
2577.574654552456,315.5622123293646,2577.317601066995,315.5227440829717,7.621718883514404,gaia_full_3272,0.2600658317832467,14.166347103183911,-38.61294678429229,14.15963640821686,-38.614155553489944,152.58225009299431
2841.047434169113,434.3888221972689,2840.826611939792,434.2778692450509,7.361688137054443,gaia_full_3648,0.2471295501716696,20.633467816438046,-35.58966024647681,20.628222002054162,-35.592473636051004,152.6183003183733
1137.9854500393262,3593.198542742323,1138.240598942842,3592.746501032938,7.31108808517456,gaia_full_2359,0.5190786741805398,-23.299589949907645,33.93252401786233,-23.291174258853037,33.92316246500957,152.65941874062906
219.54719004686055,2114.0620675101673,219.43457303225864,2113.943838661354,7.76142692565918,gaia_full_2651,0.1632809011167611,-41.12626334000243,1.382644492865792,-41.12876742490432,1.380191900886444,152.66936678524362
219.6337179317123,1973.546491415858,219.63652959179623,1973.392215337297,7.732995510101318,gaia_full_2991,0.1543016974907161,-41.12602894792514,-1.5144251847260024,-41.126008944465624,-1.5176062079714039,152.6770880767585
3625.133090811253,1175.017028563314,3625.0831364774176,1174.9213855174262,7.444766044616699,gaia_full_2280,0.1079028623144054,36.846014778589904,-18.33210995365725,36.845161176674225,-18.334187643608573,152.67963913373532
3192.554960953232,3420.2380283291495,3192.2651764721195,3420.5195116575733,6.494322776794434,gaia_full_1870,0.4039899870962537,28.459539066926816,29.737239039499705,28.45364054994951,29.743853086061346,152.7065954927219
3544.7116093354593,1052.7225286260775,3544.8326851416696,1052.640399444534,6.301467418670654,gaia_full_609,0.1463029504502691,35.38454165795162,-21.02766627648115,35.387674737063264,-21.029177445501116,152.71594027673743
256.14326840922433,2397.0799167344408,256.2065655050171,2396.970866034236,7.576224327087402,gaia_full_2765,0.1260895616254611,-40.52557491712369,7.239036018145745,-40.5239992494691,7.2368276804542395,152.71829982071338
628.8237977582603,947.9623258566764,628.9288885269821,947.86523929719,7.520963668823242,gaia_full_2726,0.1430729523825904,-33.90011761845031,-23.375668935045848,-33.89800287526909,-23.377912416862436,152.76493993429716
1577.1666891134275,3802.01815250862,1577.2902499965487,3801.55228084584,6.851471900939941,gaia_full_2022,0.4819789393937547,-12.616990295280702,39.21219353095613,-12.6123475918968,39.201963094917105,152.7768245300903
3811.044252617254,2503.310740967612,3811.2039274584417,2503.5238551429475,6.784640789031982,gaia_full_1577,0.2662962760478417,40.08092168291751,9.455904214289008,40.08491085599514,9.460168387940907,152.7961760625045
2820.97271625421,420.9312873445774,2820.651461774264,420.8050782649443,7.6408257484436035,gaia_full_2173,0.3451567363779211,20.16921065531931,-35.91921363757018,20.161406223419576,-35.922530875986354,152.82390182589418
646.6855350504233,3168.998401805439,646.750654488065,3168.5927861112923,7.436826229095459,gaia_full_2392,0.4108097278506455,-33.565883722217535,23.893635185001774,-33.562740371877766,23.885196598446605,152.82613675742567
3307.670910945467,3318.282852821513,3307.47278471836,3318.450979310528,5.859816551208496,gaia_full_496,0.2598471053833543,30.82887356673114,27.329447178711607,30.824790351185683,27.33341983836974,152.84069777533895
3645.761744421565,1206.54031549411,3645.919505283131,1206.433874269811,7.090148448944092,gaia_full_1957,0.1903108606268469,37.22498874602181,-17.641538524038303,37.22897013954864,-17.643514797402325,152.8409810640644
358.9058208042162,2712.626749253177,358.2263489342686,2711.1807039032246,2.8534293174743652,gaia_full_20,1.59772625194959,-38.79249705364915,13.876178657662583,-38.80445187943056,13.845292111861408,152.84943505326544
1404.5043860714347,356.9899700753347,1404.6739717335456,356.9976067562891,7.97309684753418,gaia_full_2661,0.1697575202740159,-16.9850693270848,-37.53846864358343,-16.980583853079654,-37.538555198028014,152.84969415859067
325.33964932705067,1462.992010071157,325.2340014717802,1462.827529216987,5.90242338180542,gaia_full_337,0.1954876484890136,-39.367908918377424,-12.14271948816405,-39.37067876004743,-12.146009048696257,152.85385991548685
1871.1491802287192,3867.942676304554,1871.2008220619632,3867.591073777469,6.452786445617676,gaia_full_823,0.3553747542999622,-4.803690854235384,40.930269562076475,-4.801869701684465,40.92239451202005,152.8594624055863
3795.534745017887,2556.006443455209,3795.706829499459,2556.1436104460313,6.829483509063721,gaia_full_2818,0.2200632912804776,39.82502650343182,10.560780810488573,39.829200460859184,10.563448487137553,152.87077666705645
1516.0398121099415,312.13572759898943,1516.081047437269,312.14370196055506,6.260782718658447,gaia_full_415,0.0419993174014356,-14.187401733330205,-38.68855402049643,-14.186279347990704,-38.68843037930822,152.87498624195857
3173.98540779774,655.1873839525064,3173.6037272631356,655.1361721156418,6.696337699890137,gaia_full_1251,0.3851008734488738,28.083457685192297,-30.17282477138903,28.074264622200023,-30.174686111124693,152.90338127018242
1438.8334595378078,3752.819392130904,1439.001249813521,3752.3236265212463,7.526586055755615,gaia_full_2168,0.523390023159711,-16.136910004160406,37.938676427381665,-16.130753685858863,37.92794807195484,152.90583156658013
249.1448249132328,2374.345628047489,248.99963287098376,2374.1586084827736,7.165801525115967,gaia_full_2605,0.2367636938356968,-40.65444871958901,6.764897051848751,-40.65749578664138,6.760941779068511,152.9063643437617
2173.890176577184,3873.633242787109,2173.835901239808,3873.420250524002,6.407633304595947,gaia_full_1468,0.2197988088929128,3.4715166168677616,41.077824240862114,3.4698510724577702,41.07305402859244,152.91956559687986
2878.4376722637103,3643.0064621505617,2878.000774598767,3643.048373945815,7.484325885772705,gaia_full_3631,0.4389033700194053,21.527723625747765,35.16050163717604,21.516674691177844,35.16219762927766,152.93359645499106
1160.7783257254896,3611.221150846525,1160.850297132269,3610.689195807546,7.517261981964111,gaia_full_2510,0.5368016830152404,-22.796227988304455,34.36726143578444,-22.792127584768394,34.3558034457143,152.95406358451734
3766.6900223864345,1454.5558170440645,3766.8638700503034,1454.5817909849136,6.898895740509033,gaia_full_3314,0.1757772904441611,39.34165411902638,-12.319811784790334,39.34556085627205,-12.3190742510999,152.95543309298972
3086.921077586952,586.7224053278983,3086.517378750694,586.5797054998129,7.59242057800293,gaia_full_1760,0.4281775231506548,26.22366391513829,-31.819250298804878,26.214209104663368,-31.82312417603468,152.95827839883125
2704.072146454306,3732.238961308766,2703.601460112071,3732.377709553231,6.9656219482421875,gaia_full_2587,0.4907104116572619,17.350617429005883,37.41097122061261,17.338769871748333,37.41475506435731,152.98530835622705
228.0253675779894,2255.9300907748448,227.92977952146248,2255.7462118545495,7.649473190307617,gaia_full_1682,0.207240280542986,-41.010014661651866,4.310293531613731,-41.01202235621549,4.306461752226825,152.9868716432304
623.277589223608,950.9414053573124,623.2668795409666,950.8143447847827,7.685586929321289,gaia_full_3154,0.1275111226278649,-34.02000784455495,-23.30250262380126,-34.02075371958037,-23.30516062088025,152.98734866132182
225.6324450264486,1856.7870147479616,225.55475825477515,1856.526171270488,7.130926132202148,gaia_full_2266,0.2721664090840061,-41.04968218444801,-3.923389313678179,-41.051621946167174,-3.9287379244637437,152.99312652089193
1386.8752750981896,3731.68126272697,1387.024513268193,3731.0913803485846,6.402935981750488,gaia_full_900,0.6084679545511638,-17.42869464799503,37.393974243273576,-17.422606089505006,37.38118500763049,153.00345135973745
2372.5676790330763,3843.622709802184,2372.3045063985255,3843.707637818924,7.360285758972168,gaia_full_2910,0.2765368033440799,8.835935844172061,40.28667739443581,8.828983982614771,40.28880010067915,153.01416348265164
2129.177879600682,3877.9755738835106,2129.1172810010085,3877.8346801793105,5.859045505523682,gaia_full_398,0.1533728338580011,2.250844295362335,41.187930718436576,2.2491067211146385,41.18477496224798,153.01892157391705
2083.4485222329545,3880.1021304421142,2083.569507210033,3879.981190001621,7.325072765350342,gaia_full_2078,0.1710671062049679,0.9988933166816073,41.24302025688815,1.0021790081963018,41.24028745639512,153.04237312765463
245.28747813363748,2365.461149430973,245.2013463418898,2365.321358631823,6.502701759338379,gaia_full_1034,0.1641954721563733,-40.73065806524149,6.579034183060348,-40.73243385640296,6.57609457784048,153.06982295986296
3750.224876995652,2684.1125695235355,3750.313468678629,2684.3807740339867,5.79313850402832,gaia_full_641,0.28245733433395,39.06896432091124,13.265533105574347,39.07163091398327,13.270987981626302,153.08489547789472
3848.0286190334455,2369.348272819599,3848.427893915152,2369.4342495909063,7.391401290893555,gaia_full_3651,0.4084267821360784,40.719953920948505,6.659694169921307,40.72907792476153,6.661212273731317,153.1081827941084
1152.422699187332,485.8325229882428,1152.5518085355325,485.8943865740098,6.446413993835449,gaia_full_388,0.1431653835139752,-22.996224901998648,-34.28525812436237,-22.992669516489517,-34.28415090278384,153.14576764933037
2059.6459059836616,3881.943679180013,2059.688169002699,3881.803343883579,7.505041599273682,gaia_full_3588,0.1465611074035404,0.34672976663720523,41.28601845890563,0.3478764841049762,41.28285950500087,153.16057999327595
3766.036190016342,2647.681527098897,3766.288180681529,2647.9829588143775,6.636282444000244,gaia_full_963,0.3928872286531394,39.345236390043375,12.49129247254289,39.35166729372908,12.497246710336212,153.1758282585217
3710.999804108362,2773.9016282793355,3711.055575107918,2774.3280003070754,7.640484809875488,gaia_full_2987,0.4300040818765506,38.39942842443271,15.181044640377754,38.40186665402602,15.189830245131098,153.20724719417638
2906.7362175183357,463.7417449782456,2906.451577124742,463.8075474489044,7.913261890411377,gaia_full_3341,0.2921474264989759,22.20010688288521,-34.83099658628093,22.192539324027344,-34.830079595800356,153.21663198283642
3864.897151394779,2285.734242620924,3865.104044378992,2285.8336839074323,5.6964569091796875,gaia_full_1704,0.2295501609209439,41.011187123816995,4.925347349101599,41.015942690519715,4.927298776689335,153.25896183440466
579.0740388733373,3093.144982884343,579.2877860340518,3092.7760944086567,6.241785526275635,gaia_full_427,0.4263408920190403,-34.87430534714762,22.170322271767855,-34.86788663960909,22.162958556109203,153.27604270135691
1354.8169530318796,374.0611308186887,1354.9442570520223,374.0486560248703,6.674017429351807,gaia_full_1125,0.1279137757448268,-18.2248101840912,-37.084801436197594,-18.221526988649018,-37.085279375604735,153.2929115176001
1709.005396368629,3843.628474595688,1708.897311190987,3844.196209410683,6.843761920928955,gaia_full_2063,0.5779318521962776,-9.172583082341848,40.27614349653532,-9.176747084090797,40.28875299196764,153.295349710839
395.83592731276457,1291.6417235246254,395.7791179300789,1291.5983279433003,7.7597880363464355,gaia_full_1754,0.0714876383696393,-38.18294965265454,-15.790711297692805,-38.18437907520313,-15.791532975501422,153.2963828587497
2831.5064467523566,3674.02494476106,2831.191055379457,3674.07740615812,7.526975154876709,gaia_full_3482,0.3197247508108134,20.445574078720472,35.92205142001562,20.437629100679665,35.92374773829798,153.33197819609936
3613.2848240546264,2952.039407050494,3613.332302893071,2952.3659564486934,7.353261947631836,gaia_full_2338,0.3299829534452191,36.67835205472699,19.042012784952355,36.68053989695586,19.048758663914725,153.33668517812083
2575.636018505626,3788.653063877802,2575.171338239937,3788.752374420178,6.821176528930664,gaia_full_1727,0.4751740030217411,14.146992174475473,38.8423574908564,14.134923452067268,38.845166584012745,153.35579429444047
1805.719185920641,229.74714559509408,1805.477098133868,229.81559969937325,6.222850799560547,gaia_full_834,0.2515799294405774,-6.583554689791312,-40.81138831966869,-6.590044211767316,-40.80969845452733,153.36105085080158
633.0138261721637,931.8389443721684,633.090313818614,931.8263145009066,6.866180419921875,gaia_full_1768,0.0775233752335505,-33.86369108079383,-23.72351959727575,-33.861924944998336,-23.723930780984595,153.38773329324198
2984.0485229141677,509.4885793993341,2983.7028963440166,509.4253898431341,7.615787982940674,gaia_full_3555,0.35135544112364,23.9736963685438,-33.69084337046154,23.96520803160683,-33.69287393287487,153.3915959527122
3863.952983460845,2303.7998804707563,3864.2653329151663,2303.8457823356566,5.526973724365234,gaia_full_739,0.3157042331301217,41.00698963955155,5.298308253269641,41.01407967504771,5.299093976912031,153.42273600037123
3701.875560980537,2798.4655687531526,3702.001645967086,2798.764367971467,6.428126335144043,gaia_full_645,0.3243121901783832,38.25741582937473,15.704480023516963,38.26115424186593,15.710514052608326,153.4452084644864
241.65135927172457,1723.1398783722702,241.484754851175,1722.9627087320878,7.230340003967285,gaia_full_1200,0.2431997416714001,-40.81939382398721,-6.688107818532238,-40.823376033821,-6.691655033434838,153.47167091509573
3703.5151857070696,1297.6025991303216,3703.574281650498,1297.5396404366843,7.717238903045654,gaia_full_2859,0.0863488716441117,38.28934472227706,-15.659153124435221,38.29088017105676,-15.660378389767484,153.47672329769145
208.2426820235559,2093.140781086912,208.28364857755832,2093.0118801089825,7.683838367462158,gaia_full_2160,0.1352542814774202,-41.376118392172245,0.9502639191818761,-41.37517381365204,0.947613080234652,153.5378718696631
3534.936060810576,1023.2342720583832,3534.967216593217,1023.1879394293742,7.479620933532715,gaia_full_2463,0.0558336395274172,35.26213357453795,-21.66398369402511,35.263037019453726,-21.664900104539615,153.53996487716248
3809.4181535575,2539.518305773457,3809.509161804004,2539.6366030151166,5.520116329193115,gaia_full_1176,0.1492539390302572,40.10912157961554,10.20609560936863,40.11140924941434,10.20845308804032,153.55287205875305
2067.5992745859076,3886.555358773782,2067.3787905496188,3886.462440639423,7.747421741485596,gaia_full_3273,0.2392634321221477,0.5654417743135547,41.389424703068904,0.5593767295842559,41.38734624333217,153.55680082508013
500.7463847174555,1105.0606362031317,500.7704928592966,1105.0242969875028,7.67241621017456,gaia_full_2396,0.0436089565978805,-36.33631948995928,-19.847092894507963,-36.33588196784924,-19.847894104468423,153.60205238223597
334.54326708879796,2679.0638262146977,334.82990338314994,2678.934788786999,7.97289514541626,gaia_full_2856,0.3143422068173603,-39.267881452234775,13.149558283267755,-39.26102485640026,13.147233561603711,153.60396112629257
3403.5983053593613,862.1013105774379,3403.3985400526244,862.0529105594603,7.287292957305908,gaia_full_1593,0.2055449817337518,32.77657477167889,-25.30693864098758,32.77199234620906,-25.308353237269007,153.61464152609778
3885.447255063709,1970.8629532220975,3885.904492324043,1970.986814426235,5.52927303314209,gaia_full_276,0.4737166981739356,41.37616951084848,-1.5680517128769342,41.386423408568554,-1.565430777316464,153.64914977803133
3871.557707316175,1819.9862984223323,3871.98329927559,1819.9913230459993,7.867044925689697,gaia_full_3501,0.4256216192369416,41.15091599725329,-4.680635654933275,41.16050563294505,-4.680337995050796,153.68525250117378
3320.762874187345,775.009435491035,3320.482432326168,774.9376402857415,7.420147895812988,gaia_full_2373,0.2894860773913374,31.14894130545829,-27.318381235355243,31.142458978983054,-27.3204703665936,153.69277785720746
796.6735956342736,752.64852158891,796.6796001179684,752.4459393041241,7.814130783081055,gaia_full_1736,0.2026712508806004,-30.676995446306407,-27.841318200699796,-30.677727211090385,-27.845644427286466,153.70361350200398
3008.434748004577,3572.6598448974883,3008.009427825325,3572.8575489427585,6.452472686767578,gaia_full_1386,0.4690246735468003,24.539307631764448,33.38686046625322,24.52942175907551,33.39196925241951,153.71316233339286
3167.4759980449403,637.9941042024096,3167.0696037609955,637.894934151926,6.964618682861328,gaia_full_2914,0.4183192715330291,27.998724642423188,-30.555004048874284,27.98911260109307,-30.55795258039706,153.73387793683347
3719.05088784405,2771.6574803868634,3719.2823340374,2771.8863058744128,7.534914493560791,gaia_full_2379,0.3254665023753916,38.57826669579252,15.123321296471854,38.584203570844636,15.127754925295998,153.7522676605223
666.9932859215619,885.7744953256685,667.1378040156794,885.7349363538069,7.445168972015381,gaia_full_950,0.1498345480258311,-33.23921432704057,-24.760869060884087,-33.23592610707351,-24.761985177176893,153.7609039425614
3489.201454766129,3134.4461577245374,3489.146052100182,3134.680525149626,6.273009777069092,gaia_full_637,0.2408267953047658,34.42420851662479,23.086526777932605,34.423805800853124,23.091563020775588,153.78041591207304
3657.9654402467495,1204.5027038806822,3657.738849622961,1204.4041104643543,7.11191463470459,gaia_full_3535,0.2471112553731431,37.51382608554275,-17.66501880626787,37.508888490854105,-17.667428090293416,153.8178242298104
3860.142120369772,2352.0823169870037,3860.489845131445,2352.330853978701,7.050426959991455,gaia_full_2617,0.4274144898366886,40.97283596547845,6.295943624431828,40.980976859829006,6.300855290970729,153.82169458674156
3593.026981302755,2993.6897562084414,3593.056555525539,2993.9265701774507,7.324288845062256,gaia_full_2370,0.2386534947810605,36.34742457561551,19.946847907743194,36.348934793688215,19.951750684926562,153.82957605864001
2990.076069666141,3586.662860184374,2989.7450359425084,3586.797302222052,6.616133689880371,gaia_full_1780,0.3572925799356785,24.1359469343908,33.72603585558719,24.12814201134226,33.72958981378163,153.85351000344434
249.91465954348143,2429.9058170763897,249.93701944273243,2429.584190065368,6.948407173156738,gaia_full_2052,0.3224033177762774,-40.71222932168321,7.912137329670957,-40.711253564104034,7.905518123123673,153.85578746570476
3742.670604286446,1369.7847670773458,3742.8002933947687,1369.5768420534746,7.26015567779541,gaia_full_2279,0.2450552598279245,38.995169610663865,-14.106927687829915,38.99866977153578,-14.111071938918098,153.8609405701806
3204.6796793996323,3426.883713633211,3204.4154269668625,3427.1183696446724,4.976175308227539,gaia_full_150,0.3534017429778747,28.787206418166132,29.85529879684955,28.78174425084933,29.860860164160776,153.86278224800796
2963.807379430379,3603.826039654947,2963.485799375827,3603.9481414288502,5.544091701507568,gaia_full_984,0.343980485894465,23.543651972079502,34.149046109134076,23.535999133682637,34.15231076021037,153.87458112314172
362.46437326924314,1344.387241035312,362.42803175973904,1344.4256090547433,4.7570085525512695,gaia_full_166,0.052847045595005,-38.80581358171553,-14.64861801181641,-38.806545896766025,-14.647772864774167,153.88270560650966
2017.6531866438224,3891.0537235474194,2017.639481538038,3890.904707798803,7.324772834777832,gaia_full_3057,0.149644656637909,-0.8064561212718642,41.490045788020836,-0.8068027958424581,41.48669199148313,153.94044147965465
1264.0683160847416,3683.814989050199,1264.2105554953655,3683.362644668728,6.830961227416992,gaia_full_1028,0.4741808614689398,-20.444820879049107,36.139362171770834,-20.439278278579714,36.12969610716201,153.9995501657207
3885.918158672568,1911.4928569874144,3886.475601246386,1911.6824898613784,7.297988891601563,gaia_full_2672,0.5888147841150111,41.4108678093101,-2.7904778832196993,41.42332010921471,-2.7864211555537812,154.02352491738324
836.5341557371974,3384.373700679413,836.6258701682243,3383.865362453122,6.5965728759765625,gaia_full_1098,0.5165455344568329,-29.893780211091183,28.83921595081973,-29.88929550771,28.828551345337186,154.0592538154803
3261.0944050254493,713.8493088335433,3261.0736224068833,713.0793578422097,2.852149724960327,gaia_full_5,0.7702314238526776,29.963839160014945,-28.74171256363261,29.966724015139885,-28.758186378514036,154.08527009794307
2806.4705782730807,3698.547280101392,2805.8768194422814,3698.470089453979,7.731098175048828,gaia_full_2916,0.5987553299972825,19.895863050166014,36.503028510041645,19.880109064375393,36.5023520513563,154.2014625280943
2944.061029456222,473.7150967127451,2943.699276951434,473.3382302516882,7.367867946624756,gaia_full_2154,0.5223918109905245,23.11187261362522,-34.54443873737155,23.104272484993437,-34.55332370464771,154.20588705786494
587.0042781739733,3122.5302407272466,587.2619868604404,3122.087157125389,6.9205732345581055,gaia_full_1562,0.5125786235455804,-34.79892937167994,22.802584900478497,-34.791128942044516,22.79375459494983,154.30574287855148
2085.1549209081754,198.8966047857233,2084.8808953194125,198.895093100846,6.061575889587402,gaia_full_280,0.2740297583986741,1.0495586826661003,-41.580353906176086,1.0420214299574415,-41.58041614663396,154.30747833959842
3754.6455304573806,1383.3494402724232,3754.849327987692,1383.0637219966493,7.242844581604004,gaia_full_3319,0.3509535104145003,39.23505642461384,-13.81022733738827,39.240436679403224,-13.815887359553008,154.33752488625447
1402.4381749506354,3755.537682000153,1402.6544143861545,3755.0184080405265,7.440479755401611,gaia_full_1816,0.562498834327327,-17.10716088844683,37.944549260669305,-17.09953779250558,37.93341348087191,154.36639036760832
197.7396903661744,2038.3884318274636,197.69868165061897,2038.1441284772711,6.481645107269287,gaia_full_1369,0.2477212983710928,-41.60849966839195,-0.1771731119463167,-41.609430578672715,-0.1821986318459939,154.3681672479529
1601.8696696890167,264.89244740538857,1601.799284900646,264.89496772570624,7.376857757568359,gaia_full_2055,0.0704298974051949,-12.030554443953054,-39.84418370690424,-12.032443547368036,-39.84404771279851,154.41050875366466
246.3162211780659,1651.595599594294,246.28877749423873,1651.2590149469054,6.282080173492432,gaia_full_352,0.3377016148018456,-40.812242499499376,-8.167168473189129,-40.81337314740936,-8.174088165134858,154.42028247073816
2714.4270274955,348.34554589517853,2714.0480800107953,348.18648898873744,6.272245407104492,gaia_full_438,0.4109748114553709,17.6727357236647,-37.69090481083577,17.663364113563542,-37.69500921022443,154.4363697012268
3821.084544202619,1557.0677727216575,3821.336199667094,1556.9714780436543,7.003123760223389,gaia_full_1858,0.2694496943999519,40.36917873877736,-10.141360902571074,40.375072261483716,-10.14310557967381,154.4417568861513
2824.5261985584593,3692.1062288638223,2824.0673601495337,3692.227065976054,6.952442646026611,gaia_full_2684,0.474483185368984,20.33869263947778,36.33052740536679,20.327277915089727,36.3339765626156,154.4563280809816
1512.3384443511472,3800.690074971611,1512.4118765068704,3800.2413833735854,6.929279804229736,gaia_full_3202,0.4546607874370514,-14.346371003248107,39.10175844849339,-14.34295333970047,39.091893606131045,154.4804021816613
2226.4935224346073,3886.953825722542,2226.402603519686,3886.672320414212,6.806027889251709,gaia_full_1252,0.2958234062893751,4.9260897649827,41.355627603891996,4.9232528182067155,41.349347729269454,154.4853254457476
3411.8874042919383,3237.0803771110604,3411.7611056581272,3237.345769883758,5.153899192810059,gaia_full_221,0.2939126889104242,32.99646358923495,25.400220394304764,32.99454360974618,25.406079813708303,154.4898611876246
3803.338501831012,2594.27090566947,3802.9109095732447,2595.0162100364173,7.345373153686523,gaia_full_1260,0.8592518480011744,40.07911043779925,11.34411194909777,40.0709333321952,11.359976751681332,154.51747496288215
2256.8243048015956,210.93405896003932,2256.496922218369,210.89483689391045,7.378122806549072,gaia_full_2119,0.3297237120249994,5.752355484629356,-41.25247164318982,5.743442911349695,-41.25353608064014,154.52248994550303
2583.036006496048,293.71494729375155,2582.748641750425,293.6462362859663,7.720677852630615,gaia_full_3022,0.2954652257333063,14.381770774327824,-39.09094116095726,14.37431820070353,-39.092848530896596,154.5238462260465
2858.3285637782906,419.2678342016992,2857.9426738948405,419.1588991905885,6.482860088348389,gaia_full_1025,0.400971119651794,21.142104459267944,-35.89027940469058,21.132586246173467,-35.89335371568632,154.52594880055605
3880.9075262120577,2285.150707469116,3881.252430485926,2285.3598458464567,7.851064682006836,gaia_full_2166,0.4033581770703291,41.37164182134926,4.905648228608269,41.37960992745988,4.909787777045177,154.59091439399165
2899.833246235165,3652.338037299221,2899.456131458972,3652.4796225979057,6.505159854888916,gaia_full_2378,0.4028175160377782,22.117049758576062,35.32550374181623,22.10796014188468,35.32928889497502,154.6150585929402
2429.4311003816283,3849.453910275928,2428.96289125246,3849.5972359837406,6.895580768585205,gaia_full_1972,0.4896550287258788,10.390094427728364,40.36492810168336,10.377759231315023,40.36859474776054,154.63289532819263
3702.346034450978,2827.799717172818,3702.4360174414874,2828.238346627175,7.82618522644043,gaia_full_3387,0.4477641531101614,38.35227696429038,16.31355427314063,38.35563493662851,16.322535590463637,154.64440214677015
204.8509727630435,1861.2926653518236,204.7410301828199,1861.105431052248,6.172615051269531,gaia_full_709,0.2171268152111561,-41.51462606494263,-3.8227130373716864,-41.5172368296338,-3.826524433212718,154.67747736021923
1558.112723646335,3819.011664061067,1558.112829510102,3818.529877336173,6.8194379806518555,gaia_full_1421,0.4817867365256532,-13.177959660664719,39.567561703334576,-13.176493659209227,39.55684313635742,154.67928280934896
282.62077342375966,1516.944147981257,282.48377324635817,1516.846176255563,5.279667377471924,gaia_full_249,0.1684265645421916,-40.22669312628943,-10.979866505637027,-40.2300065236333,-10.981747163256067,154.70990536447601
2470.489171127951,3839.3122336615697,2470.006684631563,3839.4054328800776,5.602672576904297,gaia_full_767,0.4914054471892132,11.474821224290931,40.095783122374904,11.462038064904583,40.098387188980524,154.7191027196611
2025.653397377842,3900.7038188354336,2025.5618514766752,3900.579515011613,7.341364860534668,gaia_full_3395,0.1543764639988296,-0.5880283776683629,41.70771562525118,-0.5905317087113184,41.70491352214519,154.73642912456992
532.6645492049893,1036.308623765815,532.5998240172144,1036.299645447763,7.629801273345947,gaia_full_2142,0.065344931919313,-35.834181663045506,-21.34222055998307,-35.83573427063116,-21.34229177628669,154.73841838319578
3892.117390417248,1883.3391508910015,3892.57975046768,1883.5045897353089,6.558312892913818,gaia_full_1186,0.4910670294792591,41.56665881077196,-3.3680442875856977,41.57696782982712,-3.3644873662813364,154.75045940584326
2914.9094503305414,3645.5590287549385,2914.625423627385,3645.4645695061745,5.370863437652588,gaia_full_1286,0.2993220970510411,22.4751671241993,35.14967872389822,22.467466124411228,35.14814857039821,154.76003572921834
292.29037585518336,1485.134427155312,292.1675306097254,1485.028253782214,7.318277359008789,gaia_full_2033,0.1623691457347662,-40.07285357121475,-11.647525116679802,-40.075878146941285,-11.649583671852604,154.83158508177706
3026.8524669099775,3575.4647551731045,3026.4084912336043,3575.5984509198306,7.134708881378174,gaia_full_2469,0.4636690133097543,25.017519822014545,33.411695438466154,25.006893124961184,33.415465572079626,154.83821782351825
3865.059575827386,1702.8728872608272,3865.52947906436,1703.0499195153986,5.99944543838501,gaia_full_336,0.5021448708065349,41.13248972862601,-7.097404575123597,41.14287483456555,-7.093433002053856,154.88776070043528
3899.551699693733,2141.129419301241,3899.929397609239,2141.3257195366573,4.610157012939453,gaia_full_113,0.4256635969899049,41.69949412487535,1.9358875256567856,41.70806642753585,1.9398519007710517,154.89988469520566
3465.5888522625924,910.2426131846116,3465.4123393697,910.0069552375156,6.322379112243652,gaia_full_1095,0.2944341511896601,34.059272170500925,-24.169822525176286,34.05602662873959,-24.175129220778334,154.9409290315375
3460.7602086823604,3189.7919449926217,3460.341793818202,3190.193651499653,7.016456604003906,gaia_full_1991,0.580033720002428,33.96882954816645,24.306342680343285,33.96050078455981,24.315621706371694,154.95493015369985
1549.3787599293369,3819.577366145889,1549.6095018671847,3819.1641973582346,7.318567276000977,gaia_full_3134,0.4732338628769937,-13.414213312322843,39.569275887423565,-13.406741063037058,39.56037710467699,154.96377075599972
1335.4346414896554,362.1975188797664,1335.5779079543777,362.2131905036734,6.652872085571289,gaia_full_1254,0.1441210592172394,-18.778376927167862,-37.31449562984694,-18.7745599128683,-37.31438793151969,154.96747897771888
681.5580855444978,3245.7918827702597,681.9089813193293,3245.3891546820596,5.846312046051025,gaia_full_610,0.5341514371598469,-33.04617623957644,25.58323315408397,-33.03607431932417,25.575422221630014,154.99575406549178
3745.506714749923,2749.6113221164155,3745.627111983489,2750.2472179505894,7.9149956703186035,gaia_full_3196,0.6471931750026932,39.12624407919449,14.629747430762839,39.13069531051112,14.642764225980946,155.00185577175935
1727.483881336664,224.132364214732,1727.322925358082,224.227726713538,7.623139381408691,gaia_full_1871,0.1870850961988889,-8.726814405868387,-40.87931586356982,-8.73100040611714,-40.87704493150564,155.0702707364369
982.7830032157236,3519.083540922749,982.9776751399204,3518.528687950602,7.789067268371582,gaia_full_2848,0.5880127369119061,-26.883720705979243,32.02524126155095,-26.87632796450848,32.0136868053299,155.07248859977213
1676.9569417677892,235.80420072970117,1676.851754469276,235.84110183880807,7.913259983062744,gaia_full_3247,0.1114722370000895,-10.075352971326598,-40.572419033453855,-10.078121000087704,-40.571492460928305,155.09029946345888
3845.3860904863454,1610.3636498632466,3845.795563591788,1610.2337573709362,5.647405624389648,gaia_full_432,0.4295815215290965,40.82593634787294,-9.019281163408246,40.835432733866,-9.021601972771,155.14829814366985
2921.564636860313,3646.575753656863,2921.1225205258797,3646.682383187447,6.897435665130615,gaia_full_3570,0.454793040805625,22.65044710290622,35.15938353634813,22.639562476724503,35.162538049170244,155.14971762032877
1485.828274553155,3799.344063666257,1486.176179889044,3798.758110184579,6.663466930389404,gaia_full_2934,0.6814540376509751,-15.049776509116636,39.03589753876953,-15.038503349563172,39.023387999387545,155.15093838720014
2041.5700316377165,3906.461622848171,2041.4681091536952,3906.069148930006,7.288314342498779,gaia_full_3289,0.4054922553991663,-0.14979528563517508,41.83784618486052,-0.1525918811492415,41.82901400715682,155.18235174997784
3841.427627739085,2501.4068624049596,3841.341807524404,2501.269083720363,7.402345657348633,gaia_full_3050,0.1623209018488608,40.76658020015186,9.389201511771851,40.764394229641105,9.386438268197269,155.1890639076175
698.5985640000063,826.5975620084906,698.7318506127638,826.6046352041953,5.0670623779296875,gaia_full_162,0.1334741594386174,-32.72864490593014,-26.07425640280399,-32.72541156271001,-26.074375058005742,155.23271581159608
283.21455524097865,2599.0749874019148,283.39075163656776,2598.6592887786164,5.879221439361572,gaia_full_264,0.4514980788782234,-40.25866200880736,11.435302006580532,-40.25377517358775,11.426908912199403,155.23781676973917
3710.991460746709,1267.2752948346483,3711.1508081403745,1267.1155404881015,6.744480609893799,gaia_full_1109,0.2256391878830359,38.54836297772572,-16.278421290539562,38.552503772190036,-16.281501751775128,155.25741744821218
368.9546033996163,1294.192997387528,368.9749675001988,1294.1848517620208,7.701448440551758,gaia_full_2538,0.0219328020881414,-38.794217958313915,-15.699216480322102,-38.793772645579885,-15.699414795761056,155.25943749482946
1231.3946914960118,412.23945691106707,1231.439068937898,412.2015525520369,7.712480545043945,gaia_full_3333,0.0583617835731927,-21.282445271232216,-36.036313499491115,-21.281457955034373,-36.03722277960354,155.26623913743524
2963.672952260772,3623.4087243144254,2963.3656743325246,3623.612416838375,7.213954448699951,gaia_full_3472,0.3686602358554035,23.626452259290158,34.57501677335873,23.619511248069305,34.58003633020029,155.3583276884078
874.3265793626066,3437.2536771721025,874.6215933340068,3436.7336544383293,7.120263576507568,gaia_full_2403,0.59787698313471,-29.203082755441365,30.046540820396167,-29.193451490149794,30.036029873188358,155.39200967304484
2419.0135226192547,232.30241310026244,2418.743064202869,232.1427420292314,6.592803001403809,gaia_full_617,0.3140742044773572,10.137403751479066,-40.648768386273844,10.130440606547113,-40.652600654072565,155.42916399528724
330.3772026098905,1371.126331612237,330.49620091995166,1371.014725635462,7.624255657196045,gaia_full_1865,0.1631456154767293,-39.47156901006283,-14.051760202077462,-39.46913060645987,-14.054226712153037,155.43243114234602
2152.8601621700454,3905.7111153823657,2152.8451098269966,3905.4415019585376,6.043850421905518,gaia_full_1303,0.270033278207657,2.919480648976515,41.80568464956545,2.918867259061325,41.799626131669356,155.44991725765587
3887.615843592875,1787.6098739531942,3888.3971551317745,1787.844684801954,6.78633451461792,gaia_full_958,0.8158332277572294,41.54327612004829,-5.339348266999547,41.56066388003833,-5.334107841061502,155.45049088935548
3257.091443035324,3404.4824031564453,3257.009103567988,3405.0430013675987,7.47758150100708,gaia_full_3580,0.5666128680408747,29.974310768218544,29.26910916336219,29.974820461143224,29.281239798078033,155.45666088116045
3592.510079374308,3027.6588399090874,3592.5013414114246,3027.8767696889213,5.818599224090576,gaia_full_744,0.2181048851671857,36.45544292732987,20.657991380585184,36.456025286781774,20.662561622899553,155.46119232745812
3903.671201133984,1916.5534622936775,3904.233423827036,1916.6071048643605,7.534934997558594,gaia_full_3257,0.5647759573245691,41.807976339273445,-2.681586705268727,41.82060711228316,-2.6803348126379234,155.4684580643013
3021.643960830248,3587.556021367434,3021.40709515192,3587.69552605235,7.135855674743652,gaia_full_3458,0.2748943554954325,24.940184812854312,33.68381990713273,24.934813825322166,33.687310448909905,155.48759896408203
2645.1152360311576,3788.402660415352,2644.6755308258953,3788.514967861077,5.438853740692139,gaia_full_330,0.4538211430729271,15.996044370005313,38.74078315278295,15.984748057018644,38.743912838123904,155.48862251520947
686.9135100952537,3260.5381332227175,687.0856734743443,3259.9295615835035,7.227278232574463,gaia_full_2968,0.6324552704780734,-32.98009219716497,25.905592220872677,-32.97336864668287,25.8930778113198,155.5369258993633
1808.1050903251676,202.82677710755505,1807.7932556815128,202.92708319356848,6.222353935241699,gaia_full_762,0.3275700778071774,-6.561702923273875,-41.41690179464545,-6.570095580667258,-41.414450411337874,155.5647240731298
1538.0207723783112,271.1864170108522,1537.968469716046,271.23711747479524,7.287164688110352,gaia_full_1986,0.0728430197346882,-13.72938451648528,-39.62678459797141,-13.730628692461567,-39.62559040381357,155.58218420935665
1953.9436933322336,3908.1910788736527,1953.714252114922,3907.913709835251,7.42818021774292,gaia_full_2177,0.3599678536551926,-2.5680357280544963,41.864939632023884,-2.574186102304892,41.85864302977041,155.5846103548616
1507.3583389581322,3812.587817975302,1507.5600976841847,3812.11653118756,7.471285343170166,gaia_full_3489,0.512657604877249,-14.518626205527172,39.35920441850173,-14.511660068249071,39.34901692158792,155.5917305131491
3173.555864186643,3477.433094072729,3173.333195029907,3477.583834848201,5.997954368591309,gaia_full_797,0.2688946536309601,28.24613803758724,31.002396275730543,28.241303820325513,31.00608914328566,155.59241140832907
1827.5227369540987,199.45439047778257,1827.3158258820897,199.49308402876727,6.3900465965271,gaia_full_1021,0.2104979396757179,-6.033907853930399,-41.50459547235896,-6.039533055820567,-41.50360411977376,155.59578642901567
2038.6318378439696,182.98168879087177,2038.359806513334,182.96909361319672,6.206985950469971,gaia_full_640,0.2723227558395666,-0.2311166745652574,-41.94031585655007,-0.23863054221269622,-41.940592894395074,155.59778385215847
460.71496458972535,2970.1074040985955,460.84642953161074,2969.806418976902,6.532982349395752,gaia_full_932,0.3284434112990176,-37.204840752044305,19.38563133387588,-37.20074680922747,19.379580068179287,155.615182329473
1531.7106117854914,272.8405674790263,1531.663669476629,272.84776839404594,7.471274852752685,gaia_full_2387,0.047491404890639,-13.893574710795914,-39.58185858422607,-13.894811971495768,-39.58163750559632,155.62880842792345
1024.5431050286018,3557.114857990601,1024.6605594268754,3556.594870237653,7.593350887298584,gaia_full_2285,0.5330879841918958,-26.009429235674908,32.929899033998204,-26.004093725237762,32.91891000623195,155.63304003839926
448.9580414742808,1142.1062568636512,449.02950776106377,1142.0370673798966,7.5094523429870605,gaia_full_2544,0.0994716784254537,-37.416516989011754,-18.986146344141684,-37.415088260110096,-18.98770782925493,155.65755001953605
3614.487927672968,2999.9106337998596,3614.3632888698457,3000.0858479884964,7.532693862915039,gaia_full_3729,0.2150228898126894,36.870200082718256,20.039737381369296,36.86790811053143,20.043611785715083,155.6826215939909
3244.140520752217,3419.846064479699,3243.8276238900244,3419.977701076263,6.827969074249268,gaia_full_2495,0.3394593347147747,29.726015778408293,29.62385423742746,29.718926031886234,29.627314521185667,155.68276783407734
2552.3045198874215,3825.754439469295,2551.782498546708,3825.8110761609814,6.297233581542969,gaia_full_825,0.5250847503073239,13.639944834354138,39.69687205578639,13.626090179171403,39.69879953813161,155.71249991932694
3389.7560053998727,812.7950550634512,3389.5126769892313,812.6565065623174,7.236942291259766,gaia_full_1319,0.2800078616605113,32.65199565981449,-26.377640637249485,32.646735191480644,-26.38106597845983,155.71713775138684
739.4597917461041,3318.215198915929,739.6758564346806,3317.64544284975,6.943051815032959,gaia_full_1876,0.6093487708998712,-31.96311614020359,27.23336803057874,-31.955389681238834,27.221732085818427,155.73479936802067
2327.303790073337,3886.2098135705496,2327.483311631963,3886.4117942733014,7.978267669677734,gaia_full_1889,0.2702298915655805,7.688125931338058,41.27669706373291,7.69342630003968,41.28108888162235,155.78549638694895
2827.0578651684787,386.246783410026,2826.684776260163,386.1192383467894,6.059041500091553,gaia_full_310,0.3942880630507585,20.469545311591336,-36.66900793810041,20.46036665606414,-36.67246404651842,155.79340843003203
3911.366122236135,2125.317038358189,3911.624742776649,2125.402371466124,7.628459930419922,gaia_full_3471,0.2723349468676133,41.960119586792764,1.6088237182910707,41.96596575905288,1.6105351180315897,155.80400409872888
1016.8115334341164,3554.3073170399516,1017.191151701156,3553.8268535033526,6.945908546447754,gaia_full_1342,0.6123358871333684,-26.191193574763794,32.85364460623197,-26.179435558771107,32.844047628391564,155.81982477394357
3300.582398942951,3371.0294775372145,3300.3816979019666,3371.251113413251,6.186173915863037,gaia_full_702,0.2990039621788868,30.887022422846606,28.466338420759183,30.88312292136043,28.471469424433394,155.83296493075179
3817.634836854085,1494.3350995790356,3817.7850209460903,1494.316595872851,6.507349014282227,gaia_full_902,0.1513196901730823,40.41580269324069,-11.440000120109056,40.41926010549528,-11.44021758398673,155.84194309478232
3914.3403959601014,2039.193275368605,3914.700362974705,2039.3319295711383,7.081720352172852,gaia_full_2701,0.3857476370411422,42.01527708339928,-0.16032687768725631,42.02337219796512,-0.15747368752007548,155.90346259126585
3662.378382033716,2929.36249031603,3662.036650691723,2929.58446951934,7.778131008148193,gaia_full_3002,0.4074985604911678,37.74413926243744,18.48813797785264,37.73693965184463,18.49332124044132,155.9074765030937
183.14360782690693,2161.0817890954368,182.94756961372423,2160.755067518888,7.666548728942871,gaia_full_1703,0.3810222691789475,-41.96198367439424,2.343553467652519,-41.96625229133888,2.33679704405138,155.93163686283398
1204.192540779694,418.3651744159376,1204.4279440493628,418.41938559352343,7.672019958496094,gaia_full_2293,0.2415647969926,-21.959429477654435,-35.852557778084325,-21.95311252884043,-35.851811899972844,155.96096525826593
2605.8391121446552,3810.014763918006,2605.393664084211,3810.142988206915,6.938549041748047,gaia_full_2128,0.4635358053264519,15.023817837438777,39.275749926443545,15.012339087115901,39.27921468961553,156.0022365374801
2041.2120901868336,178.02182252181154,2041.0497424493165,178.08713175001662,7.223134994506836,gaia_full_2757,0.1749916659892291,-0.16005533904276995,-42.05196280804745,-0.16454206660047122,-42.05049072578519,156.00416922584375
3714.83087226055,1255.4509810926952,3714.876726394653,1255.328173565715,7.374900341033936,gaia_full_2588,0.131088864124009,38.67189325789692,-16.518098156695263,38.67331788826265,-16.520577040942413,156.01670263205895
3071.99793292367,533.7678114130736,3071.566815061902,533.6408383850953,6.1402459144592285,gaia_full_631,0.4494271471207612,26.087730368762163,-32.99204342885605,26.077453218754446,-32.99565929209201,156.0251763660491
442.42187938538075,1144.258408470582,442.490220962555,1144.2170132101296,7.69645357131958,gaia_full_1263,0.079900805744284,-37.56124071773711,-18.930343828922435,-37.55979141367354,-18.931320613391218,156.042188615334
3862.805729279508,1632.9304866059524,3863.1695203698264,1632.8110419003965,5.545555114746094,gaia_full_539,0.3828981523596848,41.183588756112634,-8.53950224053151,41.19201695394872,-8.541658067585217,156.06905953285275
851.9460978664185,666.4087212085038,852.2106724748171,666.3958133270387,6.699497699737549,gaia_full_574,0.2648892916166492,-29.71000971848824,-29.79355853265959,-29.70356148822149,-29.794386460894454,156.08073716045166
621.9868508533635,897.7873160201505,622.1189225726737,897.7506773750949,7.846243858337402,gaia_full_2419,0.1370595832221978,-34.26303978290506,-24.419474273010195,-34.26004526568001,-24.420506084654654,156.0853573003707
3627.305317648363,1105.45891919504,3627.431634252667,1105.402953760883,5.304583549499512,gaia_full_164,0.1381593802213981,37.129354072073475,-19.780253312565204,37.13249625599331,-19.781201046404444,156.08563832430266
398.56262597794273,2876.9481720072436,398.51215856909744,2876.503909520817,7.318628787994385,gaia_full_1885,0.4471198007260714,-38.34153014721899,17.3451504450576,-38.34130850747584,17.33584366648066,156.10632444368153
3698.830658480104,1222.9081495440607,3698.989167625008,1222.873444999629,6.117588996887207,gaia_full_482,0.1622638420053096,38.40171986441189,-17.218205277511213,38.4054910071787,-17.21867814077607,156.1449895599893
3833.674550334055,1529.8832994259235,3833.906013334064,1529.6870740415857,7.3911285400390625,gaia_full_2911,0.3034460773046193,40.707586065557905,-10.689695757884632,40.7132366926878,-10.69350263004411,156.1649981568204
3475.5620493390534,900.3386699113038,3475.412484031842,900.3121570797318,6.662908554077148,gaia_full_1877,0.1518970419700493,34.33704138099102,-24.35878404375772,34.33358958428223,-24.359637077983535,156.17683629086855
1073.9121881438575,495.5605087605943,1074.08441999312,495.6275487934031,6.552132606506348,gaia_full_523,0.1848193060786396,-24.950226847421533,-33.922590939645126,-24.94554785883649,-33.92148329121868,156.21032496445628
1506.6179915760772,3820.192487567812,1506.8140022850034,3819.646933709986,7.0096435546875,gaia_full_2095,0.5796975157807323,-14.563824181599776,39.5269732214362,-14.55673952863002,39.51513300235571,156.22781403640417
3811.738745629162,1464.5717242327105,3811.8416461289657,1464.503903917073,7.269511699676514,gaia_full_1895,0.1232400424896787,40.3462971410002,-12.060891359270027,40.3487937723612,-12.062172539379521,156.23560007744678
622.339246646194,3200.3090769130677,622.5695792474114,3199.910411378477,7.0294694900512695,gaia_full_1009,0.4604208028032996,-34.271557433714946,24.506372073257072,-34.264420532413254,24.49843960213627,156.26655710623083
885.7283721689931,3459.498417932051,885.9199034693265,3458.924002910313,7.214640617370605,gaia_full_2711,0.6055054551410146,-29.02350401383275,30.546068444963183,-29.01611975753337,30.534179726020223,156.26863920735053
2992.7030663248997,3617.223372731749,2992.4689024146787,3617.248050138673,6.959280490875244,gaia_full_3327,0.2354606363333301,24.339268190133676,34.38406440365802,24.33341190795398,34.38506214831953,156.27639385811077
1340.0163870378517,343.2373240670508,1340.1385677779588,343.4327726139081,6.850824356079102,gaia_full_2453,0.2304957000070829,-18.73355122451457,-37.739265812787124,-18.729552560881196,-37.73516977876453,156.28924031439735
3034.3229004804166,503.9904254419091,3033.9227207238855,503.83279628375294,7.577905178070068,gaia_full_2482,0.430105555693371,25.272667694758333,-33.71161473949453,25.263249965629385,-33.71582927269622,156.30023748249513
3732.5291063169298,2811.6732108419474,3732.674262821928,2812.1219242076227,7.567767143249512,gaia_full_3224,0.4716079892018278,39.00048184215376,15.934386230944954,39.00512505572848,15.943472577608734,156.3268793322977
1640.6860871415083,3864.042007979446,1640.5163591016542,3863.623390688428,5.060543537139893,gaia_full_148,0.4517167739325901,-11.075791014988532,40.66610254027718,-11.079287985751742,40.65657820086978,156.331892136521
199.509064469828,2332.7633219989953,199.38660940248064,2332.4619288011772,7.642238140106201,gaia_full_2348,0.325320001244947,-41.7261940336144,5.8777936565904785,-41.72862377704218,5.8715285111761775,156.3338693129436
3549.1516397634323,3104.606320942105,3549.0737112186816,3104.801150526171,5.986974716186523,gaia_full_930,0.2098366624647491,35.72471704328564,22.34732838630513,35.723633791598196,22.351555780714158,156.33462501725188
3874.412726408635,1664.5376331063237,3874.383234044599,1664.4548792084336,7.776113510131836,gaia_full_3081,0.0878521892297572,41.39765103027195,-7.879717191405689,41.39710630729531,-7.881442381203708,156.33759571089323
915.4578383749348,609.7183772892645,915.6963050501648,609.782004902798,6.4394121170043945,gaia_full_654,0.2468092956095661,-28.401438161863027,-31.13888391552145,-28.39522218716279,-31.13801754226423,156.33879453160873
714.0639918845015,792.5325546803105,714.258423261598,792.4754000809701,6.4529314041137695,gaia_full_605,0.2026578610006642,-32.50333711468252,-26.82643403730419,-32.4988951845729,-26.828043512456052,156.34131792891756
963.8609607927932,571.9739743012714,963.963539432078,572.0333861293411,7.364467144012451,gaia_full_1878,0.1185417333774067,-27.37036926486342,-32.04976949760075,-27.367528959720513,-32.04870436182298,156.3491961338331
1378.7702188541898,3769.640785445644,1379.2240284581244,3769.466312298993,7.708415985107422,gaia_full_3309,0.4861934137001736,-17.78577456242806,38.21858009557549,-17.77309680143481,38.21546225386299,156.35814990514618
3473.355466513493,3199.330268527084,3473.233549738976,3199.584098294772,7.471611022949219,gaia_full_3328,0.2815905731254779,34.307883448464366,24.48241757282924,34.30602924070839,24.487999734615556,156.3696475857609
1499.860024113439,275.02875766570565,1499.9236128635334,275.1131709631927,7.438506603240967,gaia_full_2552,0.1056841233639327,-14.740959726904208,-39.49061892702561,-14.738968894931475,-39.48883381492405,156.37138271244888
370.8223057829291,2832.4716143391015,371.0212592262944,2832.2385186417655,6.9192423820495605,gaia_full_1039,0.3064573000329436,-38.84619514136071,16.37945523197593,-38.84091588963858,16.374921246622808,156.37796592670978
1232.982735630755,3697.6542838688174,1233.0898031103495,3697.1076294354502,6.301440238952637,gaia_full_558,0.5570408555094778,-21.309411966532224,36.38675252322266,-21.304272399142178,36.37499590841736,156.3892997223264
2038.375862534941,173.37028030319448,2038.1552630560273,173.34515955772895,7.019845485687256,gaia_full_2729,0.2220251831431832,-0.23876965205314465,-42.15656575690239,-0.24487877780836748,-42.15712563799524,156.40121794564737
338.7597502461194,1325.83126358027,338.81716151537785,1325.7771177871548,5.3584675788879395,gaia_full_305,0.0789165429421211,-39.39970859096677,-15.000731415507401,-39.39853934993515,-15.001932460386504,156.40208354724587
881.2614584686205,636.3922397287334,881.4931081237648,636.5149050616731,7.557704448699951,gaia_full_1265,0.2621227701548992,-29.12519647554546,-30.49627596857699,-29.11890475824514,-30.494137849247597,156.42408970839685
2376.908330504886,3883.933420556366,2376.709137388598,3883.988214049028,4.569888114929199,gaia_full_105,0.2065919272740103,9.041135880320061,41.18518103190724,9.035809350631949,41.18658294800752,156.43189434196856
935.1263013763491,593.0302725187261,935.4292749251468,592.736336561723,7.706243991851807,gaia_full_2361,0.422127134984626,-27.989696069819942,-31.537802474012857,-27.983514751545606,-31.54474158326903,156.43925630810128
3893.7200061306694,2342.41228968091,3894.275378604697,2342.635836551288,7.76603889465332,gaia_full_3397,0.598675027175216,41.719665143202974,6.076547003251462,41.73245708761622,6.080807063011789,156.45801092468096
3775.1398321880806,2726.9094834529024,3775.181365337182,2727.181126749794,6.026342868804932,gaia_full_821,0.2748000786399877,39.74573426146113,14.120051394157395,39.747391249440525,14.125612658361963,156.49380351977905
2895.61117336708,414.9899823694875,2895.3529053097186,414.7525593480475,7.713122367858887,gaia_full_3498,0.3508163060106306,22.124157300088218,-35.915379266500196,22.118527111378466,-35.92104428195901,156.50095440670185
2683.7235753863933,309.07185580939864,2683.3866587124667,308.96798329184094,6.986699104309082,gaia_full_1066,0.3525653770204791,17.00939398400716,-38.605701608722136,17.000839204203256,-38.608518702840236,156.50515747032512
3201.6646756410805,625.8934596252861,3201.2762327865903,625.6145383259393,7.228635787963867,gaia_full_1835,0.4782101446371102,28.899833876699113,-30.74409378517629,28.89150850839598,-30.750877278214336,156.53547100116322
189.81455835351403,1805.4841342971383,189.74755812063313,1805.3803403568509,4.116363048553467,gaia_full_55,0.1235403304451291,-41.899614454300476,-4.963511529274686,-41.901222534613915,-4.965610292343562,156.53696651391795
3114.401059855754,3536.9487206679796,3113.888702326328,3536.9765824148144,7.266661167144775,gaia_full_3558,0.5131145241524813,27.045659969177972,32.40332861880626,27.032944223734408,32.404987489414076,156.55866251244169
3227.2549311057646,3447.0982739872675,3226.9820971416293,3447.3435407824845,6.173368453979492,gaia_full_1665,0.366870784911844,29.43510097759024,30.241171556315173,29.42950263378462,30.24698487268697,156.56360445778972
1373.1142862625045,3770.1692628483415,1373.304098497517,3769.5284884252,7.60394287109375,gaia_full_2710,0.6682967498899152,-17.93740104170445,38.22110120885763,-17.929874681149442,38.20728577514772,156.5768505907833
3905.4339287316193,2282.25113601543,3905.777051761301,2282.18737061243,7.054051876068115,gaia_full_3343,0.3489977652046132,41.92196300048745,4.834237862260233,41.92964052585017,4.832763440574564,156.58446551596154
3850.982141438682,2526.2251957839985,3851.245440015116,2526.40196743027,6.789936542510986,gaia_full_1443,0.3171346011989928,41.027891832404904,9.891701297565644,41.0341939390988,9.895088310286908,156.59622078658992
527.4006857904546,1007.4035354785302,527.4899861940457,1007.322998636849,7.007691383361816,gaia_full_1136,0.1202528375944673,-36.06641056341119,-21.93760690081818,-36.06461703417894,-21.939458541968584,156.60846338002062
2034.486858921527,3923.871309770364,2034.54683417334,3923.368543870903,7.321056842803955,gaia_full_3680,0.5063305051942512,-0.3467286562687433,42.22938718055438,-0.3450223483103845,42.21807711558204,156.6299333415636
2975.058441611229,3633.209828052412,2974.6590072770405,3633.3992684566,5.640600681304932,gaia_full_425,0.4420808230034808,23.961478087190894,34.76576013244883,23.952124719557027,34.77065867788178,156.6395070060452
3787.448951707244,1390.4438854815671,3787.537939650672,1390.3423723527303,6.9245195388793945,gaia_full_1131,0.1349954421517444,39.96775968513486,-13.621274877745297,39.97005036218439,-13.623257468697519,156.66125620617
2718.614451970145,322.4199062566774,2718.428436086416,322.3418588558393,7.91580057144165,gaia_full_3144,0.2017258183204187,17.88284906255286,-38.25587590942396,17.878233367657405,-38.25789716740086,156.66564243652482
2609.8409339584164,3816.9660196264417,2609.3595359992387,3816.819333509919,6.417000770568848,gaia_full_2960,0.5032502477702454,15.1549116223947,39.4242391311725,15.141505587255027,39.42166773403794,156.6671866130416
2134.559470449401,172.42236944940703,2134.3719302427726,172.29782543128567,7.932456970214844,gaia_full_3391,0.2251278338012785,2.424599573287714,-42.167379161118106,2.419484220339537,-42.17022573541668,156.70446446792027
3860.653552682383,2498.2499637895316,3860.8514847180586,2498.5447143952933,6.621245384216309,gaia_full_2248,0.3550422655734113,41.19696382261432,9.306720573590578,41.20196551073525,9.312607045288617,156.71082188056775
2506.3823253527944,3852.752069078942,2505.6814851554955,3853.003659980509,7.662422180175781,gaia_full_3245,0.7446307567521439,12.483715108640826,40.354413395428125,12.465483219252944,40.36085226071211,156.71345907048186
2955.2250302280104,447.15549041661035,2954.8102900470053,447.0686509687928,6.602997303009033,gaia_full_1149,0.4237340055239609,23.515375013080703,-35.10080004146443,23.50513033609764,-35.10349590285321,156.72926277447448
3496.782219297686,3178.035536874778,3496.6678617936473,3178.3390802741214,7.25092887878418,gaia_full_1707,0.3243705196454561,34.77762760733446,23.988455026787697,34.7761528091501,23.99505638513411,156.74669145065897
1466.2542930307447,3811.9977024663017,1466.5614363725094,3811.445890425218,7.045397758483887,gaia_full_1423,0.6315327078429923,-15.616765060540573,39.28850207692964,-15.60658771540989,39.27672659749721,156.7942443493216
1854.0333946846492,181.28535275068216,1853.7680776139616,181.29838247716225,6.736344814300537,gaia_full_960,0.2656368230693984,-5.329874784926198,-41.92741780245207,-5.3371802408893645,-41.92698450114805,156.79998019898215
1895.964012793739,3917.9656850277097,1895.8832216290873,3917.68949944076,7.231555938720703,gaia_full_1845,0.2877597795459681,-4.17786064178851,42.06523939509289,-4.179800587163385,42.05899876487497,156.80316591208057
3350.6982726001515,755.6747066044704,3350.3121804148377,755.5828453621705,6.687339782714844,gaia_full_907,0.3968698318054654,31.959158350379983,-27.667621272786366,31.950205155989092,-27.670373882811138,156.80470592159853
3327.093485374628,3361.383182841535,3326.7008525040483,3361.6274990835773,6.7868146896362305,gaia_full_971,0.4624402633695983,31.489354671515454,28.20608300874951,31.480903173516573,28.212092150813472,156.82683245992666
3715.3763763609486,2858.919790647089,3715.454466177668,2859.0491539556515,7.026760101318359,gaia_full_855,0.1511055428415593,38.746288890541116,16.939830548248818,38.748490204759584,16.942392074971515,156.8935491065393
859.4515810511716,3447.742585930365,859.7472356365338,3447.186879420883,5.944585800170898,gaia_full_530,0.6294611652247262,-29.618002685539604,30.23956853581208,-29.60812979617596,30.228327541864903,156.97699604311327
698.027939257606,3295.69306359356,698.2120785197387,3295.2777871657145,6.955746173858643,gaia_full_1508,0.454270601495369,-32.86480207139245,26.671236612162772,-32.858537981666096,26.662840953890512,156.98565263232115
2777.369955281951,345.672890922747,2776.8970057759634,345.43759575721106,7.431142807006836,gaia_full_1608,0.5282471487274596,19.338660920690188,-37.6460561423102,19.327200332023367,-37.65203921427932,157.01309716298863
3926.676551829282,2103.562095481258,3927.209561089889,2103.7846688970594,7.610554695129395,gaia_full_3238,0.5776138825501382,42.29895890338125,1.1601659230119958,42.311002189295486,1.1646687495071286,157.0289022761835
460.98004557988986,3001.469977403676,461.1205421777022,3001.027970678031,7.483696460723877,gaia_full_2860,0.4637987058109944,-37.308406240853174,20.03970722926345,-37.30354934125634,20.030747229137553,157.08184475424093
3756.5459347744313,2783.1930233713633,3756.654625567665,2783.4967227323755,4.70740270614624,gaia_full_98,0.3225631572466536,39.471445596548655,15.309801126699668,39.47479692174672,15.315929000145866,157.08410728215316
2731.599503977799,3771.3243715117815,2731.223604602819,3771.339588275206,7.482851505279541,gaia_full_3287,0.3762072434173126,18.225259387822458,38.229042494171864,18.21538047957172,38.22999680242772,157.10581165893922
2001.02887907356,165.55909025843553,2000.7732236880763,165.54748426033188,7.891822814941406,gaia_full_1832,0.2559186888813298,-1.2752925133953492,-42.32947667374128,-1.2823882259660038,-42.329704948128125,157.11087951282624
3531.393885734687,952.26315033305,3531.4073191658895,952.0034397025186,7.801893711090088,gaia_full_3311,0.2600578179653863,35.45142968574293,-23.15919897764401,35.45278733628916,-23.164615864099037,157.11311851109772
207.66954660379787,1675.1569555991491,207.5562947029164,1674.9640051498682,7.301450729370117,gaia_full_1047,0.2237316895993712,-41.651678013752225,-7.652266643193911,-41.65451791204512,-7.656146101147984,157.1225738177683
3919.443391368769,2222.495932358688,3919.8313334889353,2222.730091036759,7.507877826690674,gaia_full_2868,0.453132844886622,42.18991371461201,3.6017430767631584,42.19881244065528,3.606407162955825,157.12391002220033
666.2414367722678,3264.803859924174,666.3421182616833,3264.1575599692796,6.878051280975342,gaia_full_2218,0.6540950955384286,-33.494728413661036,25.953608079818178,-33.48951222963043,25.940183868629823,157.15433003570638
1777.79766669092,3905.2911562832232,1777.714307072666,3905.018928726979,5.9817304611206055,gaia_full_573,0.2847045281236702,-7.41919911843524,41.71265489362972,-7.420986391327331,41.706490953606114,157.15703873364927
1692.098069181004,3888.135275046569,1692.0334701464155,3887.761804644249,7.114645004272461,gaia_full_2192,0.3790160638796144,-9.734649208885255,41.25625401998897,-9.735521144554173,41.247841923884806,157.22981621720564
742.6263829772763,3345.377297076129,742.9352029655784,3344.625599421423,7.3650803565979,gaia_full_3014,0.8126617680587827,-32.00722197752064,27.815661886533757,-31.996337621080002,27.800381281414,157.25003518033213
338.0579022739654,2790.7636434438245,338.2067312722809,2790.2759529468663,6.246631622314453,gaia_full_458,0.5098941964398268,-39.478973333116734,15.46729369485373,-39.4741665360014,15.457419535980216,157.27256349770116
202.69472220450905,2406.887754902401,202.6459686639389,2406.617756767935,6.50195837020874,gaia_full_543,0.2743645391320631,-41.74715842705686,7.402930060086075,-41.747882775103534,7.397347955672445,157.2929014513567
1506.5150009702231,261.38362846992015,1506.5524302326307,261.2845986485306,7.309518814086914,gaia_full_3071,0.1058671583108819,-14.608499746546409,-39.80252680945937,-14.607829240798665,-39.80477572665034,157.30175514345157
3232.064780212163,639.4594546604831,3231.6022862309655,639.3504059128677,7.542350292205811,gaia_full_2913,0.4751760852571778,29.588370559499456,-30.389978582702497,29.577459906692162,-30.393288321465732,157.3354054384146
716.4237293798178,3320.858669878871,716.7318018307888,3320.2697448896897,5.97686243057251,gaia_full_522,0.664636199683126,-32.53208384471836,27.241608661956636,-32.522003216775936,27.22979418905169,157.36008424391542
2153.49964346768,3928.518461406423,2153.4292839327068,3928.3626663564246,7.191915988922119,gaia_full_2768,0.1709460785323948,2.9542171422730292,42.31836796968768,2.9521475969777415,42.314885483116505,157.3654336257935
3882.882107129557,1646.5350266052849,3883.3865025469263,1646.489034143211,6.28436803817749,gaia_full_2100,0.5064879501343028,41.61661546466676,-8.243146579323884,41.62810287540883,-8.243681374235788,157.43506001231697
182.49732587851992,2312.011361738965,182.38031644934583,2311.8400905079943,7.813622951507568,gaia_full_3547,0.2074247841361364,-42.08779511687857,5.442070873219889,-42.090257563031955,5.4384928561394315,157.44859916086858
1542.0477483550062,3847.7382855630544,1542.2569045845958,3847.0831408797294,7.246376991271973,gaia_full_2282,0.687721516651309,-13.700731268299343,40.18597092586848,-13.692962950100062,40.17168253032013,157.45272182354546
1133.8799745652102,3653.850637611945,1134.052860003303,3653.3338558684823,4.799609661102295,gaia_full_95,0.5449337070510062,-23.672870479125347,35.24346565938022,-23.66606650107437,35.23257825627396,157.45953821270646
2910.7469572900263,411.06693654472826,2910.5634957719244,410.9115953859698,6.416531085968018,gaia_full_774,0.2403934363261255,22.53279925434847,-35.97223387452506,22.528754114899478,-35.97597057760349,157.47692925602752
1726.459353809794,3899.1920357726967,1726.4449115962557,3898.795038183812,6.652472972869873,gaia_full_1256,0.3972601957306684,-8.818138939842271,41.53489340794522,-8.81766332390951,41.52599434402733,157.49196868045686
2482.826419471118,224.21696601690215,2482.4213698172484,224.27397429084135,7.085434913635254,gaia_full_1936,0.4090417648568562,11.894174440882262,-40.76147152500813,11.882993062384152,-40.76066573322429,157.51285377677354
3191.999228397262,3490.4038530152534,3191.686986609442,3490.5396141585084,6.873593807220459,gaia_full_3655,0.3404791066700521,28.764265238492875,31.241715636434627,28.757147139938823,31.24528394940123,157.53923505978906
3927.891034685279,2196.400452334226,3928.148906064803,2196.486563405965,7.695553779602051,gaia_full_3718,0.2718690218718464,42.36362107546289,3.0637211521818104,42.36947814514891,3.065407127603343,157.59723956937472
175.86829472026412,2284.5419048656354,175.75709463130124,2284.365714650531,7.219150066375732,gaia_full_1999,0.2083469502628736,-42.21035107397061,4.875103616327728,-42.21269477290657,4.871435559894135,157.6440901201043
1599.134556903958,226.4174324192729,1599.1427387042547,226.31441655682443,6.950153827667236,gaia_full_775,0.1033402621058209,-12.215115539434418,-40.69842822942478,-12.215196398579478,-40.70073309304896,157.6492504079535
3369.9216627514784,3332.8784133353415,3369.74743151917,3333.1426220655067,7.025652885437012,gaia_full_2204,0.3164850318852238,32.400686845369,27.511983022520745,32.397655492669706,27.5179408363689,157.69658153369716
3743.756324316469,2825.8988930498467,3743.6964619416913,2826.0431970572818,5.836939334869385,gaia_full_783,0.1562278799569791,39.30081298667704,16.2122971922829,39.29986361901352,16.21537399508137,157.7215620291488
214.04170559611924,2474.25822186542,213.90826919039387,2473.8292976002585,7.130640506744385,gaia_full_846,0.4492007342128467,-41.59354184907939,8.796183538039356,-41.59585158379677,8.787254086933341,157.72213225555745
566.18792779801,935.8801796071284,566.4198648218414,935.7296486345622,7.667760372161865,gaia_full_2004,0.2765038096039527,-35.432736174058,-23.50952544743184,-35.42785137893587,-23.513136258187433,157.74697964890004
3015.9742593334863,472.18331065936263,3015.5539006651697,472.0730693635371,7.315877914428711,gaia_full_1891,0.4345739906323969,24.953595419311796,-34.4370031808824,24.943394889512604,-34.440242604838076,157.76019865975454
761.250246184572,3371.4355881989136,761.5825703542298,3370.8762422024047,5.788241386413574,gaia_full_356,0.6506207017527863,-31.672806554123333,28.40745300165546,-31.66214869336781,28.396294190756343,157.7836617438374
3791.941411443417,2727.2219664453773,3792.042824428087,2727.395110569298,7.244224071502685,gaia_full_2460,0.2006576216046723,40.131316321840025,14.104088691091293,40.13409217249206,14.107526621644249,157.8240645213315
1020.9947711852876,3584.689094740503,1021.2141585489336,3584.162829683911,7.077888488769531,gaia_full_1123,0.5701628934942609,-26.22716421640556,33.51765459800677,-26.219130892567335,33.50675888934919,157.84054810830511
410.2449500787348,2937.4225176187915,410.4940169578467,2937.110392910798,7.467053413391113,gaia_full_2016,0.3993196008344151,-38.26731391219713,18.62004481944707,-38.26047850980514,18.61398361856019,157.84921906783578
3445.885481092834,837.5320722515338,3445.605669215036,837.4138104641938,7.242661476135254,gaia_full_2514,0.3037771178048498,33.89351684800177,-25.740661284177758,33.887320535674895,-25.743728215334354,157.88171398489052
1425.8687494399032,3809.334904691267,1426.0363235193015,3808.841644328313,6.271600246429443,gaia_full_667,0.5209480374738192,-16.686363247209552,39.16904300521637,-16.68002403062361,39.158402109809145,157.90409988580964
533.2277580271266,975.0409116324072,533.2476416824547,975.0807151290325,6.2519659996032715,gaia_full_1053,0.0444935736123506,-36.055052341208146,-22.625550312291555,-36.054425358991914,-22.624756263641512,157.912708113664
2330.369832197813,3911.981371490697,2330.4265702647313,3911.7076657870966,7.040029048919678,gaia_full_1689,0.2795246329411228,7.82223948534653,41.85190748265468,7.82326307637506,41.84573006696221,157.9330749831471
3294.865438267737,3408.425474655213,3294.6761021869643,3408.6494850071863,6.212449550628662,gaia_full_1103,0.2933066471691241,30.91801684612555,29.27366546820177,30.914419349250288,29.27883265488933,157.9628238331261
2448.6590590607766,3884.699544578484,2448.339269101169,3884.941814878037,7.3926215171813965,gaia_full_3436,0.401198848840767,11.004355977636184,41.132160469341144,10.996273074155075,41.13791112870233,157.975648365493
1057.6909702305811,3611.873396031526,1057.8416228200958,3611.2049615150704,7.471892356872559,gaia_full_2299,0.685201361292441,-25.424723242580786,34.18039937802851,-25.417747391352574,34.16625784308289,157.98215214311256
339.874730123106,1281.356105291282,339.9417604738578,1281.4156095540457,6.3352813720703125,gaia_full_1949,0.0896316083140751,-39.500386862775066,-15.92253427577176,-39.498669562331635,-15.921403453757506,157.9926465495125
783.9830845638953,3396.1224623984785,784.461619538394,3395.5424763364213,6.685536861419678,gaia_full_1671,0.7519172520956922,-31.23175330808121,28.979855164872003,-31.21736613320562,28.968558199093273,157.99549197707708
365.93068260754,2864.497195079904,366.1160199608519,2864.050775604629,5.286279201507568,gaia_full_181,0.4833635096254525,-39.056682117940376,17.035571490442887,-39.05100897099441,17.026617913432283,158.04712829645962
522.5720593612959,986.378734611128,522.745859718591,986.2182645443718,7.402750492095947,gaia_full_3102,0.2365527563158717,-36.26167252350036,-22.368057268291036,-36.25820595778751,-22.371743773557053,158.0586838640685
2576.8990102160874,247.7977106503199,2576.4992707346246,247.5403470568251,5.230531692504883,gaia_full_209,0.4754236766261305,14.369308898681975,-40.1185610686791,14.359389730169953,-40.124819726058256,158.10399298299401
3572.660477270141,3107.002784502843,3572.5342346903126,3107.3840758966226,5.773683071136475,gaia_full_411,0.4016470041368575,36.28829754973404,22.352771037965887,36.286820598672904,22.360980132804297,158.1280850856385
3621.7097853062214,3038.9385726206347,3621.6798187820305,3039.16485831286,4.460513114929199,gaia_full_74,0.2282612693339519,37.18043295082546,20.8406630139122,37.180572304019904,20.845432465203345,158.13592841732543
3906.2744973481167,2383.5322790536784,3906.679163530868,2383.782375171245,6.520876884460449,gaia_full_1334,0.4757129254965702,42.05375056353256,6.912805159106227,42.06322215284835,6.917656994871772,158.1464429481486
649.7550379845883,3263.1516564377735,649.8583371577622,3262.69337196366,6.394920349121094,gaia_full_1395,0.4697822670045148,-33.88326260594276,25.884801635565402,-33.878782868514406,25.87536465837353,158.15243864268112
692.1471991138734,785.9264509992198,692.3668808149075,785.8324591987039,6.803879737854004,gaia_full_1353,0.2389445716760936,-33.06155764744313,-26.92050296845019,-33.056674950135836,-26.922949203776373,158.16473175757147
2385.7557727319017,3903.017748329172,2385.3220409512805,3902.988749103214,6.471492767333984,gaia_full_2725,0.4347001410478077,9.327105028908578,41.604214884601056,9.315120782698429,41.603964998522194,158.16788295338696
499.15613890175393,3080.808097722183,500.4867100081803,3079.755085612751,5.362612724304199,gaia_full_187,1.696836459965253,-36.708557265068265,21.763615895262845,-36.673219164602216,21.744152985567915,158.17100745766157
3730.848561309777,1232.149806081973,3730.789711963191,1232.119968888488,7.063196659088135,gaia_full_2235,0.0659810859915754,39.112608976720765,-16.976387335990054,39.11134305202899,-16.977097598994984,158.17909122237958
262.2495585643786,1453.4102798148522,261.9419922867171,1453.3737530032035,7.065281391143799,gaia_full_915,0.3097276596040118,-40.82775590376896,-12.267598745655697,-40.83485205186486,-12.267985884036754,158.18212011552907
3435.1722452144936,3273.1873649104223,3434.9741044949487,3273.484878527851,6.309141635894775,gaia_full_1122,0.3574550283563566,33.7093639674759,26.11502239504242,33.70590994320566,26.12170302294707,158.20139649260082
1312.264543992277,3762.1829790828447,1312.5358855271438,3761.7167126950544,7.377565860748291,gaia_full_2162,0.5394724950605931,-19.511275222078158,37.942803704840486,-19.502163380284394,37.93304021293666,158.23698293713272
2878.583796431481,382.6062058514081,2878.14081585821,382.4902338578265,5.887487411499023,gaia_full_468,0.4579096980747588,21.826279886568848,-36.65424652230037,21.815274555118872,-36.65761589994489,158.2559907212267
1331.045911191488,322.86945543142053,1331.1183311452637,322.9685338825209,4.734200477600098,gaia_full_149,0.1227240366730789,-19.053134080928544,-38.171978192303705,-19.05081012373745,-38.16992484235518,158.2642317333274
222.833598648971,1566.644754228906,222.4806957811752,1566.3575390904286,6.258410453796387,gaia_full_485,0.4550087580136389,-41.48802269664412,-9.89542172746424,-41.49656840000444,-9.900980566346275,158.26936586002108
3344.6775260858026,727.0042056848241,3344.2918603285416,726.9268276292858,7.594728469848633,gaia_full_2304,0.3933515473499426,31.94289017183502,-28.287940112030448,31.933858099423468,-28.29040240101981,158.27473807205152
3252.0009040794,3449.62756935946,3252.53413477558,3450.706087195358,2.223691940307617,gaia_full_7,1.203135776917911,30.057277333175854,30.24261926343715,30.075515586901407,30.2644649423318,158.2902296194857
3870.119522558988,1561.041569659354,3870.3513547731,1561.017209605969,7.270565032958984,gaia_full_2199,0.2331085320208767,41.47480971860324,-10.011599838713606,41.480117644406334,-10.011872207234774,158.30602194123142
3673.798117114956,1130.9915387018875,3673.852302703363,1130.8734661252768,7.655893325805664,gaia_full_2274,0.1299123217348056,38.1234012615343,-19.168375954105375,38.125071541836625,-19.170734651484075,158.31473331921916
3878.692958731744,1589.3270965404868,3879.028623375697,1589.1916695349196,7.404792785644531,gaia_full_3209,0.3619547306454388,41.61728642372331,-9.422208137339716,41.62513893957148,-9.424677895615526,158.3337972661574
3206.5070816485186,3489.854501842261,3206.2347237577005,3490.126319762194,6.317144870758057,gaia_full_2044,0.3847905953729315,29.122005801434824,31.199020361080056,29.11653583056445,31.205415865147327,158.3370088435589
1241.3247076157031,367.2253113758684,1241.445180885993,367.3445223371441,7.1270904541015625,gaia_full_1842,0.1694846958950409,-21.21936994392192,-37.03886757919311,-21.215698235091406,-37.03648474570326,158.34815283436734
2153.3328950269793,153.6976225790199,2152.962355672534,153.6705627533338,6.381541728973389,gaia_full_1111,0.3715261058913007,2.9585899129869473,-42.583400737235266,2.9483031198402077,-42.58411984487494,158.3608728133219
1160.139818169509,3681.479352664184,1159.790999810333,3680.7915036973386,7.536595344543457,gaia_full_2937,0.7712395535034716,-23.123376446926528,35.8957838716646,-23.129226157643973,35.88013464579276,158.37153691901239
2273.8346471684895,166.84032585493046,2273.5306202402753,166.76046365362254,3.841697216033935,gaia_full_23,0.3143411272440992,6.287567562762517,-42.232062378640684,6.279277185607912,-42.23404598322061,158.406242991212
440.997412534661,2998.5823492748227,441.1142063439957,2998.259057934897,7.770745754241943,gaia_full_2048,0.343741304427904,-37.76446336102808,19.944155299878496,-37.760577102811595,19.93764095680606,158.41609333177246
2322.1711196120987,3919.0921237519738,2321.8873344738827,3919.1696168989793,6.963445663452148,gaia_full_2793,0.2941754451090099,7.609935626163969,42.01755903928208,7.602248428759075,42.01951108789421,158.4188206379016
3836.426061969363,2636.329188607517,3836.824924607645,2636.5949081681306,6.966904640197754,gaia_full_1571,0.4792684937588682,40.924568499110414,12.174340425449115,40.93426820811866,12.179339196345744,158.44128274807912
3816.9902532974584,1406.543974814637,3817.316704877651,1406.537860068974,7.971971988677979,gaia_full_3653,0.3265088426439675,40.60290037462506,-13.251211558333674,40.61037502721813,-13.250921357918985,158.4777132100712
1910.0265126418492,3939.519641545776,1910.089910478086,3939.246686438869,7.30732011795044,gaia_full_3637,0.2802209414485833,-3.8100719337141427,42.55532460098388,-3.8080394142880363,42.549213469426576,158.484107389827
3546.6103550926464,3148.1238117344287,3546.4926666553265,3148.2814307854273,5.1534833908081055,gaia_full_642,0.1967087530246218,35.83735349465829,23.263205581583765,35.83520844285107,23.26673534809359,158.50869989182522
1195.354769832774,3704.666270387692,1195.6055833541743,3704.161047271397,6.763453483581543,gaia_full_2059,0.5640548020862131,-22.31735588014087,36.46920478147096,-22.308553520652218,36.45867158631228,158.56960631415782
181.1184711874432,1716.5971453606426,180.89267868919887,1716.414005816565,6.926971435546875,gaia_full_935,0.2907272688765004,-42.195012025709666,-6.782565782063165,-42.20034959140913,-6.786167511968364,158.57026948866542
2155.9805968341725,3943.367533287691,2155.615194529901,3943.148974144354,7.662622451782227,gaia_full_3128,0.4257780444117596,3.03466062848928,42.65152257058104,3.0243159240286315,42.64672009421384,158.61225805852058
1575.1776532874696,3872.497335629206,1575.3052667812804,3872.213669972022,7.428223133087158,gaia_full_2786,0.3110488850131677,-12.881319726813365,40.77885234933014,-12.876966596212782,40.77269801828883,158.62700672541303
3892.17048047678,1624.9025221093264,3892.6900834443777,1625.0057496438028,6.971122741699219,gaia_full_2268,0.5297576500725023,41.86158762700903,-8.679639455498414,41.873184613774576,-8.677072960823354,158.64548721613477
468.74847137356977,3044.952607111348,468.89847013960593,3044.4656671296266,6.681160926818848,gaia_full_695,0.5095195537082172,-37.28585177409152,20.9594144460835,-37.28051155805542,20.94955142408253,158.64830942841988
938.8342792326224,558.5024411097096,939.1719281038428,558.5640609913144,6.6450700759887695,gaia_full_1026,0.3432255381603473,-28.06008803997926,-32.286400887075814,-28.051339104523908,-32.28580140825843,158.67131273543131
3304.6066424755004,3409.9198444423737,3305.2809177412328,3410.2338758856386,7.527904033660889,gaia_full_2470,0.7438164298652469,31.163638973023293,29.28452311979343,31.18162978910106,29.28973992643551,158.71174211077306
2691.484178630172,3809.493060840678,2690.9063825360304,3809.2063042025143,7.09586238861084,gaia_full_3221,0.6450408482697301,17.310385127109896,39.135750761135164,17.293843524008526,39.13034871190782,158.71513768439024
1824.713698414301,3932.0144384813966,1824.6639724321092,3931.716487507475,7.125307083129883,gaia_full_2761,0.3020719387257122,-6.169299897926135,42.34385459355539,-6.1702057122476015,42.337136911507855,158.72569022116664
2950.354030245088,3676.6337913231305,2949.762159898125,3676.3067358390663,5.6452460289001465,gaia_full_256,0.6762217071866505,23.526642138423174,35.75785132619061,23.509860781715563,35.7519197743122,158.74340963099326
2812.421684831543,3752.983096619748,2811.9580206780174,3753.073568836773,7.38581657409668,gaia_full_3515,0.4724083713464896,20.279527426807444,37.6863842699045,20.26773422005011,37.689204972710016,158.75831731466647
274.95397595165593,1402.49458139339,274.6804572315423,1402.3986694086486,7.370429039001465,gaia_full_1114,0.2898475445292725,-40.65996295416255,-13.332010550780948,-40.666453862856336,-13.333634918224863,158.77084699685562
3206.3669385188364,3496.234635244169,3206.0307798325857,3496.506517196246,6.036328315734863,gaia_full_531,0.4323452997395924,29.148979441227645,31.33571333322307,29.141926362808938,31.34225002401009,158.77267689177927
249.64822705282856,2628.4165778495703,249.8353943109887,2628.0799343714543,6.141412734985352,gaia_full_317,0.3851758220413445,-41.08718860493546,12.002195241977407,-41.082162595356024,11.99548837466701,158.77472769741934
2509.4761780723857,3877.685761215178,2509.072613543888,3877.853168267753,7.562777519226074,gaia_full_3312,0.4369089721135586,12.643007539356105,40.90589132102791,12.632530252599766,40.910113027868086,158.8432953531898
3598.6273915432635,1008.5446012028128,3598.7270874838646,1008.4099434897604,3.793246030807495,gaia_full_18,0.1675469494106759,36.815512880986574,-21.85338805404929,36.81838080591891,-21.856006643871627,158.84589574776183
1304.5142781507798,328.42203416491884,1304.5980731549112,328.3978580218791,6.285129547119141,gaia_full_1043,0.0872128924509373,-19.7299456249517,-38.00367150211185,-19.727839538448478,-38.00435067613661,158.85629860630624
1489.3880009561308,3846.667690153939,1489.5854392617796,3846.07297182254,7.6446533203125,gaia_full_3503,0.6266352832702766,-15.118673652723148,40.090073156353526,-15.111235895787637,40.077173823546794,158.90008868080216
2382.564408308458,3912.5167543542566,2382.1336567656226,3912.598413882926,6.929516315460205,gaia_full_2966,0.4384235056170009,9.261465360492616,41.81965356075243,9.249792235456317,41.82187597414281,158.90436116214275
296.12767370338145,2746.238759966306,296.33680265592284,2745.9393974440363,7.101184368133545,gaia_full_2064,0.3651750792849886,-40.31783261980273,14.48834590032346,-40.312229084105674,14.482462074590758,158.91257000632376
3502.4839615818464,884.1187471719404,3502.1275737863707,884.137438671447,7.601631164550781,gaia_full_3739,0.3568776161625164,35.046268004129956,-24.645470458681853,35.03769397622783,-24.64580559755435,158.92288534650828
1229.370139639093,366.3176242756034,1229.5096148541834,366.3751778891542,7.119941711425781,gaia_full_1725,0.1508832464433323,-21.535520766033894,-37.0363283447697,-21.53162197565026,-37.03533398018084,158.93028872914
3074.1628888991813,495.6787152564124,3073.756249140924,495.52764162347466,6.944849967956543,gaia_full_1354,0.4337961912749005,26.32136936963119,-33.80919716295111,26.311787391588997,-33.8133088103649,158.94861654515856
3555.4215266420915,948.7841915905136,3555.300361206227,948.8097384935692,5.364114761352539,gaia_full_409,0.1238293466992204,36.034059268772985,-23.185006269433096,36.031088164808736,-23.184711388598952,158.95381826023214
3940.520952880848,1863.8849387070388,3941.076232561205,1863.7114058481116,7.510388374328613,gaia_full_3681,0.5817638494652109,42.67005675309284,-3.7500898744930957,42.68269061517724,-3.7534312525116547,158.95945357978744
615.129530580214,856.2813920985407,615.2748877595584,856.3236414835833,7.861096382141113,gaia_full_2207,0.1513727852800369,-34.60207652630892,-25.278264708415477,-34.598417348019815,-25.277677592950695,158.96426511252412
2221.8771114130745,3941.127019998596,2221.8516847920987,3941.073477579236,6.358536243438721,gaia_full_1461,0.0592731281877711,4.865861678443361,42.5748310463557,4.865086993058102,42.57364075570194,158.97173219204078
1852.1354253146396,3938.9758180939752,1852.0791087284897,3938.735447357324,6.902145862579346,gaia_full_2165,0.2468798268668171,-5.418580103944211,42.51613422160963,-5.41980747806374,42.51070571149186,158.98690216109222
2013.887989363352,3951.495566730125,2013.6504411811695,3951.320255405939,7.306344985961914,gaia_full_3707,0.2952341430900822,-0.9240953677617169,42.84959347365211,-0.9306819214855527,42.84562678199459,158.990342807464
2270.1559065481088,3934.952456645168,2269.909594794761,3934.826777814844,4.3485846519470215,gaia_full_68,0.2765224190349854,6.198100428105165,42.40925026707133,6.191065188558847,42.40658332920899,158.9918012246654
3950.48773594466,1994.843243073129,3950.9243696359495,1994.8961587234444,6.977362155914307,gaia_full_2386,0.4398284283869523,42.83382899418171,-1.0672387508110954,42.8436433409854,-1.066108661689494,158.99469098007924
3943.7565595683104,1890.227089665232,3944.318123312445,1890.3238255854976,6.119344234466553,gaia_full_454,0.5698347804374572,42.72532183765604,-3.2097209816819348,42.73790845101323,-3.207558210291425,158.9991440687148
3534.736094506884,3171.814652243367,3534.651617848486,3172.1124606327885,6.027431011199951,gaia_full_1063,0.3095579794220429,35.65325498532612,23.78260230654562,35.65248672981101,23.7890055853504,159.0077718601481
2227.567578689324,153.01769752671026,2227.3020484408144,152.8782189669605,7.275207042694092,gaia_full_1584,0.2999342953105074,5.023905942581842,-42.56873644777773,5.016704560338704,-42.57200413526,159.03054630612317
2554.843963390459,228.82146475221805,2554.513810509875,228.5680041654848,7.014097213745117,gaia_full_2296,0.416224931479557,13.836124684910864,-40.569720671477626,13.82800950801841,-40.57579131970372,159.0333948054771
478.0925611506209,1028.5227093751405,478.2792750895319,1028.3770347293644,7.814990997314453,gaia_full_1666,0.2368189126857471,-37.14448906144108,-21.404308504306208,-37.14066384227565,-21.407694111993546,159.03813688046696
1164.348789933528,3692.860186885669,1164.6528486672992,3692.357073549607,6.936594009399414,gaia_full_2222,0.5878560559406583,-23.0670205835967,36.15167627094277,-23.05682437257156,36.14132838293358,159.04222544394614
638.4946578404479,3265.935423852666,638.7646352858021,3265.5271305118754,5.562138080596924,gaia_full_618,0.489480615687813,-34.165697987556406,25.919951129759127,-34.157419133046126,25.911927477449957,159.0571310642892
3896.0217947574256,1621.1592987677209,3896.780922142533,1621.3411194620537,6.970829963684082,gaia_full_1920,0.7805979449806283,41.95502304701361,-8.753113673491425,41.97191334362209,-8.74872226106067,159.05818602202376
2390.362844780006,181.45590122521568,2390.041546358582,181.31790868228768,4.4635844230651855,gaia_full_78,0.3496778767858078,9.476292131423588,-41.81301774373273,9.467773495423609,-41.81640597569439,159.0611666454583
1528.5592373501368,231.55845438120693,1528.5643198191872,231.71961967343415,7.499020576477051,gaia_full_2957,0.1612454120598295,-14.114269484360703,-40.49470023540255,-14.113588382531825,-40.49112803519433,159.08168482991755
2984.4129279625117,3659.60252847989,2983.8845383012585,3659.876378787015,7.485038757324219,gaia_full_3350,0.5951383241158995,24.323420089317665,35.31971808976756,24.311140975133167,35.326728520314305,159.09399131801348
142.00657688271872,1989.7795896744828,141.87984419268105,1989.816288435484,7.497319221496582,gaia_full_1598,0.131939280668058,-42.868801323577514,-1.1706690057334004,-42.87164486989159,-1.1699031204458976,159.10857997433413
3711.310180932793,2919.2451589094635,3711.15557732614,2919.249569128463,7.154881000518799,gaia_full_3355,0.1546664967659679,38.845658465026936,18.196779063479465,38.842089014697954,18.1971290717959,159.13006487459478
1496.656373851986,242.00243062355295,1496.659151445901,241.99673635110344,5.971807479858398,gaia_full_390,0.0063355952116445,-14.941362680080799,-40.2186263952989,-14.941307755155204,-40.21875661059734,159.17104233275813
1105.408947451322,3658.644948053672,1105.7143430481494,3658.2180943154663,6.250471591949463,gaia_full_3479,0.5248529169032469,-24.42618391135468,35.29046203275662,-24.41632470285022,35.28183117536146,159.17854169877356
1954.0355542392797,3951.370415345734,1953.879231833511,3951.116518708084,7.286886692047119,gaia_full_2184,0.2981613609361615,-2.59418280980692,42.83606614496021,-2.598371166591856,42.830314776399426,159.18817675743801
3885.2373754367177,2520.196914397443,3885.341327844542,2520.520028449305,6.879608631134033,gaia_full_2265,0.3394242089231015,41.79394456493225,9.734767165717393,41.79690171090628,9.741298390406325,159.21785080647274
2719.4087297677816,3803.467359185601,2718.9055583815843,3803.590648313141,7.107285976409912,gaia_full_2999,0.5180556464872166,18.030802684437333,38.95728094154939,18.017902139946955,38.96083358830612,159.2488578226846
1029.3396202492768,484.7005195997514,1029.512414793036,484.9337940320547,7.677372932434082,gaia_full_3381,0.2903014211460256,-26.133024631082403,-34.065913986978074,-26.12751342460804,-34.06124558152359,159.25853976338576
3483.4556196113354,3237.525094560894,3483.2861514660317,3237.633851212304,5.1847405433654785,gaia_full_892,0.2013640024893276,34.71088175180646,25.264713475912206,34.70730184806262,25.267348055961566,159.26805753579154
3449.1175898660163,818.1406295299084,3448.917066938929,817.9283242531844,7.773867607116699,gaia_full_2802,0.2920324893097626,34.05623504888289,-26.142123955485083,34.052360060722584,-26.147012778913954,159.27643206130622
2440.459229985066,190.9622796066689,2440.1641805940503,190.8161438892157,7.813241481781006,gaia_full_2006,0.3292564214321349,10.829316422960636,-41.55030048472468,10.821612981253303,-41.55387784004516,159.30246437407945
3783.215368583031,2788.072816966982,3783.259030539753,2788.293959380624,6.737732410430908,gaia_full_2496,0.2254114761414968,40.09806060711772,15.372081681765891,40.09969800700824,15.376580553193813,159.32807652312454
3900.769935354984,2469.5218466069364,3901.1001580710745,2469.6502693115885,4.954533100128174,gaia_full_172,0.354315443203084,42.057039062600815,8.680914870010717,42.064730469677265,8.683262199637957,159.34602525381595
1838.8832783294156,152.4752460808503,1838.6946939262532,152.59660450337674,6.516619682312012,gaia_full_597,0.2242586538669641,-5.790599823132636,-42.565863706828544,-5.795659902615266,-42.56302887963644,159.36159378108692
3508.4785593638676,883.3032564066585,3508.236355615939,882.9683498622285,7.585910320281982,gaia_full_3258,0.4133098704516686,35.19262469312492,-24.650308890097527,35.188283940571885,-24.65782581536802,159.40574628978177
424.2174303937963,1101.3472376939571,423.9117487337723,1101.3067618463049,6.129195213317871,gaia_full_373,0.308349755177717,-38.13457107598014,-19.791026367197002,-38.14184463392891,-19.791320805801902,159.41753106882035
1257.3427471422644,345.3027895902849,1257.3951613071345,345.2348217794181,7.79420280456543,gaia_full_3283,0.0858304607528291,-20.897114766314044,-37.54813475729431,-20.896041042287575,-37.54971925444773,159.423110638444
3470.072101098486,3255.6303985875243,3469.785443444493,3255.7454249483,4.566676616668701,gaia_full_831,0.3088748521107077,34.46964026235743,25.672846333918734,34.46327656114252,25.675862542936986,159.43784690538456
2833.1344049102468,3751.1188430014654,2832.8517901337655,3751.137289819007,7.426138401031494,gaia_full_2846,0.283216166493024,20.815392548742466,37.60765904054678,20.808054996643516,37.608585988271976,159.45569532455372
168.06914594246967,2369.2759807974103,168.06550458091374,2369.027612791215,7.362044811248779,gaia_full_1606,0.2483946980422725,-42.47933850703315,6.607254280184214,-42.47910578074981,6.60216553777606,159.48513123255537
3582.118221716402,3120.5099705025564,3582.006565297496,3120.735496155341,6.592308521270752,gaia_full_2548,0.2516524904443856,36.56501903407926,22.616508436148116,36.56328940129446,22.62143294236957,159.50844491116217
139.890804202913,2164.461907679898,139.74343155363545,2164.306892787948,7.6848955154418945,gaia_full_2869,0.2138885562187972,-42.937171315697036,2.4024898270229986,-42.94041699393594,2.3992836702219242,159.55298869690816
3941.869105583393,1817.395347581112,3942.412742314039,1817.3703224452752,6.825732231140137,gaia_full_2888,0.5442124147161692,42.73821603376732,-4.701037105155391,42.75049360071228,-4.701289760167695,159.55604469880817
1806.0161096400868,3939.5169438167386,1805.9433326265996,3939.1096293623928,7.343873500823975,gaia_full_3682,0.4137651005234446,-6.700618990936912,42.50007775909726,-6.701933825882928,42.490891518976085,159.58558394432612
3955.5464583197377,1952.4820235325788,3956.130735188345,1952.6920643819096,7.344416618347168,gaia_full_3385,0.6208837391794274,42.95992258110388,-1.9329776666219878,42.97299467799232,-1.9285675613732316,159.585836870359
1188.4097354707394,380.1906033741535,1188.5583711496,380.2195781503126,6.798474311828613,gaia_full_772,0.151433492609326,-22.539637303147853,-36.6550184055753,-22.535638696664698,-36.65467744545642,159.62993365580598
3701.3548860861665,2948.663435557284,3701.4163512717514,2949.061169935887,7.890726089477539,gaia_full_3447,0.402455718013189,38.71444735146277,18.823197124333838,38.717248423795056,18.831332433797616,159.72578251829157
707.7609607425292,744.6681669714203,708.1631485254577,744.7225510340093,7.0757060050964355,gaia_full_3348,0.4058480491522043,-32.87144992865822,-27.8250272849681,-32.8614391669188,-27.82474752222572,159.74501210720942
1524.4097549798284,225.03392616523936,1524.3088989729445,225.0715434073661,7.802247524261475,gaia_full_3683,0.1076428865731722,-14.248960090147513,-40.633916936578686,-14.251568281638384,-40.63294336639428,159.74727487561387
491.752228469902,995.5875011907772,491.8076798508778,995.6448064032464,7.781160354614258,gaia_full_2756,0.079741727020945,-36.951477333559176,-22.116565411977927,-36.94994530740679,-22.1154783565507,159.75802500451644
1305.982362360971,3778.342159463029,1306.1241733154814,3777.775777746096,7.545139312744141,gaia_full_3649,0.583865220830614,-19.745961659125555,38.286384951801566,-19.739769312076515,38.27421050360312,159.76581464256495
3947.2751306180135,1837.886800043347,3947.7684979280994,1837.9330610336144,4.651327133178711,gaia_full_92,0.495531413617674,42.842327117893355,-4.279343468933348,42.85340701894881,-4.278182423394168,159.7720022757451
288.75626081828534,1338.68602946736,288.6363967788543,1338.6609578424525,7.340231418609619,gaia_full_1791,0.1224580512838463,-40.51161202788657,-14.665105285710474,-40.51442972236378,-14.66545301052971,159.84853069680094
3446.572529928938,3287.0534774395396,3447.448038270968,3287.320048917035,7.723498821258545,gaia_full_3486,0.9151913513459056,34.04503600148893,26.383021060089806,34.067296454182774,26.386770342691452,159.86350358421643
3145.4538057737705,534.7787060394214,3145.104918919912,534.6066807188029,6.215223789215088,gaia_full_419,0.3889919635791112,27.931327728647652,-32.816171756952116,27.923398795231485,-32.82061741583498,159.8663787207002
3932.4715536862254,2360.4214849565938,3932.7977792585903,2360.621016497086,6.509830951690674,gaia_full_1550,0.3824081062377452,42.615949175300806,6.421671553374618,42.62356200068973,6.425543246920965,159.91572444380816
527.1779400167129,945.8178651237538,527.2478230879397,945.8198721092236,6.855963230133057,gaia_full_1004,0.0699118847890504,-36.315971380940624,-23.22436379033779,-36.31430940190285,-23.224461233962487,159.91783405362887
143.07529266247397,1845.9856284776372,142.93444727912038,1845.8745804338591,7.475086212158203,gaia_full_2335,0.1793574365309491,-42.918005344594064,-4.112153082099494,-42.92126719036017,-4.1143647079919035,159.96337779669025
1633.2212037102388,187.82591957260732,1633.078413175125,187.86569610695415,3.6017847061157227,gaia_full_11,0.1482272228800595,-11.395758835791753,-41.598024767192896,-11.399565705500168,-41.59697688657579,160.01049569229392
727.0478646872598,3373.1267715262097,727.1943957438834,3372.385892788217,7.870578289031982,gaia_full_2575,0.7552301999824922,-32.51361424799582,28.36968413011154,-32.50657130991859,28.3543391298915,160.02714484853416
758.9462287452368,3403.565275869065,759.2467082790488,3402.9742369373985,6.494546413421631,gaia_full_669,0.6630346665033592,-31.87895351263397,29.083575894906023,-31.868798340326887,29.071711850077048,160.0331226750907
3721.9840772575094,2921.6510274744223,3721.9093744135807,2921.8915276225143,7.212541580200195,gaia_full_2346,0.2518349382498431,39.1011751463418,18.228655430991765,39.1002523408906,18.233758109433275,160.0552639288023
140.80788920501433,2240.978255833162,140.64153006123388,2240.775457482133,7.540937423706055,gaia_full_2720,0.2623023749407613,-42.96359855710102,3.9673580350540094,-42.967191136250754,3.963144703303541,160.0804729164478
182.25203789117091,1631.2543167214371,182.1128501330793,1631.179344640002,7.426553726196289,gaia_full_2530,0.1580950505148363,-42.294457635429055,-8.532571781584895,-42.2977318453455,-8.53398836578245,160.082237451001
3105.6637637536296,502.5224977179549,3105.219197660612,502.2814699122987,5.643579006195068,gaia_full_210,0.5057009137430284,27.0857837970033,-33.59486228080028,27.075718140500207,-33.601001601716426,160.09060898296292
3072.139299973229,3615.08578257823,3071.7717077481784,3615.26499781352,6.536102294921875,gaia_full_1973,0.4089524966027067,26.351072375376745,34.174853893068025,26.342602600308176,34.17949875953456,160.0927163934912
2859.7346528534217,3745.20571711982,2859.0827253337293,3745.418189540167,6.7502007484436035,gaia_full_1559,0.6856777817171451,21.486486202720283,37.42842895786942,21.470369684874424,37.43431078807048,160.09845706402666
3900.452198986243,2505.689704260238,3900.766506228592,2505.8165489588446,7.282420635223389,gaia_full_2501,0.3389374870944633,42.11246542625539,9.422709317999816,42.119820739173484,9.425013102822158,160.12449345155443
128.9715489854571,2018.1155298235255,128.86612378678387,2017.93729963009,6.107809543609619,gaia_full_445,0.2070760110862561,-43.157292030716135,-0.590167088942584,-43.159684618088455,-0.5938022322761999,160.1331232681729
275.178797839675,2734.798444957098,275.40256896387723,2734.413126651215,6.34876823425293,gaia_full_747,0.4455824422880864,-40.766997973564045,14.22376393439698,-40.7608392756182,14.216140660443784,160.15176013516523
519.4094525887573,3143.942241391925,519.595668904486,3143.6162562476675,7.063535690307617,gaia_full_754,0.3754235348513187,-36.48233324396644,23.120361565395072,-36.47659014039091,23.11392996772188,160.2054938365697
3566.163564296485,3154.035190983546,3566.0900678795156,3154.3339724962025,5.810496807098389,gaia_full_764,0.3076883416913585,36.32452413274671,23.34789703331563,36.32402029912827,23.354282885789907,160.20813955632954
3756.234201010501,2864.392556017629,3756.244985162919,2864.579653510171,7.629279613494873,gaia_full_3330,0.1874080298675247,39.70671541525711,16.988731128589663,39.70755612784541,16.992577670469835,160.2330825918901
3264.542743579725,3468.6751725917197,3264.403358544323,3468.8826550088006,7.215704917907715,gaia_full_3317,0.2499542788026443,30.458018360148078,30.621059802310057,30.455579760325488,30.62578251014582,160.2349372138236
3727.1262921067514,2916.56443405404,3727.246386543219,2916.931036937018,7.745219230651856,gaia_full_3738,0.3857724037283995,39.20329399505375,18.114757726190955,39.20730533808586,18.122138689857742,160.2411133397148
3966.02070221546,2016.0161315667572,3966.509768138386,2016.3076215423223,6.079776763916016,gaia_full_829,0.5693433786586339,43.17986730587233,-0.6329970967088865,43.190836044769746,-0.6270105830389332,160.2504218909517
3109.3064141527225,3591.0437967878784,3109.0039689469077,3591.228697618034,7.457504749298096,gaia_full_2663,0.3544875449329538,27.175783113375545,33.57769375501291,27.169041437829616,33.58232114939461,160.25418564314631
3257.0386536751616,618.3613266011162,3256.6428250722083,618.0752056798203,7.194311141967773,gaia_full_1531,0.488411163385062,30.306247265191544,-30.785826489049263,30.297842698064322,-30.792791001809032,160.26389644332747
128.62725640561607,2116.965422268145,128.51337059022717,2116.880794355631,5.467689037322998,gaia_full_213,0.1418867947458928,-43.1730820550831,1.4294499011750033,-43.17562148341372,1.4277042980992498,160.26464274049184
3858.488496298406,2638.6611546238423,3858.887581709446,2639.0057891071647,6.29050350189209,gaia_full_807,0.527296967940887,41.43282416875649,12.196043274169577,41.442720459799204,12.202642942704822,160.27455902280732
1564.084896069985,3889.4829524315337,1564.5196830348432,3889.0047583653063,7.138169765472412,gaia_full_2752,0.6463043167004757,-13.237535402510742,41.14268381007183,-13.224117460882667,41.132609521108094,160.29024196094008
134.88540490727425,1883.395214994464,134.74914407425354,1883.160536665761,7.785500526428223,gaia_full_2089,0.2713686285817464,-43.07551412326051,-3.3443170599611296,-43.07873508504198,-3.349066096492658,160.2998934029652
2936.5374133743258,3704.517056868296,2936.0742549577244,3704.685554178164,6.742866516113281,gaia_full_1956,0.4928560259358847,23.29988360244621,36.39151904593832,23.288667784293082,36.39611092502901,160.3018371472495
152.33805744429608,1754.7045054144858,152.1695245088581,1754.635270227864,6.2991180419921875,gaia_full_746,0.1822000587098635,-42.79814225447901,-5.983659067590914,-42.802025900043795,-5.984972536769069,160.33593579225294
1345.669812762064,290.08993932468707,1345.7549981772092,290.1930337492661,6.418142318725586,gaia_full_1242,0.1337348695469001,-18.802503786375745,-38.91792705833693,-18.799802625616238,-38.915807484719956,160.33762399056397
692.5462469923983,3343.9316747553635,692.6660409097788,3343.194055362457,7.611620903015137,gaia_full_3714,0.7472837154874584,-33.21539002779244,27.678090715403425,-33.20905967794352,27.66279237558198,160.34616806436807
944.0453388053124,3563.395534265163,944.1868684175168,3562.5911844786897,7.626278877258301,gaia_full_2935,0.8167063181647908,-28.064944419053887,32.89591240079628,-28.057428353246973,32.8789747035069,160.3536585766243
1738.5336510947996,3936.486169385736,1738.5202854908816,3936.1330492603806,7.292503356933594,gaia_full_3451,0.3533729790166705,-8.567141650580647,42.380244690895445,-8.566733276526794,42.372326922445886,160.37754979734774
1907.8235983518605,3962.268996883606,1907.79760882694,3961.982445483562,5.799631595611572,gaia_full_529,0.287727579965542,-3.89447427954072,43.06581200901233,-3.894905859346424,43.059360837327624,160.3979663737784
213.50727093219945,1511.8710611441877,213.2741636371436,1511.8906920421484,6.520656108856201,gaia_full_721,0.2339324329010348,-41.80871040343753,-11.010435555171933,-41.81396939758024,-11.009778219881074,160.41274197973087
3472.522654721056,3270.0603013531245,3472.049291881717,3270.0692435524024,7.124751091003418,gaia_full_3605,0.4734472944211997,34.59241716610568,25.970772039451635,34.58109653894935,25.971964767438237,160.4458545305103
3950.160955841267,2297.0259087522963,3950.557902608747,2297.0808517617643,7.163757801055908,gaia_full_2547,0.4007311698661815,42.9445173199511,5.114560722722845,42.9535229500693,5.115476685136862,160.47922205811756
3480.0443049307755,831.8966561750084,3480.087035783953,831.8803387349008,7.682793617248535,gaia_full_2146,0.0457404051681545,34.73731954020297,-25.787790950600037,34.738416714806036,-25.788042927038006,160.50527153162378
3405.3197969014623,3341.6215788633463,3405.190437938869,3341.908926590218,7.572242736816406,gaia_full_3473,0.3151229241765994,33.2983505592239,27.620972521977933,33.296551437867244,27.627312753982192,160.51161664333506
542.9840926438553,3180.7360116609375,543.2474301420093,3180.340298498889,6.9956583976745605,gaia_full_1963,0.4753267765995757,-36.077088715698274,23.93624726698929,-36.06916231594133,23.928516670425985,160.58146920914228
3499.6782346591076,3241.274237305469,3499.636910255846,3241.404846480159,7.423981666564941,gaia_full_3373,0.1369907398992932,35.11519490309803,25.309516122180508,35.11478168645119,25.312340568271125,160.59021551191722
2697.5052565891488,264.3051053453204,2697.105864884281,263.8778096941069,7.812452793121338,gaia_full_3008,0.5848891411739843,17.551758357200143,-39.57162514205526,17.542780238018864,-39.581705352283905,160.62012619452022
3656.512505726756,1055.967631402119,3656.560925977551,1055.8491577504246,7.156445026397705,gaia_full_1733,0.1279864322217247,37.991855766329515,-20.75746138811848,37.9934367632305,-20.759830905251988,160.62060944483906
584.4629577408601,3231.9534718496425,584.5816571888988,3231.3929539744113,7.598904609680176,gaia_full_2771,0.5729483811115844,-35.30987781956035,25.093532706026195,-35.304588095745224,25.08204033598924,160.66562692810982
2099.9792605746547,3971.4316849013226,2099.8268075857827,3971.194045159097,7.445042610168457,gaia_full_3545,0.2823376717708092,1.4863536578560752,43.29566123798367,1.48198272203408,43.29033842092301,160.69676231319292
2625.0351552554384,233.50369127288937,2624.6020327406663,233.3816913797864,7.6016669273376465,gaia_full_1947,0.4499767624218407,15.720648223921074,-40.366387190836505,15.709390759399337,-40.36973929287947,160.7075165499579
3302.8875238516566,651.1098358356546,3302.5383731217507,650.9520033619931,7.757537364959717,gaia_full_2829,0.3831674854889577,31.27858225422856,-29.988321040326934,31.270756249255044,-29.992444586221303,160.74631289033957
1766.9216883156162,3946.8775083838254,1766.985599495608,3946.324643413088,7.439032554626465,gaia_full_2340,0.5565467768270853,-7.800952867963028,42.6364528143055,-7.798054283930493,42.62411453583105,160.75563944710427
2285.551670513176,3953.869663152416,2285.2179429017165,3953.659657467049,7.164625644683838,gaia_full_3685,0.3943050932169331,6.657909641252114,42.823693829995236,6.648240250002426,42.8192086074504,160.75816227170793
2594.336050345235,221.3792282235297,2594.118607207498,221.2675487175015,7.298601627349853,gaia_full_2618,0.2444459658403779,14.933368044005388,-40.68020355119863,14.92786727707765,-40.682992841008605,160.76943755142588
3947.175262714067,2338.2459972042716,3947.472538991286,2338.288191381019,5.73956823348999,gaia_full_1688,0.3002557802086366,42.92135740565289,5.958848744908955,42.92811511168046,5.959530557460837,160.78621365172992
194.159034340144,2536.810917494348,193.9037529860027,2536.315524794384,7.025082111358643,gaia_full_885,0.5572992884883246,-42.15676628200784,10.061059641066178,-42.16160332985151,10.050653066843912,160.79808386110503
351.28218660854907,2903.979941655417,351.4167322689841,2903.5677518186912,7.8586859703063965,gaia_full_3063,0.433593122918089,-39.522483775497015,17.82849136535158,-39.51800198181823,17.820200434957957,160.82442757736823
152.43136946553966,1718.270398252232,152.7615503935258,1717.9430322961352,6.769940376281738,gaia_full_1428,0.464960121319015,-42.84082637902478,-6.728743434987675,-42.83379522265763,-6.7356626506966855,160.86169929600425
2026.3106644773015,3974.953517615708,2026.1853724167845,3974.802680793563,6.822035789489746,gaia_full_2545,0.1960863262528802,-0.5810090474681541,43.37833441363817,-0.5845039103935576,43.374933134885474,160.93112932134673
1999.5329116018836,3974.5614436360265,1999.4188243998549,3974.46830360841,5.875215530395508,gaia_full_1370,0.1472784926971943,-1.332830571450306,43.36687156557038,-1.3360005504174883,43.36476047465053,160.95511160630514
2404.5614063420244,3932.214917829984,2404.0210552903536,3932.4425818892887,6.73435640335083,gaia_full_1910,0.5863532919159877,9.916617657359366,42.239111806573085,9.902245960267297,42.244737720813426,160.97157115696027
1074.392555085748,3662.5294556897265,1074.5638694953418,3662.070093485206,7.441596984863281,gaia_full_3183,0.4902675411204867,-25.241070662976256,35.31028623603183,-25.23442835412512,35.300715425852054,160.9820252644549
1512.3864655843267,3881.8548259642344,1513.3186416538456,3880.334436328364,7.177088260650635,gaia_full_945,1.7834059743775084,-14.620590751160247,40.90318308081001,-14.589845375805355,40.870772764772425,160.99770322410728
3825.698401742667,1350.7340349036624,3825.6517184414633,1350.5352766052113,7.491791248321533,gaia_full_2497,0.2041670683887898,40.94745212906402,-14.388434794250948,40.94692466832477,-14.3925872686229,161.01965300153086
3805.6210219796176,1307.3194768117494,3805.813536411065,1307.0821871575265,7.821296215057373,gaia_full_3122,0.3055620825899258,40.60879365609124,-15.3105155369675,40.61390184904468,-15.315116479160729,161.0301067361554
2680.2187658197686,3842.296538585742,2679.927589723474,3842.501360780592,7.060826301574707,gaia_full_2424,0.3559995092083051,17.138337242364038,39.87786823344662,17.131325532975758,39.88286061123031,161.03365666871412
142.987701394778,2334.806985001867,142.6479050630876,2334.5571683374355,6.407355308532715,gaia_full_423,0.4217462659678934,-43.003999978006206,5.886245643115399,-43.01138270907415,5.880936821334847,161.05244053622516
1947.9612821102608,120.94808412505483,1947.7004470019697,120.92327904258514,7.799628257751465,gaia_full_2532,0.2620119192587702,-2.779567966965454,-43.32199203043564,-2.786905388766641,-43.32247509775476,161.05411679141577
1291.9610539522084,306.7131597920827,1292.0475394686523,306.82529079048913,7.0774736404418945,gaia_full_3046,0.1416089875616129,-20.155998805468748,-38.4571391002175,-20.153212268278843,-38.454840073153946,161.06791761789069
175.60619153163643,1610.595333928457,175.28413562354217,1610.102303506961,7.213475704193115,gaia_full_3414,0.5888964293140188,-42.47973238504615,-8.94973290875468,-42.48788077375004,-8.959531990734884,161.09212120519686
3551.587111309541,3188.4042206984477,3551.5550286743382,3188.640916762459,7.332561016082764,gaia_full_3270,0.2388604659626311,36.123247693668176,24.09527225865403,36.123496016867755,24.10028238044817,161.10226016406943
296.86733168261867,1287.1445432870707,296.79575987308544,1287.2829349546612,7.922961235046387,gaia_full_1983,0.1558036507220646,-40.47277668064589,-15.738584520190601,-40.47401216205145,-15.735626397334157,161.1033290598222
1694.9434513981807,3935.522804525002,1694.6916837245697,3935.238885380936,7.89389705657959,gaia_full_3717,0.3794694214855326,-9.772603437249717,42.31849814123163,-9.778862251462092,42.311903415866524,161.1104931610209
217.95572236847255,2622.4133249920815,218.31140023391595,2621.9772990267443,7.807673454284668,gaia_full_2144,0.5626947542092455,-41.79555047447431,11.84174806920771,-41.786461174035665,11.83322338255809,161.11947119077652
2227.9395993467397,3966.419725069464,2227.8877350814146,3966.2788320724712,4.486921787261963,gaia_full_109,0.1501357339855439,5.067974510056767,43.13990787383669,5.066333388211394,43.136770213778455,161.13293183980878
2480.2500749066444,179.67143386441538,2479.920427112306,179.5114412807693,7.358094215393066,gaia_full_1403,0.366422290716665,11.954553149715526,-41.757363577426425,11.945969287189182,-41.76131974848308,161.14426319433744
3700.417073653134,2981.463201152601,3700.399545372479,2981.707966483461,6.53621768951416,gaia_full_2776,0.2453921510841746,38.80822872565155,19.504221285272315,38.8087012727587,19.50932044602275,161.14489819081876
3032.017592975784,437.72400969658145,3031.5574335487177,437.6256433985018,7.095777988433838,gaia_full_798,0.4705556576174248,25.528700609261556,-35.14890134466778,25.51739079141135,-35.152002349265,161.14795681974374
2127.5386146387436,3975.892029790733,2127.4210161331152,3975.527158268778,7.477366924285889,gaia_full_3712,0.38335445224999,2.2621525826111593,43.3906733165137,2.258629054207298,43.38249396119501,161.1625475072349
3674.908580419491,3021.5746172796416,3674.900557560536,3021.92859745353,5.505725860595703,gaia_full_333,0.354071080112306,38.36024719705212,20.38178700954934,38.361382665690755,20.38914147416125,161.16983124610618
1259.8723487044542,3772.912456419695,1260.1436639466692,3772.395726429186,6.951754093170166,gaia_full_1890,0.5836281725113425,-20.939223151190347,38.08265346976986,-20.929726178014146,38.07186179230379,161.1786835477887
428.75535324631727,3037.140135788156,428.7913848234764,3036.8343967551914,7.615839004516602,gaia_full_2034,0.3078548859944649,-38.192840082012246,20.72261483385118,-38.190838188922754,20.716339548366932,161.18665670627703
3552.441166481346,904.4277334376674,3552.172170595092,904.2704528749882,7.552081108093262,gaia_full_2854,0.3116022500210076,36.14853343759856,-24.11790924703162,36.14281372769964,-24.121748809418584,161.20607710141923
1109.8632448386431,3688.706476435455,1110.350833524497,3688.45342531676,2.725079298019409,gaia_full_16,0.5493428758482567,-24.455696639226257,35.95113157150692,-24.441879252698918,35.94666177482179,161.2660948675051
2739.436076956969,3819.491837083398,2739.0059498678224,3819.78545849502,7.089335918426514,gaia_full_3223,0.5207905972467037,18.631260586984606,39.27605341355993,18.621017375606385,39.28325802435665,161.28097395120665
2583.4911461302577,3883.074102934675,2583.0469385977535,3883.284901764935,6.864992141723633,gaia_full_1458,0.4916873791063082,14.676022342799417,40.92756199747378,14.664683534374413,40.932870602523536,161.3081171269985
3819.836494312125,2763.8157791625263,3819.949283202139,2764.2742519247977,6.571675777435303,gaia_full_658,0.4721425711109933,40.86994963920897,14.819353995608122,40.87382532794611,14.82862114781921,161.30832033096712
1389.3160760436813,3836.2226257119346,1389.617196258775,3835.505564696063,7.472985744476318,gaia_full_3336,0.7777209553693852,-17.770851325524465,39.703635404680966,-17.759827190088043,39.688333634708414,161.30907486040437
2120.1036070095097,3978.2081571658264,2119.9093506971267,3978.036899113402,6.6192145347595215,gaia_full_1220,0.2589687923686425,2.054621107428847,43.44442609027894,2.04906776913904,43.44061504795553,161.33937975993243
3970.717760737639,2221.407098647434,3971.013955998554,2221.4016720257414,7.083270072937012,gaia_full_3411,0.2962449675718842,43.344098459383204,3.5608143730545887,43.3507662496087,3.5605949439193467,161.3684264852308
1111.8578547112488,402.81662022438,1112.0206080305632,402.9600360102813,6.2939677238464355,gaia_full_713,0.2169256337861529,-24.41623938156835,-36.008952101142434,-24.411337883214518,-36.00618257939568,161.38513549506146
1969.0444075849823,115.44120991134751,1968.8417451187584,115.30761455448352,7.911757469177246,gaia_full_2836,0.242733999661162,-2.191178418790999,-43.451248977180754,-2.1969529914916106,-43.454207957315084,161.41652453603132
3891.828521247436,1507.8223790090856,3891.963107838797,1507.7001884529257,5.952686786651611,gaia_full_1437,0.1817803140845647,42.075047692263055,-11.080972459060888,42.07836867281032,-11.083326917068904,161.4307826782491
3637.575028916935,1012.4422193209308,3637.851615657162,1012.2547298977042,7.724678993225098,gaia_full_2840,0.3341444428549618,37.71582871033869,-21.697496400353717,37.723067292486796,-21.700855911430164,161.45327686557346
771.4565996538785,657.4002559677663,771.89123367345,657.4672141698561,5.3038716316223145,gaia_full_239,0.4397614487378058,-31.731295365212784,-29.811172464300377,-31.720289144414775,-29.810725148193303,161.49159592425852
3370.4305594039993,3391.374602974272,3370.3366871781745,3391.6704925617955,7.762811660766602,gaia_full_3526,0.3104233283536394,32.68497043142489,28.747661032509225,32.68409935273676,28.754119701705292,161.49984873344673
3198.445524933371,552.513166569699,3198.085047004597,552.3886664367069,7.340210437774658,gaia_full_3130,0.3813720234209243,29.172734050369947,-32.320092644649876,29.16433439303006,-32.32355557812251,161.5135218251136
396.9926518893146,2995.895673994398,397.11128073544,2995.486925551243,7.341593265533447,gaia_full_1834,0.4256149585182534,-38.78113374540162,19.80918803398522,-38.776873097722806,19.800941240907196,161.5285408840082
3973.089239240618,1878.008796811577,3973.5515724593656,1878.041835047293,7.5511603355407715,gaia_full_2886,0.4635121683156427,43.393809515214,-3.449432161894187,43.40420025835183,-3.4485934995336596,161.5325556060201
2817.5978668604484,308.7926372589187,2817.261842205642,308.6158898371907,7.835071563720703,gaia_full_2876,0.3796738333428135,20.55836297331576,-38.38277298249492,20.550273178133807,-38.38727068915576,161.53591610696347
2611.5133600120616,3875.634935563904,2611.167488066722,3876.0773543008345,7.393918991088867,gaia_full_3108,0.5615707803653953,15.410646175896684,40.72185007019676,15.402898392711169,40.73216455797747,161.55560657397905
1345.794074186905,274.84680213434876,1345.8356503955256,274.8301377099249,6.116301536560059,gaia_full_537,0.0447915635432315,-18.863971535488965,-39.253313568639776,-18.86293304922279,-39.25375287473065,161.56876187556065
2464.520967772213,3924.029186732328,2464.0064074394095,3924.2062023222607,7.645262718200684,gaia_full_3703,0.5441570133465842,11.55023666212036,41.99199978348442,11.536566932910935,41.996539514400304,161.5744841094426
111.5031220499404,2046.0410839796673,111.30573808583222,2045.91282761947,7.737306594848633,gaia_full_2920,0.2353935496527926,-43.54868158714212,-0.0195574141556233,-43.55312324971892,-0.022172792432456765,161.5776072417073
3709.2694581003793,2976.6114863680273,3709.304186311773,2977.0470720122635,6.473984241485596,gaia_full_1978,0.436967850226104,38.99690714420578,19.387947059934174,38.999280192567454,19.39689649779169,161.59074215661113
331.3637292526608,2886.8929091458044,331.62298827125164,2886.5385750768287,7.363779544830322,gaia_full_2187,0.4390533807609172,-39.92700496472289,17.442710017579383,-39.9198521857267,17.43582918562079,161.60859741959186
2418.6188342708465,3936.557808449381,2418.0921075546303,3936.733553602917,6.564828395843506,gaia_full_2307,0.5552723589080193,10.316936285252245,42.32188194411552,10.302817739038733,42.32635396637463,161.611388901073
116.4842223927266,2188.642405510186,116.36071494735256,2188.4643726767185,5.743537425994873,gaia_full_475,0.2166789764958989,-43.476563449196206,2.8900074831210554,-43.479243843992265,2.8863389474633396,161.6585327805599
240.1960132481492,1397.938020077659,240.0294524888941,1397.792635594512,7.8067307472229,gaia_full_1880,0.2210862602325218,-41.46585794176784,-13.380502349799277,-41.470036479180756,-13.38326706028673,161.6627966645346
1416.1621174042386,243.5166553832607,1415.791292447782,242.6415240534625,2.089977502822876,gaia_full_1,0.9504556763603296,-17.107028855159555,-40.06243263461517,-17.120534139890093,-40.081146073846845,161.69408952457252
700.4309607006142,721.5238766367337,700.6454031856483,721.6980513694507,7.57464075088501,gaia_full_2944,0.2762651206806071,-33.15830898258072,-28.297427759836477,-33.15226164942057,-28.294230021165692,161.69515118077155
3914.494505181199,1569.8643233274513,3914.9895652880896,1569.7412996894354,7.307704925537109,gaia_full_2806,0.5101169718260422,42.46503690472767,-9.78692551721043,42.47650070757584,-9.788953902044442,161.71391142707748
590.0687773900545,3256.524794295897,590.3613884456995,3256.0041018623424,7.828455924987793,gaia_full_3701,0.597278695624515,-35.28475600189322,25.620018174250337,-35.27541272243737,25.609739092014483,161.71973058556532
3618.8976021163726,3112.275140685533,3619.1963867377513,3112.727524234129,7.917840957641602,gaia_full_2408,0.5421467744185154,37.399143434993206,22.372585565565533,37.40801834976639,22.38140149867989,161.7228578125732
1314.505385635173,3807.4950230213,1314.7968188538916,3807.1049840341966,7.275725364685059,gaia_full_1779,0.4868919104207784,-19.64710032160607,38.94144518121495,-19.63762985112055,38.93341396782428,161.7722218941899
3022.47530833546,3670.6216069009106,3021.98700017916,3670.9575158815633,6.857399940490723,gaia_full_2900,0.5926885343855048,25.354516978084067,35.47913102537547,25.34362789655118,35.48742918710475,161.78114960850422
120.3223587135106,1852.867932938021,120.2213128335552,1852.7293930488613,7.316139221191406,gaia_full_1908,0.1714746941807151,-43.425257008889844,-3.962161848089544,-43.42764086265925,-3.9649468330515423,161.78215726239807
3487.539371843255,3275.0498501987936,3487.4135771355104,3275.339434329305,6.844714641571045,gaia_full_2647,0.3157265860527488,34.97533357776722,26.043338323746713,34.97362808432942,26.049679893384294,161.78469623833612
3942.138215673862,1670.910573640114,3942.5680266735526,1670.7446524589857,7.338101863861084,gaia_full_2676,0.4607247918250103,42.919964200493844,-7.696293487666691,42.92993225535659,-7.699346062000649,161.8067508743168
1291.8510064290542,297.22130911147417,1291.8313226438336,297.376735728672,7.414366722106934,gaia_full_2232,0.1566680718403257,-20.201227220969933,-38.66496214474089,-20.201052883031725,-38.661519675548895,161.82957213720908
867.4938021948373,570.0288686766405,867.6722140752875,570.1540289284701,6.884860992431641,gaia_full_999,0.2179355127642598,-29.786191654250402,-31.883518688560702,-29.7811158909042,-31.88125067506894,161.852251536204
1182.0619318770944,3740.01329688088,1182.4120261262908,3739.472390289089,6.969098091125488,gaia_full_1844,0.6443181856528603,-22.82810502263064,37.213060571796504,-22.816376359767098,37.20199119981564,161.90522782021358
3985.4222041277926,2109.6095612759395,3985.850309416709,2109.7230476739164,5.7830963134765625,gaia_full_858,0.4428919743273568,43.62232542158194,1.276527703003248,43.631987522148,1.2787846399205969,161.93967158177992
1286.3306616904315,3796.007293602039,1286.6153440105963,3795.4850540854345,5.488976955413818,gaia_full_827,0.5947925151832072,-20.344149097812025,38.637816419523055,-20.334248674364837,38.62690576712438,161.9453612983589
3973.9975260676024,2252.418830810675,3974.4041441454456,2252.4630096010474,7.798609256744385,gaia_full_3531,0.409011034994957,43.441458998556165,4.192275916939344,43.45065775265301,4.193000983906829,161.94627058126792
2738.2916364223565,3828.801132690093,2737.886578323335,3828.883039627658,5.841612815856934,gaia_full_830,0.4132563490186694,18.640269759674766,39.482821472503005,18.62978043030132,39.485329356329096,161.97257349897922
3702.463709353413,2995.9251936893884,3702.4625281839126,2996.273268702126,5.438675403594971,gaia_full_329,0.3480770168422705,38.90845572296407,19.799857154974273,38.90970511240004,19.80706159478152,161.97787946763682
154.68720090628722,2446.3557221762094,154.6781293375302,2446.1576533279176,6.985698699951172,gaia_full_804,0.1982764787445569,-42.89193803301993,8.173959849433995,-42.89182860312201,8.169905339097102,161.98516438192334
3666.542864985349,3051.429675868488,3666.574756708396,3051.6129306682583,7.542307853698731,gaia_full_3377,0.1860091493387349,38.277895677173596,21.016526697517723,38.279350203133575,21.02026558065718,162.0150657494523
1063.98490846069,3669.5437970119856,1064.253257690012,3669.038171499661,7.202692031860352,gaia_full_2569,0.5724233290068216,-25.542901486188185,35.43975361261423,-25.53349475579013,35.42940724291662,162.01685119498288
117.9798062866407,2246.5685517447787,117.77374941409334,2246.4813769045268,7.587756156921387,gaia_full_3572,0.2237384354484997,-43.48230665949154,4.072083828162205,-43.48688000345531,4.070219149359132,162.0369476060111
345.97129214665244,2923.933758503915,346.09489816925816,2923.5642320320744,7.332103252410889,gaia_full_2189,0.3896514624834784,-39.712684690974356,18.231505212989035,-39.708557740137074,18.224091342695427,162.08839775524078
3215.6134088145172,557.7705379624986,3215.8921966762173,558.1096423133722,7.994251728057861,gaia_full_1279,0.4389925199963125,29.575740783802065,-32.16942297670466,29.58100296388972,-32.161561848110644,162.11024995209965
2660.9488893091984,3863.3044139367394,2660.536618538952,3863.821534697662,5.9690260887146,gaia_full_1119,0.6613479185552416,16.702447637834,40.372767687084824,16.693354228132037,40.38485068673265,162.11884355958728
134.44923220508034,1732.737009154324,134.38207839911547,1732.616564811463,7.259510517120361,gaia_full_2702,0.1379002298141043,-43.22842514495708,-6.42113819329325,-43.23009242439002,-6.42355212146517,162.140009969508
3972.218351851601,1808.3179561283744,3972.651080246474,1808.3106337439312,5.346975803375244,gaia_full_309,0.4327903430571501,43.430839279807216,-4.871617385842912,43.440602246388806,-4.87154901963721,162.17035371191358
1165.2486848398728,3733.94200650789,1165.5639639818396,3733.3781752133928,7.585982799530029,gaia_full_2539,0.6459927755118842,-23.237846362990094,37.04696674063962,-23.226902337217922,37.035351125859705,162.18258770494683
3748.3236181450247,1168.5875146269514,3748.137388836804,1168.5373404217871,7.019308567047119,gaia_full_3106,0.1928699201641054,39.72457692181198,-18.261513727396228,39.720431323978595,-18.26286927710326,162.18847852954462
312.4835764431819,2866.531722284743,312.7196138395602,2866.308681798087,7.83025598526001,gaia_full_2941,0.3247471496052981,-40.297207158318294,16.992126786168125,-40.2910427711137,16.987915909184167,162.21870100866278
3088.5845566299795,3632.1800129440976,3088.277087874998,3632.4214353770544,7.096945285797119,gaia_full_1756,0.3909243231428344,26.85420401325569,34.50743680663329,26.8475858431996,34.51330443158886,162.2188551653611
784.4279644468322,3459.1557105086113,783.8504379479102,3458.327148834995,6.645449638366699,gaia_full_565,1.0099758927532358,-31.522924516272163,30.318382464874617,-31.533058713645506,30.299512915875155,162.23723250291874
332.40191050293544,1190.4701051425266,332.459107289508,1190.423618764956,7.018435001373291,gaia_full_802,0.0737051944835422,-39.95802395739004,-17.787540318074296,-39.95685560405022,-17.78859520304159,162.26226332774576
773.4089521400882,3450.326392821691,773.6569659860575,3449.604854333387,7.530427932739258,gaia_full_3337,0.7629735630393195,-31.750692243633416,30.106377085058117,-31.74102171112906,30.091652155844763,162.26292322407548
3868.1218179726066,2679.114491699299,3868.589822813189,2679.3601793349726,5.281338691711426,gaia_full_185,0.5285744461583883,41.750074869198215,13.01418633559249,41.76137589456527,13.018619510386664,162.28399914878773
1880.6709082322177,3982.4933605503816,1880.6227066996512,3982.2288247025017,6.697701930999756,gaia_full_1502,0.2688914326550436,-4.679056111879052,43.50831707141499,-4.680077986371341,43.50235051149065,162.32049138074785
3991.0790493379577,2049.925279892419,3991.72747282016,2050.214077406349,2.803014039993286,gaia_full_0,0.7098288641095685,43.74179572887184,0.05960893939448934,43.756388809441404,0.06548939689058408,162.33186233912505
3237.3713008547875,572.2031011285204,3237.093348907061,571.9509705568944,6.539329528808594,gaia_full_2364,0.3752693837675586,30.046162603635715,-31.812714990013312,30.040503834646234,-31.818713583243852,162.34189017362445
3966.83340298331,1760.4995558288128,3967.720339470555,1760.3419353009658,7.008914470672607,gaia_full_1712,0.90083326048997,43.3595246412895,-5.850041410441779,43.379719216381176,-5.852721582471761,162.39241048995927
551.1129162853038,873.9910014937183,550.1909095483875,873.2324311404025,7.807857513427734,gaia_full_893,1.19395368580555,-36.05322207509754,-24.77353589368085,-36.07854516166469,-24.78742840562316,162.39341222009807
2303.825628113168,3970.294944402,2303.454388418213,3970.4897046822816,6.977491855621338,gaia_full_1726,0.4192260462872172,7.1983954336104725,43.179130345662415,7.18837650770284,43.18377128028829,162.411753047037
3346.019961003504,665.3643144365955,3345.8091831858756,665.2649433743538,7.75560998916626,gaia_full_3594,0.2330276730672859,32.26867186143069,-29.589847410086282,32.263989567813596,-29.592424646391564,162.41877645310467
2006.2422740193383,3992.056683277188,2005.9830016864385,3992.247181678725,2.9821486473083496,gaia_full_25,0.3217324720877834,-1.1498621911420357,43.76133599128524,-1.1572365087768735,43.76559068208058,162.4225687180456
3731.801686588884,1135.0805391778993,3731.855743296691,1135.0732399357234,6.566385269165039,gaia_full_874,0.0545472876985093,39.4578516620562,-18.98207791638446,39.4591339339519,-18.982132705313525,162.4470768055716
2473.4543022910852,162.39025169542762,2473.403742289144,161.85020457340738,7.417479991912842,gaia_full_3032,0.5424087091839676,11.81926408535468,-42.150585767928625,11.819495505386746,-42.162683601851846,162.44909958829064
1905.5611958401112,107.60836438258208,1905.2739942766937,107.57306571790286,5.138290882110596,gaia_full_114,0.2893626336584066,-3.9833735517383966,-43.607083887572976,-3.9914966603464888,-43.6077584773965,162.4565670936131
3951.1318198138774,2418.8585389413356,3951.4875901946,2419.049976406483,6.676540851593018,gaia_full_1444,0.4040060232983735,43.11702930988373,7.602851331051438,43.125357851234966,7.606481976764518,162.46022750400536
3988.785506159948,2165.2378797668284,3989.1733881820846,2165.4596853927587,6.876458644866943,gaia_full_2555,0.4468223347049015,43.71813459792323,2.4097376762907325,43.726971310081765,2.4141600588541796,162.4695941358577
3887.772791369362,1459.4664660214287,3888.100934801464,1459.5887495900795,7.687480449676514,gaia_full_3249,0.3501876399785213,42.090606481359735,-12.07616602751484,42.097798466776325,-12.073265801861933,162.47434623304073
3436.8436814206743,3341.5539093531015,3436.655454149742,3341.771050193179,4.087265968322754,gaia_full_61,0.2873667516468187,34.061599362958816,27.55031490134245,34.05807026786865,27.555297436020172,162.5276284002795
3877.4944370095486,1428.9487246009512,3877.5220050338257,1428.7758886619858,7.619211196899414,gaia_full_1784,0.1750207352303074,41.92919995220505,-12.713982114554153,41.93025258506345,-12.71748829014717,162.5544716843594
388.869107627397,3006.773285691357,389.63069781451554,3005.856095880787,7.910709857940674,gaia_full_2158,1.192164737663754,-39.01074756860668,20.019358084621874,-38.98956677768386,20.001797944638213,162.57045845904887
1544.695570552655,3910.8185386319046,1544.9921995165794,3910.356277294809,7.15339469909668,gaia_full_2554,0.5492488379712526,-13.839420027469492,41.59116719962495,-13.829692067833514,41.58130303141374,162.57075079023394
309.18394486330146,1225.4848147348025,309.13619580540603,1225.4532289051986,7.436084270477295,gaia_full_1453,0.0572506520632842,-40.379760307195504,-17.02760348284957,-40.38096447562624,-17.028175940437485,162.5841233668109
529.3520216569323,3199.576494768512,529.4855856679749,3199.078653015874,7.931656837463379,gaia_full_3399,0.5154471415340167,-36.481889961193275,24.30130270017479,-36.47654690543746,24.291200950089337,162.58496354758157
3406.076947213854,720.0988527595874,3405.6225472932056,719.9317278748372,6.015381813049316,gaia_full_868,0.4841590802495946,33.46940209404397,-28.299584115884336,33.45915338115418,-28.304121976020685,162.586544356435
2938.7995623459506,3732.726042475575,2938.2458147665143,3732.901294909614,6.707004547119141,gaia_full_2520,0.5808182137021466,23.493948541715145,36.999968779749736,23.480367499631377,37.00491496283299,162.5887928557719
1841.9591226460905,113.40494880118077,1841.576278043323,113.17063965559078,7.981119155883789,gaia_full_2747,0.4488549493714102,-5.764241651368793,-43.44478531930238,-5.775358152790448,-43.44981716752864,162.61206960217757
814.0815661315324,3491.047038479923,814.301809645136,3490.4104061096696,7.1062421798706055,gaia_full_2164,0.6736527147860902,-30.94899267225035,31.06226740669679,-30.940339665736083,31.049247291252396,162.61710564576808
1225.6911097513798,3773.8700815004577,1225.78955758427,3773.1600096192087,6.577266216278076,gaia_full_724,0.7168640403459907,-21.84443329189212,38.03768603950082,-21.83848784231199,38.022385549370036,162.67045924389083
2454.437799041084,3940.069803271017,2453.93639569738,3940.2695202809728,6.385136604309082,gaia_full_1185,0.539714922105114,11.31845689937127,42.36131728523753,11.305154100378829,42.36634328086587,162.67435957792472
2917.7274607380145,348.0987706104176,2917.3069832960864,347.9275484393486,6.098198890686035,gaia_full_383,0.4540025451867229,23.00772979964413,-37.32946818311348,22.99756125808306,-37.33404745234289,162.6745867791028
116.9326596441543,1796.9368062265055,116.86581598889576,1796.7223934381996,7.849349021911621,gaia_full_2000,0.2245905564298063,-43.55129065147446,-5.101193708453944,-43.5530126651599,-5.105529209583367,162.68357249496717
1612.2138919379956,3933.1921263781287,1612.508282181589,3932.766126617469,7.0571112632751465,gaia_full_1518,0.5178237263828287,-12.054207572718603,42.17589265366621,-12.0447664058797,42.16675563836744,162.6912007863706
3992.463496095118,2152.447529002981,3992.784037026092,2152.5389810437136,5.93876314163208,gaia_full_1575,0.3333316129379711,43.79519646981297,2.1482772995247728,43.80245011430085,2.1500683989946396,162.69821174080528
1081.8351322314727,3690.0653658783167,1082.136664549952,3689.4870966050657,6.122070789337158,gaia_full_1113,0.6521633932337934,-25.185713423460125,35.92140395023597,-25.175045201057543,35.90954764395653,162.69825753727935
1024.8012648344338,3652.7202208397903,1025.2064829907658,3652.290335149079,7.686117172241211,gaia_full_2589,0.5907651490219982,-26.46295863105728,34.99204148641027,-26.45042003037046,34.983670121941046,162.70685978618528
3206.3861326096876,541.9299728466124,3205.968781934669,541.7905007094748,6.219585418701172,gaia_full_964,0.4400387062249289,29.424877708584134,-32.52823127574545,29.415127448702034,-32.532152181767124,162.71145943356015
2221.4778444082917,3986.238132293331,2221.2438724099907,3986.225244492204,6.5467987060546875,gaia_full_1869,0.2343266766863668,4.913103545412434,43.58839531874118,4.906502384160223,43.5882249119696,162.7290724544746
2817.067117012142,3800.539711113347,2816.7179437714412,3800.7404185145137,7.511335849761963,gaia_full_3723,0.4027473313434209,20.613990240968313,38.71943500932829,20.605645829575,38.7244886105201,162.7363266323427
899.2232928593575,3562.14806238959,899.5190431205276,3561.559013779995,6.385504245758057,gaia_full_1305,0.6591255430094446,-29.18491515289688,32.76964882858465,-29.174494321000658,32.75773696033216,162.73809386684897
3910.256110145558,1514.795428917591,3910.83656773473,1514.8319422286895,5.794283390045166,gaia_full_753,0.5816048785170516,42.479202491915295,-10.917883463845307,42.492320134562455,-10.916497110030775,162.76121166148775
3674.055709089579,3056.060450692716,3674.0621989853016,3056.302463718001,7.372004985809326,gaia_full_2981,0.2421000271665445,38.471881381789245,21.098121790320675,38.47297639268628,21.103122739179838,162.79268758088094
3184.173107174578,3570.392399914395,3183.6988898567406,3570.727607534853,6.862781047821045,gaia_full_1287,0.5807290360832884,28.96044873869925,32.96974321440505,28.95023017817515,32.977977951683556,162.79907717945403
3307.019866038894,3469.3281303350723,3306.9041339109226,3469.530657389474,7.935964584350586,gaia_full_3559,0.2332619411937932,31.51057410610377,30.539811727517574,31.50872902382402,30.544368219856135,162.80311727790672
96.71741998732722,2041.1273580926793,96.60294287378817,2040.911735303289,7.088319301605225,gaia_full_1173,0.2441274192476972,-43.881427211656245,-0.11959048402250494,-43.88400812201603,-0.12397994295948903,162.80578470602714
3989.9084598250697,1894.2259422368345,3990.475583902396,1894.451893874174,7.099030017852783,gaia_full_2434,0.6104783874139876,43.76216226406246,-3.1130702090355027,43.77479470743461,-3.1082836698346346,162.80885084823444
159.3077162322198,1591.9215797813729,158.97081181587782,1591.820803884114,5.078526496887207,gaia_full_175,0.3516537604221972,-42.88215971153941,-9.316437210635604,-42.88997962528917,-9.318175626357448,162.8293357848335
346.5347628398029,2942.4354557560096,346.7064578355721,2941.835585260221,7.002824306488037,gaia_full_1239,0.6239581582847069,-39.76357312567985,18.614213399367667,-39.75749038103528,18.60214044916519,162.84281382362852
3022.0752120266034,3685.1840053372775,3021.6658622347213,3685.4094537516658,5.526459217071533,gaia_full_434,0.4673266947907389,25.416769209608177,35.79463971315902,25.407352950467,35.80039131304055,162.86410835462658
1595.022822941134,3930.2786596612696,1595.2891876211968,3929.8990810250743,7.137421131134033,gaia_full_2133,0.4637133638797963,-12.519675727953048,42.08986247777303,-12.511118984914113,42.081744166131266,162.8725457694052
2984.064416875801,3709.9898400977386,2984.080423022151,3709.286466230271,4.095844745635986,gaia_full_110,0.7035559637707872,24.558486916251233,36.41233863342803,24.555405231943773,36.397071631631135,162.88578946015815
2932.4951388605555,3740.9896041498223,2932.0224488274825,3740.996853879605,5.520017147064209,gaia_full_476,0.4727456249912895,23.36977581345524,37.19247869639213,23.3574675714285,37.19360859966408,162.93736925218204
602.5707570406762,803.7991657197812,602.7207676773019,803.6729164761234,7.79305362701416,gaia_full_1971,0.1960664750154709,-35.13818065067093,-26.352362376882628,-35.13515784067632,-26.355335267857775,162.94358619740723
1674.3069799157597,141.16092115700872,1674.1706283874423,141.27123074609835,7.711460590362549,gaia_full_1574,0.1753851325500915,-10.39033158043296,-42.6844606053143,-10.393823707257074,-42.68185288900896,162.97268765756186
121.47761899374592,1745.997681018846,121.47853050914182,1745.9521364590846,5.667888641357422,gaia_full_859,0.0455536802483461,-43.50495833130773,-6.142250726910302,-43.50499268396771,-6.143179739859991,163.00017052823128
2255.5838064374448,3985.1328064411978,2255.2674489233877,3985.11904925874,5.4997968673706055,gaia_full_581,0.3166564964902915,5.870913960872985,43.54451864621985,5.861996147422387,43.54440204575443,163.002488432225
98.00609416039003,2163.334191729939,97.87992846226416,2163.353598129169,6.994602203369141,gaia_full_1921,0.1276494877179616,-43.87950673347229,2.369165591492598,-43.88235586743265,2.3695295311356492,163.03616991413466
3594.5477139783216,3170.068960515229,3594.5018867795443,3170.41439944534,3.280367374420166,gaia_full_4,0.3484654740204378,37.06437220234369,23.624247570140263,37.064763949684895,23.631531245934934,163.07711506969963
241.82033801445775,1351.6623507017885,241.43918810864648,1351.54821698383,5.824743270874023,gaia_full_1312,0.3978715323756322,-41.551601184615734,-14.332152259841926,-41.560646895793354,-14.33395396005105,163.09836548358612
246.8353040686078,2755.6147082134244,246.9957387511597,2755.4950546898767,7.458986282348633,gaia_full_1206,0.2001405832481195,-41.47360222582246,14.611622537691334,-41.4695885759325,14.609398850815381,163.11573576857373
3409.0546397119365,714.4098790508872,3408.706129781058,714.2895689403504,5.459621906280518,gaia_full_779,0.3686918694769827,33.56934244210842,-28.41268981218786,33.56144358808859,-28.416008862782167,163.14436868827326
1886.716432823374,3993.201913556277,1886.5217490535172,3992.784351903903,6.637924671173096,gaia_full_2622,0.4607162942406976,-4.522164456108908,43.75179971207914,-4.527140367023078,43.742325968965865,163.14631010645712
3998.7699985912222,2136.322466153137,3999.249898761772,2136.5939385325337,5.438002109527588,gaia_full_342,0.5513632436686118,43.9308402767086,1.8185975018926346,43.941738589434664,1.8240326271742584,163.15969796871468
3833.147431632819,1307.017610126995,3833.30895426969,1306.9346806502072,7.437193393707275,gaia_full_2077,0.1815677844273099,41.24190471857526,-15.275854289984753,41.2458569608585,-15.277315081083598,163.17714110795472
3429.40694138922,3359.521715520425,3429.201993961542,3360.007837894459,6.914042949676514,gaia_full_3255,0.527558916755493,33.96706040222235,27.944664992929393,33.964423694868145,27.955346022857803,163.196808374945
927.453289697134,3590.5157442534473,927.7561299085828,3589.947915477482,7.8619866371154785,gaia_full_3326,0.6435384312408523,-28.61923987910119,33.43987444610475,-28.6086848769606,33.42841197943224,163.23189376384488
3733.581541759993,1120.4307229843405,3733.759117136121,1120.2203109167056,7.411900997161865,gaia_full_3037,0.2753293526186963,39.55173255256278,-19.281338745575937,39.5566254737703,-19.28536034886736,163.26292666490068
2770.165066434054,263.67279617890904,2769.696115680421,263.4109857347571,7.054501056671143,gaia_full_1178,0.5370842745791022,19.49953265966852,-39.459495214218684,19.488160936785697,-39.466096899207585,163.2928290285657
98.7547644014412,2210.32967526784,98.61239079720464,2210.268583576492,5.613681793212891,gaia_full_991,0.154927202050046,-43.88903973324069,3.3262467592881344,-43.89220604309211,3.324953551553449,163.3020937708477
3657.443113419924,1003.4744483618326,3657.529541511164,1003.4744097362908,7.07595682144165,gaia_full_1558,0.0864280998711846,38.218502878162994,-21.84471862173823,38.22053467430998,-21.84454850395773,163.3194760027391
2355.7443496638984,3971.978598244526,2355.133454082572,3971.984047101285,6.368474006652832,gaia_full_2115,0.6109198812645235,8.654806322776675,43.17460580311078,8.637728048642186,43.17527001586813,163.34984146075357
259.45129996817565,1305.1304491368817,259.02554716691157,1305.0835609730218,6.582418441772461,gaia_full_469,0.4283269168454901,-41.27962031813112,-15.312490668229346,-41.28953668997345,-15.312814132117671,163.37485664713182
2979.618310515237,374.8863808699035,2979.27880052851,374.7655007795779,6.87672758102417,gaia_full_54,0.3603873295838111,24.48864952541043,-36.61936938492025,24.480438805460896,-36.62270826210995,163.4256700435231
1604.330712659401,154.53994394945,1604.4078036391695,154.57188671519043,6.803874492645264,gaia_full_1245,0.0834467461608627,-12.291630122884849,-42.30589938448562,-12.289397083159743,-42.3052831428056,163.43626503987576
2405.0031545452543,3962.08214837855,2404.34151362974,3962.4342307640927,7.05763578414917,gaia_full_2156,0.7494869627234111,10.006042764484715,42.90621468256602,9.988522624297428,42.91475800899923,163.4649273914912
3957.700124329266,2444.758572301146,3958.089189310784,2444.838784078717,6.855679035186768,gaia_full_2153,0.3972473903052009,43.30546008466503,8.126004382652047,43.314391299430234,8.1273144849913,163.49619092958875
1190.6530728692326,3765.3699289265264,1190.9114699604086,3764.815550674525,7.817857265472412,gaia_full_3487,0.6116406649497466,-22.725255211095405,37.78233702241835,-22.715774690858606,37.7707951142472,163.51511586810167
358.9237119313398,2977.463652551415,358.84559880120855,2977.0736932910195,7.49294376373291,gaia_full_2649,0.3977057780159416,-39.600644502824416,19.358995180845646,-39.601043648418404,19.35080695665368,163.51751493330883
2048.953533050714,4006.500702378556,2048.8083021748066,4006.2429540850226,5.718818664550781,gaia_full_319,0.2958482552531244,0.055332660523383606,44.08876013175942,0.05121544674439584,44.08296160815396,163.5433422300163
2822.7616575006173,286.27158777707353,2822.27539833964,285.83275109657757,6.266897201538086,gaia_full_904,0.6550004609028461,20.79833572979012,-38.865913467826104,20.787457553483552,-38.87644566526985,163.55118093652595
803.5365403265005,3495.915930345539,804.245023029692,3495.5509635193303,6.293226718902588,gaia_full_598,0.7969620599215733,-31.23497380757394,31.141496734560324,-31.21555511835335,31.135383615690525,163.5649215088819
233.8886266883752,1355.4091161880883,233.77445351874235,1355.2636963180926,5.572083473205566,gaia_full_756,0.1848849676247235,-41.722964463875975,-14.244138241170589,-41.725978925635445,-14.246957165056894,163.57376129165064
3538.254720790847,845.8834137134178,3537.888931866819,845.8419590510014,6.198413848876953,gaia_full_1329,0.3681304469582063,36.06817766194743,-25.37035201778347,36.05961941377657,-25.372009569829963,163.5738419038678
3007.2311085198826,389.7784431608736,3006.7387343836044,389.6478531768212,5.681856632232666,gaia_full_442,0.5093977169270406,25.12940300512931,-36.238042088666965,25.117325677926544,-36.24192646043947,163.5873990846892
3547.498191121339,3237.747348798424,3547.3824050965936,3238.0312815788902,6.631121635437012,gaia_full_1011,0.3066337022404383,36.242217563025484,25.133973176192473,36.240730934327324,25.140146741133048,163.63199578400705
676.7245272461491,714.2670014753209,677.1394905515658,714.3595129240846,7.078321933746338,gaia_full_1476,0.4251504592431938,-33.77010359734834,-28.397099855969955,-33.759554849939825,-28.396094911248447,163.6584127827902
2009.437272052136,86.42941543950543,2009.1408288584307,86.39907062658858,7.716266632080078,gaia_full_2971,0.2979922394377751,-1.0642388902934423,-44.11073939035174,-1.0726465162623855,-44.11138883859484,163.6970699660349
2847.3435565339037,3797.4368924473233,2846.7302102352824,3797.57130518147,7.249814033508301,gaia_full_2996,0.6279016365110549,21.402097998369474,38.593335448033336,21.38648870979829,38.59747151174455,163.70470031904355
1761.77821910968,3981.242098845653,1761.631663868869,3981.008160387989,7.422667503356934,gaia_full_2380,0.2760536914865857,-8.016377200234695,43.40224020210781,-8.01998642718911,43.396878184306544,163.72414181584142
90.58908992281349,1916.4072285318289,90.4551988487583,1916.252425369369,6.598778247833252,gaia_full_981,0.2046725160331348,-44.053555958869985,-2.657427187013162,-44.05665175899663,-2.6605392968048296,163.74338360824478
3108.043438623108,3639.642598853129,3107.61428691288,3639.937451784725,7.7113800048828125,gaia_full_3582,0.5206817085920213,27.388081703674974,34.62468194267395,27.37866196784818,34.63197615975913,163.78111418540087
3160.6865288919503,492.23849903705417,3160.428477074927,491.8966835777319,7.126300811767578,gaia_full_3380,0.4282855922171552,28.529087763758,-33.69376991098541,28.52432805103144,-33.70167052338121,163.8010705472033
3998.2668413066967,2237.5723237729376,3998.571195977542,2237.8369645877024,7.599004745483398,gaia_full_3351,0.4033193852334464,43.9764891460634,3.8796094578919664,43.983549032647645,3.8848709120054785,163.8096795187019
3591.6823554457333,906.58728929177,3591.6639658715967,906.4952389338736,7.159740447998047,gaia_full_1355,0.0938692965021876,37.071272122830514,-23.991115606452784,37.07123653067456,-23.993069422407203,163.82224639815374
1115.8008360045935,3725.8416283225743,1115.9642932450029,3725.271457596871,5.700378894805908,gaia_full_501,0.59313820134181,-24.485514062820066,36.76811219220342,-24.478398865822108,36.756111133676875,163.83315768641347
3043.214882713091,3684.292896401761,3042.8403940957414,3684.4636572930904,5.461867809295654,gaia_full_607,0.4115835353022614,25.956707204565,35.72945277353146,25.947939004626285,35.7339573031712,163.83347382701228
2725.0828370603995,3857.965764606286,2724.646759716651,3858.0907778461415,6.468175411224365,gaia_full_2093,0.4536427667998055,18.411061528198445,40.147555689154814,18.399853586632254,40.15107090013636,163.85245280876256
2480.4445486652294,3947.991889095541,2480.341529891448,3947.1663669275376,7.891591548919678,gaia_full_3007,0.8319253077147876,12.062918156041238,42.50728253606939,12.057489451599029,42.489014442985635,163.85397710997933
2538.3386803981357,3930.0734494144062,2538.046646084381,3930.1837552275656,7.189548492431641,gaia_full_2533,0.3121720884816429,13.604403207619654,42.033933216182184,13.5967352072387,42.036781156546525,163.90700366467306
1398.238600904219,3872.0278230181425,1398.5179841233078,3871.487394332914,7.342185497283936,gaia_full_2625,0.6083733614534985,-17.679560939059915,40.507861074329696,-17.669724132412163,40.49642364938836,163.91612683472223
3172.4196685604475,499.19342057390816,3171.971778899367,498.93556330822776,4.7332305908203125,gaia_full_106,0.5168128461704933,28.789617079993942,-33.51828709101674,28.779641616881623,-33.5248222012362,163.916210628879
2433.965833949316,3961.024658583941,2433.4646833186484,3961.180896203704,5.580162048339844,gaia_full_357,0.5249401379661608,10.810150405716715,42.85186783771134,10.796635300267285,42.85590717623987,163.95880249158142
1775.513452237595,107.49986844309706,1775.253070078353,107.46606260437125,5.489141941070557,gaia_full_218,0.2625675219509856,-7.641747508931892,-43.531173166499066,-7.649134722431643,-43.53172462760207,163.97240911391458
3473.8457190117397,767.144982723532,3473.3715765241204,767.1475132663818,6.512566089630127,gaia_full_1815,0.4741492404432195,34.886525842839696,-27.159255457099302,34.87506334339805,-27.160265319545317,163.99044382431856
1055.04166842729,3689.814646594789,1055.2632242436746,3689.429281572783,7.218546390533447,gaia_full_3179,0.4445145441482725,-25.87531595251471,35.85789163664239,-25.86763320919896,35.85006549695718,164.00771474543163
2747.21452788836,3850.197344491979,2746.7531051683245,3850.281512200955,6.702996253967285,gaia_full_2602,0.4690363843021077,18.972596358672316,39.93744124386313,18.960567264266913,39.940119807988964,164.0225944406259
358.2683580922048,1106.6733778721402,358.3334492434856,1106.6528496377375,6.899523735046387,gaia_full_743,0.0682514936301945,-39.6520215160617,-19.561270182020305,-39.65058130129538,-19.561813315452017,164.02749715041196
165.11355470882248,2572.9352629831837,165.17363371443844,2572.656419612509,7.692716121673584,gaia_full_2805,0.285242199341169,-42.88939260038806,10.769290276050581,-42.88743966064978,10.763663841666274,164.0424239213039
3674.975196593864,3079.56962485006,3674.982896749377,3079.949915501499,7.452195167541504,gaia_full_3696,0.3803686001328638,38.586358156291205,21.583142177141927,38.58806378720575,21.590998529438266,164.04330254768652
2009.0273500549904,4012.137530530518,2008.840108229652,4011.941464443139,6.304278373718262,gaia_full_2023,0.2711114379292199,-1.0772106904119332,44.21344148043368,-1.082463463261439,44.20900906292864,164.06001155754305
506.43016355300006,897.074342926842,506.46147284858466,897.0449825345067,7.386531352996826,gaia_full_1142,0.0429220762321847,-37.015207182301154,-24.197732688859034,-37.01459214177183,-24.198409997012348,164.06147413912433
4007.946785413856,2164.744366958016,4008.4113149045656,2164.91935932772,6.322460651397705,gaia_full_1198,0.4963969955523947,44.1492389785816,2.3948789616808366,44.15977909902714,2.398320561248573,164.06965140022757
3792.103326554808,2893.139418098842,3791.6669154008177,2892.738569825324,7.413661956787109,gaia_full_2349,0.5925656366259686,40.628963190656854,17.522139341209485,40.61753295581277,17.514634573012664,164.09936052966134
2722.2387017524015,3862.117403775336,2721.720084842475,3862.4365398534615,7.096914768218994,gaia_full_2300,0.6089428016022478,18.352379522946315,40.243901254587655,18.339774513095964,40.25183305203578,164.0998212207495
3964.199609198178,1643.8276061484237,3964.3154430018976,1644.1969627197325,7.359059333801269,gaia_full_1533,0.387093976771698,43.461236981326266,-8.230883832193351,43.46325977245622,-8.22325860172515,164.10483410780142
2733.661410691206,236.638548932093,2733.2925228333256,236.4168258462107,4.239373207092285,gaia_full_39,0.4303944452532223,18.639508136143345,-40.119134174743394,18.630544136816283,-40.124664667432384,164.12198266809617
3785.924880416496,2903.4336417304603,3786.110205096665,2903.5001975752057,7.1649956703186035,gaia_full_2833,0.1969134773183895,40.52066861889563,17.744315461717907,40.525181843360144,17.745368166466193,164.1262831944053
84.9288207229641,1930.4156746307883,84.71497252834297,1930.0982207991697,7.876004695892334,gaia_full_3691,0.3827636157633398,-44.17400168119833,-2.371007553224818,-44.17896506925211,-2.377409208479182,164.13653765466003
4009.80624300514,1945.211955780304,4010.308543322193,1945.239902870485,6.425585746765137,gaia_full_1065,0.5030771793286369,44.18402973501803,-2.069970178249516,44.19532408193534,-2.0692925577605954,164.1397078216622
1131.5523250819072,3739.3825450789577,1131.7514872031486,3738.8926522035767,7.409917831420898,gaia_full_3481,0.5288294430971388,-24.143445165260022,37.09501955077441,-24.135791524622924,37.08482127233714,164.15277800187854
1989.569388114655,81.65056867919989,1989.219049809327,81.52654042862855,7.538849830627441,gaia_full_2103,0.3716449046061839,-1.6292569030373125,-44.21543682068726,-1.6392512328902054,-44.218166672711526,164.15751545753884
90.39027302041136,1862.6955453420987,90.3610501483422,1862.3896112928328,7.110709190368652,gaia_full_1150,0.3073265669485243,-44.09211689023353,-3.74996035389161,-44.09300281602533,-3.75617109013545,164.1729547023832
654.098482078416,3365.476990366931,653.7144361395121,3364.2349114041845,7.690304279327393,gaia_full_1230,1.300096701359794,-34.25060245119204,28.046091895282625,-34.25388322653818,28.01913645556474,164.17709628593755
690.9281747214122,692.4524973720693,691.0873800363968,692.3909599935935,7.939021587371826,gaia_full_3557,0.1706844494059234,-33.53109227581816,-28.888530206114964,-33.52751078322614,-28.89019042401479,164.19120289501367
3881.075549929804,2706.849691565803,3881.552362255384,2707.076855021487,6.9565253257751465,gaia_full_1772,0.5281602308232447,42.11724179313716,13.565127147442936,42.12874135393579,13.569127998708762,164.20021386646064
3996.754664597776,2287.678541598728,3997.238482241092,2287.8375355083554,6.0796918869018555,gaia_full_532,0.509272594278169,43.985941097028,4.8998231647094475,43.99700341218192,4.902809475446941,164.23465070088443
2801.623585592189,3827.286134681312,2801.2533212691974,3827.358379037838,6.000730991363525,gaia_full_1335,0.3772464922704586,20.326170260040925,39.33431382093473,20.316620810673413,39.33659783630806,164.24969934955809
3949.753416663439,1583.8858779072752,3950.306935993377,1583.7533987081476,7.229732990264893,gaia_full_2167,0.5691523406047698,43.238370543182704,-9.46595153266302,43.25116685494792,-9.468113863411768,164.2570565669114
3552.8548598518732,851.2823242547598,3552.5616850363326,851.1276745519876,5.730772018432617,gaia_full_393,0.331463426390915,36.39262895896686,-25.226040359394936,36.38632722284567,-25.229901892271602,164.265609095128
2287.4947974670386,3996.439796953393,2287.0489043807693,3996.1901992373314,6.0613226890563965,gaia_full_3045,0.5109986929982133,6.788799239217281,43.77725075855101,6.775768323457061,43.771967409443185,164.32355476460734
3732.036141615417,2999.3499927951784,3732.018450614253,3000.143372472557,7.275599002838135,gaia_full_2125,0.7935768923044756,39.61053073226624,19.816110026861512,39.61308329540484,19.832507861107185,164.3498763448069
867.4409584333808,3559.935330671344,867.7069990792149,3559.3773499819627,7.462169170379639,gaia_full_2592,0.6181586163425615,-29.97093272757225,32.649731642721854,-29.961364241113447,32.63846420336803,164.36779478549016
2167.374658465137,82.80175045882517,2167.0526557604276,82.60206909580552,6.9713616371154785,gaia_full_1906,0.378890998280069,3.41340767034898,-44.17284790830278,3.4044676086926904,-44.177452619556966,164.37972771287508
2084.743647943693,77.98601035310928,2084.461960237169,77.88972149966162,6.5507683753967285,gaia_full_1513,0.2976902875560006,1.0718659821737562,-44.30068085036948,1.0638951597637754,-44.30287891354232,164.40648668371043
1603.7921489519297,142.71654626183664,1603.86616303656,142.81831233475918,7.577350616455078,gaia_full_3440,0.1258348851540895,-12.344090770978429,-42.568559448307035,-12.341712064474057,-42.56638548902548,164.42063719256703
2817.53478620508,3821.713784252296,2816.971500589435,3821.848438759943,6.41904878616333,gaia_full_923,0.5791567328642553,20.724564322355132,39.181933875465425,20.71018540373293,39.18596417907594,164.4305369559268
2604.0694579147375,3913.8156217097926,2603.596745760454,3914.0131213132354,6.85524845123291,gaia_full_2421,0.5123113059147263,15.35147181586437,41.57873216729558,15.33927472352466,41.5838230170021,164.43288554775575
1558.0533039883055,3937.515746458834,1557.7391907319784,3937.1522418406553,6.506886005401611,gaia_full_1087,0.4804193431137322,-13.564145474339538,42.20257963611086,-13.571559424551022,42.19407377960648,164.4336975196075
2621.4168880041852,3907.9865940196264,2620.780881920055,3908.168758744505,6.719293117523193,gaia_full_3522,0.6615797200943947,15.803761997517702,41.423050515025054,15.787081683556199,41.42806989863786,164.47511765144841
3690.9440400155654,1028.4388944457028,3691.029244464532,1028.3083002665724,6.43558931350708,gaia_full_887,0.1559315162064567,38.905111073070934,-21.2619447423969,38.907627598622334,-21.264477521671864,164.49455402319012
1456.373323301275,192.16080106354008,1456.4416346302128,191.76154363995147,3.9185051918029785,gaia_full_15,0.4050591659892031,-16.22230944647984,-41.26159311140633,-16.22203783947509,-41.27052932573394,164.51252599224352
554.858742099555,3264.127556709852,555.0476100902981,3263.7297695141106,7.571676731109619,gaia_full_2409,0.4403473299829286,-36.1625997059163,25.702558547874137,-36.156241745191835,25.69467486448123,164.5576563762246
3457.7090415022826,3352.1325340241715,3457.539500675588,3352.796416823365,6.322173595428467,gaia_full_2406,0.6851893628632996,34.61767222822541,27.72558807447977,34.616784207737446,27.73989603966787,164.57160029338567
3844.876629971524,2800.10712908285,3844.913294474075,2800.520020974749,7.924455642700195,gaia_full_2796,0.4145165860895558,41.550251670327,15.527312534541368,41.552333225745954,15.535718884567524,164.5770937976138
1407.265172034713,3885.045364784244,1407.4037854388573,3883.945731433472,5.987025737762451,gaia_full_1392,1.108335320171348,-17.48990800497795,40.81015187185558,-17.481505443443183,40.78613994970538,164.62547775704473
2498.1707582205463,3951.5168065189864,2497.636678458024,3951.6648446891586,6.634545803070068,gaia_full_1022,0.5542170085478205,12.565735030122939,42.563721175684734,12.551401981181325,42.56769548614027,164.64362491317428
3148.1062592347807,471.17459084325475,3147.7240154996753,470.9701183155864,6.938807487487793,gaia_full_1708,0.4334965831450753,28.319850676195006,-34.17329050115212,28.311216534789644,-34.17854312869758,164.64995296772014
1917.8713242220128,79.7390541728271,1917.35985792748,79.32766820554934,6.64753532409668,gaia_full_1460,0.6563811274831883,-3.6646548775683105,-44.23843868066756,-3.67958408403579,-44.247488459278905,164.72022928895214
1240.7709810241554,3807.783118219213,1241.1246227208644,3807.5139454741184,5.482437610626221,gaia_full_298,0.4444281903221782,-21.60750750594921,38.80764917001816,-21.596827721130037,38.80247599402982,164.74844939002847
3964.9440909756463,1615.5688146882862,3965.442762159202,1615.5146073269611,6.137709140777588,gaia_full_1060,0.5016087990967625,43.52556888829675,-8.805946386876625,43.53695745672657,-8.806595615129368,164.7888651552444
3094.2510654442603,431.0091595110558,3093.6559359303646,430.8151169463438,7.65920352935791,gaia_full_3573,0.6259645798523756,27.156876587571762,-35.15722532103371,27.14265232289136,-35.16273898723585,164.79383446745217
3517.8191243622787,801.689333659706,3517.4286692678943,801.5485257654527,6.397856712341309,gaia_full_803,0.4150687217976735,35.7823576604608,-26.33814852210473,35.77363611705145,-26.34196092857334,164.81513692139154
75.38758965853826,1946.874991235309,75.15637382601881,1946.725038335836,7.296559810638428,gaia_full_2690,0.2755841673028636,-44.381560027626435,-2.0342646747696485,-44.38682501544678,-2.0372611533451197,164.8438911819028
3873.327246269937,2745.5245288451974,3873.891176539588,2745.7983699722536,6.828269004821777,gaia_full_1202,0.6269021549619113,42.04488336340239,14.367311382225557,42.05856710061763,14.372104731949797,164.89146676272796
199.11975743195063,2695.9937304971413,198.9831534719151,2695.512055286192,6.396717071533203,gaia_full_1227,0.5006712002309426,-42.404329233230285,13.324483872276433,-42.406197497450954,13.314456197202501,164.89480002513372
3286.9993003296177,576.6510293282149,3286.6248196120778,576.4906780578233,7.747390747070312,gaia_full_3525,0.4073675707826952,31.258995267523,-31.6041028348616,31.2505134972806,-31.608378440591398,164.8999687214666
3267.3278996598715,560.1362588513406,3266.900527445463,559.9868501300143,7.182839870452881,gaia_full_2371,0.4527360993523233,30.85485495993427,-32.00050196559962,30.84497217971454,-32.004672787224195,164.90110415091644
3879.025562073013,1359.9332224180482,3879.112776510219,1359.8116553974066,6.713764190673828,gaia_full_1638,0.1496158366110994,42.14361458947697,-14.124790237889895,42.14594561524065,-14.127153441125799,164.9071888754926
2417.147092616964,117.4547806751598,2417.1059205016995,116.94547587885997,6.279454231262207,gaia_full_839,0.510966259756339,10.384126993859125,-43.21667788624419,10.384381551310717,-43.228097793522295,164.93417059302965
1800.301062678698,4002.8668541943903,1800.240253701814,4002.6147029984095,6.902337074279785,gaia_full_1852,0.259379947768147,-6.975916492433818,43.916937292536254,-6.977152678230583,43.91123835023815,164.9497617543973
76.21640071673019,2180.0138440712535,75.86975401215773,2179.9591440815348,7.725578784942627,gaia_full_3129,0.3509359295743046,-44.3784251989571,2.7025910869877965,-44.3862000639379,2.7013809276562473,164.97290217626767
3269.5234670507357,3533.404042205179,3269.1754457175266,3533.632892139931,6.309684753417969,gaia_full_1549,0.4165226776594332,30.907222709371148,31.985609392810087,30.899735207342793,31.991281776074437,165.00641718081872
915.771616077394,487.1697944715217,915.849243476178,487.2976248515545,7.9716105461120605,gaia_full_2699,0.1495547361380108,-28.99919197225497,-33.76186205500156,-28.99655547079695,-33.75931149936322,165.10046104521578
594.6396498856136,3318.298880763255,594.9380631037311,3317.672739611338,7.960403919219971,gaia_full_3371,0.6936160255295571,-35.46134713065914,26.9227160852945,-35.45115553348765,26.91029824405206,165.11951840563256
3091.841326688676,424.91156295632584,3091.3494059071663,424.8175751416211,6.6662187576293945,gaia_full_1801,0.5008190936795672,27.127057799674883,-35.29368331053749,27.11494171131765,-35.29681743689412,165.12521991039398
988.642086661962,434.0291264706975,988.8789113820548,434.0135220157588,7.862351894378662,gaia_full_2964,0.2373382545250291,-27.425296697770374,-35.06717861162103,-27.41932072248006,-35.0680526832108,165.1461431031739
3381.9220877180196,657.4357622077763,3381.6072892385773,657.2550559962135,7.44954776763916,gaia_full_2108,0.3629777094485947,33.188926502447295,-29.674844580341873,33.18211998001992,-29.67938556927609,165.15995811197527
2749.861276192164,3863.051078173497,2749.284935632991,3863.236708291298,7.953165054321289,gaia_full_2390,0.6054973003923918,19.101208068992847,40.21506113394343,19.08651097324934,40.220188952958175,165.16160337107482
3705.6014449180734,3057.898707514866,3705.5461297990814,3058.1887283278943,6.121595859527588,gaia_full_1209,0.2952487669383337,39.21820550767449,21.07490300893502,39.218059517247305,21.080999551756918,165.18269489670897
266.7226055010293,1242.956883114657,266.00908088973574,1242.9053990353573,7.271788597106934,gaia_full_1945,0.7153796064628788,-41.30318374169169,-16.599397655685884,-41.31979712639159,-16.599291536574782,165.19924927892475
3890.4193836145273,2715.7246579164384,3890.6210061594857,2716.1151899733045,6.995606422424316,gaia_full_3156,0.4395076086662338,42.354496170984085,13.733824427423041,42.36015564967171,13.741527308764274,165.2138387239555
1848.8129000885765,80.92671544475384,1848.7722238781485,80.94792646703058,7.449075222015381,gaia_full_1572,0.0458744107407523,-5.621241781086299,-44.178002151606414,-5.6223615233464965,-44.17750187806716,165.21593227170925
4014.148767056708,1852.6804927602573,4015.248331264608,1852.5769098424444,6.831767559051514,gaia_full_1723,1.1044323737362438,44.33720570945563,-3.9492608826924207,44.36205990315488,-3.950906216906667,165.23006844182441
2654.2565636862196,188.8705850484668,2653.748136936837,188.57631698182263,7.057324409484863,gaia_full_1546,0.5874448523344458,16.689547807229946,-41.30747712833831,16.676877216457548,-41.31480887780407,165.2896011018662
3996.5551865888697,2366.1348444857713,3997.075139242046,2366.114219203369,6.949141979217529,gaia_full_2513,0.5203615702753379,44.07017052158778,6.495558724617297,44.08188447842718,6.49478500663551,165.30471792896034
4025.58524123909,1980.7506615725497,4026.0717863675673,1980.88776785496,6.578192710876465,gaia_full_1094,0.5054941094823057,44.52706831929246,-1.3450552083236202,44.53798042566263,-1.3422024099385024,165.3063180297284
3083.123685257318,3677.563749647516,3082.9003406670536,3677.7388758048746,7.319644451141357,gaia_full_3003,0.2838168018132972,26.94790024685576,35.49557291726841,26.943085266244577,35.49984325867624,165.33693420786653
4005.804461275714,2317.0754327966188,4006.233874851898,2317.1959634947348,5.9171671867370605,gaia_full_518,0.4460085970015813,44.22037198593284,5.4925974360840115,44.23019029095044,5.494798109217223,165.3508280881246
3821.790503178542,2866.97959487845,3821.8116047285894,2867.1924796247563,7.277442455291748,gaia_full_2593,0.2139280033663735,41.22820714480958,16.935252588789425,41.229389987834104,16.939583958228575,165.3637112007121
2884.79560482365,3798.599719841369,2884.2972003353893,3798.72850632302,4.788077354431152,gaia_full_133,0.5147747000141343,22.399099239793365,38.543727568897246,22.386549116407302,38.54755249842549,165.3745009363098
4018.485548512525,1873.836195309845,4019.6155864244265,1873.7330814378847,6.282886505126953,gaia_full_967,1.1347326349962408,44.419140940165555,-3.517848863318483,44.444665638615135,-3.5195219328439693,165.40129535525196
2784.500547654837,244.09413409728413,2784.0947479585884,243.91984637963424,7.329366683959961,gaia_full_2008,0.4416442029498495,19.97269865276911,-39.86233104156846,19.962615902686963,-39.866917642532876,165.40802778330678
1182.8710783868005,309.4604344965547,1182.9178120143872,309.5268197624996,6.982560634613037,gaia_full_699,0.0811851925044914,-23.024552347808687,-38.1833592681787,-23.022988517505713,-38.18201316407043,165.40998206788234
3225.269648626139,3573.8766988989323,3224.538872640409,3575.449709889974,6.235453128814697,gaia_full_328,1.734473153224945,30.01151304715732,32.949583210736904,30.001439979919738,32.98478266135461,165.41656191711502
793.5624365299076,580.4708021259873,793.8908785044812,580.4456629592257,4.268621921539307,gaia_full_35,0.3294026538558384,-31.573177735446563,-31.491634119891422,-31.56514836553232,-31.492939352588145,165.41995379319403
784.9272629344566,3506.96214792585,785.1644158317954,3506.476018162661,7.455509185791016,gaia_full_3001,0.5408915264395479,-31.753386480901195,31.332256957205278,-31.74497131266424,31.322524758705313,165.44823770765151
576.6643363655566,3304.581035181348,577.0386011134374,3304.240943349663,7.610892295837402,gaia_full_3161,0.5057040196448672,-35.828816005685304,26.59549209354998,-35.81818959327932,26.589234906350033,165.49341758560973
1219.5384192015604,288.13982775967537,1219.6406209968843,288.2289727057323,7.912312507629395,gaia_full_2816,0.1356172126795697,-22.16124318602113,-38.72300563643659,-22.15809570610219,-38.7212706220222,165.50954612418633
3451.527223870364,719.1980055399025,3451.039727513773,719.0270521217944,6.072789669036865,gaia_full_509,0.5166021378706855,34.57874068968702,-28.215129540261056,34.56774153420786,-28.21984011396447,165.5498777963928
3288.0208218116027,3525.5038311240387,3288.032142236528,3525.7914841456195,6.555415153503418,gaia_full_3737,0.2878756899167836,31.32689825972893,31.77459791127445,31.32868582739262,31.780668652214217,165.5585788947282
3707.8873786620343,3062.5640983009807,3708.004328824651,3062.952484721344,6.62506103515625,gaia_full_1781,0.4056123174395151,39.29031880386084,21.16671776997951,39.29460965151563,21.174502992695153,165.5971674692659
211.83341847416855,2749.190322208594,212.02411105296775,2748.7424392492685,7.762940883636475,gaia_full_2445,0.4867882546479281,-42.25767476832837,14.429532013401097,-42.25204319947225,14.420653163758022,165.62893314699096
3142.152205320628,3640.3717074571177,3141.9159961718688,3640.674359736667,7.716638088226318,gaia_full_3747,0.3839181739308033,28.260879027056223,34.56261237420213,28.256469044921868,34.56963761942677,165.64129325015486
2597.504983971354,162.9071011555696,2596.9985937340484,162.5903557409158,7.902074813842773,gaia_full_3635,0.5972928344977716,15.237533333756275,-41.9714088853502,15.224817819597089,-41.97919514123525,165.66455774629532
2827.9733015221937,261.83426246446896,2827.5680758618096,261.5475056525097,7.136429309844971,gaia_full_2481,0.4964245209885906,21.052567984171404,-39.39019845993397,21.04312647991785,-39.39726352679318,165.7023397976071
3486.5503109377114,752.8663427547198,3486.0965213878935,752.89793996106,5.933683395385742,gaia_full_911,0.4548882708670648,35.262320807448845,-27.429427002696,35.25119372738199,-27.429805105398582,165.70580014334413
3312.946461639521,587.0791404239425,3312.4382574535157,586.8858859340644,7.711009502410889,gaia_full_2723,0.5437083708492694,31.849295842097877,-31.32224946046522,31.837694161780824,-31.327538587522913,165.70632242347472
956.6038349080932,3645.627600663298,956.8151949901014,3645.1147666121433,7.665563106536865,gaia_full_3222,0.5546817540628244,-28.167604318900654,34.68614185448172,-28.159494092515928,34.675649058787975,165.71895937653437
62.67937578819624,2117.2183091174884,62.48561910158651,2117.099275101285,7.643008708953857,gaia_full_1528,0.2273999793744266,-44.65723499119049,1.4247639144734414,-44.66156129946389,1.4223194685503942,165.7737774709285
1606.3329313054471,125.62671951619522,1606.0938797001313,125.65431634775996,7.921934604644775,gaia_full_3488,0.240639263455649,-12.32847844891399,-42.95234097316615,-12.335050045650439,-42.951425240014196,165.78624481007844
3140.7409273744943,3643.506139174896,3140.3071003154528,3644.115874951752,7.653540134429932,gaia_full_3281,0.7483205427723597,28.241570729979497,34.63297905246389,28.23375762627932,34.64703708965592,165.81047860247307
3541.3938299740594,811.4577725859016,3540.8962211340495,811.1488979122153,7.339244365692139,gaia_full_2850,0.5856774894947021,36.302473016300056,-26.081577451157003,36.29198886132051,-26.08913208701131,165.81832334361548
3924.040480689995,1444.4915147451804,3924.812176201085,1444.600058086135,7.472110748291016,gaia_full_2131,0.7792917417129787,42.9528356770805,-12.337465455004725,42.97016339577365,-12.334279097869247,165.85227263974969
3484.32456750945,747.7903710915093,3483.703708469759,747.84996495361,6.392178058624268,gaia_full_3453,0.6237125744812226,35.23326323881639,-27.540720515156625,35.21794910944116,-27.540899993421082,165.86205338707677
833.3016220303635,540.6036379281416,833.7452550103451,540.7592375710117,7.967598915100098,gaia_full_2639,0.4701292054197619,-30.791713994405065,-32.43081509818379,-30.779791667787165,-32.42855959413992,165.87043174936062
1045.3505046239336,3709.1641538092945,1045.4918391315225,3708.5612201340577,7.681304454803467,gaia_full_2908,0.61927736901194,-26.226004722961484,36.25343071667999,-26.219174072587435,36.2407609662472,165.94637064126417
998.2289945830316,3677.999497186022,998.477932206126,3677.360847394879,7.531850337982178,gaia_full_2382,0.685451308204289,-27.274886423392584,35.476122932786204,-27.26510646921188,35.462979867472015,165.9534670092505
2394.462019264635,99.50911380164784,2395.113617880013,99.24048729886135,5.997164726257324,gaia_full_1005,0.7047985198352797,9.796428370066243,-43.64132554899687,9.81546425475785,-43.646666444951464,165.96863753111916
3149.753088197826,3639.6018082606342,3149.5312037097237,3639.760793587155,7.858883380889893,gaia_full_3388,0.2729634776109823,28.450291929491808,34.528509039800035,28.44549149661975,34.53242631483325,165.979402116727
4032.5043451589663,1944.042653899323,4032.952062645671,1944.1780761877783,7.112863540649414,gaia_full_2603,0.4677500872389507,44.69540706308622,-2.088721764058468,44.70542766224868,-2.08587527518179,166.03294796684355
2784.546589712857,3857.7331945827777,2784.0944603800494,3857.903377912515,6.218011379241943,gaia_full_918,0.4830976084658021,20.010427611492265,40.033800496279994,19.999068367966633,40.03838955086953,166.03747544513422
443.9852153706375,940.7304996756574,443.9499888724754,940.67812672563,7.717924118041992,gaia_full_2438,0.0631176050505705,-38.30505939636373,-23.159715522650554,-38.30611814386664,-23.160725742712273,166.06824786982241
3001.4879604890193,353.6412102378254,3000.962102454302,353.6551429546214,7.149529457092285,gaia_full_3035,0.5260425774345228,25.165904315319473,-37.03164723877989,25.15213525521989,-37.032506982530805,166.0789626464171
3893.5020726768394,2734.4016383197877,3893.716172795612,2734.920686750197,7.54934024810791,gaia_full_3349,0.5614714008469222,42.475939192670666,14.111081607963115,42.48227792227271,14.121376729805522,166.08396543894574
378.72207912772745,1030.5495648722351,378.72242422022987,1030.4667237945946,7.464885711669922,gaia_full_2680,0.0828417964162925,-39.467044931069445,-21.17039175091096,-39.46736894669063,-21.172100847433672,166.1574483202063
2625.156582720834,3929.238344297533,2624.564410356277,3929.431939383345,5.50393533706665,gaia_full_297,0.6230145797615987,15.990641125368844,41.8873382063105,15.975146471363907,41.89256245377552,166.33383173138216
1822.4107722351812,4022.2425378174657,1821.9309639874168,4022.835433871661,5.6821980476379395,gaia_full_576,0.7627199261211606,-6.385500753033557,44.36708710161032,-6.400182979679925,44.38006565197164,166.3487448882954
4039.748633018168,2058.676163939859,4039.9657170557216,2058.888662362566,6.479330539703369,gaia_full_1814,0.3037779765109523,44.837122149845214,0.23670897175992184,44.84201677190426,0.2410113182904983,166.3616508751478
3876.575686856916,1312.5235408514714,3876.667190704248,1312.4983440617866,7.81319522857666,gaia_full_2940,0.0949096006046252,42.2227369449831,-15.097706520047213,42.22491151237359,-15.098082794647535,166.36292086664258
4023.7414464121302,1822.8548362973415,4025.380368580764,1822.6895261689572,7.144688606262207,gaia_full_3304,1.647238086430314,44.578715624556985,-4.550465162181073,44.61580634581409,-4.553026104898624,166.37967161093948
187.4410647251062,2712.9635659632104,186.83811510717217,2712.233479617734,5.412534236907959,gaia_full_422,0.9468760814479338,-42.71615608096834,13.655087435539901,-42.7279800489572,13.639354552524821,166.39671359155602
1170.5221336097352,303.6511081654475,1170.5570114443512,303.77239826072287,5.577556610107422,gaia_full_424,0.1262051922838744,-23.379477619401037,-38.28363869444483,-23.377939306881487,-38.28107832935706,166.40733094030614
665.7489762987357,682.6157860650479,666.0152796028156,682.5217154268958,7.719968318939209,gaia_full_2278,0.2824300528028496,-34.19512751394805,-29.036851546434857,-34.18910151703212,-29.039452234632112,166.41624026170683
1101.8486016978777,343.3066496489317,1101.8723824387805,343.425448927999,7.7135329246521,gaia_full_1744,0.1211560660668413,-24.97645404655758,-37.275630064292415,-24.975211850576454,-37.27311410296315,166.45187343782484
3698.946738569438,3093.592553891383,3698.912170910932,3093.8804525887344,4.806654453277588,gaia_full_121,0.2899665203971608,39.206402491736675,21.82499933977081,39.20677749507923,21.83101122890186,166.48156398545143
240.13300453092495,2833.7370961291836,240.38830708257433,2833.3582360045552,7.398946762084961,gaia_full_1473,0.456852697170618,-41.860649038540885,16.20184092874022,-41.85357366452834,16.19450104727683,166.4906179497988
3734.025469280198,1051.5718678647604,3734.18409835808,1051.4380911002268,7.273312568664551,gaia_full_3731,0.2075076072788645,39.82233240545908,-20.70022106790229,39.82656967170943,-20.702665958821793,166.52254666811817
3282.939829022908,550.0045576566177,3282.5376375574115,549.6803738862579,7.704133987426758,gaia_full_2903,0.5165782533971,31.297765320508272,-32.17858475169047,31.2894469794961,-32.18641467622508,166.53241299314118
1070.291493778288,361.5810799328891,1070.3180749401015,361.7459561873315,7.337494373321533,gaia_full_1441,0.1670052018421542,-25.70228840357223,-36.81077695855165,-25.700726746820987,-36.807279659024246,166.54515698804087
3900.669136399989,1360.4073020049525,3900.6826472886983,1360.2614825802975,6.325941562652588,gaia_full_1393,0.1464440122382471,42.63775333211525,-14.084342350481759,42.63846701216655,-14.0872989043104,166.59422436406626
3080.482439862102,3696.0598287870534,3080.1464774486676,3696.3129332908543,7.30662727355957,gaia_full_3617,0.4206336090768932,26.977968229677952,35.89912420491541,26.97066537316624,35.9053340384298,166.59913760491355
851.2392136444303,3578.894482796395,851.4476449691595,3578.182944504403,6.259246349334717,gaia_full_875,0.7414380338903285,-30.477704829640118,33.01500884976475,-30.468653504423823,33.00038415205228,166.6302963884044
2147.8857755801464,52.8727181927911,2147.712153669971,52.68344609335031,7.071026802062988,gaia_full_207,0.2568433283534281,2.8849887501680085,-44.85230002431115,2.8801796294933975,-44.85660972343217,166.75607338012128
1117.521912635525,3764.9945889701753,1117.6932093826897,3764.403842585206,7.928235530853272,gaia_full_3697,0.6150803743768276,-24.64144592367973,37.6194745402651,-24.63386990639614,37.60706695859738,166.7852951189628
2945.095122238844,310.92672098225796,2944.64575302221,310.7860777015421,6.0167365074157715,gaia_full_301,0.4708643384974326,23.911606283931125,-38.07946855361386,23.900508252334326,-38.083488446019885,166.8045773727244
2583.3303219812597,3950.548989984668,2582.6577807786252,3950.734612504454,7.5039520263671875,gaia_full_1737,0.6976871713688936,14.921299363816136,42.4239800556574,14.903407292846882,42.42910629334319,166.8356905847401
2213.392022103234,4037.314588192417,2212.804181803231,4037.352709485217,6.075915813446045,gaia_full_765,0.5890750811842441,4.752128734783172,44.739890346946574,4.735401970207455,44.74104414157577,166.911753549144
3415.8506717578503,662.9896172274515,3415.715326419215,662.9806929620124,7.727069854736328,gaia_full_2685,0.1356392391745806,33.992153775227166,-29.478218774861766,33.98888515842801,-29.47872736163795,166.91400541938947
3664.2488966027418,944.2822487238112,3664.348918132249,943.7964222555609,6.993102550506592,gaia_full_1459,0.4960157896857358,38.62608898133877,-23.056232844752575,38.630555418673524,-23.0660660120805,166.91909842186297
1362.0157008727651,201.03752889506652,1362.1764002878383,200.8910979330094,6.8642473220825195,gaia_full_636,0.2174082074207462,-18.7529381103879,-40.904912833884666,-18.7492402795428,-40.9084243665467,166.94671785710258
4046.431807513605,2019.9935163896216,4046.877314636657,2020.2119906909215,3.480196237564087,gaia_full_10,0.4961931247194936,44.98870620341577,-0.5471044611597737,44.998706340195106,-0.5426526520710255,166.95268853184828
2752.6097498581175,209.89914897194927,2752.2106398862206,209.76111934238247,7.018016815185547,gaia_full_2912,0.4223043313842484,19.271508508606697,-40.67225955237078,19.261340849691802,-40.67603255834214,166.96756109084887
818.2651837113519,3557.308659056573,818.6067806132812,3556.770102057323,6.104536056518555,gaia_full_664,0.6377555055417561,-31.188781875070482,32.47801450445171,-31.17734656153156,32.46741618716849,166.99316128334064
300.48688135224415,1135.422436453516,300.5994167144229,1135.445296507421,7.837209224700928,gaia_full_2984,0.114833748546509,-40.89032108038657,-18.863743731512066,-40.88762431365496,-18.86348080851657,167.0536734600272
286.0802512548934,2935.3392926814104,286.2878462545639,2934.984836238704,3.9842233657836914,gaia_full_53,0.4107737256256477,-41.140819372779355,18.360998611646696,-41.134744867289555,18.354103992784935,167.10769681098648
544.7784356979532,798.8774241503598,544.8657406085395,798.6395765729967,7.483005046844482,gaia_full_2344,0.2533645939550043,-36.55022979972231,-26.325954445985154,-36.549273908530466,-26.331105369185533,167.11742202587493
3373.378448832552,3473.482281610401,3373.0559931515477,3474.158740699401,7.56378698348999,gaia_full_2919,0.7493827895690193,33.16906767760507,30.472672134678806,33.16466253992263,30.487690006024987,167.12638020043994
2654.3903684859056,3928.9807791490744,2653.757831747899,3929.035529111915,7.572437763214111,gaia_full_3541,0.6349017903256975,16.792551823643915,41.833973499844525,16.77541751245176,41.83623800713027,167.2207035934188
4045.8948597147833,2165.55351846999,4046.252908231688,2165.75375664223,6.957115650177002,gaia_full_3736,0.4102365976842671,45.00386987283043,2.4016350206277255,45.012027062723675,2.405598278335134,167.2282772590362
1933.44716876067,4046.494502594801,1933.1885714505856,4046.2758868222986,7.535029411315918,gaia_full_3452,0.3386228355703586,-3.2520779649661726,44.96882194661282,-3.259278668200002,44.96381641954726,167.2487776410601
581.2082485174683,755.8333569465724,581.5261334184931,755.8453089118761,5.840088844299316,gaia_full_638,0.3181095090911357,-35.88201194121574,-27.306928717525903,-35.874273918138094,-27.307417232054217,167.2607458698203
3924.5849710599127,1399.0409403677256,3925.276046871754,1399.0939810667833,7.677108287811279,gaia_full_3686,0.6931082840853187,43.080241604437866,-13.263231950827812,43.095888113199685,-13.26121165250394,167.2795366964845
2830.646947464946,243.17784652673288,2830.230926968294,243.03830126673347,5.925360679626465,gaia_full_856,0.4388005620129306,21.21470302722707,-39.79257331943569,21.204239347359614,-39.79645516136548,167.29032715709585
3781.754278272298,1109.635717425165,3781.916194324504,1109.5279696374532,5.87957239151001,gaia_full_362,0.1944900864279104,40.71235241268362,-19.414794460673136,40.71652407433566,-19.416702401616547,167.3506240373258
3228.1462266191256,494.19857603754,3227.7046017508683,493.9398676355447,4.435361862182617,gaia_full_57,0.5118227833208352,30.22249930581804,-33.49438003066139,30.212762640625822,-33.500940380681705,167.3621527191315
865.673645686382,3601.6454423484834,865.9907169883309,3601.0514454745235,7.55494499206543,gaia_full_3468,0.673324956312841,-30.23705378162642,33.53316004664668,-30.22582774698786,33.52129032515674,167.45067926546878
2309.5209367904326,64.45370535596362,2309.371626215393,63.93895966301079,7.5456743240356445,gaia_full_2838,0.5359634094153766,7.477607174053509,-44.50304053186455,7.474437266968524,-44.5146962978231,167.4567545137553
3774.4984243017866,2999.025810214602,3774.4978515832872,2999.4071783725635,7.059818267822266,gaia_full_1132,0.3813685880002439,40.598814226183094,19.729536834747357,40.60025305586229,19.73736942236339,167.47807748843425
1322.380436279498,212.08515453168783,1322.2777412323394,212.3052065051677,7.499435424804688,gaia_full_3633,0.2428356311238265,-19.775655523142326,-40.58849067224623,-19.777392077167235,-40.58347012784312,167.48707533358242
2148.338891642258,4050.257384531813,2148.0563146283184,4050.324633861815,6.27277946472168,gaia_full_630,0.2904690021204585,2.9054899555699807,45.05746784195226,2.8974459068776444,45.05906817616768,167.50973503670076
2052.612638695995,4054.263060466557,2052.413405835581,4054.232176589052,5.651270866394043,gaia_full_443,0.2016123670769944,0.16112489991236287,45.16337015051022,0.15540404557704862,45.162678661183506,167.54986245882037
736.1557594271222,3495.196698933748,735.8732306240129,3494.6538504549526,6.642731189727783,gaia_full_977,0.611969766832342,-32.89994594867917,30.96747660533647,-32.904054165821485,30.955354081095702,167.59992351223943
343.83668908407765,1053.3337511930415,343.9607796581754,1053.3192374938017,7.400565147399902,gaia_full_1491,0.1249364560307906,-40.192701507346484,-20.632294321362597,-40.18985810746879,-20.63283705326651,167.60107042857274
3342.662084527754,3508.942640058816,3342.4050879298647,3509.1434637954935,5.749049186706543,gaia_full_566,0.3261555220133088,32.59705548209985,31.29398774523975,32.59175364994315,31.298845492571015,167.63808075016502
4051.774852798381,2151.539597327963,4052.218105560076,2151.618465548001,6.253800392150879,gaia_full_1630,0.4502146231328572,45.1298237886881,2.1164454532564534,45.139834509077055,2.117940893806455,167.648351247193
2989.719779153838,326.35080860779937,2989.528477341855,326.13598346699314,7.9813232421875,gaia_full_3244,0.287656434641083,25.002265153641,-37.64756153163028,24.99839600142888,-37.652631785683134,167.670932401026
2783.068343109971,215.32588709027337,2782.6138387134306,214.96726169488537,6.721744060516357,gaia_full_586,0.5789528656909719,20.069667301821283,-40.49550266205526,20.059104425631258,-40.50423702233777,167.68408213198182
4052.9156710069833,2144.4519313243427,4053.4393428784674,2144.658193293071,5.609282493591309,gaia_full_805,0.5628287738977619,45.15256613619054,1.9727275511668751,45.16443509619678,1.9767909396866996,167.71580317302337
2710.1790494584257,3912.6138501757896,2709.744031632682,3912.81576175982,4.891197204589844,gaia_full_120,0.4795923232083485,18.248254253424907,41.37654941713228,18.237289664348115,41.3817731006051,167.7697913666091
4053.642348199115,1964.0646416412137,4055.33143764123,1963.788399885863,6.830547332763672,gaia_full_1433,1.711529330997042,45.1635517265552,-1.6787624707504745,45.20165930522892,-1.6840470369416936,167.8098263604222
3425.664850776779,3435.6590971253913,3425.406748950558,3435.958005321812,7.05450439453125,gaia_full_2313,0.3949210839980137,34.256570142852546,29.552382255882936,34.25180144472061,29.559271776373357,167.84715785257578
3567.3873691005538,806.622806987477,3566.9122740712437,806.4950232229708,7.352278709411621,gaia_full_1820,0.4919796513541254,36.94914593103189,-26.123336159746795,36.93836123716278,-26.12707931243458,167.8525022347758
1912.603914483996,4052.321312840287,1912.4717112005633,4052.368552226532,6.66289758682251,gaia_full_1825,0.1403896996336296,-3.85518790789854,45.091856151615694,-3.8590307402240835,45.09286310025244,167.9013493753179
713.038432897711,614.004139835832,713.3172196299736,614.1523713999959,7.820003032684326,gaia_full_1989,0.3157445782592612,-33.39041295572908,-30.59152707181556,-33.38274969342385,-30.589082908839604,167.9768108428899
2083.057782417363,4059.025698083455,2082.5575020283495,4059.048976438125,7.374325275421143,gaia_full_2872,0.5008216742788618,1.0365330868914044,45.26855990037114,1.0221591140338275,45.26913924100003,167.98663494094222
3263.606873642962,3580.212264695844,3263.588614932364,3580.5006043760104,7.1678056716918945,gaia_full_3162,0.288917205564272,31.008566462393105,32.992891992875364,31.00967902264572,32.99905119276653,167.99473756270518
3352.9208807392597,3505.6113205095317,3352.487316438499,3505.9032995449434,6.698977947235107,gaia_full_2068,0.5227138414219589,32.83354803804985,31.19889836272131,32.82436703007042,31.206104879486613,168.02433032520952
3570.56578447432,3286.129996103706,3570.4802267981954,3286.425505153141,7.658325672149658,gaia_full_2697,0.3076454359187718,37.01940154783915,26.090140575446153,37.01876951914225,26.09647717524592,168.0306933909148
268.1983297990801,1168.7589336836731,267.7061692996931,1168.753807722218,5.7641520500183105,gaia_full_1730,0.4921871926794854,-41.51929774723986,-18.12210381444805,-41.530714833759184,-18.12132851632933,168.1030615229009
1133.6843455980234,3791.397073844467,1134.207450093253,3791.2325752079087,7.687839031219482,gaia_full_3263,0.5483594754896641,-24.355914053783895,38.22660874542863,-24.34126319225276,38.224201460169745,168.1195931631188
3114.347407721856,3693.939914740331,3113.901401395252,3693.93688979489,7.489803791046143,gaia_full_3574,0.4460165845189112,27.83822263855655,35.77482333133264,27.826734498625708,35.77581098713112,168.1461621539687
4058.440857828685,1973.769983496103,4059.9524359131265,1973.324935468882,5.435783863067627,gaia_full_2506,1.575733496469969,45.268430393493574,-1.4815552545877475,45.30258144941811,-1.490315250550078,168.1588129739961
3749.3595672861943,1039.291278072279,3749.4571099569785,1039.3485156316574,7.556228160858154,gaia_full_3365,0.1130960248076552,40.23002290480946,-20.92257480422354,40.232075063554305,-20.92120337271478,168.23130126772384
571.7971702944691,749.7149729712921,572.2235980851715,749.8025092288481,6.3269782066345215,gaia_full_1243,0.4353197182189592,-36.13973143323641,-27.41254333678285,-36.1289893332647,-27.411720115078236,168.24723975069455
3092.4347482744515,3710.7375300418785,3091.94442453037,3710.9317543755337,7.256081581115723,gaia_full_2714,0.5273902405188943,27.365658217497185,36.18656485567687,27.354063487570386,36.19188313683894,168.30412187221336
2202.3982482848965,38.016578014180325,2201.9227302525564,37.91656543020849,7.734823703765869,gaia_full_3493,0.4859217180094271,4.461995126178867,-45.16475281614399,4.448477169470149,-45.16722827929576,168.3764894223483
3305.742810640776,3552.390355964572,3305.746867964255,3552.516710244782,7.633760929107666,gaia_full_3357,0.126419405161073,31.912415211287957,32.3012590103839,31.91320478494899,32.30392038811042,168.46345832704588
3694.0732072917194,3139.7138257958964,3693.99676753366,3139.989128716671,6.182380676269531,gaia_full_513,0.2857179287327172,39.28681837638163,22.786507983864425,39.28621017937948,22.79234640827489,168.50027830552094
2929.200133218779,3813.919199172118,2928.7471714718777,3814.019814106253,6.060995101928711,gaia_full_1096,0.4640018417276291,23.652809493869253,38.78300769010592,23.64133793268047,38.786176463281585,168.51591869716552
841.1055994712393,496.6292721175888,841.6096480110059,496.5774407674528,6.975269794464111,gaia_full_880,0.5067064429210958,-30.83306675699048,-33.38290397951061,-30.820653746366023,-33.38523275611827,168.56516568054192
2806.1927892074914,3877.2852093065367,2805.9202489267027,3878.901583601539,6.779098987579346,gaia_full_2610,1.6391900640856922,20.68718137442009,40.419821111601614,20.687771715706415,40.455717351121415,168.57179966446608
830.7377498855398,3589.779466313754,831.0149379814764,3589.2688189866017,6.573529243469238,gaia_full_1339,0.5810283411818801,-31.052282311644973,33.196596824981405,-31.042501894612343,33.18644704900828,168.5851984457242
3916.4898378235425,1339.7742374212237,3917.1710500889785,1339.8580404690124,5.557888507843018,gaia_full_291,0.6863476534520297,43.058392997887495,-14.481922406644907,43.073758019541835,-14.479204831294949,168.58596630533734
3827.4536623695903,2935.2921070872376,3827.372521003967,2935.544754211982,7.787227153778076,gaia_full_3212,0.2653572890589143,41.59342480298349,18.324810509174423,41.592451867631574,18.330126385230116,168.6239075524113
394.42776449167326,3134.970773233786,394.24119420107695,3135.157500672833,7.71931266784668,gaia_full_2724,0.2639613794217595,-39.39595472827884,22.677067378444683,-39.40116216714229,22.680519816931877,168.66193779812116
3744.299695240789,1022.6136481746406,3744.266084192624,1022.4679449144114,7.512153148651123,gaia_full_3241,0.1495297381800295,40.179328456357744,-21.275563816330955,40.17913840980382,-21.27862686725635,168.6735889043565
801.8356487173833,3567.5115321236112,802.0895679412768,3567.1105930145104,6.281799793243408,gaia_full_700,0.4745810167602896,-31.655415739386484,32.654276368342146,-31.64685872497147,32.646414819364146,168.68048142201212
3144.7944605861176,3680.007548966666,3144.641600176159,3680.3078202929314,7.592226028442383,gaia_full_2550,0.336940906257839,28.543168978425054,35.40426499996536,28.54091399330548,35.4110495870999,168.73000735182282
2961.0373279813944,3798.97847678877,2960.56125943954,3799.1103125233394,2.859362840652466,gaia_full_2,0.4939857462043141,24.415274053958843,38.389153808899174,24.403418899669514,38.39306628934965,168.77193689720644
2858.458289057849,238.77212513524364,2858.0222524341925,238.55963808838396,6.049471378326416,gaia_full_372,0.4850553393716018,21.982035162926508,-39.83194393392645,21.97143377627424,-39.837481964343944,168.7806820139009
3768.0147429539415,1056.8501724206944,3768.232701015083,1056.5929172606911,6.936723232269287,gaia_full_1748,0.3371734475975937,40.595944540389,-20.524815231719703,40.6020607833695,-20.52966380379978,168.78987865928988
3417.7790262788517,3457.7246162935453,3417.739779781682,3458.1232114040668,7.461479187011719,gaia_full_3320,0.4005225957067815,34.178877979296836,30.034315671081607,34.18002473797659,30.04277272235594,168.82444240942417
2245.778352985719,37.64326890342365,2246.0686938820013,36.806151946119826,7.793735980987549,gaia_full_2322,0.8860376043147016,5.707127379166729,-45.14937467576551,5.716828753617458,-45.16798859741669,168.90541928013158
3372.215413086265,3501.3232289224993,3371.9395803004054,3501.6153588110783,6.803615093231201,gaia_full_2414,0.4017755561955563,33.28830273229843,31.061545938310726,33.283051059185944,31.068368492755596,168.91257695968088
400.9559384380744,944.2311368202684,401.0280720874439,944.1874636862084,6.576053142547607,gaia_full_600,0.0843244093366462,-39.30641471926589,-22.995988440658056,-39.30490314653389,-22.99704342114535,168.9424948585685
860.1234281929409,3618.0054535745458,860.5142168413179,3617.50749786707,6.6533613204956055,gaia_full_1960,0.6329894582913561,-30.467093068670493,33.86739592264983,-30.454448310639773,33.85777400166742,168.94587022069595
3069.021968563587,359.3312133884994,3068.585778247896,359.1521009559308,6.649747848510742,gaia_full_1639,0.4715328779663517,26.89116780057265,-36.75532352125775,26.88083461453105,-36.76019418583911,168.9486752284326
3116.2940923563674,390.6803181185866,3115.8102628218035,390.5325513178318,5.594053745269775,gaia_full_347,0.505891338057564,27.940061084967905,-35.971127307512425,27.928416653936065,-35.975444462614334,168.96243871682213
1882.5309442109549,4060.270216116103,1881.5808902396295,4062.0294633978624,6.029543399810791,gaia_full_591,1.999388293156091,-4.728107519953628,45.25656863937525,-4.757814317704308,45.2956031561706,168.9664871805512
1312.334359992562,198.9989114730659,1312.595820236328,198.30218299594455,7.358580589294434,gaia_full_3011,0.7441720432144991,-20.11038967970681,-40.85589717508889,-20.10668579792009,-40.87166904610724,168.98455649472083
978.54135761906,3705.246200675097,978.6909982945848,3704.6406527888703,7.396868705749512,gaia_full_1839,0.6237632357590687,-27.92922811428764,36.014376394293116,-27.92201021352065,36.00176458858328,169.0250131747925
2877.9298443486086,3848.4913637381687,2877.4668812996497,3848.5905759132047,6.504134178161621,gaia_full_2428,0.4734742235610507,22.46863339037159,39.64437576593345,22.456767758946462,39.64751428736023,169.04398883522234
3390.002268975361,605.8064207281093,3390.017263870621,605.4850164886575,6.129247665405273,gaia_full_869,0.3217538376172703,33.6572981214555,-30.741870173824886,33.65939636218066,-30.748587102184448,169.1334753834503
1166.566303777343,270.69437386610434,1166.6642460066464,270.8973436876288,7.709911823272705,gaia_full_3169,0.2253651009597656,-23.655536373014137,-38.990507392054376,-23.65186032785387,-38.9863184187126,169.17061716089626
923.7901446853384,3668.885230894592,924.0145350874792,3668.332347272098,6.668602466583252,gaia_full_536,0.5966836285628004,-29.13180027188869,35.105513765041955,-29.122980425344885,35.0942628615206,169.18736600533992
1079.3763456101174,3773.0145484000473,1079.5177071662342,3772.6363072185104,7.458196640014648,gaia_full_3623,0.4037938594854726,-25.683481911920243,37.7070029677736,-25.6777115355238,37.69917080172659,169.22059709196324
3118.149341136133,3707.2321078279824,3117.499999697003,3707.5557945552137,7.554078578948975,gaia_full_3077,0.7255462783012584,28.009628441627402,36.05047058089363,27.994695444425627,36.0589549938809,169.3579488787863
3482.977260105948,3402.4406908580463,3482.627421037929,3402.857962047954,7.73006010055542,gaia_full_3004,0.5445205408794217,35.48393210208067,28.719162861834693,35.477576349460215,28.72872108729178,169.35984365199226
3639.11266038895,3227.4492263942525,3639.207248629863,3227.678524151529,7.937503814697266,gaia_full_2718,0.2480411191940212,38.379468374002336,24.718171557489317,38.38279044245633,24.72269911624569,169.3782339325597
3762.034653341731,3059.5033484450096,3761.724125634532,3059.9573909978185,7.547113418579102,gaia_full_1654,0.5500746283001499,40.546120013130064,20.995566072321054,40.540702474232035,21.005512685663298,169.39162742202635
3252.628921163282,3608.7705751017,3252.5745032860195,3609.2898846134754,6.194878578186035,gaia_full_684,0.5221529224144428,30.889495413751227,33.625378298709215,30.891014997935464,33.636526213786844,169.4278041875829
3014.1527802491787,318.11334075496444,3013.5965642728743,317.9534906571978,7.58262825012207,gaia_full_2782,0.5787298731293358,25.686870982976345,-37.77002133509387,25.673169626376556,-37.77474837484478,169.44293541832695
3171.0089652555625,422.3165656738653,3170.430235558816,421.9981524733116,7.571672439575195,gaia_full_2967,0.6605414659073764,29.16787591095619,-35.16326167299658,29.154861575596936,-35.171460232310466,169.4833131924652
3910.488078613425,1300.146403042708,3911.13965387545,1300.3318438499414,7.018298625946045,gaia_full_2728,0.6774500830845611,43.038392920869114,-15.29788808573906,43.05278593881745,-15.293092096926372,169.49888300391197
760.1732551697704,548.829230210532,760.4442560149348,548.8745432348387,6.031183242797852,gaia_full_267,0.27476304018487,-32.573699474289704,-32.07974774486053,-32.56669399184789,-32.07946327195212,169.59063375355382
3089.489087497154,3730.039996638176,3088.960719606037,3730.367339474295,7.576172351837158,gaia_full_3676,0.6215512534956595,27.3962207990957,36.60762797717844,27.384356950100656,36.61590609713163,169.62901887423993
3053.428584670517,339.63301657453644,3052.948808559044,339.48768346050815,7.532995223999023,gaia_full_1490,0.5013051278145101,26.594585733788303,-37.21530953646028,26.582888403827607,-37.2195609094489,169.6824837494369
3335.9200647044363,548.8593812574551,3335.9589164413173,548.4280206332578,7.8161940574646,gaia_full_2181,0.433106736921215,32.625717600228604,-32.07392372805124,32.62906479941028,-32.08292190961048,169.76455268401747
3153.408930324392,404.6289737945438,3153.0047764597816,404.3715343049478,6.976838111877441,gaia_full_1828,0.479182050042374,28.816375056493655,-35.58351410217866,28.807452481153465,-35.589993508789036,169.86777630517557
4070.816639745444,2234.289522175992,4072.3811328348897,2234.323302710002,7.654203414916992,gaia_full_3745,1.5648577415861415,45.608330123789756,3.7833850344390854,45.64359912869024,3.7834222369817683,169.91377007990812
3334.7125360829627,3550.848544331895,3334.3233397953068,3551.043276016366,6.2412872314453125,gaia_full_957,0.4351944154765904,32.62715252019979,32.19726324137033,32.61852122284476,32.202337725431455,170.0476157433721
2000.176126346088,4083.633560828284,1999.3767507332611,4084.209710697896,6.989716053009033,gaia_full_2273,0.9853679732142184,-1.3556954348978534,45.82078141743553,-1.379072660818735,45.8336234561562,170.1149590569353
771.6358878302359,3562.4573549363854,771.4172037280837,3562.078683367727,6.4248738288879395,gaia_full_903,0.4372812521070124,-32.38320698843855,32.472863102024775,-32.386567628826015,32.464328519154,170.12302958811102
3347.1161510961247,3543.5666766184127,3346.9284438390087,3543.572132545604,7.088690757751465,gaia_full_3013,0.1877865317735378,32.896028635069705,32.01289609907711,32.89138250477317,32.0134796064532,170.2800502761146
184.61738399082805,2818.875011107936,183.8394281142596,2818.005880732249,7.958005428314209,gaia_full_2263,1.1664488655014955,-43.090837850125325,15.80884846804419,-43.10597156830533,15.78990526182207,170.309952800781
2870.577414833398,3866.3394489980014,2870.4482703308013,3868.2488117486655,5.830544471740723,gaia_full_1138,1.9137252718649007,22.364450091299172,40.04850937201424,22.37097475436637,40.09035185550985,170.3200917707703
3303.9481303240964,3580.4421738112096,3303.5675214244666,3580.7772359114333,7.79897403717041,gaia_full_3571,0.5070796244020508,32.02242415931051,32.898497071019065,32.01475346813113,32.90652548067706,170.32360834325902
825.4271626818133,3611.8556646914335,825.8000124272944,3611.307205968518,7.097418308258057,gaia_full_2013,0.6631922070170342,-31.30915054356828,33.65121627649749,-31.29664533813374,33.64053420532774,170.4601857198933
3034.733060206583,316.5230722180251,3034.2398293423003,316.4106847741896,6.742788314819336,gaia_full_1505,0.5058731293645591,26.23490251211868,-37.75640906809111,26.222611162704368,-37.75998734716357,170.55206294516674
3916.120012965184,1279.5500497381831,3916.9373444187386,1279.6069444204572,7.146731853485107,gaia_full_1743,0.8193092882672458,43.23172220318176,-15.707936173535265,43.25032794212486,-15.705457309386889,170.70573590121785
3084.0995227720286,3750.3328036415137,3083.629224247214,3750.554108573687,6.484373569488525,gaia_full_1368,0.5197658852280357,27.370484971760373,37.05576502764149,27.35950759262538,37.06164298837649,170.9013750439915
1168.530901059805,246.39924986067732,1168.706175187519,246.52233640960503,7.927029609680176,gaia_full_3366,0.2141759052106712,-23.733639976500157,-39.52179146160329,-23.728295177278795,-39.51951288238019,171.01069905800404
3305.7193467819748,3590.0421130068667,3305.6696458436736,3590.220353344811,7.613127708435059,gaia_full_3520,0.1850399992934491,32.120944312957114,33.096784273490385,32.120705345722044,33.1006726537029,171.1141016900015
3846.8345612136577,2956.7977975839553,3848.195595969371,2957.3686763837645,6.156317234039307,gaia_full_733,1.47591267029287,42.12152858279702,18.728439038675365,42.15523743993149,18.737528732518054,171.1448561372488
3917.245463408539,1268.0221399654895,3918.010895921721,1268.1864571991982,6.618009567260742,gaia_full_996,0.7828710529386229,43.29429199315809,-15.940438775888401,43.31136800835587,-15.935841002473182,171.21185636953174
882.5180369191539,3666.3436024348985,882.7923798157703,3665.6387671355774,6.669530391693115,gaia_full_1015,0.7563443819404733,-30.17118358293089,34.949755301352326,-30.16014173387181,34.93546273150107,171.22371630316212
3090.206955901543,340.13513147101474,3089.6796089028676,339.99800450258704,4.8167595863342285,gaia_full_136,0.5448840816928348,27.54949899600895,-37.11673011746808,27.536561647231277,-37.12094860297037,171.46896136382858
3809.529834346612,3028.8725497309965,3809.635392177455,3029.144926574533,7.391100883483887,gaia_full_2581,0.2921157314271964,41.53224990185086,20.2726204035471,41.53580588831385,20.27797580210804,171.47668373269988
3837.188995205686,1109.6180482306404,3837.727763875027,1109.347502180955,7.024768829345703,gaia_full_1192,0.6028821145667869,42.0018265458372,-19.309632414877917,42.015393024140536,-19.314112906293445,171.55326758322968
3043.490629871669,3785.170415322793,3043.16990452886,3785.3145793892745,6.182325839996338,gaia_full_914,0.3516362091487443,26.50780842793469,37.90118267778968,26.500217221531678,37.90504741988187,171.58238475249
1019.5483534825996,3767.3764441012017,1019.6341869440004,3767.313584030782,7.846220970153809,gaia_full_3448,0.1063897154298603,-27.216271853355057,37.444630729411834,-27.213671329579796,37.44348976542702,171.72449344645486
1120.8043057578743,263.99087243336345,1121.105389210707,264.0275591338893,7.00003719329834,gaia_full_1452,0.3033103354077071,-24.90651758994383,-39.03272025120559,-24.89832428864365,-39.032622686356156,171.75948852768656
3819.9692314691456,1068.5875688069264,3821.360729296242,1067.6810248550582,7.641465187072754,gaia_full_1857,1.6607492705049094,41.76192370221062,-20.181016502572536,41.798022158344935,-20.19673094059024,172.22004389576077
891.4023610069156,3687.0316322471226,891.6359089704181,3686.514493345643,7.547377109527588,gaia_full_3629,0.5674304315764974,-30.063809323071297,35.411745391140684,-30.054817493794964,35.401344191586055,172.28255285318332
945.6988119534608,3728.3818860391934,945.6937242049949,3727.907491530302,7.456292629241943,gaia_full_2350,0.4744217904466557,-28.908523474708137,36.42870436381185,-28.90588547415546,36.41857103583873,172.4947371592222
3735.089790052724,3162.4231385779285,3735.108946958811,3162.604401967602,5.1089396476745605,gaia_full_146,0.1822728819291023,40.35584916452917,23.164347587399842,40.35712467867012,23.168022605008296,172.63799035727018
822.1981849673671,3638.9665408452897,821.2905389564762,3638.5432050933464,6.942925930023193,gaia_full_1189,1.0015160707445094,-31.546285983623626,34.216702464803205,-31.566816916142642,34.20542608047158,172.67865738441114
849.1019906708693,3662.1525451626712,848.307926273894,3661.734820270676,7.443090915679932,gaia_full_1811,0.8972359510942236,-30.998387293126953,34.77629765165788,-31.016155142979695,34.76541720825675,172.8444042557248
2949.551703456662,3868.1594459796943,2949.5707403402744,3870.0092276832593,6.60897970199585,gaia_full_1182,1.8498796592701523,24.49150926943119,39.9121990106116,24.502549879571024,39.952159485227945,173.87308449254985
3747.289182644351,3180.7529328910737,3748.609094862438,3182.2332019714063,7.373347759246826,gaia_full_2474,1.9832712405624895,40.72850412937126,23.512446208834614,40.76663000670846,23.539730193626973,174.64265195451796
3000.130735170534,3851.927427607102,3000.154699441144,3853.4830075837726,7.321386337280273,gaia_full_919,1.555764554836246,25.747831968769624,39.44197980948276,25.757602187743895,39.47543012132135,174.86816020649533
