,px,py,area (pixels),flux (noise-normed)
0,3991.0790493379573,2049.9252798924194,40.0,6077.923167917496
1,1416.1621174042386,243.5166553832607,48.0,5444.18599698879
2,2961.0373279813944,3798.97847678877,35.0,4276.462093993565
3,671.639992658233,1626.7892589955518,33.0,4067.7379398514695
4,3594.5477139783216,3170.068960515229,34.0,3867.7698381964415
5,3261.0944050254493,713.8493088335433,37.0,3811.8388896635697
6,927.9176536372237,3528.9229854437285,51.0,3684.302413145237
7,2328.627356747487,261.2685347606618,32.0,3681.8948173431863
8,3252.0009040794,3449.62756935946,43.0,3668.142222207349
9,1379.8606258921138,2866.7337526938873,26.0,3613.76449930196
10,1108.546021170944,3423.95358639985,36.0,3442.4740033723956
11,4046.4318075136052,2019.9935163896218,32.0,3275.957621831516
12,1633.2212037102388,187.82591957260732,33.0,3126.8360005232294
13,3329.836955450212,3001.636836103614,31.0,3123.326046127327
14,3221.7651575273885,3235.6474560891693,32.0,3105.0603748160197
15,2550.32082454584,552.9225964268333,56.0,2755.372464995952
16,633.3236172011062,1122.51968665748,49.0,2701.1654876599578
17,1456.373323301275,192.16080106354008,34.0,2676.6672565290305
18,1109.8632448386431,3688.7064764354554,41.0,2597.342203475833
19,2638.45477574362,3458.1338887362413,29.0,2569.2094338448615
20,3598.6273915432635,1008.5446012028129,32.0,2563.887999020466
21,1538.636619018151,3602.7749287870342,27.0,2561.4431403360104
22,358.9058208042162,2712.626749253177,39.0,2525.9027198127083
23,3003.37362317337,1605.4869587485628,29.0,2473.5877619437947
24,2594.676330705931,3507.2721871012827,30.0,2428.6586436987004
25,2273.8346471684895,166.84032585493046,31.0,2424.223647107893
26,615.382649638156,2395.604436709735,31.0,2406.5345680881715
27,2006.2422740193385,3992.0566832771883,38.0,2303.508557589533
28,3850.815251849877,2188.782377164319,30.0,2246.100134080314
29,3204.0309517106657,2217.8063543515746,45.0,2228.5888421279765
30,836.354499989114,2419.824591323498,30.0,2197.325831809062
31,3044.6687739318763,1691.472493538979,32.0,2159.371419688787
32,795.6364124479666,1825.869726127591,29.0,2142.064535567287
33,2737.5911336656404,3331.4499197437563,32.0,2107.0082416531677
34,2333.7011443826354,626.4475269268376,30.0,2099.6657849870326
35,2333.3159891443665,638.4543141003343,30.0,2095.362503563758
36,3490.031228339356,1663.0575540563125,31.0,2072.243731492895
37,793.5624365299076,580.4708021259873,32.0,2066.6742973413225
38,924.273503716885,1223.6950562621826,30.0,2020.7639327071336
39,1918.450501187952,999.6520791599283,29.0,1957.4663495640473
40,2039.0699667479248,515.6696562958824,30.0,1942.646269528326
41,2733.661410691206,236.638548932093,31.0,1902.8794345406125
42,951.227241830483,2500.1449338151783,29.0,1842.7435890242125
43,2861.1865071768366,2777.819700906504,28.0,1837.8968969264433
44,1305.7928951578813,2904.5185549181274,27.0,1816.4415144785887
45,1129.268613528794,2711.112753687982,30.0,1815.046429047335
46,3543.152770825389,1696.7559680532663,29.0,1806.290603757167
47,2463.744930128175,870.7380594106444,29.0,1805.1913329866131
48,1943.9669253323882,3659.2883408191565,28.0,1796.6152785835025
49,1709.8013142438892,645.0763137747973,28.0,1794.90358579887
50,3531.3782548735667,2938.1713719344125,29.0,1749.2670546960153
51,1762.501177735019,3692.254319480915,26.0,1737.5332095197953
52,850.6420821000579,2771.636554777547,29.0,1705.6082852265286
53,759.4679378440628,3250.8744890803246,28.0,1694.9323077066229
54,2567.9633164085635,3458.960564588451,26.0,1657.5021303276903
55,286.0802512548934,2935.3392926814104,27.0,1657.0856613397111
56,2979.618310515237,374.8863808699035,28.0,1656.0553161504888
57,189.81455835351403,1805.4841342971383,26.0,1641.4406804254263
58,756.033574603909,1824.1137687019364,27.0,1626.2152436889987
59,3228.1462266191256,494.19857603754,29.0,1614.82396349299
60,3548.627158137026,1314.1135975182983,29.0,1612.7753115546316
61,1719.2716876190902,3823.565345814889,32.0,1611.187504475271
62,2540.020960981661,997.6577641622762,30.0,1600.8946323800146
63,3436.8436814206743,3341.5539093531015,29.0,1596.0853779388772
64,2315.9081128633343,3139.309944943334,28.0,1562.2077442866114
65,872.4394619215735,2245.4284279647177,28.0,1517.800814138941
66,3837.8933400022675,2279.4445414775673,26.0,1507.5722913774916
67,1803.248757626884,447.35856991408247,35.0,1487.3765617718927
68,1954.5682719461427,998.3678382459389,28.0,1485.6590524951423
69,1143.4790477267713,1550.722196750007,27.0,1483.1981261377946
70,2270.1559065481088,3934.9524566451682,27.0,1479.0871342979162
71,2358.162593316763,3157.8409985743538,39.0,1478.6110522283484
72,1144.6437497180618,591.7304737263466,28.0,1472.060741270006
73,923.0391580134088,3403.353156698151,25.0,1467.79728810593
74,463.26713758227766,1431.7884702096678,27.0,1465.383612686683
75,994.113299004757,1340.7191771674682,27.0,1462.144871505921
76,3621.7097853062214,3038.9385726206347,27.0,1441.8826485292338
77,2959.98911228966,1347.8924506344254,24.0,1437.4296066431739
78,800.9399005698277,2301.0554136024907,25.0,1424.260174364128
79,2422.872723734117,555.4671118137483,33.0,1410.615142104211
80,2390.362844780006,181.45590122521568,27.0,1408.5924839251477
81,2897.310288458357,2719.4292325299075,28.0,1385.312391850126
82,3616.1042533566256,2883.532883398414,26.0,1367.8220308533632
83,3520.846778432688,1185.2211854271811,27.0,1355.1062070217185
84,852.2856887946616,1623.3550592733332,27.0,1336.7087124181026
85,3606.2963042309916,2059.5579255470793,28.0,1319.6772119311433
86,3162.220963886013,745.2285949171123,25.0,1302.405321060656
87,2517.1619503624784,3492.4146215076594,31.0,1284.7328458816244
88,1351.7171802715725,3680.3583973776576,28.0,1276.7356368094424
89,3201.509369983801,3330.330801131459,27.0,1276.2930046802187
90,3549.5124740324422,1739.0524350440567,26.0,1271.121718357002
91,3733.3570508138932,1832.2451886840856,27.0,1257.3913276580288
92,3494.534684428305,1458.6967458529161,28.0,1250.7744950294664
93,527.7161909140773,2965.3013396556275,27.0,1233.3697754540678
94,3947.2751306180135,1837.886800043347,24.0,1196.1483198887954
95,883.5944688471833,1383.7915449484633,27.0,1195.10557540012
96,786.6453943864226,1945.6731691461762,26.0,1189.0058625001107
97,1133.8799745652102,3653.850637611945,23.0,1183.0760737380583
98,701.4976110197541,1694.2011061725743,28.0,1178.626984253742
99,3518.08929342738,1739.0850776695688,22.0,1173.635216740928
100,3756.5459347744313,2783.1930233713633,26.0,1162.1186197318211
101,920.5059382619667,2775.156806812864,26.0,1157.9991981084038
102,3077.782059039368,1303.717102075863,27.0,1153.6420675423865
103,2977.77569303875,2725.020929538206,24.0,1152.4539464692966
104,1112.8965657394644,2670.1493786090964,23.0,1146.2860784281618
105,2804.0742301049017,1313.32198492917,22.0,1139.1218496828583
106,1262.0410710188467,2730.2140637207494,24.0,1129.370850044008
107,2376.9083305048866,3883.933420556366,25.0,1119.021135549336
108,3172.4196685604475,499.19342057390816,24.0,1108.8920498075267
109,3151.0641587308824,2063.2815432501607,29.0,1106.1050807478994
110,1045.9561370393205,2487.130033063059,23.0,1086.49443379349
111,2227.9395993467397,3966.4197250694638,24.0,1085.0057404768445
112,2984.064416875801,3709.9898400977386,31.0,1072.7354670547059
113,2515.8769573909767,3735.111783825026,23.0,1061.5400626059848
114,3187.1559357029723,2309.7481919782263,23.0,1046.881302054655
115,3899.551699693733,2141.129419301241,24.0,1044.457340712711
116,1905.5611958401112,107.60836438258207,24.0,1044.3785973880324
117,2661.0431865262954,3469.037705344325,22.0,1032.6247875287659
118,3651.051049194559,2511.069024168533,23.0,1026.5997286717327
119,1094.8987826974292,781.9974302392521,22.0,1025.6495511836288
120,3596.471532699965,2672.0978697260657,24.0,1021.5806189831201
121,2875.400767170539,3561.4238414947185,23.0,1008.4712330761419
122,2710.1790494584257,3912.6138501757896,25.0,1007.8330990353528
123,3698.946738569438,3093.592553891383,25.0,1001.0627420952145
124,2771.337907479299,887.8671627039311,24.0,998.8532123729319
125,686.4206506085345,3182.9194637675423,25.0,998.676085447615
126,2460.455847618461,3360.507522246891,24.0,998.3862419167458
127,1038.1793414620463,2284.5890306742517,25.0,997.7247319084909
128,926.3481465906465,1276.6595340163033,25.0,995.4747872046263
129,1893.3124665759237,881.8740424270651,23.0,994.5888199989735
130,2693.053060474068,3259.8672162184007,23.0,994.1580217330214
131,890.4316971430328,948.485264907431,24.0,985.2832597095419
132,406.25764277016526,1400.9548505362882,23.0,984.9716811654588
133,374.1084070797563,2367.1706702089245,23.0,983.0417797887237
134,2828.4362388431014,2843.9421974477123,25.0,981.3046700596691
135,2884.79560482365,3798.599719841369,24.0,981.0742980719812
136,3157.9949145972987,847.7952102911693,23.0,980.4072409285556
137,1163.1422600912963,1514.2512422646384,22.0,977.9070778863666
138,3090.206955901543,340.13513147101474,23.0,972.5121516039121
139,1571.4561383716805,2997.6331014406924,24.0,971.6843850790001
140,3846.782843991616,1863.938154963001,23.0,970.4487317100013
141,2365.964915667549,1095.824945644964,22.0,967.9023268856398
142,3260.6490843282227,2025.9802194983592,24.0,967.8194707351902
143,1214.944511989719,1419.0641188850232,22.0,962.7369502330097
144,414.5152801052824,1779.8769617913317,23.0,957.2817291765882
145,2913.1479021412747,1332.8218006649151,22.0,957.0465900209592
146,3452.4696530214364,2236.1130236807458,25.0,954.9436713710364
147,1788.1649955236192,3574.4625674110393,26.0,951.0794075377382
148,3735.089790052724,3162.4231385779285,25.0,942.5045502018701
149,1672.2139062837525,3675.1724732559273,23.0,939.4761535695388
150,1640.6860871415083,3864.0420079794467,24.0,937.1486393239167
151,1331.045911191488,322.86945543142053,22.0,923.7694768967009
152,3204.6796793996323,3426.883713633211,23.0,922.8342466075096
153,1277.557384500987,2784.086256580643,24.0,914.2717143629733
154,3280.574432975954,844.7551124684256,24.0,913.1507653265562
155,2990.3499204456293,932.9611831870005,25.0,909.2877089052377
156,2267.6338449613672,821.3246441434127,28.0,907.610469467334
157,2291.54081886026,3714.215347020113,24.0,903.8299188835363
158,628.7256422424588,2602.0111791368954,23.0,892.4013705485497
159,2935.985128336481,3104.9798619117323,21.0,883.1390292054971
160,1518.4647795504613,842.6417797121682,22.0,877.9001899835612
161,3088.257265503469,1026.9417925273738,24.0,871.6105853254683
162,766.2192953687272,2120.169797888613,22.0,869.7990619959227
163,2917.10392650105,1006.3018701512999,22.0,869.1985983021542
164,698.5985640000063,826.5975620084906,22.0,864.9271567509517
165,718.309884395341,949.4436153335815,22.0,855.8394106071111
166,3627.305317648363,1105.45891919504,25.0,850.1425551857229
167,476.39105257666694,1279.2039909080422,22.0,849.8927493889587
168,362.46437326924314,1344.387241035312,23.0,849.3255563583621
169,3446.3912152759135,1261.1331546461302,24.0,847.9047411247789
170,1006.3165494373724,699.7862845288121,22.0,847.8497608777734
171,2085.9939260478077,3526.0000000639607,26.0,845.6888715509267
172,883.5736924733482,2025.8553044502069,24.0,842.2891650752726
173,1079.3629918015731,3233.439534492019,21.0,840.5393913329214
174,3900.769935354984,2469.5218466069364,23.0,836.0014233450256
175,745.4341067214654,1954.7072862851062,21.0,834.7734286808326
176,3149.8208202309906,2866.8253876984636,28.0,834.068121588205
177,159.3077162322198,1591.9215797813727,23.0,831.9841239868956
178,1091.9231492951171,2717.3349450395567,24.0,831.66109355904
179,751.2171578673971,2254.0778189364282,22.0,829.9946203775414
180,3809.6933726249395,1740.0447852809343,23.0,827.4802869184261
181,1331.284089448903,584.67754858718,22.0,825.25293514895
182,2563.9935260766943,2946.8921974721798,21.0,820.4755221274605
183,365.93068260754,2864.497195079904,24.0,819.3268834585409
184,1278.020109865176,841.9600660875207,21.0,816.1152747932323
185,1157.9098071220017,3391.6914207778195,29.0,813.147495387999
186,981.5966505061683,3049.2179119431603,22.0,812.1002189779754
187,3868.1218179726066,2679.114491699299,23.0,807.9330469954597
188,1976.4063666764766,3601.575193070405,22.0,803.4542766519239
189,499.15613890175393,3080.808097722183,29.0,795.219269342153
190,3098.4229795046103,1116.782527158329,21.0,794.8135825369465
191,882.2409346008875,1143.1772161796787,20.0,793.8381920996923
192,3693.0687996817837,1896.8598258145432,29.0,788.4854031548734
193,2474.9111308668716,3228.511865291594,23.0,786.3870253502016
194,2319.1768587726806,3580.8570520717144,22.0,781.3345490752712
195,3223.169406098432,2892.0386363824296,21.0,780.9570989027432
196,2223.8125003132755,735.2171301641989,30.0,780.7904142280761
197,1201.8398463447468,709.3889137206605,21.0,778.4976317576019
198,2702.257372817681,3403.0003869922207,22.0,777.9674652609774
199,2798.9842245177556,725.707232444488,22.0,777.8484801627509
200,269.1394856854447,2262.407788748965,23.0,776.0062409612827
201,1354.85938261765,1326.4445567921357,13.0,774.9723339968249
202,2827.793180118754,839.7093577322762,22.0,774.4983948103505
203,1152.5034978386925,876.4069909247385,22.0,773.2464728894906
204,1984.8313895820395,442.39412344841713,20.0,772.1473152809257
205,3640.1007561905867,2231.8495937679663,21.0,770.8982739359252
206,474.12538020227373,1787.8304946492779,22.0,769.4700993924666
207,3619.840546595736,2236.5097816978737,22.0,768.3258055916934
208,459.28282179403374,2659.888058175145,22.0,767.5915234402719
209,1903.1882228157497,3832.7945341002505,22.0,767.017690076785
210,2147.8857755801464,52.8727181927911,22.0,764.9742208487665
211,664.3239885585006,2534.9536695425004,23.0,762.9667614951217
212,2576.8990102160874,247.79771065031994,22.0,761.9911777647804
213,3105.6637637536296,502.5224977179549,21.0,761.2555858772158
214,2506.1207068019303,938.4135304916151,21.0,761.2481353208317
215,1321.0545842847785,664.4624497618057,22.0,760.4820216546177
216,128.62725640561607,2116.965422268145,21.0,760.1248509302714
217,2896.1295796245527,1431.241250454759,22.0,758.0777371954795
218,443.4502176092456,2542.2970068384466,19.0,755.3083214169677
219,2407.742159517463,753.815899730941,22.0,754.938247335211
220,595.6927628173751,1097.7791775550347,20.0,754.788344097775
221,1775.513452237595,107.49986844309706,20.0,752.6442891436045
222,717.9745927560515,920.6858103406312,21.0,751.0717183818549
223,830.8416782797842,1507.5823510257198,22.0,748.9886487044791
224,3411.8874042919383,3237.0803771110604,22.0,748.3880962394766
225,1389.4543935487686,786.1012844246495,23.0,743.4241097427324
226,499.53845614193403,1889.135453755055,20.0,739.3815270609839
227,3112.963452653337,3248.0026790219135,21.0,738.8861852938286
228,3141.48942175272,1418.1511110091608,22.0,738.3275116752525
229,1774.7034249651183,3109.0342343433217,22.0,737.9826736864339
230,3824.3748331828533,1993.9933772012753,19.0,733.6280495567194
231,2020.2825226023076,607.6929836979689,21.0,733.5650380117507
232,1585.8116819077566,1128.8530646043819,22.0,733.2961618320351
233,3842.5748707928656,1890.07624482193,21.0,731.0523691628862
234,3164.497066470573,1337.7419298905722,22.0,729.62116745743
235,681.7787074665873,944.3539514708297,22.0,729.5902622962068
236,2031.2363755014294,3699.0156483760657,22.0,727.8598811306555
237,1050.0087263529645,1641.0104583922885,21.0,727.3259846364847
238,3560.2936242926953,2780.4511904374112,21.0,726.3457614390336
239,984.75553840878,1709.5123139435138,20.0,725.8834851674746
240,2186.8162658761275,228.94389327391428,21.0,724.0560576132622
241,3361.425912666514,1673.3181939426825,20.0,723.2332665205118
242,771.4565996538785,657.4002559677663,21.0,722.5798328495015
243,3692.474440499303,2146.907704019964,19.0,721.4036793655514
244,3667.4869098335334,1488.1003101796248,21.0,718.6295808280771
245,1694.9414144054379,3012.1915924764016,21.0,718.5213110086252
246,419.87594718903574,2068.0873910737137,21.0,718.2412385001186
247,3784.2762730901295,2371.795450716702,21.0,717.9314336141963
248,3148.0465208660094,1067.3032008613814,22.0,717.592842082576
249,3132.0935774471686,3455.254774681849,20.0,717.5399681000684
250,700.5861246944177,3108.0267755109776,22.0,714.188893982639
251,938.535666994196,1869.0150416699464,22.0,712.5162568034218
252,282.62077342375966,1516.944147981257,22.0,710.2825157282206
253,1929.6225377689002,3451.2574777741397,21.0,709.6643224243381
254,2785.630044764289,1046.6003667938792,21.0,709.2331520078163
255,806.1642124580991,2184.3445223379968,21.0,707.1651177249773
256,1089.193187381811,2663.5756063581016,19.0,706.8358472081079
257,3538.1477247882663,1387.0114905461357,21.0,706.7616675123791
258,2907.3120894042327,745.589017618653,20.0,706.0755137669001
259,2950.354030245088,3676.6337913231305,23.0,705.4822283714832
260,960.8850979431681,892.3127503370696,21.0,704.5196644998166
261,687.633296269515,2985.9129424910043,21.0,703.5894755819552
262,697.3843405687109,1821.5829558901135,20.0,703.2339309384863
263,816.2293158083274,958.5829817969968,20.0,702.5021338645988
264,1190.7859556840012,1364.6575533504024,20.0,700.0164246604403
265,2573.143494142725,3613.5616637510198,20.0,699.4103847294768
266,1634.929696820618,3797.22706601581,21.0,699.1543784558303
267,283.21455524097865,2599.0749874019148,22.0,697.6298708239107
268,3373.5634253354515,2812.8023334571976,20.0,697.3288891897104
269,1616.96377455256,3353.9585942126487,21.0,696.272304714737
270,760.1732551697704,548.829230210532,22.0,693.798363732237
271,1945.3732797625962,701.6444076283483,20.0,692.6756454231898
272,779.3313029393747,2595.948082768304,20.0,689.844801856448
273,1501.1384385455287,3760.279397522174,22.0,688.9421275247156
274,3400.8983766884553,1238.465649508492,20.0,687.9399505321434
275,3545.7970135869564,1341.1645926078593,21.0,687.2996506958145
276,1038.7518316796459,2757.75447587121,22.0,686.4867042270511
277,730.9563026612369,1615.861704812024,21.0,682.5925211781779
278,1297.3985111103214,864.2322173291324,20.0,682.3991943804343
279,3885.4472550637092,1970.8629532220978,19.0,680.6410101242894
280,373.66840077999774,1720.969798417496,20.0,680.4521114240805
281,3393.313672891203,2312.7528576244854,21.0,679.2866053702816
282,2240.3596271782226,566.3281856774291,20.0,678.7428908066264
283,2085.1549209081754,198.8966047857233,21.0,677.469121072757
284,2687.170011025413,3319.5454812886196,20.0,677.4021210234556
285,1926.048985712905,3236.6725259933455,21.0,676.4613979484911
286,1833.7158897515985,3079.80843466291,21.0,676.0887908966401
287,3603.7372583323236,2265.1318602165225,20.0,673.0778677836764
288,1176.4450412559422,879.2028051376227,21.0,671.8022755168865
289,3479.1749177696734,2958.6871127935638,22.0,671.5931228042974
290,3031.551664625946,2409.814978917366,19.0,671.0557371559864
291,1106.7165787845038,1677.317836817595,20.0,668.4488823143956
292,1537.8279275787163,3665.0173195944335,21.0,668.2188211940787
293,2478.1444237346736,3311.4040408901124,19.0,663.2112325642457
294,3916.4898378235425,1339.7742374212235,19.0,662.4939574085244
295,1425.1496700545429,3717.8565462627193,21.0,662.2547036806961
296,440.3625982900668,1974.778965512006,19.0,661.1701880989044
297,2998.368805562687,1061.9616791101168,19.0,660.4513979095602
298,1596.7933180722428,458.472479948718,18.0,660.4363608192682
299,3374.495050227273,1536.122662435297,20.0,659.9547863936407
300,2625.1565827208346,3929.238344297533,20.0,658.8382812122654
301,1240.7709810241554,3807.783118219213,22.0,658.1644279852511
302,3657.697603515846,2330.8317831512204,18.0,657.5940477680967
303,1057.7519447519112,1232.2298273787515,20.0,657.5073267382681
304,2945.095122238844,310.92672098225796,21.0,656.7546932740067
305,3314.841045215697,2962.403065290622,20.0,656.5813208754091
306,3417.8059619350183,2576.4615194149733,20.0,655.7308617337226
307,3131.1439174519655,2854.237959911027,19.0,655.7005620047086
308,338.7597502461194,1325.83126358027,19.0,655.2843190351657
309,2259.4888757966423,463.2248223329316,20.0,655.1980701315387
310,1491.4532310438503,3568.6387494469145,21.0,652.9248276232105
311,3127.3145401808647,3314.1474300740483,19.0,652.9073888231193
312,3972.218351851601,1808.3179561283744,22.0,652.7358411597984
313,2827.0578651684787,386.246783410026,21.0,651.9615390832835
314,1950.1702103338562,868.3322006542542,20.0,651.8827295839167
315,926.5294438535525,2282.4253036395503,18.0,651.6098167119962
316,1748.9272905163514,3482.6980804595287,20.0,651.1248078995079
317,1016.0369889701026,1427.1667110875167,21.0,650.4222215941502
318,2771.5782511705916,807.186653257619,20.0,648.685622611759
319,792.1792170267664,2482.3672374500798,20.0,647.9758801034313
320,249.64822705282856,2628.4165778495703,20.0,647.247403448696
321,1229.5810527349531,657.0359564203228,25.0,646.8675731895362
322,2048.953533050714,4006.500702378556,20.0,645.5840657936244
323,331.5576191455182,1686.4764219433403,20.0,645.5796719162964
324,1657.6225140257682,281.092666507789,20.0,645.4873746821495
325,499.33556702098167,1328.062788141641,20.0,644.7077949747469
326,2164.230532138706,271.98499763067525,21.0,644.3114050577749
327,2487.5680988274753,2980.8106252328066,19.0,643.4391013266925
328,3380.6767105419913,2485.5064273809735,20.0,643.2332463425734
329,2765.9824422340544,3652.6533176476987,20.0,639.5504417210441
330,971.9699895842477,1371.6243845595027,19.0,636.750270724957
331,3225.269648626139,3573.8766988989323,26.0,636.3914278923586
332,3702.463709353413,2995.9251936893884,19.0,636.3692867782753
333,2645.1152360311576,3788.4026604153523,17.0,635.9340456651338
334,423.7628478449844,2418.3966572872932,20.0,635.061782607718
335,2646.8872483992054,3399.721273888827,19.0,634.710153373633
336,3674.908580419491,3021.5746172796416,19.0,633.6678885425158
337,3147.7383949825826,2026.745416177213,20.0,631.6091602587845
338,559.3081670332409,2453.9174764420213,21.0,631.3391169729454
339,3865.059575827386,1702.8728872608272,21.0,629.6583911967126
340,325.33964932705067,1462.992010071157,19.0,629.4858434723228
341,2204.519126449634,370.83923263044977,20.0,628.7452385318969
342,2708.9703977242025,586.4823121519852,17.0,628.2488970042062
343,838.8871758708791,1987.6739489090269,20.0,628.02354104166
344,1581.6246014156118,3446.5707148834686,18.0,626.6370250680418
345,3998.7699985912222,2136.322466153137,20.0,626.406649679083
346,3454.5336379144655,950.0115030966849,20.0,623.3630549289982
347,1585.1535588120842,3349.8467645706583,21.0,622.0531448667786
348,1200.339266809034,1389.3206672700085,20.0,621.5148601443599
349,1867.3758941337476,274.19207358776737,21.0,620.6204961524844
350,3116.2940923563674,390.6803181185866,19.0,620.3830249437458
351,1902.1806153239654,3486.3751182529386,19.0,618.0294982382144
352,1293.2973434552407,3587.316293284554,19.0,613.9799995273034
353,1217.9354398130565,1069.427980942673,20.0,613.3058298201045
354,669.9286469780333,2049.640052404639,19.0,612.844628031397
355,246.3162211780659,1651.595599594294,18.0,612.0057544326052
356,2046.804254922794,3492.8745448554237,21.0,611.9094883071315
357,3101.2532898342315,2181.8030315765886,19.0,611.1131058772697
358,1373.7344130894412,3622.2805309729006,19.0,610.2781473735398
359,761.250246184572,3371.4355881989136,19.0,610.1220668301953
360,2433.965833949316,3961.024658583941,21.0,609.4638257883222
361,732.242578503223,839.1294136826332,19.0,608.0347865997882
362,2456.937503187091,638.0887236768077,21.0,606.0959397255248
363,2001.643459302781,531.2229241895304,20.0,605.1740467564734
364,662.6825133951552,2877.2945766317453,20.0,604.6149539585288
365,3781.754278272298,1109.635717425165,20.0,603.8372504304104
366,2691.4379731858708,1200.9329834485918,18.0,603.619389425822
367,800.2897643302579,896.836993749932,21.0,603.1072184858222
368,585.6821071489464,3048.1484902752604,19.0,602.8423450318146
369,1619.761145546389,3193.819835649546,19.0,602.3961448181989
370,1957.845315028998,3783.758361297157,19.0,602.0995720305069
371,1359.2999740385048,1061.2912670101898,20.0,601.4370388012944
372,2660.7204612166265,3056.6837335729238,19.0,600.7226735345386
373,1655.2077857637908,3139.7295749004875,20.0,599.1406402788687
374,852.30664580215,873.8031571979327,19.0,598.3545175555442
375,2858.4582890578486,238.77212513524364,21.0,598.3387119061313
376,424.21743039379635,1101.3472376939571,21.0,597.7082163040149
377,635.2945376503984,1285.986638536102,19.0,596.6758300472048
378,2023.1341249998727,964.1651119127522,20.0,596.4122418502974
379,2312.1736583902216,333.23448978650555,21.0,596.3230981229607
380,712.3054113005569,2500.179891277421,22.0,595.2026877324004
381,2251.302005792255,3175.190956152229,19.0,595.04458029583
382,1701.2088492216333,755.439500014296,18.0,595.0245512968875
383,356.5729185222115,1914.6010923670199,18.0,593.563109976792
384,656.5353509269949,2421.641339718989,18.0,592.4822389836254
385,1994.760689334311,844.9357819325768,20.0,591.234572465986
386,2917.7274607380145,348.0987706104176,19.0,589.0923695534351
387,3297.025781679874,1906.68568365624,19.0,589.0506716808601
388,971.0917563387848,3213.9682739537384,21.0,588.782252248254
389,1463.5757866479955,1135.3343965968184,18.0,588.6532663804545
390,1429.3153555115714,3355.4393550562086,19.0,586.8175936649649
391,1152.422699187332,485.8325229882428,19.0,583.8157660591495
392,3540.7861869065136,2082.8475628452143,20.0,583.7671729560806
393,1496.656373851986,242.00243062355295,19.0,582.9919951455289
394,2834.4432260873973,912.6319515099847,19.0,582.4901290890501
395,3019.2540788234573,2739.9733397152067,19.0,581.4093364587852
396,3552.8548598518732,851.2823242547598,20.0,581.091768147703
397,704.4279153664559,1466.4873877217783,16.0,580.8050305924694
398,1001.7154193545383,2148.327104615717,20.0,580.5688712173562
399,265.13087912544853,2425.7455497773426,19.0,580.1867530731431
400,1291.5568308657953,1075.1874193973927,19.0,579.271253860471
401,2129.177879600682,3877.9755738835106,21.0,578.8297607652605
402,611.3213426750606,1896.8930788694454,18.0,578.7757202149928
403,3069.5473277066385,2105.4500000642247,18.0,578.166015389307
404,2887.6636014402166,1137.7752740717426,19.0,577.8687088412951
405,932.8131311812053,1161.3382909875993,19.0,577.8096556010888
406,1235.741269267538,1104.356856160554,19.0,577.3692118418999
407,808.9874602184581,1177.5751632617737,17.0,576.3478929379277
408,3017.5572381149286,1661.568765524792,17.0,576.0191795941577
409,2170.0956231579808,815.1806469625274,20.0,575.262476804103
410,1706.599919389995,3465.644349106232,25.0,574.6445631558028
411,1775.877256764528,3028.12789926338,21.0,573.894628693777
412,3555.4215266420915,948.7841915905136,19.0,573.7342127214373
413,2336.817392568734,737.8347595933857,22.0,572.9763073039899
414,3572.660477270141,3107.002784502843,18.0,572.3567090392842
415,953.1035430445417,1308.3800371267876,18.0,571.7895141254105
416,1660.7478710440528,498.9529492121044,19.0,570.1615933701462
417,1179.8635481752676,2839.5282832035755,18.0,569.6583726369702
418,1516.0398121099417,312.13572759898943,20.0,566.1818617139801
419,780.0170315820618,1308.2375212249956,20.0,565.754238755689
420,1346.8802584748853,1160.8027449992028,19.0,565.6986229315586
421,3784.207102369747,2315.3405247551827,19.0,565.4886144975329
422,3145.4538057737705,534.7787060394214,18.0,564.8663687805781
423,725.3564306678273,3222.2796430143935,19.0,563.6261414644464
424,1030.5610102639614,2915.347644742657,18.0,563.5866248895095
425,187.4410647251062,2712.9635659632104,18.0,562.0973895720251
426,142.987701394778,2334.806985001867,20.0,559.7279849331364
427,1170.5221336097352,303.6511081654475,16.0,559.6908257302267
428,2975.058441611229,3633.209828052412,19.0,559.0915691884999
429,664.1812477547368,1663.0766900717845,20.0,558.8591800113232
430,579.0740388733373,3093.144982884343,21.0,558.8108963837993
431,3388.749144621027,2848.0518562220764,19.0,558.1140971592238
432,356.35899345810986,2512.2716702696375,18.0,558.0003413815766
433,1144.5361015473145,1063.4313425010807,16.0,557.9962290711436
434,3585.328160125527,1424.2040217003166,19.0,557.6058090106968
435,3845.3860904863454,1610.3636498632466,19.0,557.5603274401055
436,1441.2237924295468,3246.4852663485353,18.0,557.1982334658253
437,3022.0752120266034,3685.1840053372775,20.0,556.0740536552559
438,3325.4323933673822,1566.1640424488592,22.0,555.671849077846
439,3322.372116057215,2779.6595571060716,18.0,554.2678703151764
440,3183.2658748746044,2883.380415412048,19.0,554.2612619775028
441,2714.4270274955,348.34554589517853,17.0,553.7274596044687
442,3750.3305092455744,1883.7425096642135,17.0,553.6511278409374
443,3097.2080053188847,1669.2465652215876,19.0,553.1140953995078
444,1092.0589305498615,938.0045271608907,21.0,552.6380532611789
445,3007.2311085198826,389.77844316087356,19.0,552.1798808958401
446,2052.612638695995,4054.263060466557,19.0,551.9338979973035
447,3185.310482936961,1856.5723673719147,17.0,550.6125617847941
448,128.9715489854571,2018.1155298235258,21.0,549.8815155222634
449,3310.4681623711285,1179.8394884571624,17.0,548.2865276105882
450,2756.91536269748,498.7929824180791,19.0,547.756025748966
451,3426.8282842707667,2561.945419118774,20.0,547.3033758515708
452,1816.6009320384253,3831.050871414167,17.0,546.9715211599264
453,1334.5932578895713,3026.8898635125383,18.0,545.3414679968353
454,1577.8163761234136,3233.5802075347606,18.0,545.0105153735469
455,3551.84151044703,1851.2879444696853,19.0,544.4303397925416
456,726.2778323686141,2332.546150365872,22.0,544.1597924904531
457,3943.7565595683104,1890.227089665232,18.0,543.6085071285547
458,3541.4176266011063,2338.6106625731522,18.0,542.8205806722079
459,1401.7212301329525,2956.953710664049,18.0,542.8193428632208
460,2948.159973035857,3282.0368081984298,20.0,542.5558779777044
461,338.0579022739654,2790.7636434438245,19.0,542.5463734872894
462,1882.3284522191811,374.10923056405966,18.0,542.3238059137766
463,1900.9027311320895,470.4895261607051,16.0,542.3207943213063
464,2352.1650499680377,1092.54319530637,18.0,542.2166015417508
465,1933.079739750154,817.1432436356636,19.0,541.8672088592054
466,2424.4270228862915,3031.40865138003,16.0,541.5183682267354
467,1021.8453899369227,2337.662646477462,18.0,541.0518026734721
468,2863.619445542259,1141.6648292420152,18.0,540.9217997018362
469,1824.368539920275,3706.56543061358,18.0,540.3223970578356
470,2542.6093325930515,3330.5353242519623,18.0,539.7584979109954
471,2878.583796431481,382.60620585140805,17.0,539.5955722340195
472,259.45129996817565,1305.1304491368817,17.0,539.3112165150185
473,3037.8381621492244,868.982777639461,21.0,539.1937316359316
474,3472.439633068651,1895.419637900399,16.0,538.8890623461855
475,3284.045833665036,1259.5141219279985,17.0,538.7229004982526
476,692.0231155497914,1320.811978233056,20.0,536.3926458465526
477,3563.2597078455474,2560.3107798145606,18.0,535.6574475482166
478,116.48422239272661,2188.642405510186,18.0,535.5474066270144
479,2932.4951388605555,3740.9896041498228,18.0,535.4883298833888
480,3356.6690806499487,953.5455235850006,18.0,535.3639790046623
481,2597.236398721759,2968.0768258285916,19.0,534.9665107981718
482,3661.693123295016,2430.9147295745806,17.0,534.6415129195692
483,3273.3703328188835,1580.9008634642678,18.0,534.5078547442681
484,415.47347323630345,2385.923535966278,17.0,533.0908887817932
485,3698.8306584801044,1222.9081495440607,21.0,533.071612200732
486,2365.869936006958,3378.1758374650303,19.0,532.154187175036
487,3272.842026668484,2335.5267508899724,17.0,530.7569575724328
488,222.833598648971,1566.6447542289059,19.0,529.821196965296
489,1288.8097615350214,3245.6009421767976,17.0,529.7327654028327
490,328.11381020838445,2323.7560747946923,19.0,529.5855521476262
491,3056.7321962511855,1379.182743541592,19.0,529.3095875721043
492,1314.7277432070107,500.7628868524731,19.0,528.6994995722163
493,339.26995372814326,2584.271444044192,18.0,528.3253592398003
494,3054.701735233958,2233.5732215871717,18.0,528.3182395890636
495,1795.9728715640558,316.5245670189626,17.0,527.5686793764755
496,627.6540413242163,1199.0961329829106,17.0,526.8158484705398
497,3241.9684491950093,1136.2403266698693,19.0,526.261355129189
498,2836.5845901873345,3224.2891360729877,18.0,526.2362502482241
499,3307.670910945467,3318.282852821513,18.0,526.0862331575079
500,1708.567945281234,3166.4640764403116,16.0,525.6382508273293
501,275.3734424067185,2068.1633053176897,17.0,525.5410293710245
502,538.4738442719205,2779.044135782188,16.0,524.1958978119105
503,948.1695281155613,2252.2360641401037,19.0,524.1725753386429
504,1115.8008360045935,3725.8416283225743,18.0,523.8194493009959
505,1328.6863902799514,3507.9056960578637,23.0,523.2509831288036
506,407.2403278783131,2284.4436109641715,18.0,522.8269982354436
507,1100.752884089979,738.5364643794493,17.0,522.7859140363557
508,1028.6388694085722,2400.1853833819837,19.0,522.0872274305592
509,2480.902703164084,675.0659909212411,20.0,521.7504295647344
510,2931.71276468949,970.7924916049108,18.0,521.3027827651896
511,695.7956852980453,2237.1704991001416,19.0,521.0867014822618
512,3451.527223870364,719.1980055399025,17.0,520.6882420253598
513,1712.1082623031807,3364.510191850454,17.0,520.2614852686195
514,1218.9293282909578,2740.4586884538194,16.0,519.9300550530612
515,2554.0563200334327,499.723610040941,18.0,518.872041140795
516,3694.0732072917194,3139.7138257958964,17.0,518.6125619228728
517,1258.0105456892154,1076.4555886267283,16.0,517.9807642295145
518,1833.4039485095275,272.78190351860076,18.0,516.7582430698676
519,1158.5841843011785,3079.3116097076013,17.0,516.6409838106562
520,439.79680964745484,1741.45664429304,18.0,516.3435629570753
521,4005.804461275714,2317.0754327966188,19.0,515.9035696765903
522,1087.8276918058173,1088.6206551197438,17.0,515.4997861933641
523,1790.7046655333957,3458.3999775946045,18.0,515.4487243726621
524,896.7940737531961,2513.749190316831,18.0,515.1869472388303
525,716.4237293798178,3320.858669878871,17.0,514.1902947411953
526,1073.9121881438577,495.5605087605943,17.0,513.723024873043
527,1902.6412585975258,1037.237235049901,17.0,512.9623825887902
528,1171.1047612999837,3187.5765192113877,17.0,512.7545986282706
529,1637.755962084877,3291.730944845631,17.0,512.4458945190368
530,846.5715328109001,1249.268453447137,17.0,512.3835469830773
531,988.9944836346978,1551.4070754188804,16.0,512.3445938345089
532,1907.8235983518603,3962.268996883606,17.0,511.6682150816215
533,859.4515810511716,3447.742585930365,16.0,511.59053335604113
534,3206.3669385188364,3496.234635244169,18.0,511.4253572759713
535,3996.7546645977764,2287.678541598728,17.0,511.31707751172195
536,2316.727671441822,575.202766249838,19.0,511.0010892232848
537,3180.480110002258,1056.8497778695871,17.0,510.55324884522287
538,2042.8520014005703,3422.361323839342,17.0,507.9030254871728
539,923.7901446853384,3668.8852308945916,19.0,507.6526977710196
540,1345.794074186905,274.84680213434876,19.0,506.51777948770024
541,324.3671005012812,2177.7149125950878,17.0,506.2086639696013
542,3862.8057292795083,1632.9304866059524,18.0,505.5141433836522
543,3334.6511704984923,1025.8516603352712,17.0,505.22180438045467
544,1128.6809579347969,1226.1206336589728,17.0,505.1161555221956
545,3337.641808746222,2234.9198087570494,17.0,505.058001853285
546,202.69472220450902,2406.887754902401,17.0,504.8665074006515
547,2557.013328477294,799.4150732926628,16.0,504.6091068693807
548,502.6187824783356,2090.2581103741,17.0,503.8730117070776
549,2635.9250425141618,971.0163195980252,21.0,503.8474274910389
550,1407.495807375658,3674.3897025001465,16.0,502.97715870569624
551,2599.28328027993,3445.28562091638,17.0,502.63282394368804
552,709.6710601671389,2917.488593254823,16.0,502.3272348761212
553,3129.3162696483773,2442.9650038377827,17.0,502.1404314972302
554,3217.4854020200814,3270.3684896882487,16.0,502.12044628091263
555,1418.9307226441592,2921.476297742477,16.0,501.1215856746586
556,2358.4068387091115,418.4556916264578,17.0,500.9294718495046
557,2974.98272021012,837.4222655703144,16.0,500.14140344023497
558,2587.12715691468,699.8178126236514,18.0,499.091914347206
559,2907.9619647099294,954.151242323395,19.0,499.002260003125
560,2981.176412946153,646.6847057254724,17.0,498.14304636049314
561,1232.982735630755,3697.6542838688174,16.0,497.8351684861786
562,2721.4799638684044,815.4580549769559,16.0,497.77072421571063
563,1222.169189695057,3215.6488004798102,17.0,497.468895525545
564,3124.5722818627173,1716.668264209469,17.0,496.93173242114943
565,908.6567201938653,873.3362615590798,17.0,496.7395824786487
566,938.7993304356266,1115.5828646334433,17.0,496.5717627516276
567,1564.233426954317,3406.7473590232016,18.0,496.37283662493894
568,784.4279644468322,3459.1557105086113,21.0,495.0766328837946
569,3342.662084527754,3508.942640058816,17.0,494.0429415392014
570,1053.6459235874613,3024.793065475812,17.0,493.64610552114425
571,1632.4973819122622,450.2269179590386,15.0,492.15259930375964
572,3708.32809760846,2239.8673396998984,17.0,492.142935475292
573,3340.659258484267,2398.7360351637312,17.0,491.65617495353246
574,1910.0354805938478,3606.2201650556594,18.0,490.95327788549383
575,2989.816696618472,1555.5593706925497,16.0,490.07247577561816
576,1777.79766669092,3905.2911562832232,17.0,489.77893067858713
577,851.9460978664185,666.4087212085038,16.0,489.4344810899163
578,2424.2489678308575,286.5882390631311,17.0,488.4025492426827
579,1822.4107722351812,4022.2425378174653,19.0,487.7068663535164
580,3020.9080105711882,1433.0986897716093,19.0,487.59063959167787
581,2985.182923720388,801.5610240707222,17.0,487.1575601292711
582,1015.8905824986728,3104.9818383182424,20.0,486.69392910096985
583,3061.835300167266,2832.8993390542773,18.0,485.7686147036097
584,2255.5838064374448,3985.1328064411978,17.0,485.70197502018664
585,2239.84201354185,355.39820924139474,17.0,484.88200869432256
586,2837.387938591832,3301.9533418705273,16.0,483.4880555780802
587,2643.9335628077965,3029.655739773978,17.0,483.0715897002898
588,434.218681725668,2855.960753936266,18.0,483.0629029902356
589,2783.068343109971,215.32588709027334,17.0,482.4608714415001
590,748.0758433806722,1443.1566140739762,18.0,482.37157144416307
591,921.9005374290912,3125.784720688671,18.0,482.1100744899589
592,1484.8368613406476,691.2327726633765,18.0,480.6164864792035
593,3788.3923908575907,2155.1827057197625,18.0,480.6072259942011
594,1882.5309442109549,4060.270216116103,15.0,480.59535935156254
595,2004.6242228482088,3077.544112464451,16.0,480.0843142156934
596,536.5435838891574,2908.8185905105906,16.0,479.7364212338997
597,1574.453656630235,3283.5765035259174,16.0,479.70944025452064
598,1874.546562307139,3674.343073319399,15.0,478.39392425351514
599,1389.2442786642239,473.0880767384541,17.0,477.83991606195355
600,1838.8832783294156,152.4752460808503,16.0,476.9712058370591
601,803.5365403265005,3495.915930345539,21.0,476.65700261184753
602,602.3322298987191,1935.198158475414,17.0,476.29575314696376
603,400.9559384380744,944.2311368202685,17.0,474.54730396648847
604,2042.859830373478,3741.046992960003,20.0,474.10533034155674
605,3395.005308779783,1296.2451076514324,17.0,474.0740768681172
606,2710.807794897888,3611.9009415047894,19.0,473.5010133262469
607,3207.4467938583252,942.6039264661547,15.0,473.2176473104899
608,714.0639918845015,792.5325546803105,16.0,472.43251965351595
609,2795.1242784184624,3505.120920593535,18.0,471.74816844644386
610,3043.214882713091,3684.2928964017606,17.0,471.5509215803553
611,3415.6961059090536,1350.0570543000517,18.0,471.18808644201937
612,3544.7116093354593,1052.7225286260777,17.0,471.066387632085
613,681.5580855444978,3245.7918827702597,17.0,470.67450042054014
614,581.6235106667182,1518.2666546365826,17.0,470.3865253317466
615,1406.4006527034387,3633.354611928741,16.0,469.7653319189555
616,2506.917211173268,3081.5081631048483,16.0,469.7638404918526
617,3132.6184343792866,2156.8953940355063,16.0,469.44708813664624
618,518.1570112210807,1430.477130931012,17.0,469.41627010776523
619,3539.4505641099704,1536.7810029975421,17.0,469.33414451438495
620,2419.0135226192547,232.30241310026244,16.0,469.3212543344835
621,638.4946578404479,3265.9354238526666,17.0,469.20322431236974
622,1026.8616807972678,812.406015189423,16.0,469.1241892957042
623,2623.2101141387134,1153.9383375962386,18.0,469.0340124069952
624,1632.1001567577484,3568.73121794356,17.0,467.84866184963585
625,2812.0862431536693,647.768134310736,17.0,467.39412194459084
626,2301.628405745457,3841.2800698629308,15.0,467.09914077690036
627,3234.033096570347,989.2920256761678,16.0,467.03562913070255
628,2772.3492382231198,3467.3186767568654,15.0,466.8692744988833
629,3110.5207245135543,1642.053835776682,16.0,466.36664280415573
630,995.9809588300079,3164.3261419838936,17.0,466.3362036109057
631,929.7066638467198,1511.3956870740278,15.0,465.88738449634036
632,2960.947147041694,723.467260921184,16.0,465.74294397128466
633,2148.338891642258,4050.257384531813,17.0,465.64196001732364
634,3071.99793292367,533.7678114130736,18.0,464.21971894697066
635,976.5203369246182,1131.7903827749778,16.0,464.21171466287274
636,2162.791681039574,3677.045215094152,17.0,463.86094358863335
637,709.4921094443699,869.352557898103,18.0,463.6907325042982
638,3004.6544111628896,1179.044618451135,17.0,462.7884425423075
639,1362.0157008727651,201.03752889506652,19.0,462.66319633592275
640,3489.201454766129,3134.4461577245374,17.0,462.300021653061
641,581.2082485174683,755.8333569465724,16.0,461.63164887978735
642,1729.828177682569,1066.9564949197713,18.0,460.8142187691991
643,2038.6318378439698,182.98168879087174,17.0,460.4002612226932
644,3750.2248769956523,2684.1125695235355,17.0,460.39007727839925
645,3546.6103550926464,3148.1238117344287,16.0,460.01517032767873
646,2940.952213675389,527.1235970924039,18.0,460.00177516650353
647,1176.2999925840368,3080.629795747956,15.0,458.9571170557077
648,3701.875560980537,2798.4655687531526,15.0,458.6901651052955
649,3541.665903286543,2737.5491014181816,15.0,458.1728657550362
650,2944.6490939363634,3420.5568458841817,15.0,457.7707534618825
651,330.69391423308326,1903.198479992947,17.0,457.75247246274637
652,1132.3517924538032,692.2774449712451,15.0,457.3082834851263
653,3253.5470090942486,3317.121865872457,16.0,457.10300712697614
654,1165.1824257993117,1576.2979281918872,11.0,456.69447727820284
655,443.5356147604731,1689.5794836666846,16.0,456.4836910669266
656,3113.352856174486,2939.316943978055,15.0,455.80580475682166
657,2077.5659013443064,651.2325104727639,14.0,455.0888249000233
658,915.4578383749348,609.7183772892645,15.0,454.98314289468794
659,3445.5212230276597,3146.511109623855,15.0,454.96203225021446
660,3546.298469563948,2490.355323059028,15.0,454.6799224838067
661,1344.847040113211,3297.890921676988,17.0,454.5797597261489
662,3819.836494312125,2763.8157791625263,18.0,453.93394677197614
663,1447.94561460501,1071.5026838456074,16.0,453.69829740266783
664,2419.297050945928,824.8632902975492,16.0,453.16162168704534
665,2901.822840082419,2608.3756486351112,15.0,452.4925907887294
666,462.06559582517946,1468.1982324563837,18.0,452.38061904700845
667,1892.4079038967216,396.75952296169936,14.0,452.34980106977304
668,818.2651837113519,3557.308659056573,15.0,452.33045515643494
669,3549.8535658141072,1199.8801076480881,17.0,452.0279434543861
670,1976.5224549529885,3749.276999959334,14.0,451.5773469802719
671,1425.8687494399032,3809.3349046912676,16.0,451.0637878392165
672,1441.98962444114,2992.940099501877,19.0,451.01102881869446
673,758.9462287452368,3403.565275869065,16.0,450.48740125938093
674,827.753010100802,1100.0143892736326,17.0,450.34329060443764
675,2956.6557527864998,587.2570118441615,15.0,450.13934679049515
676,3054.431714607345,1326.6534481351018,15.0,449.90199562882486
677,1399.3960856162419,724.6653256568801,16.0,449.7772114081264
678,2699.830038731329,1077.867712912616,17.0,449.48574731448866
679,2925.4947222626706,1133.9830421952788,16.0,449.26497246543033
680,3703.1201116799875,2118.4610742865025,16.0,448.54023901993753
681,1789.6235393797062,3156.3320066746696,15.0,448.30372593006035
682,769.2884321634931,3085.56371770626,15.0,448.1477228367534
683,842.386937588578,2563.107769488116,16.0,448.11994337998675
684,3520.7859303659275,2401.161715104851,17.0,447.8423940341346
685,3246.8321179202408,2508.9961654349318,18.0,447.39484744440455
686,3859.5336375165366,2122.319482909392,17.0,447.03207605567275
687,460.111475053249,2283.013191548554,18.0,446.5359810589171
688,3252.628921163282,3608.7705751017,15.0,445.9386451323242
689,457.97614002388383,1838.5416990398408,16.0,445.6407736026892
690,523.0898082278776,1755.8764483551774,17.0,444.46790571737625
691,1541.833655946577,3548.30742364162,17.0,444.4202869809992
692,2121.8331858016186,251.4559948712182,16.0,444.04404645971243
693,3486.977771456943,1413.1310573152286,18.0,444.0046996987532
694,385.729032462045,2098.420145038178,14.0,443.83028815773906
695,3587.6553035740426,1174.8447989216033,17.0,443.6175112893323
696,1272.1890451080521,2985.2398314412885,16.0,442.72204249688974
697,1133.2218757003263,994.5748860902418,15.0,442.6405620706631
698,3023.567250380102,3093.0710926888764,16.0,442.0733913749677
699,468.74847137356977,3044.9526071113482,17.0,441.84202518502246
700,2157.3536324110096,355.58637393637474,15.0,441.7175119328088
701,1492.1340197301977,3334.951132128679,17.0,441.6591771610357
702,2301.3197522109103,363.01790057214015,17.0,441.5261182066641
703,1182.8710783868005,309.4604344965547,16.0,441.3518939280105
704,801.8356487173833,3567.5115321236112,15.0,441.0008723540466
705,777.305954474325,1436.8323067100878,16.0,440.91660790998463
706,3300.582398942951,3371.0294775372145,16.0,440.63845028152394
707,2516.5658663543413,972.8037106205426,16.0,440.4424874181734
708,2235.8365616750493,3395.114489400862,17.0,439.7957785683011
709,842.3364333296137,1449.5276967541404,15.0,439.7274740897837
710,1323.6576993955823,3021.517906634144,16.0,439.58362673255425
711,576.5442101132941,1176.7541747578582,14.0,439.090432512759
712,1777.9329211692277,3424.4075405538674,16.0,439.02752628483603
713,204.8509727630435,1861.2926653518236,15.0,438.51418861694845
714,795.0279325604989,2236.109032594071,18.0,438.431815070837
715,3089.826501095226,1771.497531692899,16.0,437.6355048708115
716,3245.702937926658,2736.006477275765,16.0,437.5909845039646
717,1111.8578547112488,402.81662022437996,18.0,437.401874560826
718,3265.9773076734396,1476.4372220485495,16.0,437.2670852403246
719,3279.8412254691984,1313.948125533382,16.0,437.2266891893338
720,878.9126126555561,2997.324962105736,17.0,436.9683508088595
721,3504.841691264901,2467.787959976074,17.0,436.19730422918224
722,3288.3341072138082,2460.4320832038115,15.0,436.09456127864064
723,2457.568882359724,430.9986333292016,18.0,435.7284265350727
724,2575.649542130499,3161.950718766679,16.0,434.5003339105182
725,213.50727093219945,1511.8710611441877,16.0,434.46713049343725
726,3357.202027439325,1318.8892787216894,17.0,434.42858896108646
727,2915.0868108210657,2984.4515054978237,16.0,434.17242127290774
728,1225.6911097513798,3773.8700815004577,15.0,434.0192049629336
729,3851.7545661657928,2166.392753022916,14.0,433.9448356501112
730,1019.2443336101611,3220.0471056111473,17.0,433.72096440454635
731,1917.8199666870032,3184.677866193097,16.0,433.0941664289094
732,3223.2930153618395,1550.2161044856216,16.0,432.2626725850821
733,2874.6557519855755,3381.051223113808,16.0,432.14540721375516
734,826.2700314113536,835.3293283319842,15.0,432.06333061467603
735,2009.2814104621732,635.2762803870316,15.0,431.8857117230411
736,1676.8782640864845,993.0139588814044,17.0,431.8469326886609
737,3846.8345612136573,2956.7977975839553,17.0,431.6876992013337
738,1538.9245179766776,434.3001275693701,16.0,431.472505402739
739,1730.9264569465552,3030.8800139353193,18.0,431.2497743247852
740,2604.7661501734815,3736.114343237481,16.0,430.45580284793164
741,1217.3396908560812,1228.6233040580405,15.0,430.29100032451043
742,2775.2265232607633,3323.46317126438,15.0,430.1927131715559
743,3863.952983460845,2303.7998804707563,15.0,430.1044000733825
744,727.3668968911869,2453.3752061494506,15.0,430.09495948974995
745,2933.9347975304277,1231.9513655178253,17.0,429.9317939626514
746,1303.132275738648,445.0253461909138,17.0,429.8726798817568
747,358.2683580922048,1106.6733778721402,15.0,429.6093503995524
748,3592.510079374308,3027.6588399090874,15.0,429.5598519054767
749,2705.840245701415,762.2986496306843,16.0,429.2576952665311
750,152.33805744429608,1754.7045054144858,16.0,429.14661676530096
751,275.178797839675,2734.798444957098,16.0,429.10732470540916
752,3068.3226939292103,2441.6476126419107,15.0,429.00445575856793
753,1016.6424924730743,1085.6311062180152,15.0,428.6485774115161
754,2207.353353459233,3112.716291970243,14.0,428.64545824856395
755,2991.6364883046745,2765.4084569998718,15.0,428.01633090905824
756,3678.3429129220863,2687.767107837265,15.0,427.8927137917924
757,3910.256110145558,1514.795428917591,17.0,427.5020951501982
758,519.4094525887573,3143.942241391925,16.0,426.9660711926442
759,3249.7667724959074,2999.4018710185055,14.0,426.91443572676695
760,233.8886266883752,1355.4091161880885,16.0,426.49223698413203
761,3261.578262978631,1710.8806062335248,16.0,426.30576231411266
762,2611.83761077472,3129.766463586959,17.0,426.18370273366133
763,1758.8683493378537,3410.617553294126,15.0,426.0777910095704
764,1489.419282357991,1163.3846008506616,15.0,425.8879524489484
765,1244.2353368633353,741.7787074862002,15.0,425.2499649122494
766,1808.1050903251676,202.82677710755505,17.0,425.01654029688547
767,3794.4920780173484,1551.0264807804697,16.0,424.8475650713304
768,3566.163564296485,3154.035190983546,18.0,424.31527331942584
769,2213.392022103234,4037.314588192417,15.0,424.15032706826355
770,1097.92656542716,927.1997016627291,14.0,423.0333832311318
771,2470.489171127951,3839.3122336615697,15.0,422.8156803675108
772,1537.1888506447615,496.51591263391083,16.0,422.7048723922732
773,3161.0655096357586,3138.004017654741,16.0,422.7032439741529
774,2303.3400613557437,3401.833420739307,15.0,422.67424093356044
775,3226.1763345859777,1714.6757691909913,17.0,422.3906081796307
776,1188.4097354707394,380.1906033741535,14.0,422.2534434523802
777,2615.335874536723,3557.200036616751,14.0,422.2072699478968
778,2910.7469572900263,411.06693654472826,15.0,421.9665322436073
779,1599.1345569039581,226.4174324192729,16.0,421.94411319696104
780,1544.7602657095251,865.6949794982544,16.0,421.6384927458473
781,266.0189530888085,1778.2793506491294,17.0,421.5883063077794
782,2601.925780247821,988.917956443798,17.0,421.3490802487107
783,3409.0546397119365,714.4098790508872,15.0,420.81078710336425
784,2888.182457803585,667.5489588518946,16.0,420.5337391778456
785,1150.5816422560379,3116.8363259361354,15.0,420.4255335763339
786,733.3053655398936,1051.254266597134,15.0,419.54435731726824
787,3743.756324316469,2825.8988930498467,17.0,418.99265221589127
788,2543.210093647587,3567.7892213520495,14.0,418.5627207506322
789,3083.7271877984213,826.3496662927178,15.0,418.53595748471594
790,3739.450336981952,1841.1434341293937,16.0,417.4371936301799
791,418.66387270172,1875.3392181228778,15.0,417.2439570054388
792,3141.7227880956298,2737.7370418987125,15.0,417.09800781750926
793,2975.5107660216586,2926.411672449833,15.0,416.5103061931768
794,639.5213614223421,1694.446966248976,16.0,416.45731303695175
795,1742.405305474237,433.90838546993473,15.0,416.05892104739786
796,2813.9700557417673,791.740697178373,15.0,415.78302088620114
797,1479.2129002205875,520.0491462038052,16.0,415.4386963311716
798,1611.7456838358335,363.8209333601574,17.0,415.4009301301508
799,575.6370627774801,1770.14032841823,16.0,414.91415837806693
800,3298.0351577186725,3143.3566346306125,16.0,414.805859414678
801,3173.555864186643,3477.433094072729,14.0,414.48101830523274
802,3032.017592975784,437.72400969658145,16.0,414.31048062603867
803,2069.49323063242,3625.592547629796,15.0,414.2832301554502
804,2298.594252570575,1039.0328538142053,16.0,414.12327249681226
805,3356.689205450185,1268.084800840531,16.0,413.9053900502669
806,332.40191050293544,1190.4701051425266,15.0,413.56166043321383
807,3517.8191243622787,801.689333659706,15.0,413.5505661006916
808,154.68720090628722,2446.3557221762094,15.0,413.1685722835418
809,4052.9156710069833,2144.4519313243427,14.0,412.53690297282327
810,790.2655422431225,1235.0364438786023,16.0,412.2860333766608
811,3858.488496298406,2638.6611546238423,15.0,412.09219682549065
812,2825.5191135813875,3052.283273299759,14.0,411.40808816698245
813,789.8743128380547,1739.7388990006637,15.0,411.3614543373694
814,3128.079596561533,1205.7296438730493,16.0,410.9569811606399
815,1466.7851288134548,3606.75880097268,16.0,410.94930079875644
816,1810.156558583805,1056.39289347672,15.0,410.84524198566595
817,2091.235018160103,795.9679197867434,17.0,410.60184012395524
818,2853.4986283594612,3458.815356175213,14.0,409.69972388103224
819,1401.9359226390845,3111.8863133582868,16.0,409.6481523996387
820,3496.255468979608,2362.229234229801,16.0,409.62592120681774
821,3625.5773605834984,1225.5434297497166,16.0,409.1636408983644
822,601.1820972013326,2227.5693186274857,14.0,408.9104364187487
823,3433.3783945250293,1149.9146670364753,16.0,408.6371964466909
824,3302.4782626616948,1931.0356125833503,16.0,408.1265853018607
825,3775.1398321880806,2726.9094834529024,16.0,407.8338585249515
826,2313.691438884804,3222.2482874210705,14.0,407.00130414541604
827,1871.1491802287192,3867.942676304554,15.0,406.98360494837414
828,2980.3256227165402,2913.3919693951507,15.0,406.78589072725845
829,2552.3045198874215,3825.7544394692954,15.0,406.67183587900735
830,2906.0885607209357,823.135254038132,15.0,406.5793596909092
831,1286.3306616904317,3796.007293602039,15.0,406.5623229413872
832,3164.728337911816,2388.734212366727,15.0,406.09454447295883
833,3966.02070221546,2016.0161315667572,15.0,405.9992432423251
834,2738.2916364223565,3828.801132690093,15.0,405.8115823021291
835,3470.072101098486,3255.6303985875243,15.0,405.68212477664696
836,3039.9907088882737,3330.018175654044,16.0,405.67280137113164
837,3056.879780027065,644.5624722410972,15.0,405.36058244651275
838,1805.719185920641,229.74714559509408,15.0,405.3438734031598
839,3032.43877561739,2608.2110666342933,14.0,405.06754149605746
840,2525.7886937007333,684.3596055748316,15.0,404.9842293919104
841,3172.745702403518,1734.543657098567,14.0,404.7608759328653
842,2836.2829618074525,3509.420281740419,15.0,404.6620553348538
843,2417.147092616964,117.4547806751598,17.0,404.6173935723667
844,1819.9603668078398,3255.9785821370515,15.0,404.3077356053608
845,1582.7432058764518,312.84978996633936,15.0,404.0974365936817
846,896.8213496157866,2435.3129659213478,14.0,403.97795030028516
847,2418.9790130243923,388.333873305162,16.0,403.776998599797
848,2978.3844569524595,2567.6851708770205,14.0,403.070407972929
849,746.316765504436,1266.5383898966356,14.0,402.96166248132823
850,214.04170559611924,2474.25822186542,16.0,402.7438718798819
851,3273.359744587944,893.0224277618858,16.0,402.5197729160115
852,1022.0816635967634,2164.1921373603705,16.0,402.26801172866476
853,2010.7883749071138,3279.1537222412853,15.0,402.2349019383172
854,2471.7695489735543,2997.3919666023157,14.0,402.2055030970532
855,611.6573891324883,2643.613962305455,15.0,402.1366268492255
856,549.0068008960512,2094.1502464015875,15.0,401.5946889375397
857,1105.5849879870175,617.6683988288074,15.0,401.4939165790969
858,1084.1712048181412,3019.996092016784,16.0,401.3438701758398
859,3715.3763763609486,2858.919790647089,16.0,401.2593881644209
860,2830.646947464946,243.17784652673288,14.0,401.1437577461898
861,1497.9411270894698,3456.9868716338874,15.0,401.03485733484797
862,3985.4222041277926,2109.6095612759395,15.0,400.6286739564391
863,121.47761899374593,1745.997681018846,16.0,400.3699752662463
864,481.2294063945065,2211.3386243011996,14.0,400.3263542302607
865,2273.8178450545115,616.80726357814,14.0,399.31082057844117
866,1464.924626861777,1048.5196223774526,16.0,399.015436195985
867,2466.819855941464,1011.5724938402395,15.0,397.69834254969084
868,2209.295860421026,3766.144713101486,15.0,397.66858233246023
869,2876.7768302508935,1021.8090328701849,15.0,397.60302631218383
870,3246.6255211651637,1594.5776249274236,16.0,397.5841690047564
871,752.6227489695353,2213.0638668013594,16.0,397.4649846366595
872,3406.076947213854,720.0988527595874,13.0,397.3864003510269
873,3390.002268975361,605.8064207281093,17.0,397.3444640919304
874,3095.0099975838775,1460.560266612208,16.0,396.7832337839174
875,1196.008115869331,3042.0291600556593,13.0,396.32097698479674
876,853.5681879961455,2112.5967950357212,15.0,396.13926428867717
877,1310.6177553625196,3288.369610076112,15.0,396.08137290604947
878,3731.801686588884,1135.0805391778993,16.0,396.04583711497764
879,851.2392136444303,3578.894482796395,16.0,394.90963612459933
880,3272.5830416598546,982.0875360907019,16.0,394.41853142462026
881,3195.943428836464,1481.5322959949185,16.0,394.41275022221987
882,944.9662191170075,670.9985518224632,14.0,394.1305953706395
883,3252.0927735365185,2294.7666596474483,15.0,394.0980969427048
884,841.1055994712393,496.62927211758876,14.0,394.0212655371693
885,2146.3667353340875,3135.74678880519,14.0,393.78114372388904
886,934.3485151597565,2575.2937347799393,14.0,393.66276516983834
887,2939.499164281651,1459.8169489909938,15.0,393.53222556030204
888,1026.8948217946174,1051.7786492030295,16.0,393.34967662442216
889,194.159034340144,2536.810917494348,17.0,393.2757887591063
890,2842.4432236319108,3471.3929180252426,15.0,393.1918834490968
891,3690.9440400155654,1028.4388944457028,16.0,393.0483445271909
892,2778.3030042733035,2969.6837647784973,15.0,391.99783890973777
893,1633.3713392113684,746.002824655032,15.0,391.09661097226063
894,1014.4797535017959,2600.965044540946,16.0,390.62832605736827
895,1212.8707415781935,3010.2207505016113,15.0,390.53738425686157
896,3483.4556196113354,3237.525094560894,14.0,390.2444248555411
897,551.1129162853038,873.9910014937183,17.0,389.80363681428537
898,2491.9202496926223,716.3594602832529,16.0,389.473589038538
899,3787.8047476575694,1574.9682712558931,15.0,389.29016244625717
900,2496.929635326502,3580.2844466174984,14.0,389.0646015603542
901,3092.4690968021555,2334.4078420720743,18.0,388.94586049688274
902,1040.0630725266847,1576.4940660831976,15.0,388.80251312335946
903,2917.0828037476836,589.6042918565122,16.0,388.6773107129843
904,1386.8752750981896,3731.68126272697,15.0,388.26087472775004
905,996.9872056996093,1612.230966253486,15.0,388.2041436689598
906,3817.6348368540844,1494.3350995790356,15.0,388.0976886919284
907,771.6358878302359,3562.4573549363854,15.0,388.06075344534065
908,2822.7616575006173,286.27158777707353,15.0,387.92038414034226
909,2727.9020671194685,785.4782053673139,16.0,387.5480437392858
910,3299.9936006122402,2705.305581412486,15.0,387.30084743965006
911,3350.6982726001515,755.6747066044704,14.0,387.0414696840424
912,380.63759355872685,2148.2763730850857,14.0,386.8349207267952
913,3418.8921997288626,1006.211988527122,15.0,386.75165380945987
914,1240.322846898496,3561.9403785508875,15.0,386.4198220363898
915,3486.5503109377114,752.8663427547198,15.0,386.31549317085535
916,3382.217338896921,3018.5570917085856,14.0,386.3110682394777
917,2180.4897126250353,580.4004996364366,14.0,386.1759434808945
918,3043.490629871669,3785.170415322793,14.0,386.1560559548625
919,262.2495585643786,1453.4102798148522,14.0,385.98022057760005
920,3454.236794619314,1562.5523492571867,14.0,385.5627732955555
921,1880.6873385801684,245.50549058534028,14.0,385.35123665226143
922,2784.546589712857,3857.7331945827773,14.0,385.10410107345024
923,3000.130735170534,3851.927427607102,15.0,385.00136588152003
924,3167.1488373331513,1452.671660551738,14.0,384.7473861316947
925,591.3186654076985,1711.596262269097,14.0,384.7042848046903
926,2514.7331983007666,3674.2435530074176,14.0,384.67933806880944
927,2817.53478620508,3821.7137842522957,15.0,384.18820840238266
928,977.7157114905336,2315.0618574538053,16.0,383.88411313456055
929,879.9065688735474,2128.25137993939,15.0,383.64397506542025
930,2645.2627951058726,584.5908063588404,14.0,383.52175769339254
931,2831.3434256141295,3414.772765867741,14.0,383.48556955349386
932,2009.04928066506,478.77497338990304,14.0,383.4376978241901
933,673.56872462205,2312.245652843757,14.0,382.90119171668476
934,3549.1516397634323,3104.606320942105,14.0,382.8792376883195
935,3495.7473561330025,2286.8652947320215,15.0,382.49133315741403
936,460.71496458972535,2970.1074040985955,15.0,382.1590522762281
937,3212.0375852364314,3084.0394115108325,13.0,382.05789390323275
938,1142.1331549008196,2908.886093388681,16.0,382.042454920079
939,181.11847118744322,1716.5971453606426,14.0,381.54727012558897
940,1554.4416025115443,3077.5798632364003,15.0,381.18203348470075
941,553.5668910472764,2475.368163547311,15.0,381.0441067220489
942,281.4626784572942,1640.6714530330414,14.0,380.9917582287155
943,672.889911974036,2726.0697494080073,14.0,380.8018075736602
944,1851.3105225448153,3117.2057088975102,14.0,380.5884231646198
945,1848.8358749438303,644.3601821348774,15.0,380.0745056779932
946,3030.390133188207,3280.772611127057,14.0,379.4347034219633
947,740.0561921575033,2976.1415605241236,15.0,379.40327843827873
948,1463.117536326118,546.7493295066895,14.0,379.3354897925705
949,1512.3864655843267,3881.8548259642344,15.0,378.7893376058911
950,3451.564171771569,2842.1199650411963,15.0,378.24403809274594
951,2628.6983625473104,1106.6232957040563,15.0,378.217891105755
952,837.0719672181536,1395.561790356296,15.0,377.99072433876535
953,3308.471270051957,2588.539007365128,13.0,377.85618468538877
954,666.9932859215619,885.7744953256685,15.0,377.81714482431477
955,2633.943046924763,3688.647592183766,16.0,377.7738145235343
956,3024.6787936254373,3544.777421991223,15.0,377.5872173776382
957,1234.8613572641682,888.3233371367363,17.0,377.5003706365983
958,3723.6414466018427,2028.4555798543033,14.0,377.43233241069885
959,3597.2732590740484,2000.903542256857,15.0,376.8440982402617
960,3722.5251578158336,1539.2566860635197,16.0,376.3106320590029
961,2821.731519454103,3514.3213904956056,13.0,375.1954691224708
962,3334.7125360829627,3550.848544331895,14.0,375.1673327304651
963,3887.615843592875,1787.6098739531942,14.0,375.0795776696908
964,899.4912707383636,1424.5250743609583,15.0,374.9813998143189
965,1854.0333946846492,181.28535275068214,16.0,374.8147417616778
966,2881.125507673042,1301.6181436089128,15.0,374.8110441717125
967,2604.0304423150146,828.5575929285108,16.0,374.3468172837127
968,3766.036190016342,2647.681527098897,14.0,373.5809719482768
969,3206.3861326096876,541.9299728466124,16.0,373.4496625983915
970,2725.859231366582,914.5323892485263,14.0,373.2054960697837
971,2868.625651246479,2718.105829870528,15.0,373.203430356288
972,4018.4855485125245,1873.836195309845,15.0,372.96580401783757
973,1354.3339913267807,3272.504975676705,14.0,372.8189777771081
974,918.4155913795182,838.9538115040917,15.0,372.68215354415577
975,3047.064174119579,3475.946607378156,15.0,372.1044878176996
976,3327.093485374628,3361.383182841535,15.0,371.66131346246306
977,3212.827791156778,931.4020102687837,14.0,371.1065774988672
978,3275.530256062396,2347.0034821260297,16.0,370.7183481869359
979,2523.7287729822533,3169.1061137650254,14.0,370.2974383166425
980,3002.033320425669,1067.3393493371693,15.0,369.74430161827064
981,3419.3960234396914,2747.3268923018886,15.0,369.3560192796478
982,736.1557594271222,3495.196698933748,14.0,368.6907839929477
983,3014.797708910844,2850.3571160191145,14.0,368.6423614957133
984,2225.8219309151173,355.12119431528595,15.0,368.6299504138654
985,3119.4741173670363,2596.435376070491,14.0,368.3640905746833
986,90.58908992281347,1916.4072285318289,13.0,367.4524469651668
987,3725.7283536913,1652.5695953335069,14.0,367.36506273879144
988,3543.1854899470445,2598.698634588853,14.0,367.32334914264965
989,2963.807379430379,3603.826039654947,13.0,367.1953147625262
990,1026.4003650736906,783.3490862330868,14.0,366.03645037269393
991,720.7901126792552,2082.0899478988695,14.0,365.56198256720296
992,3313.042003521042,3229.9359432511837,14.0,365.3531358294106
993,2936.8384999022464,1079.9685255953525,15.0,365.2130955955237
994,1445.9439684471788,752.4678707701845,15.0,365.0851802690076
995,1547.2471402293984,3146.201339313988,13.0,365.04144860316313
996,98.75476440144121,2210.3296752678402,14.0,365.0309293529809
997,1891.9465704410154,827.6954878674694,15.0,364.9665827590724
998,1919.940021536517,3758.903905859861,13.0,364.5312980930162
999,2009.6593478444547,1005.8284109886615,14.0,364.43292817964414
1000,1345.2675141701313,893.26752543127,15.0,364.28648992788607
1001,3917.245463408539,1268.0221399654895,14.0,364.2836213352266
1002,981.247009038724,3103.407044029194,14.0,363.7064453587457
1003,961.0274113939507,1322.2706587119574,15.0,363.63612393884074
1004,867.4938021948373,570.0288686766405,15.0,363.55610374822055
1005,2698.4802420684023,392.22531072056194,14.0,363.49995474337544
1006,2367.958712874585,3023.2903706709117,14.0,363.4010769757009
1007,2856.4469443906037,2833.3052067898893,14.0,363.2955371610002
1008,3820.368819660969,2148.6385347301593,16.0,363.2024428973604
1009,527.1779400167129,945.8178651237538,13.0,363.0918940824243
1010,2394.462019264635,99.50911380164784,16.0,363.08318776098054
1011,3371.062509792555,2639.6801001359568,15.0,362.5736600164361
1012,2305.5722534727784,685.3376492456604,14.0,362.26371085857033
1013,1951.3617029144355,3487.468090992785,14.0,362.25604811016854
1014,622.339246646194,3200.3090769130677,13.0,361.777572044809
1015,1633.0798146199159,1080.5652241039902,15.0,361.2769612504623
1016,3547.498191121339,3237.747348798424,14.0,360.99259185671934
1017,2181.565670718896,787.1670485122752,14.0,360.69527012793515
1018,2699.2843557325295,2940.36181669398,14.0,360.4437903489765
1019,2203.1506255332833,762.0789044783445,14.0,360.41875827051535
1020,882.5180369191539,3666.3436024348985,14.0,360.2513502788401
1021,551.5242942187999,1898.7163238473083,14.0,360.11471677536593
1022,1071.6565933605434,3496.1204246000148,14.0,360.06102586987424
1023,840.5705460764232,3342.9172689256957,15.0,359.79732302693526
1024,2980.973703992267,2614.3843342830532,15.0,359.70211955123506
1025,2714.27896928495,3043.1965302858152,14.0,359.510937734223
1026,1827.5227369540987,199.45439047778257,13.0,359.0224333904688
1027,2498.1707582205463,3951.5168065189864,15.0,358.475267506546
1028,456.80414397947675,2800.1751216228568,13.0,358.0194751064759
1029,2519.027902469612,1051.3201481592068,15.0,357.96550298083656
1030,2858.3285637782906,419.2678342016992,13.0,357.88493946398074
1031,938.8342792326225,558.5024411097096,14.0,357.49504019255426
1032,651.0369576443645,2173.9321543483925,13.0,357.39032727630445
1033,1264.0683160847416,3683.814989050199,13.0,357.03310007627096
1034,1525.7444444260107,3739.7106186869523,13.0,357.02924225727537
1035,2237.6796266267115,3129.7035922295727,14.0,356.70590317996357
1036,1162.73537927112,1183.252270877276,13.0,356.1272923071855
1037,3070.3633538810423,1605.3445241500447,13.0,356.0921443055809
1038,2476.6710737166354,298.0435896121751,13.0,355.81227504850233
1039,245.28747813363748,2365.461149430973,14.0,355.7458956191918
1040,2175.7468166957547,495.86733912929395,14.0,355.24503182011284
1041,1250.0979253236997,850.8131376874833,14.0,354.8246575714657
1042,3578.75850299029,2183.5150917003034,14.0,354.79738804960795
1043,2768.3486685249677,2788.113739649786,14.0,354.62287586425896
1044,370.8223057829291,2832.4716143391015,14.0,354.12917651848784
1045,1564.0764463305031,904.3671446160855,16.0,353.54810234877345
1046,3081.4132292721606,3253.29301806067,15.0,353.3606919953963
1047,2991.7241981206407,1214.674183381685,13.0,353.2488056641135
1048,1304.5142781507798,328.42203416491884,13.0,353.03403789756436
1049,3161.170693172561,2766.900540812595,14.0,352.743399169958
1050,2104.784817842855,947.7143663502133,13.0,352.47753601446396
1051,2981.349897847412,575.5488917871814,14.0,352.2991085694116
1052,207.66954660379787,1675.1569555991491,14.0,352.1246695050747
1053,567.1213086528056,2906.223257738284,15.0,352.0373705842095
1054,332.1223058354298,2491.3399742354004,14.0,351.49570600308795
1055,1043.5593933886503,1837.3134245516353,14.0,351.43542202832936
1056,3447.665621229839,1897.8118681853252,14.0,351.43354050363337
1057,2671.0070566587024,1105.1278777537932,12.0,351.18495828438415
1058,533.2277580271266,975.0409116324073,13.0,350.55645304407716
1059,2089.9418654922215,3354.125947590858,13.0,350.3973981015968
1060,2111.7059245063974,3337.393105215809,14.0,350.12003900081265
1061,1870.5885399483902,532.4859330130472,13.0,349.9703286953779
1062,2564.6704303239694,3741.123310000249,14.0,349.7726742288375
1063,2857.037441499444,3322.768537382214,14.0,349.7318014643208
1064,3131.713911018305,1250.6849630391632,13.0,349.7296063748171
1065,3964.9440909756463,1615.5688146882862,12.0,349.5955310746656
1066,825.3919641179693,1656.6985253563398,14.0,349.14172001016266
1067,1004.8410834268007,2253.226334515637,13.0,348.9832421461709
1068,3534.736094506884,3171.814652243367,14.0,348.72278142130676
1069,3670.1048337525194,2795.450345158891,13.0,348.5025995903314
1070,4009.80624300514,1945.211955780304,13.0,347.82682816263105
1071,2683.7235753863933,309.07185580939864,13.0,347.66904542142873
1072,368.2545074916027,1448.6093528606898,14.0,347.4457028329978
1073,2159.2194748033726,656.3157203632272,13.0,347.12370812138573
1074,2430.200719509668,524.0801327528095,14.0,346.7976218504698
1075,992.1388576602196,2505.9822562180243,12.0,346.6131366301683
1076,3275.5708611770415,1942.916740345545,14.0,346.5790032391271
1077,2034.2571876470033,318.6763877191925,13.0,346.28153204149226
1078,3616.2424123212845,2655.0935882472104,14.0,346.10888555158385
1079,762.7816967044255,2468.3346630989195,14.0,345.64667332596116
1080,2931.3882175540407,657.8534546570936,14.0,345.5140342048476
1081,3054.197883177123,3018.330705704144,14.0,344.9960561019353
1082,3055.8806301873415,1465.288391711421,14.0,344.7958886362214
1083,2861.249772138257,2704.6381754962913,14.0,344.41927382306704
1084,918.9082182793395,1454.4664991728687,14.0,344.1960992054784
1085,3123.2618823573516,1556.2320710466706,13.0,343.8444541858861
1086,3729.7900530890656,2330.453431682043,14.0,343.84220793497826
1087,3213.8465811140572,816.5600116964507,14.0,343.5692982678151
1088,1120.0794828368537,3190.1302149202193,13.0,343.33194630419183
1089,900.646661854306,3055.20387526455,14.0,343.30193707358046
1090,906.6713288154831,3159.1617651980646,14.0,343.24913259618677
1091,973.3761309515066,1160.5041251324208,14.0,343.1786108974039
1092,1558.0533039883055,3937.515746458834,16.0,343.11156077487584
1093,1431.6065961090114,954.1686522229847,14.0,342.91082825531663
1094,1645.3916473090699,951.0870573564275,13.0,342.8984345842267
1095,1576.6996601240055,384.38600357487246,13.0,342.5570078921026
1096,3484.2008225528853,2505.1132612520123,13.0,342.5248999400346
1097,244.76605815771654,1904.4244693551095,14.0,342.1988605123482
1098,3445.5440159656564,1678.7238840275506,14.0,342.1675868628897
1099,4025.58524123909,1980.7506615725495,14.0,342.10278212177417
1100,3465.5888522625924,910.2426131846115,13.0,341.78906295798834
1101,2929.200133218779,3813.919199172118,12.0,341.51715661192134
1102,3393.9732374703267,2643.0712072171323,13.0,341.44966270887187
1103,836.5341557371974,3384.373700679413,13.0,341.27357734620944
1104,1484.44653998798,3158.567339557779,13.0,341.1193285264539
1105,2892.6183260154994,3154.6386646130286,15.0,341.0649137372571
1106,2278.7740077431795,3744.285102549112,13.0,341.0496259007378
1107,465.65826344297056,2181.794556843074,13.0,340.9519438815645
1108,3294.865438267737,3408.425474655213,14.0,340.75289010054
1109,816.471741492304,3254.9612669036865,15.0,340.6588836856406
1110,1426.3953030766443,578.2843713947559,14.0,340.38796411041653
1111,603.6183531159717,1985.1369899653182,14.0,340.3515094781864
1112,2377.945312277351,3775.5703478160203,15.0,339.99887728397783
1113,1521.064382112464,774.8472316836215,13.0,339.69906884776117
1114,3710.991460746709,1267.2752948346485,14.0,339.1408569753825
1115,1263.547015654076,886.2486895603665,14.0,339.09471452687796
1116,2153.3328950269793,153.6976225790199,13.0,339.067380530866
1117,2497.9931879386286,3758.838545295299,13.0,338.7334945969824
1118,1081.8351322314727,3690.0653658783167,12.0,338.3602256087355
1119,274.95397595165593,1402.49458139339,13.0,338.2993005781221
1120,2997.1548789345056,2707.560006837928,14.0,338.2375745206697
1121,2607.669098266705,3410.88872963414,11.0,337.8409592941883
1122,3391.3558434686624,2530.8595477043277,14.0,337.6530334961087
1123,1500.9036205261295,2975.5185561847393,14.0,337.6071140809853
1124,2660.9488893091984,3863.3044139367394,14.0,337.17688374945095
1125,3856.1993086431703,2053.161866543822,13.0,337.1172641681285
1126,2883.9073977816943,495.38358079348995,15.0,336.9426353732099
1127,3435.1722452144936,3273.1873649104223,12.0,336.88536870596727
1128,1020.9947711852877,3584.689094740503,14.0,336.87792750230875
1129,1896.5137143220436,1037.9505267685927,12.0,336.2507137327101
1130,1354.8169530318796,374.0611308186887,12.0,336.1430794493876
1131,3196.805223357702,1536.5680055051885,14.0,335.2084054883641
1132,775.2908668670467,2326.937173170653,16.0,335.1545585681776
1133,844.8969129729182,2382.970232013279,13.0,334.96185833501676
1134,3426.41394674574,2942.655205564838,13.0,334.9111327422213
1135,3010.420519671229,3385.4085074899626,14.0,334.55814116117386
1136,3787.4489517072443,1390.4438854815671,13.0,334.3266490449479
1137,3774.4984243017866,2999.025810214602,15.0,333.92571923319406
1138,634.8096021934894,2470.1487502941154,12.0,333.8554611913662
1139,3676.456774678766,1825.8165174596184,14.0,333.78013928868995
1140,1327.2661438688135,1233.6195960731952,13.0,333.6119372858721
1141,527.4006857904546,1007.4035354785302,12.0,333.56474518087714
1142,3021.579935039192,3241.8002386481016,14.0,333.45875616909916
1143,2870.577414833398,3866.3394489980014,13.0,332.26380793942525
1144,3151.741766915078,891.924789099485,12.0,332.0953435400757
1145,2348.9864255822304,3431.2941745838048,14.0,331.8475508249246
1146,3124.0839824626446,2884.9744816053585,12.0,331.79796587075964
1147,506.43016355300006,897.074342926842,13.0,331.6070805916831
1148,667.3492280997854,2207.709767654813,13.0,331.54765334486495
1149,2835.229261313435,458.35079846982643,13.0,331.541289148531
1150,3290.203564321501,2848.0060477693128,12.0,331.2862443443196
1151,1202.9472634645324,2853.369028592823,13.0,331.2556944785241
1152,2669.6293063543826,3721.74195562123,14.0,331.11604258715386
1153,3426.196862884148,1954.5564155523134,14.0,331.0497377339113
1154,2955.2250302280104,447.15549041661035,13.0,330.76087312558104
1155,90.39027302041136,1862.6955453420987,13.0,330.6424721384484
1156,3107.128757567638,1512.111946669873,11.0,330.4713764464711
1157,3214.667820919114,3391.312092376391,13.0,330.206791571637
1158,1964.378902138249,732.4923229187912,13.0,329.9013858314018
1159,3034.5556306873664,594.6549040295944,13.0,329.7384835050823
1160,615.950797047274,1545.8711717619713,12.0,329.49817952007317
1161,2700.6486093115345,867.9804400815677,13.0,329.10573544484544
1162,1485.5702028415174,586.6367706660766,13.0,329.0051388264258
1163,636.0347707737953,1862.7184065955792,13.0,328.85302178767256
1164,2310.4427621352916,3054.270001826349,14.0,328.01603069648723
1165,2198.2416194876864,464.4394279047873,13.0,327.9376542263393
1166,2235.5672285930987,3629.8409177415747,14.0,327.76491632225276
1167,878.2140196551966,2864.0582826057916,12.0,327.6111973613309
1168,2251.731703885119,1034.486975499958,13.0,327.5399978417231
1169,1125.338351831064,2611.6864896069105,13.0,327.4226475822719
1170,3369.112134348663,1032.9373908607467,11.0,327.3762022415341
1171,1957.945447222775,408.22452062472837,13.0,327.09878010857966
1172,1522.4734562293254,3606.7490959818365,14.0,327.0824268955234
1173,3495.2071334287075,1001.3955331745376,13.0,327.0197137269235
1174,3522.5191969873467,1142.6456909733995,14.0,326.62094825537645
1175,3272.4495519478696,3151.8013567353405,13.0,326.62094294164746
1176,978.4117817261098,3190.141987625387,14.0,326.563476904162
1177,1502.4317957532762,3118.5194845572023,13.0,326.30188190835315
1178,96.71741998732722,2041.1273580926793,13.0,326.0284506920958
1179,340.81053673603554,1731.9148204688126,12.0,325.75228852788456
1180,477.2826568892605,1656.402199090478,14.0,325.506916808481
1181,3809.4181535575,2539.518305773457,13.0,325.43608940207196
1182,848.2811140720232,852.7165034293221,13.0,325.20895156095776
1183,2770.165066434054,263.67279617890904,14.0,324.8186103846634
1184,924.5945724571485,921.4723610532837,13.0,324.48136681052017
1185,2645.8641238185855,3743.566675305277,14.0,324.4216943908984
1186,1812.154411820023,3576.14851367236,12.0,324.1146764676217
1187,2949.551703456662,3868.1594459796943,14.0,324.08542140965415
1188,810.5902831002278,2669.670710305967,13.0,323.7304278489581
1189,2366.246083016516,3477.372011054229,14.0,323.31060648494724
1190,2454.437799041084,3940.069803271017,12.0,323.30809692702417
1191,3892.117390417248,1883.3391508910017,13.0,323.150678930076
1192,3401.3116608946757,1064.3199269058669,13.0,322.5772422933132
1193,1178.465892977446,1280.5035755064603,12.0,321.88608506006346
1194,822.1981849673671,3638.9665408452893,12.0,321.86474565942444
1195,3205.016576600499,1999.4764904645149,12.0,321.7632781544736
1196,2423.8969796387846,3553.3856140599173,13.0,321.3638946103668
1197,3837.188995205686,1109.6180482306404,13.0,321.10779672322593
1198,1192.8803364741354,3480.889879149812,11.0,320.90416210903834
1199,567.5732661894466,2605.1940983486707,14.0,320.38648590632573
1200,1583.3049635475459,3083.48755691535,13.0,320.28560545764344
1201,3176.7301853875124,3016.095703158918,12.0,320.2190156845397
1202,3509.397887633551,2065.4391587359783,13.0,320.0722584557295
1203,4007.946785413856,2164.744366958016,12.0,319.94242942238634
1204,642.8514694562973,1465.2788152715282,13.0,319.76905640828323
1205,241.65135927172454,1723.1398783722702,13.0,319.65385081505383
1206,1115.063490535159,2965.9584389085817,11.0,319.5636152235543
1207,3873.3272462699365,2745.5245288451974,13.0,319.5475104770372
1208,2445.3548245706265,672.560803106989,13.0,319.4137251771077
1209,397.56522510723283,2411.1657023735943,14.0,319.2375049457848
1210,3670.4680999352995,1536.4501078224785,12.0,319.15576143300433
1211,246.8353040686078,2755.6147082134244,14.0,318.49895275636936
1212,2380.3108598924746,313.2575483504326,13.0,318.31545571139816
1213,3206.35063734181,1786.4976117519461,13.0,317.8374675680697
1214,3705.6014449180734,3057.898707514866,13.0,317.301572741771
1215,1517.51053563181,3140.970337903749,12.0,317.2720108182257
1216,1158.7943512817653,1212.6747226680272,13.0,316.9108899655424
1217,3071.8635519085715,2636.5176196444386,14.0,316.87059398687404
1218,834.1805754599058,3170.146169307396,12.0,316.6394645803138
1219,3494.304292183791,1335.7741372482453,13.0,316.4869500869292
1220,2301.2345537571396,833.7282406178823,13.0,316.1849386136508
1221,1668.6895339354378,703.6355459302503,13.0,315.9739695432731
1222,857.5558040587157,2488.0788428275464,13.0,315.9252057653621
1223,2866.3707932792836,729.0239214069985,12.0,315.83291640930076
1224,919.8590388950018,2403.6490209524336,13.0,315.7447754449871
1225,2120.1036070095097,3978.2081571658264,12.0,315.43440173511874
1226,2627.587094935059,3648.510389694755,13.0,315.32915313484034
1227,3263.468023470256,793.7821076708062,14.0,315.1553105057752
1228,546.5486330664803,1874.434166169349,13.0,315.0586626757088
1229,263.2401321632612,1953.8122755883865,13.0,314.97565482654744
1230,636.7247871211508,2981.083980752134,12.0,314.9193687028361
1231,1276.7247674993969,3100.761516578576,13.0,314.6952737778712
1232,199.11975743195063,2695.9937304971413,12.0,314.5326251823657
1233,1081.3528616013182,1430.6544522855793,13.0,314.346813922164
1234,2223.7647966092595,3543.7737203061574,13.0,314.0895421228378
1235,654.098482078416,3365.476990366931,14.0,314.0436737402905
1236,507.4124573919323,1390.1162810359606,13.0,314.0025859946544
1237,745.1258480336271,1169.3096377152258,13.0,313.38686579714135
1238,1301.1064548647053,3672.1744940347867,11.0,313.12100936193457
1239,3163.8658277352324,2646.4498197730077,13.0,312.851569668115
1240,511.6727171053176,2102.216931736662,13.0,312.5434602893027
1241,2942.7790950122094,841.4335008791999,14.0,312.3669987290523
1242,3197.438193154504,2941.344843796914,12.0,312.3645808492444
1243,2042.632398240558,633.4968424455253,12.0,312.25825974195834
1244,346.5347628398029,2942.4354557560096,12.0,311.8936326929911
1245,309.78756142843105,2092.41505806799,14.0,311.85099494324055
1246,2967.703547615862,1119.5849287196868,13.0,311.5067311725544
1247,1345.6698127620639,290.08993932468707,11.0,310.9584811952281
1248,571.7971702944691,749.7149729712921,13.0,310.6448002453994
1249,3728.4567088794743,2423.4919759007335,12.0,310.61504373766115
1250,1604.3307126594007,154.53994394945,12.0,310.57270950351466
1251,571.3948984234386,1548.8607614473656,14.0,310.47504169591514
1252,2057.7335868035375,3782.7592166532913,13.0,310.2944824626202
1253,3640.237151067092,2286.0867381277944,11.0,310.24303204912417
1254,757.4678288931551,2962.267450566178,13.0,310.18125316299427
1255,548.893749713396,2588.451408800402,12.0,310.089566398846
1256,3173.98540779774,655.1873839525064,11.0,310.015375530011
1257,2226.4935224346073,3886.9538257225427,12.0,309.74270853437946
1258,810.0872088454413,2913.6347077333053,13.0,309.5652431045875
1259,1335.4346414896554,362.1975188797664,13.0,309.29991173386315
1260,2871.6419449700443,3242.191919476047,13.0,308.98125077083847
1261,1726.459353809794,3899.1920357726967,13.0,308.97746747433376
1262,925.446280481319,2022.5939659719902,12.0,308.93532610456964
1263,2443.458138480282,3560.7124544077915,13.0,308.5653666085187
1264,3566.090251830876,1249.7074712176068,11.0,308.4470195220357
1265,3803.3385018310123,2594.27090566947,12.0,307.9949027039255
1266,2772.165367911115,684.2666000893182,13.0,307.9843988906524
1267,3062.364281257897,1188.5361698200238,12.0,307.8427120436521
1268,442.42187938538075,1144.258408470582,13.0,307.7443717495224
1269,385.3890351782908,1621.4714647807646,12.0,307.63891338985553
1270,881.2614584686205,636.3922397287334,14.0,307.6216974114245
1271,2668.68119347798,1176.5045398344926,13.0,307.56988762563196
1272,3559.8673694710656,1538.1377909150913,11.0,307.3096908522537
1273,428.0822100137946,1594.696200005535,11.0,307.02186105262604
1274,3091.6942378483404,1060.135962123415,12.0,306.7706657068254
1275,3745.5240480505167,1448.3370700896294,13.0,306.13463245817326
1276,508.055640990854,2940.2750559690394,11.0,305.88993687952404
1277,3559.755005242148,2641.202807753091,12.0,305.6934954217043
1278,542.9488498497315,2605.6619837030657,11.0,305.5649646082132
1279,456.54453891351216,2139.2522564243604,14.0,305.0868149177342
1280,3781.121034740743,2433.680162218175,11.0,304.7740446571152
1281,908.1400639225626,2192.505265717849,14.0,304.61645883254994
1282,1164.2392882629313,3432.090661453926,11.0,304.39318292743474
1283,1576.5587572161999,3132.633569150023,13.0,304.3193602068609
1284,3215.6134088145172,557.7705379624986,13.0,304.2388762304985
1285,2936.6814848597655,2991.371748747343,13.0,304.0950657417447
1286,3660.5373013580197,2205.5001946480247,12.0,303.9018993973241
1287,1765.1130779177727,630.1485407194108,11.0,303.8630663519242
1288,2708.7909522248756,3186.606790738771,13.0,303.59321869787595
1289,3051.7501105634697,2073.378407041646,13.0,303.0740330468016
1290,1395.1464902000896,1080.5960342551457,13.0,303.0399516142605
1291,2914.9094503305414,3645.5590287549385,14.0,302.795303053005
1292,3184.173107174578,3570.392399914395,13.0,302.7474492490851
1293,844.7104015962353,2172.8324484317054,13.0,302.53224104687735
1294,266.0038033363976,2210.007094865429,11.0,302.49171804466175
1295,1635.8413569355123,2998.9813354551115,12.0,302.4527966242706
1296,1603.6972473008836,644.5693204076117,13.0,302.1152847578849
1297,2905.383127306356,2635.259674084679,12.0,302.0574028820064
1298,2667.261611721206,3307.4719295202945,14.0,302.01780865869375
1299,2340.5456770490773,3778.812851229444,13.0,301.98070430851544
1300,491.8493116516512,1144.274611320158,12.0,301.93359210563574
1301,2749.7407829467807,3275.6480652888827,13.0,301.7012586033787
1302,3264.442488784625,850.4307496465694,13.0,301.6595182934733
1303,3014.4016305190744,839.6141123136824,12.0,301.57788907017414
1304,1527.852614881834,919.3812560968449,13.0,301.5178585079191
1305,2441.2379132306405,325.0699277579881,11.0,301.42532418447786
1306,443.71944001474355,1242.2482267302673,13.0,301.3246396653458
1307,902.5443366513714,2629.352129847703,12.0,301.23727025072577
1308,2152.8601621700454,3905.7111153823653,11.0,301.02752457068664
1309,3102.217615195732,3440.7953566182973,12.0,300.7760984997008
1310,899.2232928593575,3562.14806238959,13.0,300.6440587268615
1311,3013.1062850629505,3289.2650177459313,11.0,300.43688101832447
1312,3833.8231126442056,1962.2046784260785,12.0,300.2085253392132
1313,1063.1676245690915,3331.326663792034,12.0,300.1823633088983
1314,3015.1767900890536,3186.8902932892297,11.0,299.7969340885279
1315,2700.3919021002143,3557.9114028181393,11.0,299.50144340921656
1316,2864.4599415625844,3609.4268104539997,13.0,299.2685439032652
1317,241.82033801445777,1351.6623507017885,12.0,299.2211742024495
1318,2263.2576775560256,1038.0103726384718,10.0,299.0976967865219
1319,1063.1746182074698,3398.9050894488237,11.0,298.99659432301485
1320,3514.414584209386,1625.4240717347486,13.0,298.78384756359026
1321,1002.926930903562,3246.8480954561023,11.0,298.5389212839056
1322,707.0693217725978,3438.5469230285776,12.0,298.48869423975765
1323,2779.6053927278217,3136.248948772907,13.0,298.1627211780283
1324,622.7790233319781,2353.211434353147,12.0,298.09245591243007
1325,3389.7560053998727,812.7950550634512,13.0,298.04237014075113
1326,3752.1994319519886,1652.2841683728655,14.0,297.624014983904
1327,2212.1813008525473,3245.2961729753993,13.0,297.5596690076245
1328,1975.772121344812,1010.4449245457681,13.0,297.3121735332347
1329,307.2599453903402,2572.212265422738,13.0,297.23593443411374
1330,2987.0925234854412,1262.6918522901688,11.0,297.2315990112295
1331,2356.096427274338,355.5867776830659,13.0,296.9555619205061
1332,2403.581399161093,3462.4259902488857,12.0,296.5438115221161
1333,3112.669882796859,981.2470538540382,12.0,296.47962518243435
1334,2028.9506620987463,3075.5218473910118,12.0,296.45264853791673
1335,3538.254720790847,845.8834137134178,11.0,296.3888265041963
1336,980.1228350908507,1498.174443606542,11.0,296.28686816320715
1337,3050.8389825262398,2912.1476694467037,10.0,296.0973440787403
1338,1436.969585287585,527.2072570827622,12.0,295.94251508985553
1339,3373.2872349472905,2063.4300546055265,13.0,295.9380203310949
1340,3906.2744973481167,2383.5322790536784,13.0,295.5039886415578
1341,2801.623585592189,3827.286134681312,13.0,295.4993168930385
1342,533.5354964935226,2226.4608707613957,12.0,295.48072252337147
1343,1044.9787521711569,3177.667678421399,12.0,295.40436491990533
1344,3555.6165725023443,2886.543928542938,12.0,295.14442904387204
1345,830.7377498855398,3589.779466313754,13.0,294.9106925978326
1346,1607.9050783842772,988.8332460408047,11.0,294.7150659815935
1347,2158.496292505783,3278.945894043251,12.0,294.0993190194632
1348,1016.8115334341163,3554.3073170399516,11.0,293.98633307777146
1349,2615.494547156027,3623.0759306313876,12.0,293.9617748944205
1350,3608.4420454756514,2522.568937404344,12.0,293.88476337184034
1351,2915.793453491514,1483.150834183162,11.0,293.6420079702339
1352,1026.351240036767,1156.4705920847339,12.0,293.5411725710939
1353,293.69287338323363,2520.2357497516687,12.0,293.4977178665577
1354,2977.149681584552,3199.6894531140156,12.0,293.16570883500253
1355,611.0209559844203,2085.248403319836,10.0,292.9649879441548
1356,2624.5379384776993,656.4491617920206,12.0,292.9026452328699
1357,1401.4304417395197,3574.7666589599025,13.0,292.40194398237554
1358,3157.579292883355,1645.9596403498647,12.0,292.27264874107976
1359,692.1471991138734,785.9264509992198,10.0,292.18990688285476
1360,3074.1628888991813,495.6787152564124,11.0,292.10625265555234
1361,3591.6823554457333,906.58728929177,13.0,291.9310296358671
1362,1687.2223740432698,486.671611129417,13.0,291.8351013938739
1363,1076.6891226452105,2932.661473612094,13.0,291.31271734998893
1364,801.0506030610733,2032.2514590908331,11.0,291.01451577034413
1365,1056.9299625127726,2367.5746677776106,12.0,290.9723160956788
1366,1155.250177508682,1254.9839913353921,10.0,290.89599689294306
1367,1319.345346273466,719.6437606370374,13.0,290.60688688698565
1368,1204.4710962306801,3605.6579084791983,12.0,290.2911591111931
1369,835.3302610409024,767.3783476127928,12.0,290.27933570953707
1370,1368.6382543274508,383.71307209674205,13.0,290.18829650701997
1371,2070.567530681002,3438.9260630373587,12.0,290.1660355997848
1372,3123.5820209772223,2733.7297448266418,13.0,290.1155769741586
1373,3329.2808507541445,2270.19460417834,12.0,289.56642899530937
1374,3084.0995227720286,3750.3328036415137,12.0,289.53470446669286
1375,197.73969036617441,2038.3884318274636,13.0,289.4608388723133
1376,1999.5329116018836,3974.5614436360265,12.0,289.2883612755238
1377,3158.9586246915355,1929.6613401029251,11.0,289.0095525796202
1378,1335.894385923062,3562.4399073897735,12.0,288.93951281354015
1379,3099.19355156949,1922.2833529297498,12.0,288.9297171190626
1380,1472.4394580919634,418.2481672302926,13.0,288.6404975678739
1381,3653.9691746531294,2384.8630924413965,10.0,288.6099996163834
1382,743.3062770496583,1763.4685593711677,12.0,288.3282235781296
1383,3283.1091954183744,1520.8325896441766,11.0,288.1825129807762
1384,2327.1760383674573,3393.7522845018025,11.0,288.0558478027796
1385,819.025516436408,3134.8662672423416,10.0,287.78076570722686
1386,1354.2190167299575,2863.196501587467,11.0,287.4721419030975
1387,1063.288484020668,3263.29552930514,13.0,287.44633696291925
1388,1009.722885780301,2724.8345100456177,11.0,287.34142423037804
1389,1030.2488807285697,2569.610195868427,12.0,287.06018423831074
1390,3041.792619742929,2295.1776016966787,11.0,286.8340678789943
1391,1986.4111130301762,3715.770079580857,11.0,286.76412384999344
1392,3008.434748004577,3572.6598448974883,13.0,286.0266555162017
1393,3355.2143277907526,2032.4536651968929,13.0,285.7525058556326
1394,1243.8646285751868,3441.0183437767964,10.0,285.6928953714449
1395,517.3981418423206,2041.998413948502,12.0,285.4602563611136
1396,3306.8298810850374,2739.6249093695765,12.0,285.3501377466863
1397,2412.648942067979,3702.5290265343647,12.0,284.90570740876353
1398,1407.265172034713,3885.045364784244,10.0,284.7234999688477
1399,3900.6691363999885,1360.4073020049523,12.0,284.5270775950884
1400,2506.5162292474283,3526.519139130691,12.0,284.04422689802175
1401,649.7550379845883,3263.1516564377735,11.0,283.9971149400929
1402,947.6369155224011,2432.25758856964,13.0,283.9965168596765
1403,3780.866140847289,2527.577291212677,12.0,283.9271402969774
1404,1678.431031442098,378.44064099858355,12.0,283.63236350840384
1405,1071.4434177085923,2668.796089424971,12.0,283.49807340121015
1406,1825.479660659808,3444.8838224881165,12.0,283.4304527492702
1407,3599.068901784887,1640.0457757509848,12.0,283.3229754330072
1408,2001.3301038875668,772.6259016900722,13.0,283.18677114021335
1409,2480.2500749066444,179.67143386441538,13.0,283.05434649191693
1410,2700.4841044976192,564.3525744396928,12.0,282.9991912913757
1411,3481.9638943362315,3063.1317355726874,10.0,282.9092335294648
1412,2365.010345103781,503.688019126986,10.0,282.81055205649477
1413,3417.785719960059,1721.283951890927,11.0,282.0491158906319
1414,1878.9554048517737,3652.9562653337834,11.0,281.70877256975285
1415,2328.540036960499,527.5828774938815,12.0,281.6373713073675
1416,493.3469635570157,2610.556324625432,12.0,281.2983678943282
1417,841.0301986153399,1183.6725695007412,11.0,280.9862153096947
1418,978.2877168771947,2941.498157025668,12.0,280.5539053392469
1419,1222.2001767025959,3344.386265614032,13.0,280.4164560606951
1420,1766.1715085966512,703.35012327517,11.0,280.3370069803476
1421,629.0355972342047,1480.768062063968,10.0,280.2618927777604
1422,3612.403858533984,3272.903131955448,11.0,279.9262552907468
1423,1806.416478573967,302.37780741978304,12.0,279.8504403854796
1424,1690.7230869712657,441.9356006173285,10.0,279.6361622147282
1425,1763.8457105786422,944.6874647958692,11.0,279.3993682350459
1426,521.0026023344301,1176.5237756614395,12.0,279.2840770190528
1427,1426.6477326820082,1162.7801490962008,12.0,279.0172970266442
1428,1558.1127236463353,3819.0116640610668,10.0,278.98904386703623
1429,2962.014308584749,1429.1376454734143,12.0,278.81882319138333
1430,1466.2542930307447,3811.9977024663017,10.0,278.7913351991807
1431,647.5059606233406,1781.4921925934038,12.0,278.75767699729096
1432,1952.099543840252,3258.0025774934206,10.0,278.73964118012543
1433,892.2538504071579,2331.1500597525064,11.0,278.3048893944456
1434,1751.0044773700952,3410.315286454388,10.0,278.1811519477282
1435,152.43136946553966,1718.270398252232,12.0,278.04817611668415
1436,2489.730259222505,3702.532293588983,12.0,277.94057420296036
1437,1473.546489114574,3466.352996644882,12.0,277.9102622790899
1438,1745.3947693155358,3682.879826367438,12.0,277.44375951132184
1439,1890.6418574836032,4055.455353268761,12.0,277.3213587137179
1440,3412.189852017941,1032.1819346809013,11.0,277.266853360144
1441,4053.6423481991155,1964.0646416412135,11.0,277.2363636170709
1442,598.4263001933946,1616.8671991710758,12.0,277.22345892419145
1443,465.2598811732641,2710.712109952461,12.0,277.05239261550815
1444,2751.6087316282014,410.5867222937071,12.0,277.00762693061563
1445,3891.828521247436,1507.8223790090856,11.0,276.93379387728066
1446,1663.729802813606,833.925292479823,10.0,276.6821522327993
1447,2596.7217680897907,3336.223502128824,12.0,276.48009530482204
1448,1131.6614122460896,2761.457453209863,12.0,276.43990812725883
1449,1070.291493778288,361.5810799328891,13.0,276.15388876598297
1450,3124.49839653335,2675.4200139319437,12.0,276.12836056172733
1451,3850.982141438682,2526.2251957839985,10.0,275.73583789646307
1452,3951.1318198138774,2418.8585389413356,10.0,275.23136687697814
1453,3755.114434208555,2589.91847498665,10.0,275.22830986001816
1454,3428.7988039783763,1618.7612472965354,11.0,275.0337012571867
1455,796.4771196754524,1614.3563275979811,12.0,274.92189311836023
1456,1186.5997901674275,1058.4737815537242,12.0,274.57652407217546
1457,2105.2370441001385,592.1014693333749,10.0,274.56639345774266
1458,2883.6944186662104,3047.860003639796,11.0,274.33145509223516
1459,2521.0270892114927,3111.7714873391296,10.0,274.2684948526103
1460,1120.8043057578743,263.99087243336345,10.0,274.1048860659248
1461,309.18394486330146,1225.4848147348025,12.0,274.0682103697352
1462,1920.9861509136044,3661.3675849769,10.0,273.62743722375683
1463,2267.7580854270395,3101.438853815286,13.0,273.55812776657615
1464,1303.5713979337988,1306.391302682971,12.0,273.53888845476826
1465,1473.0549111616947,3532.7177051378226,10.0,273.45292909905686
1466,2131.2745662646157,10.784607970138424,10.0,273.3481817067679
1467,2583.4911461302577,3883.0741029346755,12.0,273.29470034257463
1468,3664.2488966027418,944.2822487238112,11.0,273.24358398086787
1469,1917.8713242220126,79.7390541728271,11.0,273.0359947208673
1470,2221.8771114130745,3941.127019998596,10.0,273.0093732070599
1471,3144.4227982810294,3023.1999943662536,12.0,272.8607266929854
1472,2160.7467408820057,732.2412722098061,11.0,272.7643040909186
1473,869.5155227159659,2278.1979088538533,12.0,272.53247443538316
1474,2703.5814807978873,2913.674199005923,12.0,272.0975398156164
1475,3405.2695728448716,940.0645314676499,10.0,272.0664887123362
1476,534.3471601939731,2364.380418892685,12.0,271.71968853130136
1477,2173.890176577184,3873.6332427871084,11.0,271.65506884579986
1478,2832.1093033528496,2711.5263227723517,11.0,271.2883110556004
1479,2788.6672059232787,3299.048282624289,11.0,271.1265795271893
1480,2589.471109196059,3679.3464396188924,12.0,271.02358618811274
1481,3638.7981439782434,1647.440176246464,11.0,270.6975996672439
1482,240.13300453092498,2833.7370961291836,10.0,270.59033871631596
1483,3487.4157991660118,1922.997486688449,11.0,270.3750467244989
1484,3004.7078979251005,1391.588276880127,12.0,270.06065635758085
1485,676.7245272461491,714.2670014753209,13.0,269.88917076323565
1486,2488.7945317591384,3060.1005072622984,10.0,269.8219561927862
1487,3186.097564989684,2557.1740829782607,10.0,269.65436243296443
1488,3426.4178886827103,2165.587853969562,12.0,269.62602817654687
1489,1032.4468278774157,2032.8305265523452,11.0,269.57152049139535
1490,3755.699159263905,2100.495898539084,12.0,269.05463829592713
1491,3023.7533348774905,776.1061840418702,10.0,268.81886490863866
1492,1392.3331115822532,639.2353855353105,12.0,268.73588882962724
1493,1004.0592466418677,1517.1419672872646,10.0,268.69154453599634
1494,2200.7871376094927,3418.87592552547,10.0,268.3646211053487
1495,3309.6623907308367,2031.7595772094514,12.0,268.10197128862785
1496,1327.5586827114082,2866.243645882511,12.0,268.09818995242335
1497,3593.9648704049705,1275.9321161381893,9.0,268.0654848999443
1498,542.2274132767244,1783.0238398602999,10.0,268.0522016737135
1499,3053.4285846705166,339.63301657453644,12.0,268.02368825447917
1500,343.83668908407765,1053.3337511930415,11.0,267.9416558058403
1501,3603.973814801548,1477.3166648430076,10.0,267.93397920677313
1502,424.92888082127945,1913.0057228831874,9.0,267.7962240992398
1503,2995.9746168470174,1180.5500178017808,12.0,267.38838031495396
1504,3163.5952495718625,3293.357159949351,12.0,267.3798146598274
1505,2123.356919032806,646.8539668422902,11.0,267.3774191943028
1506,2792.366653082237,3640.2113585848188,10.0,267.1734329385523
1507,3045.560665806424,1822.8760275770187,11.0,267.0668999319084
1508,561.7231386213344,1934.7666108375415,11.0,266.75170871781825
1509,353.0945094001185,1472.7343537122858,10.0,266.3963245534181
1510,3007.367571766887,969.04293730214,11.0,266.34909970258275
1511,1880.6709082322175,3982.4933605503816,12.0,266.0946836114629
1512,2343.4187959120572,1068.416676931091,12.0,266.0793860302397
1513,1270.437246501007,3319.548459442666,12.0,266.0646203186294
1514,3034.733060206583,316.5230722180251,12.0,265.9895613165802
1515,3094.8347446673656,1712.9549219984938,10.0,265.9802983901099
1516,559.1991534626937,1925.7414456797205,11.0,265.8903175267352
1517,698.027939257606,3295.69306359356,10.0,265.86253009652955
1518,732.7684801046767,3153.0363950935034,10.0,265.8473034066185
1519,2216.8729142973134,522.0638430924627,10.0,265.77311404928884
1520,673.1111286574745,2380.4835704327884,11.0,265.67475833946764
1521,1254.2355875806595,3419.7632485406316,11.0,265.17070911316347
1522,2084.743647943693,77.98601035310928,10.0,265.0218246807438
1523,2932.025868091165,3212.709971427373,10.0,264.944282394102
1524,1654.5305142648172,669.3309592537994,12.0,264.74870123048663
1525,740.8571895511254,2911.3852851697775,11.0,264.4295698460222
1526,3053.3400564556696,3045.0125980420107,10.0,264.190041783274
1527,1612.2138919379956,3933.1921263781287,11.0,263.98489012080853
1528,1849.0333354746956,889.2494676635764,10.0,263.92590826153173
1529,3495.551233464275,2879.9291608074504,10.0,263.90920632784247
1530,1833.5239452549997,3662.4807212011046,12.0,263.7541333234714
1531,2888.546663826002,1386.307067729684,12.0,263.7313918587936
1532,3403.3960276073994,1120.0393509961004,11.0,263.61989070044757
1533,3820.300410099728,2019.4108515044402,11.0,263.52931308104223
1534,1645.7906222741062,610.3720651847157,12.0,263.4110114331857
1535,3112.2581899502957,3126.593199250693,11.0,263.2496341740693
1536,595.8545799773254,2106.677778008991,10.0,263.12050677275323
1537,62.67937578819624,2117.2183091174884,11.0,263.07096287996137
1538,2271.6523975665737,3136.698528788868,11.0,262.32209621945714
1539,3696.494075721864,1408.3929883533126,12.0,262.0909484884536
1540,3257.0386536751616,618.3613266011162,10.0,262.01084282715664
1541,3027.0005935554886,1493.647556095213,10.0,261.92126435962075
1542,3964.199609198178,1643.8276061484235,10.0,261.8150459478728
1543,1376.180438323495,908.6557606915084,11.0,261.81276646958344
1544,2687.9634850871507,2895.925572508826,9.0,261.67819543959456
1545,1717.3826892514646,3224.1583288844004,11.0,261.47614751084274
1546,1804.824937447947,796.3927615349519,12.0,261.4512526932267
1547,3573.570518901547,1185.7320597710395,11.0,261.17625154556316
1548,1743.376751993125,395.3485709500895,11.0,260.9875992766182
1549,1627.6204356436956,3773.509462742642,12.0,260.81347102730865
1550,2938.036175877985,661.8227263844823,9.0,260.55562359368275
1551,816.8488534236612,1841.2198765406556,10.0,260.54604154794436
1552,893.5761746407073,903.7789338215554,10.0,260.46381679686715
1553,470.8440295170528,1811.7648931535484,10.0,260.4175337288095
1554,1743.8204792768017,3630.6680669485613,11.0,260.31231088317884
1555,2654.2565636862196,188.8705850484668,10.0,259.7184643445954
1556,3222.29073930401,747.7699691450575,11.0,259.68002719891035
1557,2998.2526238139626,3529.3098614926835,10.0,259.667535892219
1558,3269.5234670507357,3533.404042205179,12.0,259.59404639416755
1559,3932.4715536862254,2360.4214849565938,12.0,259.4195464064088
1560,787.3604734761506,3027.0608218817556,10.0,259.3802517914754
1561,3016.1668722261034,703.2584573321279,10.0,259.32505312204853
1562,1712.581691326944,588.6459630777168,12.0,259.18168993109026
1563,516.9203995418396,2676.949575888381,9.0,259.17350548083135
1564,1318.502117725546,3264.6492077785865,12.0,259.15121229183774
1565,817.3933465609118,2945.761193314061,10.0,258.973032093234
1566,2427.7436876055885,710.4440522375575,11.0,258.9014401800849
1567,2936.2395237192854,1111.656421183361,11.0,258.70309353373216
1568,3657.443113419924,1003.4744483618326,12.0,258.65648678879063
1569,2859.7346528534217,3745.20571711982,11.0,258.61265586968693
1570,1248.4525452757198,1375.4148671746111,12.0,258.4326371502793
1571,715.1190757751787,2276.7838918786692,10.0,258.1782553248098
1572,587.0042781739733,3122.5302407272466,11.0,258.15755697274477
1573,2665.0441689769386,3667.236131814233,10.0,258.02396085245846
1574,2991.710746799714,1155.3844960124322,11.0,257.9115776117336
1575,1456.6500353971944,971.5812302493414,11.0,257.8031438044538
1576,3348.1422963518153,1451.0215316753893,10.0,257.6728831415183
1577,1854.6850749214852,3533.4332836885264,12.0,257.64072725176345
1578,1397.7531608801305,2982.959737397235,10.0,257.63290828297977
1579,368.6709523356773,1425.6277508305127,11.0,257.61448995918835
1580,823.0440815211001,1421.4652432902917,11.0,257.561014618525
1581,3836.4260619693628,2636.329188607517,12.0,257.3927582206364
1582,1848.8129000885765,80.92671544475384,10.0,257.37302794601925
1583,2352.357452260865,3642.904084681682,11.0,257.34377785610764
1584,1674.3069799157597,141.16092115700872,10.0,257.1611748597597
1585,3992.463496095118,2152.447529002981,12.0,257.057394796304
1586,2805.9956245477433,3556.534459046776,10.0,257.0429997965786
1587,3811.044252617254,2503.3107409676118,10.0,257.03450089598266
1588,3155.101040802699,3402.516626326906,11.0,256.39955072571
1589,2758.9420381124296,3565.9928653152956,9.0,256.3803441188076
1590,1095.029417919846,1040.903248981176,9.0,256.27852635213407
1591,2435.7569344824497,3398.337193619446,11.0,256.25476371107146
1592,3029.5280991231766,1478.5848521865585,12.0,256.05500121909864
1593,425.11700349461114,2111.2716508132585,10.0,255.9781452755001
1594,2227.567578689324,153.01769752671026,11.0,255.90359232921656
1595,3163.376133148986,2240.4789535851187,12.0,255.8986005245027
1596,2371.3469828635552,530.1102571389479,10.0,255.86518740347185
1597,3140.51874432304,2898.6822840009886,11.0,255.65675423541674
1598,1898.0466125704659,3273.871900589317,9.0,255.47503022112883
1599,541.9003993492054,2086.7992724080614,10.0,255.43885687419106
1600,2015.3547099900877,877.8012436367636,11.0,255.36079794701786
1601,3261.7719364687523,958.8306213190507,10.0,255.2149093239191
1602,3485.3375520385634,1546.5117318863415,12.0,255.18674874596257
1603,3403.5983053593613,862.1013105774379,9.0,255.18598804214835
1604,1539.941369955171,1044.643497086653,10.0,254.95010008730213
1605,935.1651673200519,2603.5391622702145,10.0,254.8919739767701
1606,3014.7250280956987,1558.084242140181,10.0,254.88227525756045
1607,3216.5908818037215,2633.0914414447057,11.0,254.8708798903026
1608,142.00657688271872,1989.7795896744828,10.0,254.84271805046498
1609,3804.590078581921,1618.4610734067903,12.0,254.8360824227457
1610,1368.442270447532,3161.101448196848,11.0,254.83364658486107
1611,570.3957901331199,2136.9631025647486,10.0,254.81476934112666
1612,345.542869559554,2249.3780970606713,12.0,254.80574699005075
1613,3152.8357758538855,2197.2386109839636,10.0,254.77436753505853
1614,654.5466069867807,1939.1551007511346,11.0,254.46458305156764
1615,3115.085375120509,1755.6003459548554,10.0,254.41556658909263
1616,168.06914594246967,2369.2759807974103,10.0,254.24014725235827
1617,955.2630817101731,3369.3243926600344,13.0,254.1831593029484
1618,2777.369955281951,345.672890922747,11.0,253.72259132825903
1619,2314.6204313620756,3358.8597609050516,11.0,253.58221628877553
1620,3307.6708771116528,2839.6353257034607,11.0,253.24875305792295
1621,3042.24993123493,719.9248053690618,10.0,253.0939328216645
1622,3100.926273076139,2477.9824118731626,9.0,253.0566215489374
1623,1417.6334975975776,3611.293229014973,11.0,252.99882031491148
1624,427.12862858202084,2215.854059526491,10.0,252.93060655007054
1625,877.7814608336691,1055.047132444635,10.0,252.88044844921978
1626,2147.1033233941876,3452.754356813126,10.0,252.7817776988696
1627,1131.4910254909703,1437.2001257182808,10.0,252.77777549308072
1628,2816.8973218875985,766.2497506298539,10.0,252.7163364943753
1629,3278.478326938778,1672.0604625103797,11.0,252.61928598265743
1630,1013.159020659737,1941.5914763145167,9.0,252.61522094981038
1631,1012.7019126029019,1382.3244034543259,11.0,252.5089542500738
1632,1107.3606273280188,547.0073507905086,10.0,252.426984030361
1633,3252.8865852035688,3014.1208122094827,9.0,252.38385326554348
1634,3051.0126885996538,3185.755728334173,10.0,252.3385651445836
1635,3220.6422607512714,1164.981991115516,10.0,252.28015047236397
1636,3230.0449069070955,2408.0492188113267,9.0,252.11905304510356
1637,812.5686586959893,915.3646034829464,12.0,252.00662196832184
1638,2971.8797130036846,2777.9666420794038,9.0,251.69866022398327
1639,1176.9087438103338,3547.427818165218,9.0,251.61543764966632
1640,4051.774852798381,2151.539597327963,10.0,251.40147025141908
1641,909.1293842370777,2902.2849277983623,10.0,251.3279395112053
1642,1732.414226511882,3119.601487413097,12.0,251.2193240838316
1643,2988.564631107224,1291.4114436955158,12.0,251.2029478424182
1644,2642.523807847901,3314.9542456015797,11.0,251.07423618254057
1645,3012.298340099802,3046.875500069465,10.0,251.0664027354014
1646,1958.2651113587167,3526.1201827720215,10.0,250.76982209471896
1647,3068.970864295434,3412.0869738736583,9.0,250.73972409325103
1648,3879.025562073013,1359.9332224180482,9.0,250.68520734860806
1649,3069.021968563587,359.3312133884994,10.0,250.66854761493047
1650,1996.4733965101661,3800.6365892553613,12.0,250.22186063225757
1651,1940.6834780083175,3561.812732956301,11.0,250.20546754364008
1652,1987.5442948456853,3084.9285082732727,10.0,250.0510064996368
1653,722.639716822986,1903.4690451062916,12.0,249.7693904962031
1654,1365.2149055949594,853.9804255286522,10.0,249.72672655736073
1655,2802.9234267103693,3534.227161154963,10.0,249.59615431995502
1656,3515.850997428519,2806.251590705984,10.0,249.52839160966644
1657,1048.4144574342035,1117.007257345572,10.0,249.43465618734706
1658,450.0851323454513,2734.247229328333,10.0,249.42181494228518
1659,2194.3640094379934,318.4716190987859,12.0,249.29128801897122
1660,3471.65145093907,1161.9091932196802,10.0,249.28175114128805
1661,715.244540396186,2596.433413048523,10.0,249.12961206256762
1662,3409.532943162944,1603.7193562412174,12.0,248.77036937177783
1663,3102.028367678038,809.6901167354123,10.0,248.30810126046762
1664,3762.034653341731,3059.5033484450096,10.0,248.30520258693386
1665,1233.9894929802824,3118.9363879029697,9.0,248.16403775627714
1666,2829.92649168585,2977.7429465163327,10.0,248.13499472325918
1667,602.5644490123616,2546.080671259167,9.0,248.11802333839753
1668,2819.5209703410883,1232.7792277193025,10.0,248.0611900947178
1669,2689.014969369095,612.725035416137,10.0,247.88318527149994
1670,2553.6966877352825,3573.577989898644,12.0,247.84800301067224
1671,1118.1040919392638,2495.6441314376125,10.0,247.71894022193553
1672,526.0666112376412,2909.7140473717873,10.0,247.66848030362095
1673,1393.61959649148,3049.9898925957186,10.0,247.5828020635788
1674,2862.3461007382357,3157.30727667268,10.0,247.402750045414
1675,3227.2549311057646,3447.0982739872675,10.0,247.29041279592215
1676,478.0925611506209,1028.5227093751405,11.0,247.17927234350685
1677,2660.6634269479973,3121.5542752349297,12.0,246.62579188843776
1678,3563.5326998897567,2389.9324365405237,9.0,246.54194725683956
1679,336.9315438267721,2640.7673977047343,10.0,246.53668996624344
1680,3160.88111712211,838.4602083870398,10.0,246.51208096311072
1681,783.9830845638953,3396.1224623984785,9.0,246.4733633265227
1682,1475.2655799545496,3220.9684561689414,10.0,246.36701627699446
1683,941.9976969277343,1081.8866668206972,9.0,246.33596989380328
1684,934.6552303176646,2617.0487071475177,9.0,246.3042172501225
1685,3177.700811517699,1924.7190319055098,10.0,246.17973468707294
1686,2463.0492834315282,3683.609472299983,10.0,245.95459139351752
1687,2764.60304840465,1178.631455610736,12.0,245.80975284054742
1688,3461.010669304651,2030.0435361055288,9.0,245.72127502956522
1689,1445.4777728404422,603.7445438033144,11.0,245.34678465748658
1690,981.6751331564992,1265.1718096573238,11.0,245.21750335585654
1691,1012.3526463585127,2673.150649050607,10.0,245.180926902245
1692,228.0253675779894,2255.9300907748448,9.0,245.03689364653002
1693,1851.573553388629,3560.3425244885602,11.0,244.94885218307942
1694,1683.1345813842258,400.9657432477672,9.0,244.88183057751496
1695,1036.9546802127588,2277.4919735260373,10.0,244.8228757960526
1696,692.8828696128359,1034.642955830256,9.0,244.735436898947
1697,1214.2605667906805,3286.964730513295,10.0,244.6552288494659
1698,3947.175262714067,2338.2459972042716,10.0,244.20996250163788
1699,2330.369832197813,3911.981371490697,10.0,244.15035533127198
1700,2229.6455844865995,400.91337502048276,10.0,243.96869840999585
1701,1205.9960060666376,3421.075637320693,9.0,243.95410149509337
1702,3102.8047029684203,2823.1973945251425,9.0,243.93362230578964
1703,2588.3731305205433,953.9704166090975,10.0,243.80249279054445
1704,3322.9161847693463,939.0529105475765,9.0,243.21821053488262
1705,3149.552124599524,370.02397148564114,10.0,242.90335900763722
1706,3512.1282303591674,2281.6539465658743,10.0,242.85318582763642
1707,2922.1776028400045,3188.5449429104883,10.0,242.8087870488693
1708,2054.9667115472275,294.5622439594652,9.0,242.59937977622172
1709,1086.2005954934407,2540.611935944366,9.0,242.49967545979842
1710,1815.250149072968,3601.13243768311,10.0,242.3964891370174
1711,997.1139957650591,3327.4649027889454,11.0,242.22112961609488
1712,2205.6406133131322,298.8285015969483,9.0,242.09317168875882
1713,657.9277517288034,962.2690437180271,10.0,241.70257856963937
1714,2005.9148815449162,3212.050947332303,9.0,241.4172814930882
1715,183.14360782690693,2161.0817890954368,9.0,241.26884592579003
1716,3864.8971513947795,2285.734242620924,10.0,241.04338198603838
1717,3287.3606689538933,1412.232589770521,10.0,240.83066136804806
1718,3165.9203531808707,2526.9780065574223,9.0,240.7530185728726
1719,3496.782219297686,3178.035536874778,10.0,240.74486829997093
1720,3148.1062592347807,471.17459084325475,9.0,240.677144907708
1721,3514.6972998875826,1273.0147877251252,10.0,240.652928759519
1722,2277.188227093597,520.265475899378,9.0,240.6087440499534
1723,3759.059125689113,2308.9710395175643,9.0,240.5598113712561
1724,3966.83340298331,1760.4995558288128,10.0,240.49693949166036
1725,1043.5376577116901,736.3934605230314,12.0,240.45309466717262
1726,2630.9286011199324,3719.684932653618,9.0,240.380782185668
1727,3224.9920309958657,2467.1019986023352,9.0,240.00012955917748
1728,2653.318969425479,3566.989589009786,10.0,239.91893240400378
1729,351.869107802845,1524.3870991717374,9.0,239.76972615612155
1730,2842.9248009847583,1396.4677256922755,9.0,239.7186539101446
1731,3416.881908321681,1831.4976416612471,10.0,239.64502466310233
1732,1549.431862055918,354.5124394084914,12.0,239.5288839688325
1733,3140.913868537483,1221.9024969556826,9.0,239.46233206858187
1734,1541.6530259273993,3089.1392391504314,9.0,239.20153147218286
1735,4014.148767056708,1852.6804927602573,10.0,238.9591707247433
1736,503.8518281620697,2493.99493916472,9.0,238.8855823747155
1737,3656.1545050916397,2709.2558052947484,10.0,238.6550522803598
1738,1229.370139639093,366.3176242756034,10.0,238.46441832376613
1739,2303.825628113168,3970.294944402,9.0,238.39751512928495
1740,2575.636018505626,3788.6530638778027,10.0,238.31890582248434
1741,1252.6919255587788,1338.8208361274721,9.0,238.24416129825622
1742,1833.3339487346334,738.3095774006437,10.0,238.03507856837942
1743,268.1983297990801,1168.7589336836731,10.0,237.69923511805544
1744,3644.990223445133,1897.907727629368,9.0,237.6911139395411
1745,3703.962663215827,2475.752209472597,10.0,237.55728010598662
1746,3656.512505726756,1055.967631402119,9.0,237.50646145167275
1747,2759.377380141348,3608.290264623172,10.0,237.4887634696342
1748,2161.2966695540754,701.8829518388244,10.0,237.42156805155858
1749,796.6735956342736,752.64852158891,12.0,237.14678313669222
1750,2583.3303219812597,3950.548989984668,10.0,237.08325159877197
1751,2190.950456211624,427.8905316409544,9.0,237.0661622068781
1752,2984.623453785945,3504.1257227222686,11.0,236.6732867391022
1753,3382.4500647264567,2180.4649373606767,12.0,236.46275303013306
1754,659.4099069457635,3136.4078563028024,12.0,236.34754150989562
1755,3025.132990630608,2981.09653559595,9.0,236.32934013629094
1756,3916.120012965184,1279.5500497381831,10.0,236.3068561147971
1757,1101.8486016978775,343.3066496489317,10.0,236.28859655793113
1758,2749.7942582288483,3567.9397734353834,10.0,236.24268413573824
1759,2033.5243395147945,936.2544185819521,10.0,236.2371544517558
1760,572.465084222993,2207.4872774936803,12.0,236.14637629115794
1761,3768.0147429539415,1056.8501724206944,9.0,235.88951533190234
1762,2933.6883246649913,3039.921715470634,10.0,235.64478756007296
1763,2759.1147526654086,3404.0505529778693,9.0,235.59422864426062
1764,475.0134244798064,2394.654082811218,10.0,235.50608875122583
1765,2335.9523670003073,3552.5002698840553,8.0,234.9813667297883
1766,3228.1861838825757,2339.0165987819037,9.0,234.89257172446776
1767,395.83592731276457,1291.6417235246254,9.0,234.85846604678008
1768,1347.6671719267022,775.7897438279583,9.0,234.81930238417178
1769,3088.5845566299795,3632.1800129440976,10.0,234.75466531714468
1770,579.2814410697819,1165.5998708320594,10.0,234.60218476327663
1771,3305.48298465031,1747.7390669526803,10.0,234.34394235345823
1772,1337.368202366955,3594.911407622405,9.0,234.33439234442824
1773,3086.921077586952,586.7224053278983,10.0,234.2432301552291
1774,452.71151562281653,2445.6010879633527,10.0,234.22030292004783
1775,3256.3429253407226,2610.315931033469,10.0,234.19699542796096
1776,2575.3133914160694,599.5404624146447,10.0,234.11018164519328
1777,948.4873267317699,1021.6652566165245,10.0,234.08701427446888
1778,1052.0226672426909,922.3473390144836,10.0,233.94943461259626
1779,595.8723656376807,996.4049124283074,9.0,233.94524842259534
1780,1004.375784546264,1766.8680409571687,10.0,233.9336678142946
1781,633.0138261721637,931.8389443721685,9.0,233.82971214562008
1782,1444.432425688135,1204.0328571649143,9.0,233.68444776921345
1783,3103.066158373302,1836.3804479070614,10.0,233.5854892750383
1784,3661.1991122994473,1331.8003327777117,8.0,233.51399364741525
1785,3881.0755499298043,2706.849691565803,9.0,233.49895777174734
1786,1309.141174839114,3461.8226849968796,9.0,233.30023011128654
1787,638.030197242371,1890.5107901905808,8.0,233.29940769727312
1788,2671.4090281678705,463.70992792416297,10.0,233.26142454212527
1789,766.1651459251766,1044.2965225622586,9.0,233.2388738445264
1790,3628.7019648398114,2526.535237397789,10.0,232.9206121725467
1791,3015.903347555582,1280.0297952135495,9.0,232.91737628805595
1792,1314.505385635173,3807.4950230213,12.0,232.89157673417037
1793,2990.076069666141,3586.662860184374,10.0,232.88784003206882
1794,3707.8873786620343,3062.5640983009807,9.0,232.38796538149526
1795,2404.3724394794754,664.1548796367084,9.0,232.34131698854856
1796,1735.7106060900903,3787.154775671621,10.0,232.34113268251397
1797,3877.4944370095486,1428.9487246009512,9.0,232.299888376445
1798,846.418629336161,2022.4169189837776,12.0,232.10653768501928
1799,3068.4543577553486,1175.1185819702177,10.0,232.09538319241102
1800,754.5825973798775,3027.0942950431127,9.0,232.0691619684607
1801,1994.6957967043143,409.93804879087753,10.0,231.89784256853503
1802,3117.0882700223333,823.464634602939,9.0,231.68684157263039
1803,601.0919666155464,1466.5242226987523,9.0,231.62681452322033
1804,1807.4491689339727,899.6213740594955,11.0,231.5634224788751
1805,288.75626081828534,1338.68602946736,9.0,231.48674993216255
1806,2964.445673826394,1319.2122874787224,10.0,231.41338970789928
1807,2383.3940041663172,276.96362001024283,10.0,231.1847322553905
1808,3043.995620317541,615.7211746171314,10.0,231.10653752848793
1809,1723.6665726716078,3454.1265690751748,9.0,231.00774204357106
1810,2908.5936959147325,709.6903339999069,10.0,230.85601113339894
1811,1083.5547531676643,1358.1142008075465,9.0,230.8472766719903
1812,3236.9308369034206,2058.4105978217112,9.0,230.73432399320194
1813,1707.6729599718078,3422.712637290357,8.0,230.64246702651056
1814,3750.755066077131,2295.118124527736,9.0,230.56598114336254
1815,3091.841326688676,424.91156295632584,9.0,230.40044990232954
1816,2865.103261489998,686.9003568515374,9.0,230.09347279863496
1817,3254.0868876123936,1999.6433054052995,9.0,229.79560493651314
1818,2490.689281614426,586.1096599760758,9.0,229.72866564658568
1819,2926.9306343098706,2778.983680515725,9.0,229.65345099002
1820,1336.7639730884769,3156.3694765286095,9.0,229.61425451615665
1821,1426.8473457862528,831.3467009719683,9.0,229.49620856935863
1822,1183.7310209054924,3138.0942639572286,10.0,229.37787024271688
1823,2947.466331975262,3354.7599072525086,10.0,229.06308717835054
1824,1022.3891790281202,2107.7728430295047,9.0,228.92815813181508
1825,519.9536514250715,2400.003463365764,9.0,228.81370795652063
1826,849.1019906708693,3662.1525451626712,9.0,228.7878548176326
1827,2469.1043194574568,903.9814325900984,9.0,228.54114502017205
1828,1561.68196484506,418.2485062117931,9.0,228.30862242789914
1829,1736.980758776311,121.39992829983149,9.0,228.2871568804866
1830,4039.748633018168,2058.676163939859,9.0,227.7800921416596
1831,3473.8457190117397,767.144982723532,9.0,227.7225847659715
1832,1402.4381749506354,3755.5376820001525,11.0,227.66459420837361
1833,722.4958886667174,1138.9723274978726,8.0,227.55823150412695
1834,2427.647527520933,1100.4094061878177,10.0,227.41597867028133
1835,2686.7997763381886,3531.577401657874,9.0,227.29835636665484
1836,3567.3873691005538,806.622806987477,10.0,227.2977808326264
1837,2131.0866370525655,3253.070202978867,9.0,227.16783141579884
1838,2832.5437339458877,879.8882601888698,8.0,226.9671252812438
1839,3210.2372488758383,1778.629572670193,9.0,226.8858898301092
1840,2755.525924186366,3511.6962551195215,10.0,226.77921067279422
1841,823.153987755915,3203.3624824659405,9.0,226.7345764068775
1842,1912.6039144839958,4052.321312840287,10.0,226.7178267593407
1843,1847.9917590348753,420.35813471215477,10.0,226.64594830905216
1844,2039.0435653431132,3819.80849324356,9.0,226.58443186848402
1845,3153.408930324392,404.6289737945438,10.0,226.55615795344076
1846,811.8153442624382,1225.891469144782,9.0,226.40034752801517
1847,1015.1640706223184,944.8021174548417,9.0,226.32779744005143
1848,3184.4059790525416,705.6287584636531,10.0,226.17330198545423
1849,2001.02887907356,165.55909025843553,8.0,225.9551757972655
1850,3274.9880095917656,1824.1744191283758,9.0,225.85414545064359
1851,396.9926518893146,2995.895673994398,9.0,225.82961965770522
1852,3201.6646756410805,625.8934596252861,10.0,225.66991671922085
1853,980.3821364145128,824.1479375728676,9.0,225.62543547450937
1854,914.9429715982079,1954.4713716348504,8.0,225.5857910493335
1855,1233.947354635818,3384.955569708968,9.0,225.29041999999885
1856,978.54135761906,3705.246200675097,10.0,225.26526677605534
1857,526.8226324260862,1836.6244300930628,9.0,225.18695521560102
1858,1845.8829197374532,352.865351501188,9.0,225.1751676741815
1859,1241.3247076157031,367.2253113758684,9.0,224.97813495347643
1860,3173.1039235971243,2235.9588936103123,9.0,224.91040118831086
1861,1182.0619318770944,3740.01329688088,9.0,224.8785893198859
1862,1895.9640127937387,3917.9656850277097,9.0,224.77519155545136
1863,2800.1442692302676,3283.3919630407117,9.0,224.75662030477866
1864,3405.4383086202,2300.755021594719,9.0,224.74470388092624
1865,3203.134331918366,2616.5903887901945,9.0,224.71353966452457
1866,1856.8677034293194,3153.77206753122,8.0,224.70510499335052
1867,630.2375025400986,1462.4007245318496,9.0,224.7040310646769
1868,1418.4700186417297,677.2396718024983,10.0,224.6830054939594
1869,635.4229771619503,2924.620671595739,10.0,224.576612656224
1870,1800.3010626786981,4002.8668541943907,9.0,224.5274196362016
1871,2697.2049647825743,3094.519266757766,10.0,224.4542981052213
1872,2830.1019074714623,2939.5647126487906,9.0,224.4504450211194
1873,3246.0756094954722,2922.427313954487,9.0,224.2771327483703
1874,1795.926102196188,3540.5707995521734,8.0,224.24666567719058
1875,537.9954886698164,2715.774271094656,9.0,224.13059461185955
1876,3819.9692314691456,1068.5875688069264,10.0,223.91093893896303
1877,3821.084544202619,1557.0677727216575,9.0,223.88713308166322
1878,1276.2657878249513,3525.5333173813456,10.0,223.86119250286097
1879,1036.7646702763975,3247.9269850355026,9.0,223.75547628821977
1880,2984.9247105466793,2789.833199829376,9.0,223.6395490825135
1881,1757.36799333777,3516.841907789711,9.0,223.56192033931134
1882,748.5464240252197,2015.0923392240466,8.0,223.5274382031658
1883,2443.882081132486,3479.4776336077134,8.0,223.5238652538963
1884,330.3772026098905,1371.126331612237,9.0,223.50467561890636
1885,2549.964655188202,763.0997524055075,9.0,223.4095527813789
1886,999.8631361658892,1769.7637260790414,8.0,223.27839872809892
1887,2422.1757464975417,1037.133798381701,9.0,223.2595266439076
1888,2221.4778444082917,3986.238132293331,10.0,223.14151180803816
1889,3192.554960953232,3420.2380283291495,10.0,223.1379600928353
1890,1727.4838813366641,224.132364214732,9.0,223.11668317201412
1891,956.139327906009,1458.8621343684842,9.0,223.11633005935056
1892,1989.0814581746567,927.501228351362,8.0,223.11280268410096
1893,1724.6538511946114,1093.212189869977,9.0,222.98353146987887
1894,3245.565240069651,2719.81257562141,9.0,222.83234184159002
1895,756.0735326941171,2709.8480039906626,9.0,222.78854462520667
1896,739.4597917461041,3318.215198915929,10.0,222.74626943902305
1897,3475.5620493390534,900.3386699113038,10.0,222.6968490723297
1898,963.8609607927933,571.9739743012714,9.0,222.3739088557815
1899,1214.8771360688945,188.5783361652669,7.0,222.212257535802
1900,871.790257953668,1311.1803128849187,8.0,222.15108535965658
1901,240.1960132481492,1397.938020077659,9.0,221.9857500831862
1902,1133.2571257824955,2796.450472586587,10.0,221.88478983370658
1903,3092.2044661024393,2295.684028604932,9.0,221.75311043217897
1904,3192.390615513304,2413.1652896335495,9.0,221.70978798311927
1905,1166.7703823739523,2962.600683992857,9.0,221.30004261572026
1906,398.56262597794273,2876.9481720072436,8.0,221.2253006465266
1907,3778.002067116752,2338.956827417462,9.0,220.95026162860285
1908,767.5425935553835,1159.8746182980497,9.0,220.93007561313405
1909,3033.938642146988,910.606317914153,9.0,220.85206147460886
1910,2327.303790073337,3886.2098135705496,9.0,220.78446674874965
1911,1259.8723487044542,3772.9124564196954,9.0,220.65190587011415
1912,3015.9742593334863,472.18331065936263,9.0,220.47034716280925
1913,1597.9570332445448,3495.8955968394644,9.0,220.44056467026635
1914,949.2596743427246,3373.4248776134123,10.0,220.22977464561433
1915,1000.5583824877074,2809.7827468864566,10.0,220.21070163019075
1916,3811.738745629162,1464.5717242327103,10.0,220.20946038033821
1917,3370.1905777566817,1479.0598990441508,9.0,220.1313948589082
1918,3185.8330336458516,1221.139673917423,8.0,220.09452742594416
1919,3439.781771244487,2906.61463859242,9.0,220.01466036686995
1920,535.967684340107,1087.1889208279263,9.0,219.99698514160318
1921,835.9429190391548,2246.3341691798005,9.0,219.93130086403676
1922,1891.1237966014212,3420.399299734043,9.0,219.88375816628212
1923,2443.39804973514,1051.1240262419847,9.0,219.63821145111828
1924,1469.1592357416303,3377.0387697426972,9.0,219.54645793828027
1925,399.9746414829454,1468.0131504286428,9.0,219.54370933382617
1926,2694.08341981113,942.7506252281768,8.0,219.4991489737895
1927,3650.155257522314,3174.5685277628577,9.0,219.35960467981963
1928,2167.374658465137,82.80175045882517,9.0,219.28888685269962
1929,1912.827520980057,572.8281178159755,8.0,219.17087871428362
1930,120.3223587135106,1852.8679329380213,8.0,219.12864064387315
1931,417.72347027943215,2681.55653870928,10.0,219.07188942811732
1932,2404.5614063420244,3932.214917829984,10.0,219.02550480037348
1933,1905.8756678681787,531.2034065008957,8.0,218.94560245659903
1934,2289.616819700674,565.9918145370307,9.0,218.93719640015533
1935,360.90961737520723,1781.873665534775,9.0,218.9258252987742
1936,2759.81989530482,3336.0893574735887,9.0,218.65321218630658
1937,2220.497963272528,3209.2862258666078,10.0,218.59566758771737
1938,519.9091684009304,1456.0419561511374,9.0,218.52489740931912
1939,1542.8744170098205,3178.1487356694633,9.0,218.50383999276696
1940,2953.822047367671,545.4100486620767,9.0,218.46140617577385
1941,3157.078358573628,2690.463581318031,8.0,218.4534846010466
1942,3896.0217947574256,1621.1592987677209,9.0,218.41328498854142
1943,98.00609416039003,2163.3341917299394,10.0,218.1689619507672
1944,1933.3927197606426,3834.1134918929292,9.0,218.0914124568037
1945,1210.2389014830446,3543.605877497579,9.0,218.01473440535258
1946,3487.0346241952075,1091.4261597374489,8.0,217.99058139742834
1947,3135.9115667692145,1027.772931368955,9.0,217.98177766253053
1948,3180.501662788993,2626.4015181009845,11.0,217.82080172546642
1949,868.141241700097,2632.967578283208,9.0,217.79136715350873
1950,974.0410261369254,1652.5039302808445,8.0,217.41303092024415
1951,3052.1264699855465,3172.792473700609,9.0,217.32279188834465
1952,3121.5969843916832,720.2039032931847,9.0,217.18200357068272
1953,3454.2013338323804,1367.2472897365742,8.0,217.1780723556398
1954,886.12342787698,996.2491849359269,8.0,217.10368719875322
1955,1847.9109753242255,830.0523898024195,9.0,217.02054437805424
1956,3227.045063204588,2540.096220557861,9.0,216.9075297511629
1957,850.0589076707383,3111.0622365669137,9.0,216.8814273000901
1958,2482.826419471118,224.21696601690218,8.0,216.7070817240305
1959,3620.6853414166885,1530.288237328438,7.0,216.66665915889598
1960,657.9719563778134,2283.5522946324677,8.0,216.41507415961092
1961,3494.0975780284834,2381.5519438020397,8.0,216.37507888953306
1962,1461.4136992734702,3689.2523099921386,9.0,216.1610497395028
1963,3055.0256320590897,1619.5415575604275,8.0,216.07098384049192
1964,3084.5375579283127,1563.9471682592568,8.0,215.94313921619545
1965,1661.3001058059178,3561.7171197045673,8.0,215.9335067015876
1966,1410.365702719343,1053.1553726893292,9.0,215.9258007517773
1967,266.7226055010293,1242.9568831146573,8.0,215.76387634341427
1968,1431.0358659881454,3187.474906704411,8.0,215.6590729399266
1969,2625.0351552554384,233.50369127288934,8.0,215.64249546375927
1970,495.79193146475893,2621.935617940711,9.0,215.5950850216402
1971,339.874730123106,1281.356105291282,9.0,215.24927106514977
1972,2458.43371791482,559.1203277835145,8.0,215.175655491006
1973,3176.994068312512,765.0944960906343,9.0,214.95393728240748
1974,3459.850764017328,1700.5495107279921,8.0,214.77695428347002
1975,2363.1419089175974,801.2730632471903,8.0,214.48650662068354
1976,2709.045213121114,628.9086968414048,9.0,214.34559176326644
1977,3146.396875960781,1808.0842745457044,9.0,214.32870327598545
1978,2936.5374133743258,3704.5170568682956,10.0,214.25508534830047
1979,3645.761744421565,1206.54031549411,8.0,214.1725222137168
1980,659.9119534385742,3080.969848517569,9.0,214.0466020979846
1981,3286.9212375845395,2959.1881654037297,9.0,213.7118684670533
1982,860.1234281929409,3618.0054535745458,9.0,213.66792944196328
1983,1055.3490195036643,2890.7501656960994,9.0,213.50473685284385
1984,529.2715509352287,2630.074315006731,8.0,213.3686682610414
1985,542.9840926438553,3180.7360116609375,8.0,213.31252290494427
1986,3101.537423174689,2109.0107259875494,8.0,213.31162776857636
1987,2525.1554646043232,3360.930757703013,9.0,213.1726797747877
1988,973.1757524033654,2539.768357238861,8.0,212.9395161261759
1989,1047.1918474886654,3515.7768608482797,8.0,212.91750378088415
1990,2108.9196640074783,459.19295370942575,9.0,212.8985146259329
1991,3578.5839437303434,2225.1494538266834,8.0,212.82149754939758
1992,1095.5333019535844,837.8728741002394,8.0,212.7651567843099
1993,1076.5382644649496,2847.9134451935915,8.0,212.63541248811066
1994,1865.9229927449578,3034.421413853597,8.0,212.5642103081416
1995,602.5707570406762,803.7991657197812,9.0,212.47596377747715
1996,2429.4311003816283,3849.453910275928,9.0,212.2759864927346
1997,3072.139299973229,3615.08578257823,8.0,212.26011811984847
1998,3686.3763299682464,1961.4846545127034,10.0,212.03186844724706
1999,1494.973451917201,3242.0631165605996,9.0,212.0030910266348
2000,1122.1021760254985,3158.3823721261897,9.0,211.99779155145868
2001,828.493850998423,3141.874211711246,8.0,211.93608220415013
2002,3709.2694581003793,2976.6114863680273,9.0,211.8174756659004
2003,3185.825254335139,3076.8394368010163,8.0,211.77144070930234
2004,2258.908544513284,444.02181427646025,9.0,211.3558686694693
2005,3372.9452507801134,2444.2906432846667,9.0,210.44293410940895
2006,1129.8419705799497,2829.0493681881726,9.0,210.36474022694094
2007,296.86733168261867,1287.1445432870707,9.0,210.19586523507354
2008,485.33463104310954,2908.0219608936886,7.0,210.16243722859838
2009,2125.3634226606237,3652.090500294111,9.0,209.85631070990127
2010,1538.0207723783112,271.1864170108522,9.0,209.54208776205908
2011,1198.8176604917167,3329.5069061864274,8.0,209.53969510790776
2012,2668.5009989088494,1137.0074234147799,8.0,209.52707895365737
2013,713.038432897711,614.004139835832,9.0,209.45568148467365
2014,1433.9322391454114,781.972666450134,9.0,209.26627572031072
2015,3460.7602086823604,3189.7919449926217,9.0,209.25892536366942
2016,1852.1010162537711,3548.731733780216,8.0,209.2273404003813
2017,2287.219102805313,3080.897226652994,9.0,208.97224003220316
2018,3392.9149345427218,2228.1154804531448,9.0,208.960410099344
2019,1319.5233526046172,3065.896341941731,8.0,208.90562662604688
2020,2731.733511720272,1091.4502259796097,9.0,208.81920643370225
2021,3601.142222916124,2913.623550379046,9.0,208.70504963016413
2022,3335.732324751066,1278.4449685456432,9.0,208.642401858547
2023,175.86829472026412,2284.5419048656354,8.0,208.51338652598415
2024,116.9326596441543,1796.9368062265057,9.0,208.48526293860553
2025,3130.739580727451,3131.8880662628985,8.0,208.46705363471213
2026,3059.6848548313214,2702.4596842075252,9.0,208.4468375221525
2027,1388.9980374338081,1241.2664742913234,8.0,208.37518844283653
2028,566.18792779801,935.8801796071284,9.0,208.1110801003705
2029,1089.2044519898727,2770.7776253872353,8.0,208.0709191498081
2030,2440.459229985066,190.96227960666886,8.0,208.01311146999282
2031,1840.2629558356684,987.9253589142024,8.0,207.891488244185
2032,2784.500547654837,244.09413409728413,8.0,207.78848737327564
2033,3517.803159178857,1248.105047521644,8.0,207.7874454149915
2034,2828.799148555807,967.7980977907711,8.0,207.628757392476
2035,2662.1159542129276,2866.2048655260232,8.0,207.60306874217318
2036,2081.088948607957,3183.1585671607186,8.0,207.59779773028316
2037,825.4271626818133,3611.8556646914335,9.0,207.5926231576694
2038,2932.0702070492857,695.1190865858306,9.0,207.55998847118386
2039,2958.9889346850327,1050.1384035823714,9.0,207.3738249079706
2040,410.2449500787348,2937.4225176187915,9.0,207.16664152829404
2041,1415.3667190104088,2869.0609610499605,7.0,207.1589976636581
2042,1352.420034617777,2939.8345625016523,9.0,207.1062692839202
2043,1396.4022955447938,570.3188876407908,9.0,207.00576042892965
2044,2563.982702233229,750.8716230551477,9.0,206.884763214728
2045,1947.4516364642577,3706.7774340162246,8.0,206.85367568837046
2046,1577.1666891134275,3802.01815250862,9.0,206.7889563600888
2047,2009.0273500549902,4012.137530530518,9.0,206.71495968136472
2048,1519.101424490657,639.5375887705821,8.0,206.6576638487207
2049,619.2383126316221,2201.2532235925382,8.0,206.65670561391556
2050,3158.1515157316676,3074.409500651683,9.0,206.29429398131012
2051,2889.760581142927,3598.8708125753096,8.0,205.89037430873498
2052,988.9285835971467,1065.1345314786545,9.0,205.80216937761497
2053,2138.124805637688,3698.630993091032,7.0,205.73769904858366
2054,1921.6705215383895,3640.2613163733213,9.0,205.67470803227414
2055,1513.9021213054398,3253.8847765143955,9.0,205.65834181019997
2056,892.2145765885581,1644.0001477696028,9.0,205.6367647088918
2057,333.2363273933676,1614.8200127927244,8.0,205.54188002385672
2058,292.29037585518336,1485.1344271553119,8.0,205.42830539439115
2059,428.75535324631727,3037.140135788156,8.0,205.41075395010165
2060,2550.851697532601,3101.9172341875633,8.0,205.32997750852002
2061,2714.9636017322714,3096.2762766366104,7.0,205.04674037146148
2062,2514.1222489015154,3419.532599661602,8.0,204.9135859760194
2063,1121.948824670251,874.1077181357792,9.0,204.90833197297025
2064,3082.878418129422,1899.5024705569065,8.0,204.8751220758784
2065,2946.818563407594,3339.107953982329,9.0,204.8462562341076
2066,1220.922862178052,1198.294506082515,7.0,204.84202601197802
2067,2983.8832082240165,3450.6149744261606,8.0,204.6889581474148
2068,2595.0100843833784,419.8848739845344,9.0,204.65698911611082
2069,3206.5070816485186,3489.854501842261,9.0,204.5297622095726
2070,3291.0709113838398,2449.0122875879724,9.0,204.3135795424617
2071,3066.564630317323,2995.320743413519,9.0,204.0734742025098
2072,1540.0143471354286,818.9368465119826,9.0,204.02979541997442
2073,440.997412534661,2998.5823492748227,8.0,204.0123058257427
2074,2704.5719826554605,479.06075952225467,8.0,203.94550340019384
2075,2939.8893756896723,2893.4871428475017,8.0,203.8809728037249
2076,2819.4297406112696,1372.261729158614,9.0,203.87644750051282
2077,249.91465954348146,2429.9058170763897,9.0,203.84173565204335
2078,1819.9270873045318,891.0505603554672,9.0,203.8135767639612
2079,943.5492052005931,2351.3317143019813,9.0,203.68240325963137
2080,1601.8696696890167,264.89244740538857,9.0,203.67427335859995
2081,2444.0972681860803,400.9337310241015,9.0,203.64095501282026
2082,2499.5659112170542,788.1024763623878,8.0,203.46548698957088
2083,646.3161493603104,1592.9679714580907,7.0,203.43886731358177
2084,1195.354769832774,3704.6662703876923,9.0,203.4123240573447
2085,2377.582088243042,3620.2243061823833,9.0,203.40271680431024
2086,519.9555318430115,2791.005233236987,9.0,203.36464149450967
2087,963.9364527072042,985.4702098672257,8.0,203.31658099741375
2088,1709.005396368629,3843.6284745956877,8.0,203.29078708193518
2089,296.12767370338145,2746.238759966306,8.0,203.28182983664294
2090,3293.018401344627,2515.9017860250387,9.0,203.26918788444618
2091,2202.4411324422013,815.9465250701066,8.0,203.23682575409362
2092,1328.7784343091037,546.8241458269752,8.0,203.1701193482008
2093,3352.9208807392597,3505.6113205095317,9.0,203.12554866609082
2094,411.8700063829667,1948.4844223307555,8.0,203.12224044513957
2095,605.0317041129512,2914.867691729226,9.0,202.85900948103875
2096,1453.1546547743458,935.1541795878036,8.0,202.8392589345129
2097,1000.0218940415825,1914.4650177273,8.0,202.7101865925298
2098,918.4680039281988,755.073160706795,8.0,202.62175513886663
2099,1538.814013210173,3498.951045274989,9.0,202.54997578606293
2100,787.9591972804733,2376.1686780369637,9.0,202.4858600872999
2101,2816.076533775858,1153.0374849863977,9.0,202.4462309347395
2102,3833.147431632819,1307.017610126995,9.0,202.3944721530723
2103,2083.4485222329545,3880.1021304421142,8.0,202.3515138898502
2104,2214.535533866229,3411.700475982654,9.0,202.3414408277119
2105,3243.8773838662805,838.2421600063396,8.0,202.34058506829132
2106,2611.048700498785,601.0010130336348,9.0,202.33542672706372
2107,841.9313065079554,1913.4584216300145,8.0,202.14377306177875
2108,1710.4683455602094,688.8458174312049,8.0,201.93054181494358
2109,706.171555344104,1036.1153917094466,8.0,201.87755414273212
2110,1471.8568569149843,383.7204623330333,8.0,201.85749965825792
2111,355.99711065276296,2622.9093682695466,9.0,201.77308416283097
2112,1600.5464330385473,766.9581591266467,8.0,201.66184484226986
2113,2537.6074732034645,3061.7498678405286,9.0,201.49491148962832
2114,983.2141559125214,1299.1536504549601,8.0,201.44823020467726
2115,134.88540490727425,1883.395214994464,8.0,201.23083803454654
2116,3401.7342252112426,1762.9282967567701,8.0,201.17251281219433
2117,1809.9219798221225,3219.4620223404627,8.0,200.999261804697
2118,3381.921780203964,1085.1385759932289,8.0,200.97190719689576
2119,2725.0828370603995,3857.965764606286,9.0,200.8568180008783
2120,3155.897818905046,1861.2226557179965,8.0,200.7436023333149
2121,1506.6179915760772,3820.192487567812,9.0,200.69643165039443
2122,2385.8047454615175,581.2364005240938,8.0,200.51073140840077
2123,2631.565226026714,3123.0357371955583,8.0,200.4063367171534
2124,899.4827984744254,3234.933435124364,8.0,200.22275909626651
2125,3785.2713687382534,1687.19506789714,8.0,200.1993404613795
2126,1299.2159305212224,781.1769636985641,8.0,200.160370434899
2127,3882.8821071295565,1646.5350266052847,8.0,200.0528822732274
2128,1083.8413734428386,1684.9698458209093,9.0,200.0226461894258
2129,3471.0311133690825,1595.4455528491474,8.0,199.92955607249158
2130,1989.5693881146553,81.65056867919989,9.0,199.8791033244518
2131,1706.1261370265804,3671.105612469598,8.0,199.62654779804342
2132,1022.1968348458518,3290.8416428094956,8.0,199.61132395078138
2133,900.2651540271945,1303.1688946077127,8.0,199.56981591215535
2134,3256.8336188663848,1891.7155753704467,8.0,199.5147712641549
2135,3381.9220877180196,657.4357622077763,8.0,199.41702713435853
2136,1270.2725648588635,2809.044704632674,7.0,199.4169669221521
2137,1075.027413021259,589.9889619465154,9.0,199.129969881649
2138,2538.4119338216005,866.1895907899659,8.0,199.07680278797076
2139,3304.517145785135,993.0651243794117,8.0,199.07290938229198
2140,922.0148273750177,728.5484925859453,8.0,198.96830055785958
2141,499.69925356331356,2407.9250324160416,7.0,198.9564714463533
2142,723.2189922910487,1650.1132468377677,8.0,198.9514541168877
2143,2355.7443496638984,3971.978598244526,7.0,198.908658863027
2144,2150.9709050356937,419.6689450430659,7.0,198.82826777602506
2145,2608.8138367953384,628.3412040893885,7.0,198.36317049453763
2146,768.0136151463099,1663.3996696300342,8.0,198.2384521155808
2147,2256.8243048015956,210.93405896003932,8.0,198.01220905242565
2148,3461.2549753310236,2837.014840593424,8.0,197.96149077569558
2149,552.1421391972739,1856.2773419831576,8.0,197.88459207610845
2150,2117.715533211497,747.2777909442661,8.0,197.8005206093927
2151,1292.7499151028383,3377.497101830687,8.0,197.78770677619062
2152,663.2698710487354,1761.0124290617018,7.0,197.72757984304354
2153,3732.0361416154165,2999.3499927951784,8.0,197.4011499596067
2154,2223.2911503016303,3435.2881315455525,8.0,197.34931841980114
2155,2820.040861830062,3620.167826668393,8.0,196.9908174842642
2156,2605.8391121446552,3810.014763918006,9.0,196.77021147465712
2157,2917.9570609328593,2838.270973917221,7.0,196.75793333026763
2158,2463.0859497824945,3184.9236583045968,8.0,196.6720591572867
2159,3924.040480689995,1444.4915147451804,8.0,196.66710495228205
2160,852.0132067778803,2912.9331659785294,9.0,196.65362965309882
2161,1595.0228229411339,3930.2786596612696,7.0,196.59747044313843
2162,3410.3024671516237,2263.869406483689,8.0,196.56505586239717
2163,461.17606095391113,1385.5251797687042,8.0,196.41452213619985
2164,2492.043181894144,636.2631363293261,7.0,196.37478557626787
2165,622.8848644200657,3055.166288688712,8.0,196.37373277894133
2166,552.741814605216,1686.259262761036,8.0,196.22946856594922
2167,2270.1643505909155,3346.8149062181824,8.0,196.16276538430898
2168,665.5304509374301,2969.099155668852,8.0,196.13935261218927
2169,1864.9482703735723,3444.3439500845902,7.0,196.07125702318663
2170,3578.8273212771383,1123.8838820968544,8.0,195.94948217136172
2171,532.6645492049893,1036.3086237658147,8.0,195.8960325581312
2172,638.001171579088,1748.599195023297,8.0,195.81393654553753
2173,217.95572236847255,2622.4133249920815,8.0,195.76854909749
2174,3042.498515059947,1637.9132135370648,8.0,195.75678763664106
2175,560.7777798399144,2668.8361824221242,8.0,195.68859718611932
2176,3480.0443049307755,831.8966561750084,8.0,195.6556717691197
2177,1610.838880706315,806.9572893668811,8.0,195.62660138490583
2178,2618.723361199499,921.3478306318227,8.0,195.56671223394966
2179,2734.7379261231436,3694.0171295918353,7.0,195.55198345286965
2180,2177.202139810653,623.1462447006575,8.0,195.5434029877226
2181,2712.156870954463,565.5209842945417,8.0,195.47928798428723
2182,2137.8969222413552,1022.5045430657931,8.0,195.4182510983139
2183,3957.700124329266,2444.758572301146,8.0,195.41379360136602
2184,2944.061029456222,473.71509671274515,7.0,195.3580924830884
2185,484.326311514469,1932.8782565198794,7.0,195.26281160795898
2186,2405.0031545452543,3962.08214837855,8.0,195.202157904677
2187,277.86656840786594,2129.317497414448,7.0,195.0243988662162
2188,388.869107627397,3006.773285691357,8.0,194.91625768783746
2189,1447.2551880947192,3664.892019082753,8.0,194.8196482598481
2190,208.2426820235559,2093.140781086912,8.0,194.73584976814325
2191,1663.9260726229757,3241.9583228018723,9.0,194.4070790902422
2192,1312.2645439922767,3762.1829790828447,7.0,194.3728368456338
2193,1429.5353536461355,3459.251816217082,8.0,194.3571207009368
2194,814.0815661315324,3491.047038479923,9.0,194.26410211729205
2195,1852.1354253146396,3938.9758180939752,8.0,194.25486622162302
2196,3880.9075262120573,2285.1507074691162,8.0,194.08323090758836
2197,3949.753416663439,1583.8858779072752,7.0,194.00387270116667
2198,1438.8334595378078,3752.819392130904,8.0,193.85549948979596
2199,243.67697602906276,2081.4588588208258,9.0,193.7951748089198
2200,3704.2103552895087,1693.7653645166638,8.0,193.58324110198265
2201,759.0149716156949,2827.1060508357496,9.0,193.5565291495309
2202,787.3200766811428,2932.1180125954875,7.0,193.50569171751164
2203,2820.97271625421,420.93128734457747,9.0,193.44011405233633
2204,2018.162643058129,772.8984144139963,8.0,193.3435701840154
2205,523.9586659277353,2347.1741652666265,8.0,193.33452532034767
2206,3824.120390554048,2216.8869305137596,8.0,193.27652851529672
2207,1953.9436933322334,3908.1910788736527,8.0,193.24718138723716
2208,2385.914482767334,3465.1199995521256,8.0,193.24025389478282
2209,2204.7995832139313,3786.2270630203375,8.0,193.2153324991276
2210,1137.7063891591145,1359.7354151758657,8.0,192.92999028684952
2211,3335.9200647044363,548.8593812574551,8.0,192.90146182310588
2212,3202.852090548832,1570.261987422777,8.0,192.86726594756323
2213,3264.718554157056,1025.7373225060953,8.0,192.80522323104952
2214,1954.0355542392797,3951.3704153457334,7.0,192.78990214932983
2215,589.2771666071586,2441.958267969846,7.0,192.66571329226363
2216,487.985697399299,1361.9686108531,9.0,192.59704425754018
2217,331.3637292526608,2886.8929091458044,7.0,192.59629019885156
2218,3251.067512501947,2179.103861234164,8.0,192.55378050469898
2219,345.97129214665244,2923.933758503915,9.0,192.44145248078587
2220,2579.89367499414,3390.0759478166256,9.0,192.43443841208503
2221,3414.3899371138045,2140.2682189991833,7.0,192.39587789002854
2222,1692.0980691810041,3888.135275046569,8.0,192.37993111210392
2223,3177.0422046773483,3387.2819122342853,7.0,192.28713448829532
2224,2520.095717644399,3390.7839907866937,7.0,192.27487220212117
2225,1391.722780602562,1145.6644476211513,8.0,192.1558917588289
2226,2559.9462496380934,3098.2029102851984,8.0,192.14078903818597
2227,353.3778911573209,2176.805492490947,7.0,192.01690688182953
2228,1914.2119847115237,966.1071346748703,8.0,192.00418954333963
2229,3870.119522558988,1561.0415696593539,9.0,191.88434442074066
2230,545.8147147562083,1445.3355951490778,7.0,191.81507271636346
2231,3439.6489026409677,2062.050390460399,7.0,191.6626425033852
2232,1637.1928244478038,3270.8870302222012,8.0,191.54976418747918
2233,1742.0557216090044,3141.2418888239645,7.0,191.53557862930987
2234,3369.9216627514784,3332.8784133353415,8.0,191.52858121007984
2235,2630.881615200759,3699.3256592199523,7.0,191.45770640541886
2236,1090.1943223809806,1248.3156073454916,8.0,191.36981472608488
2237,615.129530580214,856.2813920985407,8.0,191.3694772360254
2238,2266.077759735288,600.7687970631447,8.0,191.35116460062548
2239,3252.08704350623,2209.832781665913,8.0,191.2902627391962
2240,3428.9319500993392,2212.7681831418463,7.0,191.12696017184962
2241,3111.6623405812993,2150.667670946143,8.0,190.91321143549786
2242,3302.8059495841453,1704.009707573966,8.0,190.85713167456169
2243,1318.7354466090806,700.8744658559588,8.0,190.78926697041888
2244,1656.880955972369,423.06018266059186,8.0,190.75685030619476
2245,241.34300692139803,2473.9530906008727,7.0,190.66112311000109
2246,1013.2725657983294,2453.1430265933227,7.0,190.63583109947416
2247,1820.1216237591111,3157.9367460978683,8.0,190.62679725390905
2248,1755.5427091767565,476.97609375776767,8.0,190.52972242766597
2249,666.2414367722678,3264.803859924174,8.0,190.30790812208153
2250,3791.214857157141,1798.151028413424,8.0,190.1584310016241
2251,1043.4910916714844,3057.9595250510097,8.0,190.12002027829567
2252,3493.0040171939463,2900.785801532728,8.0,190.10062120917812
2253,1164.348789933528,3692.860186885669,7.0,190.0931277925154
2254,2857.0139538664225,3038.2824571308684,7.0,190.08921471738765
2255,1747.777333953333,3441.3061230115914,7.0,189.98446279917766
2256,1264.9302511530454,3018.238445605964,7.0,189.8963164117213
2257,2394.4715930192406,3133.8052201175115,8.0,189.8503137527549
2258,741.0020920045416,2873.859095200243,8.0,189.83249779826497
2259,2337.3486393108014,3082.8947271835036,7.0,189.82484670425478
2260,3587.909583377679,1811.2667125609073,8.0,189.71486115336108
2261,1513.119929743202,3298.791872453131,8.0,189.69797504680196
2262,2401.6141689439723,3132.871548522644,8.0,189.65455644850758
2263,1291.8510064290542,297.22130911147417,7.0,189.6104672918957
2264,1452.8590137767262,1215.7082757327253,7.0,189.58713378384545
2265,2203.9272559974233,3572.62817007652,7.0,189.35500337644962
2266,3730.848561309777,1232.1498060819733,8.0,189.3002539568801
2267,1215.801906053205,3578.225761726163,8.0,189.28984261873376
2268,337.18140868440435,2490.2485643839395,7.0,189.27250198101217
2269,1298.7857694891513,1201.7944012160413,8.0,189.22610455717006
2270,3029.0544823690343,2691.8988234425697,9.0,189.17868320173253
2271,1266.9065274962818,3024.4941272506812,8.0,189.06805197775853
2272,1319.0658827060809,1260.6343315992283,7.0,188.94127275441608
2273,1680.9876263226113,596.6320187824549,7.0,188.89359464916456
2274,3503.636180923497,2653.1035260166273,7.0,188.8562506960169
2275,2785.5382364515535,479.2504159969103,8.0,188.82609673813582
2276,1918.871805300025,339.1569297822367,8.0,188.5790473897975
2277,379.6299457021421,1919.298881367357,7.0,188.3320370413555
2278,1244.1484292276416,3509.1138835190336,8.0,188.32317369473907
2279,3860.653552682383,2498.2499637895316,7.0,188.3168671566643
2280,2625.887178004885,762.1580541047003,8.0,188.29758481336995
2281,1737.8896532871456,740.8867485742661,8.0,188.2572399830876
2282,2128.1183693555395,3549.71663791919,7.0,188.18751769103125
2283,2560.5009424865216,612.0705577100381,8.0,188.16524080264003
2284,2578.898252796325,2946.866514062747,8.0,188.1348795632946
2285,616.0322111255479,1418.6418044630957,7.0,188.13376523800216
2286,3064.298833950485,3322.1771190259815,8.0,187.89780417017863
2287,2645.9443778954687,1002.8920993809795,8.0,187.77069719003103
2288,659.5719523742745,1153.498620913549,7.0,187.6642403057169
2289,1073.3474139859875,2758.080877710449,7.0,187.59027020843857
2290,185.96100824478546,2443.2010348673552,8.0,187.52833361024267
2291,1135.8183665978163,452.3012577911492,7.0,187.32558607077033
2292,2807.1483246767575,2916.3396485943663,7.0,187.27528429893076
2293,3846.081391194086,1957.1291730461078,6.0,187.19622570089555
2294,3097.997943355291,3004.2120861356548,7.0,187.18208054689762
2295,1110.3514444487464,1343.2735130650783,7.0,187.1814437357823
2296,2174.964936442712,3778.8408559703894,8.0,187.17084389774726
2297,3378.3185436217864,1414.9447583954309,7.0,187.15372150847523
2298,184.61738399082805,2818.875011107936,7.0,187.1433541085799
2299,2281.8203588504475,3536.3383679193203,7.0,187.10294729309348
2300,3885.2373754367177,2520.196914397443,8.0,187.08269944455236
2301,225.6324450264486,1856.7870147479614,7.0,186.96028546745777
2302,3055.7715574361787,1603.5493311625337,7.0,186.91898455555824
2303,3892.17048047678,1624.9025221093264,8.0,186.89571911197626
2304,2847.6495764965534,3353.9827432631973,7.0,186.89387978617933
2305,2728.2023289938934,2947.32478813617,7.0,186.8754523617039
2306,2080.0384856425453,814.0042530488851,9.0,186.79582350708355
2307,3119.097399730405,2088.2209294109525,7.0,186.7259175330245
2308,2000.1761263460878,4083.6335608282843,7.0,186.7058252945726
2309,3673.798117114956,1130.9915387018877,7.0,186.68758429885838
2310,1795.3020515585363,3016.4145603836996,6.0,186.66909373167542
2311,3283.2501665335717,1563.237804543386,8.0,186.64598441668232
2312,1001.8597221366236,3181.958249896526,8.0,186.63346735762093
2313,3492.286646240602,3008.95940088797,7.0,186.54576331948385
2314,709.179878530554,1273.7976444555602,8.0,186.50673535153646
2315,665.7489762987357,682.6157860650479,7.0,186.41294760290586
2316,3742.6706042864466,1369.7847670773458,7.0,186.34888392015762
2317,3625.133090811253,1175.017028563314,8.0,186.26201139933372
2318,1753.7324689519126,3835.8838476651185,8.0,186.26120498673072
2319,1542.0477483550062,3847.7382855630544,7.0,186.130707851438
2320,795.3401162471886,1482.0719192163467,7.0,185.8636133388713
2321,2545.0821025468886,452.1969823599551,7.0,185.82012258364313
2322,1024.5431050286018,3557.114857990601,8.0,185.7580377023083
2323,936.7025895105628,994.1390365207898,7.0,185.7184299208726
2324,2898.2108629211552,2982.2873617191813,7.0,185.5592800603747
2325,3529.8482195527376,1457.977111069624,7.0,185.5514777380537
2326,3122.163810330235,2320.2554770141123,8.0,185.45579298545624
2327,674.0910277040531,918.7096806002211,7.0,185.4031961719453
2328,3029.777895905627,1398.1451465322875,8.0,185.34405117492798
2329,2068.074822650718,3591.681363034298,7.0,185.19606386891826
2330,1204.192540779694,418.3651744159376,7.0,185.1942447233641
2331,3207.8702253595907,1595.7725653602754,7.0,185.1752327812253
2332,3766.8088916713027,1939.9216178440574,7.0,185.09871499309082
2333,2554.843963390459,228.82146475221805,8.0,184.94694561014268
2334,3561.3152589431766,1890.181533544824,7.0,184.9222636234646
2335,2121.067043822926,834.6197281569922,7.0,184.86162428010232
2336,1057.6909702305811,3611.873396031526,7.0,184.8418118261618
2337,2722.2387017524015,3862.117403775336,8.0,184.77752457988953
2338,3767.9804985728474,1263.7868308251843,7.0,184.56289919721303
2339,1943.0899538454953,3616.810981501125,8.0,184.51260824636412
2340,3625.670952906297,3259.305033020805,6.0,184.44058747120775
2341,2589.1006119521217,3353.047036161659,8.0,184.25855130666736
2342,1768.2938291203436,3543.1182413266415,7.0,184.23301407252248
2343,3562.929284301192,2680.765051902967,7.0,184.11431979938507
2344,3344.6775260858026,727.0042056848241,7.0,184.09576130775605
2345,1442.1679345239243,994.0297352593016,7.0,184.07760838362506
2346,2012.9718810437598,3051.0465629533187,9.0,183.96532962354797
2347,2418.6188342708465,3936.557808449381,7.0,183.90244760989916
2348,453.78694056788055,1072.7442662601325,8.0,183.88745452078913
2349,3388.2832263823193,3039.1694572975034,8.0,183.76479124869843
2350,762.1287200822563,1733.7039089036673,7.0,183.7546229333746
2351,1974.8929404790674,481.90003269888854,8.0,183.73944873861205
2352,822.6555166143385,3060.358577756153,7.0,183.66007930477107
2353,2606.728168659824,336.7794961889879,8.0,183.6422407670496
2354,1409.6584253149967,1135.9268932427326,7.0,183.57907906164544
2355,3425.664850776779,3435.6590971253913,8.0,183.5216616668456
2356,2113.704792309726,3117.002170189564,7.0,183.4970942459061
2357,2763.8686124562932,3110.3428775226494,7.0,183.46990204718432
2358,600.6854087171106,2643.236200707619,8.0,183.44357020429993
2359,3565.190702188042,2441.109231654334,8.0,183.42022463043386
2360,3306.7624467327164,2899.7605043895023,8.0,183.38409134886825
2361,3020.744405281601,861.2154018280914,8.0,183.32078066928125
2362,2903.0004010448283,3467.640062699936,7.0,183.27839038450253
2363,3616.013051991613,1976.794247772215,7.0,183.2454487945909
2364,2245.778352985719,37.64326890342365,7.0,183.0154106608681
2365,2306.129237355385,639.2176937571451,7.0,182.8878638918274
2366,2282.7477956014636,3712.6019623217308,7.0,182.7021050560666
2367,3605.726515616572,2785.7059764691157,8.0,182.6180938603119
2368,916.6839215520304,3058.268650326956,8.0,182.60774945422492
2369,3315.7486436465115,1106.7988059564607,7.0,182.55687101222284
2370,2652.3352845590216,383.80616179687115,7.0,182.43814292293214
2371,881.8724606789565,1059.574401107598,7.0,182.3007348477814
2372,1780.992215478097,3750.7250484668807,7.0,182.2867935378155
2373,285.1508959525239,2341.8418788823137,8.0,182.15045400015674
2374,1600.1812116092456,572.1096708675101,8.0,182.14528112320852
2375,2211.8019644584197,3076.896878499047,7.0,182.11468322992138
2376,2371.815044627328,936.3192270018056,7.0,182.09251312880608
2377,143.07529266247397,1845.9856284776372,9.0,181.945480470121
2378,2043.861517405199,3657.7446985423567,7.0,181.91414082890844
2379,3014.0445491797254,2798.2095991764895,7.0,181.84295042308273
2380,3613.2848240546264,2952.039407050494,7.0,181.80466500873834
2381,2132.636826276523,3417.783671844032,7.0,181.78567694360277
2382,1766.9216883156162,3946.8775083838254,8.0,181.68626402036722
2383,3652.26044794736,2346.8590211755736,7.0,181.62131225904963
2384,3601.345881028796,1690.857175636338,7.0,181.1536436225931
2385,3194.136523629277,2974.3148186981853,7.0,181.05912584487845
2386,544.7784356979532,798.8774241503598,7.0,181.04955677321664
2387,3011.0329905192843,1335.6699845142766,7.0,181.0458461759993
2388,3721.9840772575094,2921.6510274744223,7.0,181.01433212005134
2389,2458.289830808457,790.2186995019322,7.0,180.84141130482968
2390,199.509064469828,2332.7633219989953,6.0,180.75837669949252
2391,3792.103326554808,2893.139418098842,7.0,180.73867122346508
2392,945.6988119534609,3728.3818860391934,6.0,180.6961301132182
2393,2380.056802243042,660.0835110934858,7.0,180.599681780846
2394,2874.1116137917534,2833.5990231047876,7.0,180.55564106292402
2395,1889.8176598931154,3096.3258169851406,7.0,180.55493685340795
2396,3373.2892451082002,855.1437047085205,7.0,180.55196171980063
2397,2151.9751692781447,3543.762078905226,7.0,180.41610567019208
2398,2683.9970313907943,686.2728772799433,7.0,180.3471354608403
2399,3605.914694494649,1727.3540322553217,7.0,180.30707944180028
2400,2866.883858004719,3355.8139813874686,8.0,180.30087125594684
2401,1137.9854500393262,3593.198542742323,7.0,180.27468005787418
2402,440.17095709958403,1778.1696303786855,8.0,180.11825556502237
2403,935.1263013763491,593.0302725187261,7.0,180.07355177578563
2404,3239.703842702797,3292.0299286651402,7.0,180.06808337111244
2405,2640.9837829290104,3724.201675083553,7.0,179.76372395127382
2406,3237.3713008547875,572.2031011285204,7.0,179.7547651861874
2407,2492.844715809364,322.6982307121785,7.0,179.70328835747537
2408,2398.0388736426125,353.1925496118048,7.0,179.580930593334
2409,1521.0746317414025,571.2325927721491,7.0,179.56147659007982
2410,2173.662020053659,3171.091627396094,7.0,179.51195631115274
2411,2548.778787933149,923.9798329630637,7.0,179.426668910456
2412,3122.0289198280484,2236.281811627734,7.0,179.0557421963047
2413,3593.026981302755,2993.6897562084414,7.0,179.0551727002895
2414,3267.3278996598715,560.1362588513406,7.0,178.99072315802442
2415,407.0128720050913,1549.685729751995,7.0,178.95853013365974
2416,3320.7628741873446,775.009435491035,7.0,178.92486854988186
2417,3003.0841477223785,801.8871181878839,8.0,178.89782621884726
2418,2960.0170404966807,3467.2503910934324,7.0,178.87092680814177
2419,488.7590478445399,1997.9815317055863,7.0,178.8658230853419
2420,496.1818455139534,1530.0124908488865,7.0,178.83936903567536
2421,749.1632373077761,1900.0716400397155,7.0,178.72089246570263
2422,2899.833246235165,3652.338037299221,7.0,178.61479427800293
2423,3719.05088784405,2771.6574803868634,7.0,178.61254129857898
2424,1761.77821910968,3981.242098845653,7.0,178.39246124973087
2425,2118.0809422047228,849.053631421557,8.0,178.36193897539903
2426,998.2289945830317,3677.999497186022,7.0,178.23005204894454
2427,732.987376146774,672.2819955512218,7.0,177.99514449819966
2428,3403.144634032367,2702.657581160374,7.0,177.98710384587562
2429,3283.83337306253,2137.7523537136944,7.0,177.8761585273118
2430,3373.8422665173994,1978.9614113093671,7.0,177.8347407841799
2431,3950.48773594466,1994.843243073129,6.0,177.81019916588036
2432,1531.7106117854914,272.8405674790263,7.0,177.79130127658757
2433,3399.281162028859,2036.0178391400696,7.0,177.75723275914348
2434,2769.9373398588564,1134.7282262165163,7.0,177.70743592233111
2435,696.8879886421139,1108.9600475079628,8.0,177.64312732574297
2436,2749.861276192164,3863.0510781734965,7.0,177.49356935023437
2437,1997.6468107913188,3385.812891389602,7.0,177.4078282917048
2438,646.6855350504233,3168.998401805439,7.0,177.36877173698505
2439,3189.073426258258,2009.2541245568843,7.0,177.29547190473804
2440,2770.3492949734027,1106.8570975014766,7.0,177.26057997516907
2441,3573.1496307430752,2182.8933588643295,8.0,177.2237598764581
2442,3739.256008364046,2449.9330289368063,7.0,177.20471825520232
2443,500.7463847174555,1105.0606362031315,7.0,177.1730120631213
2444,3221.9411981577096,1444.226839053986,7.0,176.9569757612081
2445,921.0363421385423,2978.2495402203936,7.0,176.8922039478025
2446,3336.3255616831457,841.7462434866675,7.0,176.78752102944856
2447,2414.9570805085873,3825.7293919827252,7.0,176.77484256342998
2448,1707.9283551263768,3597.323167887268,7.0,176.76281951137935
2449,3216.3342556712996,2841.895869388142,7.0,176.34662010716113
2450,2648.2605650946143,3098.721436531396,6.0,176.28383061879995
2451,874.3265793626066,3437.2536771721025,6.0,176.28198111121202
2452,2862.3631943428095,996.2041963591772,7.0,176.26426101826246
2453,3322.866240517626,1384.9646778901104,7.0,176.0922188859932
2454,3457.7090415022826,3352.1325340241715,7.0,176.05893514256914
2455,1140.1019382624884,2929.911878526238,6.0,176.05664300529563
2456,3618.8976021163726,3112.275140685533,7.0,176.0401854515841
2457,554.858742099555,3264.127556709852,8.0,176.00322091994366
2458,1227.1495636132595,576.9105658158277,7.0,175.88307686878883
2459,1160.1298680150612,1428.1886139911423,7.0,175.8332280726358
2460,1504.936763136177,3517.377411616513,7.0,175.79583703943945
2461,3433.690393662018,1437.0964367229615,7.0,175.6979286750747
2462,762.6249801288393,1110.1523477747223,7.0,175.67833215544897
2463,3372.215413086265,3501.3232289224993,7.0,175.59511824532356
2464,2791.0254576885327,3136.3149294639798,7.0,175.54231513287132
2465,3125.8568368188203,1595.3209279997952,7.0,175.33455964898494
2466,3180.1676759970287,1230.9979145107088,7.0,175.28306552174013
2467,3270.136129307528,2160.9772821427728,7.0,175.25681995447334
2468,621.9868508533635,897.7873160201505,7.0,175.20891742645367
2469,2732.7535482590506,2986.645762686202,7.0,175.10233418004577
2470,2604.0694579147375,3913.8156217097926,7.0,174.9653598114049
2471,2062.8930321817393,964.2142220219453,7.0,174.94192555012964
2472,1021.3216428087643,846.2298027631114,7.0,174.8875641671706
2473,2680.2187658197686,3842.296538585742,7.0,174.88153047879578
2474,3699.039957063346,1158.8772810545313,8.0,174.84892381928933
2475,2333.991357586234,862.6564783862523,7.0,174.83127726857506
2476,3521.903231625051,2182.6358186619905,7.0,174.79299488935695
2477,3522.282983941733,1888.2030604473778,7.0,174.7543376949718
2478,2877.9298443486086,3848.4913637381687,6.0,174.75118266946464
2479,2257.9300592912664,3672.51009973156,6.0,174.34320744404928
2480,3087.186124508764,3409.2045075269566,8.0,174.22768246197745
2481,2618.9644064529034,3608.262938737155,7.0,174.22644060809415
2482,2126.1756868776242,3383.521402911096,6.0,174.21208330899444
2483,2455.2362889170645,3724.6994815329667,7.0,174.1873209638329
2484,3989.9084598250693,1894.2259422368343,7.0,174.1242267339926
2485,1670.2685984603652,3344.1423859082497,7.0,174.09960003118942
2486,926.2924418918715,2391.715491275493,6.0,174.0278985347683
2487,2980.780769320131,3235.969088378046,7.0,173.92314410806526
2488,443.9852153706375,940.7304996756574,7.0,173.8574054859625
2489,3091.1885650695704,1755.4913379065895,6.0,173.78801142659043
2490,1056.0473158476811,1045.070718467627,8.0,173.78163640412166
2491,2143.1698634319832,378.497886880745,6.0,173.5591510889408
2492,2271.9029562936976,532.6926473517308,7.0,173.5487472264047
2493,455.0351842142904,1897.161346019863,7.0,173.1660695066994
2494,1560.292744874947,790.9699228481796,7.0,172.90416165994216
2495,3333.0423029989965,3097.1844921461725,7.0,172.81592201937147
2496,3473.1778390146937,996.0842834561427,7.0,172.75382121470452
2497,211.83341847416855,2749.190322208594,8.0,172.72951310018308
2498,2432.983352343653,826.0729330870008,7.0,172.71429315770584
2499,2762.979816122545,762.154067110453,7.0,172.70702933274765
2500,710.8660887439295,2575.6474509447494,7.0,172.6592550528508
2501,3004.8513372213165,2948.772894068494,7.0,172.59395438524197
2502,3459.17093437263,3018.790640167296,6.0,172.53700623434
2503,3539.8536615229978,2412.9671851860744,7.0,172.5342403478321
2504,2782.800180828529,542.277291685914,7.0,172.50118838680078
2505,1340.0163870378515,343.2373240670508,7.0,172.40160933880807
2506,914.0435964175124,1899.9128046014564,7.0,172.37747034947154
2507,2069.745621208373,976.9984298880298,7.0,172.26536808056093
2508,2181.735768934855,440.95652184734763,7.0,172.24026561494856
2509,2255.9654304877777,776.5113216227724,6.0,172.17796038580195
2510,2910.1542994067636,3158.856591905292,6.0,172.00636776926325
2511,2905.860045509669,3412.843032471336,8.0,171.91620051873105
2512,3791.941411443417,2727.2219664453773,7.0,171.90841900497435
2513,1771.2325447985415,316.4724939429608,6.0,171.8819711359852
2514,475.2778943801791,1724.8880323542503,7.0,171.87107622407072
2515,3589.495605692448,2105.240146047016,6.0,171.85294407020916
2516,3534.9360608105762,1023.2342720583831,7.0,171.7994645077046
2517,3759.5302833395244,2152.7973713868496,6.0,171.74883010207978
2518,962.1908775723675,2128.1278338709385,7.0,171.62287330734438
2519,3571.9608793073166,2620.8781323468907,7.0,171.59227877433287
2520,691.929982639763,1164.1550224803616,7.0,171.5361695112665
2521,2279.188859061526,3196.9884783217094,7.0,171.45680617519272
2522,3026.8524669099775,3575.4647551731045,6.0,171.41967623341387
2523,3304.6066424755004,3409.9198444423737,7.0,171.3050126894714
2524,3143.695073053694,1855.102380990248,7.0,171.30432269580547
2525,3150.819280731167,2424.944726204632,7.0,171.29810238553063
2526,3638.0446305074047,1742.7736941032954,7.0,171.06646058800465
2527,3747.289182644351,3180.7529328910737,6.0,170.8933242460229
2528,3711.5501640603215,1970.234796035655,6.0,170.86698090924742
2529,1150.1753162012628,2971.1610456858075,6.0,170.81865441199145
2530,2438.7935355445534,442.8755336112847,7.0,170.78413060539123
2531,3751.560739656153,2353.7943733504367,6.0,170.73533951895243
2532,2959.1500800201034,2817.262472596713,7.0,170.71996154209617
2533,719.9407513956579,3172.648818959127,7.0,170.69744768082126
2534,2827.9733015221937,261.83426246446896,7.0,170.6639961825575
2535,3034.3229004804166,503.9904254419091,7.0,170.66132164995696
2536,1403.8256791305823,508.8200836112501,8.0,170.63509839130936
2537,3666.4679103572066,2390.245394908241,6.0,170.58245822002243
2538,3177.8710719283954,1739.153419483137,8.0,170.55819018367694
2539,1217.0423410326111,304.2601242317286,7.0,170.4523747901333
2540,2224.2229052493385,3473.476667848854,6.0,170.40323787068218
2541,649.7747798047448,3158.0516426418417,7.0,170.31260065807896
2542,3304.112651201515,1810.1627464127582,7.0,170.08742605736532
2543,3172.342651366177,1627.8261090985893,7.0,170.03540381429954
2544,720.6948391881729,1232.8328989985666,7.0,169.97211763499138
2545,1408.7081558810723,1014.3136595435265,6.0,169.96301795693788
2546,2497.780145240009,3381.8874373294325,7.0,169.83416667402184
2547,2176.2688383701866,3500.1507448904213,7.0,169.79964210330792
2548,2857.6671492190308,3561.8394950050706,7.0,169.6810293881574
2549,3643.9656923346215,1917.239361752527,7.0,169.62866464331415
2550,1300.1302014241967,3002.7638911656763,7.0,169.58550043516274
2551,3244.140520752217,3419.846064479699,6.0,169.56565260015094
2552,3783.215368583031,2788.072816966982,7.0,169.46470167161954
2553,3825.698401742667,1350.7340349036624,6.0,169.45161784079343
2554,1198.0731980819846,2650.7828206631643,7.0,169.43386958603642
2555,3480.5172094142013,1051.011187805169,6.0,169.42852227215474
2556,1738.7047214290774,3072.875175590266,7.0,169.37565219686783
2557,3900.452198986243,2505.689704260238,5.0,169.33788708205148
2558,3138.875623034317,1754.0443100153673,7.0,169.3162901722473
2559,520.7911936445978,1310.2781521492202,6.0,169.3014609858039
2560,692.1903077882603,2634.693787805382,7.0,169.28213676358476
2561,3718.714561942175,2533.9468034106303,7.0,169.27046357951158
2562,710.234541690895,1787.0896031491195,7.0,169.26063173879422
2563,1223.2063797765547,689.0398755455931,7.0,169.22175302400115
2564,4058.4408578286852,1973.769983496103,6.0,169.07918961136554
2565,396.7440754287603,2583.863095148139,7.0,169.02908959257448
2566,1138.7515569680565,424.2780725138581,6.0,169.00046410046295
2567,2434.705435518702,3404.140418574425,7.0,168.94063192011194
2568,2788.7905324263593,1182.5092277687006,6.0,168.9186371910356
2569,3675.5283979579012,2631.2457474171297,6.0,168.76371507872398
2570,1160.7783257254896,3611.221150846525,6.0,168.7006301663022
2571,1272.833444758723,3133.0967470519768,7.0,168.65254363416523
2572,1534.0387276823142,1091.1149215833982,7.0,168.5032500716177
2573,3996.5551865888697,2366.1348444857713,6.0,168.45919177490188
2574,3445.885481092834,837.5320722515338,6.0,168.45587657281703
2575,3146.358525708537,2080.471874880448,5.0,168.316147194022
2576,491.02633816578935,1589.728935710425,7.0,168.13998563458713
2577,2595.8156939586993,3044.8882029387596,7.0,168.0753273750967
2578,511.30305151430576,1232.954909547877,7.0,168.0578502694702
2579,2374.2304783369927,1074.5126824162971,6.0,168.05412138136796
2580,2938.7995623459506,3732.7260424755755,8.0,168.0410890987335
2581,2507.012093046349,3266.8470802876113,7.0,167.95877351490387
2582,1191.2171740630424,2906.478024540083,6.0,167.94960348438607
2583,3246.511330702789,1818.316608685654,6.0,167.9354156286072
2584,2110.273797290881,723.9852166563804,7.0,167.93320676389638
2585,2265.044487656203,3780.1650054995043,7.0,167.9212287526864
2586,2895.6612338643704,2816.921199217329,7.0,167.90294548539165
2587,3518.006023984074,2323.7218427620505,7.0,167.83885003990886
2588,2365.7194464925287,3672.580300823529,6.0,167.8040194218202
2589,995.7822001081294,3316.8779426100095,7.0,167.7915257650048
2590,182.25203789117091,1631.2543167214371,6.0,167.7761518203722
2591,3254.9666007331643,1675.7777998940837,7.0,167.5588773526507
2592,1947.9612821102608,120.94808412505485,6.0,167.49627707694182
2593,2538.3386803981357,3930.0734494144067,7.0,167.4671008576015
2594,3628.9567825792287,2338.328718093711,7.0,167.4459707717617
2595,1576.1071053882638,3685.309007126629,7.0,167.42131609472983
2596,3279.224480392588,2062.1806639022693,6.0,167.3517241200547
2597,1613.215355160838,3415.0710067958084,7.0,167.27140791074697
2598,1339.153663851439,3401.0602597065044,7.0,167.26534007419167
2599,3770.9073387490353,1513.278514144293,7.0,167.19011768731482
2600,368.9546033996163,1294.192997387528,7.0,167.1119821970133
2601,1165.2486848398728,3733.94200650789,7.0,167.08266644200023
2602,3357.87401535105,1405.7039842055126,7.0,167.06691550933485
2603,3364.940521700775,2571.7485800697677,7.0,167.0150100943725
2604,2487.9135379319373,366.15017092850894,7.0,166.96330322682076
2605,1840.9931806480458,3603.283315468508,7.0,166.9010335581762
2606,448.9580414742808,1142.1062568636512,7.0,166.82025932021307
2607,2026.3106644773018,3974.9535176157083,7.0,166.82025054427686
2608,3055.9949753786154,965.5285707231732,6.0,166.78430025298144
2609,3950.160955841267,2297.0259087522963,7.0,166.76892798474665
2610,528.5351937680922,2556.0906019664108,6.0,166.72568582950257
2611,3582.118221716402,3120.5099705025564,6.0,166.71179620754515
2612,292.52540744180686,2392.236090848258,6.0,166.5460065331168
2613,3144.7944605861176,3680.007548966666,6.0,166.52138987633353
2614,3669.1251863445714,1691.9305238757006,7.0,166.3130823053425
2615,1499.860024113439,275.02875766570565,7.0,166.07389826132535
2616,3519.0858029276287,3010.8725031641575,6.0,166.05018804642054
2617,1544.695570552655,3910.8185386319046,6.0,166.01031521433822
2618,2220.8685221018686,1060.4501992635264,6.0,165.95982293061923
2619,1161.2710138199873,2588.508313283234,6.0,165.89410765446829
2620,3988.785506159948,2165.2378797668284,6.0,165.88558034583815
2621,1828.2864054162708,1030.0133644595298,7.0,165.86397744336762
2622,839.1105204222605,3086.1851432042236,6.0,165.82925735370463
2623,3326.6777255507973,2513.193257402628,5.0,165.8105346188124
2624,3056.9922224761804,872.4695567240377,6.0,165.79853079987163
2625,2248.9178314873975,3191.443493567456,6.0,165.64382986030438
2626,1595.692929154164,3315.074482722438,7.0,165.63314503934356
2627,1939.9590437701681,643.0242594957041,6.0,165.48621487925544
2628,3844.153351463958,2353.9867455958424,7.0,165.4506089845058
2629,3022.115334617577,3356.457329931012,6.0,165.00701050264007
2630,1977.3331431618114,3381.590601410694,5.0,165.0048728992125
2631,2771.309830189373,2818.784751826796,6.0,164.88773799384774
2632,1080.6379102507526,3385.0734348591673,7.0,164.77645996587975
2633,418.1024062879126,2796.0459824825853,6.0,164.74453178431375
2634,1641.9296411919856,3634.1362486322682,7.0,164.6101709179877
2635,1063.9849084606901,3669.5437970119856,6.0,164.57561613057322
2636,2436.4831746395284,3122.182122898728,6.0,164.4262217734859
2637,2664.197476573012,2979.832376333507,6.0,164.40534177393417
2638,1513.2992814323084,521.9795797443497,7.0,164.35765892878706
2639,3536.0021488322527,1246.5355869354166,6.0,164.32653565724482
2640,1625.7864204433988,576.2263265905127,6.0,164.32432456173882
2641,2600.7857475314922,3202.4519881417077,6.0,164.26886866987212
2642,727.0478646872598,3373.1267715262097,6.0,164.1263198235581
2643,3437.7300559328173,1915.303357427988,6.0,164.10846213255905
2644,3408.1319932372267,2883.1894772427067,7.0,163.93183796599786
2645,1025.7517363949034,1118.2734892647175,6.0,163.90052829199823
2646,1186.8970911401939,1083.6651137236581,7.0,163.85868847540124
2647,3118.7718243102026,1398.1071518966726,7.0,163.84451485496766
2648,3809.529834346612,3028.8725497309965,6.0,163.84375871009337
2649,2664.1327515312005,594.7677757534412,7.0,163.82668821195224
2650,2200.057420148631,3656.7538103338934,7.0,163.78614672686697
2651,3405.4957479609316,1843.1778029917657,6.0,163.77011550673893
2652,287.41722505827636,1714.2894322785578,6.0,163.69065927742898
2653,913.0867539816704,1723.8455504013261,6.0,163.55025717326964
2654,2704.072146454306,3732.238961308766,7.0,163.50579279070544
2655,3714.8308722605507,1255.4509810926952,6.0,163.27735720759588
2656,1024.8012648344338,3652.7202208397903,6.0,163.20439986063408
2657,335.2546591930825,2298.0922825925218,7.0,163.19701088625374
2658,2525.24970747687,3191.467292241424,6.0,163.008088320141
2659,867.4409584333808,3559.9353306713438,6.0,162.99960778206594
2660,3821.790503178542,2866.97959487845,7.0,162.88307815389916
2661,1564.9893831919762,3461.457606030646,6.0,162.87462855356284
2662,1384.0971262765433,1295.967163316357,6.0,162.81768875952355
2663,706.4833516232027,875.8105651415569,6.0,162.5659813862836
2664,1366.9040669172036,3709.5648801280495,6.0,162.4800066701687
2665,582.7648471134659,2515.8947790052953,7.0,162.45809603102785
2666,3055.276061070344,1394.0751300276786,7.0,162.39475761725268
2667,371.0272354554448,1191.106320968698,7.0,162.3803083018231
2668,453.8584753585312,1565.959786292877,7.0,162.37380409152073
2669,3328.555436316195,1833.0325107687374,6.0,162.3634208055894
2670,2747.21452788836,3850.1973444919795,6.0,162.2691875171009
2671,4032.5043451589668,1944.0426538993233,6.0,162.10602403353695
2672,518.03529188072,1706.466547624257,6.0,162.09448231123824
2673,249.14482491323278,2374.345628047489,7.0,162.0735510785944
2674,3172.9352481693104,3321.7863512966146,7.0,162.03530143791602
2675,2632.8064791321867,601.5151806210042,6.0,161.99504108957976
2676,710.064670803468,2820.0755071249287,6.0,161.99435381972754
2677,524.7488531662458,2455.78737417953,6.0,161.8555572847081
2678,2806.1927892074914,3877.2852093065367,6.0,161.82766369539365
2679,2635.8401678951245,423.5068969118831,6.0,161.67748450613837
2680,1114.1923638792593,2571.1460367985337,6.0,161.61814308318424
2681,719.0577085494608,2393.903503132571,6.0,161.58758763403287
2682,3168.68819549755,3184.450455198487,5.0,161.58631711995466
2683,2896.172521139469,2807.741354834953,6.0,161.56601136615052
2684,3689.850664121499,2483.6968834422587,7.0,161.5014307043011
2685,3860.1421203697723,2352.0823169870037,7.0,161.483005577834
2686,2594.3360503452354,221.3792282235297,5.0,161.30017957969918
2687,245.19001073620333,2173.150789763091,6.0,161.1949436416287
2688,574.8263940151089,2952.0362898058006,6.0,161.1110060024913
2689,3032.031426517725,1436.5308046350222,6.0,161.0641955402824
2690,3519.7071445500446,1204.5058435497826,5.0,160.9891179385355
2691,2064.4680811607777,345.0837549932477,5.0,160.98097898181305
2692,1886.716432823374,3993.201913556277,6.0,160.95726229601777
2693,1250.1471660246273,921.8141931483028,6.0,160.95209649609544
2694,1164.9781108753052,3353.2752081296517,7.0,160.94982438202956
2695,1398.238600904219,3872.0278230181425,7.0,160.92059389068828
2696,1205.8993545015146,2706.962989674085,6.0,160.68460176520233
2697,929.1786153975431,2935.9735986909523,7.0,160.63044730586176
2698,1251.9177717273733,549.7200302210601,7.0,160.54791722272896
2699,1173.0700389499898,560.4797812208416,6.0,160.46757402083554
2700,3135.0231681610503,722.1606249273992,6.0,160.30508443494884
2701,1317.8949978559165,1171.7727829054775,7.0,160.25064911664833
2702,767.9254419686124,2145.108084046328,6.0,160.2404432472555
2703,1010.8475228940923,3125.7350096004247,6.0,160.18257893781748
2704,2999.236914455607,3423.8864097214887,6.0,160.04628693235284
2705,3377.1201862093376,1364.1830210819992,6.0,159.95348563350302
2706,1054.145881158124,2596.053656445508,6.0,159.83001715813802
2707,405.8510879476165,2155.2159877313125,6.0,159.79684096454326
2708,2950.484960041851,780.3008638446121,5.0,159.76657343243326
2709,1776.509331380966,3340.0137289270842,5.0,159.60619212504776
2710,833.3016220303635,540.6036379281416,5.0,159.58143043502295
2711,1685.8474718405637,1102.4867155303207,6.0,159.58013401937157
2712,2936.1531147683504,2627.1764653008313,6.0,159.57142505772265
2713,782.5228762604441,2913.9790239164845,6.0,159.51354584915526
2714,2346.224839831791,971.0772835735532,7.0,159.49614709499176
2715,3375.194924768872,2859.80587978352,6.0,159.45294194955554
2716,231.59292891186135,1915.798468077464,6.0,159.44468120090514
2717,1854.2224241496895,948.3033293796145,6.0,159.428497606736
2718,1734.1175220654682,3746.5976677691497,6.0,159.31776027541392
2719,3487.539371843255,3275.0498501987936,6.0,159.22252881498466
2720,2197.9793035616663,3743.4137714292106,6.0,159.0656366189003
2721,358.9237119313398,2977.463652551415,5.0,159.03222747547812
2722,3603.0767953402947,2917.800180859106,6.0,159.00898896032902
2723,219.54719004686055,2114.0620675101673,6.0,158.9017244393182
2724,1331.9149626407739,529.5978206047818,6.0,158.89959492262432
2725,1121.8502935919093,961.5203977847327,6.0,158.89888589686302
2726,3275.513509139005,2778.2751109784826,5.0,158.55138410152566
2727,3043.7846173550106,2562.8319716473015,6.0,158.5437561470098
2728,1765.8555906846302,3389.8678858837625,6.0,158.51823908555195
2729,2463.55265603801,386.23050350719984,6.0,158.39617827072485
2730,2602.1076828034043,3505.9740283854194,9.0,158.28710913091822
2731,726.7461466980249,1087.200664896251,6.0,158.28562754185216
2732,3465.2542525048034,1338.9064222594584,7.0,158.2574014636653
2733,1122.0883214765886,1511.5462873843983,6.0,158.18997946770867
2734,1404.5043860714347,356.9899700753347,6.0,158.1301054830832
2735,1990.7901247492198,723.7857861422959,6.0,158.0845882821067
2736,431.7781817806241,2620.5341138355307,5.0,158.02083867357186
2737,3109.3064141527225,3591.0437967878784,7.0,158.01598359198763
2738,2529.1845594293122,386.9383954412819,6.0,158.01219434841929
2739,1015.8759078682232,2469.1615212458055,6.0,157.98258438707924
2740,2160.4780764462575,737.9354574441402,6.0,157.95491073001332
2741,2732.1447855618535,3218.7993797937447,6.0,157.76935271299217
2742,3393.079704336403,1120.8974076543498,6.0,157.69183198248265
2743,3253.8301257809862,530.2272398244753,6.0,157.67924576853093
2744,1371.1873560011713,3191.857969449653,6.0,157.67084318951436
2745,972.5580330167561,2784.110650338024,6.0,157.63366503436922
2746,860.0403927233682,832.8272362312204,6.0,157.5038760799253
2747,434.5581935811507,1552.0702981469515,6.0,157.48990330874278
2748,3885.918158672568,1911.4928569874146,6.0,157.45847111914082
2749,2980.0114644752643,3229.848870692583,6.0,157.2322501742509
2750,2130.184210467103,3171.2060970179214,6.0,157.18505811452866
2751,1862.827157532486,862.9726610403102,7.0,157.11500708515166
2752,3942.138215673862,1670.910573640114,6.0,157.0928652858854
2753,2591.9764537638443,864.0486023545506,5.0,157.02967020500628
2754,1130.8722289210614,3572.5683766380293,6.0,156.8934445101598
2755,1609.7975809360507,3544.035789211955,7.0,156.80358767620848
2756,378.72207912772745,1030.5495648722351,5.0,156.80197767027695
2757,2073.0599371679973,612.1904950861291,6.0,156.78382095768742
2758,3157.466006588311,2272.874165034829,6.0,156.67302486954623
2759,3599.154455360008,2323.8746786819925,6.0,156.6177694903385
2760,2869.9550720130987,1361.4788553513704,6.0,156.55006397202507
2761,2824.5261985584593,3692.1062288638223,6.0,156.5081205322819
2762,3415.8506717578503,662.9896172274515,6.0,156.48808222493395
2763,3648.2086739453225,1707.1526034982453,6.0,156.48357121840704
2764,589.8064042653109,1596.8178073446124,6.0,156.4743503524139
2765,2685.68424162362,3351.3931242445283,5.0,156.44804264866616
2766,3675.3979280426006,2032.7176712613752,5.0,156.3969209200513
2767,75.38758965853826,1946.874991235309,6.0,156.311511869683
2768,920.0505980433313,3313.169577950664,6.0,156.15891543587196
2769,2131.203174872224,654.5468752367781,6.0,156.11750678893108
2770,3425.1281881686095,2909.0577017171313,6.0,156.10605271642103
2771,3019.423215352492,3404.2078133884397,6.0,156.08110624976928
2772,2557.526948509568,3285.2454906033504,5.0,156.06953959681553
2773,897.4354424496549,2558.150811521578,6.0,155.91793958902585
2774,3635.965909557809,1819.257551938684,7.0,155.90598158760005
2775,472.1287223493706,2769.9149272859004,6.0,155.70684221519227
2776,3275.0176459894324,3217.1948962381557,7.0,155.66506863581506
2777,3570.56578447432,3286.129996103706,6.0,155.47555358875263
2778,940.5144245408916,3267.0836080861986,6.0,155.23448981871863
2779,915.771616077394,487.1697944715217,6.0,155.22891042646495
2780,445.4756033394709,2395.273897160553,5.0,155.13527973770277
2781,3914.3403959601014,2039.193275368605,5.0,155.11485633210745
2782,134.44923220508034,1732.7370091543241,5.0,155.08420435469665
2783,2289.1885563926135,3162.8553167078767,6.0,155.04370420582237
2784,766.473692356023,3270.113538512932,6.0,155.0172798676987
2785,1320.2482103733348,3142.1992484361267,6.0,155.0031550425538
2786,3735.1350958247417,2602.2657204292254,7.0,154.9855074846063
2787,3787.596328801661,1883.9182726966942,6.0,154.7844319432195
2788,3371.8701315730855,2139.175213184971,6.0,154.77357516409566
2789,1667.4719447619395,761.5060984479416,4.0,154.75352587534704
2790,1373.1142862625043,3770.1692628483415,6.0,154.75337850968776
2791,885.7283721689931,3459.498417932051,5.0,154.6355065698743
2792,2236.7633533682742,383.6158866800363,5.0,154.6094924084498
2793,402.52980091341624,1908.789723634454,7.0,154.59803415346667
2794,2020.8895552097358,723.5663080269508,6.0,154.5896867950341
2795,3336.0261717163276,2334.5357831103584,6.0,154.58926945347142
2796,3226.5729818458676,3141.151484174379,5.0,154.5447364509194
2797,3092.4347482744515,3710.7375300418785,5.0,154.51289747737616
2798,3282.573838469968,1012.7516882686389,5.0,154.35743616766027
2799,431.6096820229126,1289.8373060588704,6.0,154.32147458994424
2800,1271.5636493882882,816.8986769617474,6.0,154.21071386160892
2801,1261.9529876741533,800.1496868046135,6.0,154.08643304005983
2802,3639.1126603889506,3227.4492263942525,6.0,154.07870026190895
2803,638.9727187583778,2480.048642148753,5.0,153.9765280734831
2804,140.80788920501433,2240.978255833162,7.0,153.65616675442186
2805,3857.8841298657544,2229.0439124932514,6.0,153.65301779161135
2806,257.48288023760523,2060.5429550628855,4.0,153.54523918558758
2807,3312.946461639521,587.0791404239425,5.0,153.37962219942082
2808,394.42776449167326,3134.970773233786,6.0,153.3559861662772
2809,2385.7557727319017,3903.017748329172,7.0,153.35268135366525
2810,2517.7647556083402,646.1261239576621,6.0,153.3269468644287
2811,628.8237977582603,947.9623258566764,7.0,153.22889702106863
2812,1083.9214264478323,3545.8018548706814,6.0,153.15143931900187
2813,3910.4880786134245,1300.146403042708,6.0,152.96618201371197
2814,452.8089241477634,1934.9022916171575,6.0,152.72975289783454
2815,2038.375862534941,173.37028030319448,5.0,152.72200671418457
2816,3502.0533234603513,2441.1340742182992,6.0,152.71240518552605
2817,916.433802238265,2869.5446104006533,4.0,152.43609826926377
2818,2672.824186473541,2966.9647658439253,7.0,152.2253932523168
2819,1929.0935850323126,937.5266848578976,6.0,152.19278132188143
2820,3720.1393711992478,2229.765764679027,6.0,152.15182159462756
2821,1729.7788809631697,462.7377726491088,5.0,152.13974076950416
2822,268.13819382965204,2356.4849211244145,6.0,152.0741213880123
2823,1253.0899452615433,1163.9974869798534,5.0,152.06947865376125
2824,3079.706303331465,3406.485930486626,5.0,152.01870456189215
2825,1433.2469095296785,447.5959990048888,5.0,152.00668715385387
2826,2366.9752760906495,3046.4930394883777,6.0,151.9894749588707
2827,1143.214265589744,756.587624076194,5.0,151.97702356934582
2828,1991.778213633689,3279.1505937139414,6.0,151.97465306478531
2829,1249.7478342797133,1210.412969287086,5.0,151.8769365799674
2830,2642.024143515414,2909.1316198211357,6.0,151.8670146272835
2831,3768.3727845642675,2022.2747769355042,5.0,151.84740670507603
2832,3357.9598760192684,1862.8847325938202,6.0,151.8439009889767
2833,1481.8027051236948,867.1760482478128,6.0,151.7427461453099
2834,1418.222660336398,3001.9064527332334,6.0,151.6987635257244
2835,738.7707592576774,1965.1097791788256,6.0,151.6983035114227
2836,1735.7470231240686,3552.5701065014487,5.0,151.67016108188167
2837,2390.7743634551803,3258.137584638497,6.0,151.60429169096938
2838,3042.395615250757,3133.18862120303,5.0,151.5736749732839
2839,2909.5216991975535,3325.037051811478,6.0,151.52587095383578
2840,1841.9591226460905,113.40494880118077,6.0,151.52420462552482
2841,1858.5107055917608,1043.4945764889073,4.0,151.52350482250114
2842,653.0632229255374,2811.0022228648477,5.0,151.52172493970596
2843,3627.4500998703506,1782.4654357905736,4.0,151.48833322138017
2844,2585.4636875136375,829.5099176792107,4.0,151.4739421524789
2845,3034.046836994578,1001.4586809435355,6.0,151.4716748240974
2846,717.4960355390889,1875.9496326192336,6.0,151.4593571392428
2847,1564.084896069985,3889.4829524315337,6.0,151.45575225084664
2848,3249.0108653740403,1304.5192849226903,6.0,151.43998215847284
2849,1686.2624389808868,956.9716070198449,5.0,151.43698210550997
2850,2843.169350715732,3383.5610947374216,6.0,151.37099515485545
2851,3400.564354908896,2405.864311376766,6.0,151.36757409734315
2852,491.752228469902,995.5875011907773,5.0,151.35004002996934
2853,2041.2120901868334,178.02182252181154,7.0,151.3478446927085
2854,2232.3055448195532,3741.662158540035,5.0,151.3295503569967
2855,3743.88142652849,2254.847362711172,6.0,151.30729813135133
2856,639.9174287017507,2139.79716129118,6.0,151.28539570511845
2857,584.0848985273554,944.5817923389288,6.0,151.21577412857656
2858,793.5149372365238,3167.0241997766275,6.0,151.1981549317362
2859,1824.713698414301,3932.0144384813966,7.0,151.17342753565885
2860,1386.8448774425935,3421.9765260119952,6.0,151.04081846088647
2861,2886.4908463279685,1168.03424545626,6.0,151.03443697380206
2862,2002.5136906234782,359.0273084744213,6.0,150.95827630201154
2863,256.14326840922433,2397.0799167344408,6.0,150.9268103177724
2864,2311.7243540045465,3608.4215014561023,5.0,150.85713180857397
2865,825.1490293834814,1044.1945324485357,6.0,150.84396485880114
2866,2046.0119533988482,142.62129917038666,6.0,150.82859799599063
2867,2834.498128320774,3214.7606666989095,6.0,150.65606871413488
2868,2153.49964346768,3928.518461406423,4.0,150.44574925331628
2869,2539.170404651301,1018.783857527241,6.0,150.33514040630345
2870,1186.9267915936139,513.5610555525533,6.0,150.27186186587653
2871,1756.4509131175923,1048.5679671414475,4.0,150.21573383803744
2872,584.4629577408601,3231.9534718496425,6.0,150.2076182273652
2873,1383.1317371351415,3387.8268548761794,6.0,150.13858344495463
2874,224.36623814814916,2724.24118507506,5.0,150.13339008013995
2875,3476.003341187674,2679.9943430528547,5.0,150.105901769461
2876,3656.8651144182218,2157.517073524117,6.0,149.84177522039795
2877,3585.472804582487,1911.97480050075,6.0,149.7970747777784
2878,3700.417073653134,2981.463201152601,4.0,149.72582156361986
2879,992.5522696605135,2568.8683092389833,6.0,149.72404798805815
2880,1042.8874209558041,993.2089390399584,6.0,149.71212944761547
2881,486.0925677767543,2730.8735335121432,6.0,149.6958048308812
2882,3049.493462649352,3526.407562651403,4.0,149.627408479373
2883,600.2028712990935,2890.577154964343,5.0,149.5356180631701
2884,843.1089146901895,1902.4211054089694,6.0,149.5156810915479
2885,2045.946054266832,3236.176801374981,6.0,149.46101615757553
2886,729.5265287511479,2161.9545429546624,6.0,149.37902927006365
2887,481.9981916562226,2076.119681314096,5.0,149.33683457256078
2888,3014.1527802491787,318.11334075496444,6.0,149.322571920305
2889,3148.968732298707,3281.4113219652468,6.0,149.31315834985108
2890,2781.99241606979,3365.006246443022,5.0,149.26633183711084
2891,1407.1472908194437,3499.1702783212236,6.0,149.2418200518935
2892,1451.8944865729925,3285.041132215345,5.0,149.22779612463873
2893,1575.1776532874696,3872.4973356292066,5.0,149.22747760228947
2894,3048.759538323044,1577.0894431813963,6.0,148.8703733219328
2895,730.5138236490245,3249.7982444797717,5.0,148.7873633377482
2896,1712.4016557750415,3404.7937323561396,5.0,148.6695137013359
2897,3425.9165638315203,2085.7622943236743,6.0,148.62399338870446
2898,3023.0870033870488,2632.9786663431732,5.0,148.4604128009604
2899,2620.5005737812826,2931.525916757,4.0,148.39590050006822
2900,2322.1711196120987,3919.0921237519738,6.0,148.29084724864006
2901,1108.525246164254,696.9215357652853,6.0,148.03808177088086
2902,3731.5345291328417,1572.967194647609,6.0,147.79162843900815
2903,3844.876629971524,2800.10712908285,6.0,147.71009072413574
2904,3776.429519759698,1782.526443384291,4.0,147.675993539555
2905,1711.4624059279188,3151.8995357350877,6.0,147.67261658032558
2906,444.12370086483156,2155.2096548949185,6.0,147.6559645126016
2907,2351.224819227776,397.6285855006147,5.0,147.6228801502557
2908,1534.4549165394824,3111.4927110334643,4.0,147.55460678763563
2909,3449.1175898660163,818.1406295299084,6.0,147.49851241605603
2910,737.531304742218,1474.562024955463,4.0,147.49087295311728
2911,3258.0805861206727,1917.1625981513173,6.0,147.45801109337148
2912,165.11355470882248,2572.9352629831837,5.0,147.23452699606034
2913,2692.15652647846,728.4465560542925,5.0,147.09089464909914
2914,2201.9862261988483,174.95104274639004,5.0,146.92572870322442
2915,716.0892078140997,2721.9608577280615,5.0,146.87434042778185
2916,3914.494505181199,1569.8643233274513,6.0,146.86265076819643
2917,1625.0351784893471,3227.0263683218363,5.0,146.8541411494463
2918,3267.445240665596,2067.862304395695,5.0,146.82121116473078
2919,1002.104445903482,2064.5011290062985,6.0,146.7569383472404
2920,801.4837623874116,2734.578485740629,4.0,146.71816240756698
2921,2993.8314561595503,2667.8962082048674,6.0,146.61800726445972
2922,920.6263314387566,2103.221880547624,5.0,146.5712824718091
2923,2665.9364782334837,3586.035861161706,5.0,146.50024709739506
2924,2461.5423744282625,534.4226192739673,4.0,146.43495309835612
2925,363.5211612694507,2551.520096318659,4.0,146.41019473061868
2926,2300.4576902897065,3273.102486616156,6.0,146.36575402010175
2927,3000.150280410067,2414.811818282437,6.0,146.364648624311
2928,1219.5384192015604,288.13982775967537,5.0,146.27550304205386
2929,3489.094164424469,1521.0537365873981,5.0,146.2445014891986
2930,2605.0237027956287,442.9864955106155,5.0,146.222934507789
2931,3795.534745017887,2556.006443455209,6.0,146.14224353623104
2932,2180.998091572738,1043.519742256257,6.0,146.08658208229647
2933,3028.9306729719337,1759.8029599310216,5.0,146.05470869581853
2934,3188.54745754243,2109.4960803140157,4.0,145.88711865667406
2935,3000.2388281465323,3477.620782733451,5.0,145.86923385993032
2936,2946.5409150800074,2944.5699458964064,4.0,145.84758444530456
2937,3360.166398415531,3203.1388317058945,6.0,145.80888032066292
2938,2904.4577757546053,1275.4839154274725,4.0,145.73745693018952
2939,2110.497858058501,972.4697017754795,4.0,145.54694744982214
2940,1220.5641724479453,3357.421638244577,4.0,145.42226853859012
2941,2676.0976685941587,816.9556033768436,5.0,145.36511820576482
2942,1998.2476616686172,328.5893448750111,5.0,145.28349171416204
2943,3302.8875238516566,651.1098358356546,5.0,145.18261875993963
2944,1555.0244323811735,3462.9819507483608,5.0,145.07209607512843
2945,2997.171632567792,1666.1075449230484,6.0,145.06068227938832
2946,1833.7935007836527,3426.6270678420965,5.0,144.87950878527047
2947,224.90995468855806,2682.0415673290436,5.0,144.83415682254065
2948,3785.924880416496,2903.4336417304603,5.0,144.81084430160405
2949,1612.5290683345984,3045.205137929391,5.0,144.78917376274234
2950,3617.528223045804,2533.1409511493284,6.0,144.71687737822228
2951,1969.0444075849823,115.44120991134751,6.0,144.70538355919936
2952,1254.1232386696104,2758.014401476079,5.0,144.54991813222315
2953,2309.5209367904326,64.45370535596362,4.0,144.4776859425137
2954,2226.4254277055597,969.780452057741,5.0,144.44648836317953
2955,3637.575028916935,1012.4422193209309,4.0,144.39514786200067
2956,1334.553288030244,171.57766342286604,6.0,144.35066867218444
2957,1258.564803231751,3654.5001963322225,4.0,144.2847689598492
2958,2329.060019337765,3684.3535919161736,5.0,144.27284407887313
2959,1974.0246834720012,3182.8799944993148,5.0,144.2606632095261
2960,3468.4676623184287,1027.9617301985602,4.0,144.23125714886098
2961,2833.1343868920594,3581.003880840564,5.0,144.2282780366309
2962,885.3947860162073,2705.7948531123916,5.0,144.1865970824634
2963,1213.4302493660368,2760.811204266741,5.0,144.16136735711942
2964,2833.1344049102468,3751.1188430014654,5.0,144.08267876513392
2965,851.8939299702629,1759.9440280054966,5.0,144.0512211135453
2966,2024.086774100676,3548.3312884816005,5.0,144.03657167346927
2967,982.7830032157235,3519.083540922749,6.0,144.01113650439825
2968,3128.941542903145,2346.0415796709835,5.0,144.00939594787442
2969,3541.3938299740594,811.4577725859016,4.0,143.93648680647158
2970,2557.041534086265,3356.0713274591344,5.0,143.913720626074
2971,1774.0589902436207,595.9443949832622,5.0,143.8937252333909
2972,2620.1536455948826,3062.5300323264696,5.0,143.8705692417942
2973,1334.3951712050643,3333.4960421882815,4.0,143.82172240343397
2974,3552.441166481346,904.4277334376674,4.0,143.8190379695793
2975,2589.129880892939,3492.626335847509,5.0,143.81568680467478
2976,334.54326708879796,2679.0638262146977,6.0,143.748013876286
2977,903.0951273997603,1950.9958783078484,5.0,143.73216432861116
2978,3529.0181482280327,760.9737214615382,5.0,143.72286045060102
2979,660.9349189297517,1959.4072312972444,6.0,143.66125211834992
2980,3703.5151857070696,1297.6025991303216,4.0,143.60966289792574
2981,460.98004557988986,3001.4699774036762,6.0,143.55077765415763
2982,2127.428917941334,3417.470138694534,4.0,143.48981689284452
2983,1454.49493741816,739.9011033695734,5.0,143.48051775330032
2984,3773.056942255892,1834.8403316920583,5.0,143.47725075043746
2985,2811.9244313358654,522.4972030485009,6.0,143.32554174847797
2986,2776.596370677335,3538.514140955003,4.0,143.23395428904382
2987,925.1406382785174,770.1897260344808,6.0,143.16051105496092
2988,1683.4250179632468,3535.1538720652775,5.0,143.0466037528529
2989,3783.0756545939216,2393.990942587393,5.0,142.98561708692438
2990,1909.9526931080095,450.6933822720351,5.0,142.98099411245423
2991,3919.4433913687685,2222.495932358688,4.0,142.9537272865058
2992,490.46511612927543,1190.115572433949,6.0,142.92164813770202
2993,139.890804202913,2164.461907679898,6.0,142.91321916319376
2994,1733.7684706608088,3609.6030287007547,5.0,142.86299135662256
2995,3297.438410257743,808.4311886129914,4.0,142.66443126911656
2996,2083.057782417363,4059.025698083455,5.0,142.60929712103714
2997,3715.62277426119,2572.8886840146424,5.0,142.5219351239905
2998,3720.5122184439606,2386.477857996114,4.0,142.50385431491662
2999,2149.8980326510127,3825.331532663315,5.0,142.4604275807654
3000,1350.0501987143746,975.0720071339813,5.0,142.3895354280376
3001,2817.5978668604484,308.7926372589187,5.0,142.37528552476124
3002,2033.0334830160682,3608.618835438921,6.0,142.33472457544548
3003,3136.582368219577,948.9438823330358,5.0,142.19727024141386
3004,3670.5712419351503,2095.502438062538,4.0,142.17825332201085
3005,1650.4431215467018,3477.1642307993534,5.0,142.13035301158834
3006,3118.104587780391,1599.9551918433033,5.0,142.12837736505608
3007,2856.0735541868385,1172.613501899965,5.0,142.08568340346616
3008,2849.5308803903395,788.4980569442233,4.0,142.02655468577314
3009,667.8996443688067,1808.9507014305377,5.0,141.8692375303841
3010,834.8349234832759,2516.5680538521906,5.0,141.86186439311993
3011,565.9011673902468,2015.93139152071,5.0,141.85105044499633
3012,1995.8637223799124,3587.2910776835897,5.0,141.8467008698485
3013,2882.5808470420175,1340.1195476723085,5.0,141.77787093395645
3014,3973.089239240618,1878.008796811577,5.0,141.74354690369887
3015,3024.05092993875,1589.4169346372062,6.0,141.73930071742794
3016,2741.4845879956315,667.5375323140885,4.0,141.66440147142555
3017,3941.869105583393,1817.3953475811118,5.0,141.56038597238032
3018,2391.607890815646,3498.5440514830852,4.0,141.53104776927202
3019,2753.9682374995627,528.5934167570838,6.0,141.45969781756222
3020,1309.974196233445,739.4741124950787,6.0,141.45111456417132
3021,968.9803568812325,3480.5533616173507,6.0,141.34728548485685
3022,938.0780757087778,1896.5141177668754,6.0,141.32558989238518
3023,2793.1461137946417,3234.36028655244,5.0,141.18283139720992
3024,3060.0541844210957,3515.8892458125256,5.0,141.13236505940264
3025,2533.8607893825174,660.3297486604921,5.0,140.98861615217714
3026,2763.455364424273,3037.961868008368,6.0,140.97675702684282
3027,3112.4187415082333,774.8603771621855,5.0,140.90491187209136
3028,2947.4897421658593,892.1475911602165,5.0,140.89123521512914
3029,1478.9217483263087,3426.5196292758746,6.0,140.88917643644672
3030,2084.529757440407,421.53853949477315,4.0,140.6789127403426
3031,2104.879692464717,480.31727119275,5.0,140.5877619404592
3032,1183.6345693869146,2772.7893159708096,5.0,140.44966276571537
3033,3022.47530833546,3670.6216069009106,4.0,140.42441617308896
3034,3008.9448082955164,688.8924191548437,5.0,140.2573373515755
3035,3159.4745480545093,1556.0943425140204,6.0,140.02051475905125
3036,787.009915975665,1774.0940708963549,5.0,139.94521452271792
3037,3282.939829022908,550.0045576566177,5.0,139.82074386516766
3038,586.8825824168933,861.625060365654,5.0,139.77760798972733
3039,2409.5568451185486,3054.8019579608904,5.0,139.76447892539286
3040,2400.4281742631656,434.47246133209626,4.0,139.7593350722492
3041,2428.8508936889566,3266.661940157921,5.0,139.74994309897957
3042,2681.0325155012333,3706.508986241411,6.0,139.72427494154954
3043,1045.3505046239336,3709.1641538092945,5.0,139.60110259668946
3044,3806.1140894625255,2231.546245059973,5.0,139.46712880637068
3045,2372.5676790330763,3843.622709802184,4.0,139.4328006459472
3046,3833.674550334055,1529.8832994259237,5.0,139.35295758420293
3047,2752.6097498581175,209.89914897194927,5.0,139.34680491740622
3048,3232.064780212163,639.4594546604831,5.0,139.33980763523255
3049,2748.9590633942153,346.67536942718624,5.0,139.2841155305145
3050,3167.4759980449403,637.9941042024096,6.0,139.24031404844843
3051,572.9984920357488,1312.1512968032648,5.0,139.15317889636827
3052,256.453802796013,1988.068098242838,6.0,139.01467244157925
3053,2806.4705782730807,3698.547280101392,4.0,138.90985632605756
3054,2331.8475481449223,609.4100512109966,5.0,138.57263531241463
3055,3556.858990948837,2223.4966235745633,5.0,138.52929161333267
3056,1514.0956177145017,1123.0831593715395,5.0,138.51539573229095
3057,3373.378448832552,3473.482281610401,4.0,138.47712356303265
3058,400.5230593100384,3098.021985839802,6.0,138.41781150476464
3059,111.5031220499404,2046.0410839796673,6.0,138.40972324557575
3060,2687.839746613107,3058.585499125821,5.0,138.28692767733122
3061,283.4083305226403,2120.9874421058807,6.0,138.21619609124008
3062,693.5821660769698,1720.5362671832213,4.0,138.21572747027653
3063,2808.447042932657,467.45400390059865,4.0,138.17433375717604
3064,1714.4367313821072,415.39210919564516,4.0,138.13214913582635
3065,2382.4417413558763,585.4697916681458,4.0,138.0600366351166
3066,2986.9067942945953,2598.907805651444,5.0,137.98127790517606
3067,1630.9741542455633,625.0735218400404,5.0,137.90342087274675
3068,256.6453902565493,1680.0326085541449,5.0,137.76303757693114
3069,826.3826174989159,2998.048362763679,5.0,137.69818021347658
3070,3054.4700140144387,2851.604510099982,4.0,137.673230662709
3071,2805.6167668370367,988.4615934570165,4.0,137.5391526483902
3072,3401.4579196865902,950.602328940356,4.0,137.5363993003902
3073,1257.93228056708,240.48258346842917,6.0,137.50800374286743
3074,1940.1561997791323,3706.657463400517,5.0,137.47842427045765
3075,854.9218669998507,2163.6293727136904,5.0,137.4371844394141
3076,1375.058878870087,1297.620727211164,5.0,137.4124945492459
3077,2467.0788124129895,3558.579252979552,5.0,137.38764539393742
3078,1485.828274553155,3799.344063666257,5.0,137.35843179492937
3079,944.0453388053124,3563.395534265163,5.0,137.32260703307597
3080,998.0804602386645,454.6827421044238,5.0,137.2809142762337
3081,2945.047880843795,3003.523209467156,5.0,137.2098196181237
3082,1160.139818169509,3681.4793526641843,5.0,137.19116642970786
3083,2089.1384764386853,3656.46275820845,5.0,137.17769602383242
3084,2529.0502313749657,845.625878495205,5.0,137.053099672679
3085,3876.575686856916,1312.5235408514714,4.0,137.03036050903967
3086,312.4835764431819,2866.531722284743,4.0,136.98623636273152
3087,3080.3542591762016,2647.5346936844912,4.0,136.92148201362016
3088,3219.108424868534,1325.648100534038,5.0,136.8398096007616
3089,700.4309607006142,721.5238766367337,4.0,136.69964806073807
3090,535.0700037922744,2262.3588156820865,5.0,136.67779795145265
3091,1222.9163373105062,3142.5873541799256,5.0,136.49102562896132
3092,1475.4469154413955,3443.1042205376093,5.0,136.3849009667315
3093,1717.4313952692175,3214.5368792986915,4.0,136.3570319464069
3094,3225.054076448019,2577.5470563503427,6.0,136.2967186276888
3095,1197.8328722321098,2970.349356479735,5.0,136.22880126718405
3096,2658.532214364712,3579.4385886848377,4.0,136.11750528864576
3097,2897.9540218902853,3530.316519645387,5.0,136.10686864405855
3098,3262.5372435185723,655.5399595180303,4.0,135.97002969130727
3099,881.5361117123562,3179.8342235327336,5.0,135.89424762397502
3100,1281.8554498764993,931.4014568958045,5.0,135.81796685412223
3101,2659.9820615557123,2937.520063909074,6.0,135.77879886262483
3102,3391.4216725172864,1174.5110918822515,4.0,135.77286993566491
3103,2545.984948275423,908.491742203895,6.0,135.7707438836597
3104,2136.5696048320515,594.0827779233427,5.0,135.74446722901058
3105,1062.6627761641691,1169.0547718636612,5.0,135.71706837024553
3106,1528.5592373501368,231.55845438120693,4.0,135.65500861620103
3107,1687.4765734571351,711.3761667895089,4.0,135.63661103087128
3108,956.5836888536633,1088.1330964849876,5.0,135.55622773203942
3109,2609.8409339584164,3816.9660196264413,5.0,135.5454713841452
3110,3327.6124608579353,1288.5483351030198,4.0,135.37500120283656
3111,2722.5707820849602,1258.9404469979338,5.0,135.370536681661
3112,1664.8691205604175,3598.318010228347,5.0,135.36968552483773
3113,988.6420866619619,434.0291264706975,5.0,135.26812404564268
3114,2746.555560880995,723.5470948385375,4.0,135.22886158598484
3115,2671.6355342011325,778.0562577753396,5.0,135.20403371608722
3116,2382.564408308458,3912.5167543542566,4.0,135.19249743174703
3117,3171.0089652555625,422.3165656738653,4.0,135.03949621685888
3118,334.669903405624,1771.156934486544,5.0,135.0085286226347
3119,479.0112605609067,1966.330408036392,4.0,134.90301884922644
3120,686.9135100952537,3260.5381332227175,5.0,134.8384788351861
3121,1439.5640535197222,496.43593557239905,4.0,134.8298160044331
3122,1530.6007041153675,2944.843451528486,5.0,134.8025942145395
3123,2181.498482966203,3552.396016573998,4.0,134.73514204917544
3124,2009.437272052136,86.42941543950543,4.0,134.70411147270477
3125,1360.4167935315159,3056.3759339785192,4.0,134.67554667284222
3126,2144.609659476172,873.8724083612918,5.0,134.50205653652455
3127,2278.9163996467787,3374.617641247247,5.0,134.49637734896186
3128,933.425294569335,3432.507128590312,4.0,134.45355359758912
3129,2632.9261166233864,3400.3974102102384,5.0,134.28066808499875
3130,2207.5645664830254,845.6207734512019,4.0,134.03291089851368
3131,1546.0600027371152,3289.3536352499295,5.0,134.03225787048976
3132,1132.0397825668322,3129.5289023518435,6.0,134.01310624940334
3133,2932.610197257683,859.5275382804085,4.0,133.9669751075223
3134,1830.4608549014004,671.495002318273,4.0,133.9573647118988
3135,654.402329938183,1577.1066249628486,5.0,133.94095651250854
3136,924.0699934488716,2818.39636806854,5.0,133.8105846435377
3137,3674.055709089579,3056.060450692716,5.0,133.67008613312845
3138,1065.472025986272,2382.4488468343616,4.0,133.57273885226425
3139,2282.4243515399576,717.464556665143,4.0,133.5071747403656
3140,300.48688135224415,1135.422436453516,4.0,133.47315831270703
3141,3608.5640730625396,2173.381657104426,4.0,133.43303337606562
3142,1003.3395930596116,655.0959214041718,5.0,133.36923866277755
3143,3710.999804108362,2773.9016282793355,5.0,133.34353802178444
3144,1849.3639035047104,3203.3684039211153,4.0,133.25447698436372
3145,3242.621585959906,1062.388615785317,4.0,133.24166008047087
3146,1230.5845595060343,2845.975212862345,5.0,133.23951594993733
3147,219.6337179317123,1973.5464914158579,4.0,133.236383958668
3148,1877.4085340374338,3073.502887230925,4.0,133.2332620548239
3149,2800.4503642440063,3007.3541972465773,4.0,133.225670809716
3150,3289.484053545102,1232.4788169276162,4.0,133.20336552903268
3151,2020.8674160843007,3446.6585205081687,5.0,133.1305307398467
3152,2847.3435565339037,3797.4368924473233,4.0,133.05585676515562
3153,1296.591690341731,1130.5086255595604,4.0,133.04812160394943
3154,2119.392646456764,3743.511320625303,4.0,133.0338051010619
3155,281.45415782014163,1889.5045477348351,4.0,132.8340670695056
3156,1843.5744576963664,3812.380250681705,4.0,132.62255672266838
3157,3450.638108667922,2804.063571153081,5.0,132.49867243641714
3158,2719.4087297677816,3803.467359185601,4.0,131.94102611338005
3159,2959.547079278091,1101.3983949105584,4.0,131.88071501253927
3160,784.9272629344566,3506.96214792585,5.0,131.8310816838244
3161,3662.3783820337158,2929.36249031603,4.0,131.7530203422413
3162,1303.3714572049792,3432.626228471848,4.0,131.75137061266076
3163,564.5329844661296,2358.5169560625827,4.0,131.73638714395165
3164,3083.123685257318,3677.563749647516,5.0,131.67582830996884
3165,3482.977260105948,3402.4406908580463,5.0,131.63792427771187
3166,522.6315771876858,1856.3602105295693,4.0,131.62086817052221
3167,1365.4210475774546,3359.518818902779,4.0,131.57317722684206
3168,2480.4445486652294,3947.9918890955405,4.0,131.43715464989967
3169,2697.5052565891488,264.3051053453204,4.0,131.4091947942684
3170,2157.407729261542,3362.345268401344,4.0,131.3559947330964
3171,2275.109629558678,3650.5727706673547,5.0,131.28389454726096
3172,1312.334359992562,198.9989114730659,4.0,131.25328128762126
3173,1735.5439334288174,3283.5827355896463,4.0,131.2332659837957
3174,3347.1161510961247,3543.5666766184127,5.0,131.0732512221159
3175,3490.9981741092765,1840.681874357969,4.0,131.02604422934178
3176,1699.5898642774946,3212.5075626442153,4.0,131.02404915050042
3177,742.6263829772763,3345.377297076129,4.0,130.89733373932012
3178,1936.6297755934102,1041.4208599460112,4.0,130.8533452512213
3179,528.4200775789685,2031.5628791332929,4.0,130.85220008338766
3180,3300.4929682502325,721.545466853192,4.0,130.83832664917603
3181,613.6127089732707,1994.6229291102097,4.0,130.83204521917668
3182,2150.9189775772593,3406.4023166205357,5.0,130.81622749309156
3183,3283.72879016847,2548.985049975535,4.0,130.77306572315254
3184,3131.6251316167522,2533.5757108369125,4.0,130.74730285277843
3185,1659.4997903101225,3629.373526277551,4.0,130.73807045782468
3186,343.97314849184266,1832.5947965594166,4.0,130.6472654936074
3187,1665.3963028770095,3278.1055985077633,5.0,130.62676294526662
3188,2583.036006496048,293.71494729375155,4.0,130.61374568781608
3189,276.3886487364731,2049.403189023069,4.0,130.6127102515735
3190,404.5254411116767,2859.588116271191,4.0,130.56191834875318
3191,1039.6071806059736,2795.5841381929968,4.0,130.501350171773
3192,2510.568713863249,3459.4298900671643,4.0,130.49639834638683
3193,2318.4379679690956,212.58516989807478,4.0,130.38625896378124
3194,2327.598583268424,1049.337011469176,4.0,130.33694735814362
3195,1407.5229728810355,580.4258861618108,4.0,130.27209324216312
3196,3224.3767033472227,2126.1047735944326,5.0,130.24616882327223
3197,3550.5990966415507,1082.4425968428031,4.0,130.17849179389458
3198,1314.9997106056453,3724.3176149437377,4.0,130.12785802208788
3199,1088.324653262137,1267.056978019335,4.0,130.12307663226724
3200,2065.516590863502,727.4561392193494,4.0,130.02871744722114
3201,2473.4543022910852,162.39025169542762,4.0,129.901248039684
3202,913.5841150240698,2328.60413256294,4.0,129.89037446794686
3203,646.3449330741007,1909.6018282991797,4.0,129.88236539089712
3204,3001.4879604890193,353.6412102378254,4.0,129.71675098191076
3205,684.658519173185,2451.521801742584,4.0,129.68956656246326
3206,566.7006399127555,2147.951098755448,4.0,129.68377666680556
3207,3733.581541759993,1120.4307229843405,4.0,129.5700141427808
3208,814.3568321750641,2442.5498856250256,4.0,129.47770681729182
3209,949.5148179121957,2899.5245101231503,4.0,129.40762190811125
3210,1960.4175589232796,3770.640801722905,4.0,129.3798802532798
3211,375.313864792352,3068.5482585338937,4.0,129.3224099297383
3212,2651.9213259435533,534.7102804438133,4.0,129.3209505424386
3213,3761.993277222287,1998.3692753645155,4.0,129.31104728367342
3214,471.47855574051687,2488.423364619762,4.0,129.3087368733714
3215,2074.5325609716965,3459.0664999993805,5.0,129.20626724003932
3216,3626.38080632528,1321.6160830974582,4.0,129.15774137566012
3217,932.3366123969081,1611.4665766030869,4.0,129.03285558591796
3218,3075.114203690031,2780.620656909435,5.0,129.0032406492765
3219,869.4774915028012,1790.5996417615063,4.0,128.9895172718325
3220,1704.9155946839642,345.2594565574231,4.0,128.92026657868965
3221,2287.4947974670386,3996.4397969533925,4.0,128.88509508357947
3222,1291.9610539522084,306.7131597920827,4.0,128.85334501978988
3223,1226.7373042310223,622.3122286530443,5.0,128.67976067263788
3224,1507.4964759327768,3278.6570236707707,4.0,128.6177653988529
3225,3265.5127738776046,1560.3119261510228,4.0,128.58340713213315
3226,883.6212068109323,3385.4265878896413,4.0,128.56819869977875
3227,3841.427627739085,2501.4068624049596,4.0,128.47112373638285
3228,842.6485676907431,2556.468879364007,4.0,128.37404754703186
3229,2172.0804704719935,3806.359900437172,5.0,128.32475107624805
3230,2138.503175692672,3089.599205482454,4.0,128.1923562751631
3231,2560.4181629002437,426.55268862530227,4.0,128.02342979492988
3232,2916.9963151658026,1247.7303300329822,4.0,127.99818720896826
3233,3371.274755753861,2394.0263108137865,4.0,127.98860738958487
3234,1092.4349154948704,3314.7308234798124,4.0,127.93302006370382
3235,2017.6531866438222,3891.0537235474194,4.0,127.92948221094052
3236,3170.41471460228,974.5363815392031,4.0,127.85827860811186
3237,746.9090174043527,885.7614912970284,4.0,127.8519737858238
3238,614.3076820022989,2247.9627936365323,4.0,127.69301204763323
3239,3594.4132627344225,1868.5911118251722,4.0,127.53577713273889
3240,841.4345173129278,3049.361353959365,4.0,127.46211182816859
3241,2621.979046511296,2948.274742872944,4.0,127.39785233558358
3242,3497.4582217720617,1249.507762514465,4.0,127.39179980760657
3243,2674.3941830296535,3027.3499887655516,4.0,127.28165479060573
3244,351.28218660854907,2903.979941655417,4.0,127.2733201727431
3245,2774.300203096768,1236.1882916110146,5.0,127.23316977135363
3246,3245.98423160964,1239.651578586549,4.0,127.21737017061419
3247,3396.928991656789,1884.2536392577417,4.0,127.16849517402824
3248,2822.881041079511,1363.6966139953977,4.0,127.11315790425829
3249,868.5785640432506,1733.2940625222861,4.0,127.10092435883547
3250,337.33963545488723,3081.9975728004188,4.0,127.09482565093114
3251,1124.5475117063932,3496.3083932635273,4.0,126.98738336496888
3252,2108.5980597015023,337.5663554059581,4.0,126.97030314564358
3253,2119.4338272856176,3140.4939140649526,4.0,126.83626504337322
3254,713.282387544719,2779.520656703578,4.0,126.80872413671557
3255,2838.3580119931876,3255.9679719248807,4.0,126.80041224249007
3256,315.69274178821024,1545.4610101778276,4.0,126.76879223224142
3257,1758.9872936526936,3620.7175096950427,4.0,126.73512763866623
3258,1520.4476684512554,3656.639473856133,4.0,126.69746155635787
3259,719.3102003804748,1539.0372236360333,4.0,126.63855126133693
3260,1506.5150009702231,261.38362846992015,4.0,126.54922503920227
3261,1024.9723700051325,2551.339859941136,4.0,126.54086875986718
3262,2160.6137666272034,3610.625078913677,4.0,126.51426567552062
3263,2891.9532537126597,3614.745853488834,4.0,126.51371332005357
3264,2140.547357606975,3293.456780232724,4.0,126.50735945432945
3265,2224.4519505834783,3670.3199559853206,4.0,126.49525451314432
3266,3118.149341136133,3707.2321078279824,4.0,126.47952271141594
3267,3002.4143484652977,1041.3993305262939,4.0,126.3964263383466
3268,3192.362135544078,1150.5836105696426,4.0,126.35437135128157
3269,702.4592257810928,1315.3886477782235,4.0,126.32348753287827
3270,3874.4127264086355,1664.5376331063237,4.0,126.30994446348367
3271,3138.706691172146,2588.0413962058847,4.0,126.29708509675213
3272,1069.6656503580043,2954.461234154663,4.0,126.26538837167975
3273,2798.4956261047023,3257.636583470453,4.0,126.17143131133409
3274,1463.5820221871095,710.7098009031653,4.0,126.16957725193853
3275,2844.0813436700905,1017.7622650266088,4.0,126.13528225355873
3276,3686.320476479055,2753.5249985727337,4.0,126.06847874035353
3277,3405.251435186768,2487.0234114233936,4.0,125.99701192588465
3278,2993.3311146999526,2655.5199332311267,4.0,125.9435604586463
3279,3847.0179839292755,2217.740369337864,4.0,125.8740275882623
3280,2002.5820197909695,684.4007732101409,4.0,125.85521795091236
3281,3176.6042928785805,3141.4710777398996,4.0,125.78116421545369
3282,2515.5030557097953,345.28777010043797,4.0,125.6875946606655
3283,2118.066389764086,3268.7385009845243,4.0,125.55342538467494
3284,454.43174157543615,2878.528615879721,4.0,125.55080912026969
3285,2999.0285565577487,2612.275265158318,4.0,125.45583673541343
3286,2274.4830192956197,3266.5606767748613,4.0,125.44866110116175
3287,1501.6332474011313,3306.4499038338467,4.0,125.44800343741156
3288,1382.6354214585733,3660.39656495651,4.0,125.38813915037565
3289,2816.4356563368347,3453.369873744858,4.0,125.09612167525793
3290,3015.5899863973345,2445.3936060373053,4.0,125.07784088423026
3291,3671.5539970503455,1848.3602154952725,4.0,124.99674647567804
3292,821.6662077164106,698.4593692241532,4.0,124.79151669763695
3293,1559.3317416009493,3624.5913744552445,4.0,124.75774348583064
3294,1900.6124165884196,933.6114516397478,4.0,124.73288729765466
3295,522.5720593612959,986.378734611128,4.0,124.72985669135096
3296,795.4305594881552,1536.5598194479633,4.0,124.72569964228519
3297,3220.984618317266,901.759131456654,4.0,124.72046498436757
3298,3793.318800566238,2108.032516612565,4.0,124.68895074783669
3299,1998.5371813039892,1025.6596970402588,4.0,124.58178965280668
3300,817.946204625861,2988.333692950817,4.0,124.52963303965385
3301,3748.3236181450247,1168.5875146269514,4.0,124.51288881926352
3302,862.6097100141909,3090.3143855433796,4.0,124.49094497216005
3303,1426.433569132369,643.497545791724,4.0,124.49057745248895
3304,2588.4827823626683,3097.3806180144006,4.0,124.48529200745658
3305,540.723214048496,3066.8840868237085,4.0,124.40281391392827
3306,2611.5133600120616,3875.6349355639036,4.0,124.36255741826827
3307,796.3847875793969,2783.7344372309044,3.0,124.34412994137946
3308,3384.67722130631,3169.923341294656,4.0,124.24828870493748
3309,1986.493308547724,3546.726437717164,4.0,124.23677007927876
3310,866.689479659188,2661.4575016014687,4.0,124.19625967963992
3311,852.5822738873721,2681.493968289937,4.0,124.1225031597815
3312,2602.469201492277,3166.468456656519,4.0,124.05446254978989
3313,1577.4183362923443,3664.44948661307,4.0,124.04648611707988
3314,2889.0249106607284,3490.6613346393488,4.0,123.99879268847273
3315,3343.01622737809,2202.7433375460355,4.0,123.84098355260593
3316,3634.6144594571397,1443.5837135456582,4.0,123.82232627095398
3317,3323.614427846219,1064.6728825413395,4.0,123.79210986154817
3318,2252.024769773735,3313.6698792735506,4.0,123.7656379774948
3319,3838.752665030395,1775.4076595581548,4.0,123.75474883790072
3320,1971.947990771166,3146.2709925854674,4.0,123.7340197486648
3321,3805.6210219796176,1307.3194768117494,4.0,123.7335514023712
3322,1927.018442673114,481.7261637871849,4.0,123.6985530464424
3323,1930.0144354760255,3473.255596129978,4.0,123.66662922142272
3324,2950.0031071496724,3587.7886395474093,4.0,123.65224687996982
3325,2142.4763848467665,463.543703069383,4.0,123.63516886533223
3326,3335.3120140708897,2809.3728387105666,4.0,123.60902025684308
3327,2430.617203432672,481.37876807980695,4.0,123.60652889560791
3328,1412.5472264408822,3580.642479876941,4.0,123.54941875317508
3329,2155.9805968341725,3943.3675332876915,4.0,123.54914207241832
3330,518.7775819703397,857.0653691101965,4.0,123.53173026553787
3331,1560.3118085135038,594.0058685644672,4.0,123.51019260061261
3332,76.21640071673019,2180.0138440712535,4.0,123.4889717183483
3333,3198.445524933371,552.513166569699,4.0,123.448550542736
3334,2022.0059345990176,934.3303100216119,4.0,123.43027624237175
3335,2341.4827815327544,3275.5568312311248,4.0,123.30756723165149
3336,3744.2912453253502,1784.5867453086355,4.0,123.23685772574109
3337,1549.3787599293369,3819.577366145889,4.0,123.18869243896503
3338,3495.4607468223776,2508.4973573535185,4.0,123.17258585545714
3339,1062.3202072082893,1311.5483950108069,4.0,123.11185014880394
3340,1599.9201823968651,3748.2951219599286,4.0,123.11175622952996
3341,1530.3857174023774,3398.6809887727886,4.0,123.07744120426966
3342,1381.6900961124923,683.5701311469802,4.0,123.05118976860408
3343,483.6253880957111,2695.4355598379175,4.0,122.91743908010226
3344,952.5502865549377,955.5974998482981,4.0,122.90510169680559
3345,1629.5806996879053,773.3145473658251,4.0,122.85946664055658
3346,3115.4626446614693,462.460913177569,4.0,122.81890275283058
3347,905.4658986635162,1690.724472252941,4.0,122.81770362728574
3348,3289.6802867628317,1992.3730545529806,4.0,122.79806252894575
3349,3292.5079837801864,1765.532998182869,4.0,122.77749066819078
3350,1396.3821915581111,535.3345938351404,4.0,122.73465719499649
3351,82.20047640550767,2083.439287546992,4.0,122.67458300035466
3352,2994.489848172214,3488.2717934576312,4.0,122.67284169419639
3353,1025.3086422807132,3087.579097931832,4.0,122.65970787314804
3354,2729.615425841723,1116.4694901686635,4.0,122.5477279115785
3355,2718.614451970145,322.4199062566774,4.0,122.52149172133613
3356,3420.472221743555,2099.33783598229,4.0,122.45308811717287
3357,1685.3477342671836,236.51257907037353,4.0,122.32735618795212
3358,1167.641651122618,2924.6015470778766,4.0,122.32092064480747
3359,2291.4408580916934,1062.3077856071,4.0,122.13523022939509
3360,675.2835704233694,1478.4120488789456,4.0,122.12106209652543
3361,1625.3684174277282,701.6474071988887,4.0,122.07951611397183
3362,2102.5152000077505,626.3541389983236,4.0,122.06128807862919
3363,1502.5837695305759,3100.511219251081,4.0,122.02354397874502
3364,699.6232387614543,2329.5822487935206,4.0,121.91218860252621
3365,2863.233235182724,3081.3918606489497,3.0,121.89420903968247
3366,995.5776631832014,408.5228058808912,4.0,121.82091615492075
3367,3124.257819843386,2778.367743193857,3.0,121.80662491667202
3368,623.277589223608,950.9414053573123,4.0,121.80597209933833
3369,1109.7374820335854,3002.4634709223533,4.0,121.76471373483035
3370,3890.4193836145273,2715.7246579164384,4.0,121.64781300356316
3371,223.6299830063795,2017.4147084446233,4.0,121.6450687628216
3372,2116.3438653395156,3218.604342451894,4.0,121.59411752388556
3373,3120.4180414227676,2116.267751016582,4.0,121.51990654885475
3374,1046.693591847938,3243.623083250227,4.0,121.51585151035555
3375,2615.34563917193,3362.3313738307697,3.0,121.49776004196488
3376,576.6643363655566,3304.581035181348,4.0,121.4084695579071
3377,2116.314881143358,580.5866368868813,4.0,121.3928415493523
3378,3263.606873642962,3580.212264695844,3.0,121.3289715429961
3379,918.4417624641084,2596.5980309236506,4.0,121.3138445286868
3380,1813.6081412709132,98.45654468331813,4.0,121.08943060725608
3381,849.5399570798835,1689.740122407692,4.0,121.07148205530976
3382,3716.4900997191935,1973.4889576044104,4.0,120.97572068440894
3383,2089.430383011658,3636.3281084946125,4.0,120.97376468241086
3384,2261.5237425207365,3795.693940503251,4.0,120.87373458380634
3385,3099.4521099327517,2795.618016581017,4.0,120.87255743282518
3386,2119.39702774439,3070.5536329000456,4.0,120.8521037749253
3387,1166.5663037773427,270.69437386610434,4.0,120.83187120278906
3388,1358.5152274374755,754.3456128927826,4.0,120.6387361277529
3389,2088.3177908425405,3109.346750705621,4.0,120.63387865211908
3390,3300.484530796226,1991.4752933936375,4.0,120.54220381192854
3391,3679.6022480767583,2401.4353566368145,4.0,120.49868424546791
3392,2878.4626886140795,660.2884322120437,4.0,120.43353678962198
3393,424.414977214063,2030.33657626173,4.0,120.42416316158537
3394,797.9444130225642,3166.2498833688232,4.0,120.36126004246222
3395,2647.5013755560826,747.7415229203642,4.0,120.34931866099167
3396,635.5724713034433,1955.6792775054807,4.0,120.34160244520154
3397,1031.4503413668165,365.49790573154604,4.0,120.33487064896443
3398,3353.2744665176433,1223.693141972843,3.0,120.31474211618425
3399,2877.4710372961936,833.6813946673815,4.0,120.26448992580258
3400,2926.444968387906,3546.507752288322,4.0,120.23272799466316
3401,981.6556601588059,612.7555367635853,3.0,120.18927690581918
3402,1055.04166842729,3689.814646594789,4.0,120.18322593549854
3403,2357.538516317583,833.7149403248758,4.0,120.16343174279274
3404,855.4939808289262,1451.290385653258,4.0,120.08706967247655
3405,1967.5978936849488,772.3756645637689,4.0,120.0343313792033
3406,1074.392555085748,3662.5294556897265,4.0,120.00506585298226
3407,3117.5186014435653,624.2604642289033,4.0,120.00210203877482
3408,345.5546359859314,2104.5806120205634,4.0,119.90083463438575
3409,252.58906727849833,1828.6367079621273,4.0,119.84549291314585
3410,2612.477065869911,549.5434944213973,4.0,119.82267297383979
3411,2838.4359650942665,507.6852075602073,4.0,119.8145129792794
3412,2876.437302637887,2772.361011267022,4.0,119.68054698129095
3413,1912.344628635232,3779.4548734250607,4.0,119.66915614957793
3414,2583.590871197296,3697.5426194697134,4.0,119.62241424121504
3415,426.29680690603556,2793.3863679171213,4.0,119.57922853852587
3416,1923.4997700809113,299.40897212688367,4.0,119.56317366868747
3417,3390.620330850057,2377.7003290178086,4.0,119.55515919567915
3418,2937.6415207990635,515.3097315119434,4.0,119.5409290442567
3419,3108.443948327048,1979.734384512145,4.0,119.4826164755858
3420,2323.66290484876,3261.7181981468357,3.0,119.38234028021857
3421,1841.4079328707023,854.4876945963255,4.0,119.3583890991743
3422,2329.427495051815,3304.6343422145055,4.0,119.31896705800617
3423,3745.5067147499235,2749.6113221164155,4.0,119.29865548159667
3424,740.614528701426,2829.538164903479,4.0,119.24582618311759
3425,2798.462214153076,3303.507946094004,4.0,119.24437943884053
3426,576.6394697533295,1631.504021149325,4.0,119.17798261196734
3427,3001.4218717626823,1420.4996318829665,4.0,119.13385847829815
3428,3468.6199978780987,1394.533465130935,4.0,119.12515179838405
3429,337.4929520871526,1500.3774176108866,4.0,119.04247508204321
3430,2156.6909395631624,3451.380632105646,4.0,118.91690265176933
3431,896.5940277571431,1837.626474640641,4.0,118.9069149415551
3432,161.32923314856203,2210.637835359141,4.0,118.84534903816271
3433,1493.5178714221645,999.394256470889,4.0,118.8266352537127
3434,1512.3384443511472,3800.690074971611,4.0,118.82639402509109
3435,753.7029661161861,847.5125363655081,4.0,118.76550686982384
3436,2951.9870088708176,1160.7416896537904,4.0,118.71460158712347
3437,3157.6143424033316,3728.401369239232,4.0,118.66535820446794
3438,3049.377418180059,2405.551126808261,4.0,118.63020630200253
3439,1250.758714145592,3293.998110579656,4.0,118.61706038768476
3440,2478.4047922349678,801.3616644540533,4.0,118.58798675612735
3441,2949.2813782542175,2592.5579742787986,4.0,118.56672972350063
3442,3878.692958731744,1589.3270965404868,3.0,118.4255492356923
3443,2003.3822506245187,3400.6034992830487,4.0,118.34095750655217
3444,2390.362603540686,3642.3630135313365,4.0,118.32568599098657
3445,3827.4536623695903,2935.2921070872376,4.0,118.29212549264517
3446,2791.4443608699935,3447.62889996739,4.0,118.21088127058798
3447,2401.606552026884,3662.6360273081477,4.0,118.19169567359432
3448,3187.0344480836566,2746.056157853677,3.0,118.16232265345623
3449,2473.452575088803,3428.631302376787,4.0,118.1526450030655
3450,676.4322610588812,3091.3886025839374,4.0,118.14406702051662
3451,3088.7017314328787,2274.3387975885967,3.0,118.1404492874866
3452,3580.433531161514,1231.5891033003684,4.0,118.09985387095355
3453,1199.326457678332,3380.500158756475,4.0,118.09534671535889
3454,2691.484178630172,3809.493060840678,4.0,117.94245066483936
3455,3336.365369789939,1903.522105681085,4.0,117.91672894608348
3456,956.6038349080931,3645.627600663298,4.0,117.85678350201245
3457,2739.436076956969,3819.491837083398,4.0,117.83023335212309
3458,3732.5291063169293,2811.6732108419474,4.0,117.77633775993405
3459,2602.5086758467864,3313.5359314373186,4.0,117.74459613387825
3460,2712.220810254045,3582.9915923913945,4.0,117.59902126465714
3461,2194.253297643486,3606.4646464603316,4.0,117.58690784735343
3462,3015.0336100917843,3498.184505220464,4.0,117.55959443195191
3463,1790.5140139315865,3531.5823981429244,4.0,117.49909085087394
3464,2151.4630722725733,3462.250397355245,4.0,117.41934911563786
3465,367.535377059489,3079.291577219863,4.0,117.39915813445377
3466,3381.2586948282465,2608.026695504439,4.0,117.39514436203935
3467,2226.5202045752253,73.36111510026944,4.0,117.34389435366744
3468,3038.7272567775317,3437.723171090993,3.0,117.3104455048332
3469,2608.2464538125178,793.4842205487083,4.0,117.29721544402548
3470,1335.5586920902456,410.5826661626018,4.0,117.26093295044903
3471,3132.6294274678467,2395.5789601267397,4.0,117.22407779555876
3472,1586.6151057102331,3671.712139362135,3.0,117.20872667840659
3473,3210.5835392961976,2125.4372100860505,4.0,117.18187067604921
3474,3148.4936947868287,649.3133176322694,4.0,117.0723275015583
3475,1023.624803664237,667.639515242276,4.0,117.05892943659504
3476,1012.4509981642425,3407.361122320859,4.0,117.0368117340889
3477,1358.3166623147886,1190.4420936458148,4.0,117.01423745551156
3478,2758.9978858208096,560.2192052768986,4.0,116.99221012663557
3479,3926.676551829282,2103.562095481258,4.0,116.9837116411615
3480,1264.6404738730087,3261.7926852451074,3.0,116.8605885153839
3481,2630.4612335884103,188.6213101917034,4.0,116.76117514224416
3482,2984.623045094717,3201.63769197642,4.0,116.58453439678053
3483,3744.299695240789,1022.6136481746406,3.0,116.56707247681712
3484,1275.6636054939038,1251.3919138523418,4.0,116.48156805524795
3485,314.7276704869325,1689.430238545262,4.0,116.46400244718824
3486,1588.4211570367077,369.64261122300786,4.0,116.42745343941436
3487,2989.719779153838,326.35080860779937,3.0,116.39922135143182
3488,2506.3823253527944,3852.752069078942,3.0,116.37853919764646
3489,164.5307850791928,2127.4949603896753,4.0,116.37410403384814
3490,376.56385169134154,2308.539268099484,4.0,116.35058292114596
3491,3204.4767702507347,1831.404869733237,4.0,116.34633388991136
3492,770.4822591931713,2190.752382371208,3.0,116.29345254863323
3493,818.5541056770271,1542.5969964112055,4.0,116.22035412920829
3494,1676.9569417677892,235.80420072970117,4.0,116.21746333910049
3495,3572.6499938088878,2163.3892916566338,4.0,116.21350515726553
3496,3887.772791369362,1459.4664660214287,3.0,116.16598715941907
3497,898.3094576129065,2133.3042213273775,3.0,116.16459675007943
3498,3354.521253494138,1990.6530286842685,4.0,116.13412435335793
3499,1801.5406207056099,1034.6397198875268,4.0,116.1085931995301
3500,2822.645830672694,3077.394930235651,4.0,116.0520866649062
3501,645.3670448829598,2690.5843552676865,4.0,115.98683329067876
3502,286.3778591310586,2166.436480283171,4.0,115.94538100671733
3503,1417.3215318979273,991.2638369537693,3.0,115.91509813329989
3504,1470.5898509242356,3101.5445102382478,4.0,115.84869645381008
3505,701.3400004510988,1738.4707997574078,4.0,115.81723049263371
3506,3823.6246716160394,2371.4223805090137,4.0,115.7636633196104
3507,3349.305072296372,3273.735548471502,3.0,115.73404567061182
3508,3429.40694138922,3359.5217155204246,4.0,115.70244147415437
3509,1117.2665498241877,640.3701217767219,3.0,115.69050171385692
3510,3565.4406881362424,2364.738970968336,3.0,115.6694342387879
3511,3903.6712011339837,1916.5534622936777,4.0,115.62302374218415
3512,2626.4536738612983,888.7222823824222,4.0,115.61015609577404
3513,1592.3899320928144,870.1977801627706,3.0,115.56624425045679
3514,3508.4785593638676,883.3032564066585,4.0,115.47542640347204
3515,2865.318605612127,964.380868030793,4.0,115.39644308235967
3516,2115.2921019115543,419.47798833066383,4.0,115.35138484357896
3517,2561.3516480490475,3648.4019080466337,3.0,115.33441287969752
3518,407.25498586725485,2363.701114612808,3.0,115.31215212244355
3519,1180.7263751684432,912.6807146559277,3.0,115.14930983041621
3520,2659.522352700776,3203.4487674582824,4.0,115.10292137692127
3521,1133.6843455980234,3791.397073844467,3.0,115.07958842345816
3522,3551.3624638327165,1439.4692459783691,4.0,115.0789430917796
3523,3171.3955709237252,2088.6036551111865,4.0,115.07482331342898
3524,3512.5463773374713,2787.4803902539697,4.0,115.04965084206677
3525,2276.5249292155995,3042.5313904889904,4.0,115.01726457299324
3526,2561.390936924938,3304.21868703504,3.0,114.9730700333379
3527,765.7554558681018,1972.6802563258632,3.0,114.95532851911929
3528,3251.4812342510218,1224.4480338978694,4.0,114.84298598529875
3529,308.685178072306,2637.3092928019632,3.0,114.82629298490625
3530,3551.587111309541,3188.4042206984477,4.0,114.78246435891509
3531,1883.7889468489836,813.0182371762795,4.0,114.72948901524084
3532,508.3541419415429,3189.736571212478,3.0,114.66029562879696
3533,2577.574654552456,315.5622123293646,4.0,114.59154033733601
3534,2067.5992745859076,3886.555358773782,4.0,114.58727215863783
3535,2456.652365884784,3044.68765688218,3.0,114.5808242662773
3536,2292.567347885095,3543.582214699208,4.0,114.55781679698097
3537,1776.4673691375447,524.4292288619602,4.0,114.49715004579122
3538,3394.49628162075,2965.5235267055223,4.0,114.46764976081076
3539,2392.53019247953,3426.4001299059146,4.0,114.3466102282035
3540,3507.4385850435838,2989.385425461312,4.0,114.34574248458021
3541,1809.7840633371213,582.5816610065333,3.0,114.2545315155557
3542,3553.2961557734343,2137.3308203001015,3.0,114.24776382157877
3543,1194.4676471559353,779.4289307883944,4.0,114.24529180978134
3544,2319.6472582417146,479.7050894647528,3.0,114.24145647209679
3545,3741.37210612739,1573.4620855914775,4.0,114.21364872881588
3546,2404.2830983275644,3718.549469160885,4.0,114.18066295182332
3547,2539.344833642009,723.2939426365848,3.0,114.1254913795414
3548,861.5448463057538,706.7376330560824,4.0,114.10683631842457
3549,2893.394396457991,3765.5206752665895,4.0,114.08198533032005
3550,3237.2806795662373,2374.2762373513547,3.0,114.01837320304794
3551,3140.7409273744943,3643.5061391748964,3.0,114.01784533584986
3552,698.2666883171071,2041.7440197868941,3.0,113.94812712386206
3553,1257.3427471422644,345.3027895902849,3.0,113.82492336221776
3554,168.35760158972516,2472.481149025554,4.0,113.81714321221418
3555,834.4893854565263,2348.639600469748,4.0,113.77501842008495
3556,1101.7877974810358,516.6133315541141,3.0,113.75000899022724
3557,3407.5028105047645,2209.299858921066,4.0,113.68913449815284
3558,3338.6592788690673,1180.2847619324305,3.0,113.65947684691497
3559,141.8114557911095,2381.411897802382,3.0,113.62982745884538
3560,2409.2520624200174,3401.404535760026,3.0,113.5719721846741
3561,317.55699510851616,1159.331241656864,4.0,113.57066939030894
3562,1044.7171073764973,2407.5412808688534,4.0,113.56328312281943
3563,3489.5960619973152,789.2408479885245,3.0,113.53244348754252
3564,2731.599503977799,3771.3243715117815,4.0,113.45838374623624
3565,3748.652462407699,2134.736731347769,3.0,113.3100626131442
3566,2041.5700316377165,3906.461622848171,4.0,113.27395737245831
3567,909.7570050174993,2995.3399467758018,3.0,113.19273622726487
3568,2507.2160508344386,460.6142365542963,3.0,113.08462932494078
3569,1441.4684089645343,3511.466134377012,4.0,113.07274659705881
3570,2272.7786617743204,687.3303093356586,3.0,113.04603717004281
3571,1563.5944979144035,2944.190414221675,3.0,113.00985316250558
3572,1666.4807200873138,551.6024415102972,4.0,113.0030593302899
3573,2709.6179649639253,1153.2729919219566,3.0,112.98639535772111
3574,3729.6088317342947,1467.7061838643026,3.0,112.91391983283027
3575,2284.6022220371055,3172.762768559286,3.0,112.8948745468431
3576,675.4437188335226,2814.7677392376554,3.0,112.84264306566902
3577,3457.4814391764216,1577.4440777996547,4.0,112.83230516629487
3578,963.6515417289964,713.6568921814145,3.0,112.8321896294456
3579,2481.4703490711127,3758.511984372389,4.0,112.80227579110638
3580,3336.452512526649,2519.607509517292,4.0,112.78606809346147
3581,757.4611245957499,1500.6295986636885,4.0,112.7641098307063
3582,1231.3341393854598,2963.7154980739206,3.0,112.70267932660123
3583,2253.5709513785628,3676.7195330922127,3.0,112.65554291048974
3584,500.5093042398868,3183.54443679025,4.0,112.62967961027604
3585,3442.563438457812,1381.193923448704,3.0,112.6023418236256
3586,1048.2856454816767,3306.3276830932036,3.0,112.55342128270277
3587,1136.7275486184285,1148.355718481304,3.0,112.54711801571236
3588,1928.4513261454326,4083.4945155587534,4.0,112.41408383807521
3589,1604.5410005914573,3712.4794926378813,4.0,112.40479174275843
3590,4023.7414464121302,1822.8548362973415,4.0,112.400981094156
3591,1632.5292552446206,316.4315619069868,4.0,112.38833074152905
3592,1704.3780334657004,132.55455922169344,3.0,112.3078885739126
3593,3097.5579438935215,970.453154480874,4.0,112.26228453035965
3594,1260.7297405411282,1321.6396183722006,3.0,112.26165994864171
3595,3064.4019703379067,2181.501637473317,4.0,112.2367089883029
3596,2859.2873942511064,3003.3758357723104,3.0,112.23578845210491
3597,303.4688362236514,1313.630360792859,4.0,112.21940551836491
3598,1349.474722979404,787.4342979535198,4.0,112.2021025697789
3599,1378.7702188541898,3769.640785445644,3.0,112.1253734300352
3600,1542.6486474939356,343.4827997330578,4.0,112.07016610222894
3601,2017.535841959983,3855.5149942120684,4.0,112.05594044344579
3602,3531.393885734687,952.2631503330499,3.0,112.02282206290556
3603,2509.4761780723857,3877.685761215178,4.0,111.978055742321
3604,1090.307348049905,3198.742593055895,3.0,111.96964244666225
3605,1385.5892271008738,3098.523705920935,4.0,111.9319122384876
3606,3766.6900223864345,1454.5558170440643,4.0,111.86893983091579
3607,443.53430123258954,3147.5055746838234,4.0,111.85684367749451
3608,2449.695656400266,3798.6864856633492,3.0,111.73603075893192
3609,1824.697997687898,666.3134951521203,3.0,111.69298527798524
3610,3264.542743579725,3468.6751725917197,3.0,111.63024853867496
3611,939.565895982423,3293.3737382686236,4.0,111.61542414381657
3612,3754.6455304573806,1383.3494402724232,3.0,111.59521812490703
3613,3417.7790262788517,3457.7246162935453,3.0,111.56759110735635
3614,1829.671808234074,3105.7393969914815,3.0,111.52320426004803
3615,888.7500614970302,751.4036813869302,3.0,111.50585822221083
3616,2719.1987567427545,3193.3532349321254,3.0,111.30347402290698
3617,3448.5734330094006,1521.567126447753,4.0,111.29873250144286
3618,703.7359425777746,1906.597067134052,3.0,111.26493029154213
3619,1567.5715648511552,965.4181103583194,4.0,111.23051311291297
3620,3516.2611633158695,2083.621703383639,3.0,111.20972840225438
3621,1015.7408518166102,3477.4251065179,3.0,111.16173904618016
3622,2025.5584488858922,3312.3967737306803,4.0,111.14455634750644
3623,927.4532896971339,3590.5157442534473,4.0,111.07341762302357
3624,316.74074459306604,2552.7224674703966,3.0,111.06663144366236
3625,883.4615663279891,2908.43700877992,4.0,110.99325734034007
3626,2992.7030663248997,3617.2233727317484,3.0,110.97559371539013
3627,1479.2770593769494,1205.6578017715615,3.0,110.94326308843878
3628,528.6629534698236,822.3012887963854,3.0,110.93786129361236
3629,3327.642199934627,1665.3279031502977,3.0,110.93353068224431
3630,3473.355466513493,3199.330268527084,3.0,110.92190916389065
3631,791.7934227355569,2665.662469816956,3.0,110.9193512575543
3632,2110.6968868027243,425.7310645383583,3.0,110.89439207592153
3633,3756.234201010501,2864.392556017629,3.0,110.86905900571334
3634,682.6904406483119,2413.360698359368,3.0,110.83200930948017
3635,3438.6222604330915,2490.5457084453305,4.0,110.82299884121389
3636,1602.308941251058,3267.6546187143,3.0,110.80684924553431
3637,1231.3946914960118,412.23945691106707,3.0,110.78523956253204
3638,3386.537296356819,3137.6310303472683,4.0,110.68254828473641
3639,839.6404955838289,1603.7566877139482,3.0,110.65685155013014
3640,2125.34008079799,793.7095621968155,3.0,110.6409442652348
3641,315.56693191772996,2615.618046021962,4.0,110.61590094622098
3642,1389.3160760436813,3836.2226257119346,3.0,110.61230316577787
3643,773.4089521400882,3450.326392821691,4.0,110.59296335262846
3644,3442.5196799854216,1984.5377009782853,4.0,110.55499261540749
3645,3523.580887918675,2231.5513359050556,4.0,110.5456878356372
3646,177.23499679695053,1924.5825552668653,3.0,110.4957896626394
3647,3421.594180850352,2968.3209096705677,4.0,110.49231873362837
3648,3124.633425305836,1930.3155574342084,3.0,110.48121456624703
3649,794.3663738942763,2415.7684782891097,3.0,110.43437826151873
3650,2906.7362175183357,463.7417449782456,3.0,110.20449560628607
3651,2805.32538622027,1272.4474163880864,3.0,110.1660009892714
3652,351.6026043856456,2552.476275105929,4.0,110.10351690817554
3653,2345.753598595119,3800.369773607101,3.0,110.09741588229528
3654,3905.4339287316193,2282.25113601543,3.0,109.99146146902507
3655,3326.204575685228,2085.314008655236,3.0,109.98900299287631
3656,3080.6943529776404,1019.6660991823871,3.0,109.98435235501276
3657,3554.236131044922,1215.7499775878155,3.0,109.98278187378544
3658,3304.529559578148,2140.5010839924466,4.0,109.98223656015246
3659,707.7609607425292,744.6681669714203,3.0,109.94140819168854
3660,3893.5020726768394,2734.4016383197877,4.0,109.93405104559878
3661,2984.4129279625117,3659.60252847989,4.0,109.93398850742716
3662,3998.2668413066967,2237.5723237729376,3.0,109.92195311703954
3663,3387.198971233035,2089.62543959531,3.0,109.92123786177591
3664,1512.3060533285302,173.23519056674527,3.0,109.74779285235799
3665,2680.731999989218,356.6363717363429,3.0,109.70312316825756
3666,901.2903777880324,1284.6915475293506,3.0,109.64863871883259
3667,3670.3560011847576,2017.7422186524416,3.0,109.64350755436126
3668,3711.310180932793,2919.2451589094635,3.0,109.6276127560508
3669,3158.543501855478,1305.4368153979008,4.0,109.60249953482536
3670,3305.742810640776,3552.390355964572,3.0,109.59576641127526
3671,1793.2201673725579,964.6803055211483,3.0,109.575347573006
3672,1442.645250885632,884.369212208422,3.0,109.56491567663124
3673,1512.2957760811062,3717.287795453524,3.0,109.47834993371727
3674,3757.429723623955,2051.60185928213,4.0,109.4446197751352
3675,704.5651579241872,1359.4949875706536,4.0,109.43585675466068
3676,1771.24611438991,3198.3993520085623,3.0,109.4006432504498
3677,2840.7902706080035,1305.6626116492182,3.0,109.39422909886905
3678,3122.456606322517,2951.488945768684,4.0,109.3929007754545
3679,229.437773058221,2285.565239717658,4.0,109.39221054532874
3680,1123.6819060751868,3095.2549048618166,3.0,109.3516857658514
3681,1483.4366649140247,2899.5405219507734,4.0,109.30966445705806
3682,3749.3595672861943,1039.291278072279,3.0,109.26908156445361
3683,1168.530901059805,246.39924986067732,4.0,109.08880951892121
3684,3054.715777840207,3064.5496528568206,3.0,108.93181880688694
3685,3110.381317591064,2692.462139690973,4.0,108.92612384225303
3686,3735.2617171880415,2702.27561080618,3.0,108.89641293312691
3687,3299.3775862644893,1353.5542306712248,4.0,108.89364929639905
3688,3553.5182099177214,2814.494570695949,4.0,108.88395994488403
3689,871.5776076995704,2938.240836939829,3.0,108.83006827660928
3690,594.6396498856136,3318.298880763255,3.0,108.82990105547775
3691,2475.3098040573204,579.6273032941194,3.0,108.80648135300527
3692,3087.6613611884063,2662.4525206441817,4.0,108.7283822885596
3693,802.4323488167964,1576.5989648618279,3.0,108.65424897534204
3694,3499.6782346591076,3241.274237305469,3.0,108.63811388066726
3695,2018.7207255707708,922.73892374725,3.0,108.59775237428018
3696,3212.74776912436,2566.7250908487545,3.0,108.5964994157397
3697,2858.6605697050322,3267.23109236707,3.0,108.58307860934673
3698,3666.542864985349,3051.429675868488,4.0,108.5751242964954
3699,3219.713781085436,2244.71724337097,3.0,108.55220587934302
3700,2493.519345194863,875.3718323478234,4.0,108.54048302585288
3701,342.65038019169737,1986.6887368662578,3.0,108.49890423078799
3702,3497.68834281904,2597.296812987133,3.0,108.49356583188663
3703,3160.6865288919503,492.23849903705417,3.0,108.43451226110047
3704,617.8119229104249,1513.6638773051518,3.0,108.36936780685511
3705,1029.3396202492768,484.7005195997514,3.0,108.34612032475808
3706,3627.296909924772,1561.2484411203889,3.0,108.34494619793226
3707,2817.3691357319117,1333.3145134078154,3.0,108.29717009401097
3708,595.219670709371,2383.7549825389547,3.0,108.2221606043949
3709,1218.5055115227174,3208.6907547723854,4.0,108.17301894592902
3710,3571.739542296128,1782.2605225166774,3.0,108.16404983655012
3711,3955.5464583197377,1952.4820235325788,4.0,108.14001220725478
3712,3109.687431632698,2273.3121935013874,3.0,108.12534240618498
3713,940.450816589313,1036.569271651491,4.0,108.06643848944458
3714,1323.4972416119515,876.4367815118261,4.0,108.05770681421197
3715,3702.346034450978,2827.799717172818,3.0,108.03822321963212
3716,3149.753088197826,3639.6018082606347,3.0,108.00933354920079
3717,3007.290710851951,2842.6981672856286,3.0,108.00137783276423
3718,1594.7763730830836,1053.6802847307117,3.0,107.96409729635347
3719,3423.7461404286255,1089.2989321055952,3.0,107.9613769417689
3720,2134.559470449401,172.42236944940703,4.0,107.95207069504227
3721,3387.702765029441,935.6102473192174,3.0,107.8654079315342
3722,891.3199301166424,1568.2129540194394,3.0,107.81779433822983
3723,3632.7115311434313,2570.310885262938,3.0,107.81348063510052
3724,618.3804673111727,2306.548563764654,3.0,107.77742266703322
3725,729.6915720349949,2415.7336003148907,3.0,107.7730733361768
3726,2985.720939386944,892.336473622768,3.0,107.71978059447706
3727,293.4097487281796,1631.7485640674438,3.0,107.61609503742703
3728,2025.653397377842,3900.7038188354336,3.0,107.5866740190963
3729,3215.3570261762384,2052.745123046009,3.0,107.53840918587238
3730,2300.569383299225,67.24812221184811,3.0,107.43297393790466
3731,3893.7200061306694,2342.41228968091,3.0,107.42378282348477
3732,3358.507125245163,2503.424238703452,4.0,107.42003839934848
3733,1577.5083246445065,999.3991443906198,4.0,107.40822409457996
3734,529.3520216569323,3199.576494768512,3.0,107.3948777086822
3735,3500.502276083409,1871.5977602045136,4.0,107.38270655113635
3736,2247.3063915678786,657.3353931738085,3.0,107.30481068445219
3737,1220.6061921561122,3072.714749309236,3.0,107.24853806431291
3738,359.5208753942928,2020.4374071234733,4.0,107.23248281010774
3739,360.756514517814,1591.273832604115,3.0,107.21669294638981
3740,3490.3799983436493,2223.313594550388,3.0,107.19986795815001
3741,1206.7377169187514,2940.671122801984,3.0,107.18176025182477
3742,2822.6011368382515,351.373647867396,3.0,107.17280257868333
3743,1370.692510442344,3427.7158357297053,3.0,107.08779955089723
3744,3070.308551739186,1899.319181389419,3.0,107.0706351937579
3745,3755.3495547448724,2478.42262389556,3.0,107.04763361580207
3746,1333.7163054631494,3555.2956784818352,3.0,107.04258662357164
3747,1333.6733636045299,832.7602465376253,3.0,107.00783159372538
3748,446.29032839254563,1297.7208404742735,3.0,106.94882248335907
3749,572.76113763164,1450.7478486825855,3.0,106.87487804772292
3750,3237.394365807698,730.6868405511876,3.0,106.86443653755649
3751,883.6815271797558,1257.655516957161,3.0,106.85135445839964
3752,1844.6070465614698,399.3495185151407,3.0,106.84293245267257
3753,2654.3945227172567,3522.3000123230154,3.0,106.83866060200273
3754,223.67949638958564,2792.3346431295245,3.0,106.83170994103098
3755,1090.286081959047,3459.280105911261,3.0,106.82590624586355
3756,3149.233098671768,3083.703652416092,3.0,106.77178408387368
3757,3970.717760737639,2221.407098647434,3.0,106.68794368326921
3758,3662.7558045830847,2325.5336166154516,4.0,106.66729667889285
3759,2414.643104522804,430.3041332205418,3.0,106.66163452911978
3760,1795.6872829264248,4039.119563243112,3.0,106.53768838633115
3761,558.2630218609448,2294.396472938644,3.0,106.50322494354675
3762,3952.366179493947,2133.589450933271,3.0,106.49643080663972
3763,175.60619153163643,1610.595333928457,3.0,106.48590990706928
3764,2671.6365509205743,646.4002044860309,3.0,106.45285890281683
3765,3764.7319480112715,1726.7349926357813,3.0,106.35143434089228
3766,932.3778441406599,989.3398247882019,3.0,106.3467532317454
3767,688.6976421354536,1538.390183739474,3.0,106.23964966957078
3768,296.70778832715763,1591.3753769309296,3.0,106.23848606044014
3769,907.2540784038439,3607.6963521755342,3.0,106.236511455054
3770,3569.2633113821257,1489.7540073836597,3.0,106.03990887789702
3771,755.7064268461057,3151.675215999875,3.0,105.9123831670329
3772,3434.58718048591,1491.4291459344663,3.0,105.9075252025879
3773,2880.4251138879317,2895.496607177289,4.0,105.80278855367513
3774,2187.659572577608,3104.6862748155763,3.0,105.68713145915125
3775,1696.2326719537334,3230.3358150026706,3.0,105.65062698027639
3776,2304.4367084797996,3460.2702848497643,3.0,105.53763071353787
3777,3594.627812688426,1708.3760861697644,3.0,105.50770944638573
3778,1160.2070446814432,3496.7688848167923,3.0,105.50349616285492
3779,764.6853610729862,731.721307451542,3.0,105.44842261703911
3780,2832.277948326467,700.7975399774236,3.0,105.42679362377761
3781,502.62641279444483,1087.6244191988199,3.0,105.39881517853041
3782,3715.3061876830548,1447.320141865128,3.0,105.34430002817841
3783,3188.235992045889,1835.751379216989,3.0,105.33976432471606
3784,1708.3945623567397,552.6425388901238,3.0,105.29014932403116
3785,3096.5450648049436,2532.4266847226545,4.0,105.27414704994328
3786,3222.706075657104,2930.361944684393,3.0,105.25702957415552
3787,612.5793737504508,1824.7117526325042,3.0,105.25139301774077
3788,973.6959558132053,1578.366511313501,3.0,105.19352193469217
3789,1173.6263131770002,2668.688482802032,3.0,105.13772609526741
3790,224.65015966279609,2588.3688159859603,3.0,105.11726224525653
3791,3111.599605348275,2594.710073546991,3.0,105.116145213487
3792,1778.2855008209117,401.5103766017261,3.0,105.09499768776047
3793,1259.7009240619452,3200.646326210807,3.0,105.09230377018596
3794,1424.2623660865004,3041.2557503962817,3.0,105.06214226309702
3795,2104.4452528073825,3450.002330754245,2.0,105.06023190201151
3796,2852.4481969210888,2914.546399663494,4.0,105.02771903441985
3797,674.2749671219344,2371.7561062542454,3.0,104.93956534872294
3798,3750.345568247954,2265.2874271173437,3.0,104.88632464954796
3799,2725.4713795772577,3447.97672140896,2.0,104.87034840640482
3800,2300.347459471185,770.7250200279753,3.0,104.86748878160743
3801,2104.3699288240828,3225.2828019521207,3.0,104.85890224012431
3802,2448.6590590607766,3884.699544578484,3.0,104.8544125937717
3803,3101.705130761456,1166.4167275676218,3.0,104.66717575174106
3804,1058.4789299962617,3120.5302551070804,4.0,104.65750098444481
3805,1333.2790548126468,1123.7120061578732,3.0,104.65737690855809
3806,850.6324681488647,887.5726529211391,3.0,104.58990046603049
3807,1603.7921489519297,142.71654626183664,3.0,104.47664852571953
3808,3330.4327627943335,2356.48267102529,4.0,104.46618886145293
3809,3382.5838486278367,3107.648516752427,3.0,104.44493476836168
3810,1532.2850421533797,1007.2054303429999,3.0,104.16267992191463
3811,2181.3454971859283,3859.353375948014,3.0,104.14874077691229
3812,1374.3508667258855,646.7109287873502,3.0,104.12431120056709
3813,3198.2981050605263,818.7443043093589,3.0,104.05876762659346
3814,1900.5006275455075,3844.545795754877,4.0,104.00704260065913
3815,3176.703173209405,2443.3390120335634,3.0,103.96071927623527
3816,3701.3548860861665,2948.663435557284,3.0,103.8586007620234
3817,325.4783509062631,2121.5094252383724,4.0,103.8446347614798
3818,1019.5483534825995,3767.3764441012013,3.0,103.64029376173781
3819,1553.6874420370673,500.38999019226515,3.0,103.57762654205783
3820,2380.4862793387247,3494.3657556058574,4.0,103.57225920251474
3821,1198.4732327043228,1147.4284162657202,4.0,103.52334965311874
3822,577.4889402051206,1983.539889882918,4.0,103.4404581142058
3823,1738.5336510947996,3936.486169385736,4.0,103.429916745487
3824,2731.62109693196,953.3605685075995,3.0,103.34893759121476
3825,1933.44716876067,4046.4945025948005,4.0,103.3437355645381
3826,3484.32456750945,747.7903710915093,3.0,103.25390519098627
3827,3771.7131348897647,2102.7415189123562,3.0,103.08896150502683
3828,3753.422279740223,1337.5589600996059,3.0,103.0745444833585
3829,3698.3327809229777,1637.609126909442,3.0,103.00735532542208
3830,3256.2945719261306,2084.604658564847,3.0,102.95719599951448
3831,529.6987257708821,2706.6782323917587,3.0,102.90083296506214
3832,3251.4276844752676,2415.284019310036,3.0,102.87695970746977
3833,3021.643960830248,3587.556021367434,3.0,102.85584744168561
3834,2647.403393619895,489.48984869746965,4.0,102.81348769947931
3835,2656.3402280928995,498.6809454812291,3.0,102.76605593390498
3836,1039.5628051043761,855.6928494931052,3.0,102.72290957279824
3837,3501.321234924453,1256.2949106807175,3.0,102.68097787693644
3838,2761.034881700312,3253.4798717412436,2.0,102.6603786378251
3839,1106.3475319787037,3342.3663159825915,3.0,102.59950435061829
3840,3430.52184427666,3054.654438051629,3.0,102.57824514370344
3841,2625.381333024805,3846.506179364643,3.0,102.57360945092645
3842,3628.3270180582344,854.3144238235847,3.0,102.56207468520768
3843,2768.5788945955674,458.35307191572633,3.0,102.53142725422029
3844,3723.312740980835,2271.6827335766156,3.0,102.51718198090029
3845,498.6156084497514,1676.3487029766786,3.0,102.40635067243727
3846,2596.6033185359083,485.3579558014477,3.0,102.3800125433449
3847,3656.3250004971605,3144.426903570973,3.0,102.36821182025612
3848,3523.98676408608,1962.5614816031728,2.0,102.34593779914657
3849,2718.516525160159,2849.509867994178,4.0,102.29101718111286
3850,3842.611961684443,1934.6473721874818,3.0,102.27155465460316
3851,865.673645686382,3601.6454423484834,3.0,102.10849087253553
3852,1077.3160812582516,3028.3764098323313,3.0,102.09029210238903
3853,2923.523599092156,737.3525829557512,3.0,101.8752334104031
3854,3911.366122236135,2125.317038358189,3.0,101.82338495706033
3855,2963.672952260772,3623.4087243144254,3.0,101.82119056304366
3856,3405.3197969014623,3341.6215788633463,3.0,101.70568316232685
3857,1148.6040367351611,2693.373458135615,3.0,101.6618341423844
3858,3326.7095246444987,3029.6546106476235,3.0,101.65366925428135
3859,3853.732429175751,2888.550636548869,3.0,101.52015087659534
3860,933.5650516072333,1587.6635694392319,3.0,101.51518391122136
3861,2230.68569631112,3297.731330432221,3.0,101.4261641135665
3862,3070.298042556372,3154.305684941138,3.0,101.4192918368368
3863,1105.408947451322,3658.6449480536717,3.0,101.41893544494123
3864,3236.6561471467826,2066.363239789004,3.0,101.35286615302857
3865,177.3478579326209,1840.3418370225659,3.0,101.3400744919455
3866,1131.5523250819072,3739.3825450789573,3.0,101.28666718848942
3867,2831.5064467523566,3674.02494476106,2.0,101.12793163648303
3868,3176.3238460706066,1032.6754234651096,3.0,101.10449722864543
3869,3634.6244171533335,2095.3212811553294,3.0,101.08209335193692
3870,929.6029174577967,2539.6271602235797,3.0,101.00581190910292
3871,3362.311314959832,2649.7710001024493,3.0,100.983365326658
3872,1778.428345798757,3250.997712395869,2.0,100.85486977109834
3873,506.3653599612179,2143.334720872441,3.0,100.84416833554927
3874,1658.601741789503,228.40046318015587,3.0,100.74528954200738
3875,3446.572529928938,3287.0534774395396,2.0,100.71633744747602
3876,1190.6530728692326,3765.3699289265264,3.0,100.35471243631224
3877,1606.3329313054473,125.62671951619522,3.0,100.33570730723416
3878,1507.3583389581322,3812.5878179753026,3.0,100.27003691101045
3879,1565.9563730513896,3516.245340022708,4.0,100.13351621358602
3880,2452.403541221063,709.3479837638033,3.0,100.08251241922606
3881,3234.325078817906,3320.3559895780504,3.0,100.05144311742384
3882,506.6172015610745,2032.4967186852045,3.0,99.67309926437709
3883,2392.3901183868156,633.3544225777697,3.0,99.53189893173518
3884,2202.3982482848965,38.016578014180325,2.0,99.50017286556815
3885,3201.621022567123,2463.401134312454,3.0,99.47867354130103
3886,2438.527810950524,665.2708622785367,3.0,99.46747795562186
3887,3132.5888361682687,1528.0059561918233,2.0,99.4584630768726
3888,268.4427763822315,2798.3781627189496,3.0,99.42347412262589
3889,540.397717268837,1276.3218369028891,3.0,99.3830687865303
3890,3018.67549989372,2473.3718062645385,3.0,99.18338422657723
3891,2895.61117336708,414.9899823694875,2.0,99.06183197022062
3892,3083.0121050843,2049.6691596583996,2.0,98.95157745850877
3893,2707.5809551864304,2882.9524645522133,2.0,98.92842788383435
3894,3406.99770258163,2594.5533240649697,2.0,98.91252147909255
3895,3871.557707316175,1819.9862984223325,2.0,98.78908001648456
3896,3327.3002639114143,2141.2953446709466,3.0,98.68213136490508
3897,2030.4288723261172,749.4086997881158,3.0,98.56901062795866
3898,1489.3880009561308,3846.6676901539395,3.0,98.55973710857421
3899,3230.577014372796,679.4108771359287,3.0,98.47179853122904
3900,1598.6654974966366,1051.0270937775097,2.0,98.4330547897164
3901,1350.9988498791417,1102.4761064745549,2.0,98.10420030201446
3902,3438.545706988622,1755.435453270344,3.0,98.10234108349987
3903,3415.613608798026,1098.640159525096,3.0,98.08092985114949
3904,3046.793906978245,1083.349123749683,3.0,98.07690262469416
3905,1213.3581991638591,483.5587102327119,3.0,98.07621482009985
3906,1013.5885386566778,1797.5749814356227,3.0,97.99977874604474
3907,3463.998994286494,1148.5243930407714,2.0,97.95262602636882
3908,3234.5828943295037,3011.005598145969,2.0,97.87076821259518
3909,605.3167248481111,2886.283137553682,3.0,97.70383118122896
3910,1305.2001999107565,2826.7581065297895,3.0,97.64073003684274
3911,3483.007309855089,2633.3056735415803,2.0,97.54248021790096
3912,322.94740437195793,2292.5141684160676,2.0,97.52958158251316
3913,2890.356414700441,3240.9999273191365,2.0,97.4577756900475
3914,3079.675194850064,468.34559838739955,3.0,97.35182190346625
3915,835.0206152276313,2225.386852446979,2.0,97.32785192816623
3916,1476.2708307413893,3191.2881567720187,3.0,97.30514725522089
3917,2812.421684831543,3752.9830966197483,2.0,97.29022085899432
3918,2251.027095007386,3447.414888459606,2.0,97.23092350549096
3919,488.0042482795212,2246.310911422901,2.0,97.22309119244836
3920,2786.483322556187,2760.016416535334,2.0,97.21954205588926
3921,747.5884420391249,2526.9510852483236,2.0,97.01251617628552
3922,2652.4762995692217,3265.998595390745,2.0,96.99415044924835
3923,2918.58014316852,3108.0101202119786,2.0,96.92089173458292
3924,993.6172698866999,1264.0318647108177,2.0,96.88027415509896
3925,3305.7193467819748,3590.0421130068667,4.0,96.87981363496053
3926,2950.5291970279077,554.5373388152994,4.0,96.78806497255971
3927,958.3583113182115,2852.3332500080005,3.0,96.52975117648035
3928,2621.4168880041852,3907.9865940196264,2.0,96.45702023389005
3929,1261.3716725822567,1177.9775924401447,2.0,96.42017517119632
3930,2089.026525118604,3493.4062453807865,2.0,96.35965833508575
3931,1169.5308177100183,1018.0488624495612,2.0,96.35343740736934
3932,3232.3901757175818,406.0291691068645,2.0,96.34918015376866
3933,3447.0478031369335,3063.576291429828,2.0,96.25895852889383
3934,2686.3147831769775,3501.9830865348085,2.0,96.22118576623515
3935,2596.979962431437,670.5445497429212,2.0,96.14267364343733
3936,3286.9993003296177,576.6510293282149,2.0,96.07481852573048
3937,2617.5714600434508,721.9579460494738,2.0,95.96961378695921
3938,3370.4305594039993,3391.374602974272,3.0,95.89699455719374
3939,2675.9662621278762,3533.1942273136956,2.0,95.59826304676402
3940,1900.512627245048,187.96332842428666,2.0,95.57591516299821
3941,705.3744224421825,2264.01144053564,2.0,95.55747959693302
3942,1393.4972290468006,3216.040183377225,2.0,95.52546008234098
3943,3052.497734637038,2664.006308343383,2.0,95.36928537799523
3944,1080.5664492976318,3580.4489614741947,3.0,95.34666805516613
3945,931.3620175872172,1386.9834316271974,2.0,95.1537301229287
3946,3820.006404137805,1182.5235097006084,2.0,95.03068888802997
3947,3973.9975260676024,2252.418830810675,2.0,95.01275867524942
3948,3479.951034892296,1292.6030411280535,2.0,94.81451540627472
3949,2792.977512027984,929.681858669181,2.0,94.77573095384562
3950,3524.265803231736,1090.032115318772,2.0,94.68377518431566
3951,3064.0009847071606,3749.5927351568553,2.0,94.67407569783981
3952,502.9930490780333,2570.580957781793,2.0,94.55690080594161
3953,3657.9654402467495,1204.5027038806822,2.0,94.55466006920322
3954,3238.715589800959,1747.9956249214163,2.0,94.52431279834559
3955,2823.0020663337773,2876.3749103697187,2.0,94.42022982958733
3956,3314.0334912691624,1081.4671521367043,2.0,94.22509970071859
3957,2283.742833589949,387.98020688763705,2.0,94.20743673257374
3958,3147.971409903564,3183.2958074821327,2.0,94.1586759198052
3959,2009.3062339107214,1023.9938012826896,2.0,93.99317022276325
3960,2131.334807496361,347.0003342905683,2.0,93.95805679789294
3961,2654.3903684859056,3928.9807791490744,2.0,93.888845510414
3962,2664.409111464413,1044.948001342122,2.0,93.79442021645508
3963,2683.5572042266385,346.0462330524306,2.0,93.56053427079276
3964,3750.02161244543,2643.7089521601124,2.0,93.52005956154576
3965,1533.4779942180628,541.0351120952889,2.0,93.51279379540046
3966,3076.993792371506,3046.567018451048,2.0,93.4824005989002
3967,2099.9792605746547,3971.4316849013226,2.0,93.47179412908501
3968,3254.590802748104,1873.0224626446386,2.0,93.4574235958518
3969,2368.906178291209,3559.0034907150666,3.0,93.4565922674689
3970,1216.963204736021,2783.372338784274,2.0,93.45132353561249
3971,316.98809741009575,1843.5848041102734,2.0,93.44153869433626
3972,182.49732587851992,2312.011361738965,2.0,93.38479446063181
3973,3477.985671849942,1287.315488672993,2.0,93.34327456875472
3974,2670.6235829951243,3678.9851472526593,2.0,93.31225871511343
3975,433.61920327668355,1401.0597172083662,2.0,93.20149471110294
3976,2245.033659023387,504.6189844472961,2.0,93.13059146246557
3977,1240.0276657585625,3249.4421209010284,2.0,93.09455002254032
3978,860.4814611200676,807.9878136506222,2.0,93.05791374365157
3979,1170.9944606501942,1345.2836970184478,2.0,92.97852008087787
3980,299.96544829798756,1797.5666365195466,2.0,92.90043917629535
3981,2984.0485229141677,509.4885793993341,2.0,92.87732849697711
3982,708.983478130893,1522.7239698271733,2.0,92.79522437496084
3983,3399.5221915434904,850.9429553429926,2.0,92.76109502569221
3984,1932.5214252363621,3357.985150102085,2.0,92.75244255310574
3985,3526.9623451119987,2684.5614078976228,2.0,92.74924193441052
3986,935.0247024191424,1413.6336338059384,2.0,92.73465846037597
3987,690.9281747214122,692.4524973720693,2.0,92.72128533613719
3988,3504.3586655400322,978.9582175590563,2.0,92.68520759094497
3989,3114.401059855754,3536.9487206679796,2.0,92.66549359413474
3990,2032.4186708217821,689.0651139975565,2.0,92.6494470603344
3991,3307.019866038894,3469.3281303350723,2.0,92.62186870616254
3992,1641.0098150065578,974.5901242902921,2.0,92.61771560644178
3993,954.4912495206472,2050.0272657784903,2.0,92.58005971888136
3994,2381.6047694154067,3274.9975184469604,2.0,92.56975331824806
3995,2137.4248742973255,946.0288024330039,2.0,92.56750111541247
3996,2543.9536001804067,465.4797717909854,2.0,92.54683011906036
3997,3573.595228749484,1200.9518564595019,2.0,92.53650911495872
3998,1657.594894296652,331.99706342685886,2.0,92.42658113342748
3999,201.5613754666191,1458.0205707738226,2.0,92.32668473722849
4000,3389.340553429555,2913.9795392743326,2.0,92.32121581397317
4001,1465.7204164339273,3782.032806110417,2.0,92.22418893209013
4002,972.0305036431747,2691.621232659929,2.0,92.12548600631948
4003,2586.9960595220423,3742.477078549647,2.0,92.03315284321411
4004,880.048197732297,3497.6369118847774,2.0,91.98149177326566
4005,1503.991705626901,396.6065691416864,2.0,91.93597422542037
4006,2675.59099439666,1047.0334306426437,2.0,91.88405311541693
4007,2385.9789494071897,3287.5313166747796,2.0,91.87812055915481
4008,2717.011435407776,3363.5139979816076,2.0,91.87097085344077
4009,838.4992773390949,2680.976558955304,2.0,91.8548914733357
4010,2921.564636860313,3646.5757536568635,3.0,91.84267722767372
4011,3303.9481303240964,3580.4421738112096,2.0,91.79654229808477
4012,117.9798062866407,2246.5685517447787,2.0,91.53937139536129
4013,806.0452242856522,2048.581856908099,2.0,91.47845882952616
4014,297.99502671039465,1143.5597055677727,2.0,91.47177110888389
4015,3094.2510654442603,431.0091595110558,2.0,91.46770626095017
4016,994.9562835055385,737.5212290038346,2.0,91.43156661211012
4017,1361.9649145214407,728.3705421338155,2.0,91.38019012902961
4018,944.4438533686964,1646.9923237460453,2.0,91.3349212052987
4019,3114.347407721856,3693.939914740331,2.0,91.33240581348873
4020,2058.3318126377853,3065.044152323453,2.0,91.14743956205021
4021,1543.0394346723078,706.4985430197595,2.0,91.1017154357967
4022,1243.9948254907476,506.38431680636404,2.0,91.08348586333511
4023,3467.5455071320366,1333.976383490325,2.0,90.96574826015105
4024,1123.3743973155326,1027.9715585649801,2.0,90.9226261023035
4025,2943.0632100191747,2693.582342121774,2.0,90.91167811640985
4026,2786.036332780651,1292.6400983102506,2.0,90.90217753231657
4027,3532.0071393833623,1624.7108609236411,2.0,90.77789603182562
4028,3257.091443035324,3404.4824031564453,2.0,90.77301889827157
4029,1013.6690232576004,1844.996866541769,2.0,90.76944478182345
4030,1232.9304580096777,3316.49297414926,2.0,90.74231023233298
4031,3108.043438623108,3639.642598853129,2.0,90.72453053236524
4032,3391.026898301962,2746.485598997201,2.0,90.71322441493147
4033,2973.0688218216133,3326.5195237783755,2.0,90.63236157031523
4034,1601.605335635697,529.9817238483461,2.0,90.6179304636314
4035,990.4077634136736,3280.0012351480086,2.0,90.61006879762989
4036,2347.9993086006393,3201.575044680486,2.0,90.56897423812346
4037,3556.463560776246,1825.0337789518667,2.0,90.50661108165332
4038,3303.65307977351,2102.973893337573,2.0,90.48102777037035
4039,2970.5112438297792,3383.0375608859404,2.0,90.47077232592875
4040,3449.9319112487597,1832.571160712193,2.0,90.46896132550474
4041,2488.5866747312148,518.0243941757792,2.0,90.3781761054813
4042,2040.0480197591428,1004.4872514618351,2.0,90.37122536005164
4043,635.0316166094282,1365.2127811650498,2.0,90.35240626708683
4044,3112.063156578231,1579.5577088542097,2.0,90.3270821615884
4045,2059.6459059836616,3881.943679180013,2.0,90.30033604781157
4046,3708.9850869951233,2305.438399512898,2.0,90.23552378433757
4047,869.052230208063,3192.511298404022,2.0,90.22620529641071
4048,2014.7124050126365,682.9955577139458,2.0,90.21592893238464
4049,1513.0192080065851,3403.5948152809297,2.0,90.18065169128772
4050,1359.561531737012,470.01499899758164,2.0,90.14834884434543
4051,644.9945926081435,1020.47829158791,2.0,90.13986117543274
4052,3917.0186098484937,1651.4695438288184,2.0,90.13279886753098
4053,2747.010283634567,1171.6736555077473,2.0,90.11716045799852
4054,865.457455402729,2190.067555179588,2.0,90.10146906076547
4055,1005.6445316922966,1144.0014912545994,2.0,90.09044609356987
4056,844.9404768284796,1563.5873561792605,2.0,90.04271883624413
4057,1927.5357711379827,3882.0455154528895,2.0,90.032763240736
4058,715.986354551616,2666.3635151515077,2.0,89.95379734966573
4059,3658.593148355491,2962.960686820765,2.0,89.9526844640568
4060,3021.4921960281144,2968.913457023655,2.0,89.90600129806148
4061,3428.9425134759413,2133.513684954305,2.0,89.90486231451999
4062,1346.9476476229536,3734.4573702412395,2.0,89.86937981452319
4063,3346.0199610035042,665.3643144365955,2.0,89.84565301515916
4064,996.9640840558072,1383.3276467165756,2.0,89.84461843090745
4065,3442.015367772441,1715.4286691874293,2.0,89.75686345279273
4066,3371.6496803834634,1779.9577996974288,2.0,89.71106296001821
4067,2724.9726655317895,3667.4992492616675,2.0,89.69252026289644
4068,3245.386049457666,907.03304708565,2.0,89.66976706840055
4069,3595.9503652833723,1793.365289850583,2.0,89.65032696723047
4070,2881.4341386530336,1102.9648072509929,2.0,89.63253011199537
4071,3731.4260657742834,2088.034903285168,2.0,89.63146683621147
4072,2638.656557151278,1041.9337411439014,2.0,89.6294211618168
4073,1092.409330402311,2590.947525945032,2.0,89.55065857949614
4074,2606.661714420043,3223.017479283677,2.0,89.54657302794483
4075,3110.017058033094,1475.393904118708,2.0,89.5312438179198
4076,3472.522654721056,3270.0603013531245,2.0,89.50574049685338
4077,2848.615108608907,890.9567169249278,2.0,89.48174183942605
4078,2569.006644253043,886.3075821072466,2.0,89.4812599830974
4079,2979.58450620846,1500.0708360575738,2.0,89.46098505887365
4080,983.9324803349328,2186.382939836328,2.0,89.43313145136834
4081,3467.5606732363167,2485.006562411292,2.0,89.42122701555986
4082,1813.0248182930013,3790.3810419275283,2.0,89.2782622042991
4083,1124.9795777956438,3396.3380625592795,2.0,89.27213522615433
4084,645.9683974679115,3301.654511137471,2.0,89.23922173767416
4085,3652.0014000527804,1984.4611753516533,2.0,89.22813241204065
4086,3338.012986334859,1547.614385229544,2.0,89.16695110810006
4087,2251.436478052678,3592.034671286524,2.0,89.10996314464917
4088,2538.4288403650316,3663.928283991713,2.0,89.10570955420692
4089,3637.440673375806,2300.9452610498706,2.0,89.02983701660244
4090,1403.0788654095172,3539.396323694884,2.0,88.99816505654302
4091,2852.486199031051,3024.118730789721,2.0,88.99098316997393
4092,1279.6512674201008,2935.0146438951588,2.0,88.9623052329887
4093,1638.034104538451,3021.3393160531923,2.0,88.89373914746022
4094,3999.1070935542593,1703.4467581960052,2.0,88.85558379319014
4095,392.08209997045157,1263.6447185766287,2.0,88.85473966719051
4096,1806.9995858609816,569.5259137893537,2.0,88.78407189792063
4097,693.3583737181397,2920.953165064308,2.0,88.74300988825279
4098,3080.482439862102,3696.0598287870534,2.0,88.66356998521422
4099,3338.6389224823224,1402.0416550964724,2.0,88.64616591133596
4100,2215.007965673496,3274.4978742363214,2.0,88.58613504843535
4101,1672.024384391181,3502.5085740307736,2.0,88.58415814229558
4102,2324.0386749330983,431.6769782358539,2.0,88.57027606383411
4103,1030.4835489738953,1652.911411178396,2.0,88.50972572602913
4104,1376.4119643823833,825.9789087936938,2.0,88.50260211802701
4105,1606.5013507911426,919.0513984637734,2.0,88.49262440580478
4106,1079.3763456101174,3773.0145484000473,2.0,88.46937056597153
4107,1410.6034527226016,3408.0318977626152,2.0,88.45142538297492
4108,2172.012763241866,508.3981529356923,2.0,88.33039998380357
4109,3484.351062965875,3020.00410631173,2.0,88.31322341183568
4110,3008.3319479422353,2660.0156540804437,2.0,88.23690851436632
4111,307.02596875236907,2169.6520650832567,2.0,88.20810542781209
4112,549.0403800404486,2815.653276031276,2.0,88.20123969117105
4113,1042.6163585640177,1329.059395532603,2.0,88.19003094144031
4114,891.4023610069156,3687.0316322471226,2.0,88.13584518932461
4115,2093.0451423212344,1024.6087997479149,2.0,88.11627929729906
4116,2878.4376722637103,3643.0064621505617,2.0,88.05898501835728
4117,613.9900960180727,3158.583239391101,2.0,88.04093633546157
4118,427.9659618950043,2909.3914838672945,2.0,88.03148088095031
4119,1876.9076299257504,981.5017804483687,2.0,87.88239971288444
4120,2685.3445866223196,955.0105092295905,2.0,87.81312758449205
4121,3421.3610610186993,2784.9461008340454,2.0,87.79508185610271
4122,2516.4649623615146,401.9741136563727,2.0,87.76880605417603
4123,2042.0432140752714,829.5669989170862,2.0,87.72944916680535
4124,402.9414425237095,2332.537788866531,2.0,87.7126278262533
4125,1322.380436279498,212.08515453168786,2.0,87.70034549838799
4126,2227.6103392704285,68.9994895397473,2.0,87.6071446023823
4127,889.5322873013139,2157.0492378731037,2.0,87.54983150384041
4128,3137.5804767255777,3289.034822228196,2.0,87.52537096717208
4129,1546.4336881868328,194.89838977039463,2.0,87.5199833382945
4130,2597.504983971354,162.9071011555696,2.0,87.51001392327504
4131,643.475555553489,1325.0776238201352,2.0,87.50306160393691
4132,2874.6163149266686,3208.0991627792873,2.0,87.49469544735598
4133,1910.0265126418492,3939.519641545776,2.0,87.48281774236308
4134,1164.6391986876836,550.9270488956233,2.0,87.4746834858686
4135,3140.1044684741228,2203.51485028556,2.0,87.44950291851605
4136,2188.0538013609917,536.4244216032907,2.0,87.43827379805093
4137,2440.0142093755812,3060.5460847291783,2.0,87.42235269963126
4138,3053.0987022855206,2589.578136816061,2.0,87.38347661645915
4139,985.9872973972267,2419.598161812986,2.0,87.36227607699853
4140,909.4173258438417,1844.993631097085,2.0,87.33118533568197
4141,1200.5534879521324,347.88782710826564,2.0,87.3127224703169
4142,3257.046716800841,2422.4668153898697,2.0,87.23785346532236
4143,2569.072059070704,721.3778332284418,2.0,87.21202255313526
4144,2524.0602683136162,891.5475962770018,2.0,87.20455316196767
4145,2163.6367936221113,949.9403595463519,2.0,87.20213479126369
4146,523.9576089566518,2826.601940062222,2.0,87.19655561195485
4147,3737.43483972094,2358.938871434244,2.0,87.184035840951
4148,2745.335006841697,3484.966233812813,2.0,87.17194264947393
4149,1126.9699765227394,3486.678606940053,2.0,87.16683270073196
4150,650.3216889053901,1059.9990016279394,2.0,87.15724116471299
4151,1492.5481878274438,786.0853310729129,2.0,87.13691557892801
4152,3566.533175745826,1608.956057644127,2.0,87.12274190830357
4153,2315.0421938572076,988.4613828329617,2.0,87.11718424352554
4154,989.4723835439635,1241.0358433684562,2.0,87.08251370568799
4155,3052.5785943380743,3221.057267105147,2.0,87.06751538628781
4156,3607.6170392307904,1961.0003180145789,2.0,87.03300954204565
4157,992.0179413444142,602.5954052565689,2.0,86.99966065626334
4158,1802.0804735853276,737.4788986580082,2.0,86.99840333689374
4159,591.6744610236465,2345.0085818383577,2.0,86.97082139213633
4160,1008.1092654015649,3318.456781723913,2.0,86.88234708914925
4161,3521.0972455223937,3003.4450553035294,2.0,86.88190998471251
4162,3271.455870940372,1754.9603905744605,2.0,86.88173682086091
4163,3193.4185811101374,452.0653974653214,2.0,86.86992610670755
4164,2841.047434169113,434.3888221972689,2.0,86.86985749640695
4165,183.53214987518197,2784.9689837860824,2.0,86.83576085036908
4166,2533.925387588048,297.54601832859635,2.0,86.81916625889689
4167,810.4598212504065,637.9221535609112,2.0,86.81799333345032
4168,1305.9823623609707,3778.342159463029,2.0,86.80026622734566
4169,2098.957255556315,3101.543950665654,2.0,86.77056905642046
4170,3848.0286190334455,2369.348272819599,2.0,86.76752249524918
4171,401.10140516288885,1206.5780100004324,2.0,86.66816710502013
4172,3736.8772864252355,1908.506836905527,2.0,86.63397170397465
4173,3016.5777278377846,595.0483591331121,2.0,86.61875216772475
4174,3816.9902532974584,1406.543974814637,2.0,86.60818896818854
4175,970.948750539498,3246.5117027567026,2.0,86.59866273469336
4176,2312.623418486425,627.9878843630619,2.0,86.58121655595671
4177,3191.999228397262,3490.4038530152534,2.0,86.5438805675171
4178,980.9786881302482,2055.680846474957,2.0,86.52125617559221
4179,1055.4357958510927,1310.0313995672254,2.0,86.50099972373638
4180,937.6107905051272,3204.97687079588,2.0,86.49401529394393
4181,2599.9912274276803,3305.445208779512,2.0,86.4883609908308
4182,1658.0287274678972,414.5868462830936,2.0,86.45307283248702
4183,2064.695467078052,476.03130199252706,2.0,86.44322534898116
4184,3069.492641101664,2139.8853926964516,2.0,86.42165615548656
4185,921.0010753838527,2985.580513176662,2.0,86.41019355811899
4186,1048.9361599532515,3369.519036778382,2.0,86.35590853655901
4187,1959.5450953926666,79.0301672106015,2.0,86.3547448110075
4188,2721.484845489793,506.0008436020054,2.0,86.32648260058752
4189,2944.3162548287096,777.0590175254206,2.0,86.30928840599569
4190,648.569116089291,2072.0344088233232,2.0,86.29498362073754
4191,1504.0185545786878,3669.6324427134587,2.0,86.29146187119018
4192,3124.5982300241913,2481.036851606947,2.0,86.28122988301735
4193,2092.541336890674,3783.997287211207,2.0,86.27263895859446
4194,1449.8740756328484,3371.5190431917854,2.0,86.23618433490067
4195,1587.067700666456,3782.4809826018673,2.0,86.23590882838455
4196,129.95139948183711,1940.5550680544995,2.0,86.2059642227683
4197,690.5972159853287,1414.0643923510274,2.0,86.18758080986399
4198,3274.113336668903,2602.567590786645,2.0,86.17936975035998
4199,503.6484925685161,3113.0537165023416,2.0,86.1138982740941
4200,1909.4215214155254,3785.969924200383,2.0,86.11348926025985
4201,3454.377758521886,1626.0250836935927,2.0,86.08605943891641
4202,615.0948847511524,3340.394687496251,2.0,86.06079888434634
4203,1082.5171189067157,607.0691415981748,2.0,86.03319067242808
4204,962.0053160166805,2087.6687107896205,2.0,86.02018309613909
4205,185.46618920024775,1890.8970026991076,2.0,85.97967843050431
4206,786.9559187603057,1876.5391567550137,2.0,85.97351083106717
4207,3204.527171186192,2136.0623188731033,2.0,85.9355907190342
4208,385.89752484169713,1510.5977523543443,2.0,85.92435914909002
4209,3235.9346682818427,2174.467722642852,2.0,85.82230584119247
4210,3683.4852030194643,1751.024171303218,2.0,85.77487533573056
4211,2848.4038054435377,553.9837684079105,2.0,85.77028091543929
4212,732.9283935541406,2223.517479335059,2.0,85.76992420019414
4213,3790.4995709500317,2231.9886848316714,2.0,85.747201214607
4214,2758.4099462455165,3700.0806175159346,2.0,85.73225772059328
4215,3303.60274387879,3090.028501426439,2.0,85.72958698392812
4216,765.5666441994695,1624.949593674797,2.0,85.69480766722062
4217,2074.45455387209,3643.9315651206553,2.0,85.6741573843121
4218,1506.9343239522432,722.4928588627105,2.0,85.60431332745817
4219,2878.5102699144895,3612.019531251079,2.0,85.56774235099195
4220,1624.6114196832823,813.0299770355072,2.0,85.5480137057192
4221,2045.0609503135831,907.4313504203761,2.0,85.50427298276688
4222,3089.489087497154,3730.0399966381756,2.0,85.48700716453394
4223,570.4464529513721,1823.0401587457143,2.0,85.47635337941422
4224,2766.0072876903955,1087.3623352767834,2.0,85.43108301986479
4225,1016.5069741900396,926.9963254194261,2.0,85.42859300286881
4226,2985.959678137483,1218.3706371687651,2.0,85.41844279034105
4227,2034.486858921527,3923.871309770364,2.0,85.39158049325236
4228,3940.520952880848,1863.8849387070388,2.0,85.21637061341286
4229,1806.0161096400868,3939.5169438167386,2.0,85.14879754089954
4230,1524.4097549798284,225.03392616523936,2.0,85.10256612465297
4231,2622.5130904320304,543.0897880470932,2.0,85.08408318555738
4232,2285.551670513176,3953.8696631524163,2.0,85.06765393460635
4233,1939.0231091981047,3072.6452613893393,2.0,84.99996605562713
4234,3461.0314456509386,2387.4030479385933,2.0,84.89827025156464
4235,3924.5849710599127,1399.0409403677256,2.0,84.89190044743329
4236,851.4472953593197,1252.9388981605534,2.0,84.80849516003661
4237,876.8950138322575,3278.56769623859,2.0,84.77757314285108
4238,429.5723323381694,2961.9303811428476,2.0,84.77173838278053
4239,2912.9603526656483,3546.48123104397,2.0,84.74706431139784
4240,3176.4027991103735,2853.0099107055753,2.0,84.7354101519422
4241,784.5222283034394,1138.0056834342515,2.0,84.72220453151584
4242,3816.958375112425,2283.396810450762,2.0,84.64233312827301
4243,84.9288207229641,1930.4156746307885,2.0,84.6170444581366
4244,3278.4894432739147,3038.947675641085,2.0,84.61301245192472
4245,3520.927421493676,2410.689395244097,2.0,84.60573885058263
4246,1629.0780104447585,376.48987303528446,2.0,84.58225110786105
4247,161.92659325207603,2198.4944916763566,2.0,84.55200658459053
4248,2955.435035043504,616.9558385187511,2.0,84.54173237721042
4249,2998.5077259456334,547.1272475717531,2.0,84.53219151188111
4250,1575.033317374729,376.5954170531684,2.0,84.46971417802611
4251,3674.975196593864,3079.56962485006,2.0,84.30484007305577
4252,1117.521912635525,3764.9945889701753,2.0,84.29507559896419
4253,1779.5211050753526,3278.952103013392,2.0,84.25567603980485
4254,1942.4809819523323,788.0805993199294,2.0,84.19284252382354
4255,453.47255043819285,1642.011172657554,2.0,84.07539435369445
4256,3649.11982700418,2635.5823354361883,2.0,84.06638629852715
4257,557.4534527184608,2798.0371290601183,2.0,84.05867854431807
4258,590.0687773900545,3256.524794295897,2.0,84.05172936400112
4259,731.0059167858323,1755.5169923001365,2.0,84.03451864758891
4260,923.5552429834631,3475.0869621174447,2.0,84.02516121076039
4261,233.48609221816557,1993.9975747627743,2.0,84.02491167348452
4262,2464.520967772213,3924.029186732328,2.0,83.98368757424305
4263,2145.6843735303382,3310.9533097998665,2.0,83.81367071198672
4264,3101.503943188389,3453.1231876916327,2.0,83.8018960613615
4265,3878.1191366901076,1257.5133955695017,2.0,83.74094509724223
4266,2674.184642072,3531.1840004133173,4.0,83.74083023716257
4267,2013.887989363352,3951.495566730125,2.0,83.70500833470174
4268,1963.5067635141443,683.8899688968704,2.0,83.70138232309215
4269,2277.4617336985743,976.0146378358731,2.0,83.67790344891692
4270,3230.914471593795,1953.4539975431858,2.0,83.6720796763419
4271,958.537476343278,421.1275617868977,2.0,83.60778982276803
4272,2336.5047610969646,277.1498316494029,2.0,83.58698850258429
4273,2556.9764864102667,350.4883863804356,2.0,83.56715719845518
4274,1525.5506706455249,645.9889174214724,2.0,83.54407560457325
4275,1878.4433853738299,652.8906068455515,2.0,83.49958548790494
4276,2567.0729092854726,2998.4154450633287,2.0,83.48754050550512
4277,2380.971177399786,612.588555390132,2.0,83.40923456118772
4278,2127.5386146387436,3975.892029790733,2.0,83.38356532548659
4279,585.9206223946848,2714.433110442347,2.0,83.38295180295103
4280,1783.4978627137614,3668.0686122710404,2.0,83.33052215359375
4281,692.5462469923983,3343.9316747553635,2.0,83.30960139254722
4282,924.5064473359434,2695.136299924409,2.0,83.309154634261
4283,3290.0600122290098,1202.5756297782955,2.0,83.2762057753714
4284,2833.90190951377,2870.541049951989,2.0,83.27116715943917
4285,782.0758714867239,3202.5443546152846,2.0,83.2276158941853
4286,1143.0453527054792,724.4210363471769,2.0,83.22750308086552
4287,1451.9661136106129,3408.511707598073,2.0,83.15369371902322
4288,2132.953792116732,3777.4040951415673,2.0,83.07637516257238
4289,1192.460181794589,969.9848078268054,2.0,83.0677777158855
4290,1694.9434513981807,3935.522804525002,2.0,83.05342613691866
4291,3927.8910346852795,2196.400452334226,2.0,83.03734650757953
4292,1941.8973170835325,548.4350477794512,2.0,82.9932844939105
4293,2211.485379723953,3319.0564972657085,2.0,82.9752006783248
4294,601.4381020394234,2784.0677818019412,2.0,82.95403106375583
4295,1924.9191462044773,3050.4836780418777,2.0,82.92754073830208
4296,786.8641240530005,3406.5712179334964,2.0,82.91253324400083
4297,1112.486364764379,2868.0365263624367,2.0,82.90133008581972
4298,562.0433350946024,3304.513467964384,2.0,82.83137068653109
4299,1399.8944328547645,3393.574125619185,2.0,82.827198441665
4300,3180.9068302863875,1329.4852747774817,2.0,82.7936199724974
4301,2817.067117012142,3800.539711113347,2.0,82.50795893235124
4302,2878.944147605928,449.5366750176543,2.0,82.44078504888215
4303,2809.4937694126834,584.9376500046088,2.0,82.36508992772578
4304,3222.4322686891733,1308.9217866415293,2.0,82.36384360453434
4305,1236.475364707866,3027.102394682762,2.0,82.26372280062172
4306,3225.4518489570146,1934.0907964110238,2.0,82.1591736737046
4307,2888.007255979629,2686.5914323224415,2.0,82.13192207048591
4308,2855.4124754223085,3449.070636896244,2.0,82.1047445438304
4309,1151.4820448870869,3004.979386023171,2.0,82.02978828164035
4310,3042.452922970564,1245.0348281911274,2.0,82.02902145239565
4311,3614.487927672968,2999.9106337998596,2.0,82.0191697031709
4312,3472.9165649727324,1658.5045184021867,2.0,82.00886270161716
4313,3734.025469280198,1051.5718678647604,2.0,82.0035216786749
4314,1133.0341894200967,1268.4917161664773,2.0,81.96533297018306
4315,2179.0509684578706,3158.516907962054,2.0,81.95681205261315
4316,2483.9888632816674,478.60945416876143,2.0,81.93412462610632
4317,2619.050111350487,3358.5345070425296,2.0,81.84583307240196
4318,1015.118835402068,1896.5435777654327,2.0,81.68088744458497
4319,3074.5281291660012,2328.928799663725,2.0,81.65287081612867
4320,2627.0041997559206,3355.4555676120826,2.0,81.64966701255841
4321,4045.8948597147833,2165.55351846999,2.0,81.63811059165327
4322,3288.0208218116027,3525.5038311240387,2.0,81.57150480266148
4323,634.088170660124,3062.5047620453074,2.0,81.527277992718
4324,3727.1262921067514,2916.5644340540402,2.0,81.47659700973684
4325,1595.0900131551498,681.5650227806377,2.0,81.07796737266769
4326,4082.155732778853,2215.489640110551,2.0,81.01845752015852
4327,2599.007469571916,1096.5084353591137,2.0,80.99703955196547
4328,3502.4839615818464,884.1187471719404,2.0,80.97172860926504
4329,2123.4950068749167,3631.99300513584,2.0,80.88944350654825
4330,2247.4707599750636,4036.839356604429,2.0,79.9486453200566
4331,2779.5498180093887,679.917651330331,2.0,79.86092485637137
4332,3565.507863751254,2488.9794377915528,2.0,79.7767649167566
4333,2409.4964485441965,3786.948962980748,2.0,79.72410375693656
4334,3659.0637458273723,2137.479665270529,2.0,79.66753308416278
4335,955.4953399252264,1944.1269100389925,2.0,79.48059620815931
4336,3548.44213032723,2076.0302795716316,2.0,78.5634692245874
4337,4070.816639745444,2234.289522175992,2.0,77.98741124373149
4338,3078.515294398441,2309.06358881703,2.0,77.7703467669416
4339,3142.152205320628,3640.3717074571177,2.0,71.87969872544257
4340,2985.2085912540315,1554.1146436506704,2.0,68.87264679941798
4341,4069.65391806463,2302.528481716023,2.0,57.71353828462666
4342,1562.379161195793,707.4189557822879,3.0,46.032916943726235
