,px,py,area (pixels),flux (noise-normed)
0,1580.4447498638215,1999.2233414780148,158.0,7787.065396043219
1,3991.079105492531,2049.9254460367015,38.0,4795.70537811167
2,1416.162174850343,243.51680834402205,47.0,4222.540321417038
3,2961.0349370937543,3798.9791182264403,35.0,3393.097120444865
4,671.639425416127,1626.788765756034,31.0,3121.284263255526
5,3594.5451284135675,3170.0689934509323,34.0,3092.9889819658047
6,3261.093610649912,713.8496102401873,36.0,2927.7243454867826
7,3252.000216139385,3449.6282476690926,42.0,2897.2200437630495
8,2328.6276183018504,261.2679831767525,31.0,2864.2785080326444
9,927.9181371912806,3528.9232514788127,49.0,2860.4754317098864
10,1379.860541780748,2866.7340190222435,25.0,2811.9794868653753
11,1108.5459317450839,3423.951382106586,33.0,2661.935931980346
12,4046.4313930427584,2019.9940161051425,30.0,2563.7577670190612
13,1589.0212910925504,1415.0896378178952,25.0,2539.9688004301815
14,1531.4736968015545,2047.5202770019885,32.0,2526.1589683479824
15,1109.3978256371647,2410.0822169513544,29.0,2502.8744809816717
16,3221.7649616188824,3235.6470840050188,30.0,2444.294547796674
17,3329.837895551704,3001.6372369135233,30.0,2431.3944463277267
18,1642.448933413264,1695.3825013186272,30.0,2426.0301156715036
19,1633.221135457532,187.82580424719538,30.0,2413.7344938367237
20,2550.321230123917,552.921996828509,53.0,2147.288322538015
21,1109.957392210062,3688.674963589706,38.0,2122.227710012519
22,633.3242320839068,1122.5193824433647,44.0,2087.2075751968714
23,1456.3739941148413,192.16085321497468,31.0,2055.305273443495
24,1538.636456442367,3602.775333941511,26.0,2043.148102018938
25,2638.4535317265436,3458.133802074088,29.0,2012.8274209902715
26,3598.6274356095387,1008.5450815436825,32.0,1999.7877780823098
27,2612.744800318634,1713.7576597443056,26.0,1982.808673347853
28,358.90574897304765,2712.625879397137,37.0,1962.3303554140427
29,2370.4834103775897,2932.8902444631403,25.0,1956.8423789807575
30,3003.3744872549987,1605.4867009593415,28.0,1953.3382737598363
31,2594.676336485352,3507.2717658691927,30.0,1943.4132697276614
32,1915.720264040307,2526.10239439818,38.0,1928.378110049579
33,1762.6411286936504,2424.1790971248784,29.0,1919.8400793400046
34,2273.8352326233658,166.8412824501071,30.0,1890.6315095873554
35,2006.2431437714758,3992.0579969720493,37.0,1878.32788183983
36,615.3828334390945,2395.604420061818,30.0,1875.4120136411811
37,3850.8145134987517,2188.780060473731,28.0,1820.6552155756262
38,2865.4053228698795,2384.1386955772614,27.0,1784.685522836522
39,1283.4930298163197,2025.9574260595934,28.0,1777.646978708664
40,1438.9556530863526,1404.3999270688435,29.0,1765.3391489331693
41,3204.0289479458584,2217.8063254788717,41.0,1764.7674048533313
42,836.3537481186684,2419.8249780865312,29.0,1707.243665974259
43,3044.6679154176372,1691.470284345598,30.0,1699.8005843426133
44,1599.9171280995322,2427.107508463472,27.0,1698.0087119335553
45,2737.591016936078,3331.4500361826786,32.0,1679.1760426395392
46,795.637419504439,1825.8700597355187,27.0,1675.1840549799358
47,3490.03142597837,1663.0579166216312,28.0,1621.8674837778278
48,2333.700022352452,626.4474924776036,27.0,1618.9509291338502
49,2333.314907035735,638.4542586440274,28.0,1611.9111194398656
50,793.5627202201047,580.4714185076774,31.0,1601.9646360607403
51,924.2743160689721,1223.6953176219154,28.0,1585.655103753212
52,1419.8064944080504,1369.2742977469863,28.0,1544.9781675327863
53,2039.0699465268042,515.6710941057161,28.0,1518.451986233157
54,1918.4512294442784,999.6522217494188,24.0,1503.8845355674205
55,2834.655522627292,1653.4001267346523,30.0,1486.5999577079874
56,2733.661535215406,236.6383452032966,27.0,1477.8500368798598
57,2861.1868658897583,2777.8196252461435,26.0,1443.0720991032026
58,951.2260482930067,2500.143307089813,27.0,1438.811165180585
59,3543.153622568613,1696.7568890530122,28.0,1426.210503071901
60,1943.9646122453742,3659.2874893825892,24.0,1422.2541296022403
61,1129.2702102030248,2711.1135453635497,26.0,1420.6996624580136
62,1962.958471246166,1281.4604607908673,23.0,1419.2876499884478
63,1762.5002262480605,3692.2546959196425,24.0,1417.8080759719003
64,1305.7932879803336,2904.5188218203316,27.0,1415.9382321081632
65,2463.7441683585907,870.7390254786396,28.0,1411.7461077785579
66,1709.8012971100397,645.0757991349604,25.0,1404.6332988113534
67,3531.3779570016204,2938.171702891949,29.0,1398.618025143495
68,759.4677763557117,3250.875770324714,27.0,1344.733066943944
69,850.6421668912341,2771.6376679798886,27.0,1333.036863962755
70,2979.6226806392197,374.8875256694045,25.0,1331.7704828336553
71,2567.9661490576214,3458.9611009927225,25.0,1328.5580707961428
72,2591.0097105331224,1967.0328969809188,21.0,1327.3098652497952
73,2540.018025270593,997.6577984849894,27.0,1309.726049335124
74,286.0804723565069,2935.3385303996056,26.0,1305.74657199312
75,1719.2722650411692,3823.5667493284323,28.0,1297.5809577546866
76,3436.8439692328984,3341.5545277789624,27.0,1296.4756735251726
77,3228.1473777961023,494.1985010461044,25.0,1285.733678735799
78,3548.6266412900522,1314.1160866813193,28.0,1282.3629141807016
79,189.8146336146662,1805.4827081914882,26.0,1280.960454552097
80,1661.202216343027,1319.9837984577396,22.0,1278.653079578786
81,756.0335279019839,1824.1139207072272,25.0,1273.7118043513628
82,2656.412267601647,2239.8182248403496,24.0,1266.3204225079905
83,2315.9085834250063,3139.310240792303,26.0,1245.4228456096146
84,3837.8952242433757,2279.4447025724467,26.0,1218.250008600121
85,2564.752336219726,1206.7034312302962,26.0,1210.9175783238934
86,2270.1566882950883,3934.9521209717846,25.0,1193.7400495302238
87,2351.343732660657,2419.610801091482,35.0,1193.3759325990336
88,872.4395094169179,2245.4290887922207,25.0,1187.8056310438137
89,1803.2482422768958,447.357891038227,29.0,1179.4686648935335
90,2358.1622670316888,3157.8424867646645,32.0,1176.6586161806565
91,1954.5686810121133,998.3686167775309,25.0,1176.522423115006
92,923.0393244107296,3403.352807351746,25.0,1165.9764121369342
93,3621.707829807214,3038.9382919602335,25.0,1163.8308822805334
94,1144.6438916923191,591.7307816488118,28.0,1158.8770311011838
95,994.1098404337091,1340.7243557987597,24.0,1155.8888536996642
96,2000.8984176552444,3031.322286059072,36.0,1146.662616115991
97,463.26710278425105,1431.7878136373045,26.0,1146.4796102975185
98,2959.9882170347964,1347.891670749086,23.0,1138.4286604906838
99,2422.8716142611556,555.4662369290985,30.0,1120.7957693662938
100,800.938747233459,2301.054697568596,24.0,1114.1364235086871
101,2390.3625851517572,181.45589250402196,25.0,1110.3000877927134
102,2897.3083663935145,2719.428491699078,26.0,1108.3223503673091
103,1143.470032397684,1550.7136888975087,26.0,1101.9196303443878
104,3520.852743545036,1185.2218713528414,25.0,1099.3476087523586
105,3616.104060343223,2883.5345024203903,25.0,1093.1802225374927
106,1607.1697425278844,1360.2397681696623,25.0,1080.8087040853404
107,2585.2166234386937,1733.9853890464929,24.0,1074.598319389334
108,1241.9619968840025,2484.841161732237,23.0,1062.078113015762
109,852.2857128971476,1623.354742410034,26.0,1059.0918665765132
110,3606.296560723025,2059.558811602356,24.0,1055.3002210844666
111,3162.221237612978,745.2296474572004,22.0,1035.921411865426
112,2517.159885726995,3492.4146476485184,28.0,1031.087335003515
113,3733.3572933074906,1832.245824968609,25.0,1027.4138698702518
114,3201.5089302870706,3330.3285430997003,26.0,1027.2807857500163
115,1351.7181204204421,3680.3597222785943,25.0,1021.6383902091027
116,3549.515974632547,1739.0523703290608,26.0,1010.4132133311934
117,1284.898183678808,1945.1684899344177,22.0,1002.5200993247456
118,3494.534076357602,1458.6968235955758,26.0,996.5445019897629
119,527.7147365108872,2965.3023677320402,24.0,983.1158257071173
120,3947.275693930135,1837.8850210333264,23.0,974.6751246065214
121,1355.9612107358607,1327.634891627849,24.0,970.1691588349493
122,1840.4868682793572,2753.0906791716216,24.0,960.617075505
123,883.594465575906,1383.7919557518062,24.0,956.3477821272879
124,1133.8806742553766,3653.850473073732,22.0,954.8858822004155
125,786.6460050971848,1945.6734789895693,25.0,949.5010688734467
126,2409.063158424825,1818.3873269217322,24.0,948.6736949356211
127,3038.964910074923,2022.8494265083907,22.0,947.1541509817627
128,701.498082171297,1694.2014564923684,24.0,946.235970343487
129,3756.5464102065484,2783.1938276075384,24.0,944.4868381259713
130,3518.0862762109036,1739.0847961640575,22.0,939.87702897306
131,3077.7815075974363,1303.7170236826234,23.0,935.8140167914829
132,920.5060561472621,2775.1564023443307,25.0,933.3567075100789
133,2977.7789799091847,2725.019482461808,23.0,932.9275047817057
134,2376.908737568304,3883.9355572847717,23.0,921.0871305959076
135,2804.0751505383532,1313.3219506611952,22.0,917.2166956904568
136,1112.8955940315964,2670.1494910494825,22.0,909.7763147213843
137,1262.0411407612937,2730.2142883206675,22.0,907.0280923190713
138,2227.9562759026435,3966.423069072644,21.0,893.4703441918998
139,2984.066093593707,3709.9882275520085,29.0,889.5438006128268
140,3151.062814789517,2063.2808819234483,29.0,888.5187229802444
141,3172.4194822209633,499.1934212919768,24.0,888.2275161739404
142,2515.8742479050497,3735.1116922795186,22.0,880.4939757280953
143,1045.9555945431748,2487.130462666582,22.0,876.6701155172555
144,2807.6684379566045,1885.5449217632347,22.0,875.6319189317626
145,1298.1318336667014,1879.8652869973478,21.0,867.8363815982243
146,3899.5520154039955,2141.1292153686845,20.0,861.3502296709654
147,1905.5610585288218,107.60788835212358,22.0,854.5811730299527
148,1610.0822345365527,2657.4851032480233,22.0,843.5214627719425
149,3596.474268903137,2672.0966940164967,23.0,842.5137426312643
150,2512.81202098166,1289.8749616347145,22.0,838.4526971359504
151,2875.4005081247574,3561.4242044287207,22.0,838.0380545038056
152,3651.0488958351516,2511.069384179714,21.0,837.9919773231522
153,1094.897646233989,781.9968328789809,21.0,835.073708883935
154,3187.153379681257,2309.74747857723,22.0,832.2256918793316
155,2081.3889393833942,2861.6110833318,22.0,830.6162415164196
156,2710.180144011918,3912.6118508998093,21.0,830.1481113806652
157,2460.4548505916046,3360.507804790551,24.0,825.8560787935887
158,1893.3135658609713,881.8741628443702,23.0,825.122374901536
159,3698.947318010244,3093.5904782448597,23.0,825.1058802324945
160,2158.83891327601,2725.502284173846,21.0,824.659612767186
161,2771.3386348753384,887.867100303209,24.0,824.4809891828171
162,2693.053116312051,3259.867527589952,22.0,818.2500984606929
163,686.4208237726913,3182.91915502815,23.0,816.8001314015557
164,374.1084434207281,2367.170210466183,22.0,814.0322156409048
165,2661.045582887682,3469.0372680089185,21.0,813.1508889153234
166,926.3483690520901,1276.6615214253518,23.0,812.736511153154
167,890.4317728709112,948.4851957217656,24.0,810.89556862972
168,2703.0235395624186,1820.6305422988892,23.0,810.6097296406725
169,1163.142459967935,1514.250940717036,22.0,810.3269513452376
170,2828.438386606789,2843.943178757626,24.0,809.0971901175338
171,2884.7962895376936,3798.5996284247303,21.0,808.7474840234696
172,1038.178749413801,2284.5877082831094,22.0,807.6230189908046
173,406.2581103801141,1400.9551412722012,22.0,802.790077706125
174,2638.1197382392816,2057.67055033699,21.0,802.0653468005266
175,3260.6490465706547,2025.9801113802562,23.0,800.0810257383623
176,2059.974333486576,1575.6034844749367,24.0,799.1626616714843
177,1571.4555592287297,2997.632674618098,22.0,799.0069911101082
178,3157.9956174510785,847.7954248845467,22.0,796.5202565598515
179,3735.0900226051895,3162.4238427657656,23.0,795.6639889006175
180,628.7261143690604,2602.0110811346153,22.0,792.4974001653626
181,3090.206498368675,340.13467662321096,22.0,791.1665311920119
182,1788.1646502131753,3574.462111896577,22.0,790.8802680635506
183,3846.782968958333,1863.9392355836574,22.0,790.5888581416795
184,414.51474426497987,1779.877056062081,22.0,788.2031277395595
185,1640.6853028238068,3864.0429042344717,24.0,785.5586996648296
186,1672.21358104002,3675.172336609344,22.0,785.4087958696172
187,1774.6101859697903,1564.5579834177415,22.0,784.8422433010346
188,2913.1476396281673,1332.8213948751463,22.0,784.8395445172663
189,476.3907095427926,1279.203929777886,21.0,780.0711646189405
190,3452.460751074552,2236.107456257108,23.0,779.1846247295723
191,1350.6539348290787,1615.4689199776328,22.0,773.9900079371728
192,2990.3496569393815,932.9612601134095,23.0,773.4697518139743
193,2801.5790955066204,1523.470706490318,22.0,770.9022721015451
194,883.5742115195226,2025.8552883387695,22.0,770.7040663435012
195,1214.944742994122,1419.0615166008693,21.0,768.9000704869015
196,2365.96459755913,1095.8232031286777,21.0,767.9959017748762
197,1091.9229495935397,2717.3347363407693,22.0,761.9552622867279
198,1006.3159703161143,699.786506415386,22.0,761.4848670409133
199,1331.0464427691386,322.8691923552182,22.0,760.6350841197057
200,981.5969137176427,3049.2180715339778,22.0,760.3633017700599
201,365.93075254395603,2864.4970581957527,23.0,757.8444114105446
202,1277.5571005003012,2784.086718278859,23.0,756.7628601117285
203,1079.3629321432277,3233.4401835582494,20.0,756.2608523418402
204,698.5998473748692,826.5951242066682,21.0,755.9355710656938
205,3204.679515022104,3426.8840547502746,21.0,755.8952989956097
206,3280.5747171245557,844.7551400935874,21.0,755.2611786039607
207,2272.48378210822,2975.4801894217453,23.0,750.1128392952744
208,766.2188255787861,2120.1674704226893,22.0,747.3569854155693
209,1358.2598483987974,1695.9467566095475,22.0,744.388917157825
210,2291.54066053978,3714.217043153682,23.0,743.250464885973
211,1330.4150294537178,2380.8378834517725,20.0,743.104675513555
212,2917.1037354615773,1006.3026069376044,22.0,740.4653830525795
213,882.2409508193954,1143.1773156333566,19.0,739.783103588816
214,1533.8173658367973,2840.0006405436834,21.0,738.7823360204061
215,2935.9847448016867,3104.98030943493,21.0,738.6299571576861
216,2076.0104170135746,1104.499149881914,22.0,737.063225875276
217,269.1394776039785,2262.4082063963065,22.0,734.3195582856855
218,3809.6939121242062,1740.0441545663443,21.0,733.6543205260385
219,751.2177890384883,2254.080027811008,22.0,733.2653605896064
220,499.16424436293164,3080.8059885250523,28.0,732.377248042327
221,1518.4639830908795,842.6433747330462,22.0,732.2074160448186
222,1157.9098476921931,3391.691707037086,28.0,731.5548270268647
223,2085.992683514987,3526.000417819323,26.0,730.8555468489437
224,3223.1699088212026,2892.0385471918617,21.0,728.9628948686484
225,3627.305171064987,1105.4582673337502,23.0,728.4570303475481
226,1635.1068528925641,2245.0757980126627,21.0,725.985639946955
227,718.3101945450861,949.4420105442246,21.0,725.5923468704464
228,3088.25709214883,1026.9404059181484,21.0,724.5816092930796
229,3900.7690100910218,2469.5218948150095,22.0,723.8421787326467
230,1321.0545171950976,664.4624341929948,20.0,722.5144185486944
231,2827.7930174293188,839.7093473835394,22.0,722.3245866024287
232,2147.885825220752,52.87266106951638,21.0,721.1027807831281
233,2798.983953730258,725.7082453455154,21.0,720.6321857122099
234,128.62819325311256,2116.9654233222764,20.0,720.488115451686
235,1984.8313911897424,442.39399244185245,20.0,719.0345304873223
236,1201.8391138117204,709.3891976164705,20.0,718.6377916287051
237,3446.390521761549,1261.1317690522262,23.0,717.5466397790562
238,159.30372620165974,1591.9206389198596,21.0,717.2797109010767
239,3105.663305181311,502.5225363879944,21.0,716.9334856600915
240,2474.911188107802,3228.511897394127,22.0,716.1056889699012
241,1673.1005977999523,2730.749100364029,21.0,714.724666294227
242,2648.7290336383035,1929.6182938767415,20.0,714.5451204611447
243,2896.1295707768886,1431.2411623153098,22.0,711.5510013005597
244,459.2829373846495,2659.8891506664636,20.0,710.3658299474597
245,362.4628498320739,1344.3844734468778,20.0,709.9106629126272
246,443.4502553464763,2542.297205549307,19.0,709.7365687445791
247,1775.513476887871,107.49990856917466,20.0,709.1088231317141
248,2221.400561086897,1341.409812180877,20.0,708.2814072345318
249,2223.809232425203,735.2142521556841,28.0,708.1723837543854
250,595.692777980414,1097.7794250867792,20.0,706.9241986113946
251,2702.2576606734283,3403.0001704824326,21.0,706.4402609243203
252,664.3244680754823,2534.9536656724936,20.0,705.9645805290409
253,3868.122526729733,2679.113965763079,21.0,705.817304102358
254,2319.1757621627294,3580.856825265746,21.0,703.8099152380087
255,474.12540191512517,1787.8251063952061,21.0,703.536131487917
256,2506.1210723151157,938.4135955156424,20.0,702.9565028414247
257,830.8415474511087,1507.5824409710103,21.0,702.4566342442657
258,1976.407356539223,3601.575414531518,21.0,701.8376230988873
259,3693.0689406760625,1896.8591525315044,28.0,701.3541434328206
260,1774.7033936517619,3109.034584038829,22.0,701.1989176825153
261,3098.4232055137986,1116.7827616622458,20.0,700.8067054890421
262,2267.394185373605,821.0520493731584,22.0,698.8198548166517
263,2563.994214422522,2946.8918126529898,21.0,698.3786665214692
264,2471.5677612733043,1632.6124122960957,20.0,696.9612597300959
265,1331.281145621127,584.6782534409991,21.0,695.8614344790498
266,1389.4544630052292,786.1014545405694,22.0,693.6486409458364
267,1216.212597472766,2394.2785038958405,20.0,691.6987264899902
268,2020.2822411406403,607.6859652894576,21.0,691.1486100550076
269,1585.8113363079017,1128.853464074817,21.0,688.1729206725848
270,3361.4259815223477,1673.3182274786325,20.0,685.623001550966
271,745.4345214759704,1954.7068728968827,19.0,685.3932225995933
272,499.5385658728277,1889.135307207315,20.0,684.8727216507083
273,3014.4383863077833,2165.9394338036864,22.0,681.9222737265463
274,3141.490581977547,1418.150785484295,21.0,680.6490880193485
275,3149.83011130325,2866.8303939824136,24.0,679.8154205128877
276,2619.6434924544533,1788.1479617570878,21.0,679.386317320027
277,1278.020803401634,841.9611253390246,21.0,678.8596016667657
278,1050.008401586449,1641.0104873627247,21.0,678.5092735104955
279,2186.816025856015,228.94340751928928,21.0,677.7133226255904
280,984.7550818772768,1709.512301967034,20.0,677.0738899904768
281,3148.047405598824,1067.3030322545467,22.0,676.9220199452341
282,1694.9414815864911,3012.19123399751,21.0,676.6288786207824
283,2576.898254538784,247.79962848132115,21.0,676.3240862079363
284,681.7821614155823,944.3591861330102,21.0,673.9439432121546
285,2031.2301512315887,3699.0154065221864,21.0,673.865760858967
286,3692.4732074152876,2146.9104863288103,18.0,671.9086969201272
287,419.87605870143864,2068.087012358433,21.0,671.091318798013
288,3112.9620653926136,3248.0045787127906,21.0,671.0276581020803
289,2646.0190056134347,2496.004145421572,21.0,669.3159048211389
290,1802.971743524937,1130.7755724675922,21.0,667.2592478868365
291,771.4480226377918,657.4018600111873,19.0,666.1428549954346
292,717.9752208601444,920.6777295859451,21.0,665.7719858835515
293,938.535768147048,1869.013808675303,20.0,665.6180425324493
294,806.1640475009241,2184.3439991430146,20.0,665.154958890119
295,1152.5030705383074,876.4070055984663,20.0,664.8405339371071
296,700.5907049396454,3108.026347842622,20.0,664.1407040348723
297,2780.1827856962927,1816.0741327949188,21.0,664.1313271075732
298,3538.1480758333905,1387.011464254424,21.0,662.2072994597296
299,2016.9714087657933,2511.7526611406015,45.0,661.4262495716032
300,282.6208418427921,1516.9419148478237,20.0,661.4239712122414
301,1903.1896178472198,3832.794675476372,20.0,661.143935556568
302,1843.2666436438324,2903.9982258445957,21.0,660.7611192662798
303,1616.9619476755547,3353.9577685216746,21.0,659.5940275278172
304,3824.3750622069992,1993.9887458549813,19.0,658.9578200817859
305,697.3843346809534,1821.58321336828,20.0,657.1271690524834
306,3784.276798477077,2371.79290234369,20.0,656.7506682203137
307,3373.5641984749313,2812.802815935189,19.0,655.7477773262998
308,960.8852389981207,892.3109896387809,20.0,655.1816228874824
309,2907.312119684013,745.5888685857681,19.0,654.3118630040651
310,2564.248385515909,1525.081744074717,21.0,654.2459019934066
311,2144.2344079094337,2676.066859985496,21.0,653.7643043452379
312,2785.6336702893723,1046.6002582001915,20.0,652.6168926068283
313,3411.886819403871,3237.080883954366,21.0,649.6336141478633
314,687.6336474482879,2985.9125890703085,20.0,649.0731866630994
315,1294.3791347960469,1857.5302006261365,18.0,648.79819231025
316,2573.1425741596286,3613.5619409856613,19.0,648.667101049617
317,3400.8986209547556,1238.465683468818,20.0,647.6195410885501
318,2123.8078547151094,1622.5662080282373,19.0,646.8734116138305
319,816.2305609159997,958.5824786541802,19.0,646.1219034870788
320,1501.130037902709,3760.2784408222124,22.0,644.5563502723704
321,3164.4970311261345,1337.7417426322652,20.0,644.2343635612041
322,373.66815145511134,1720.970066942695,19.0,644.034328768667
323,730.9562288367536,1615.8624497969593,21.0,643.1835148783921
324,1634.9292708998041,3797.2294964307766,20.0,642.8604476818206
325,2390.6277310881483,2526.6738564300126,20.0,642.0179099351451
326,1038.7521748954614,2757.754583898317,20.0,641.6345340227226
327,1929.6238948236955,3451.2562654356498,20.0,640.7945402769401
328,283.21243626315777,2599.080023818387,20.0,640.2811816037521
329,1088.3919334403327,2257.111604568014,19.0,639.495284445618
330,3619.83809396296,2236.5139243375197,20.0,638.7431798223834
331,2885.1247109523715,1995.3924019311899,18.0,638.7238089167716
332,779.3310208432274,2595.9483378315435,19.0,638.6510125649982
333,1945.3734414659139,701.6446379184576,20.0,638.5827280568956
334,3560.2931401746337,2780.451235911377,20.0,637.6939195072197
335,3132.0897327097528,3455.2545887803776,19.0,637.5291710046996
336,2025.3669637715905,1132.8168448445447,20.0,637.3538820981039
337,3667.5133469553607,1488.1060092914595,19.0,637.2864327934108
338,3479.1707182703803,2958.6877248811247,22.0,633.2984129548122
339,2240.3596583422063,566.3282672914286,19.0,631.7126962049159
340,760.1733503939689,548.8283412733417,22.0,631.678778489585
341,3640.102093690682,2231.8496830077215,21.0,631.285452313879
342,1186.6445028164733,1830.3197849415724,20.0,629.807635402664
343,2358.0334240975617,1355.0622167360352,21.0,628.5498304464675
344,3393.3138227069644,2312.7528694935027,20.0,628.3912264583201
345,2950.357196073411,3676.6301794416972,23.0,627.6002915212201
346,1833.7169408070774,3079.8057341177037,19.0,627.0997800161476
347,2652.269865784793,1712.9738872554378,21.0,626.6874568678285
348,3885.447478648339,1970.8626353001946,18.0,626.6133684396673
349,2085.1546020774663,198.89750105710115,21.0,626.530040884197
350,1926.039900753379,3236.6724166273852,19.0,625.8473237746769
351,3031.551635647998,2409.8149976719756,19.0,625.0683712501029
352,1240.7711307409106,3807.7831008633093,22.0,624.3957747949472
353,1190.7859939139194,1364.6527482132121,20.0,623.1479462733512
354,1425.14996910873,3717.8522183875048,21.0,622.9347894898164
355,1748.3243388118046,1287.130699381084,19.0,621.4000164274958
356,2687.168798153037,3319.544817879176,19.0,618.9799756672074
357,1648.0394812613938,1454.0984024210775,21.0,618.85487116501
358,1404.0910348222803,1993.1564515460027,21.0,618.6191838152062
359,2637.797869737834,2788.7173164362107,20.0,617.1080786280768
360,1537.8280130604173,3665.017393852657,21.0,614.911975580941
361,1712.0942789685882,1129.678003685251,18.0,613.7345491129138
362,2945.0946124303614,310.9252854898793,21.0,613.6114867079225
363,2478.1443270449904,3311.4041384185666,19.0,612.7633386426073
364,3314.8437977908306,2962.4009018818724,20.0,612.4606784133069
365,3842.574364108635,1890.081968063846,17.0,611.0961812525583
366,926.528432805945,2282.42471253746,18.0,610.9417156791726
367,1596.7934864452097,458.4727101364239,18.0,610.9369118828683
368,2868.605126227812,2242.2714495718583,19.0,610.9196735649183
369,2948.854206184958,1621.5702739814883,19.0,609.9018753110937
370,3374.4952791878127,1536.1195982006839,20.0,609.6558060302938
371,1748.9272254584016,3482.698650113241,19.0,608.2912774631267
372,1491.4535054894034,3568.6378806544512,20.0,606.7483371583992
373,1234.3180130617275,1555.4234115588765,18.0,604.7197030444677
374,2827.057251412789,386.2463221405267,20.0,604.6258345634167
375,3013.566219928276,2111.0717958085243,18.0,604.0562997091764
376,1147.2583217099393,2506.581344524592,18.0,603.4622263645392
377,440.36239205676435,1974.7770393027276,19.0,603.3749463610643
378,3127.3148524371636,3314.149399946759,19.0,603.0970841420811
379,3916.4875503577737,1339.7747024835974,18.0,601.7284425000862
380,2189.0908650248516,1451.8619556585259,21.0,600.8767459021602
381,792.1786426450889,2482.3668172318094,19.0,600.0956842633719
382,1057.7509511792714,1232.2308914757168,19.0,598.4032560436476
383,1016.037186465401,1427.1667144363416,21.0,598.1923732846487
384,3603.736835234762,2265.137753830064,19.0,596.3125291273496
385,2164.2304532321723,271.98539327982866,21.0,595.1890516069939
386,1950.1696836383974,868.3334542965626,18.0,594.314186544376
387,3972.2206178609617,1808.3069605997896,18.0,594.2369261386211
388,2407.7419716183445,753.8165766785638,19.0,593.6890134111944
389,331.5571270267263,1686.4764929203334,19.0,593.6864885987005
390,3380.672187101287,2485.507758309312,19.0,591.4589906366263
391,3865.059345366592,1702.8733571513615,21.0,591.4074426332288
392,1176.450443842642,879.2024345632956,19.0,591.352684569972
393,2765.979528073814,3652.6538924657134,19.0,590.3587492909858
394,2048.9539454664596,4006.500234081771,19.0,589.9024924323644
395,3674.907361460256,3021.577605207358,18.0,587.8043933680035
396,1657.626076734133,281.0935028235656,18.0,587.785834795397
397,2771.5791800467046,807.1871436242157,18.0,587.5531980441324
398,2487.5689189776513,2980.80979590798,18.0,587.3188179616652
399,2479.0200137102784,2508.2645860841426,19.0,586.8994275323865
400,2625.1565119410307,3929.2369481261812,19.0,586.4753718069798
401,1106.7167968068377,1677.318996656464,20.0,584.4818083046531
402,3225.2699921034696,3573.8783779885625,26.0,584.3188790606943
403,249.64782980031737,2628.415741902525,19.0,582.302335162246
404,2204.52151187024,370.84159269127366,19.0,581.7790044416482
405,1287.0601045224482,2462.5922652529443,18.0,581.7711342348479
406,1585.1578886219438,3349.8464218768936,20.0,581.6271856874123
407,3454.5334544091393,950.0113912580372,19.0,581.0215244705356
408,2639.674552472561,1227.5990553846077,20.0,580.6102622781731
409,1089.189325006095,2663.5692271573666,18.0,579.2759646441182
410,2279.4042068785593,1669.278930097247,19.0,578.8061455438944
411,3657.697134847923,2330.831025919198,17.0,577.6900136672949
412,3116.294560284619,390.68073925731915,18.0,577.4323395305324
413,499.3354144228257,1328.0628202818732,19.0,577.1888418923506
414,1229.580650804077,657.0370899403273,25.0,577.1195018244454
415,1867.3702808029907,274.1929125936365,19.0,577.0879810473077
416,1581.6279800323307,3446.570735335832,18.0,576.7753659811368
417,423.768300578152,2418.396008997855,19.0,576.6126803311071
418,2070.6529205277884,2717.917108933761,18.0,576.6099273081625
419,1297.4013898628916,864.235637674962,19.0,576.1251523490081
420,2284.0324160377204,3004.6802428404785,19.0,575.2283673947317
421,559.3087291325743,2453.9164951972084,20.0,574.7840568349367
422,325.3385985759682,1462.9925742366254,19.0,574.327025979893
423,338.75245426934214,1325.826362937796,19.0,573.3935523624853
424,838.8877204014966,1987.6740476249238,18.0,573.1493174380131
425,2645.117207674833,3788.403664501322,17.0,573.0156508555957
426,3702.463887205217,2995.9248525173825,18.0,572.8804449719412
427,3101.254806583127,2181.8029193656294,19.0,572.7372847783397
428,3545.7980688561047,1341.1720170010392,19.0,571.4653911342963
429,1436.6413744451204,1502.8427879304188,18.0,570.6905761270237
430,971.9626916556655,1371.637562749818,18.0,570.0794187818816
431,1902.1791608094882,3486.3899061006327,17.0,569.8015555671947
432,2708.970179510106,586.479250277341,17.0,569.4877211068014
433,2046.8025093005829,3492.8738796415,20.0,569.4247621179518
434,3417.8058817833644,2576.46172054652,20.0,568.7935089744325
435,2736.142497619634,2768.50433129907,17.0,565.5496116937838
436,2522.4798284179524,2131.327959125547,18.0,565.0511439052746
437,1373.7349947291652,3622.2815687743932,19.0,564.7343681601254
438,3998.7700385604526,2136.3271965418053,20.0,564.6091234031067
439,1961.0092045234603,1426.462759712899,16.0,564.126434575124
440,2456.937343513922,638.088138680705,20.0,563.6846093033212
441,3781.757382419362,1109.6358157945,19.0,563.3505468798635
442,2660.7189034400258,3056.68762814723,19.0,563.2292593645041
443,3147.7321398716404,2026.7403597850928,19.0,562.727396589991
444,732.2422934433957,839.1307908513254,19.0,562.6978120101132
445,1619.7611760770715,3193.8195598883585,19.0,560.4423284925591
446,1465.1425381776469,2146.5410961902853,18.0,559.9939291029116
447,1293.2973424340373,3587.316545801272,19.0,559.4500486020651
448,2001.6490799071594,531.2170082280275,18.0,559.4212181310165
449,1876.0605454899176,2842.787839186836,20.0,559.3508059459696
450,1800.9135413508457,1611.9955808042625,18.0,556.8943419717111
451,1217.9346543662073,1069.430367158563,16.0,556.6237550452579
452,2998.3688467541724,1061.9608125340008,18.0,555.5255712708264
453,669.9284520447183,2049.641086998655,18.0,554.3833798121012
454,2023.1342647509864,964.1687251301463,19.0,552.236708640067
455,1655.2075979619317,3139.7309619944,19.0,551.7014375164315
456,2251.3015814066607,3175.1923287606883,19.0,551.6376995960178
457,662.6832507291707,2877.2954337538813,19.0,551.399877022496
458,1985.3011796059266,1179.527844794569,18.0,550.4353730049683
459,761.2483321979037,3371.435144446985,18.0,549.216776541672
460,1308.841376474469,2508.8210425392153,19.0,549.0638446886658
461,3297.025440705973,1906.6778696376825,18.0,548.9930366014107
462,2433.9683633238787,3961.0254226172865,21.0,548.8992135073361
463,2834.8511380356117,2070.6862838522725,18.0,548.884119374839
464,1957.8455741157502,3783.758820124504,18.0,548.8056374931891
465,2312.173559795026,333.2363999698756,19.0,548.6494525976681
466,1359.2998720100236,1061.2912590259052,19.0,548.5455461113346
467,2691.4395603866633,1200.9403255410698,18.0,547.7834936732506
468,1102.2930634026422,2027.6422754076216,19.0,547.4316881181501
469,1701.2082706981244,755.4394087750209,17.0,547.1081306529711
470,2448.8038089638712,2497.3555527848566,18.0,546.8973617364811
471,246.32697554030824,1651.5934805850384,17.0,546.6024101833352
472,800.2895561265415,896.8387731124108,19.0,545.9799249313502
473,635.2944350527994,1285.9864118336825,18.0,543.4019233988668
474,2646.86457706512,3399.7041941913044,17.0,542.7942024528033
475,585.6828718196728,3048.1480685258625,18.0,542.6021405232921
476,3540.789752798149,2082.847487265118,19.0,542.009324529311
477,2259.4758249030046,463.2239396135175,18.0,541.3648155726015
478,1906.0208382286032,1139.8881479666284,21.0,540.9532209273259
479,852.3069407752514,873.8015736661189,19.0,540.5377376121658
480,3019.2567865737915,2739.9670670687565,19.0,540.4785248385622
481,971.0922823672839,3213.9741633332233,20.0,539.3224070622127
482,2858.4732777126537,238.77576889460335,17.0,539.2536171259904
483,2116.4203145436322,2916.981597423691,17.0,538.7038759009743
484,1994.7608105733568,844.9358952983907,19.0,538.5267670345161
485,2065.9342583340945,1317.1362250722714,20.0,538.4541534795085
486,3069.5317476062314,2105.451969170047,16.0,536.4757397676275
487,2129.1788283969427,3877.9755500726587,20.0,536.4155776551231
488,356.57603251640336,1914.6003932361327,18.0,535.5452737765916
489,3131.1414653218776,2854.239273844402,19.0,535.2540840562503
490,656.5323840779193,2421.641166404422,18.0,534.9114543490275
491,3552.859379339281,851.2791432460508,19.0,533.6408132815394
492,1394.9737136185702,2133.3497680769683,17.0,532.9641804743393
493,1429.3153012200682,3355.440004110797,18.0,532.8115949903423
494,2917.727296842715,348.09803017132646,19.0,532.7203579934858
495,2887.6693587771033,1137.7757865347503,18.0,532.1226232366779
496,2785.3970416392353,2691.773865325459,18.0,531.6621757709527
497,1001.7166228515746,2148.3281679938264,17.0,531.1799377814998
498,1200.3366620497661,1389.3149624079526,17.0,531.1423059848187
499,712.3050392861035,2500.169246824969,20.0,528.1213267391197
500,1152.4227477883621,485.83246306804284,18.0,527.4061166338555
501,3572.66361594732,3107.002726546375,18.0,526.2703945791039
502,265.1313432489494,2425.7451754973727,19.0,525.8635594330947
503,704.4271094425256,1466.4871803592098,16.0,525.7292951732593
504,1235.7410685458055,1104.3601738970324,19.0,524.7930236833369
505,808.9879126482958,1177.5758473745589,17.0,524.6160864336871
506,1706.5896968180627,3465.6378582279713,21.0,524.0607923692821
507,2170.096091629388,815.1854411491572,18.0,523.8860960203497
508,1496.6563043349927,242.00318246806623,17.0,523.7751632466542
509,3555.4379067101645,948.7862339015043,17.0,522.897515892313
510,611.3170084629731,1896.892936294667,18.0,522.8946966370863
511,1463.5673892983916,1135.3349751094877,17.0,522.8826016158555
512,1558.5263210951482,1601.4591260666236,16.0,522.5196694684771
513,1291.5551576757782,1075.1861652900695,18.0,522.1207013974355
514,953.1048053845362,1308.3925145286323,17.0,521.725877867191
515,1375.921987241995,2402.4693974763204,16.0,520.5952657187584
516,1660.7409516746302,498.95236108713027,18.0,520.4532414311186
517,424.0753000649716,1101.3377904016406,18.0,519.1999669845037
518,1355.8645278794215,1829.8251866950113,19.0,518.8977107921544
519,780.0169347958287,1308.2404769389173,18.0,517.0806140096148
520,2834.4298485640593,912.625776240636,16.0,516.4848119678893
521,725.3533128194462,3222.2777681498424,18.0,515.6593100730379
522,2052.6122985174793,4054.2681080267976,19.0,515.5915798709552
523,1516.0392166092522,312.1356565648806,20.0,514.7387225148698
524,3388.7491546501765,2848.0514307749995,18.0,514.6477000788232
525,1179.8595085061618,2839.5277839276573,16.0,514.5300701665385
526,3145.452456537971,534.778586076938,17.0,514.4776419555498
527,3784.210622958133,2315.3346071898945,17.0,514.3633668758631
528,2975.059057453973,3633.2078283939813,18.0,514.0554947627065
529,932.8125962146138,1161.3384134684,18.0,513.9281161762132
530,3017.539530472655,1661.559311677878,16.0,513.7116651840183
531,2336.8883172880105,737.804357655797,18.0,513.0596358857027
532,187.44103396263574,2712.9640896664464,17.0,511.5420218572794
533,2670.3352264004616,1965.3960572451747,16.0,511.36083572292296
534,2619.200072116926,2323.4001513002577,17.0,511.2268783540868
535,3845.3972520165453,1610.3615482062573,17.0,509.83617613816807
536,1441.2253280971179,3246.4876891463255,17.0,509.81722175592745
537,1346.8802225442737,1160.8026985658353,18.0,509.7942357239794
538,3585.328084588556,1424.2045722593214,18.0,509.4036450630085
539,3943.7568515767775,1890.2329114237236,18.0,508.8643147737277
540,3750.3294431623785,1883.7309265197114,17.0,508.34949463153083
541,3183.273657182105,2883.3830553074204,16.0,508.2344337794073
542,664.1812906925123,1663.0807192416007,18.0,508.1053055720196
543,3097.214831133886,1669.2535505232047,18.0,507.4374510955343
544,1992.356372182381,1231.4005411151663,17.0,507.125556885054
545,1875.461430276571,1301.9909776464604,16.0,506.73168727107657
546,1816.5987640964756,3831.050160212183,17.0,506.67149000943624
547,1393.5347326172287,2243.660567488189,17.0,504.73095305979706
548,3022.0762701612293,3685.1832263706783,18.0,503.9182063475129
549,1030.5544190586477,2915.35680738186,16.0,503.6400667394681
550,3325.432465327863,1566.1508084557884,21.0,503.6346168548446
551,2756.915546844929,498.79334047385606,18.0,503.5749895070832
552,2905.961812090029,1584.1240916136935,19.0,503.18519185757185
553,128.97090456731937,2018.1176517352435,20.0,502.6449019434743
554,3322.372602144305,2779.659722987913,17.0,502.292618175841
555,1577.8134045448696,3233.579341681733,17.0,502.2679465640247
556,356.3634716831692,2512.2690972370287,18.0,501.82662496365253
557,142.97313141808377,2334.7828932424864,18.0,501.68508888419007
558,3551.841451505435,1851.2925977402967,18.0,501.26028676767373
559,2472.2541330126346,2262.22337855474,18.0,501.14506576517175
560,3185.316238897357,1856.5764013292783,16.0,500.5836733257776
561,3356.671213566558,953.5477904498871,17.0,500.14069919557164
562,2542.598937128509,3330.5360970037827,16.0,500.11518295706026
563,1401.7213621498586,2956.946261863002,18.0,499.8851437481516
564,1170.5219280687907,303.65130009982386,15.0,498.6579634325904
565,1144.5361343829552,1063.430888177726,16.0,498.59943797993475
566,3563.2594636146073,2560.3111922972357,17.0,498.48940057713224
567,579.0737661896322,3093.14578813622,20.0,497.93916274932974
568,2948.1612947742374,3282.0347481102767,19.0,496.8527568578141
569,3284.045524855636,1259.5178725463838,16.0,496.4730592135717
570,1824.368950443559,3706.5661438986294,17.0,496.17094529451134
571,1059.189580863373,2144.4607996547447,16.0,495.6380300915617
572,2011.1786497040628,2552.1593412979228,18.0,495.1456010310394
573,3472.445172613172,1895.41907544281,16.0,494.686282897787
574,3661.6923971185183,2430.9145456716633,17.0,494.6205195319964
575,3541.4193701033423,2338.60947012112,17.0,493.44340655103997
576,2863.6044409018077,1141.6560817867362,16.0,492.62365207903366
577,2432.8219265676958,1278.645344394839,17.0,492.60139531119336
578,1092.0591116369394,938.0044691517822,21.0,491.8855354360542
579,2878.5705596390103,382.6060838931328,16.0,491.600186611766
580,338.0578799138345,2790.763363889179,18.0,490.8930125418793
581,2592.764483928626,1764.5498091040345,17.0,490.8355896113377
582,2714.4316065376747,348.35321455304336,16.0,490.79079895293194
583,2424.427276340243,3031.405498428024,16.0,490.6969855811182
584,1882.3284943355695,374.10591552728533,17.0,490.41721640983263
585,2365.87050351603,3378.175390320826,18.0,490.30513925176587
586,2818.599342877775,1996.551683171119,16.0,490.09926946999207
587,2299.8075873060184,1412.2867394726486,18.0,489.9803548883269
588,3310.4674569955255,1179.836895368838,17.0,489.73395832269455
589,1900.9004632401645,470.48918087302957,16.0,489.3930982053743
590,2769.2692702217105,2545.360614053252,16.0,488.4084714957039
591,2455.2523592594885,2717.0473217039403,18.0,488.37555213538855
592,3054.699841482038,2233.574724081617,15.0,488.1278302137953
593,2289.995420063186,2475.777281500024,17.0,487.73616649887146
594,3037.8361410025013,868.9826772663994,19.0,487.71502182216443
595,1334.5902983765695,3026.888891576469,16.0,487.58994251582214
596,3694.072770028631,3139.7139337146655,17.0,487.20294085178983
597,2597.240295122002,2968.077207739163,19.0,486.4369324479476
598,116.48255554974367,2188.639377934234,18.0,484.99854202685924
599,948.1678790232079,2252.2447309035333,17.0,484.7736469840482
600,692.022611414744,1320.812489526095,18.0,484.4278890609279
601,1264.0369857037279,2372.699788795572,17.0,484.3775757919351
602,3698.8311173703887,1222.9085866038074,18.0,484.25529964724893
603,3307.670726101465,3318.283829527148,18.0,484.1475902909924
604,3241.9702651314824,1136.2407536892008,18.0,483.9785681590529
605,2932.4956083840107,3740.989098086594,16.0,483.9202559182098
606,4005.8043938193186,2317.074796185823,19.0,483.30641479645567
607,2853.512108348093,1439.3983847653715,16.0,483.2419258261305
608,3273.3875065146153,1580.9010030022434,17.0,483.18892651070803
609,2836.584641480678,3224.289066347205,17.0,483.14399306980266
610,415.473634753151,2385.919574177747,16.0,482.9590137330694
611,1933.1046451917969,817.1801478553526,18.0,482.72162421766376
612,1377.073985406994,2284.682532426501,17.0,482.269318993956
613,726.3236845642209,2332.5394599908245,20.0,481.47232349011813
614,2554.0547587836586,499.71330308145536,17.0,480.81672457004476
615,3451.5280802704074,719.1981337344408,17.0,480.5385126889255
616,1712.1065969822357,3364.5107428462193,16.0,480.3565257635824
617,3007.242615598717,389.7786876319373,18.0,480.1868474073357
618,1795.9770558676205,316.52431597491096,16.0,479.4604304518305
619,1708.5669851736047,3166.4637747323177,16.0,479.3546521295325
620,3272.842393953906,2335.525847142959,16.0,478.56946554337367
621,3009.250954912205,1858.3085959597825,17.0,478.38673862204627
622,1775.870460279035,3028.131453737348,17.0,478.2074402240571
623,1314.727876408241,500.76202822382237,18.0,478.10218266341946
624,1790.7049226937709,3458.397788669802,17.0,478.0289738798
625,339.2712248044897,2584.270956145352,16.0,477.7475964116712
626,1021.8457797911092,2337.6552150032053,17.0,477.48024627723396
627,3056.736245422722,1379.1819536834912,19.0,477.0406213276455
628,1376.341202214257,2439.5586758176646,16.0,476.9173769313245
629,3996.7543763129825,2287.6814638436263,16.0,476.76672516645823
630,259.4511025797204,1305.1311946126036,17.0,476.6987004142087
631,1288.8129318939766,3245.6011354237958,17.0,476.51376343183955
632,2931.71498052937,970.7923890104166,17.0,475.9917358883458
633,3426.8283619404847,2561.946806613648,18.0,475.13212940510005
634,1115.8012477388022,3725.8404800204726,17.0,474.72636441834464
635,2480.904535961697,675.0693727070947,18.0,473.7861324058129
636,627.6453663060548,1199.0934942244498,16.0,472.3185404165753
637,1158.5860762971497,3079.3218133165524,15.0,470.2783109200949
638,222.8323675105469,1566.6459756523172,18.0,469.9545775862587
639,1591.500013402974,2638.6850575008443,15.0,469.7192681385784
640,328.1134225738929,2323.7641580885524,18.0,469.70260617239063
641,407.25329452367345,2284.442405397624,15.0,469.47919861331195
642,859.448356790503,3447.742271229365,16.0,468.7176445665153
643,1100.7500681462514,738.5367008961175,17.0,468.6321585360769
644,538.4737388493633,2779.0439699916096,16.0,468.6271883818916
645,2669.557590367607,2553.8245926850764,16.0,468.513606848016
646,1328.660445132768,3507.907437154504,20.0,466.75215230420645
647,2042.8513397534184,3422.3541950270615,17.0,465.47545422801204
648,1258.0104176569964,1076.4548224076027,16.0,465.1312598653607
649,1329.6378926605612,2343.4625294250673,16.0,464.99837502012656
650,3180.4720712792787,1056.8518208339972,16.0,464.8363136756147
651,1833.415885411415,272.7723782352872,14.0,463.9985360783476
652,1171.105779117672,3187.5752962620286,16.0,463.95224364085476
653,3334.651328968973,1025.8517506968726,16.0,463.64680937266724
654,275.3732704959635,2068.16298046515,17.0,463.5783170792235
655,1637.7556609949963,3291.7199286313366,16.0,463.52110138984943
656,1087.825516293556,1088.6241191180634,17.0,463.23594728807024
657,1907.825494722313,3962.269677527055,17.0,462.40017329788907
658,2038.8800163503843,1356.3365681533633,16.0,462.3355962516777
659,1634.1652884626285,2830.200131460158,17.0,461.70935053808626
660,1073.912485168604,495.56214785686245,16.0,461.65615760765274
661,2907.953741688266,954.1493376331209,18.0,461.0274616199354
662,3862.806814448179,1632.930713829624,18.0,460.90825510209385
663,1028.6533728925472,2400.1820975092787,18.0,460.6984998095601
664,988.9946505911382,1551.4049889242854,16.0,460.4444855416837
665,1407.5042991239243,3674.3896555325923,16.0,459.78428903394484
666,1222.169861542954,3215.6490086515096,17.0,459.336050685079
667,1345.7941300528712,274.8470533912718,18.0,459.2345894203397
668,1218.9289240462845,2740.4581220116706,16.0,459.0230711626144
669,1934.4111084956096,2504.9132796125377,16.0,458.8948284433453
670,1902.6374199137394,1037.236870502467,14.0,458.79971512742645
671,2558.79502434922,2313.0909381484953,18.0,458.52935548491274
672,716.4195195713528,3320.862213431546,17.0,458.12769561707427
673,1634.9167615769686,2370.5446902104636,16.0,458.03536549838134
674,1683.3403314130085,2324.4386208497967,15.0,457.5751621690178
675,2635.9250490386576,971.016979857564,19.0,457.3652780861826
676,2557.010159078314,799.4141983755177,16.0,457.2782463191003
677,923.7937444385256,3668.878882988539,16.0,457.1517547940996
678,2490.6697419667726,2287.9619709540784,16.0,456.5337848209537
679,1418.9300985820296,2921.4770420779505,16.0,456.2714063462198
680,2213.26360749338,1406.3149624979992,16.0,455.3377136286925
681,1115.8958767857366,1947.3842197099425,16.0,455.0055820122587
682,2981.1785666405844,646.6857031725287,17.0,454.881091623087
683,2974.981094166817,837.4218499588701,16.0,454.26324346430715
684,3217.4828322478934,3270.382278864821,15.0,453.6565235741651
685,324.3677956667621,2177.715609650888,16.0,453.4388031035697
686,2316.7331500253626,575.2020440445037,17.0,452.16632181102176
687,896.7945601571662,2513.749007593664,17.0,452.0430779912326
688,3337.642011960819,2234.9193418356103,16.0,451.96736695260523
689,1128.6813250427988,1226.120706055903,16.0,451.8642938522238
690,2643.9356408090875,3029.6511182013187,16.0,451.8017037702841
691,2587.1272824154557,699.818108207755,18.0,451.0155925486602
692,502.6188788606271,2090.268053633345,15.0,450.53783392825363
693,1053.6403839892132,3024.7928898357727,17.0,450.263134337608
694,3129.3244252797936,2442.964028498265,16.0,450.25291348121306
695,709.6712215219159,2917.4879769536474,16.0,450.0383820622534
696,2599.315832007035,3445.2822917950166,15.0,449.82141117528744
697,3342.6619137627563,3508.9427676225696,17.0,449.72243974712353
698,1564.2333012684696,3406.7425065203024,17.0,449.4433625862656
699,3340.6601615978243,2398.7369276612526,16.0,449.34701305543547
700,3708.315831287376,2239.855051095997,16.0,448.72986395014124
701,2962.271037133114,1741.5612285737898,15.0,448.69032103335996
702,846.5649357733146,1249.2677838566979,14.0,448.5465196885674
703,2721.479493190711,815.4551458503145,16.0,448.4801562048718
704,1232.983739913664,3697.6510727853993,16.0,448.24760348210674
705,2900.4688105269483,1543.2697970731963,14.0,448.11331903630366
706,1200.3642456795887,2603.2651430709416,15.0,447.8155574726368
707,1822.4144254475702,4022.241563997842,19.0,447.49406145042155
708,2989.807907830343,1555.5588866016894,16.0,447.34528081678656
709,3061.8351672003896,2832.8993874791986,18.0,447.31963645647323
710,1777.796877342818,3905.2907831990588,17.0,446.8461137743977
711,202.69507084673577,2406.887684411536,17.0,446.58368701529764
712,3124.571693789114,1716.6559193507778,16.0,446.39883043167487
713,2503.131158262528,1790.1014554100727,17.0,446.3300454238241
714,2942.314783558888,2004.4105408769235,15.0,445.896275888263
715,1882.5321522223794,4060.2699855622527,14.0,445.5528523684851
716,3206.3647518777207,3496.254943353485,15.0,445.4004831186579
717,2358.423862252364,418.4560939605534,16.0,445.3083704870374
718,784.4274186446938,3459.159245637344,20.0,444.9732403885424
719,1910.035595786968,3606.2245782497976,17.0,444.36800003129696
720,921.9005425045826,3125.7858722788037,16.0,443.91745004906915
721,1632.4964539178416,450.22887197934693,14.0,443.04568939377924
722,2837.3893060958394,3301.952825645855,16.0,442.72523674701694
723,2795.120331653034,3505.1213840038495,18.0,442.3141257652939
724,2710.8083051099015,3611.9003535977868,18.0,441.471930865075
725,2314.5343263221616,2721.228249809322,14.0,441.4033444969038
726,439.7885030702312,1741.4824993912725,15.0,440.25199615739837
727,938.7847836290875,1115.5840896989262,15.0,439.12683116387586
728,2239.8414947270016,355.3981551554547,17.0,438.84104748178356
729,1233.503439489971,1742.5630432825171,16.0,437.79663360338634
730,2042.8605238410655,3741.047348450554,18.0,437.58092783600847
731,908.6591741783591,873.3369223495001,16.0,437.20493852189946
732,2985.1834934295234,801.5608441216107,16.0,435.6686459074433
733,1574.4540185687883,3283.571686586377,15.0,435.3760500098324
734,2301.627432131683,3841.280399083765,15.0,433.9953090254441
735,2148.338515684779,4050.2567745305937,15.0,433.07492557995147
736,3020.9073196973577,1433.0991265971247,18.0,432.87863449421866
737,2004.6185894939342,3077.5474699187776,15.0,432.7576183287153
738,2465.9221434416804,2853.9326469954067,18.0,432.34525951482505
739,2344.877675931353,1282.3163942793165,16.0,432.25318382567525
740,1015.8895967694606,3104.9818036596066,16.0,432.25023002820177
741,434.22921281310136,2855.9581383953764,17.0,431.9367390582823
742,3207.4468990422274,942.6037918207954,15.0,431.6837638503863
743,748.0803290411981,1443.1514388382568,18.0,430.7460314639277
744,2684.586161670932,2715.6162059084813,16.0,430.4456581242492
745,2424.2834574463955,286.5967249799899,15.0,430.44507333173124
746,638.4936982516872,3265.9354699088403,16.0,429.8772915101682
747,1469.0684486219143,1690.0052279145375,17.0,429.7645359179698
748,1413.473998138704,2050.9580804275142,16.0,429.0945329443975
749,3394.9996426106654,1296.288679817813,16.0,429.0783217714756
750,3546.612091049404,3148.1200781290413,16.0,428.8587996712878
751,536.5440340493872,2908.819304913706,16.0,428.61406614103265
752,2847.7574041206435,1934.0559767616223,17.0,428.4276918254372
753,3110.5209660742116,1642.0498531880046,16.0,428.3679451135237
754,1838.883649428638,152.47638486923333,16.0,428.06022990917995
755,3043.2141360586693,3684.292514869892,17.0,426.31037813955754
756,3544.6844769337367,1052.7039682211087,15.0,426.2381605158624
757,3234.0335760313574,989.2895789972728,16.0,426.05589442753825
758,851.9465735643722,666.408225635563,16.0,426.00069708739744
759,2506.9169292196348,3081.50765819446,16.0,425.70455895407576
760,2193.4070584172555,3015.3874189367775,15.0,425.64713389170646
761,2772.3517073667535,3467.3186373731924,15.0,425.48342464781933
762,3445.5220431508233,3146.5108369541413,15.0,425.370492388198
763,1874.5471345054475,3674.3417515675073,15.0,425.35055758168
764,2944.6489893639814,3420.5578580662286,15.0,425.1227008209403
765,3071.996310906346,533.7538491259193,16.0,424.8269916586104
766,2783.068755019481,215.33720807428182,16.0,424.74843747205074
767,2255.5960679176023,3985.143681708988,15.0,423.6390808425848
768,2146.6446008879884,2835.8482614656127,15.0,423.38162406316115
769,3415.667827200348,1350.0534259592162,16.0,422.7157960769365
770,1484.831874601432,691.2379002503834,15.0,422.44410557971975
771,1632.1012437932031,3568.7359911134226,17.0,422.2013443490279
772,1026.8616662785596,812.4025804589148,15.0,422.1648323650484
773,2960.9467689131484,723.4663821908352,16.0,421.7031270074538
774,2162.801380262508,3677.0414033402362,16.0,421.5829813123945
775,581.207928723212,755.8328771304222,14.0,421.4554152713468
776,3539.4490259899612,1536.7474964671985,15.0,421.1198482823787
777,2901.8213062281297,2608.370006818502,15.0,421.03799263631424
778,3541.659794412152,2737.5467915109143,15.0,421.03407577486615
779,3489.2244993373097,3134.443298486797,15.0,420.87554066849367
780,2216.7229492983406,2620.7353745257083,15.0,420.69844086753284
781,330.68463856166335,1903.1986856619512,16.0,420.6792472745272
782,1176.298127841298,3080.629703153938,15.0,420.54192740157106
783,681.5567603500098,3245.7930440716045,15.0,420.3438047447329
784,2618.4421682924744,1377.117836754968,15.0,420.2208147188519
785,929.7074945990464,1511.3959960491386,15.0,419.3165120069973
786,581.6228631418101,1518.2879577933036,15.0,418.96659001962
787,1406.3947484242135,3633.348528657602,14.0,418.36915099671603
788,3132.61560343207,2156.895903865978,16.0,418.33704574566485
789,3750.2248183457937,2684.1126329626563,17.0,418.22182671136255
790,2759.8674017782587,1459.4755845276234,16.0,417.5247745958405
791,2812.0866731034007,647.7663976458769,17.0,417.20318871017764
792,1729.824609274001,1066.949906178764,16.0,416.9483807183169
793,2032.1292390374704,1608.7017485978936,19.0,416.5759131723824
794,3004.6402691369008,1179.0475576197773,16.0,416.5480309466772
795,709.4925609002123,869.3642786662039,15.0,416.477748346722
796,3246.8328682331285,2508.9975796883778,17.0,416.4235101543411
797,3703.0999944715927,2118.47637397242,15.0,415.8340695577375
798,995.979579383247,3164.317122896691,16.0,415.83022447783
799,518.1558132355451,1430.4704033561186,16.0,415.42763294999565
800,1886.7507152085489,1338.7122416496334,15.0,415.33898368226403
801,1425.86828683066,3809.3346925201504,16.0,415.31067028016355
802,3701.863383596581,2798.476445484807,14.0,414.9641406854793
803,2419.014304096685,232.30091952868554,16.0,414.8694348161881
804,3546.2969442038416,2490.35450481424,15.0,414.78530809163766
805,2038.6279210336777,182.98092529396655,16.0,414.5063354679524
806,602.3315239094408,1935.1981201107446,17.0,414.14104350579186
807,3113.352437232402,2939.318059015064,15.0,414.0910543749731
808,1784.167916474462,2485.659903051795,15.0,413.82845616600537
809,1678.4529017238085,1225.6913993752557,14.0,413.56863943815
810,3023.5660747689544,3093.071948576023,16.0,413.5590225708611
811,1976.523394073378,3749.2752479100272,14.0,413.01638717309544
812,1389.244680292651,473.0926341956554,16.0,412.8232774102639
813,400.9546925863632,944.2288115824522,16.0,412.38886929926
814,714.0641332889787,792.5359486339568,16.0,411.92112571618054
815,1541.8324024597478,3548.3064390635027,17.0,411.9208891746111
816,443.5360050267665,1689.5786736535838,15.0,411.388847643503
817,2540.3083045059134,1644.337568062562,15.0,411.3094462156943
818,2940.9453092842064,527.1357053718773,17.0,411.231350010497
819,3252.6290028940475,3608.7712822494696,15.0,411.101501424488
820,3819.816181533918,2763.816269704017,16.0,410.92850106498184
821,976.5237674732032,1131.7643669557408,14.0,410.8303176396136
822,2287.8789877039776,1452.235861545623,15.0,410.3636723922173
823,803.5933706160788,3495.9367831004038,15.0,410.21982869066625
824,462.06602356178314,1468.2034660764089,16.0,410.1234263114509
825,2713.4964291701926,2319.979748251137,16.0,408.6315550913179
826,1789.6285298307316,3156.3317932967625,15.0,408.6039216498039
827,1586.324803000412,1875.2970842135085,15.0,408.2153642155535
828,818.2814989873932,3557.311044009152,13.0,408.02992460698476
829,3300.576835275149,3371.0308620107253,16.0,407.8794280922174
830,2208.33758358173,1529.8778515169133,15.0,407.11179884422256
831,1892.4076435231839,396.7583582323083,14.0,406.4227354338242
832,2489.242807672148,2901.3935262701993,14.0,405.63313450936766
833,1440.5291335235522,2145.7713448471877,14.0,405.517993491112
834,2040.2044838220513,2934.6904419872744,15.0,405.4197198029161
835,1132.3545181266438,692.2779098393228,15.0,405.0337553051005
836,3520.7893224339455,2401.158518597185,14.0,404.7424002612958
837,1344.845046410957,3297.8989374939692,15.0,404.71498832604425
838,758.9342231615312,3403.560543171642,16.0,404.27182109656906
839,2077.5632420740462,651.2348906700454,14.0,404.2309421733495
840,842.3873367295054,2563.1078011089194,15.0,404.0621600025992
841,2699.830097354509,1077.8679903440752,15.0,403.878564480584
842,2679.2333486435014,2521.609862518937,14.0,403.6499865279323
843,3859.533390762331,2122.3361776326747,14.0,403.5417283194264
844,3279.8425522480547,1313.9487763230386,16.0,402.9038633851111
845,1362.0097120669782,201.06709614499488,15.0,402.3090445206116
846,2580.590289969463,1603.3905534188523,15.0,402.2429258480458
847,2496.979643195677,1554.8751375830827,17.0,401.7038402082273
848,1492.134196425637,3334.9506116524635,16.0,401.689883699216
849,696.1829124152958,2237.4281806632157,15.0,401.3303575153679
850,769.2900945710397,3085.5664278792237,15.0,400.42597693019616
851,2956.641854613636,587.2488698028014,14.0,400.42387430979187
852,1225.6914854676072,3773.8723394458816,15.0,399.51405106705334
853,1648.641315019231,1676.0378556804098,16.0,399.4161902360702
854,1683.4931087441166,1795.5825210361088,15.0,399.2577855467181
855,2235.835306228883,3395.115665514836,16.0,399.23314997371926
856,3587.6576944424423,1174.8355918999325,15.0,399.0761643852762
857,827.7299488065711,1100.016466080249,15.0,398.91278836469144
858,1681.4054016211942,2863.266340143161,14.0,398.4260370604293
859,468.74855156541196,3044.953032777426,16.0,398.17360969605534
860,801.8149677847946,3567.5116212254425,14.0,398.08125838849054
861,1441.9918732501772,2992.940886059976,15.0,397.9710916717806
862,2419.312471298202,824.848146830322,14.0,397.79874864283573
863,777.3048643843795,1436.8316865471127,15.0,397.5475652032543
864,2925.4954353876574,1133.983389762115,16.0,396.6021082733571
865,3486.9760652067425,1413.1305863955206,17.0,396.5196766562458
866,2615.335408422324,3557.1996875993636,14.0,396.09719774502673
867,1447.9469513905071,1071.5014642842082,16.0,396.0789496379362
868,2301.332638102351,363.00792234550227,15.0,395.8666944157626
869,3357.200632172479,1318.88902164393,16.0,395.6954110457997
870,1272.202445294035,2985.240626036943,14.0,395.5793276418745
871,3068.3203483387992,2441.6464752786706,14.0,395.35219948512645
872,3253.3915624912415,3317.1789753466564,15.0,395.32813782137816
873,1155.2555792731403,2331.819967448457,15.0,395.229335073666
874,3288.3345025897092,2460.435992019444,15.0,394.9962959113993
875,457.9761720477336,1838.550954758655,16.0,394.79655987169014
876,2121.8324554761825,251.4539792996871,16.0,394.4063099205283
877,842.3361451504047,1449.5286838080144,14.0,394.05560850192205
878,1399.3985685750924,724.6662190190598,14.0,393.9985603024751
879,2874.6548508575775,3381.062910027166,15.0,393.9735747759447
880,2575.646963763018,3161.9505089495633,15.0,393.7896502205662
881,1182.8710513243486,309.4605112416557,15.0,393.74354804558595
882,2915.085697899748,2984.4510936473466,16.0,393.4037432467363
883,3549.860737883069,1199.8795422934818,15.0,393.3185359714988
884,576.5440880102657,1176.7543876919895,14.0,393.2451935645431
885,915.4594911613767,609.7177698144052,14.0,393.0914021721136
886,2009.3506284979749,635.2876867144239,14.0,392.9861366342883
887,460.1117922768546,2283.0145677270943,17.0,392.942094910068
888,3265.9780932682343,1476.4370469272476,16.0,392.925269829394
889,1730.925409301926,3030.879944831859,15.0,392.88246380784045
890,2157.3568271333615,355.5818390240289,15.0,392.6289658018808
891,1433.0463298141658,2035.0871704090766,15.0,392.40303654866835
892,204.8513223333553,1861.292703007531,15.0,391.8717851643884
893,795.034479893126,2236.1079655518934,16.0,391.7032142984897
894,1777.935891202253,3424.4077310514335,16.0,391.63737186261005
895,523.0885293975916,1755.8753493242202,16.0,391.21203569520003
896,213.50572672929437,1511.8680125816236,15.0,390.6648985186495
897,3245.7044106178637,2736.008030694362,15.0,390.5624355808161
898,3089.78610672206,1771.4945083222792,14.0,390.5271951432337
899,2736.312008171105,1434.5146132858029,14.0,390.36915192269237
900,2207.3538262171805,3112.721251747161,14.0,389.9060677708177
901,2604.7363700934843,3736.13726206426,14.0,389.45486248545774
902,1111.855509720958,402.8085383520948,16.0,388.8623198278251
903,1323.6581110742688,3021.517973326162,14.0,388.8320064571791
904,2531.154307421204,2841.9145558787645,16.0,388.7466743493667
905,3161.0645037366544,3138.0037877001146,14.0,388.503141762131
906,878.9091325927969,2997.3195288455427,15.0,387.6833730286628
907,3249.765941625957,2999.4016275509875,14.0,387.6710054128993
908,2456.483541753968,2637.771587368567,14.0,387.5596729669707
909,385.73120703346785,2098.419818780754,14.0,387.4365855356828
910,3390.1806411580633,605.8136422632998,16.0,387.15675863917454
911,826.2680465779888,835.3316340339608,15.0,387.14004030061216
912,2303.3350269642883,3401.819040843354,14.0,387.11136050322193
913,1019.2816110389307,3220.0457757771715,15.0,386.48057844624543
914,2516.548902408756,972.762983530014,15.0,386.3057230013288
915,3846.8342063058103,2956.797905635951,16.0,386.1016762017214
916,2216.31585035254,2724.4540560175114,14.0,386.0513276386583
917,3261.5764575009503,1710.8816531177124,15.0,385.975732238354
918,3910.2556188086555,1514.795050303151,17.0,385.9458742041986
919,3794.48775488202,1551.0178393241156,16.0,385.9405855229401
920,2601.926440852586,988.9210587801119,15.0,385.9332671749397
921,2775.242438398428,3323.4640673090994,14.0,385.58141886117045
922,1217.340298489377,1228.6244498010392,14.0,385.3480288694932
923,2457.5687678503054,430.99761297071973,18.0,385.26590779474316
924,2832.269127846979,2278.205022856931,14.0,384.8119028846633
925,1917.7937503804842,3184.6773415222788,15.0,384.7928538987746
926,2213.3930509957486,4037.3125455864147,14.0,384.05073408623497
927,1808.1068622492517,202.8090128799733,15.0,383.91480561682084
928,1016.643617721399,1085.6323930143783,15.0,383.8105225460753
929,1074.4552558760856,2038.349344243164,14.0,383.79782057953696
930,2705.8366813003704,762.2911052932948,15.0,383.76096930024204
931,2611.837970336145,3129.748516150858,15.0,383.50852405280705
932,1133.2432748287135,994.5707661696092,14.0,383.4562988930463
933,727.3670176739381,2453.375164024495,14.0,383.3298333840222
934,3054.4246784875368,1326.6597422480227,15.0,382.5796049458978
935,2767.003029860257,2479.8912915274664,14.0,382.4610684802703
936,2975.510940217382,2926.4114924935557,14.0,381.71846311728535
937,3223.296239440132,1550.2673936959077,13.0,381.58525119010227
938,3226.1872590319394,1714.6566802023467,14.0,381.37522904044374
939,3409.054017697881,714.410259803556,15.0,381.05916216138854
940,3678.344634057073,2687.7510398888962,13.0,380.71655645696103
941,2933.935971460317,1231.951165664342,15.0,380.5955749245373
942,1489.4194336719042,1163.3851551902105,15.0,380.4017319446002
943,2991.6402168603786,2765.3966467178984,13.0,380.17881937109416
944,1676.8774784896623,993.014299527433,15.0,380.12048896540347
945,275.17879376448724,2734.7807972060627,14.0,379.73337325388866
946,1303.1333367210004,445.0252959485986,14.0,379.70995438966173
947,2856.868805800775,2208.52906027059,15.0,379.59817984040893
948,3592.4951070407865,3027.661420698447,14.0,379.098431097455
949,3743.7563103201414,2825.900677956397,16.0,379.01337542652857
950,3298.042062206542,3143.3560796693932,16.0,378.79498252284634
951,2543.2198526248803,3567.7869665992607,13.0,378.4625845333897
952,1303.0430298416732,1582.4961534702377,16.0,378.19501726092375
953,1758.848631524626,3410.6174308205013,14.0,378.11425268277935
954,2910.745766491005,411.06705971081095,15.0,377.97022521748744
955,1435.213305422398,1321.6351034903287,14.0,377.89377460879984
956,1694.4748613255613,1380.0631139722157,16.0,377.62839382100634
957,358.26446877703137,1106.6711492923787,14.0,377.58972203475065
958,1538.9184145823588,434.29993770614453,15.0,377.1934092472689
959,3173.554022753856,3477.434701954291,14.0,377.0566483901483
960,519.4053794445642,3143.9459216266173,16.0,376.5647109649107
961,152.33416273052296,1754.6835570342625,13.0,376.54352287722503
962,733.3120328515747,1051.255326199041,14.0,376.19631993421814
963,1744.7783640410444,1205.603572191668,14.0,375.9477294747641
964,2122.201706182564,2791.23230366927,13.0,375.91337095628353
965,1246.0544066539824,2654.267574029131,15.0,375.83467454191793
966,1097.9258401935629,927.1996768196923,14.0,375.750338394266
967,3302.4834975880544,1931.04042733956,16.0,375.65399860317655
968,266.0184695128846,1778.2992598098767,14.0,375.4184607843089
969,3863.9402676909713,2303.8034118525684,14.0,375.3683155829393
970,3566.1686869097034,3154.027858081541,14.0,375.3154401197356
971,4052.9183065731677,2144.4508123341448,14.0,375.3085762094413
972,1188.4102948918921,380.18854357327376,14.0,374.98997878043957
973,2313.6891853750562,3222.2488603907123,14.0,374.8170432935392
974,3164.727477795394,2388.7340803290335,15.0,374.7654899367179
975,2998.535604394929,1694.365286512078,14.0,374.58852703076917
976,1244.2788495363286,741.7722750258082,13.0,374.31929266584615
977,3858.485784790783,2638.6646259162812,14.0,373.5737586436076
978,2036.7833094142472,2489.5890892229436,18.0,373.5511135843118
979,2672.138533945864,1600.730553537372,15.0,373.5092629814757
980,639.5240918213966,1694.4431076075666,15.0,373.10860862499135
981,2853.500027804093,3458.8150436908304,14.0,372.962333318352
982,3032.0159231328175,437.7250207793004,15.0,372.9362629456343
983,2836.2827212826282,3509.420344764618,15.0,372.8850083376874
984,2552.3062953774656,3825.7483117880383,13.0,372.5855330420188
985,3470.0724658053336,3255.6303363079364,15.0,372.4118172251174
986,2980.325134227774,2913.3921409536197,14.0,372.36446596261516
987,1150.5849352248626,3116.821446119783,14.0,372.0605037577621
988,3083.727156335268,826.3479312561847,14.0,371.76531792095335
989,3504.8309907669263,2467.766186821442,14.0,371.7170420650804
990,2888.207024555056,667.5492003425778,14.0,371.5672198872389
991,3141.7207953684915,2737.7377806948034,15.0,371.3970953194038
992,3356.6885663431885,1268.08589598282,15.0,371.3383373456009
993,1819.95979171384,3255.9781922755774,13.0,371.3096658788883
994,2069.4929768713596,3625.592424769051,14.0,370.8699153566292
995,2825.5206028401935,3052.2791356823477,14.0,369.80352415359107
996,1599.1355994622897,226.41780941565548,16.0,369.5344564030911
997,3775.1333777697505,2726.916423078409,13.0,369.34586280786317
998,2978.38145090498,2567.6823490366614,13.0,369.2033262988531
999,1705.5288984131835,1512.4247801897716,14.0,368.4043704849633
1000,1742.405120137183,433.8910684032155,14.0,368.2472368721086
1001,3985.4190006250674,2109.6040068554785,13.0,367.94558752559516
1002,1082.3814995678385,1818.319416128445,14.0,367.87834567203305
1003,418.6647374548543,1875.3421476460292,13.0,367.83549790295916
1004,3517.809529416143,801.6883238546845,14.0,367.8037708800972
1005,3128.0794052025913,1205.7301806563862,15.0,367.7839660968554
1006,3039.9840995715954,3330.0211576838647,14.0,367.76070427226347
1007,1226.337274326661,1886.0662054767463,16.0,367.2006308173448
1008,2466.797979522148,1011.5772183079306,14.0,367.04341598036984
1009,2298.594490046702,1039.027002631048,16.0,367.0100643467935
1010,3032.4379417609557,2608.2053464200835,14.0,367.0086367962491
1011,1593.4454426582352,2261.9169691272837,14.0,366.70345207357434
1012,1401.9360350462082,3111.8784840312064,14.0,366.53634002900947
1013,3172.7459986027047,1734.5435336978414,14.0,366.5073953758204
1014,1537.2171221528567,496.50939979243236,14.0,366.3342684531338
1015,3246.623331321607,1594.5816906211862,13.0,366.2888028655558
1016,2623.7434987787574,1154.0206177597295,14.0,366.24536657263445
1017,1805.6913842677604,229.75543751609183,14.0,366.2378606444207
1018,3851.7530467858082,2166.385274818016,14.0,365.7865348838903
1019,1286.3371564223426,3796.006988189375,14.0,365.43392420878473
1020,2813.9736072296255,791.7536469392276,14.0,365.30988147472664
1021,1627.429778214623,2649.3956359425347,14.0,365.03557561322646
1022,2316.6621836977556,2873.611494919773,13.0,364.8765393382123
1023,2266.438238627469,2616.2615601509024,14.0,364.6791155677876
1024,1219.9348489239621,2439.8814804462054,13.0,364.61109215399114
1025,896.8223307645884,2435.3142133216115,14.0,364.5858450326769
1026,233.88873988263958,1355.4144867796706,14.0,364.4866300261459
1027,1466.7568400629107,3606.756636191226,13.0,364.1929603422809
1028,1410.4420593921957,1720.3687453095818,14.0,364.1197030685168
1029,789.8576628436248,1739.7391027646906,14.0,364.04194150595947
1030,3273.360213143994,893.0218792899884,15.0,363.942500235553
1031,2471.770647946162,2997.39195238158,14.0,363.87577129068484
1032,3433.371408265478,1149.8345858727962,14.0,363.3767129066699
1033,3966.0404276764266,2016.0061355440378,12.0,362.72854389027475
1034,2817.049364534632,1733.920517266241,16.0,362.23876615340663
1035,154.69764225355667,2446.3587933721924,14.0,362.01423782355914
1036,3625.5783513596716,1225.543362064383,14.0,361.56028502627163
1037,1084.18155998146,3019.9969190612724,14.0,361.3688826624936
1038,332.4015982265004,1190.4695503915657,14.0,361.3622716295655
1039,2010.7649440060525,3279.153034318153,14.0,361.18773034910816
1040,3195.943483582837,1481.5321157353405,16.0,361.10218844233293
1041,1022.070058211277,2164.205359709391,14.0,361.057732981756
1042,2146.2637996412827,2513.0940507202963,14.0,360.89611960505965
1043,3406.0766950009083,720.0989047515625,13.0,360.72218048293473
1044,2418.970946232255,388.33200424654314,16.0,360.6692441438159
1045,3496.252249441569,2362.2488996688876,13.0,360.6386030717419
1046,2593.67224251746,2710.440824235448,14.0,360.5324485368067
1047,2778.3038138569304,2969.6869590770916,13.0,360.4509199315193
1048,2738.3181662518386,3828.802157639958,14.0,360.44475312863113
1049,2380.71954680395,2825.479528809588,14.0,360.4398108386957
1050,2470.4897786105116,3839.3069897578994,14.0,360.31128917609914
1051,1544.7491018766088,865.6993042980752,13.0,360.2123463139263
1052,2830.6454771052213,243.1782521601859,14.0,359.78926035529906
1053,575.6347934018866,1770.1638174743173,14.0,359.52725959323425
1054,1479.2302974812426,520.0764083266919,13.0,359.3439362109731
1055,2146.371225140672,3135.746538232729,14.0,359.0998577963786
1056,3056.850189535475,644.5589194113786,14.0,358.58400959707774
1057,1871.205441837651,3867.9002408534684,13.0,358.5278413601039
1058,746.3174189485109,1266.5387858367235,14.0,358.3694853622024
1059,3350.6929170295416,755.6831140646663,13.0,358.36431052654325
1060,2525.766403388279,684.364348662412,14.0,358.0395178786361
1061,1880.6884350850187,245.51038666029064,14.0,357.230101386699
1062,1898.5133371759296,1231.639487349674,14.0,356.97868292227344
1063,1105.5862633418164,617.6674799396549,14.0,356.729780451361
1064,3483.4554258714434,3237.528277874909,14.0,356.6736657647942
1065,1582.7211316052294,312.84875816120893,14.0,356.6038697511314
1066,601.1845385302148,2227.576879527938,14.0,356.4575528243666
1067,1446.967256722775,2613.3829972646436,15.0,356.3992964468613
1068,2842.4455882766424,3471.3925485596183,15.0,356.36054867027735
1069,3817.6326479074028,1494.3322925957118,14.0,355.9491594851053
1070,1365.2502931333038,2517.0362276673854,15.0,355.58122630456415
1071,2906.1346962671064,823.1595947798222,13.0,355.3475282052537
1072,3043.49324811281,3785.169645463909,14.0,355.17247013998406
1073,2417.151702549222,117.448548413846,16.0,355.12501951418454
1074,549.0069064833853,2094.1495342709272,14.0,355.10143010463304
1075,1608.7832912389927,1551.0892131689632,13.0,355.07744201345497
1076,2392.525521298348,1194.1573430863577,14.0,355.04179619131935
1077,2091.25455737185,795.9667245952659,14.0,354.97363699894
1078,3787.8050600480706,1574.976271182715,14.0,354.3402302441526
1079,3549.146372799993,3104.607181230138,14.0,354.2570395654576
1080,2269.5121642977156,1333.18694644377,14.0,353.99860119776713
1081,790.2651488200388,1235.0375136847913,14.0,353.97835539451506
1082,3212.0452704855284,3084.0397170561296,13.0,353.52522898456436
1083,3299.9994757477243,2705.3046822539427,14.0,353.4908812809439
1084,121.47943692222987,1745.9971118633694,16.0,353.31093331531173
1085,2496.925165157099,3580.283140180199,14.0,352.98636251770444
1086,3252.110766253878,2294.7672780746193,13.0,352.9114874791325
1087,2558.2363267148517,2647.2319798198737,13.0,352.83630369926715
1088,1310.6107752560072,3288.3655020646074,14.0,352.6101302735822
1089,2876.775753503925,1021.8088448085043,13.0,352.60108110553847
1090,611.656899563804,2643.6143430774337,14.0,352.4508925466068
1091,1497.9507654887805,3456.950838922278,12.0,351.76434327281214
1092,853.5585835109374,2112.596527978395,13.0,351.73249850200943
1093,3095.0099902810452,1460.5622549263921,16.0,351.5088627102785
1094,1196.0074433558261,3042.0238251935066,13.0,351.2138704064631
1095,481.23031269515513,2211.3352870880917,14.0,351.193777732263
1096,3486.5506870974177,752.8664905359615,15.0,351.13822570268934
1097,752.6248542235219,2213.0665566126418,15.0,350.98397615550226
1098,2784.544610506711,3857.7294639174565,14.0,350.60417365304517
1099,3723.6416096444555,2028.456600360051,14.0,350.35043664627074
1100,3454.23626212559,1562.5524541478446,14.0,350.05814553922943
1101,3024.6772845536393,3544.7800075122886,14.0,349.92696485817146
1102,2180.4910463383326,580.4006690758082,14.0,349.83681783290996
1103,1342.8826022126102,1774.8264531131072,12.0,349.7563285706296
1104,3690.9410694196813,1028.4402607336076,15.0,349.6897632598364
1105,1403.9156589473862,1788.6364531514553,14.0,349.1802128042894
1106,2725.7325662908793,1562.013736787652,14.0,349.1215452248059
1107,1040.0946757356253,1576.4968798164032,14.0,349.05935325839175
1108,2817.5335862697502,3821.71331915836,14.0,349.05899397947195
1109,944.9683350548248,670.9979855415543,13.0,349.0026449523057
1110,3731.7909816933984,1135.1478782879308,14.0,348.9200751750687
1111,2379.291184049595,1603.8000147590176,13.0,348.27689307480284
1112,1014.4809396375954,2600.9446334727363,14.0,348.02340364475344
1113,2831.3413364191383,3414.7677240367393,13.0,347.89231221515377
1114,3167.150245564727,1452.672224607363,14.0,347.8873657425784
1115,3715.3627383794887,2858.790652756749,13.0,347.49364579367773
1116,1810.266920414823,1056.4128276293127,13.0,347.4683400471628
1117,996.9859753702967,1612.2318913914887,13.0,347.35935083511976
1118,2917.082569778233,589.606025629538,15.0,347.05437209821787
1119,771.6562402474257,3562.4677217840685,14.0,346.74985667363836
1120,553.5613435864711,2475.3609655009395,14.0,346.58799167544953
1121,3382.2174221549,3018.5572987158052,14.0,346.19853894164413
1122,1240.3312489590016,3561.9151620488124,14.0,345.9349387267232
1123,3887.6224871188197,1787.616618125463,13.0,345.8860737893272
1124,2209.305701698583,3766.146064385933,14.0,345.51178954520805
1125,1633.3747717919503,745.9652175791903,13.0,345.4830614472758
1126,3308.4714392124547,2588.540433356736,13.0,345.0354204333064
1127,214.06459122626896,2474.283519337956,13.0,344.884858337507
1128,3597.2727111462787,2000.909026442168,14.0,344.15654802111374
1129,673.5613890249109,2312.2456716839365,14.0,343.9524098900007
1130,1460.005441352166,1330.8402544770609,12.0,343.63959180161856
1131,2939.505244483772,1459.7839554660807,14.0,343.44480982677277
1132,2273.7917699965283,616.8086657843154,13.0,343.3835914133181
1133,1472.717599946461,1962.938691909076,14.0,343.3393454225125
1134,460.7127150512232,2970.1359751507234,14.0,343.2779921913986
1135,899.4907352393186,1424.5236450488794,12.0,343.1297637825938
1136,1554.441353065351,3077.5800383600226,13.0,343.0982864614243
1137,2821.734118854511,3514.323338217243,13.0,342.85596018331415
1138,3418.857357929351,1006.1914584767169,12.0,342.607062151077
1139,1464.888135464015,1048.5149608620072,14.0,342.54286532455905
1140,2633.9385614546427,3688.649030487865,15.0,342.2623315530168
1141,1421.6364174261432,1589.7646148959132,14.0,342.20032715956575
1142,3739.4501485618953,1841.1436536991116,15.0,342.1453717976881
1143,2514.7010212969158,3674.242793867728,13.0,342.09963702691357
1144,3272.584529258775,982.1100595624708,14.0,341.96998278799134
1145,3047.0805080643386,3475.949785001161,12.0,341.71996698478637
1146,2513.686237487162,2784.3326840086147,13.0,341.1798301421602
1147,934.3491200853523,2575.2954352006846,13.0,341.14027679353586
1148,3334.715194355489,3550.848315234798,13.0,341.0274834467406
1149,2413.191334444805,1784.4805644857204,14.0,340.79477948731477
1150,3000.157459460123,3851.8974909334006,12.0,340.7168172245664
1151,1026.9135964430986,1051.7913939978016,12.0,340.64830879436465
1152,3451.562557875585,2842.1407209629206,14.0,340.63921153571926
1153,2778.559025582888,2542.2920996073667,14.0,340.61865555406075
1154,591.3187409024289,1711.599240655492,13.0,340.61389640204743
1155,262.24908928347656,1453.4096959167143,14.0,340.4937915318678
1156,2645.2632751252227,584.5911249303299,14.0,340.3098661588787
1157,2491.894495827248,716.3581522330702,14.0,340.2506498687073
1158,380.63061993762744,2148.276121370119,14.0,340.1245185293719
1159,2628.6984654105695,1106.6234355881452,14.0,340.05596448399007
1160,3313.0428697810294,3229.9366664099625,14.0,340.00611817576043
1161,281.46231542924835,1640.6707891962735,13.0,339.8300886328767
1162,3495.7462346165735,2286.8311129857084,13.0,339.8136189844255
1163,2725.8587578773495,914.5331920938052,14.0,339.4189615386845
1164,3030.3864088893497,3280.7681989495422,13.0,339.3911622377711
1165,2367.9554389014093,3023.2684042689166,13.0,339.27097112601183
1166,1547.2468585560302,3146.1970166254746,13.0,339.242639620281
1167,2727.8767565492926,785.4838715165644,14.0,339.07806373844505
1168,1212.8475771816522,3010.2182386085115,12.0,339.00607652929193
1169,3212.827628261594,931.4017240162669,14.0,338.51617954680853
1170,3014.7952682014143,2850.3557825491534,13.0,338.4524003100194
1171,2963.8048617442805,3603.829859771569,11.0,338.39559070431386
1172,3327.1249973823656,3361.373728411901,13.0,338.2941443088032
1173,851.2391989892017,3578.8419126934023,13.0,338.12257808992024
1174,2586.104261989516,2801.072102675834,17.0,338.1134780562947
1175,1851.3083999998648,3117.2058040833026,13.0,337.7120285377849
1176,736.1552054734489,3495.197972002567,14.0,337.7107399898793
1177,1386.825140132847,3731.673487954647,14.0,337.2246849320159
1178,2009.044899570197,478.7755338241556,13.0,337.16044708663475
1179,2736.5463457798837,2581.401029028686,13.0,337.036699910389
1180,3092.524213315425,2334.322232651746,15.0,336.9109077996789
1181,181.06555215473188,1716.6040714249198,12.0,336.59255133666
1182,2480.7218129201397,1890.906475036663,23.0,336.27871391703206
1183,2523.7300479811543,3169.1031129249936,13.0,336.08235041250754
1184,3419.429204425396,2747.2923921478855,13.0,335.69900920356247
1185,2256.2324485167355,2457.407501762246,14.0,335.44064404909426
1186,2204.223728969442,2943.0670209926266,13.0,335.3592567723476
1187,2770.586327847654,2170.394637673927,13.0,335.2906414377885
1188,977.7145195322645,2315.0879784914205,13.0,335.2785340963367
1189,2822.761441298684,286.27786112775857,14.0,335.1640842403484
1190,1854.0477203570783,181.28257444019025,15.0,335.10073560886093
1191,1354.333755725271,3272.4918233553876,14.0,334.76844867059725
1192,1492.8874332015173,2702.54981147487,14.0,334.11932608060994
1193,841.2016619013507,496.61040032188987,13.0,333.97735086259985
1194,1234.8583787558646,888.3049532687779,15.0,333.9530003593825
1195,194.14693351300224,2536.7596924674936,13.0,333.8910137304583
1196,837.1045568437073,1395.5553835345793,14.0,333.7477992736879
1197,1124.1853716496487,1994.6362765048716,14.0,333.7344557876151
1198,2720.369264902407,2013.140559606861,14.0,333.48082742960827
1199,2540.442779422969,1844.6568898382168,14.0,333.4268456117703
1200,4018.4887683224256,1873.8054950867486,14.0,333.32215472242024
1201,2698.4801500476738,392.22659262226085,14.0,333.29879665275143
1202,1042.749005162281,2078.0427263543447,14.0,332.50215663335814
1203,879.8976562444358,2128.249642997868,13.0,332.38070359052216
1204,2881.1272038174698,1301.6277238185378,14.0,332.3730060229189
1205,3543.1858088774643,2598.6997060464128,13.0,332.301744237369
1206,3275.527900884102,2347.0000231005615,15.0,332.2866708719788
1207,551.0984677341561,873.991926972257,15.0,331.9705095402527
1208,1819.494244799223,2434.0060777832414,12.0,331.952721923002
1209,1043.5716209221555,1837.3155730955345,14.0,331.499317641703
1210,666.9502672888053,885.7752461033975,12.0,331.3275512751415
1211,2237.678063378399,3129.7058243473975,13.0,331.10290656457704
1212,1753.6052645465043,1266.7752243832906,14.0,331.04487597931484
1213,3547.498381734743,3237.7474478103513,14.0,331.0347218198758
1214,981.247622540335,3103.407030201448,13.0,330.9090466966652
1215,3206.377071924775,541.9076677422614,13.0,330.6987725685523
1216,3119.4748454839455,2596.435192782926,12.0,330.444432669275
1217,3725.719500011058,1652.5686737738122,13.0,330.22140410427795
1218,1026.4004696927013,783.3500793984344,14.0,329.9435087321304
1219,672.8842390121347,2726.099528616587,11.0,329.88417813522665
1220,2559.7261864794004,2815.784429213935,13.0,329.25481159834953
1221,3766.0317025815657,2647.6808345125746,12.0,329.2022278900929
1222,2376.4317574233637,1221.2132675310086,14.0,329.1906678052442
1223,2225.788390744494,355.15179767514644,13.0,329.0997654765559
1224,3081.414442126534,3253.2932898339523,14.0,328.61003327086866
1225,1815.224722750066,1413.79603823899,13.0,328.5869666625114
1226,2604.078037607172,828.5639676425853,14.0,328.3460209481957
1227,3820.370939957932,2148.659970929081,15.0,328.16001823930645
1228,90.58883395406428,1916.4072143656147,13.0,327.8110527223953
1229,622.3404264493225,3200.310854006764,13.0,327.3783114083834
1230,1463.167199121512,546.7570981626975,13.0,327.1771685699346
1231,740.0801051463626,2976.154202086197,11.0,326.9642523639894
1232,867.4866223343054,570.0646757644855,13.0,326.93192259852503
1233,2699.285373629605,2940.3681318884537,13.0,326.8253534864242
1234,1142.1575230900712,2908.865289204346,11.0,326.80840030883525
1235,1919.94159831036,3758.9042954024376,12.0,326.5916612109199
1236,3964.9439917602626,1615.5712348185518,12.0,325.9435292520431
1237,1996.8518978482805,2486.3071957216157,17.0,325.7258932068636
1238,1633.113289156928,1080.5625950838623,14.0,325.6490289543114
1239,2305.573269066197,685.3407312181112,14.0,325.6124816400227
1240,961.0542397399724,1322.268027702467,12.0,325.44241524447125
1241,2714.2917155948317,3043.1944807441873,13.0,325.02514057953437
1242,2109.1474928912007,1344.6385545408707,14.0,324.6848698970187
1243,720.7927773553298,2082.1188519291986,11.0,324.6464491238488
1244,2519.0594732717213,1051.31994753579,13.0,324.3480467394381
1245,2549.0867928095527,1467.8249556389817,11.0,324.29450146747615
1246,1264.0577908842204,3683.8170671487524,12.0,324.0858285899088
1247,3371.085409109568,2639.679600446888,12.0,324.0308385973068
1248,882.5183409221697,3666.3432181520584,13.0,323.49051733740134
1249,2768.3683675384646,2788.1102280853347,13.0,323.3897573540798
1250,2002.1204618984234,2592.9425672742695,18.0,323.15227006569086
1251,3917.2465607154586,1268.020540214873,14.0,322.9258623945747
1252,2961.141118402662,2113.634004539236,14.0,322.9028425759315
1253,1848.7443682399214,644.3712632125932,13.0,322.67947931992177
1254,2181.5659470229666,787.181263769233,14.0,322.5306532446411
1255,1827.513348993604,199.45764856264435,12.0,321.8286792986393
1256,3534.738866890011,3171.8161092659775,13.0,321.69640611051386
1257,2794.475671104796,1376.8187820732053,14.0,320.1989833143822
1258,938.8262291569064,558.5023258017428,14.0,320.1138325026464
1259,1525.7502524396255,3739.711419462477,13.0,319.8078466080382
1260,3722.523144736434,1539.3998977118029,14.0,319.60095010907696
1261,918.4187978486752,838.91803484955,14.0,319.5959360790935
1262,3131.713550805951,1250.68742941921,13.0,319.551693577841
1263,2498.2064729080116,3951.520135763204,14.0,319.4325842733347
1264,4025.592028240376,1980.7469672292523,13.0,319.16711497161293
1265,551.52323617825,1898.7210070210197,14.0,319.14015935723233
1266,1518.5664661202263,1384.3672197810977,14.0,319.05946343963865
1267,1246.5465553062377,1710.5426036048364,12.0,319.03164168642763
1268,1445.9141315967356,752.4704514941533,14.0,318.74136882838536
1269,2868.610301456152,2718.131826723125,13.0,318.7247170079896
1270,2564.6728386042546,3741.11556290934,12.0,318.6683778022759
1271,3447.6604685868247,1897.8108386771216,13.0,318.4990465823804
1272,3578.7591075751284,2183.515231466698,14.0,318.49282996570264
1273,370.8234388215188,2832.485141769029,14.0,318.26514301898993
1274,3161.1610114566492,2766.8856900826336,11.0,318.1623420134121
1275,2991.7243448565177,1214.6725654603044,13.0,317.90262975717815
1276,2203.176895759556,762.0808127015646,11.0,317.8892474448572
1277,527.1799077922636,945.8220462466006,12.0,317.73640328623344
1278,2175.7473759476193,495.86636358927,12.0,317.49530275155405
1279,1951.3673959204564,3487.4676195772095,12.0,317.3739601641635
1280,2858.3285906542574,419.26677444716,13.0,317.2865018721109
1281,3670.1113899199327,2795.449157754939,13.0,317.0393995512414
1282,1162.7348241505579,1183.2547184623058,13.0,316.88402779520953
1283,3070.3632579398027,1605.346958044897,13.0,316.849583231368
1284,2931.387431128071,657.8534756047901,13.0,316.2758083972203
1285,567.1210663169117,2906.217508246598,13.0,315.901808349333
1286,2009.6822543634112,1005.8093909772801,13.0,315.7520908801766
1287,2767.8616338367933,1910.6868304308173,13.0,315.47861293302503
1288,456.8044968221389,2800.175534196106,12.0,315.31567881130263
1289,1071.668908308016,3496.116892550346,12.0,315.2137378893661
1290,1262.2227624149352,2295.1575111891834,12.0,315.12913224283886
1291,1484.4473569720865,3158.5660178330218,12.0,315.12419359494163
1292,1418.2539734241832,2212.439372213323,13.0,315.0356923150958
1293,1558.0603434251746,3937.524728685475,15.0,314.8387651955418
1294,762.7890247522527,2468.3335364003433,13.0,314.7041437553604
1295,2936.814174722778,1079.9345916817733,11.0,314.69596575068033
1296,3275.5686934459764,1942.9302373800979,13.0,314.46290537652874
1297,1891.9080743044585,827.6974521826463,12.0,314.46030017558314
1298,2856.457781303062,2833.3048309992278,13.0,314.07071687492754
1299,2683.7240480110377,309.07156824059166,12.0,313.9030087110159
1300,1870.5895423565405,532.4850623917625,12.0,313.83164599778786
1301,2933.40702473292,2301.1177590438047,13.0,313.6055402744545
1302,2671.0086155507856,1105.1286474746976,12.0,313.5024670376624
1303,2861.250206216175,2704.638215989955,13.0,313.5009715230171
1304,2981.3555166676842,575.5471010998141,13.0,313.44960607227983
1305,1182.1106806859216,1743.1562677347888,11.0,313.17420300242765
1306,2051.3288072674013,2622.0145373190785,11.0,312.8040955133309
1307,2476.669932871786,298.00137311358,12.0,312.7976413586433
1308,840.573607994855,3342.9619750118286,12.0,312.75581483384815
1309,3294.871100903334,3408.4261947996433,12.0,312.3914989806419
1310,825.3922655807185,1656.7106062779171,13.0,312.228092196677
1311,2980.928020849382,2614.384419964374,13.0,312.11849364311263
1312,4009.8036483773526,1945.2111564838178,12.0,312.0485445058147
1313,1393.1749547704464,1596.8618354736013,11.0,311.79501939883465
1314,3856.1990086342535,2053.1615600076866,12.0,310.99984822723115
1315,1459.1991330933377,1474.8826972600768,11.0,310.6471227398834
1316,2111.70384243308,3337.394113454016,13.0,310.58616992638076
1317,3002.033553490416,1067.340068034362,12.0,310.52741827343357
1318,906.677658535104,3159.15965055785,13.0,310.20064486797776
1319,2104.7854651314046,947.7070692413013,13.0,310.0672647395713
1320,1345.2701227599896,893.2647773189681,13.0,309.8655345070679
1321,1004.8461575480487,2253.2241632001246,11.0,309.71996031291906
1322,1319.9101618852494,2044.5444068374886,12.0,309.55178547925857
1323,2089.961062344776,3354.070840226166,11.0,308.9647173889183
1324,1263.5595680994973,886.2492045933174,13.0,308.8733270073949
1325,1564.1089437419243,904.3639252037567,13.0,308.7994616006201
1326,207.6673032346213,1675.1895732503199,13.0,308.67110738481097
1327,245.28385594601926,2365.4595824588014,13.0,308.5532717196805
1328,3213.847588484927,816.5613263617612,14.0,307.85681921436003
1329,3055.8995569072263,1465.279836650037,11.0,307.78895247092504
1330,2607.6619483382046,3410.889432546076,11.0,307.696434743777
1331,836.5345816199678,3384.3737522765014,12.0,307.56916166104986
1332,2009.181338792125,2458.222701144867,18.0,307.5139619431611
1333,3426.4142347186557,2942.6483273998715,13.0,306.9607766619816
1334,3729.7946321413033,2330.4549731046777,12.0,306.93270398094455
1335,2190.876916226254,2628.541623048361,13.0,306.75095378819157
1336,2870.576967224688,3866.3413624407312,13.0,306.74069368301986
1337,3123.261826714523,1556.2297044103298,13.0,306.3793092966439
1338,1749.114505756152,1422.3352058683488,13.0,306.253342850467
1339,3054.200575231992,3018.326920990225,13.0,306.0774225925254
1340,3391.3562915961447,2530.861081059197,13.0,306.0216716015625
1341,1611.9476510144125,364.3418992210187,12.0,305.7517654239549
1342,1795.481624831718,3015.2806041597246,13.0,305.42537795381395
1343,3196.795624255106,1536.5707029921057,14.0,305.35987025784755
1344,2671.0190569388915,1826.5253822345157,12.0,305.35814864031147
1345,3465.5884102279033,910.2427835353591,13.0,304.7815466014724
1346,3435.169272360815,3273.1872997224614,11.0,304.62117850592745
1347,2857.031218163596,3322.7680158714784,11.0,304.48761141876565
1348,465.6583586599951,2181.8035356200985,13.0,303.9183764860313
1349,2892.6226203404062,3154.6314131042996,12.0,303.7702261050984
1350,2153.3316868710262,153.69681308679884,13.0,303.6989290203827
1351,2034.2603354547878,318.68125862319386,13.0,303.44679634015785
1352,2377.953582839376,3775.5656979950636,13.0,303.34829731905955
1353,1505.7569235104029,2055.7451034468263,13.0,303.31124516847217
1354,2660.9082547910293,3863.3107193868364,12.0,302.9913732640419
1355,1371.7870125975821,2710.7262716636624,12.0,302.8631113828078
1356,3676.457702893767,1825.8124106448495,14.0,302.66268264025865
1357,2032.1149505840847,2505.9372440712677,18.0,302.4451494685866
1358,1120.1175455070759,3190.1337920525807,11.0,302.386679055752
1359,3010.4155646104778,3385.4131577973653,12.0,302.3763558963051
1360,900.6514638494527,3055.207409140504,13.0,302.315064784269
1361,1631.184777957325,1144.1840239504538,11.0,302.3098435427489
1362,2446.4969342351415,2446.6180306316714,12.0,302.268734482118
1363,651.0238792885917,2173.891738415336,10.0,302.2021591996611
1364,2597.870430272494,2259.0194909179118,10.0,302.13230525863156
1365,3272.441664249257,3151.8023174368645,13.0,301.9583380218541
1366,1576.6961604427338,384.3859601846812,13.0,301.59142882794083
1367,2611.773073351033,2141.8432073050426,11.0,301.4896342043372
1368,3787.4531873800934,1390.447674143379,12.0,301.40252815509496
1369,3107.1215927593366,1512.1110424866336,11.0,301.1437416131909
1370,1896.513438419966,1037.9503756388046,12.0,301.08805682514975
1371,3484.1999162932107,2505.145355348667,11.0,301.030457302783
1372,1964.380538647903,732.4845406824414,12.0,300.9859103315331
1373,2763.2248510017544,1841.2430614843145,12.0,300.8441122883844
1374,2929.179591774281,3813.946903365351,11.0,300.6896967905088
1375,1500.9449328833275,2975.5171414504607,12.0,300.5023502901335
1376,1653.5053637569401,1921.9420681140155,12.0,300.21619699013416
1377,973.3790079677802,1160.5027906552734,12.0,300.0887646471425
1378,1592.50948118181,2551.990743841294,12.0,299.96486902866957
1379,3151.747570551151,891.9552453679189,11.0,299.74760417490523
1380,3021.5787197656136,3241.8009848905335,14.0,299.4117339187655
1381,1728.732682632334,2421.7691247427997,11.0,299.36254195256544
1382,368.25721805405027,1448.6065610960982,13.0,299.15303608843686
1383,2187.697322052866,1347.4053741944376,13.0,298.94315893044734
1384,2834.3005299421807,2637.9912102417793,11.0,298.80470607591843
1385,244.76368203450988,1904.4217136467746,13.0,298.7631002865767
1386,1304.5015014223452,328.42369107007363,12.0,298.50609549658157
1387,533.2190053966351,975.0749447115232,11.0,298.461435682135
1388,1779.4316145262976,2975.4670220118883,12.0,298.41116204730275
1389,1426.3932983791653,578.2789133289474,13.0,298.4011144780628
1390,1645.3978316829734,951.0387151189761,12.0,298.3067663796637
1391,2690.6990993073546,1325.930505651138,11.0,297.9952674052828
1392,1705.6095541090226,2844.5185825545573,12.0,297.4420539376139
1393,90.39115756951954,1862.6964230976594,13.0,297.4041596456083
1394,918.9638833157517,1454.467811064019,12.0,297.34258187685816
1395,98.75360449456785,2210.3244557881544,12.0,297.2307094252669
1396,3445.5475003665747,1678.7245505979124,13.0,297.20917312820006
1397,2278.774210281308,3744.3003803086003,13.0,297.12181011720503
1398,603.6194916448903,1985.1387444705674,13.0,296.9667656798582
1399,1020.9448474353496,3584.695571485697,11.0,296.45153088760696
1400,331.9784778446032,2491.3701113860466,12.0,296.3923450463939
1401,3426.1873729334416,1954.560740494337,13.0,296.36055759832806
1402,1327.2654677813764,1233.616828534438,13.0,296.2209140645877
1403,667.352632154595,2207.7110117178554,13.0,296.125316143996
1404,3670.468571121815,1536.4488561824794,12.0,295.9306925027913
1405,2611.7698085052357,2554.652537903317,13.0,295.75427078911883
1406,3394.029537923364,2643.105884835233,10.0,295.6422539242932
1407,634.80810184226,2470.1490744962166,11.0,295.5961762858888
1408,1256.006879074813,2520.6135211549376,12.0,295.5923182858299
1409,3176.732068956516,3016.093922300227,11.0,295.21729254663023
1410,274.9869450585096,1402.4871404658934,12.0,295.20382926443784
1411,992.1379771636999,2505.9761364594465,10.0,294.9448219348185
1412,1431.6053910891344,954.1742752587502,13.0,294.8436183318755
1413,1188.834271002341,2055.505869360725,14.0,294.4936207502981
1414,1827.5248078111501,3007.48999579294,12.0,294.31495513839207
1415,2637.8529319217346,1655.3257866716017,12.0,294.17741541633075
1416,3837.1882739777498,1109.6179928213774,13.0,294.111368379036
1417,2669.633023554945,3721.7421427483323,12.0,294.0924735804002
1418,2310.2855313110554,1554.9433742835085,12.0,293.73250812071086
1419,848.2814369759068,852.7147169220761,13.0,293.72600129518946
1420,2835.234959741078,458.3557844011263,13.0,293.7255592972574
1421,2251.730228583169,1034.4860992364415,13.0,293.48901928007217
1422,2235.5654187370333,3629.8807806914456,12.0,293.4185553655582
1423,2955.2237783262744,447.150103198279,12.0,293.3511226199713
1424,2310.4329932090554,3054.2774667075737,13.0,292.9274912245905
1425,397.5629582733042,2411.1743162449684,14.0,292.8052194053531
1426,3774.48729870237,2999.0870032485764,12.0,292.68665483655246
1427,924.5888202132401,921.4770763981004,12.0,292.3956099228161
1428,2261.5503288730847,1624.9411375920201,19.0,292.201008970303
1429,2245.306645379026,1443.3156283394237,13.0,292.1802068070267
1430,2700.650936782914,868.0201877628466,11.0,292.11967231875315
1431,2209.9393420806314,1596.9544182346533,10.0,291.7040665346256
1432,241.6522446748928,1723.1413444167206,13.0,291.5039645899347
1433,2949.5500511914674,3868.099956189636,11.0,291.4876248859967
1434,2394.617883471924,99.56918784589948,12.0,291.31721442775176
1435,3809.4196896253666,2539.5151220008256,12.0,291.1516351954712
1436,2430.1989346263435,524.0004702352527,10.0,291.1002192273704
1437,1202.986662819581,2853.372291368873,12.0,291.03524116438695
1438,1597.5731864175057,2459.961939223635,12.0,290.9124908117548
1439,1738.6593776358525,2986.051234482698,11.0,290.82277378336727
1440,3197.4315424230144,2941.3452058806424,12.0,290.8104757106442
1441,3034.549647439033,594.6510701194865,12.0,290.7953931782418
1442,477.2922110254844,1656.4044054335181,12.0,290.5231361963429
1443,3711.010863668746,1267.2629520213322,10.0,290.506655573001
1444,810.5911356146742,2669.6732134077283,13.0,290.49434747855076
1445,1521.104522290784,774.8482684427472,11.0,290.3588178762156
1446,2851.8385336891506,1496.5858950069705,12.0,290.2689990707747
1447,3290.207658450235,2848.00868311025,10.0,290.0745757164686
1448,1485.571189351754,586.6359323393133,12.0,289.8671290815865
1449,2645.8610734737504,3743.5690456470393,13.0,289.8440828179048
1450,3892.0757563383527,1883.3412592517172,11.0,289.70962491418265
1451,1727.0049018315578,1783.1083766033114,12.0,289.5968346638052
1452,1449.2552929378767,1723.785844547003,12.0,289.5586452479516
1453,3705.603475538869,3057.8966314337836,12.0,289.45917323357077
1454,1924.2418449655443,2636.74155884223,19.0,289.37498715556586
1455,1125.3390043380118,2611.6864292634677,13.0,288.74549189428103
1456,527.4008147071759,1007.4003032185566,12.0,288.6730552412232
1457,3509.409668312137,2065.445674627886,12.0,288.5880120503187
1458,1289.1323609801163,2665.6936753502714,11.0,288.4992074006469
1459,2223.76627845056,3543.7735521982677,11.0,288.43285159184666
1460,3873.324668609198,2745.5242938787546,13.0,288.3612283147051
1461,2454.4343191025455,3940.069619988484,12.0,288.2003190779705
1462,1250.0882347580311,850.91291605208,10.0,288.08316014002156
1463,1583.3175895550862,3083.5008478333066,12.0,288.048920705104
1464,1354.8176969486797,374.02160373161286,10.0,287.7732238748518
1465,3205.016262345188,1999.4802782304857,12.0,287.75875392488086
1466,3214.66402697469,3391.3300998865625,13.0,287.60850647560665
1467,4007.9450436261077,2164.755941362168,10.0,287.5756375747603
1468,2159.2077781386943,656.3022637790634,12.0,287.48044738125634
1469,3206.3498343188667,1786.4968955401046,12.0,287.29794540140733
1470,1517.513532444531,3140.9701880476046,12.0,287.2492732586406
1471,506.43105295602817,897.0503081647445,12.0,287.24377623281174
1472,1263.5403283007984,2556.6070959100953,12.0,287.23175013075763
1473,571.7968403840285,749.713968288909,11.0,287.1809335815986
1474,635.996298948271,1862.7283297294907,10.0,286.997036941549
1475,3494.3051404648886,1335.7774544742936,12.0,286.8861062859172
1476,1474.5922481949992,1479.7412447589013,13.0,286.8795667387581
1477,1032.4022213397163,2032.7825846875517,12.0,286.6328862478346
1478,2366.2486615361245,3477.362008051801,13.0,286.6037884099766
1479,2627.58330310946,3648.523469467662,12.0,286.5079754722178
1480,1558.8062097748143,1302.252046735197,11.0,285.9442501335015
1481,1502.4340386488295,3118.5145391191154,12.0,285.9082693618456
1482,2348.995722853572,3431.2924736535,10.0,285.89031636587094
1483,1851.936460697613,1496.5048233494106,12.0,285.8715262662153
1484,2423.9463204676945,3553.3792828803935,11.0,285.8322689613605
1485,2198.2417059070062,464.4422856128747,13.0,285.8221035155797
1486,1192.8813907871815,3480.9339725803775,10.0,285.7136610178783
1487,3263.492709611233,793.7632007909549,13.0,285.6171498554922
1488,1500.3140378345179,2454.6454543849336,12.0,285.5393961722973
1489,2301.2239020484076,833.7371018776092,11.0,285.2476661375823
1490,199.1201702282822,2695.994489832914,11.0,285.20861808775027
1491,1423.4343438853832,1908.980108794109,12.0,285.05206862761935
1492,2770.162273225461,263.67407838178,11.0,284.9846914368383
1493,3401.3104250608058,1064.3162845176869,13.0,284.8760918867207
1494,309.789693466464,2092.410542294594,12.0,284.66993121714
1495,878.2103360384713,2864.024048014344,10.0,284.46889728136154
1496,978.4065063887842,3190.0887563767033,11.0,284.42697523721597
1497,2445.357670212061,672.5546710856281,12.0,284.24571611720916
1498,96.73122211724707,2041.1152835043636,11.0,283.9698605693049
1499,844.8749713173584,2382.9783473582543,10.0,283.9034123981888
1500,2497.9371850258494,3758.8911222931624,10.0,283.7067940489277
1501,615.9693245143067,1545.868255414188,10.0,283.6971296362657
1502,3522.5274242094015,1142.6294899703237,12.0,283.653989778302
1503,571.388799572349,1548.862627810635,12.0,283.4877569231519
1504,340.85740005624234,1731.8626059029325,10.0,283.4658026650056
1505,3616.242983234901,2655.1213242328863,11.0,283.3553074982919
1506,2226.4942600700397,3886.9541840425654,12.0,283.18942015827844
1507,3184.1756942290826,3570.390713536052,11.0,283.1080140017077
1508,2360.6133085428673,2747.5754855708174,12.0,283.107129805014
1509,1301.1065694431845,3672.174947836507,11.0,282.9913656385799
1510,263.24184174475437,1953.8126967547119,13.0,282.92717534856763
1511,1158.8013969455146,1212.6823511012528,11.0,282.6397385429607
1512,511.6817961285011,2102.2084551418548,11.0,282.6269693583995
1513,3728.4554928816938,2423.4882571612093,12.0,282.57865337374574
1514,1957.8936407482126,408.2296612448376,11.0,282.4866139299581
1515,925.446820993325,2022.5938933101181,12.0,282.2290118840434
1516,822.1566214562358,3638.9823312984977,10.0,282.21827663393
1517,3369.0535662933376,1032.9717283322836,9.0,282.2145967232434
1518,2293.564162822277,2503.2922877981127,13.0,282.1536951857162
1519,1345.6698732244467,290.09012423481,11.0,281.9295003808992
1520,834.1770522238135,3170.144734214971,11.0,281.8927243936351
1521,1570.9857320554388,2884.8319801934167,10.0,281.54770698418855
1522,2042.6277771849204,633.5096777946318,12.0,281.3468661797044
1523,3071.9158599607345,2636.513461811829,12.0,281.015665565656
1524,507.4173263643147,1390.0608710255276,12.0,280.8305303017944
1525,1676.6102948001424,1172.3593212158391,13.0,280.69523281541274
1526,2380.303274450673,313.2451538777123,12.0,280.5475572339344
1527,636.7234398039333,2981.0443527678326,10.0,280.4547912265475
1528,2057.7342233517456,3782.7605448533295,12.0,280.3249746424956
1529,1081.3573686294676,1430.646686505167,12.0,280.1028170899776
1530,385.39129786752767,1621.47066388437,12.0,280.0642533728975
1531,2772.076674616503,1644.2988233733895,11.0,280.00058026135025
1532,1266.0234204084718,1683.382780782708,11.0,279.9358191879119
1533,1178.4660785657816,1280.5102546999435,12.0,279.8378187958982
1534,1576.556879627419,3132.629919158486,12.0,279.81635452725106
1535,3495.2850861152565,1001.3786014166581,12.0,279.69164092453445
1536,1193.6452256492782,2214.802914270458,12.0,279.6311016545749
1537,2522.5180414317115,2870.9826267169024,12.0,279.62279772781375
1538,246.87759910129063,2755.634069486589,11.0,279.089598781244
1539,1115.0378445479196,2965.971663400454,9.0,278.96840164570415
1540,2815.4007049530114,1432.4348283045697,12.0,278.9642178200775
1541,3640.236819503402,2286.087744705901,11.0,278.83508769885384
1542,1816.497068294686,1683.6219334655054,23.0,278.81777244975467
1543,1370.8289947288263,2120.196616269137,11.0,278.71112712242706
1544,567.5871020379709,2605.1897843537768,12.0,278.61241414645644
1545,3781.120754849922,2433.680682941538,11.0,278.1759132632127
1546,2607.0206241564806,2648.8226166895074,10.0,277.9582865178925
1547,1448.0200624695756,2866.8035758556125,10.0,277.80804969306865
1548,1081.821393854001,3690.0068121923796,10.0,277.60590405999733
1549,816.473991695181,3254.9591919206964,12.0,277.54720400140206
1550,2120.1495877876455,3978.2070269345527,11.0,277.49634382435886
1551,2152.860036199536,3905.7097082977984,11.0,276.53244547592624
1552,346.53423688624133,2942.434062603117,12.0,276.27007727331255
1553,2772.1612475332545,684.2615343467463,11.0,276.1915770597065
1554,3803.3326433640864,2594.2731375132257,12.0,276.1354777505251
1555,857.5521694543427,2488.036668657359,12.0,275.8409652175167
1556,3062.365075214835,1188.5343889310866,12.0,275.7146210132943
1557,2866.369056060588,729.0249751346727,11.0,275.47582815889467
1558,1836.5109263005863,2642.869245211049,11.0,275.4071692424479
1559,1166.797985183311,1952.3635351921791,12.0,275.40482039026625
1560,919.9048245713474,2403.646356461824,11.0,275.309997168808
1561,1604.3277894975092,154.53288344334393,12.0,275.1049913105682
1562,2864.45514971764,3609.4245420960588,12.0,274.90863290988904
1563,2328.8484445587824,2699.0479084749427,10.0,274.8510986577275
1564,2708.8059989828275,3186.6164129577423,12.0,274.8324917198884
1565,3786.922760691228,2154.8040351988625,11.0,274.7673396755794
1566,2997.1082499712143,2707.561708889379,11.0,274.58504538941173
1567,1164.2380514552094,3432.09994111438,11.0,274.54266102731236
1568,1668.6880837107672,703.6334828615554,12.0,274.49008727457954
1569,2966.237577497367,1953.0835555817532,10.0,274.31438038366787
1570,1726.464740434506,3899.1405823796476,11.0,274.2482966987823
1571,2967.6968873337178,1119.5803743570184,12.0,274.10955115623653
1572,2936.6800000492494,2991.3724490165177,13.0,274.0993926214516
1573,442.4209169434847,1144.2596242937618,12.0,273.8982749650815
1574,2599.962088425461,2134.967831703792,9.0,273.8133604428118
1575,642.8944821821276,1465.2754710971983,11.0,273.69017195048536
1576,2942.7805619763467,841.4286122599282,11.0,273.5262404260693
1577,2212.1735110789123,3245.2903568843462,11.0,273.3738507488294
1578,546.5483115086002,1874.4328514192516,12.0,273.34736070261044
1579,2814.612767677163,2303.938090258694,10.0,273.2776843420787
1580,3555.6156212612,2886.544851509462,12.0,273.21795516688013
1581,3124.0360264074043,2884.9966068653484,9.0,273.14619668162425
1582,2668.672022086984,1176.5021144826542,12.0,272.85824654742123
1583,2239.556522322442,1376.5110322363855,12.0,272.74111297688694
1584,1276.7775323501135,3100.855939198783,10.0,272.34754115853053
1585,745.07508885894,1169.3095582097062,10.0,272.28865640233306
1586,2667.266748699331,3307.4588621641137,11.0,272.28089412316166
1587,3566.038545767073,1249.7066133345115,10.0,272.23010234049747
1588,2700.3944457052294,3557.917423960167,11.0,272.0952848357445
1589,3015.1766734979087,3186.9370955528843,10.0,272.0326812067771
1590,3538.254994136835,845.8822151305417,11.0,271.7555072391342
1591,3163.9189325557754,2646.4541404637057,12.0,271.4798378323281
1592,2905.3366473032233,2635.2351926355705,11.0,271.0123674399519
1593,1739.566206122945,1187.7211496887078,11.0,270.68889605492643
1594,2614.161308868032,2004.0033922367113,10.0,270.6617152810154
1595,2583.8637871648502,1338.9173155445835,10.0,270.57802460982646
1596,1478.3521759772818,2605.911160686055,10.0,270.54077560554845
1597,3591.682581839353,906.587070819609,13.0,270.3932044679858
1598,2443.4484788898135,3560.7753157651764,11.0,270.25742135012695
1599,3074.168710027272,495.68217408053454,11.0,270.21339852355766
1600,3091.693196750969,1060.1051660473536,10.0,270.21213022630354
1601,3514.416780674491,1625.423074196191,12.0,270.20335764469786
1602,3389.7587682340923,812.8020128248296,11.0,269.9870981933044
1603,1059.5263137629572,2016.9519318411487,12.0,269.8865798486671
1604,2801.6240961684243,3827.2886001006777,13.0,269.7654075875057
1605,2624.553112509794,2843.5681943743875,12.0,269.747252271095
1606,2061.6539633557495,1162.0546471049283,11.0,269.51347846211615
1607,2503.4929981145115,1521.5203664362705,12.0,269.33891824771297
1608,2749.7505029128088,3275.6569349998626,11.0,269.268283225702
1609,902.548705882556,2629.353382182702,12.0,269.24328818169636
1610,881.2646393703119,636.3947559417526,11.0,269.2401399977763
1611,1603.6979144219936,644.5655587894487,12.0,269.1849834826944
1612,757.4723342309945,2962.25546158864,12.0,269.0858110721011
1613,1812.1597026078202,3576.098424233771,10.0,268.87977239945593
1614,2779.603923964139,3136.2540190145187,13.0,268.19917670831364
1615,1765.1157478897883,630.1083620410681,10.0,268.090848463148
1616,2158.498711777088,3278.9478310506724,12.0,267.9544901070182
1617,3833.855490963315,1962.2097871074695,11.0,267.92870980164
1618,2871.652888329466,3242.095584963226,11.0,267.7709888193438
1619,3745.5378266518396,1448.3482059620906,12.0,267.73437185832415
1620,548.8888225216966,2588.444641570804,11.0,267.63138301438113
1621,707.0738833932447,3438.5462000904818,11.0,267.36997251236085
1622,491.8926207284158,1144.2756743260056,11.0,267.2507321363476
1623,428.0798972153833,1594.6954822067198,11.0,267.2134626856412
1624,3215.6083384408084,557.7759359177111,12.0,267.16533999004344
1625,1044.9793450868078,3177.6696921605235,10.0,267.1586667979569
1626,1620.4759101317566,1938.8492623433403,10.0,267.11662005320903
1627,2914.952224023823,3645.5580938224452,11.0,266.96406885731534
1628,3660.5421197186324,2205.4882010256047,12.0,266.7590080936919
1629,2408.33577496772,1227.8707359017874,11.0,266.6408322116391
1630,2597.0844746220005,2680.699395310407,10.0,266.60009181026584
1631,3559.819193324125,2641.166608213122,10.0,266.30759624224703
1632,3780.861925312489,2527.573468202203,10.0,266.2458045941671
1633,775.2265021478441,2326.97668711865,12.0,266.10940450871124
1634,3014.403996584494,839.621363726652,12.0,266.09148935888453
1635,3112.6789182101047,981.2410250127709,11.0,265.93228969014245
1636,899.2058347992449,3562.1266403579757,10.0,265.74998389367084
1637,2263.257861501997,1038.0086570380565,10.0,265.64665712072554
1638,3559.921922542888,1538.0793852810798,9.0,265.576829789619
1639,2309.5241720489767,1680.9874169375196,12.0,265.484043042646
1640,2987.052006304962,1262.6944893494954,10.0,265.47009268425535
1641,2161.948902111015,1497.716988538494,10.0,265.35243256397547
1642,1407.2655083468942,3885.047404357148,10.0,265.21669383437023
1643,2028.9557095352109,3075.5232334970306,12.0,265.0781383860428
1644,3174.0320250906234,655.1918405808284,10.0,265.0467891898627
1645,1354.645818821349,1883.495075446044,12.0,264.9503559709226
1646,456.54451725880665,2139.257922416475,12.0,264.8881395389601
1647,1687.2339167835923,486.6790149261355,12.0,264.77892037720943
1648,1901.226000106575,1426.076792702732,10.0,264.6949242642968
1649,907.9918448214494,2192.5073552281942,11.0,264.58469882046893
1650,2615.497046975928,3623.0727541766028,11.0,264.4916793936911
1651,1204.4710617663525,3605.663693875885,12.0,264.48972126244774
1652,3013.0564254265114,3289.2669302296686,10.0,264.02153727574625
1653,2070.580668739643,3438.919604839061,11.0,264.0179855498213
1654,654.0725129375453,3365.4683945969055,10.0,263.7390764399949
1655,2441.2360437362872,325.06948014762264,10.0,263.59332072812435
1656,542.9485185799427,2605.663733467319,10.0,263.5454515723393
1657,3102.211112458468,3440.876945893309,10.0,263.04338030308276
1658,2356.0305199495083,355.5972391986559,10.0,262.9659191287174
1659,2403.5790238412196,3462.427047436634,12.0,262.7742334712109
1660,533.5372956065777,2226.463746179928,12.0,262.5524226880409
1661,2894.416527791267,1957.109192758246,10.0,262.4573944098835
1662,2640.921506516511,2852.9259294388353,9.0,262.43874918219046
1663,265.9990395897085,2209.991009748813,9.0,262.2608872343109
1664,3373.283577482262,2063.4277654037223,11.0,262.24306254794845
1665,2624.5415269333776,656.4526142234979,12.0,262.22891348450304
1666,3906.212370892173,2383.5261496020207,10.0,262.19244148054725
1667,2340.5330994110186,3778.825698986876,10.0,261.1297844230959
1668,1046.9462703818494,2176.4138834990263,11.0,261.072646702886
1669,3608.4424001249768,2522.568853388464,12.0,261.0145221243779
1670,2953.4414841148778,1999.4125211766213,12.0,260.9600903131618
1671,1063.122350813561,3331.331652318099,11.0,260.85782957255026
1672,1433.272429021118,2811.3590270312334,11.0,260.84519389255206
1673,622.8339246631398,2353.21404942007,10.0,260.82506909100346
1674,1335.439705440695,362.1614312522942,10.0,260.69745072172947
1675,810.0469636257783,2913.6416197552967,10.0,260.65491226106104
1676,1356.699468516607,2572.599791918178,12.0,260.5857395035269
1677,3158.9668253582004,1929.6733878385191,10.0,260.58480146579393
1678,2469.5446944891582,1591.1850495209228,10.0,260.1640153902663
1679,3045.558483600256,1822.8813615078777,11.0,259.8660491527473
1680,2986.209346044622,2343.0300011445574,10.0,259.6513124307552
1681,1527.9161976367575,919.3745710115528,10.0,259.59973832011923
1682,2538.038390266704,2894.9015852563693,9.0,259.5887510761271
1683,1107.2183344635346,1821.8999756758585,10.0,259.4713710585316
1684,2740.079974429586,2247.707311272832,10.0,259.4288285012075
1685,1335.890320868549,3562.4357962687773,11.0,259.3491443893686
1686,1026.3515388530939,1156.4701390466187,12.0,259.2755576613607
1687,2383.9172232597284,2361.151264242873,18.0,259.0883863723299
1688,1002.980288248411,3246.9117043957267,9.0,258.9949184992943
1689,307.1954058486118,2572.189086274803,10.0,258.1734464025993
1690,1635.8942192902775,2998.899739925906,10.0,258.0684453751767
1691,1401.4419309219415,3574.79971841513,10.0,258.02270605342426
1692,2977.0928601199694,3199.683090432161,10.0,257.9573537795587
1693,1108.3344805239492,2166.2380840483756,11.0,257.76311668505633
1694,1825.4800628610933,3444.8798491522757,10.0,257.70836884114885
1695,801.0478242691647,2032.2471132003118,10.0,257.69375983755845
1696,293.7568753002655,2520.227223282607,10.0,257.55600482673555
1697,1155.249221276521,1254.977304900585,10.0,257.39337311213285
1698,1063.1782768528674,3398.9437816700106,10.0,257.3566990574657
1699,3355.1626478867997,2032.4615405462084,10.0,257.2964696369335
1700,3329.2789923459336,2270.1365693698312,10.0,257.16288190242557
1701,844.7212761465886,2172.914775889263,10.0,257.03535099982406
1702,2327.1844667761807,3393.8015885425843,10.0,256.8058713694885
1703,3599.048137241365,1640.0260624700836,11.0,256.5353128997488
1704,3157.595986912607,1645.9605881060652,10.0,256.5216171810902
1705,2915.762051244,1483.0980495863143,10.0,256.0792922142563
1706,2832.101815776054,2711.514815600796,11.0,255.9318094092427
1707,819.0275143107049,3134.9178792410485,9.0,255.69237276645973
1708,3008.445196195509,3572.6673038655777,11.0,255.6802021005263
1709,1607.9503932385483,988.8899287442262,9.0,255.64570295402655
1710,1395.059444359435,1080.6117071246113,10.0,255.61484389615083
1711,2583.4919728071486,3883.075057672912,11.0,255.15952449435173
1712,2700.4872346466896,564.3420931223066,11.0,255.1525464536113
1713,3050.848077868692,2912.0167414035204,9.0,255.04549313598324
1714,2325.731237197071,1395.272649625206,11.0,254.9434522327851
1715,3306.89803894613,2739.6166608563803,11.0,254.88937313538082
1716,1806.4121669290612,302.37004366111637,11.0,254.87764928717033
1717,1063.2953569253577,3263.3009214612375,11.0,254.5689265092661
1718,3900.6781394212335,1360.4032652518104,11.0,254.55445220138202
1719,3084.0449526230373,3750.33053839099,10.0,254.44779267933686
1720,2744.5109243612583,2213.9200786083197,10.0,254.44551675007506
1721,1076.6831253356406,2932.6573299064453,12.0,254.3308190284355
1722,1009.720487346138,2724.883309349616,10.0,254.21297882651524
1723,197.78279019357552,2038.3852304714069,10.0,254.15872391914453
1724,1056.924128991609,2367.576101192278,9.0,254.13448267066778
1725,2506.51559612766,3526.531997845341,12.0,254.11320228745865
1726,3481.9687035891516,3063.073431372352,9.0,253.99614181477313
1727,1522.4739865773643,3606.8052499374407,10.0,253.75030461663746
1728,3653.964229895794,2384.8671768298004,10.0,253.72937935549115
1729,1016.8703438631892,3554.3162125008107,10.0,253.70502035529174
1730,835.3138146970718,767.3661849101709,10.0,253.70253161972002
1731,2962.0027282308365,1429.136901882869,10.0,253.44491578342763
1732,830.75966649945,3589.855411876551,10.0,253.42802043554812
1733,2055.066833862033,3017.116467031257,9.0,253.376263649693
1734,1890.6396070573412,4055.4550819680676,12.0,253.37210164326893
1735,1986.412445178941,3715.7909005554857,10.0,253.21645986368893
1736,2365.0110414779165,503.6842899253004,10.0,253.16176437910894
1737,2517.00294676385,2720.3099017948466,10.0,253.09902805402075
1738,2751.6101452138882,410.5876304085982,12.0,253.05755754784437
1739,241.83983637098032,1351.6633863873008,9.0,253.03871179804685
1740,443.7350837527733,1242.1630222226872,10.0,252.7396487259251
1741,611.0213650966069,2085.249115909825,10.0,252.26150540685654
1742,1368.6451359736993,383.7216678457687,10.0,252.23550148401353
1743,1690.72099705955,441.93829533840096,10.0,252.06262967510514
1744,649.7511057033792,3263.0937478395567,10.0,251.76321753947715
1745,3099.1265447179753,1922.282238370553,10.0,251.75383518220042
1746,2379.9952346015566,2299.936249638466,18.0,251.37851527441197
1747,1766.1711718507681,703.3562183266481,10.0,250.98022967991423
1748,2412.6477442264854,3702.5294297014516,12.0,250.8182382285567
1749,1120.8027880800578,263.9885796541559,10.0,250.65330200325744
1750,517.3954424265335,2041.9972876545085,10.0,250.447210101168
1751,3951.1296455872175,2418.85380031774,10.0,250.43544974634005
1752,508.0450939203489,2940.252725757131,10.0,250.35888939778533
1753,1703.9628198567293,2407.491994123794,10.0,250.28414612609652
1754,2792.3728946749584,3640.2097132951676,10.0,249.87158712591207
1755,1472.4424495195124,418.20878542930285,10.0,249.8016733711088
1756,3123.5777454024724,2733.8085108048213,10.0,249.77159025806722
1757,1600.0823799048387,1240.1631412062823,9.0,249.63784834801905
1758,1379.6784166365144,1315.6564671713058,10.0,249.62284097376786
1759,2883.703466786277,3047.903876320445,10.0,249.5901512579256
1760,1663.7336491870249,833.9253064880868,10.0,249.54434942071111
1761,2784.839006418152,2247.674246675337,10.0,249.4297240880034
1762,3124.4987458802316,2675.418077648584,12.0,249.36771559949773
1763,1641.9050827548938,2053.628734204906,10.0,249.20608517093163
1764,1751.0040772667016,3410.3154945289057,10.0,249.08638963758023
1765,2001.335783782941,772.6215286790549,12.0,249.0682406438322
1766,978.2637090011369,2941.5157947032894,9.0,249.01268909206237
1767,3283.0696573711657,1520.8933816438348,9.0,248.91809083193036
1768,2521.0273381406214,3111.7681411773474,10.0,248.89730548313395
1769,980.052992544212,1498.122510987344,9.0,248.19844423499592
1770,1131.6679522853458,2761.4504255662196,11.0,248.18163260723063
1771,1243.9132552328263,3441.014534183015,9.0,248.127420243723
1772,3018.539104356745,2287.827390334189,10.0,248.0451916758671
1773,1070.2911164399318,361.5672519619664,11.0,247.97025800715033
1774,1878.904545286004,3652.9699133708527,10.0,247.91904366540996
1775,3264.4463508381564,850.4331607486879,12.0,247.80058636246216
1776,1466.252852703677,3811.998441885904,10.0,247.645765034404
1777,1496.0776926337942,2610.0508756668396,9.0,247.2380561986608
1778,841.0202597387198,1183.6753162884872,10.0,247.197378852471
1779,521.0013944113349,1176.5420222319797,9.0,247.17661890001645
1780,2762.124398493463,1857.9497691117715,9.0,247.15962859681179
1781,3612.4479621175874,3272.8913783615267,9.0,247.14341951031182
1782,1319.3455863756517,719.6184255495627,10.0,246.90003354497526
1783,4053.638869738727,1964.0018690582403,10.0,246.88634606377732
1784,3144.426846925953,3023.1368435039344,9.0,246.88068574071855
1785,1436.8463530244649,527.2936223279762,9.0,246.85984913146598
1786,1473.5417035084365,3466.345600341717,11.0,246.3324038223571
1787,692.0853330556781,785.929145749822,9.0,246.11601757491485
1788,2589.4696483874704,3679.3443286998154,11.0,246.09040337466575
1789,2328.546500453298,527.5912829285276,11.0,246.031958376628
1790,1352.1329377102875,1967.5939125988432,9.0,245.9531665244561
1791,2640.611135331317,2382.3403189278874,9.0,245.84046945940185
1792,3417.8648926509973,1721.2897524262314,10.0,245.55642405290092
1793,3664.2581116309634,944.2910585330006,10.0,245.51610169125888
1794,2544.4852213606655,2734.4736268614574,12.0,245.50745289365693
1795,3755.1122137220523,2589.9723146051147,9.0,245.36828395710904
1796,240.13205557532103,2833.7384628443515,10.0,245.2803671868049
1797,3487.4102804893755,1922.9958134612466,10.0,245.27925637678396
1798,3850.982259842917,2526.231687989705,10.0,245.19241941549905
1799,629.0359433447073,1480.7670895778633,10.0,245.17444762461685
1800,1864.0046326186723,2563.2348931426254,17.0,244.69178876791744
1801,3018.182780611812,2053.5666925014107,10.0,244.68611826227047
1802,3426.4157466444103,2165.5993746380905,12.0,244.60313731829632
1803,1880.6684286016284,3982.4924578934974,12.0,244.51531354746618
1804,947.6214612653537,2432.2075309608417,10.0,244.45892562221619
1805,1952.0622601010668,3257.99953836375,9.0,244.3540023275287
1806,1678.430106137652,378.4364050457073,12.0,244.33399416731945
1807,493.33918839191455,2610.5590886875902,11.0,244.28543449224887
1808,2884.48466385461,495.72466317646087,10.0,244.27064960812206
1809,1030.1707736049555,2569.615590533379,9.0,244.24907371077322
1810,1440.3858013108015,2772.3979175402715,11.0,244.16815994522
1811,2131.3541445592223,10.797585954127845,8.0,244.09925283203822
1812,2127.504138954854,2538.8906395004647,19.0,244.06530824303283
1813,1865.723064709302,2533.50924900598,18.0,243.80824379684304
1814,743.2267659552372,1763.467828543426,10.0,243.7040413525095
1815,2489.8305413779813,3702.5234527498537,10.0,243.6471552653853
1816,2915.367958101161,2552.8971272260474,9.0,243.59529430354763
1817,3891.8780291492253,1507.883549133857,9.0,243.0435209936649
1818,2649.939658446092,2576.335975001685,10.0,243.0386264773
1819,1186.6121858010442,1058.4641518200938,12.0,242.9559955974904
1820,1426.6433817369018,1162.846872095939,9.0,242.95132187644734
1821,1473.054944344789,3532.7182883363016,10.0,242.8096817755673
1822,2703.5951625654843,2913.6853649646864,10.0,242.79827243415605
1823,2995.980496297948,1180.5643480410033,10.0,242.69503357184837
1824,1303.5701962526753,1306.3902405614588,12.0,242.5721911435283
1825,3755.753953612502,2100.493981915175,10.0,242.38351137450468
1826,3163.5988364741024,3293.357351581914,12.0,242.0903177228383
1827,2788.6778027906616,3299.035041300824,10.0,241.8905969186915
1828,647.505255176645,1781.4943831554262,12.0,241.68170449784984
1829,2113.659119450233,1291.7155905338814,10.0,241.4357751782254
1830,1763.907706190347,944.6847267000647,10.0,241.43570751746734
1831,1162.6495459359944,2377.9604193806417,10.0,241.41896926743567
1832,2173.948632624089,3873.62702681597,9.0,241.36031575826544
1833,3007.3603646153592,969.0350623527971,10.0,240.86270442992162
1834,3593.9665210369126,1275.9314751998736,9.0,240.76659450906388
1835,2480.2570836372392,179.66373831159177,10.0,240.24866104424586
1836,3696.5121074143453,1408.3696326508878,11.0,240.12537934443657
1837,1282.218796628658,2525.266794377204,9.0,240.06215721851592
1838,2799.9130811884725,1708.2996702359028,10.0,239.96050328496193
1839,2105.237363421354,592.1008355625,10.0,239.93828890894886
1840,1377.7342951932214,2168.0644838282446,10.0,239.9297377857512
1841,1118.1236995839824,2495.6330972112396,10.0,239.90709897097813
1842,796.4834357222578,1614.3436382323177,11.0,239.86803636759302
1843,2484.7697545764636,2322.295417005023,18.0,239.64627924775246
1844,1558.0499835723722,3819.0111587695424,9.0,239.61285270320505
1845,698.0347971865168,3295.671670724578,9.0,239.40920701314252
1846,2084.744173825148,77.98615665674477,10.0,239.19572887899403
1847,1833.5237862312522,3662.484148999762,12.0,239.18149380465883
1848,542.191750581995,1783.0402785086715,9.0,239.03570530952473
1849,2998.9487865834617,1798.506124139885,9.0,239.03333053963462
1850,1627.620961989981,3773.502183682545,12.0,239.0318269916726
1851,3638.8657490935516,1647.4348237625543,9.0,238.99297735978712
1852,3094.8876576600137,1712.9549801891908,9.0,238.74139376182964
1853,2200.7841996943666,3418.8761898141556,10.0,238.65640538001674
1854,353.0979799925165,1472.7416069422288,10.0,238.64799341520956
1855,309.1264477072474,1225.475975108179,9.0,238.644417222982
1856,3405.2695209125623,940.0656055424695,10.0,238.63373900409167
1857,2951.6711714895223,2146.9521523283315,10.0,238.61169997261644
1858,1222.1541821168819,3344.3866159844647,9.0,238.49576027799662
1859,3257.0481923026896,618.3611322557413,10.0,238.4849553365202
1860,343.85171397956515,1053.3127650111417,10.0,238.3273969298426
1861,740.8416548149501,2911.365198667907,9.0,238.32079084767474
1862,1502.5277267248318,1267.179029905426,10.0,237.97039516610107
1863,3023.755467171805,776.1030193581198,10.0,237.72725916390135
1864,2938.0358347938786,661.8226210821155,9.0,237.7150472190459
1865,787.3590353159261,3027.0613585694355,10.0,237.52133487938735
1866,3309.6701328807044,2031.834359579924,10.0,237.4893933313979
1867,3186.089453338387,2557.0779595919025,9.0,237.26996987936926
1868,2271.6576422152016,3136.6984833246984,10.0,237.13707249634035
1869,2488.8576052501053,3060.100101185755,9.0,236.71878924991105
1870,3603.9746180741363,1477.3156238098156,10.0,236.64177233980615
1871,2932.030363995451,3212.715600735131,10.0,236.59642013131298
1872,2596.7244462490244,3336.1616636608132,10.0,236.38697025475525
1873,598.4246286187181,1616.915761502377,9.0,236.34518621717558
1874,1327.5507035971343,2866.177410667636,10.0,236.29394020984722
1875,1270.427923167355,3319.5735413155435,11.0,236.17360950775114
1876,3495.561148554875,2879.9207688266556,9.0,236.12993670901605
1877,3112.246173549124,3126.60028681264,10.0,236.06968303927974
1878,892.195183227793,2331.096509544015,9.0,236.02424484625374
1879,2733.9146187353754,1524.4984768810748,9.0,235.93355915783513
1880,3412.130510809407,1032.1460262463438,9.0,235.79714259736662
1881,1183.9754156746894,2324.394253331069,9.0,235.57745567435921
1882,3804.601859578154,1618.453420534025,11.0,235.15217576653887
1883,673.1107321909328,2380.484400868315,10.0,235.0876967127995
1884,2486.43080395813,2601.6029638101795,12.0,234.96112319519483
1885,2998.256181353859,3529.2575591201294,9.0,234.9498866032405
1886,2160.7454690232335,732.162686209784,10.0,234.78854425262855
1887,152.45123594900255,1718.1731801011754,10.0,234.63593572664195
1888,534.3276587521485,2364.359578108639,10.0,234.59678986823943
1889,142.00649444078942,1989.7877593760156,10.0,234.49621194016623
1890,2071.2687678441794,1197.5854991501892,9.0,234.33920510655125
1891,1071.4513169748955,2668.8419629008595,10.0,234.26863256513425
1892,3053.427411403642,339.64188394713454,11.0,234.18682780184736
1893,1871.6184092365893,2592.7552722705504,18.0,234.08353513470732
1894,3820.247808997301,2019.4238334886882,10.0,234.02162962427357
1895,1887.287693234252,1498.8439947281108,17.0,233.9091511051955
1896,1867.3323772649148,2639.3844696132915,10.0,233.77643270852107
1897,516.918783133344,2676.9504670903425,9.0,233.7501513872458
1898,3220.6451537670287,1164.97959840868,10.0,233.603098217568
1899,2321.899174509139,1344.0548554774489,9.0,233.57293738772086
1900,2687.9623866814727,2895.9275950113993,9.0,233.513169645942
1901,1248.4453483167324,1375.4030551595315,11.0,233.4574840177536
1902,2216.9412588541895,522.0636558373056,9.0,233.36525004553448
1903,2842.9217004740162,1396.4866905038577,9.0,233.04604561959366
1904,465.20101387684724,2710.7003256819125,9.0,232.9413091871463
1905,1999.536020208221,3974.5613050111306,10.0,232.9040390625729
1906,1717.3747740391013,3224.153429588099,9.0,232.8387299306585
1907,2267.8483483371974,3101.4333929691693,9.0,232.6936892128912
1908,2988.562284506544,1291.4082345816926,12.0,232.62222065997142
1909,587.0108221596939,3122.5321870769812,9.0,232.5396882408148
1910,1095.0301234399371,1040.903117356411,9.0,232.48099399125053
1911,2270.719947687301,2380.700468526898,21.0,232.47827722322714
1912,1643.2932562214307,2786.191620869668,9.0,232.42434418436025
1913,3403.3924249876404,1120.0480420533474,9.0,232.41536458062274
1914,3053.336789173163,3045.017390158401,10.0,232.36546781696927
1915,1410.5184312321421,2747.441284934819,12.0,232.1405743357403
1916,3027.0015644994564,1493.646750222506,10.0,232.0734337290453
1917,424.9295389762908,1913.006545298525,9.0,231.99568612590795
1918,2015.3520302167303,877.7984189824185,9.0,231.93256088257021
1919,869.5133355931978,2278.175446559127,10.0,231.85387090028092
1920,1368.4353959420876,3161.099308593426,9.0,231.81061286511982
1921,2415.137987594879,2554.089933601799,9.0,231.33063628414723
1922,1958.2750040620338,3526.1293067340844,9.0,231.15907456478908
1923,1898.0469174363386,3273.8726418122537,9.0,231.14901103065296
1924,2859.733230601619,3745.214908687711,9.0,231.0645737324393
1925,2563.942866876577,2271.1407738943617,9.0,230.93215394608018
1926,3762.034807099676,3059.504270935158,10.0,230.8950297247476
1927,2435.801927074372,3398.338359214416,9.0,230.8447404344998
1928,470.84113369805357,1811.8343548871644,9.0,230.810011429213
1929,3811.0440495407624,2503.3070221931034,10.0,230.73848169515603
1930,3004.778613645359,1391.6031247153007,9.0,230.37268119146214
1931,561.7633451626856,1934.7574167209257,9.0,230.28616924780817
1932,2842.1261580411224,2287.115982997651,9.0,230.24980682782
1933,1849.0322038233383,889.2184260917994,9.0,230.16140512475164
1934,62.72933777896504,2117.2191910356723,9.0,230.15572004181158
1935,3034.813317778891,316.5156432980388,10.0,230.1069379972401
1936,3155.0983017483118,3402.511120545742,9.0,229.98159858002208
1937,823.0412441182234,1421.4691564260675,9.0,229.79202210083912
1938,2314.6185722346618,3358.8556270937415,9.0,229.7872395418585
1939,3964.0537984305197,1643.8699731153056,9.0,229.72380063012488
1940,676.7189546207168,714.2168948539324,9.0,229.69957828894462
1941,2758.941651043255,3565.9942179607733,9.0,229.68158118518184
1942,1975.8639329434698,1010.4398820676955,9.0,229.65637009496524
1943,1804.9215884598157,796.3673533263002,9.0,229.58415716838533
1944,3348.091796579029,1451.025421588214,9.0,229.56723462007798
1945,1176.9078758612754,3547.4269124790603,9.0,229.4606531331838
1946,3428.8578439893663,1618.8300757382697,9.0,229.44276866846099
1947,2831.446238802727,2336.80713832991,10.0,229.38593842942643
1948,1397.7540256634725,2982.96546101643,10.0,229.22676817865914
1949,2227.577725384212,153.02667712008284,9.0,229.17833138675837
1950,1654.5332907134468,669.2398844985328,10.0,229.08356243807924
1951,2665.044963577927,3667.1801204173667,9.0,229.03213431710748
1952,2806.0020255777213,3556.527121478692,8.0,229.02133871540627
1953,2777.36333302231,345.67736910084125,10.0,228.99949587011298
1954,1004.0661819719026,1517.0880499067814,9.0,228.92188733870069
1955,3100.9213656767865,2477.980774934028,9.0,228.8473358833897
1956,2959.479089331398,1855.8272709224825,9.0,228.7883646402113
1957,1712.5829294951461,588.712203017735,10.0,228.77462761997245
1958,1674.3126293013488,141.172244285044,9.0,228.72095471151783
1959,3252.8871306718265,3014.120153910444,9.0,228.67296663191456
1960,2123.3531783809503,646.8540246174119,9.0,228.46035740106677
1961,2978.7149440931184,2225.3910777609804,10.0,228.42723424687443
1962,2352.35255946358,3642.8978321752,9.0,228.2875334059457
1963,2965.547686488372,1659.0303980448532,8.0,228.28716522814835
1964,3657.4341463901055,1003.483476785522,11.0,228.239046036001
1965,732.8318193605069,3153.0386783168005,9.0,228.13901706480723
1966,168.0655566839588,2369.2732780410915,10.0,227.9995577197416
1967,1131.4882542872042,1437.2035110817214,10.0,227.99295990824356
1968,1013.1604526224079,1941.6005687225488,9.0,227.76535244613493
1969,1377.9921600168836,2545.9665784977715,9.0,227.6970020028066
1970,3163.3800858097425,2240.4790915813446,12.0,227.5857314559354
1971,1393.6119578900234,3049.996196514517,9.0,227.58254120717115
1972,3485.251824934865,1546.5264909171929,10.0,227.5258548130729
1973,1987.554249946511,3084.933397305939,9.0,227.5112653566852
1974,2888.5443823948112,1386.2393748282977,10.0,227.49456123225832
1975,4051.7765199030578,2151.538779724661,10.0,227.4602059797995
1976,1612.12951363715,3933.187001708186,9.0,227.29924860367683
1977,654.5392651977156,1939.162245124815,10.0,227.2263242223639
1978,2348.8099704253164,2545.1521254770582,9.0,227.1510330348413
1979,1318.4965212782863,3264.7389578197526,10.0,227.07431982557134
1980,1423.727979670978,2685.521369307493,10.0,227.0315365709151
1981,1584.79707276479,2839.06390889148,9.0,226.99137147810745
1982,2075.0323900820435,1353.1352977423142,9.0,226.82693586551085
1983,1268.8749288806757,2480.869751205617,9.0,226.82428628715493
1984,1214.268431406837,3286.959156593435,9.0,226.80201247881388
1985,595.8521506958097,2106.6727165767898,9.0,226.62021562291218
1986,427.1305720791684,2215.907273801419,9.0,226.58329570725235
1987,3573.5966103681913,1185.815948567388,9.0,226.56919113643158
1988,2654.27240420401,188.87062570803667,9.0,226.541236823208
1989,1143.7945621598205,1748.986670438863,9.0,226.49686070329176
1990,1392.3581297427415,639.1918502256349,9.0,226.35038145226582
1991,1940.3981725040624,2744.194932822691,9.0,226.25046768282215
1992,3115.0974766560475,1755.5954848136496,9.0,226.14432667205767
1993,3403.5979872002445,862.1002737333042,9.0,226.13896136753868
1994,2092.288084186314,2739.1900544386003,9.0,226.11051219629869
1995,3461.0107749344756,2030.0440081809302,9.0,226.05709918800972
1996,1524.5247084391804,2803.820510921761,10.0,225.93729615531961
1997,2224.8445644228227,2820.1641867333747,9.0,225.88791376677068
1998,1205.9965894432073,3421.0750428172705,9.0,225.85730824502383
1999,559.1632143732495,1925.8066656440158,9.0,225.8182393376455
2000,1743.3674194066334,395.2721552175617,9.0,225.79947854706523
2001,2991.7938917045826,1155.3598854938027,9.0,225.7106255653611
2002,3012.2285111181263,3046.879623959685,9.0,225.70121439438628
2003,1745.3918670377225,3682.8787140183126,9.0,225.67200941095183
2004,3216.5966625060787,2633.08675713032,9.0,225.64599810086835
2005,2371.3527685917375,530.1267837382336,9.0,225.52950170353466
2006,893.5690575161326,903.8442257313509,9.0,225.46945709295986
2007,817.3975423155531,2945.8316483498934,9.0,225.430191116714
2008,3029.53170229994,1478.597285682903,11.0,225.4188492728072
2009,3230.0471303370423,2408.049598603202,9.0,225.36092632097413
2010,3014.8170161740663,1558.083552802756,9.0,225.35731975780288
2011,2642.5122648514593,3314.973233817814,8.0,225.2308854824691
2012,1582.1187181619136,2568.150359934493,9.0,225.0349166310024
2013,425.12718464911006,2111.2798033861877,9.0,224.9310096602188
2014,3068.970960217352,3412.086845380488,9.0,224.79306327620762
2015,2817.9276999197764,1916.502576671816,8.0,224.79225011511568
2016,2009.7088823260808,2908.001148327554,8.0,224.7769527753582
2017,3016.172482772099,703.1971580499752,8.0,224.68886606731445
2018,2221.944629048347,3941.123161950158,9.0,224.51080838524564
2019,1848.8948752442159,80.93187532139088,9.0,224.3009238831192
2020,1940.6778086749603,3561.809146772365,9.0,224.27570222127648
2021,3932.407998132505,2360.419905442155,10.0,224.22790774649167
2022,3879.025791693605,1359.933798722514,9.0,224.17091590394722
2023,2819.521263065561,1232.7784049163608,10.0,224.1455585794361
2024,2147.101922599313,3452.8046553585746,9.0,224.13884861987725
2025,3152.825245746477,2197.1802688977805,8.0,224.05149583193713
2026,3322.9190887931613,939.053420317665,9.0,224.05083894019455
2027,1107.3704057770103,547.0163974807255,9.0,223.88416056245356
2028,1012.35721922301,2673.1514322398452,9.0,223.83815035070594
2029,1048.4243871361653,1117.0121968883993,9.0,223.71384365767227
2030,1732.3992044591519,3119.6102822052726,11.0,223.69220581689288
2031,3041.8680705253873,2295.130216667302,9.0,223.6829742939649
2032,2747.0193532852545,1981.094850101938,9.0,223.4786853613211
2033,715.1165092394034,2276.851290401838,9.0,223.3392109192862
2034,1539.9309519025996,1044.631117982825,9.0,223.12430626020304
2035,1917.9437034777782,79.77940733372877,9.0,223.02955663219157
2036,268.19826924064375,1168.8281157924157,9.0,223.0060545040786
2037,2005.913380003319,3212.051969063205,9.0,222.97849977172137
2038,1286.353585626774,1541.7606821377483,9.0,222.88752424911942
2039,1762.320704596568,1527.7454028663585,9.0,222.76337848728798
2040,541.8967078042238,2086.858449687549,9.0,222.48107575130268
2041,2473.0922877779753,2051.051287763656,9.0,222.41770107730372
2042,3149.5593852704983,370.0334240710334,9.0,222.3779289946992
2043,3515.8551388558344,2806.2021170434555,9.0,222.07636939259305
2044,2802.9313989809734,3534.166825540903,9.0,222.028599994855
2045,2553.752851336834,3573.5717959599724,9.0,221.74692828672286
2046,2594.2513536359966,2044.695071484571,19.0,221.68350796115544
2047,1854.789118542306,3533.424434023744,9.0,221.5405367141768
2048,3140.5217056400943,2898.778100498251,9.0,221.51697764511724
2049,1445.2661984321537,2349.6153492208323,9.0,221.4970179863964
2050,1354.151461413342,2863.138831098383,9.0,221.375302042486
2051,2427.8176287080587,710.442116353977,9.0,221.2184043819641
2052,3278.4979805464745,1672.044444377217,8.0,221.09810997610978
2053,570.4128333892049,2136.9648418793217,8.0,220.86626782923844
2054,2440.1460052909592,2831.941499692088,9.0,220.86083762448433
2055,909.1248588916982,2902.2111284086504,9.0,220.80513522487084
2056,183.14255564261973,2161.081225450832,9.0,220.67338392187042
2057,3307.7510293651735,2839.636508740134,9.0,220.669331653476
2058,2862.3560019765814,3157.2336356435053,9.0,220.58314291338135
2059,2971.8787114759307,2777.967010983723,9.0,220.5013341715676
2060,1930.052665947937,1462.3710174048522,18.0,220.4696042179844
2061,1254.1694060224554,3419.814356559804,8.0,220.3440281318271
2062,602.5534646042518,2546.0741140853434,8.0,220.12107451637365
2063,3051.0101388045464,3185.8159383919146,9.0,220.0529862433141
2064,3966.8441325437034,1760.5158955076226,9.0,219.9811079439368
2065,1365.1430859501436,853.9794694156168,9.0,219.96931078310908
2066,3382.4393455441614,2180.457906430587,11.0,219.86677165845995
2067,1996.469771558812,3800.6977318157496,10.0,219.71284916063328
2068,3992.358295969353,2152.4353355879025,10.0,219.71208442274147
2069,1233.9897734410686,3118.931992603581,9.0,219.64179549306843
2070,3165.921375020232,2526.9809101327196,9.0,219.4624436504509
2071,935.1523147325535,2603.5575606213392,9.0,219.28729029217013
2072,368.73340674881064,1425.6219748700405,9.0,219.06829539635004
2073,1207.5669719599346,1922.852909577497,9.0,218.91591949487807
2074,2816.895575740526,766.1676773980205,9.0,218.91466823161218
2075,955.2067597313646,3369.270432373415,8.0,218.8837292734179
2076,228.02537025176784,2255.931198194239,9.0,218.85663261119475
2077,3656.5216651017795,1055.976208782299,8.0,218.83151707661978
2078,2829.907108747242,2977.792914102641,8.0,218.83008041822382
2079,3759.053929694063,2308.972199304834,9.0,218.79761494025246
2080,1489.348572068491,1854.071719792281,9.0,218.76033802520993
2081,1417.6362599084453,3611.22093208113,9.0,218.73400631568782
2082,2463.0461388570043,3683.5930890554064,8.0,218.62054084137296
2083,1276.5224390618819,2639.7062061960655,10.0,218.60036632874179
2084,1743.8674998987303,3630.737811021836,8.0,218.28256946180414
2085,478.0898460234876,1028.5118188883034,8.0,218.25030634792515
2086,1022.4549335995405,2107.7644857524383,10.0,218.2202440661837
2087,2660.7372271205536,3121.555826725599,9.0,218.15734463205933
2088,3261.8315665846453,958.8091569044881,8.0,218.1322754410685
2089,1904.8019401936865,2566.828084045678,8.0,218.1227124463315
2090,3042.2034707047874,719.9177025421058,8.0,218.0471244220092
2091,3836.4364713945306,2636.1824958220277,8.0,217.9385335046533
2092,2906.115422698309,1810.6057693921591,9.0,217.71549309157922
2093,3102.803982219212,2823.194575590918,9.0,217.6102113703285
2094,1086.2000165690586,2540.6115193058863,9.0,217.5410481291988
2095,1449.9996907146674,1279.5083506189678,8.0,217.3603220887881
2096,2788.0102894484844,1865.2278860555846,9.0,217.25932079283672
2097,877.8257530288973,1055.0416501150428,9.0,217.2425920780456
2098,3224.991962854536,2467.1005292795053,9.0,217.22302967060955
2099,1786.7693549318908,1256.4341221802097,9.0,217.19512095981673
2100,941.9982860961301,1081.8909363067307,9.0,217.09315961532386
2101,812.5985239260563,915.2505282657088,9.0,217.06618732852027
2102,2343.4025486750015,1068.2955734201237,9.0,217.0479095769632
2103,2689.0305251529335,612.7803649755019,8.0,216.6943582455773
2104,692.8828855625716,1034.6439905721147,9.0,216.6629521838572
2105,503.851212256541,2493.9947734234956,9.0,216.61277489864216
2106,657.9229238075975,962.1921458224637,9.0,216.59245331620343
2107,1337.3672261661181,3594.911875653983,9.0,216.54975693298252
2108,2229.634343354068,400.8989691548866,9.0,216.53769772222597
2109,345.52674821974784,2249.2679070321383,9.0,216.53174686253465
2110,3140.914001573355,1221.9041990855605,9.0,216.3359163181311
2111,1920.9808071456896,3661.315284712093,7.0,216.23192545033658
2112,3563.5301813404585,2389.9392490468404,8.0,216.15083257878385
2113,3512.1349450969437,2281.646110378921,9.0,216.09091018937676
2114,3644.9885500864343,1897.9076659718714,9.0,216.06383184345893
2115,722.7125976724636,1903.4703937927734,10.0,215.88484663574076
2116,2330.3453207605685,3912.003408351777,9.0,215.8561074618001
2117,1734.8735411886187,2348.302809029171,8.0,215.8316068666137
2118,1872.1043942270906,2999.832936459283,9.0,215.81599377640714
2119,2653.3303231036584,3567.001684500953,9.0,215.78886520576225
2120,2933.7055889778817,3039.932783345494,9.0,215.52646691245306
2121,1376.072421875832,908.6832200412371,7.0,215.46562729339456
2122,3222.237464610639,747.8953297127284,8.0,215.44201097590218
2123,3471.7488844720783,1161.9126086655506,9.0,215.3561642808414
2124,1043.5364927116937,736.3904336226964,11.0,215.28099186092706
2125,2759.366300590632,3608.2815646757895,9.0,215.248279705162
2126,1645.8634181221175,610.306849360275,8.0,215.02032812315016
2127,3015.9105532105327,1280.0291576708958,9.0,215.01370960008828
2128,3661.1982959582224,1331.7983882980946,8.0,214.6531507486726
2129,1498.4080475794021,2111.176848705153,9.0,214.54357595142866
2130,3012.0530174532805,1828.5654561489944,9.0,214.3317215701013
2131,2588.4028500721797,953.9683632380235,8.0,214.29465727636995
2132,526.0745936710373,2909.794339259662,8.0,214.29434124405202
2133,783.9897233880971,3396.1289383156095,9.0,214.18389414031003
2134,1650.4134070852408,1376.8236302802081,9.0,214.02511758414354
2135,3496.8508276835255,3178.034906507874,9.0,213.76399074687063
2136,2054.9791492926606,294.54007000917574,8.0,213.73236098451352
2137,1309.1435639463227,3461.8176153254813,8.0,213.65916378622717
2138,3269.5351376636254,3533.3081345608944,10.0,213.61493487201977
2139,2938.080238826037,2074.0619310193665,9.0,213.5750356581147
2140,2936.1719224331882,1111.7321952140962,8.0,213.54661925756727
2141,1851.5869162498768,3560.281795319793,9.0,213.52718165943958
2142,1710.5791193344692,2801.810006597731,9.0,213.3878912045601
2143,3416.894924130748,1831.4971735020818,8.0,213.24456147453066
2144,997.1013060045584,3327.45568987367,8.0,213.20463836357973
2145,2759.113942973893,3404.0529526072437,9.0,213.14661084840685
2146,2303.9249013696412,3970.2984156373436,8.0,213.08035839448337
2147,1541.6519760619894,3089.1382198796578,9.0,212.83788024217057
2148,2922.156804469809,3188.5272250029807,8.0,212.81372247116704
2149,2984.615065693204,3504.1169935601733,8.0,212.7136803669085
2150,1513.382599631103,3880.9029389664424,10.0,212.5998970290458
2151,2575.626084243913,3788.7112570584063,9.0,212.55186779577113
2152,2671.3962071518467,463.7122463449743,9.0,212.43918453090572
2153,2469.9638555307515,1178.2263414640279,9.0,212.40443477002927
2154,2499.1374191337245,1414.7509365186813,8.0,212.3405735392434
2155,3947.18698084189,2338.162496945573,8.0,212.2479526178548
2156,1084.0501110898547,2347.8371172148786,9.0,212.1677909092986
2157,1927.9897297351865,1349.1677023036534,9.0,212.16562139316756
2158,1994.686233860681,409.9356907975438,9.0,212.09858183761202
2159,2335.9546500793417,3552.4983860394855,8.0,212.09782091840094
2160,3025.13179798378,2981.0959403205125,9.0,212.0450963787489
2161,1475.2032211464161,3220.967996333952,9.0,211.88364123925737
2162,1222.8264345706025,1600.8805306187007,8.0,211.87291265223902
2163,1183.7246526861854,3138.099788030944,9.0,211.72173111246784
2164,3877.502969485513,1428.9533019249052,8.0,211.7015029258059
2165,450.0802225989353,2734.171864103536,9.0,211.66635174248302
2166,2926.9291106716832,2778.9819559115626,9.0,211.31316362892443
2167,2033.538032253878,936.2471815877127,9.0,211.2330294627605
2168,3102.035363557677,809.7616955754656,8.0,211.10097424664525
2169,1683.1396644083384,400.9655283472763,9.0,211.07461536357195
2170,3103.0661183106563,1836.3970104885705,8.0,211.0392413047884
2171,2764.6089675676017,1178.6927840787878,9.0,210.760919486398
2172,1723.661823169758,3454.1273869567217,9.0,210.70692308390045
2173,3177.775237225381,1924.7791162106269,8.0,210.63148172648624
2174,754.5688484906634,3027.0797993466613,8.0,210.2072434070487
2175,2630.927664799663,3719.742896516647,8.0,210.18312587724915
2176,395.84487995751226,1291.6387749190537,9.0,210.14721113596423
2177,1735.787547146285,3787.1537060451456,8.0,209.89452284793464
2178,3086.925375720636,586.7978865341216,9.0,209.80728389677657
2179,3305.471802101039,1747.748232715691,9.0,209.79441254293184
2180,3707.8872234778137,3062.552006063488,9.0,209.75574413713935
2181,3287.2644452457757,1412.2232552991875,8.0,209.5878226709804
2182,2383.4029931209698,276.97055798035717,8.0,209.42536580088895
2183,2190.9512151954905,427.88992761972713,9.0,209.36937744052256
2184,1355.5725524552015,2328.9793142280714,8.0,209.3569512700275
2185,2202.8428071375233,2661.818763895337,8.0,209.3092552033568
2186,2430.20843092159,1781.0887190867095,8.0,209.30597805749247
2187,3036.7306006714684,2162.2175359286407,8.0,209.1712029225874
2188,2774.899427516234,2726.132065647126,9.0,209.16376812043964
2189,4014.16162208502,1852.766612089769,8.0,209.0526444021943
2190,1553.8396021204758,1608.54196307655,8.0,208.9235112161262
2191,3274.9900730827594,1824.1748374960275,9.0,208.91351831605792
2192,3409.53534284784,1603.8342284974015,8.0,208.90150313540187
2193,595.9004438819294,996.4431142583662,8.0,208.82230264714738
2194,3768.013139649895,1056.8492224525144,9.0,208.7978535980684
2195,1853.3306155042044,2442.6098055203024,9.0,208.7702505051019
2196,2194.254536764813,318.46053919706833,9.0,208.76738286206347
2197,1440.9395099462652,1875.92250167883,9.0,208.74911672511465
2198,2755.5334672790877,3511.7033606163013,9.0,208.70340121982522
2199,452.7182645562621,2445.612503084702,9.0,208.6058478005431
2200,1012.7835611982832,1382.2596350484682,8.0,208.56540068203321
2201,934.6230740976355,2617.0220898136085,8.0,208.54216896696684
2202,2855.3887267880555,1552.4553972949102,10.0,208.5325679066812
2203,1083.5338002968783,1358.1011493769752,8.0,208.436058034015
2204,2194.0651574329254,2845.498897768499,8.0,208.43513334822927
2205,3405.438309550883,2300.754772673223,9.0,208.37932343907465
2206,3703.966687474246,2475.8333039304816,9.0,208.2600710142165
2207,1430.2065540519147,1477.1175862941857,8.0,208.2289893449689
2208,2131.086364150662,3253.0704730853035,9.0,208.1714953694975
2209,978.5466336663138,3705.2492365126177,9.0,208.12968278670598
2210,3068.463420173986,1175.0986887929312,8.0,207.6149907614217
2211,601.0684365394078,1466.5443915999022,8.0,207.58702298231916
2212,3088.5892981143625,3632.1627349278324,8.0,207.5375201986126
2213,351.88560901852713,1524.4132184938285,8.0,207.5055102169026
2214,2749.8553520461423,3567.9372819953032,9.0,207.36604352497704
2215,981.7553280851434,1265.1764445088604,8.0,207.29298957773347
2216,1233.9469188776773,3384.9608797169617,9.0,207.19595797238279
2217,2443.8818399329693,3479.478975994674,8.0,207.16621174923122
2218,2947.475697597169,3354.765882570175,9.0,206.9885591172807
2219,766.16448757058,1044.2163165626043,8.0,206.7306648656529
2220,2404.3803414133604,664.1536402508075,9.0,206.58020142557532
2221,3881.073969919394,2706.8534113338847,9.0,206.5270794948175
2222,3091.840711235534,424.90895479396966,9.0,206.00718403046423
2223,722.4961470953768,1138.9754246008297,8.0,205.90918255624922
2224,2548.748912218621,1999.2304227499465,19.0,205.90849574020638
2225,336.9201228708853,2640.8390740635223,8.0,205.76303384250124
2226,1314.5410174743784,3807.5828312101585,8.0,205.5619229434946
2227,849.1125847252426,3662.1516824060586,9.0,205.53952708604447
2228,1101.834363993857,343.24360846115155,8.0,205.43827207601208
2229,1252.7692940724005,1338.816154501335,8.0,205.4357590073547
2230,756.0864159885658,2709.83583840225,8.0,205.41068272137548
2231,3916.1109278575454,1279.5466826304873,8.0,205.25250994871624
2232,633.0142886535416,931.8408230060921,9.0,205.141492184099
2233,1004.3767529405851,1766.8682017101996,9.0,205.13493009375458
2234,2469.104201202672,904.012167800977,9.0,205.1293547683455
2235,1597.9571837824835,3495.8957827662643,9.0,204.91951868047386
2236,1800.2971764272966,4002.870351785872,9.0,204.8272632626283
2237,2291.1407020930633,2426.1914650096746,8.0,204.82580763651114
2238,3514.752414117919,1273.0399235804166,8.0,204.76475366482828
2239,3148.101366631977,471.16483429913984,9.0,204.75349592590783
2240,2167.3707255698505,82.79274919105319,9.0,204.7011157960678
2241,3117.0791056914086,823.4750704138376,8.0,204.42157027777432
2242,2490.688912592532,586.1068595634006,9.0,204.36591805140364
2243,3473.8393535695855,767.1487937930291,8.0,204.28458627484576
2244,3750.7381232191015,2295.126458410287,7.0,204.25268827824232
2245,1757.3680568608556,3516.8374002108985,9.0,204.18375074646792
2246,3236.936914062813,2058.4246525105373,8.0,204.09397475013543
2247,3656.1712095497296,2709.1811217461445,8.0,204.0722653019592
2248,638.0355161845698,1890.5114556745666,8.0,204.02105948016606
2249,2990.0821139964946,3586.6925493936983,7.0,204.0109865697511
2250,1856.868508674916,3153.771706354831,8.0,203.9529344458934
2251,1214.877217921591,188.57861928298996,7.0,203.67849964946961
2252,1989.0825490622578,927.5022558626432,8.0,203.67752756745531
2253,2641.9756746026314,1706.4462143454139,8.0,203.35363178434102
2254,4039.737510075567,2058.7887662797943,8.0,203.30857178217028
2255,2547.056656175396,2408.311609192358,7.0,203.29777536284539
2256,871.7928109046278,1311.1805451237499,8.0,203.29289659830653
2257,1815.1815297174849,3601.1569232724282,8.0,203.20937503517962
2258,3286.920154749993,2959.1882011778216,9.0,203.123183810768
2259,1229.379698487664,366.24352594473163,9.0,203.039556955704
2260,2501.1667720039186,2346.2089443639175,18.0,202.93729708211538
2261,3157.077151940755,2690.4645908587286,8.0,202.7371156107276
2262,1316.773635117424,2559.4945290747564,8.0,202.7132365004737
2263,1444.44596112554,1204.0192074397135,8.0,202.55585652447968
2264,1259.8636194329722,3772.9105890307233,9.0,202.5347040208185
2265,3821.092738905966,1557.0693778034708,9.0,202.46443892863877
2266,2042.488675576983,1076.0117395493544,8.0,202.3899316384865
2267,1727.4934713470332,224.12681335176782,8.0,202.3798706009326
2268,2589.104587702789,1236.882915052388,9.0,202.31352155283034
2269,956.153050130343,1458.84885268331,8.0,202.28748326490503
2270,2205.7536790001004,298.81993100540046,8.0,202.17713762912115
2271,2277.1913251374795,520.1804018632487,8.0,202.04465126812292
2272,288.7501726492356,1338.7750005411276,8.0,202.03262004392002
2273,2686.8063584138104,3531.624464646821,7.0,202.01795687954126
2274,3015.9704743975635,472.19096427523357,8.0,201.89778566976813
2275,1445.453502739879,603.8719857554192,8.0,201.88562116050747
2276,3650.147117164312,3174.5860722932866,8.0,201.86156114943512
2277,2047.058261364942,2790.6488205583832,7.0,201.7753967619983
2278,572.3892937887098,2207.4789682045316,9.0,201.75495220277543
2279,1052.0299331386625,922.2638895545664,8.0,201.70831919607576
2280,3864.8910980977957,2285.8239785018873,8.0,201.6874005403082
2281,1426.847904313528,831.2655133497944,8.0,201.5666544693324
2282,3811.7505975021813,1464.590641922626,9.0,201.55117931071575
2283,2865.108275277714,686.8900156606969,8.0,201.4406715860922
2284,1501.799844123509,1515.8039989904967,8.0,201.3086903557061
2285,796.6753605041076,752.7404618243623,7.0,201.3048487235827
2286,2644.761184115187,1531.1379714164216,8.0,201.27884200846307
2287,1833.2397568175618,738.2511112651124,8.0,201.23212958501477
2288,3227.047066841681,2540.0893695553855,9.0,201.22673148670987
2289,2220.488047545154,3209.276692618661,9.0,200.94332612363596
2290,1736.975938827722,121.34948467864318,7.0,200.8919230436152
2291,2268.7825950010056,2804.2422169527326,8.0,200.78435744540772
2292,1730.593575563899,1363.0479153685988,8.0,200.743868314312
2293,1418.4638649589747,677.2165319267247,8.0,200.6322470199123
2294,974.0404578271833,1652.5034613850873,8.0,200.59167986272192
2295,1912.8273677079244,572.8277482268696,8.0,200.46054029058143
2296,1431.035637899733,3187.4730080784757,8.0,200.45016591663673
2297,399.9720800934404,1468.0128113744997,9.0,200.40329327196454
2298,2401.100365595326,2752.1534948709386,8.0,200.3945676193253
2299,823.1458709910387,3203.302946385461,7.0,200.29421001644667
2300,1015.1790677494673,944.7888659819482,8.0,200.27024734467656
2301,240.20986714739018,1397.9251062606288,8.0,200.2588917705545
2302,2001.0277962453297,165.63860081819354,7.0,200.18275729734148
2303,816.8427648320834,1841.1624922509627,8.0,200.1457431915969
2304,1133.2402381946536,2796.450594899959,8.0,200.02313432636026
2305,3370.219590281714,1479.0650950225893,7.0,199.96995694344312
2306,1568.8803054469238,1943.104475246063,9.0,199.90699221208243
2307,417.7345814073711,2681.57071109593,9.0,199.83546612726553
2308,2116.293836995737,1149.9640825322717,7.0,199.76522792723387
2309,657.9723338518936,2283.5531723676127,8.0,199.6959060834022
2310,1036.7575996017285,3247.932182460108,8.0,199.66297675755905
2311,1276.2858460894176,3525.5574030986722,7.0,199.63227716692876
2312,2694.085323682276,942.7535595605309,8.0,199.55630857233285
2313,2549.964708473076,763.0999497238499,9.0,199.4459202091765
2314,1474.1529696664495,2116.233923243326,8.0,199.37501164275199
2315,2890.2195795119605,2555.0343825808445,8.0,199.35237295670288
2316,948.4440850763702,1021.7581338935468,8.0,199.33853234239936
2317,3778.0045807960855,2338.9596495689098,9.0,199.29292967707022
2318,3256.270237956203,2610.2439919779417,8.0,199.23309067684494
2319,914.9429899369369,1954.4751124003958,8.0,199.07803794627003
2320,3487.035929498048,1091.4301343941652,8.0,199.04785185388124
2321,3160.8885986370738,838.4702939428306,8.0,199.02582497068522
2322,1456.902864605094,971.6582104685154,7.0,199.0169217720766
2323,1347.749551676645,775.7839144506803,8.0,198.99771531152203
2324,2575.2199629547276,599.5190454123349,8.0,198.97293773353738
2325,1549.2767685473193,354.5095639949652,8.0,198.92504773418648
2326,2792.848031664818,1962.4890502595244,8.0,198.9237760469466
2327,2697.187963535207,3094.518362810181,8.0,198.902998127289
2328,2039.0592509083556,3819.792802281713,8.0,198.5403556392387
2329,474.99553077891414,2394.7188455937735,7.0,198.42996895434408
2330,1795.9275952355165,3540.6221043002197,7.0,198.35541302295687
2331,980.2895692047556,824.1534871442892,8.0,198.33317237108912
2332,1895.9644540500908,3917.9653983697813,9.0,198.26100725919073
2333,1000.5593220267262,2809.802844539805,8.0,198.20869750613562
2334,1036.9538804740087,2277.4921976284504,8.0,198.11492913072576
2335,886.1237492487934,996.2503202085751,8.0,197.90639575609282
2336,579.2141389345743,1165.6966172571563,8.0,197.89574940066026
2337,3245.5484759135425,2719.8258581188347,8.0,197.84901737026516
2338,3210.2397102941336,1778.728515746945,8.0,197.81543272308846
2339,2482.8252091486133,224.2170768529862,8.0,197.8115159210329
2340,1891.1211307942153,3420.406819340372,8.0,197.78160942431703
2341,1985.5736372896238,2674.8591311481296,8.0,197.67078406971086
2342,868.1398819496834,2632.968667711101,9.0,197.64175567371416
2343,360.90977309729635,1781.86903945602,8.0,197.51420166840933
2344,1516.9512730982012,1457.2934377506124,7.0,197.47435132989565
2345,2552.795441148083,2439.081364844005,8.0,197.47058068844007
2346,2737.9520015945827,2644.0500855329406,9.0,197.28164911215933
2347,3184.4177822227334,705.719189076907,9.0,197.23037578611584
2348,537.9952803767377,2715.774948005511,8.0,197.21377070064528
2349,1912.6287304809882,4052.406889903097,7.0,197.0520774129145
2350,1359.828366912783,2217.125386449652,8.0,196.89399261850429
2351,1141.021645420107,1740.9949322819543,9.0,196.89247391903325
2352,1803.0254872528628,2631.594227453508,8.0,196.86945388400605
2353,3069.024646206673,359.2819717158475,7.0,196.7456116424075
2354,1542.8663335416616,3178.1546317561956,8.0,196.56607058773344
2355,3896.017335458475,1621.151009510422,9.0,196.50307928597115
2356,2404.559681633651,3932.1989498633484,8.0,196.38863802629038
2357,3084.537782273569,1563.9472816477996,8.0,196.3019546733224
2358,519.9512773854361,2400.003317058426,9.0,196.29937551911766
2359,1867.4007631963325,1178.236501339433,9.0,196.22639630354237
2360,1546.0973620636862,2613.049002186628,9.0,196.1515706040317
2361,1095.5336342084543,837.8715466393078,8.0,196.1339577760296
2362,1847.9123529112198,830.0435690208125,9.0,196.03055667342068
2363,2525.171002722655,3360.918139539724,8.0,195.97714495711023
2364,3033.9351600226223,910.6709485127961,7.0,195.8954677000017
2365,2764.0501564593956,1382.958673910399,9.0,195.85208036699416
2366,2440.8357916315263,2891.8777069357743,8.0,195.84125184214773
2367,396.992351944554,2995.8957359415895,9.0,195.80022672784423
2368,2585.67285555315,1418.0268432370692,7.0,195.79953853925807
2369,3185.8315337923677,1221.139746315196,8.0,195.7310008085485
2370,1905.8749606348058,531.204072441785,8.0,195.6105198688247
2371,1336.761962522276,3156.289443888588,8.0,195.6089460551538
2372,1182.1048532544824,3739.966967966782,8.0,195.56568660606013
2373,999.8635301209191,1769.7643994286123,8.0,195.56501740292958
2374,1933.4206759567871,3834.0980403664894,8.0,195.52375947659223
2375,3454.2006493534063,1367.2418312294408,8.0,195.38431695796652
2376,1210.2453560875656,3543.693365008344,8.0,195.32957523268692
2377,2642.197545337365,1625.8820525092663,8.0,195.26304720689507
2378,3628.7071820402707,2526.550700284052,9.0,195.25935117497417
2379,3494.094360024809,2381.5530929228844,8.0,195.21084844723157
2380,330.27418434857935,1371.1324913960848,8.0,195.17183425865517
2381,3185.8219361926363,3076.8402509950624,8.0,195.11880946993261
2382,2800.148316030049,3283.3169914569667,8.0,195.02913143120364
2383,2106.503456673369,1093.122710066828,8.0,194.97695177739305
2384,1076.537474857857,2847.91320496068,8.0,194.89574643618292
2385,1914.2363686464262,1265.5822024027802,8.0,194.7380289166654
2386,2984.9160341885763,2789.8323567842635,8.0,194.68687807534917
2387,811.8048789109878,1225.8793972151036,8.0,194.67482959553732
2388,3043.998197353633,615.7683440843696,7.0,194.66858209900892
2389,1561.7663528737974,418.25175163405316,8.0,194.27681866869068
2390,116.93275236506666,1796.9354137486225,9.0,194.20385026921176
2391,2006.974468321981,2815.3561014874813,7.0,194.18432138767548
2392,3192.3387192611654,2413.1597008575873,7.0,194.10137780634832
2393,535.9659754353487,1087.213489794835,7.0,194.0967320888904
2394,3135.923783358859,1027.7503455624997,7.0,194.03650312942432
2395,963.8618746892581,571.9610234843409,8.0,193.90371019682806
2396,3201.7269572017794,625.8909995977551,7.0,193.8254171836108
2397,3227.194867020143,3447.105405500885,8.0,193.816233748205
2398,3246.0669649577612,2922.3396440994666,7.0,193.76190103887131
2399,3173.0886378758714,2235.9596526092505,9.0,193.70827094415236
2400,1047.1794518011488,3515.7766970077714,8.0,193.65063762891054
2401,748.6242119526601,2015.09086119276,7.0,193.63379461642552
2402,2677.5190591513574,2597.803500334412,8.0,193.62076562235222
2403,973.1757170546697,2539.7712712811444,8.0,193.33490521811143
2404,120.32181818636614,1852.8708217499095,7.0,193.21306074920076
2405,846.3174179212217,2022.3229187895788,8.0,193.1831729508744
2406,2289.702986049213,565.9928577774793,7.0,193.15680260763875
2407,1742.1976216058079,1650.8030692121918,8.0,193.13045203008534
2408,2327.199261091694,3886.208454760961,8.0,193.1241306318871
2409,659.3156705607382,3136.30303140979,8.0,193.07465217988
2410,2869.735658998352,2293.451956741025,8.0,192.33355084007954
2411,1433.9293017300618,781.9718324649299,9.0,192.31255138066072
2412,3072.139625846588,3615.0861340578053,8.0,192.14619658267785
2413,2908.7362991846826,709.7016185827804,7.0,192.13922953583113
2414,2440.4598182351833,190.96251634962474,8.0,192.05699275107926
2415,526.8114670367879,1836.7154325628153,8.0,191.97199176463477
2416,3439.772664568212,2906.698930881525,8.0,191.92246190104066
2417,635.315888575817,2924.7002065461975,8.0,191.91736051804813
2418,2363.1300673160727,801.28815954769,7.0,191.6122543748856
2419,3567.326946631259,806.7055498180447,8.0,191.57675583851062
2420,3052.1241024902424,3172.77040619277,7.0,191.5395865856126
2421,850.0553982969922,3111.0695993788636,9.0,191.5310588062767
2422,2958.9818254717243,1050.1455891459398,8.0,191.52104947785676
2423,2830.0951654960836,2939.655711680124,7.0,191.41334004146796
2424,398.63596863705607,2876.947700923969,7.0,191.33301546962744
2425,2957.0901704571124,1717.1235702115023,8.0,191.26060756840826
2426,2763.7487555375446,1359.9337883158469,8.0,191.23568707720284
2427,266.7146057441225,1242.9663447626704,7.0,190.9712607443422
2428,2018.385766966654,1623.8307932184625,12.0,190.96983487662027
2429,3254.0786630869106,1999.7030272979089,7.0,190.92652116402758
2430,1252.8357204210781,1497.1952023710792,8.0,190.7738199723171
2431,1241.2256311744761,367.22973737212044,8.0,190.73282046235906
2432,1257.7977087248687,2601.855092210764,8.0,190.67755130942516
2433,3373.0007444611806,2444.3557117164187,8.0,190.60583212113164
2434,3051.908305062915,2073.3033793284844,7.0,190.56574826098029
2435,2816.076224878028,1153.0374641769426,9.0,190.33526849718407
2436,713.0373012406924,614.0045564841081,9.0,190.29468315245208
2437,3130.7422170870013,3131.887825455114,8.0,189.98574986682965
2438,1410.2748092586935,1053.155948622413,8.0,189.9722279514296
2439,2832.641017592687,879.8926124434968,7.0,189.90962758383827
2440,1840.2729546882495,987.9335914842148,7.0,189.81528747305293
2441,2422.189316455123,1037.1453862557976,8.0,189.7693738569017
2442,3203.1293084958147,2616.6727656275525,7.0,189.73718066481206
2443,3293.0302064007415,2515.887831080052,8.0,189.70515901318683
2444,1469.1991903729158,3377.0358700779107,7.0,189.5575266873881
2445,2725.0397509165223,3858.037008638034,9.0,189.44502597614095
2446,835.9555625685481,2246.2824027638017,7.0,189.42554997427837
2447,860.1343343165006,3617.994696043192,8.0,189.42150431880137
2448,519.8885777414763,1456.073314593132,8.0,189.40865813735584
2449,3092.2060502920613,2295.7599239989313,8.0,189.38952321640406
2450,296.8560893014429,1287.1558424468635,8.0,189.28270515131925
2451,1639.2189714803114,1524.2672392220888,8.0,188.89550765964813
2452,1516.2021238099007,2413.7426570446537,8.0,188.87623922324485
2453,3153.3288837164428,404.69432788738357,8.0,188.846354640691
2454,2953.8341508779145,545.3397585784114,7.0,188.8288938145618
2455,1448.222644189098,1812.3426568552802,7.0,188.69157875486889
2456,2530.6717881153168,2589.091857896821,7.0,188.68725942692802
2457,542.9705066622647,3180.721452254026,7.0,188.51068093873593
2458,1848.0154759714367,420.27949384557326,7.0,188.47115467087164
2459,3475.6943687142434,900.3247348043616,8.0,188.4516913821855
2460,2625.032448066212,233.5935311360775,7.0,188.32052555069737
2461,2359.63901775637,1493.7737424398358,7.0,188.3044900759427
2462,411.87192682194535,1948.4859976416344,8.0,188.19084069188273
2463,1388.9891582400824,1241.2758325123732,7.0,188.1548814489578
2464,1407.2566630605713,2596.9148195993002,7.0,188.11059224954352
2465,630.241613046008,1462.3030427710764,8.0,188.07155046417293
2466,1496.8691404515032,2310.808432600631,8.0,187.96406201138404
2467,1392.7880539092114,2561.9996216558297,7.0,187.9370502479643
2468,2307.6880887379066,2463.1893023909024,7.0,187.90467062896303
2469,339.8861462534875,1281.2778719328276,7.0,187.86611177063025
2470,1220.9228708807238,1198.2988782568457,7.0,187.8279612403666
2471,659.917421989249,3080.9676295578033,9.0,187.63245506845672
2472,2583.174863830079,3950.498610079852,6.0,187.5938740477771
2473,485.3326728604635,2908.023331957559,7.0,187.5907563622726
2474,2774.6818439509093,1755.0522224213703,7.0,187.58811446071496
2475,1122.0957697362667,3158.3111269044402,7.0,187.54207840393363
2476,1274.6491385652246,2569.1200424538583,7.0,187.52430073686176
2477,3146.305745594805,1808.0794067176712,7.0,187.5230108631808
2478,333.2529169336979,1614.8354098742332,7.0,187.5107370355966
2479,739.3456251494887,3318.189321389008,7.0,187.4710691892705
2480,3121.674061857103,720.2068777324097,8.0,187.4136103071716
2481,2665.7024752203033,1481.858571896166,8.0,187.39965600135233
2482,2443.332215378361,1051.1161658059941,7.0,187.3542151584552
2483,1589.209586346175,1848.6292382298113,7.0,187.35207291352162
2484,495.76609273009046,2621.935142599808,7.0,187.3379467923291
2485,3819.9431489441604,1068.7522636095744,7.0,187.33253580052477
2486,1129.8032402928502,2829.057161069099,7.0,187.2568231109637
2487,98.00392940476436,2163.237421879877,7.0,187.02925864057397
2488,1166.7791087521202,2962.6654992972526,7.0,186.87686469779106
2489,2077.027840039612,1621.9495581231442,9.0,186.82453320220125
2490,1954.0183584183728,1078.9418454199767,9.0,186.81591449794053
2491,175.86788973872743,2284.54120180959,8.0,186.79490188616336
2492,1461.3075547550513,3689.260567767543,8.0,186.716952377651
2493,2709.052778241637,628.9013610719317,8.0,186.62090668992718
2494,2944.0061563099403,1855.8934594549733,9.0,186.1640395544163
2495,619.2384886049674,2201.2408973769398,8.0,186.1025072849501
2496,1810.7279843754216,1684.8077275793257,17.0,186.00844906312642
2497,2871.7438994529434,1752.0661042038346,7.0,185.99958619930044
2498,2964.342147282179,1319.1838802190755,7.0,185.96833539528816
2499,3011.121805667927,1959.9356559106548,8.0,185.8486968677841
2500,2501.0752939864765,2290.5395109593737,8.0,185.71262029631495
2501,1538.0219527036336,271.1876843826894,8.0,185.34840615865355
2502,2550.84925208411,3101.9183769272163,8.0,185.3157429439691
2503,2722.0301018530454,1771.7317986111188,7.0,185.2328163761548
2504,3392.901040256933,2228.1268166366253,8.0,185.1489814423977
2505,2611.669430202992,1560.1346246479343,7.0,185.07995739653865
2506,828.3996139176477,3141.8704212389143,7.0,184.9821015830105
2507,1807.3621561084544,899.7207015588674,7.0,184.8289475100576
2508,2355.7442044447093,3971.975372052291,7.0,184.7826081872297
2509,2081.0842577761273,3183.1615463889448,8.0,184.72168676828443
2510,1299.21549411597,781.1810796432377,8.0,184.70429110652026
2511,3578.6777738924748,2225.1547430657947,7.0,184.6969410405027
2512,2714.9617055220388,3096.277070825625,7.0,184.64217443252926
2513,3055.025335520528,1619.6422808809455,7.0,184.6088379489641
2514,2889.766008159836,3598.871501309731,8.0,184.5986544143203
2515,336.9952132938523,2490.296238002363,7.0,184.48375514031207
2516,949.2496011136361,3373.3485810272005,7.0,184.4397926511324
2517,602.6537014220693,803.8023377652585,7.0,184.3681704695465
2518,1337.0865073478192,1750.1060994415761,8.0,184.33442450131227
2519,1852.0927713605506,3548.7223032150014,7.0,184.28793372796497
2520,1415.4803734962234,2869.045587932816,6.0,184.20455624295928
2521,1714.966146649275,2501.6216006767213,7.0,184.1772612379126
2522,3620.5976246849987,1530.101094827577,6.0,184.09137358220795
2523,1580.910302255442,2798.632455891246,7.0,183.98784783539529
2524,892.2404008991551,1643.9949685776323,7.0,183.9674995445988
2525,1305.0509710632584,1646.6410895464278,7.0,183.93798669303274
2526,1845.8754590769108,352.8629258306233,8.0,183.81529916914045
2527,3686.455297450639,1961.4605300917033,7.0,183.78840264485876
2528,1467.080942715098,2468.089112732579,8.0,183.70849297022116
2529,2820.031431665962,3620.184497509364,7.0,183.68956125636413
2530,715.1858622418647,2596.6141320098486,7.0,183.65788127062186
2531,605.042330225597,2914.864485300105,8.0,183.6117489055565
2532,2161.2370543218804,701.8894596955638,7.0,183.58811405718305
2533,2458.3476939146176,559.1261286986586,7.0,183.49495809234847
2534,249.89906698122954,2429.8889331738965,8.0,183.36704751832002
2535,3228.205871605701,2339.0060069449364,7.0,183.35701926783182
2536,1375.9029716148796,1686.725518577388,7.0,183.33277200970667
2537,2138.8495331960153,2639.255365086738,7.0,183.23407435284378
2538,2536.1621751983007,1550.7072772214826,7.0,183.1227058783914
2539,1470.330810840356,2754.7788524948132,7.0,182.96832167594619
2540,3785.2790226291636,1687.1916074558994,7.0,182.9558644692971
2541,2270.164217979282,3346.811552112383,8.0,182.9267251708999
2542,2712.1611285084064,2136.21615785731,7.0,182.7852414064193
2543,2108.920022514225,459.21826025659885,7.0,182.5801883212801
2544,2537.686505744555,3061.7467456888257,8.0,182.54096930805596
2545,1352.3524906122723,2939.8414157075067,7.0,182.52415201594695
2546,3291.1024611807397,2449.042855616292,8.0,182.42038835808094
2547,2784.5035491184717,244.0939598395294,8.0,182.3807277750836
2548,3101.6303125724266,2109.0101591885145,7.0,182.3584652962274
2549,566.2145659943798,935.8760486945897,7.0,182.26616559461667
2550,1601.8614806473624,264.8832876690338,8.0,182.15408323699012
2551,723.2361523695529,1650.0955883608483,7.0,182.03617979021774
2552,2563.982038708381,750.8465614463312,7.0,181.9982489673672
2553,1707.5482937848801,3422.926264073624,6.0,181.9309712565191
2554,1519.103885174546,639.6115025533767,7.0,181.87427438943814
2555,2202.3502831097067,815.9499940032831,7.0,181.85680506376445
2556,1706.1308490956671,3671.1050113759766,8.0,181.85221772671414
2557,1577.1953786619515,3802.01672976551,7.0,181.81426183248433
2558,3059.665761153496,2702.344726380807,6.0,181.56777749922762
2559,1538.7875165550934,3498.9519901429508,7.0,181.55235121867446
2560,2932.068927478563,695.1480008399371,7.0,181.48080051414766
2561,2125.277383470048,3652.081034266458,7.0,181.43563395569487
2562,1519.8665027577033,2407.2105261182364,8.0,181.39474474861765
2563,2946.790682114103,3339.112760865911,7.0,181.32119719079955
2564,1198.8058694636056,3329.6021735315117,7.0,181.31520249823916
2565,1319.6209655096825,3065.895500911214,7.0,181.2928506878098
2566,1121.929761816191,874.1406044056993,7.0,181.24955873680258
2567,2939.884084675136,2893.5786374524473,7.0,181.24539168538675
2568,1809.9255542819822,3219.3821957237633,7.0,181.21425049504438
2569,2367.3518796360177,1450.629106576339,6.0,181.1136978222562
2570,2734.733438921942,3694.017449721521,7.0,181.07263940866113
2571,1202.390093473787,2288.200490977213,7.0,181.0680967343193
2572,2479.994419662595,2065.258052042513,7.0,180.90066367141617
2573,2473.3366884790826,1424.3343600814314,6.0,180.8528918589912
2574,2040.8427767347182,2917.4921951478495,6.0,180.74596148214178
2575,983.2071721069702,1299.1457965589298,8.0,180.72433352311532
2576,428.7353959882801,3037.1214979964466,7.0,180.71532148853274
2577,2150.972915105086,419.66321715626907,7.0,180.6860196964512
2578,2819.3637594638612,1372.2507319671024,7.0,180.5609110443723
2579,3709.259134254071,2976.678081448579,7.0,180.5291372354562
2580,519.9460875193394,2791.0194253929426,8.0,180.51040182925698
2581,3155.9193285435076,1861.243535592502,7.0,180.50238190744957
2582,787.958351806415,2376.196486828612,7.0,180.4745054571092
2583,3401.720541716579,1762.9375941585615,7.0,180.47313146759825
2584,2489.3608312460797,2158.0781784355613,7.0,180.4469976156948
2585,1258.205669993121,2283.8010162503824,8.0,180.38326393694484
2586,1494.9379612925568,3242.0942417043657,8.0,180.35771637247802
2587,296.1169697050277,2746.2489519160204,7.0,180.3109448305311
2588,1089.203835283573,2770.778057451306,8.0,180.2356244401716
2589,3335.937149787928,548.8404580187606,7.0,180.21922354538702
2590,2579.8726739814906,3390.0900269752333,8.0,180.1381169246362
2591,292.3063151002493,1485.13889307979,7.0,180.08137106869603
2592,1438.8338811165643,3752.8177720745853,8.0,180.06195177232183
2593,2575.0522076918787,2138.6369044158228,7.0,179.9410935103648
2594,2731.737791348232,1091.3700975743882,7.0,179.9319007585643
2595,2611.061091935275,600.9917338642473,8.0,179.72143842729395
2596,589.2719095985002,2441.9583863042244,7.0,179.70990392472976
2597,3459.8478836007907,1700.6582980605967,7.0,179.70930316288394
2598,2221.4682033585746,3986.230535694404,7.0,179.70025611024397
2599,1663.9097600703385,3241.9442695563057,8.0,179.6860497789794
2600,988.9317675351787,1065.1701917916791,7.0,179.60095598364617
2601,943.6391126554116,2351.342922543823,6.0,179.5829867858557
2602,3461.2601540465785,2837.008148630428,7.0,179.3128927895993
2603,2704.66134477029,479.06514267261326,7.0,179.30391216867002
2604,3158.1404328896238,3074.3434418157117,7.0,179.30379875713493
2605,1328.77656904669,546.8271492248224,8.0,179.24217529035792
2606,1083.8061513003756,1684.9714081991747,7.0,179.18007070499812
2607,1055.265654761031,2890.7023158032116,7.0,179.14689806396527
2608,2463.0853759357365,3184.9251564424976,8.0,179.14456101038814
2609,3833.18093664731,1307.0296162611035,7.0,179.1432983434119
2610,1471.8639841273625,383.7099523687229,7.0,179.02117116390988
2611,1022.1953461918569,3290.840539449459,8.0,179.0059443355269
2612,3256.853214022451,1891.6877720894402,7.0,178.9797188355831
2613,3578.816713408825,1123.8937158896379,7.0,178.9004153264667
2614,2287.2480029843678,3080.8969740282946,7.0,178.82790194612795
2615,3645.7580559909215,1206.6505301176333,6.0,178.7951691742731
2616,2759.7971156767776,3336.08966024472,7.0,178.7284648452365
2617,484.3259164211569,1932.8795830768006,7.0,178.72211525430282
2618,2492.0325765658768,636.2617806124489,7.0,178.64190858443084
2619,2465.9715974352403,1302.6285208849229,7.0,178.5250845306933
2620,706.1692335361479,1036.1158407608648,8.0,178.49773869642857
2621,1402.3073689185549,3755.496608178458,6.0,178.48686648974805
2622,2605.8249813869174,3810.019797515728,7.0,178.43152636901493
2623,2662.1002786921267,2866.233069372023,7.0,178.43026619501526
2624,2083.449876765448,3880.1052181741907,8.0,178.29748055791842
2625,2177.2160897606664,623.1361730128655,7.0,178.2875113034237
2626,2828.8227687973385,967.7683096842861,7.0,178.22436315689734
2627,2256.8101541413057,210.9425189983525,7.0,178.0944347349452
2628,1195.2717108926297,3704.6593259706533,8.0,178.08152519592855
2629,3058.217590846893,1973.9639243593322,7.0,178.0195808979322
2630,3302.795920564603,1704.0005984376046,7.0,177.9613676295194
2631,552.7389335201765,1686.2588709789527,8.0,177.8548507478311
2632,3517.780450611258,1248.0835560037583,7.0,177.65644179763638
2633,1447.2681206679247,3664.893886793925,7.0,177.63930932377096
2634,410.23767158067767,2937.333342372847,7.0,177.6248399536139
2635,2392.977054755955,2534.9782788564103,9.0,177.58023658643063
2636,3924.041175464668,1444.4913452877868,8.0,177.49261859834368
2637,3243.8961397563944,838.262213471468,7.0,177.46056899943844
2638,2351.7659087875445,2776.1180874300026,7.0,177.4427447408109
2639,2427.748818281888,1100.3093333383051,7.0,177.44245554424975
2640,2444.117159040934,400.92766703052536,8.0,177.4318548228987
2641,3480.089679184993,831.9388106761235,7.0,177.29896655876843
2642,3192.6504148591557,3420.2225389371706,7.0,177.28571568653257
2643,353.3766509115673,2176.804231199254,7.0,177.24770379465656
2644,2138.117434064315,3698.5453739747463,6.0,177.1506236580483
2645,1075.0533402336916,590.017095701458,8.0,177.14554926445993
2646,1713.7355341036257,2714.20786529501,7.0,177.14260119250858
2647,1745.9334866731006,2386.6537273005947,7.0,176.87824381037314
2648,2594.9971753033733,419.85137685642826,7.0,176.82916967277697
2649,3352.91706162551,3505.6869444337003,7.0,176.77263688182168
2650,2562.4811040305144,2353.899940458002,6.0,176.73526472658773
2651,1438.941968438245,2549.7859369669923,7.0,176.7042406640296
2652,3880.9048292973876,2285.1523800463115,8.0,176.68209637282513
2653,852.0278409099817,2912.9143797161055,8.0,176.6683100555324
2654,1852.1594243857246,3938.991099383916,7.0,176.65850179678733
2655,1947.4147813607383,3706.7203878209766,6.0,176.61124599227853
2656,3870.16446336379,1561.0520767448124,7.0,176.55270725660137
2657,2423.367303877078,2442.0703909369554,7.0,176.52966920265732
2658,3949.7550356482075,1583.8856498511943,7.0,176.50237711814424
2659,2385.8021559182257,581.2339370444528,8.0,176.44661393149227
2660,134.8837110892059,1883.2960215817675,7.0,176.43686677339608
2661,2377.6937237407583,3620.21473479475,7.0,176.37091347848468
2662,1953.941688294139,3908.1920474822155,7.0,176.36120984946433
2663,622.8944381870161,3055.1806736829094,7.0,176.20196223935906
2664,2463.8594345083884,2175.1035811743254,8.0,176.14672069269642
2665,1513.9053570498834,3253.8533701715437,7.0,176.0480468621922
2666,1000.0201537240295,1914.3619019303408,7.0,176.04515602666842
2667,1820.1187296841154,3157.9362990395634,8.0,176.02310542515974
2668,3704.2127712623646,1693.765825812799,8.0,176.00450790384062
2669,2917.9571977611445,2838.270750419615,7.0,175.90555721917963
2670,2520.096145898055,3390.783312275204,7.0,175.68561023961792
2671,2944.0637990434902,473.72378783389144,7.0,175.65614990092334
2672,2335.2452970261024,2754.710889714271,6.0,175.60578812718222
2673,2225.164823975942,2965.249636323462,7.0,175.5902386901711
2674,3097.9980095146293,3004.2129240995987,7.0,175.499669596572
2675,899.383664555457,3234.931225487352,7.0,175.37064721970984
2676,3957.676148791989,2444.7797641334073,7.0,175.314046589282
2677,1618.8986834760212,1213.2568541048543,7.0,175.23931856940894
2678,3082.874941488123,1899.3918076623177,7.0,175.09273834115902
2679,1737.890184349221,740.887770075699,8.0,175.0841478966595
2680,2493.847689890831,2808.1082068126207,7.0,175.02548291166693
2681,825.3612585767593,3611.867274092781,7.0,175.0236954267792
2682,1692.0802460129546,3888.1530885847314,7.0,174.96430517019274
2683,1763.9122051249146,2963.498212145092,6.0,174.8586781030277
2684,1819.8915809337475,891.0538975785599,7.0,174.7195834469754
2685,1312.2586368500338,3762.19338670026,6.0,174.52333529155482
2686,2223.276039748442,3435.3110865026188,7.0,174.4772296752988
2687,487.9796183902254,1361.956763616967,8.0,174.4696074378326
2688,3381.9478571111867,1085.1605359215698,7.0,174.4598141543338
2689,3369.9225551260024,3332.878583641303,8.0,174.4592826836003
2690,1595.0226254311997,3930.2788091626826,7.0,174.4477504347765
2691,3206.4412350328953,3489.865167204895,7.0,174.43090494558925
2692,768.0138826777542,1663.3020133217078,7.0,174.41781300691042
2693,2514.1243336854827,3419.5013661993485,6.0,174.28423383767867
2694,2728.201574573903,2947.3238883331474,7.0,174.19891000750962
2695,2429.2659524873457,3849.4939363547974,6.0,174.16432316720181
2696,1610.8226150400858,806.9738924119277,7.0,174.15174509045997
2697,2608.8054730188915,628.4524434659997,6.0,174.05924273639744
2698,552.1367730487202,1856.2923465035717,7.0,173.9964540466317
2699,3601.140506482533,2913.711297037157,7.0,173.96486605546497
2700,277.86582262317523,2129.3150545519898,7.0,173.93673600403994
2701,841.9297701954845,1913.3486877301787,7.0,173.92618870323906
2702,767.5110189950743,1159.883827865038,6.0,173.81482934511044
2703,2631.6549575212243,3123.0387279630822,7.0,173.7968588096481
2704,3767.980504746593,1263.785779815404,7.0,173.74267079862489
2705,615.1129574222514,856.3007404411952,7.0,173.6317526050959
2706,740.9852404056957,2873.8376404507503,7.0,173.62523079104386
2707,3471.029397275569,1595.3502898987163,7.0,173.43697178111438
2708,529.4053668531104,2630.066173407268,6.0,173.35891706586537
2709,2204.8109292720715,3786.239924721705,7.0,173.16120308712667
2710,2499.654549736308,788.104709075902,7.0,173.05679257178886
2711,1452.2698393383637,2564.03477947952,7.0,173.0290298166102
2712,674.0915273796535,918.6996217836304,7.0,172.9968237980155
2713,3562.928931202918,2680.7583327189964,7.0,172.88448403324568
2714,3625.1521974116476,1175.034431234112,7.0,172.86710644399088
2715,1244.1405151589822,3509.1183896317752,6.0,172.80638765634046
2716,1781.3130348706563,1206.9579745046433,7.0,172.7561033271369
2717,3344.678736765462,727.0064509776627,7.0,172.7148063701848
2718,499.70465690665026,2407.9251893884416,7.0,172.64956014880028
2719,2857.0121829467294,3038.283108539864,7.0,172.43837890572254
2720,3122.1506775966013,2320.2691436929204,7.0,172.38256679876068
2721,795.3398540773201,1482.070728571495,7.0,172.30269095261977
2722,1747.784104437535,3441.307079909266,7.0,172.2117966592996
2723,2128.109594734365,3549.718125870624,7.0,172.19918116125538
2724,355.9897075867124,2622.87505075999,7.0,172.16308233482775
2725,1135.8183328940534,452.3032942153781,7.0,172.15694465140186
2726,217.95967894672668,2622.3112251441266,7.0,172.13895424082335
2727,1914.2294484376112,966.0678711941829,7.0,172.02851499628474
2728,2174.976342656893,3778.8640336059357,7.0,171.996591264093
2729,2630.8814565268267,3699.3232177764253,7.0,171.95041610978691
2730,2559.9497211052617,3098.205528491912,7.0,171.89198519962022
2731,2033.6749450892253,1566.2014241374238,7.0,171.80107661060163
2732,1661.4423207310224,3561.9467644887027,6.0,171.74209127437953
2733,2258.869265152584,444.01885124804585,7.0,171.7277923743373
2734,2936.6445728158415,3704.4777101259037,5.0,171.7015730324124
2735,666.2433448127073,3264.8021542188694,8.0,171.68642958513493
2736,2645.9614469949734,1002.8727230268729,7.0,171.6857755590521
2737,3673.799047536683,1130.9991574649616,7.0,171.68559794715011
2738,1542.047731736,3847.739767797733,7.0,171.64604360241952
2739,1742.053536856897,3141.2404952543484,7.0,171.613929735347
2740,616.0328521367976,1418.6426185835492,7.0,171.60933913317382
2741,2424.009320352561,2283.33497357849,7.0,171.59830188230586
2742,1193.7947735130354,2525.2034990132383,6.0,171.5426547534904
2743,1453.1345349288788,935.1768936080828,7.0,171.53961003531867
2744,440.9966135261652,2998.740351753676,7.0,171.37789775538366
2745,3252.0672624725007,2209.8158669684385,7.0,171.3778787393049
2746,3177.0444715358367,3387.2844118437392,7.0,171.26948588175233
2747,1656.8579855285107,423.0422453974619,7.0,171.2681942061524
2748,2820.972376384668,420.8964819391554,7.0,171.1787801055572
2749,1753.7409772713193,3835.890615766482,7.0,171.1748282303455
2750,759.0151273903854,2827.1293897099367,7.0,171.0722531799273
2751,532.6550473828931,1036.3052565378036,6.0,170.98244414088933
2752,814.099074929861,3491.0495395332637,7.0,170.96334804876943
2753,3264.7195625486547,1025.7298083926216,6.0,170.92880413994203
2754,208.25928864944748,2093.1286909617024,7.0,170.874734279336
2755,646.4281876893958,1592.9459889062766,6.0,170.80524017920172
2756,2404.931562319083,3962.1245113460454,6.0,170.69596628414843
2757,3882.8819965111998,1646.6564946188996,7.0,170.60435373971578
2758,3194.137741594906,2974.3153554482687,7.0,170.4046524203306
2759,1637.211985929542,3270.9059923655204,7.0,170.39835898342912
2760,3410.452311058082,2263.8761820866052,6.0,170.2514145769373
2761,3766.8093538777043,1939.9218620202457,7.0,170.18053362937647
2762,185.9741330790957,2443.2193170092114,7.0,170.15028360058844
2763,545.8323976723876,1445.334050880458,7.0,170.13861528991777
2764,900.2751501665031,1303.161067132044,7.0,170.13480302585327
2765,2337.3498864964413,3082.894143726893,7.0,170.11084568384157
2766,560.7799871545672,2668.8286356431445,6.0,169.79426141018254
2767,3029.073926315796,2691.8937617276047,6.0,169.72707586329292
2768,2777.9978606939467,2081.799214726084,7.0,169.56836692636034
2769,2983.8677982776203,3450.5626214467516,6.0,169.2688828434637
2770,663.2745537472258,1761.0133730514851,7.0,169.24757267569697
2771,1264.930113858783,3018.236712287924,7.0,169.2469585085811
2772,3177.000364065819,765.1375587591203,7.0,169.1977664769507
2773,3492.2857971003837,3008.9587715236908,7.0,169.19709842270814
2774,1918.862723390224,339.15263665675974,6.0,169.18008422805605
2775,2018.1789211344867,772.9122446547752,7.0,169.15102955679947
2776,3587.91986569516,1811.2791146006664,7.0,168.98350867450517
2777,1164.3507476383645,3692.8597927905957,7.0,168.93687565750201
2778,1298.7847419501759,1201.7858695003827,6.0,168.8787024865695
2779,3335.7414122662194,1278.482427361993,6.0,168.79407515832344
2780,1292.741711199576,3377.509049636269,6.0,168.65818735146982
2781,2928.872891918508,1926.0610876912274,7.0,168.61909607262456
2782,1498.3299815558426,2900.8084974704616,7.0,168.5813919798967
2783,3180.498120886578,2626.3091493759325,6.0,168.56305615299618
2784,3414.4766410078782,2140.2621208708997,6.0,168.54731453493926
2785,3605.922753799917,2785.6562330637375,5.0,168.54673253412892
2786,523.9777123575785,2347.1965938280673,7.0,168.45047708214705
2787,388.88968294595384,3006.750535512173,7.0,168.10638438463207
2788,2443.9938310206117,2680.195368186962,7.0,168.07563050521938
2789,1270.2744158977562,2809.050053779149,7.0,168.06967567851484
2790,3283.2562538641814,1563.2431016009866,6.0,168.05039029493076
2791,184.53725407334804,2818.8700323912117,6.0,168.0498832089111
2792,637.9814266828679,1748.713058251029,7.0,167.9869485775736
2793,709.1987259452641,1273.8082068657282,6.0,167.9800749724259
2794,918.3408818137749,755.0851683540686,7.0,167.90252865378702
2795,2432.651253882966,1653.2091744988268,7.0,167.84832431421998
2796,1600.3017852087337,766.960045220326,7.0,167.69194337610125
2797,3892.173867393428,1624.9078791807206,7.0,167.6491782347666
2798,3014.0463081004245,2798.2033098094753,7.0,167.63685554662547
2799,936.6987613983399,994.1383835190286,7.0,167.50020321523692
2800,2116.5071622976307,1197.3303973278737,5.0,167.46496560895002
2801,1322.5104669842808,2303.181206970131,6.0,167.3317945855373
2802,3373.286407133415,855.1446026624345,7.0,167.2540993026842
2803,3791.2106800111987,1798.160570553086,6.0,167.24678045630074
2804,2545.0819531932316,452.1984524906128,7.0,167.17457501443545
2805,3306.7603022162084,2899.7526428380834,6.0,167.1701472142936
2806,2668.4775549083665,1136.9947352868408,6.0,167.09870369198987
2807,3493.0394139820087,2900.7847142384403,6.0,167.00251176780006
2808,3860.557485162786,2498.251449340293,6.0,166.99586448312894
2809,2117.708960700488,747.2807772740757,6.0,166.91808263027974
2810,3730.821478168844,1232.1171372243605,7.0,166.91518649791377
2811,1680.9954646984845,596.533236528835,6.0,166.85252328585358
2812,1057.6907153874004,3611.8735185993814,7.0,166.84967602642845
2813,1306.299283447143,2690.987715799981,7.0,166.79787913520695
2814,1954.0445536664497,3951.475674816247,6.0,166.76244267025052
2815,407.0123222044057,1549.6861960664583,7.0,166.71590901901018
2816,2137.8949495997153,1022.4893266941607,6.0,166.66761315218295
2817,2371.8046249509016,936.3156019788257,7.0,166.46465042066075
2818,3503.572331920505,2653.1050684021475,6.0,166.42950896238608
2819,1864.9418595710354,3444.4587216445407,6.0,166.41815625596035
2820,2618.731361962184,921.4670346162923,6.0,166.40452966079175
2821,2009.0249633538585,4012.1628030501493,7.0,166.3451957741557
2822,1506.7172940346009,3820.180289645958,7.0,166.23630674833416
2823,2151.981124648774,3543.7620349018503,7.0,166.20324336319084
2824,1974.8900535928656,481.8975855736062,6.0,166.19194487375358
2825,2043.8631972966023,3657.742717945212,7.0,166.1712255340481
2826,3320.766122255272,775.0106515547981,7.0,166.1189699073597
2827,1013.2727841703609,2453.143886703673,7.0,166.06766765545575
2828,1766.948707507494,3946.8373859224735,7.0,166.005152196697
2829,665.52026903153,2969.105350809037,6.0,165.91987595108225
2830,2505.921584932916,1388.876029464774,7.0,165.83969786898436
2831,762.1296218061035,1733.7048696484073,7.0,165.83413231622922
2832,2068.0783305236296,3591.5674848865606,6.0,165.573474861282
2833,1396.3269485965952,570.4332064308472,5.0,165.43438642075736
2834,2516.19490693269,1590.9459954979523,7.0,165.2700077659473
2835,3565.2111812462526,2441.0955285789987,7.0,165.24627912244685
2836,2610.1489340382973,1458.5235712097058,6.0,165.18685866230487
2837,3251.0705417330455,2179.1054843086395,6.0,165.14795031888883
2838,496.1798842390689,1530.0127170663743,7.0,165.07206024139057
2839,3119.085058450751,2088.222742189017,7.0,164.91949134380786
2840,2606.731322479309,336.77188724377834,6.0,164.91311510490422
2841,3613.2828852597527,2952.041337449797,7.0,164.85413893997563
2842,1318.718196009388,700.8905519150966,7.0,164.79130973181424
2843,1755.6545150176694,476.97123505526065,7.0,164.70143495571782
2844,3616.012712185629,1976.7813835214226,7.0,164.6645153957876
2845,1540.0430381052495,818.9052181832983,6.0,164.56097723209004
2846,1291.8381870584071,297.21337170459856,6.0,164.5397214519046
2847,1513.1027849887057,3298.7727887323626,7.0,164.43799611561226
2848,488.7596506690177,1997.9812878986459,7.0,164.40911554505348
2849,1307.2002168906117,2347.1595270600783,6.0,164.30174904903944
2850,2625.880505374402,762.1552754601644,6.0,164.29280337266817
2851,1429.5155810886467,3459.255397855245,6.0,164.291720716927
2852,2173.6621083973164,3171.090537652035,7.0,164.18737516509478
2853,1943.082623193897,3616.7860856631464,7.0,164.148898196718
2854,3029.75473898401,1398.1257537835436,7.0,164.14301579647346
2855,241.45248423448655,2473.954237946114,6.0,164.11372678838904
2856,1319.0695780530314,1260.5375903851457,6.0,163.9605913995977
2857,998.2271281551002,3678.0009491332517,7.0,163.94716541122153
2858,2866.114732585897,2028.2766419903603,7.0,163.87227115279333
2859,1043.49684261441,3057.9543464942685,6.0,163.86134438992934
2860,1768.2915097202122,3543.10996725319,7.0,163.840126745485
2861,3593.0269865975542,2993.6905756278006,7.0,163.77243967654374
2862,1130.5511337105438,1786.0991264462432,6.0,163.66686882589354
2863,1521.072771551994,571.2323227610651,7.0,163.611972360472
2864,3388.3035501647732,3039.1524555675032,7.0,163.5997468141923
2865,2245.751563941247,37.585078166838464,5.0,163.43304778229378
2866,963.9342234572046,985.4873196621066,6.0,163.40106747748237
2867,2000.0610574824539,4083.6042833720467,6.0,163.39846990676304
2868,3315.7605189082283,1106.7857938667992,6.0,163.38399031219544
2869,345.95351303012245,2923.917339018201,6.0,163.35306927133362
2870,1780.9922362087248,3750.7238719764287,7.0,163.26843949231272
2871,3529.844505546983,1457.9755960840641,7.0,163.1779053489251
2872,2203.9289666729824,3572.538260559643,6.0,163.15158724697352
2873,3207.8446934841545,1595.8083735976913,6.0,163.13932787592745
2874,2281.8188161892513,3536.4436628025005,6.0,163.10183102369118
2875,2448.5368297540826,2610.295748078324,5.0,163.10138555969587
2876,3221.941341093209,1444.2289192471324,7.0,163.031765109059
2877,1600.053798610731,2952.5410747652163,6.0,162.90326302150734
2878,3460.5654024374708,3189.8942190571165,6.0,162.8893790632825
2879,2960.0084248536064,3467.2505035044064,7.0,162.8718634202928
2880,3790.887273356766,2155.823451295654,6.0,162.8511175988761
2881,2712.1653915085085,565.5090544660042,6.0,162.81629818006218
2882,1384.9050461660859,2634.960506851572,6.0,162.73901266309562
2883,3885.232783954747,2520.2156932098164,6.0,162.6943663800028
2884,2582.0938844221673,2095.4741096398475,6.0,162.66995589031592
2885,2527.1081715196956,2067.5194449022947,6.0,162.66038673992745
2886,3439.538723428546,2062.0358439319107,6.0,162.62606901005967
2887,2807.144228083128,2916.4435296645856,6.0,162.39928257300025
2888,665.7375712191127,682.5236533680297,6.0,162.27654433349218
2889,455.0338452970697,1897.1615292760564,7.0,162.2216180789539
2890,2398.058572236721,353.17922168742894,6.0,162.0032813425461
2891,1204.1910438979082,418.45417465182254,6.0,161.99125902631422
2892,3792.1140447745156,2893.1281485481236,6.0,161.97060201687032
2893,696.8710239566548,1108.9821422364334,7.0,161.75682598730407
2894,2375.514863525716,2652.2182662806313,6.0,161.74013645554052
2895,2548.7771102955194,923.9784266526005,7.0,161.6789852474293
2896,1638.6648360153397,1989.0703317069533,7.0,161.67396158770316
2897,3239.704080824115,3292.0184590940357,7.0,161.60494922980675
2898,3111.5577040247867,2150.6648748596863,5.0,161.5990974136749
2899,2211.821341247489,3076.874580113427,6.0,161.5092344078902
2900,3824.1136765118745,2216.889636843557,6.0,161.5019386588446
2901,3399.2798559821777,2036.0171000175376,7.0,161.45557187529906
2902,3020.7478500640696,861.2246189526145,6.0,161.43079660417501
2903,2547.7310848025163,1216.0136041158703,7.0,161.31872975075356
2904,2526.3247695369355,1442.9671490371838,7.0,161.29846521622773
2905,2722.1888093720377,3862.1785115857433,6.0,161.26007485457598
2906,1560.291375583765,790.9690062433704,7.0,161.2548025054221
2907,1657.8879047025125,1392.083177180896,6.0,161.2153221384751
2908,475.2773985644187,1724.8905603089702,7.0,161.18723391015604
2909,1587.8376886110054,1181.1040229449181,6.0,161.03244782500556
2910,1090.1816317724347,1248.4370826757838,6.0,160.9516912555504
2911,2428.2677975545275,1367.402192862244,5.0,160.8967670797135
2912,2903.00286665262,3467.5361653380023,6.0,160.8752646505061
2913,1710.4855976050085,688.8356158616365,6.0,160.86569911929848
2914,331.4525172887439,2886.895128300152,6.0,160.79482379837987
2915,1001.8593433417243,3181.9246769783526,6.0,160.7782539283091
2916,3428.925114360999,2212.763620949722,7.0,160.76443124716135
2917,945.7284556765894,3728.4907930207105,5.0,160.6708364927418
2918,1600.1892314376498,572.0974535261839,7.0,160.65730406946895
2919,621.9880184392792,897.7879333286476,7.0,160.5834675288813
2920,2589.0940303953535,3353.053238867113,6.0,160.5823030787575
2921,2464.9180822466374,1841.1319853235736,6.0,160.56474940701438
2922,2414.9570992878857,3825.7246841561964,7.0,160.5526798283836
2923,2126.166882661696,3383.520484392312,6.0,160.4987008658114
2924,2112.438194313934,2974.743896412532,5.0,160.4139907565304
2925,199.50992055852515,2332.762414021603,6.0,160.32693810581927
2926,3950.4873049604016,1994.84568968543,6.0,160.2893853476109
2927,3534.936950647592,1023.2379925557879,7.0,160.26888734587104
2928,1160.1490033058378,1428.1740305667022,6.0,160.24146739959906
2929,2847.526993495081,3353.9879804216507,6.0,160.2198482211865
2930,2640.9842112435254,3724.2058318958366,7.0,160.16529707498486
2931,1670.2527394123326,3344.16445560716,6.0,160.16489144756693
2932,3042.5046665483046,1637.8950182021592,6.0,160.0299180407714
2933,922.0101170755406,728.5024269390234,6.0,159.99014060657882
2934,3698.9924582151857,1158.8636592256364,6.0,159.93971722719584
2935,3333.0043414503343,3097.143569460811,6.0,159.7866120373724
2936,3381.926055803743,657.454043041968,6.0,159.70948278474367
2937,2622.4891986756757,2179.039495048537,6.0,159.66010072437956
2938,3011.0323004867723,1335.5470209247892,6.0,159.60236922971657
2939,3625.5718194814417,3259.3165402086784,5.0,159.60202972415556
2940,2763.8651594696526,3110.452679849222,6.0,159.56364836675783
2941,3638.0457629704315,1742.7741679778705,7.0,159.4861650775595
2942,2749.8880001933844,3863.0710768902463,6.0,159.30782730360312
2943,3064.438530530486,3322.158917535239,6.0,159.29970719285978
2944,749.180466879844,1900.0720279018449,7.0,159.181120452785
2945,1442.1691093595414,994.029009444838,7.0,159.17885298750707
2946,2458.2795598118887,790.2326166610653,6.0,159.167515397325
2947,787.4424012269293,2932.1182421291287,6.0,159.06218267992523
2948,2414.118045839713,2372.3371309002664,7.0,158.9404546873978
2949,3322.884309681994,1384.9454944891604,6.0,158.89353832145562
2950,3589.497016514408,2105.2415581864093,6.0,158.85703018773177
2951,1111.0353410765595,1763.7736739558707,7.0,158.85690135646848
2952,2877.9295870049286,3848.491443298253,6.0,158.82604897343302
2953,2554.83645719372,228.82833007438643,6.0,158.8003958158333
2954,1227.1371978623026,576.8970730942748,6.0,158.65705828246078
2955,2650.5002344885493,1798.1755361247376,6.0,158.62419734489873
2956,1391.7063894970095,1145.5597733728737,5.0,158.41022536801535
2957,443.9864490536028,940.7303829073419,7.0,158.38765033679903
2958,3364.9407104978904,2571.748274681916,7.0,158.31692977806955
2959,2176.249165049853,3500.1752097820986,6.0,158.2697082118596
2960,3742.5725047753863,1369.7508251956817,5.0,158.25987675847637
2961,1460.214350596256,1508.4592999484178,6.0,158.24470914313628
2962,1266.907185276026,3024.499287795954,6.0,158.14436026043495
2963,2704.9404557365287,1364.9218189024534,6.0,158.09068936132118
2964,1707.9155519478134,3597.4092968697296,6.0,158.0529443957409
2965,2905.8537129139463,3412.8416294026383,6.0,157.986785900632
2966,2121.071998213207,834.5161836996087,6.0,157.89877019579967
2967,1144.8580579053726,1818.33154105098,7.0,157.88953333501073
2968,1771.219620516004,316.47265259840657,6.0,157.77550322508574
2969,2762.9790439280073,762.154060419549,7.0,157.74560597938432
2970,2445.0680490768905,1502.9165507798211,6.0,157.72660039604116
2971,3378.4466159398626,1414.9419559329501,6.0,157.68681649709177
2972,225.5392449809532,1856.7844302242609,6.0,157.6450033156105
2973,3759.5307365670033,2152.796891524142,6.0,157.58788768095138
2974,3989.8846895546053,1894.2064801221889,6.0,157.5356487973082
2975,1452.8581023928534,1215.59346543546,6.0,157.514935712788
2976,2578.8927900565786,2946.8688117283127,6.0,157.42360600691856
2977,2866.873699234118,3355.8082728636377,6.0,157.39245750178517
2978,3373.862833223057,1978.942481225964,6.0,157.31938808032996
2979,3304.524217044396,993.0611426784412,6.0,157.2715484155454
2980,691.9129538152263,1164.1388783855248,6.0,157.2489600883912
2981,3573.1668105951567,2182.907388237449,7.0,157.20572023261627
2982,2683.9943113521745,686.4004953938489,6.0,157.18845704830753
2983,921.0360379495485,2978.2503795458183,7.0,157.14853832708673
2984,3011.0291286010734,1767.4406729118455,6.0,157.12094845385442
2985,2873.0957596510207,1659.8849218645232,6.0,157.07568878581642
2986,2652.448677407963,383.80499627219524,6.0,157.03860102031868
2987,285.1544435781919,2341.8387672300423,6.0,156.8490599490715
2988,2279.192376623938,3196.9905054221085,7.0,156.7947539806186
2989,2257.9301823173796,3672.5099802329128,6.0,156.78548010784456
2990,2132.5362380828246,3417.785801297692,6.0,156.77254755986044
2991,3304.118196443296,1810.1452353533111,6.0,156.6791656060192
2992,2355.136615033143,1286.1710282019433,6.0,156.67101825524588
2993,1137.982954266882,3593.1994186056263,7.0,156.61732208786822
2994,2266.0490612193685,600.6117496734403,6.0,156.4936041770658
2995,4058.4401625493815,1973.7704137175779,6.0,156.4723774346963
2996,3675.542828851477,2631.262178811186,5.0,156.46741953974393
2997,3750.7605791413175,1652.1235948464073,7.0,156.40999754285485
2998,3283.8188112545263,2137.761078029691,6.0,156.37809751032395
2999,2374.8593491651764,2871.467246406704,6.0,156.20647571600813
3000,3403.1506616378056,2702.533381357921,6.0,156.20646244055882
3001,3561.437361284236,1890.2184655547062,5.0,156.18509148627493
3002,762.5224199344503,1110.1610305037848,6.0,156.13813970575683
3003,3180.167674346859,1230.997608606351,7.0,156.1352685936795
3004,2255.9734102188318,776.5097197368052,6.0,156.06624401663794
3005,1219.2140223406427,2513.842677787423,6.0,156.0589702474979
3006,1578.0700078037992,2691.243892871867,7.0,155.98849485212685
3007,2378.8199966253837,1333.5284829368516,6.0,155.96089274949523
3008,1403.8168078860535,508.8232175085485,6.0,155.94173853717234
3009,3026.8521155930666,3575.4636991385455,6.0,155.8765658355949
3010,2342.4687149695374,2667.5420152801134,4.0,155.80013180126764
3011,3721.986230425251,2921.5432029087538,6.0,155.75629609071174
3012,732.9827201317087,672.4097292368799,6.0,155.71451891257095
3013,3950.1610672312395,2297.0304544189394,7.0,155.6631099901535
3014,2604.081219924551,3913.8275506313557,6.0,155.62633152001618
3015,3091.1831341386173,1755.4923311867462,6.0,155.6183346944722
3016,2538.3390145893395,3930.0729783476336,7.0,155.55075310997134
3017,1073.4495747694884,2758.0853908551444,6.0,155.50295820855152
3018,1215.7847912711811,3578.357634697292,5.0,155.45594853284422
3019,3087.1737887464114,3409.2202459204163,7.0,155.35784933471103
3020,2874.113151681424,2833.5055828609084,6.0,155.31877886771173
3021,1339.1350553649822,3401.0815808549755,6.0,155.2233931421572
3022,3791.9222869535442,2727.207675560204,6.0,155.14758464203922
3023,1362.1669361347615,1786.6374719921466,7.0,155.09897173217658
3024,143.05952399843247,1845.987247296186,5.0,154.95728459914716
3025,2467.5187788002017,1554.8181338103968,6.0,154.8397460414664
3026,2328.9970868040414,3026.3462077909185,7.0,154.7861269587661
3027,2769.940024839183,1134.5821373421638,6.0,154.76894254413278
3028,2394.486831615354,3133.79974724442,6.0,154.7476812709547
3029,2782.8702694965223,2390.875340026026,6.0,154.7332995629209
3030,3996.555388622353,2366.1319214754412,6.0,154.72676520927047
3031,962.1671883093549,2128.1516326249216,6.0,154.65567103359555
3032,3605.9116619136266,1727.4748709811076,6.0,154.48371568802725
3033,881.8750268569503,1059.5114494793593,6.0,154.4642852459325
3034,3004.829999433406,2948.792041163735,6.0,154.4264752220025
3035,3216.4753816228235,2841.89283330467,6.0,154.3334173498797
3036,1613.1932240091505,3415.0923327606606,6.0,154.28476000428918
3037,3582.114365567166,3120.5108540395026,6.0,154.23599524376812
3038,1531.7327458930445,272.8217679198102,6.0,154.2096176927041
3039,2224.260059479433,3473.5005398150242,5.0,154.1709782625196
3040,3719.044605238681,2771.526457421585,6.0,154.1671361190945
3041,1640.9297601295877,2751.896156890224,6.0,154.16126288053013
3042,2118.0769793893087,849.0576533995245,6.0,154.1499742381898
3043,2214.5168316247054,3411.5636869081636,4.0,154.09467743999892
3044,1387.8851902703132,1496.2057522130287,6.0,154.0461589279776
3045,1930.1592430044557,2971.020890645284,5.0,154.02816901171335
3046,3571.942583718918,2620.895453166445,6.0,153.9450128907257
3047,1292.853984560458,1416.0378144583228,6.0,153.90771409256277
3048,3739.387415546349,2449.9422967645355,6.0,153.8744949072426
3049,3459.1659731831373,3018.7906017319724,6.0,153.75080749072782
3050,2980.8194849239167,3236.0121528550935,6.0,153.72505484758054
3051,1409.535679345069,1135.9199468904105,6.0,153.72316534691765
3052,3022.1141376151245,3356.466006836238,6.0,153.65732410122538
3053,461.20581469274566,1385.5338757653285,5.0,153.5953817931439
3054,3521.9046370008004,2182.5330282042764,6.0,153.58917432927961
3055,2248.9182191316913,3191.4430189087816,6.0,153.585537215127
3056,1272.8505701359989,3133.1163055936568,6.0,153.3535681666443
3057,2899.8280903223717,3652.431200572442,6.0,153.34368700408407
3058,2113.566962337669,3117.003406957764,6.0,153.3379710888418
3059,914.026424397047,1899.9470358716233,5.0,153.27363515897298
3060,3055.9941389728965,965.5298100224875,6.0,153.2725093867886
3061,3003.061807075995,801.9104902045677,5.0,153.21791085797878
3062,1763.5042636240946,1245.5432276834226,4.0,153.20687981146634
3063,2434.714662394969,3404.1421231284285,6.0,153.16098429324012
3064,3601.456796698212,1690.8575063221904,6.0,153.15954320769373
3065,3270.1113958718383,2161.0057617303546,6.0,153.1162981315337
3066,2386.0003881458324,3465.3084901450034,5.0,153.06691743521063
3067,3372.211751895636,3501.4255366148186,6.0,153.0091707412703
3068,1820.0878723094893,1180.8630770790196,6.0,152.99703741471242
3069,2497.7985631803667,3381.8592310521426,6.0,152.98456689783268
3070,2595.8182516189495,3044.8668066956293,6.0,152.95614866752362
3071,544.644245134039,798.8515257879594,5.0,152.93770589791828
3072,554.8515568336358,3264.128868416786,6.0,152.8696254816355
3073,2062.8719868716275,964.1968891457888,6.0,152.7703575448997
3074,2527.1151161282028,1836.5223504948794,6.0,152.7454896804766
3075,3177.8734899947935,1739.1584950155213,6.0,152.69137562209764
3076,2296.8405792865747,1596.0625622113523,6.0,152.68172505410456
3077,3034.440590304794,503.9950107096473,6.0,152.65308847795487
3078,874.4372427727184,3437.2637247434805,5.0,152.54945158709862
3079,1223.2036232014289,689.0415700382911,7.0,152.27254692265782
3080,371.0385779052754,1191.0642525415617,5.0,152.22894876819916
3081,600.5890142364055,2643.248447493096,5.0,152.16902892316196
3082,3809.5299225315753,3028.8727555740747,6.0,152.11715488367162
3083,3066.5175307621125,2995.460966655451,4.0,152.1018815858888
3084,2635.8414311960223,423.50702660194884,6.0,151.9904262108431
3085,2862.469053554437,996.2009799320031,6.0,151.93619555118025
3086,1198.1037777692368,2650.8055798010028,6.0,151.80564365261657
3087,1333.5404111188068,1694.9925055587917,6.0,151.80034177828279
3088,2560.5085831483807,612.0741015623034,6.0,151.70878246476747
3089,2455.259882789999,3724.6180039465276,5.0,151.59550219231997
3090,2907.1110988336673,2071.444829803457,6.0,151.46339489619095
3091,1481.6842652063513,2825.8221806916126,5.0,151.3834031498762
3092,211.8433685972746,2749.208178503876,6.0,151.3132458572336
3093,2401.5340821316045,3132.867900060809,6.0,151.19110560882928
3094,3445.8854666259986,837.5339202649845,6.0,151.16257726931462
3095,1150.1749704014164,2971.165988751216,6.0,151.11174764847533
3096,1504.936773578967,3517.4637056640786,6.0,151.10994293965214
3097,1056.0256321906213,1045.0410774075576,5.0,151.06545394799713
3098,1761.766304890743,3981.339215769318,5.0,151.02500158753796
3099,646.5713940216639,3168.9950900879217,6.0,151.02172995010113
3100,3480.517136049856,1051.0101383879546,6.0,150.99629750387945
3101,1939.976118652929,643.0385214261316,5.0,150.94776407520962
3102,2936.149714673992,2627.1766259589444,6.0,150.9143560253914
3103,528.536386086719,2556.090285239213,6.0,150.91434818082192
3104,1610.2805989635162,2488.440120468146,5.0,150.86756642987095
3105,1921.7496967822376,3640.384849058973,5.0,150.73238351443993
3106,2333.9913641186417,862.5508624172415,6.0,150.70645406533657
3107,2791.0260552451377,3136.4369064656344,6.0,150.66032427918648
3108,368.92684609134017,1294.1792958360247,6.0,150.61658959825016
3109,3237.462778007042,572.2215005788012,5.0,150.53753409472975
3110,1989.5340507274414,81.5424017043507,4.0,150.52875249949395
3111,3519.09059635467,3010.870819540025,6.0,150.37288885810705
3112,3618.869222408003,3112.37502210366,5.0,150.36927497601297
3113,3539.890449887964,2412.9676553488384,5.0,150.36887725394195
3114,3433.529141265991,1437.09203967824,6.0,150.28814107303285
3115,3150.8421100460787,2424.9155450949797,6.0,150.149548613625
3116,3425.558097598618,3435.5545775924656,4.0,150.13669183898202
3117,453.64940046948516,1072.7376588237269,5.0,150.0954784177021
3118,3056.9886099387263,872.4689365537671,6.0,150.00564756631496
3119,3254.9303841197298,1675.799596430322,6.0,150.0048555141305
3120,3751.5622448299127,2353.7972065341633,6.0,149.98947925286922
3121,2770.443890962506,1106.8238480757807,5.0,149.97322891407032
3122,1522.1557157236182,1602.8453208848157,6.0,149.93077816994253
3123,1140.0370123443486,2929.97506429453,5.0,149.84747066201498
3124,2265.0647017499905,3780.1456638923232,6.0,149.81437595249116
3125,511.4173977325368,1232.9503702510299,6.0,149.7951959260812
3126,2902.561519544425,2112.254241205555,5.0,149.7938278393956
3127,1691.404688098096,2898.878478349369,5.0,149.76303225494541
3128,3122.035652640535,2236.4023149679356,6.0,149.75086698184225
3129,2771.40441887181,2818.7809342342957,5.0,149.6384117671664
3130,1024.5069475825164,3557.1193130524603,6.0,149.60108456869
3131,659.6489465912499,1153.502357816986,5.0,149.5875103981945
3132,3711.570590552091,1970.2577750093517,5.0,149.5505875519601
3133,3643.939601664075,1917.2170351054197,6.0,149.5252949551962
3134,720.5922282019201,1232.8017567060879,5.0,149.39594250294888
3135,2487.768507186695,2669.5833762250536,5.0,149.30459733365547
3136,2378.867245883673,2895.8755889128856,6.0,149.194151714314
3137,2506.9913757205813,3266.8967892108844,5.0,149.112621850057
3138,2064.4670714520257,345.08327731232316,5.0,148.99033320681622
3139,3718.6065000961485,2533.9461291402035,6.0,148.9896154995645
3140,2707.9809907732574,2344.018901023853,5.0,148.94328311794516
3141,3189.0755195888996,2009.3892235635547,6.0,148.89664944095563
3142,2769.4930783725044,1594.418701131502,4.0,148.81632515696526
3143,379.5213370367302,1919.4721906597915,4.0,148.79431113494033
3144,2668.7845830809338,2669.9614810958874,6.0,148.74094179410355
3145,727.0491594167238,3373.135421365543,6.0,148.72310258621445
3146,995.7907653131649,3316.865274561953,6.0,148.69568888900832
3147,1110.4723884667803,1343.4275317374136,4.0,148.55301910506324
3148,3408.1497479458567,2883.1681573851306,6.0,148.50268263941274
3149,2436.4994830406836,3122.207373481865,5.0,148.40976586402962
3150,1564.9905695523557,3461.457673724634,6.0,148.40417028334667
3151,2492.80994113405,322.6175016683524,5.0,148.40215683597947
3152,2898.397148208598,2982.4562901098147,4.0,148.39858199875272
3153,2855.079257361294,2110.8110338259457,6.0,148.33856063208654
3154,2618.926963591203,3608.3444870001917,5.0,148.31648228027686
3155,3267.4239204744545,560.1686873325662,5.0,148.2845497877457
3156,1997.548724007378,3385.78958730183,5.0,148.16695963622772
3157,3473.156385694013,996.1071779015776,6.0,148.10911143591798
3158,1947.9862004090382,120.97086145184555,5.0,148.0860167269287
3159,2380.1036165604005,660.2638460826819,5.0,148.07603052670996
3160,1799.4660661317362,1316.5866885664082,4.0,148.0661729603753
3161,692.2293479735786,2634.586040255192,5.0,148.065357644393
3162,2438.8102141570685,442.85982510757475,6.0,148.01664657968112
3163,2600.7609195859523,3202.434963481668,5.0,147.9144697393299
3164,972.5574726133992,2784.1112255165726,6.0,147.89206742699767
3165,448.9503763357112,1142.100944795761,6.0,147.76877279015756
3166,574.8620420859255,2951.996715761696,5.0,147.65933768286368
3167,1889.791344958856,3096.4212325675976,5.0,147.5902345737927
3168,1158.5567191640753,2399.060899142828,6.0,147.53171285295414
3169,2920.4594333942855,1728.5379613661487,4.0,147.48165394812295
3170,649.7950951120441,3158.074282948807,6.0,147.4303838721399
3171,418.10139221093084,2796.045376686945,6.0,147.42671903774396
3172,396.63177752072187,2583.832287869047,5.0,147.33598123903587
3173,3375.1954109983694,2859.805692029007,6.0,147.2761961754695
3174,1534.041500701387,1091.0683893383161,5.0,147.2751160190664
3175,1095.4527006707176,2117.508170566543,4.0,147.22267832750197
3176,1290.4596227318593,1810.9743140549072,6.0,146.9220839136065
3177,1404.5053615157142,356.987638575759,6.0,146.89671596379665
3178,2282.753871875788,3712.555941197788,6.0,146.81269524786484
3179,710.0408030588765,2820.051737264478,5.0,146.77545103176473
3180,2221.1151586054566,2686.1454510545313,5.0,146.68898005600275
3181,3138.92150387545,1754.0427677538414,5.0,146.6143703763083
3182,2782.775465378108,542.3942641041224,5.0,146.56251555420707
3183,3652.390088167602,2346.8266710335547,5.0,146.5583771014087
3184,913.0910771178733,1723.8460315608975,6.0,146.55062880388618
3185,500.6365921212751,1105.089448742385,5.0,146.5077544138631
3186,2487.9302319140056,366.1110199777533,5.0,146.4942022385265
3187,929.1343484772821,2935.96865415608,5.0,146.38699293660508
3188,1409.1020688378003,2683.5859512824813,6.0,146.36292248115345
3189,1595.5685597163074,3315.0710610346887,6.0,146.3623694859537
3190,2959.1686757684993,2817.383119890856,5.0,146.34448140799535
3191,3570.5742145955837,3286.1416442625487,5.0,146.3390170096509
3192,2608.465023048873,1583.4398882243156,4.0,146.170335483256
3193,3599.155975269152,2323.874407877411,6.0,146.1086304215342
3194,706.4830632354726,875.8163102553374,6.0,146.05285229737575
3195,1161.4541997683912,2588.50427385562,4.0,146.0436315614365
3196,1841.00131622575,3603.402317858936,6.0,145.96666563213176
3197,1371.1855624781392,3191.850814737786,6.0,145.84593682997948
3198,3032.0315236339075,1436.5310994688778,6.0,145.77279879610404
3199,2418.538013252142,3936.5510775641183,4.0,145.6876211068128
3200,3328.5615214171107,1833.0339619214478,6.0,145.63764369860846
3201,3732.090980176934,2999.5186393569734,5.0,145.44494685937286
3202,3246.51421867264,1818.4500646072893,4.0,145.37490233668868
3203,2518.4271918774234,2630.93559475304,6.0,145.3621610144353
3204,3844.1097817761383,2353.9983200260344,5.0,145.24756064148323
3205,3885.9147002624577,1911.494361874356,6.0,145.2376615898442
3206,867.4412965281687,3559.9360137011954,6.0,145.23346935656363
3207,1138.7591637602964,424.403967406039,5.0,145.22401176286414
3208,1137.5631930951533,1359.5786087749386,4.0,145.11221592423936
3209,1121.8213335200985,961.5076737074576,5.0,145.10602245232795
3210,1641.9338602021865,3634.102570556686,5.0,144.97457309565826
3211,3770.870860176687,1513.3932622175673,5.0,144.9502960192565
3212,2538.486868907237,866.3807551555384,4.0,144.94291106245967
3213,1063.9869980129904,3669.545248418175,6.0,144.9109712146512
3214,2785.5179087358283,479.40814462452096,4.0,144.87928663439496
3215,491.0308500573953,1589.5788993264166,6.0,144.7682514793622
3216,4032.505358445573,1944.0442125659579,6.0,144.65944972248005
3217,2569.1150200909856,1857.1404344911402,6.0,144.64672367318923
3218,2578.641949846277,1805.94632554151,5.0,144.63527600607284
3219,3900.4693608544467,2505.5469192889395,4.0,144.58668923751264
3220,3603.076654760861,2917.808531524616,6.0,144.5420323020143
3221,3860.1090079075007,2352.078330511517,5.0,144.50919305491368
3222,518.036214380193,1706.4648425887951,6.0,144.49177829170173
3223,3226.5730945360474,3141.1535286454773,5.0,144.43507889260243
3224,1080.6491102401064,3385.0863523677567,6.0,144.42180095839404
3225,822.5247774961913,3060.4613204186844,4.0,144.41868882484053
3226,2200.049217043091,3656.63957180008,6.0,144.38784974182494
3227,2938.7858868871244,3732.6471645598026,5.0,144.31581821460563
3228,1205.9234220452183,2706.992327382053,5.0,144.264777727326
3229,1164.9792158853013,3353.404512815702,6.0,144.25574078447193
3230,2020.888900160045,723.5634829215878,6.0,144.2133566867648
3231,2611.1070583998735,2431.627538588141,5.0,144.18915840902906
3232,2732.600925414579,2986.5384692182665,4.0,144.1843903516401
3233,1217.0337938333305,304.3844136925422,6.0,144.11453048610585
3234,243.55246778071134,2081.485628756138,4.0,143.9971673843868
3235,3536.002426019413,1246.5323994581056,6.0,143.95759550899362
3236,292.53000251960685,2392.399127959737,4.0,143.93991113229143
3237,2365.54620042957,3672.5668250428403,4.0,143.9310072647125
3238,1233.8992991674895,2650.717114904974,5.0,143.87404766040382
3239,719.0355024543528,2393.926957090355,5.0,143.8128143241807
3240,719.935344729351,3172.5320532447563,6.0,143.80108953996614
3241,3669.085675839343,1691.9288952588317,5.0,143.7434767291159
3242,2648.3952473211307,3098.5742662061616,4.0,143.66448700703216
3243,1667.4746300400327,761.5046766767396,4.0,143.51846173336617
3244,940.5155783168957,3267.081978188902,6.0,143.5043649534307
3245,3042.3934870436938,3133.1890427231374,5.0,143.457404771967
3246,2910.1633491082944,3158.7041672174087,5.0,143.4481354203309
3247,3109.421636211977,3591.0367336695945,6.0,143.4163216717477
3248,1042.8876789126798,993.2098991880074,6.0,143.1952127194986
3249,472.1044079963578,2769.940460420955,5.0,143.08316755111377
3250,1734.139681869798,3746.6166158079354,5.0,143.02052115483454
3251,2591.976310169113,864.0489180874746,5.0,142.93921981813628
3252,1513.6030514658662,2273.104604310609,5.0,142.84905464698858
3253,3487.558366019256,3275.075138297957,5.0,142.82909695152762
3254,1929.092393469139,937.5287702129755,6.0,142.7467112553531
3255,1499.906568158605,275.0213485457455,5.0,142.62534479167076
3256,3627.4509269650603,1782.4650674560346,4.0,142.51942611805936
3257,3336.4692791856287,841.5618841202819,4.0,142.39556287521464
3258,287.4128981144094,1714.4465942510797,4.0,142.39233300055525
3259,2069.59503533682,977.001470028603,6.0,142.38796641517854
3260,3518.0032377083835,2323.5861345407543,6.0,142.36418963785613
3261,1096.0759502988014,1999.4048341088792,5.0,142.34555426425058
3262,897.420685527238,2558.1710116420186,5.0,142.33498789690654
3263,2680.402717623531,3842.408603813084,4.0,142.3114222489735
3264,1173.074450189411,560.4661058291446,6.0,142.30500020057607
3265,3143.5971882999834,1855.1285661840293,5.0,142.29506045757836
3266,1738.6006023616083,3072.8472166076267,5.0,142.17483390553375
3267,2002.5137268616725,359.0284095513414,6.0,142.16429388179574
3268,1828.4179996418604,1029.9977114624176,6.0,142.0455647840641
3269,245.30342969340478,2173.155945836031,5.0,142.0243100743495
3270,3034.046297343272,1001.458063041963,6.0,141.9693300259358
3271,916.549004031297,3058.4090613704975,4.0,141.8825437866353
3272,2197.9784584608788,3743.4106111565525,6.0,141.85111139398654
3273,1186.9280806686347,513.5619013090276,6.0,141.74197810952595
3274,1098.0772834627203,1871.5954243671797,6.0,141.680169563725
3275,394.4287529196322,3134.9721253122602,6.0,141.58825254790477
3276,3988.662213104078,2165.249421269774,5.0,141.54369094106409
3277,3942.1168075768624,1670.9448914423997,5.0,141.5347826019947
3278,916.4336774616371,2869.546093137808,4.0,141.39448356638957
3279,3787.597034697892,1883.9182466526572,6.0,141.28505603968023
3280,833.455361236499,540.5748569245147,4.0,141.28154708524306
3281,3476.004844556332,2679.993933008742,5.0,141.25428546548272
3282,2843.1847280960096,3383.573522375371,5.0,141.1760736113472
3283,1609.8402785175394,3544.0184031461995,5.0,141.17039239418096
3284,3415.879180833384,663.0197648081346,5.0,141.13408392344473
3285,717.4965263920084,1875.9466345907638,6.0,141.126006176065
3286,729.5266652147928,2161.954085194907,6.0,141.0593171174865
3287,726.6234011283445,1087.2089261796846,5.0,141.05010021281126
3288,2278.5137528411706,1555.384052652179,4.0,141.0265694430043
3289,1164.4071645468082,1707.1479755380433,5.0,140.64139774173478
3290,1300.1493300401733,3002.6464387154338,5.0,140.55445409364467
3291,165.11361490232142,2572.941971373666,5.0,140.5139907392987
3292,2271.860580495264,532.5950680731077,5.0,140.46298561079283
3293,716.0892221804718,2721.9611185696353,5.0,140.36271609264801
3294,1312.5592425405491,2307.557413740463,4.0,140.31355570682052
3295,2584.6040680178025,1369.8273054601923,5.0,140.27900514990523
3296,3202.5674030086448,1570.3830527679697,4.0,140.2254698630012
3297,219.54646805375484,2114.0599797130026,6.0,140.22384958667888
3298,1448.5215033731918,1597.5150701335278,4.0,140.17378091656042
3299,2961.9424636928184,2049.9147285972454,5.0,140.07246343303066
3300,1024.7904482965475,3652.6161481772156,5.0,140.07152229831908
3301,1625.7910712845269,576.3444794068741,5.0,139.93865472457514
3302,3377.1288746069804,1364.3358809527413,5.0,139.89480439803845
3303,2685.5393460600926,3351.407329248016,4.0,139.81191045621713
3304,2664.2036810899344,2979.704221818257,5.0,139.7971699540358
3305,586.8825824168933,861.625060365654,5.0,139.77760798972776
3306,1766.4785299753369,1145.4239057935138,4.0,139.66107162215684
3307,3425.109841554278,2909.0439549739554,5.0,139.64185057198006
3308,1776.4962343420789,3340.0423100896037,4.0,139.51521385649093
3309,3279.350201603579,2062.184242855765,5.0,139.4945524023523
3310,2781.992200915936,3365.006027555345,5.0,139.48324329749724
3311,2046.0459610099872,142.6487568385137,5.0,139.45736971384565
3312,3168.567404834022,3184.4684296298583,4.0,139.44631561407698
3313,1827.434180757473,2791.4222213990415,4.0,139.4128212359186
3314,3253.8286998526355,530.3555455920833,5.0,139.29606676969922
3315,2461.4527262324614,2791.141631205297,5.0,139.19206087180942
3316,3016.9478027120585,1889.0861553340221,5.0,139.18033586435843
3317,737.5275390609991,1474.558074132791,4.0,139.15585479379257
3318,2160.4780870389327,737.9356511004189,6.0,139.14538929567829
3319,1517.8392171566777,2657.4333123104416,5.0,139.13622587876804
3320,2181.610733222882,440.9200650957229,5.0,138.99772174489925
3321,1625.0344314117162,3227.0246902611652,5.0,138.9551934336686
3322,782.5231269559343,2913.9798685183655,6.0,138.94941314359738
3323,3628.898519706978,2338.4230554048377,5.0,138.94794751646674
3324,1662.4917605228277,2824.5588361612736,4.0,138.92809929835227
3325,2827.944795144626,261.704121673407,5.0,138.92201844417323
3326,440.3158211112801,1778.1777348161413,5.0,138.89555050313214
3327,926.4303639129431,2391.5685303467026,4.0,138.86976035917505
3328,2639.4755661523845,1951.4605779518718,4.0,138.84705041674
3329,2896.1819649051486,2807.624477647549,5.0,138.81632676741168
3330,2886.493310220445,1168.0399869626283,6.0,138.77034133763783
3331,2546.8536613531487,2463.395369565134,5.0,138.76417245322472
3332,2347.66850320311,1205.5264017388122,4.0,138.7514476998895
3333,3914.3402652099453,2039.1896508011773,5.0,138.7464007419443
3334,2073.0656470780723,612.3240589055995,5.0,138.74103572145648
3335,2646.621221184393,2607.781062034892,5.0,138.69799273691902
3336,378.5925920654896,1030.5382674233842,4.0,138.68038982948832
3337,1021.4234143663571,846.3779091353576,4.0,138.65918559064673
3338,1919.034394854792,1194.1129638879822,5.0,138.65730365523524
3339,1465.9873737027272,1572.130587460548,5.0,138.5680516442058
3340,3357.850492092384,1405.6070194415272,5.0,138.50844925730195
3341,2917.094754009589,1862.4673473695793,6.0,138.50702702056978
3342,3275.4840702082424,2778.4385011265917,4.0,138.38665277291082
3343,1165.3804804705771,3733.909488577334,5.0,138.3388140125589
3344,1607.392701201936,1279.8604031477778,5.0,138.2281972645601
3345,582.6461266434764,2515.868324404188,5.0,138.15530636544676
3346,2343.9202406296436,1308.6449344466007,5.0,138.14579888275384
3347,2594.4940119325993,221.39326214303594,4.0,138.13991866693493
3348,452.6984383516069,1934.8991781496998,5.0,138.08212921790096
3349,2730.9186303863426,1420.666350504966,5.0,138.03351529601204
3350,1191.3844054537535,2906.4829383157976,4.0,138.0099430775889
3351,3825.5709093791397,1350.5872503567255,4.0,137.9945406195024
3352,3666.4556132123444,2390.4254769116637,4.0,137.98894261233707
3353,453.8965737311078,1565.9625613075762,5.0,137.97541406092577
3354,2024.087444772262,3548.331539859795,5.0,137.9353734659458
3355,1455.4303735068077,2255.5701164018624,4.0,137.78464345717055
3356,2143.369335090063,378.50508839019307,4.0,137.7622191493195
3357,1114.3332144323258,2571.1537824110737,5.0,137.7027934044592
3358,1130.857135267992,3572.580103844574,5.0,137.6942942680635
3359,1122.1195061953463,1511.569788850913,5.0,137.5570920957584
3360,2346.358589306639,971.1069308183169,5.0,137.50941416232612
3361,1251.88761435039,549.6534471400968,5.0,137.49255830507332
3362,2429.7187034818853,2132.1913248093965,4.0,137.44302462888203
3363,992.5687939291577,2568.8470648357743,5.0,137.3765369295793
3364,2788.596524219596,1182.5155692520216,4.0,137.35905532892957
3365,935.2645966412647,593.0394719664406,4.0,137.2740926056148
3366,1408.5574723986992,1014.4508934648023,4.0,137.13866182722626
3367,2664.1468343393276,594.6677189148334,5.0,137.110298716466
3368,3118.6393771086914,1398.1379869507339,5.0,137.06442959552302
3369,3821.6766813832623,2867.006175342795,5.0,137.0553581763588
3370,2306.1476686891347,639.3301363033041,5.0,137.0382124192809
3371,3336.0264287580303,2334.5346252386094,6.0,137.03028451847757
3372,767.9465932847195,2145.0938429944035,5.0,137.02704250428437
3373,3157.4466397468123,2272.8556928610437,5.0,137.00420362550497
3374,3144.8587553650477,3679.7810616456413,4.0,136.98382228731856
3375,2950.5025997808407,780.4210737060912,4.0,136.97899505089725
3376,1083.9176415306954,3545.6778849864763,5.0,136.95215447012845
3377,851.8937451346527,1759.9507096203263,5.0,136.8831601761824
3378,1977.4790474525275,3381.5681459967127,4.0,136.8476882984023
3379,335.358000306862,2298.109446378888,5.0,136.81202425652654
3380,1250.1570627642786,921.6724723080247,5.0,136.78938169039665
3381,1398.3543917331156,3872.060479121604,5.0,136.77136162679955
3382,1334.5537761489663,171.58000892058027,6.0,136.67539381675576
3383,2860.575978954718,1691.5420223746457,4.0,136.66167651691438
3384,2558.848078400504,1688.0939734514254,5.0,136.56587996150327
3385,2041.2120442930611,178.02177922865678,6.0,136.55541887275425
3386,2676.097957529622,816.9557388674508,5.0,136.5503299003484
3387,1522.0289863716885,1217.6285420860859,5.0,136.54219913666242
3388,3465.3570506557667,1338.8807176144974,5.0,136.5154423288735
3389,3049.498208507271,3526.4082524841956,4.0,136.49889668831827
3390,1685.405063782496,1300.5799774645725,4.0,136.4748266358328
3391,3302.8870963079858,651.108623459004,5.0,136.3550960601426
3392,2525.4035046579356,3191.4600299459557,4.0,136.34112077705413
3393,638.9725881181048,2480.0478996149445,5.0,136.3240389324041
3394,1253.0903534988024,1163.9978447258727,5.0,136.27898385425527
3395,434.5800810305748,1552.0929887065322,5.0,136.20945541147998
3396,839.1144664603879,3086.3347241397073,5.0,136.13498060284522
3397,2704.076008064947,3732.3165235158076,4.0,136.1050801387764
3398,2909.541957021499,3325.065358509078,5.0,136.07518544617275
3399,2999.3726400945543,3423.874047593843,5.0,135.98614353904523
3400,3055.399826784269,1394.1030995613378,5.0,135.84680053889724
3401,3529.0198395467587,760.9735918125758,5.0,135.81119337959632
3402,2895.5561589015006,2816.8913608576763,5.0,135.74996363881922
3403,825.1518509818352,1044.3240126971286,5.0,135.72793098908656
3404,1607.4096045595097,1293.9032869070168,5.0,135.72683665165164
3405,1341.9475796187985,1362.5210591846517,6.0,135.7127279643844
3406,1578.4683252798225,2260.4487338285385,4.0,135.67675581071393
3407,3585.4769885627024,1911.974803047521,6.0,135.66318923722363
3408,2808.918136729931,2500.415844075273,5.0,135.57575354507117
3409,1366.881539308146,3709.586949610923,5.0,135.5385190997435
3410,3405.4998895849017,1843.3632087806413,4.0,135.53734566542946
3411,1996.5442714533724,1530.5759664641466,4.0,135.49196184645177
3412,75.37603231946534,1946.8507077781026,5.0,135.47660777824223
3413,2737.8317503989006,2433.371906905967,5.0,135.46593875786394
3414,2946.5432485360375,2944.567787800287,4.0,135.32307944973553
3415,2585.4656404473317,829.5094962070141,4.0,135.15618607469412
3416,2529.3330378603982,386.9337334767234,5.0,135.119353033192
3417,653.0619351047908,2811.0030863503885,5.0,134.9506111946116
3418,1517.4679295711728,1304.4706711219299,4.0,134.83450167715364
3419,3522.408373226096,1888.4099363865355,4.0,134.80452331583294
3420,3275.0167856892813,3217.2936715551805,4.0,134.6757863839769
3421,3244.1512182844112,3419.684389072568,5.0,134.61664911672187
3422,2201.967631883799,174.95036688710405,5.0,134.56580140725498
3423,1433.405818210885,447.57390719889696,4.0,134.52687936168286
3424,3125.640056410946,1595.4448920760826,4.0,134.46586120179072
3425,1387.9872804657264,2218.2460074580267,5.0,134.31147227811672
3426,1774.0598756870854,595.9493356012987,5.0,134.25380755302
3427,1272.0285737988127,1792.263372768193,4.0,134.1473120081506
3428,3023.0902910533364,2632.985455408243,5.0,134.11906181200368
3429,1258.5643029983682,3654.4998672180836,4.0,134.10691690998084
3430,3670.5729375668384,2095.5012766003238,4.0,133.92008847705677
3431,3700.417265432012,2981.463725021457,4.0,133.8815046668406
3432,524.611073728134,2455.6412720458825,4.0,133.8428654204282
3433,1555.0202138196128,3462.981805949991,5.0,133.83026942884067
3434,2110.3983258090443,723.9483600816088,5.0,133.82438955893122
3435,3000.155009068018,2414.6697936216133,5.0,133.68774541050857
3436,3919.4470976530006,2222.500933256224,4.0,133.67888312177553
3437,1756.4592257682461,1048.5678166040461,4.0,133.66460184698926
3438,2236.606119307997,383.5991363039038,4.0,133.61618326336753
3439,1400.612854141522,1980.5576230174947,4.0,133.6133039651772
3440,1534.4539862383601,3111.4930321155844,4.0,133.55382812240174
3441,2904.458629852114,1275.4777422489058,4.0,133.2976570311057
3442,2997.3279831083078,1666.1137801688017,5.0,133.26436357969547
3443,793.4829000651696,3167.052768009941,5.0,133.2618660838285
3444,1544.525370592034,3910.680166781231,4.0,133.17310605581784
3445,2153.4996599881274,3928.5180839925847,4.0,133.167810141169
3446,1858.5104408392674,1043.4882613609584,4.0,133.1648855408321
3447,363.522060219579,2551.5214652973805,4.0,133.05431448196833
3448,1373.1234932136401,3770.288469256845,5.0,133.02172177105612
3449,2849.5304897503447,788.4982464506143,4.0,133.00924234119935
3450,2712.519932814308,2464.0378042920684,6.0,132.99683549800807
3451,3776.430107718686,1782.5267516525132,4.0,132.98444118334362
3452,1513.3735579705772,521.9977706892483,4.0,132.9773607198908
3453,3795.53433024472,2556.0075192629047,6.0,132.97214482542813
3454,710.4439176451258,1787.3094426374626,4.0,132.95376742073645
3455,257.4843146177959,2060.5430228959003,4.0,132.94351739342562
3456,2557.508261051364,3285.369692702356,4.0,132.91952139659912
3457,2504.5414829584643,1782.557741693306,4.0,132.90170367581788
3458,1849.034463476871,3008.2883831773693,4.0,132.8190967739172
3459,710.6666446710476,2575.5240007703956,4.0,132.75675711759078
3460,3635.9618945075977,1819.3524552651097,4.0,132.75133902365744
3461,3172.463878339335,1627.6652240685107,4.0,132.74512385443532
3462,2491.6844662851026,2147.0520780938077,8.0,132.6280956367634
3463,2665.935487980378,3586.0342468529757,5.0,132.62345684269496
3464,1886.5550361094633,3993.304997577635,4.0,132.61570391877177
3465,2038.4719923374557,173.3817582362743,4.0,132.52836133637697
3466,3731.557863969824,1572.9330916608944,5.0,132.5196027173734
3467,2834.5022380926393,3214.666828263401,4.0,132.5072654081875
3468,2329.1042601994104,3684.3193271398404,4.0,132.45342362308946
3469,1407.1585918744609,3499.309373606258,5.0,132.45200881472132
3470,1380.4790342113035,2665.358476503466,4.0,132.44530543216644
3471,2776.593047449495,3538.5165966403756,4.0,132.39667927424674
3472,2870.022449400332,2582.3504843415926,5.0,132.38176401065803
3473,2566.2543284368285,1955.2856507822808,6.0,132.3519293953654
3474,2461.539165318011,534.4092217864486,4.0,132.2431292067589
3475,1054.2849380719067,2596.0447737869654,4.0,132.16909856808823
3476,2432.741749152466,826.0225464048672,4.0,131.95092464963537
3477,3148.9467612553894,3281.394073944595,5.0,131.93419013320863
3478,3639.312596114967,3227.4502158315895,4.0,131.9084653478193
3479,3028.7648472949277,1759.8042605696357,4.0,131.88329839805291
3480,3552.440154607326,904.4296397715023,4.0,131.88058236050455
3481,182.37699775394992,1631.4033699173795,4.0,131.86212084366468
3482,2632.6160990228595,601.5100729903586,4.0,131.82666434713582
3483,3326.632288787739,2513.4597791364163,4.0,131.81027437876529
3484,2310.616726824677,1327.601979008957,4.0,131.7701563482862
3485,2620.501338141963,2931.5286144734137,4.0,131.7435434037872
3486,3092.455413529857,3710.6096913985966,4.0,131.58445668925162
3487,1249.6058461207322,1210.4295944398175,4.0,131.5615913021585
3488,3128.941820649607,2346.0480488292405,5.0,131.53424411288628
3489,3675.4138143430673,2032.5722509109576,4.0,131.45455142038864
3490,520.6355368031776,1310.436887766373,4.0,131.43936642566547
3491,885.6024396013912,3459.4722770066055,4.0,131.42233641829193
3492,2597.448909116945,2693.4791207696435,4.0,131.4171331494286
3493,3714.633862178572,1255.446761117932,4.0,131.372085075308
3494,3312.961775594783,587.2306327088894,4.0,131.35618823202856
3495,2978.945940161796,2306.9295535512006,5.0,131.30580036116208
3496,2311.5737929441343,3608.447280219527,4.0,131.2427699752856
3497,2045.9740312168403,3236.2720420382893,4.0,131.09475585892855
3498,445.4885208385426,2395.404970993894,4.0,131.08197495497495
3499,1378.1973421457265,2632.2875391798225,5.0,130.9306232064887
3500,402.4931859335244,1908.7926750053323,6.0,130.91369911040786
3501,3297.440102922508,808.4311845907016,4.0,130.8980787300078
3502,2806.3427654685074,3877.4520551959477,4.0,130.8946951932785
3503,3437.5842806041296,1915.4589809708607,4.0,130.89210818469954
3504,3703.5146890300457,1297.6008444674767,4.0,130.83576054322606
3505,2033.0328759968156,3608.669056639553,4.0,130.82733288330027
3506,1475.3704783272578,1931.5418845443435,4.0,130.77186927548644
3507,3720.5120188655096,2386.4790617181643,4.0,130.72017297215345
3508,2659.291194993239,2755.9389641909725,4.0,130.66693300322575
3509,1459.618790571503,2735.0780886718694,5.0,130.6346646495808
3510,920.0273657527199,3313.2907007245976,4.0,130.6125418296769
3511,2372.570532557828,3843.6226897183487,4.0,130.59648839251042
3512,1334.395871765419,3333.4965068804536,4.0,130.51883664733833
3513,2463.5526117468394,386.3758710716866,4.0,130.5149344333121
3514,2741.489565163381,667.537887761341,4.0,130.50232668276664
3515,479.0114925532757,1966.3318265275077,4.0,130.36886262065167
3516,2084.6012935856347,2568.4581670811813,4.0,130.3560520257923
3517,3857.7854908341155,2229.0286609596524,4.0,130.28617411333104
3518,639.9414131727262,2139.666889465503,4.0,130.26634119488716
3519,2227.5208441662935,1375.4919616422033,4.0,130.24400140697048
3520,3373.379389236335,3473.483786485771,4.0,130.1935680561701
3521,860.0112317785571,832.717201106577,4.0,130.18712807844048
3522,3715.6222722260222,2572.8899136690184,5.0,130.05351352888403
3523,3768.39003772945,2022.4188672742425,4.0,129.9790222201408
3524,3262.5368034541434,655.5387947426896,4.0,129.96073857243087
3525,1317.900101979515,1171.680750483582,4.0,129.90955123011895
3526,3019.4145679311628,3404.3640470572877,4.0,129.81772759923055
3527,400.4958077508341,3098.0517628816747,5.0,129.71221497413185
3528,920.6145092407917,2103.365664326179,4.0,129.6314312445422
3529,801.483830821982,2734.5782795560776,4.0,129.62641260387625
3530,1735.5977762115212,3552.549431380069,4.0,129.59629421224543
3531,2583.6078063137775,1236.55306744658,4.0,129.59061371519482
3532,3172.9273145055977,3321.692717527759,4.0,129.58020119920346
3533,1182.5874433872787,2513.455024503946,4.0,129.564639228884
3534,2858.489179065796,2510.5367589732655,4.0,129.55303123125947
3535,1160.5866332765252,3611.3662028919184,4.0,129.5089397653013
3536,3146.466449512629,2080.4824127001093,4.0,129.48045874750494
3537,2980.032147293525,3229.6315739260613,5.0,129.45098276603045
3538,1220.5641643957308,3357.421293011306,4.0,129.41368289652283
3539,3876.57637352531,1312.5239085276664,4.0,129.38668605625745
3540,1359.4666046331758,2712.354412699015,4.0,129.33504378522815
3541,1854.3557814682508,948.4320610430741,4.0,129.24998150113163
3542,2127.4247075521853,3417.469703694041,4.0,129.0913279656798
3543,358.65018287191907,2977.3831120854115,4.0,129.05604621507672
3544,3079.574414620941,3406.5079754278904,4.0,128.90312230910257
3545,431.52924516991095,2620.4895922491337,4.0,128.898721975179
3546,1518.292066569512,1442.0101259304724,4.0,128.88757177880046
3547,1143.40639188747,756.5572872990654,4.0,128.78434275626108
3548,3043.6073383523226,2562.674880232999,4.0,128.74900739918996
3549,3845.644889840921,1957.4597922114056,4.0,128.72572395860908
3550,1083.4873783392952,2121.644481679687,4.0,128.63032666619262
3551,915.5991381669171,487.34064587445334,4.0,128.59740432032726
3552,2692.331912124521,728.4890452582512,4.0,128.57662398338243
3553,3393.0550965327516,1120.7739921507894,4.0,128.52813483405097
3554,3400.566240916524,2405.691116516326,4.0,128.4196267837824
3555,3656.6962489528573,2157.51032431957,4.0,128.36488383513827
3556,2753.9877656300496,528.6353542911082,4.0,128.29521015907255
3557,3282.556457122586,1012.610445275221,4.0,128.2350329302663
3558,1969.0782688807515,115.41571082341596,5.0,128.20156836023327
3559,1862.6974079722377,862.9611016204196,4.0,128.16788677570185
3560,1025.5964506260948,1118.4073608919398,4.0,128.05431634022935
3561,224.39005491165395,2724.3848618637444,4.0,128.0315458882668
3562,2131.365899863018,654.5392757170638,4.0,127.90780733563852
3563,3048.6987308506286,1577.074056019735,4.0,127.90512325364206
3564,2374.3851483755593,1074.507971754638,4.0,127.8934822673533
3565,2232.467081761482,3741.6362210719444,4.0,127.82855976744368
3566,2746.5551158961603,723.5465041022751,4.0,127.82511387747746
3567,3055.6598250360375,1603.571533395224,3.0,127.7787341009402
3568,2747.377791834864,3850.332109361832,4.0,127.66476734894918
3569,2824.518455756686,3692.2902456824745,4.0,127.57048828697566
3570,1344.6875721655585,2713.471555269483,4.0,127.56334270734229
3571,3022.476438606513,3670.6216382845896,4.0,127.53909683819964
3572,3357.9788186312326,1862.7169692706161,4.0,127.51673670656861
3573,1765.5173395022973,1633.6169184945904,4.0,127.51352527549066
3574,1331.6907248545997,529.5853893153202,4.0,127.4673856378377
3575,431.6186254104385,1289.6390524544715,4.0,127.427497795491
3576,1576.3344330060568,3685.4054490682747,4.0,127.4103197720092
3577,3747.4173872746787,3180.5974173477825,4.0,127.38690343876738
3578,2130.3864075986858,1247.0444530635352,4.0,127.2365481706329
3579,1439.5635331974063,496.43622638191897,4.0,127.23523761888418
3580,3054.470193632138,2851.602709315381,4.0,127.22854481255025
3581,256.2542987167343,2397.062914348391,4.0,127.22475392946987
3582,231.59568998680462,1915.609564191989,4.0,127.18929847891751
3583,2311.626773658573,2764.421144629496,4.0,127.13256297313713
3584,600.3434274981194,2890.552914726343,4.0,127.09989451114595
3585,1998.4009637406941,328.57820572576196,4.0,127.05055816657173
3586,1714.4360103373467,415.38374752551704,4.0,126.93415437368097
3587,2562.5323043172957,1444.5026521454524,4.0,126.92434699150559
3588,3689.690421041091,2483.5645203644503,4.0,126.84802872473506
3589,1360.4137855494398,3056.3721962333875,4.0,126.83934898815184
3590,2602.107696600173,3505.9737153680626,5.0,126.78823464752708
3591,1990.6525390572078,723.6336394368941,4.0,126.778812937066
3592,2110.4991196402016,972.4779294046815,4.0,126.76751792400393
3593,885.4051283500123,2705.636657298189,4.0,126.73420041841177
3594,3541.3936407374126,811.4581943665477,4.0,126.68581680005994
3595,1481.6320744853738,867.3356094692955,4.0,126.66271264060941
3596,1062.6948692159915,1169.024718493259,4.0,126.63243285988607
3597,2671.660424551473,778.027543320347,4.0,126.61194959861754
3598,3637.577324224544,1012.4424005100581,4.0,126.58477904663062
3599,1296.59071501116,1130.508702638034,4.0,126.57392877631634
3600,3371.6815418298843,2139.352844486294,4.0,126.45058573160429
3601,2391.6119390662416,3498.543222920693,4.0,126.43272823563755
3602,1186.7293188642127,1083.5669045440538,4.0,126.42966435546836
3603,2400.4281367236204,434.47317081221934,4.0,126.37631238619812
3604,924.036284482761,2818.366941746387,4.0,126.28339153528758
3605,3914.4851012813856,1569.6731838255553,4.0,126.11979754802553
3606,334.5965594163069,2679.0368972352867,4.0,126.05559058545923
3607,1010.6725454075231,3125.585362170085,4.0,126.04613789003173
3608,3188.5470876696018,2109.495785324759,4.0,126.02633583795426
3609,140.70897099201096,2240.9793296314606,4.0,125.92548026293878
3610,564.5334544954301,2358.5159819882097,4.0,125.89766790960184
3611,3608.562164249418,2173.381446215924,4.0,125.8844412524949
3612,2309.520946169399,64.44924039938114,4.0,125.88104577589188
3613,660.9407375718326,1959.363138810034,4.0,125.8105044491779
3614,1630.0120012654986,2751.3774980161957,4.0,125.80794966726282
3615,1183.622204829518,2772.647843016743,4.0,125.78878547154638
3616,491.62820135339,995.5802160888727,4.0,125.75996631647921
3617,1621.4883929555099,2536.6288624202107,4.0,125.75236034794636
3618,3910.482841635977,1300.341510558665,4.0,125.72510847045478
3619,1849.363266690719,3203.3693309579585,4.0,125.70125184168947
3620,2279.3760607305658,1498.4832060168128,4.0,125.65015500313744
3621,3242.6213985869326,1062.3892212820847,4.0,125.60321309147977
3622,787.0104881664699,1774.2397276778051,4.0,125.55429789195257
3623,2207.56360899921,845.620530314091,4.0,125.5503269462523
3624,1465.3307632356918,1297.3431192019445,4.0,125.44004173081576
3625,1386.6942283805436,3422.00567080575,4.0,125.41067462504297
3626,2083.0527736981353,4059.1741767141634,4.0,125.31347257141401
3627,134.47442165256382,1732.5661588980934,4.0,125.22594742687757
3628,281.45438673054696,1889.5041822535484,4.0,125.15087180862538
3629,2672.70816900902,2966.967767476535,4.0,124.90134666461974
3630,3391.425292074614,1174.5110378227848,4.0,124.85904299163082
3631,2642.005689800628,2909.2686442721197,4.0,124.84481324586413
3632,3300.489692263806,721.5461061798993,4.0,124.80215323898453
3633,2748.988247280705,346.69922404153954,4.0,124.75463669730755
3634,482.0027615481581,2076.2765296107686,4.0,124.72315785513672
3635,2546.3786974282866,2774.0259092481097,4.0,124.71044541578479
3636,3973.206627855683,1878.013430863887,4.0,124.61789318804388
3637,1807.2568396535187,1378.0170589583233,5.0,124.49592080236975
3638,1320.3828973854938,3142.3483662837475,4.0,124.44712187880879
3639,1451.7433450508097,3285.035464924724,4.0,124.42694729375629
3640,2084.5250966486997,421.53938147258145,4.0,124.40040501104284
3641,2857.5505965785296,3561.663482553646,4.0,124.37970021233906
3642,1729.5353485573041,462.6968031463311,4.0,124.30824276177088
3643,2226.4439582298255,969.6135591508748,4.0,124.29884262521497
3644,2620.3078238297676,3062.508795754099,4.0,124.28451756402458
3645,1824.6207152074517,3932.0193355533615,4.0,124.18703033971025
3646,1261.9827400099464,800.2718335743751,4.0,124.18020604209327
3647,1704.9177506619299,345.2597875348706,4.0,124.06568201470273
3648,3131.625568702501,2533.5764705732076,4.0,123.99267383669621
3649,3490.998823430873,1840.6825033817224,4.0,123.97071809272772
3650,2658.532156631441,3579.4390997466235,4.0,123.9634638920171
3651,2947.5173618647514,892.3047364134014,4.0,123.94460445511744
3652,1748.2996624961231,2808.5530904818215,4.0,123.94287935205642
3653,2130.3584475100356,3171.3583221479003,4.0,123.75708979391794
3654,490.4577703814815,1190.3142649945041,4.0,123.74766521442001
3655,1650.4598895392442,3477.2856130812684,4.0,123.60837618349565
3656,1699.4947440052917,2944.651503869604,4.0,123.57381132526008
3657,1711.4633290108059,3151.69880135025,4.0,123.57047875292008
3658,1385.6646382284289,1720.6431430750188,4.0,123.53533255141993
3659,684.6598870737284,2451.5196880721637,4.0,123.47053707529773
3660,315.6887903799853,1545.4602087930841,4.0,123.45927512296593
3661,3519.5777393613903,1204.4901925463432,4.0,123.45803780267588
3662,2300.4553678256234,3273.291792012881,4.0,123.3798008355978
3663,3080.3543220771244,2647.5341314629113,4.0,123.37365462762867
3664,3457.5973937501494,3352.382782143404,4.0,123.34306688041747
3665,2869.735078814239,1361.4660138167526,4.0,123.32880829823927
3666,3249.3049091750563,1304.5234428337114,4.0,123.27465557792323
3667,1612.5145141732512,3045.322673307385,4.0,123.264264307358
3668,1303.3713478995337,3432.6269480284523,4.0,123.238650840286
3669,2806.4685354902376,3698.548297599374,4.0,123.18791451085177
3670,249.30584477930572,2374.474810727883,4.0,123.1661830233013
3671,471.4788626086004,2488.423176253876,4.0,123.09434186479693
3672,3844.744807258122,2800.083170435499,4.0,123.07589292929927
3673,2805.610670065935,988.4601813443086,4.0,123.07318123515522
3674,834.6939205808936,2516.550603965288,4.0,123.03514565393635
3675,1528.554642815065,231.55901292375302,4.0,122.92744041073367
3676,2651.920672103744,534.7102985795971,4.0,122.84803284091599
3677,2157.407415287614,3362.344344219505,4.0,122.83065304025524
3678,1426.4332376632626,643.4977407570608,4.0,122.74946690794906
3679,2811.7247198677346,522.4883766881243,4.0,122.68737609893066
3680,1712.4197889345617,3404.6501601438076,4.0,122.68038699874666
3681,2282.424554361283,717.4636043896547,4.0,122.6785652136598
3682,3000.3929665211035,3477.5991973402406,4.0,122.67168001619348
3683,2119.391209004538,3743.5121490151523,4.0,122.63256081553799
3684,1510.7094821641256,3883.451251540406,3.0,122.62069730924192
3685,2181.495221309995,3552.396045682288,4.0,122.60101144152526
3686,1575.3486569689157,3872.525845426819,4.0,122.54383808386262
3687,2833.289107105473,3580.9970214984473,4.0,122.47891362262199
3688,3626.3810235925175,1321.6162480705282,4.0,122.46489610540726
3689,949.5146257721651,2899.5257632460484,4.0,122.46300119931499
3690,3283.7288382733677,2548.9846517325395,4.0,122.39013575726871
3691,3136.543802286228,948.7457475856386,4.0,122.38320986227477
3692,2390.606288465752,3258.3083323795877,4.0,122.32353576117887
3693,3648.378310058383,1707.3380612361336,4.0,122.3027642245905
3694,2382.4429029366543,585.4693753600775,4.0,122.25676339697759
3695,3783.2056929793416,2393.9868093184255,4.0,122.18379838080989
3696,1281.5367572660596,2198.680173742094,4.0,122.08256735297553
3697,2812.526483834858,1684.7006300963224,4.0,122.05040975191136
3698,2507.2625767459085,1915.0480274372096,4.0,122.02069403401185
3699,1683.4415799960198,3535.295891262827,4.0,121.98452729656275
3700,1843.5816683041426,3812.38040162771,4.0,121.9393061405654
3701,843.2982436711194,1902.4285291790197,4.0,121.87156497919727
3702,2897.990176667295,3530.2823296321108,4.0,121.8288022781562
3703,3304.4738969574146,3409.7953524892773,3.0,121.77993418356138
3704,2808.444693053702,467.4544635520152,4.0,121.75387924269398
3705,3327.6158821404506,1288.5471146746404,4.0,121.73443933536105
3706,1833.6264232140325,3426.6036567589786,4.0,121.729975034264
3707,2800.450965521274,3007.354067860647,4.0,121.69953948490631
3708,82.20041131698925,2083.4393388650265,4.0,121.6211834827626
3709,3594.413855231963,1868.5911573766627,4.0,121.54547788024996
3710,1219.512301131337,288.2975151764826,4.0,121.52295218494119
3711,1002.3053328032241,2064.5055307780813,4.0,121.45002722474702
3712,1717.43104045701,3214.5378624247637,4.0,121.42900311233646
3713,3289.4838317704307,1232.4742158091904,4.0,121.4214192251977
3714,2572.292250590822,2116.597591467888,4.0,121.41015794546342
3715,2969.606657570333,1890.2280933944407,3.0,121.25982865039411
3716,3060.0571174228317,3515.7552407628827,4.0,121.23020267468812
3717,868.5784204393325,1733.29373161122,4.0,121.20340683589485
3718,3401.4570096847356,950.6027693573101,4.0,121.19378796216354
3719,796.3846956017308,2783.734553628071,3.0,121.13156198862988
3720,3033.3234431751803,2095.412155140265,4.0,121.10973885632474
3721,2732.288291660686,3218.67551623105,3.0,121.05070318923869
3722,3720.302876437657,2229.5926523360417,4.0,121.04581723531278
3723,3170.414681203832,974.535803270629,4.0,120.88860283783501
3724,405.70866335691437,2155.3870103191502,4.0,120.87897238278416
3725,1405.4940309734432,1688.319628367323,4.0,120.8496346244851
3726,1735.5445731362504,3283.584876824953,4.0,120.84758922036085
3727,1564.29596892679,3889.483188356458,4.0,120.77202992518353
3728,1686.3566876073726,957.2158719809839,3.0,120.73582015073886
3729,2160.614109581974,3610.6242366221873,4.0,120.62089810503485
3730,219.63396917907403,1973.5470004558283,4.0,120.45678168074133
3731,3192.362828184874,1150.5838063422195,4.0,120.38206261948099
3732,2847.340764773652,3797.438937717516,4.0,120.2528107384963
3733,268.3163529119604,2356.4932373161796,4.0,120.21781265977594
3734,2674.392592899521,3027.353556555793,4.0,120.18991050131487
3735,2351.373826135898,397.61586338746065,4.0,120.04403768032273
3736,1920.0096546521022,3028.266505133936,4.0,120.03110014225607
3737,312.48449403309064,2866.5320058637494,4.0,120.0305195679357
3738,2557.3634325289077,2822.662508558258,4.0,120.02813372251543
3739,1733.6159305561246,3609.586151516755,4.0,119.98428717168798
3740,2697.5054030831498,264.3043352774032,4.0,119.87155324200634
3741,1197.684465199586,2970.367108453533,4.0,119.8194982638231
3742,1830.4621958781213,671.5050983749431,4.0,119.78661640418929
3743,1648.9602687735935,1882.1575502626083,6.0,119.75151522316946
3744,1108.5267212634049,696.7334453262612,4.0,119.7078955418535
3745,3735.267736980401,2602.3522706073777,3.0,119.64985209869575
3746,1900.6118398929152,933.6119804909227,4.0,119.63895990239806
3747,2350.4690362676074,2470.3896347089385,4.0,119.50800093344054
3748,2687.68600901433,3058.5696749670497,4.0,119.48229611628788
3749,1039.608574513075,2795.5841682252535,4.0,119.46945098558507
3750,869.4774047542957,1790.5995171792028,4.0,119.39699029165462
3751,3550.603955411846,1082.4400572161226,4.0,119.38845894218623
3752,2366.739552165662,3046.5039570032404,4.0,119.38359923675847
3753,584.4500654010001,3231.7280268860045,4.0,119.35727103165111
3754,1841.7081914398764,113.36070528887684,3.0,119.3004710209626
3755,1356.6316395722113,1993.4711866024436,4.0,119.29807107927184
3756,821.6665280190749,698.4590437742132,4.0,119.27885995300474
3757,139.72527713190135,2164.457283219339,4.0,119.25673921987611
3758,700.4362700041387,721.5219833490504,4.0,119.23644084994083
3759,3833.6473779384514,1529.682494060351,4.0,119.22005897512796
3760,2605.024058976184,442.79510735468824,4.0,119.07534801039495
3761,3617.520310333809,2533.3302458427465,4.0,118.97652870832604
3762,2349.2680685077994,1721.5756347456647,4.0,118.9040609392061
3763,584.2828853018784,944.5739903762534,4.0,118.88111503818445
3764,2446.4430365943444,1407.5245464363488,4.0,118.87697612216922
3765,1827.4027331009836,2522.6858223034205,4.0,118.86627439227559
3766,3159.4730095937443,1556.2825369123163,4.0,118.82726560399622
3767,1092.4080641416922,3314.759657117047,3.0,118.8158801986197
3768,969.2177441638088,3480.554210632874,4.0,118.76519995157018
3769,1530.5875905061807,2944.710896015418,4.0,118.58625833754135
3770,2914.5492261196237,2022.3694584948432,4.0,118.55215874698939
3771,2719.410544607536,3803.4648943277984,4.0,118.48848596595644
3772,1936.6288287730536,1041.4196513090392,4.0,118.44329616390108
3773,883.6215866441088,3385.426716877748,4.0,118.3960706866999
3774,300.48752383310074,1135.4191758120585,4.0,118.38889061974092
3775,1648.446241880777,1178.2860176894733,4.0,118.38054707953054
3776,1507.4244638112882,2364.6995651284265,4.0,118.33328773198123
3777,932.3363673004208,1611.4669060256701,4.0,118.30735267404248
3778,3783.333465227727,2788.265752795532,3.0,118.30047517737682
3779,1365.421351843289,3359.5176938254863,4.0,118.29094591650681
3780,3112.4404533049606,774.6733923430664,4.0,118.17912574426693
3781,2560.416899963158,426.53321877720276,4.0,118.16584699203389
3782,1625.369821853356,701.6483246391116,4.0,118.12055640373646
3783,938.2921755355613,1896.518592836922,4.0,118.03088227172555
3784,2009.4379828617668,86.429290968256,4.0,117.94760465728929
3785,2430.6163599017123,481.378038266319,4.0,117.9255690339459
3786,1991.636820559929,3279.2462279105193,3.0,117.9199081731552
3787,2763.47176997195,3037.757525279216,4.0,117.82541429753704
3788,2856.2939022927435,1172.5744849635382,4.0,117.79152257812149
3789,3267.471523221777,2067.6412219145627,4.0,117.78637966417011
3790,1765.7076150335874,3389.726721879343,3.0,117.66437045405213
3791,2932.6094070561967,859.5265665284932,4.0,117.65580692792557
3792,1467.697870104732,1775.5130000723611,4.0,117.60709558492174
3793,1877.399527138022,3073.4990167259275,4.0,117.60644379784443
3794,2383.462120642119,2970.7553216946576,4.0,117.5240136112962
3795,2334.3989734313764,1599.6360995908428,4.0,117.52310430722576
3796,1271.5742022365423,816.6878064871772,4.0,117.40170581457897
3797,1396.382300810905,535.3461833884573,4.0,117.3973280128994
3798,1213.4484947916674,2760.6625615779462,4.0,117.38678922698506
3799,334.6464970585249,1771.3436302807183,4.0,117.3349309647935
3800,742.6309099074705,3345.378181537367,4.0,117.32294326745829
3801,589.6926761917435,1596.6890103140952,3.0,117.28129850694314
3802,1960.4176642854427,3770.6400824865595,4.0,117.25925238506457
3803,3360.294661276201,3203.267953090716,3.0,117.22595106966807
3804,2510.565679944063,3459.4165240381085,4.0,117.19038681829618
3805,2196.729017978894,2860.6736512740326,3.0,117.18662723657036
3806,2318.438168812433,212.58520298691323,4.0,116.9757653138196
3807,3556.705596717384,2223.519381126495,4.0,116.9395119342537
3808,3686.308150762633,2753.525815082948,4.0,116.93481558330387
3809,3733.5810639834176,1120.4297453543795,4.0,116.91688094872407
3810,2382.5643907604767,3912.523155433519,4.0,116.88636706291719
3811,1454.5232283135201,739.7137742801485,4.0,116.84904954404372
3812,2287.4906504367514,3996.4447832511896,4.0,116.79232908181221
3813,2793.281850457392,3234.342287127753,3.0,116.68227491024481
3814,1031.449421137538,365.4980077535951,4.0,116.64964113147852
3815,1065.472655159734,2382.445601048891,4.0,116.4853826107289
3816,952.5502126725733,955.5972660388785,4.0,116.48259016840873
3817,404.52829545382394,2859.5882967434827,4.0,116.47269784557926
3818,2274.478073855064,3266.5599573994264,4.0,116.30608554702559
3819,1520.4493259393462,3656.639540383054,4.0,116.28861958193802
3820,1045.3769068822312,3709.3264083826994,4.0,116.27713033130053
3821,2833.2954782196875,3751.261989039555,3.0,116.20178548975187
3822,1201.6896242873725,2458.269715959311,3.0,116.16179798858836
3823,2149.721263355878,3825.318898861807,3.0,116.11983601400382
3824,3662.3450702530045,2929.3281025897463,3.0,116.11758981929225
3825,1659.499440185657,3629.3755071494334,4.0,116.09555870688331
3826,3743.741482111464,2254.704714786892,3.0,116.07532481637668
3827,1383.2752491898352,3387.694217271627,3.0,116.07319046810628
3828,2817.57442938052,308.6485772922266,4.0,116.07167179938799
3829,3115.462713385269,462.46084867581504,4.0,115.95254541798477
3830,3806.281371904344,2231.51668243063,4.0,115.95070551215457
3831,3744.2907399814885,1784.5862171844494,4.0,115.93645388546784
3832,1699.5915162267836,3212.507222629443,4.0,115.92850420710153
3833,730.4752666542927,3249.6422992922553,4.0,115.89708641047984
3834,1524.5088043507533,2773.5211111688795,4.0,115.89302936538763
3835,3176.6042987677884,3141.471267223247,4.0,115.86058485470694
3836,2224.460090418435,3670.3192889397046,4.0,115.75682231710606
3837,2702.4530738507474,2050.5869495477455,4.0,115.742700614177
3838,1478.7223268252217,3426.516663168766,4.0,115.724511217201
3839,2517.64545822148,646.2524914827402,3.0,115.71015420168504
3840,842.6487743745791,2556.469070652403,4.0,115.64488297863355
3841,2737.4719763765474,1813.2881285445892,4.0,115.58153581507162
3842,1986.4939173161126,3546.726461343102,4.0,115.57444872730524
3843,2144.629762595246,873.7439997055051,3.0,115.46733300334922
3844,1687.4726049070096,711.3761827970907,4.0,115.39991994308906
3845,528.419853466944,2031.563075308411,4.0,115.39928003443697
3846,1124.5475495905473,3496.3086052156114,4.0,115.24186898618842
3847,2327.6000412505005,1049.3362276843848,4.0,115.18513972119784
3848,2138.504069755424,3089.5986229769796,4.0,115.17875783020443
3849,3335.283530717665,2809.343382261425,3.0,115.1773579943137
3850,849.540945814898,1689.7398834221003,4.0,115.15901098970215
3851,881.4953196916728,3179.6732633744214,4.0,115.06396182272651
3852,1340.2364122157724,343.3762813662697,3.0,115.05916717094844
3853,375.28156821025664,3068.578204384791,3.0,115.0533716751564
3854,2602.48592242389,3166.466960982519,4.0,115.03446601147832
3855,2798.49696346644,3257.631870132359,4.0,115.00483310155602
3856,522.6266036834493,1856.362387485993,4.0,114.99011946102752
3857,2278.7459671309316,3374.623544683487,3.0,114.98997406565167
3858,1848.642744742396,1338.6850605311972,3.0,114.98289464723659
3859,2108.596161440592,337.56613479896686,4.0,114.96330803507364
3860,1755.6725269584074,2378.7428833507715,4.0,114.93602825942676
3861,2588.483483700346,3097.3824779839124,4.0,114.88252872068496
3862,3748.2941476230053,1168.6147162059765,3.0,114.87601991844501
3863,2343.384082345075,1736.3206157784657,3.0,114.78288535071133
3864,1015.715926217224,2469.3042207912063,3.0,114.7662508468742
3865,2002.5820251196478,684.4005626891247,4.0,114.72583716223986
3866,995.5783528364443,408.50915888396224,4.0,114.65766908206389
3867,2322.353093665637,3919.2252713856137,3.0,114.52803593725876
3868,1381.7215413561637,683.6008159923902,3.0,114.51985625061822
3869,2611.5122617769753,3875.6357062795328,4.0,114.4976661444224
3870,3786.191699658417,2903.3639295885855,3.0,114.45169939453872
3871,913.5833064701733,2328.604062158826,4.0,114.43698282640203
3872,2820.6292981212036,2703.352630496756,4.0,114.43609263309892
3873,460.78558095262827,3001.431589857925,3.0,114.41090041244128
3874,2026.4279595904393,3974.78302600912,3.0,114.31504356465857
3875,252.58928095565605,1828.6368544418908,4.0,114.30823702407703
3876,3258.241385983276,1917.3202067821865,3.0,114.28932922217841
3877,1629.5790100287852,773.3330197960908,4.0,114.28257904529468
3878,693.5814261976595,1720.5413565583235,4.0,114.23895663844453
3879,702.4600380200438,1315.3891006315719,4.0,114.17853361986029
3880,3773.207544107071,1834.6634568825625,3.0,114.09321081367689
3881,1813.6056661713667,98.45663869956346,4.0,113.96856617796965
3882,256.64126705143053,1680.2349173875684,3.0,113.92535029102217
3883,2681.260147323421,3706.4915057686053,4.0,113.89869673376216
3884,2659.807571279261,2937.556842305023,3.0,113.7978595627775
3885,276.38799010434656,2049.4065855105487,4.0,113.77773197102525
3886,3231.792000824231,639.4452752989444,3.0,113.7704989523642
3887,1553.426019438087,1701.2272490988937,3.0,113.72632021884094
3888,628.6991010534038,947.7745154485602,3.0,113.71501620915896
3889,1592.38996840674,870.1976641065496,3.0,113.69807616869045
3890,1493.5171153895833,999.3949043740715,4.0,113.65304843398062
3891,1664.7089365152153,3598.3128486811097,3.0,113.5789025346297
3892,1501.6330836903487,3306.4529550047214,4.0,113.45719248247141
3893,2062.4408331338004,2624.629616231265,4.0,113.44500403435005
3894,2863.2404538495734,3081.390763726434,3.0,113.39371458307485
3895,795.4296743096114,1536.5612579440337,4.0,113.39300062406298
3896,1974.2151613652009,3182.703665014955,3.0,113.39051545630677
3897,766.4798316108902,3270.307110576256,4.0,113.38955194524137
3898,2289.3165415058193,3162.742365823328,3.0,113.38114370267004
3899,982.6523024501911,3519.218958779509,3.0,113.37042495464486
3900,613.6125710981588,1994.6233101183388,4.0,113.34628998874281
3901,834.4894148045433,2348.6396130117078,4.0,113.33213804782355
3902,2993.7000302255497,2667.7510772136948,3.0,113.30405807043398
3903,2816.4338144259204,3453.3707214891474,4.0,113.28117693811842
3904,3838.7811614821344,1775.3821865665354,3.0,113.27722501595345
3905,1418.3432716159562,3001.7621293388943,3.0,113.23137097172949
3906,2774.321418903884,1236.3406037002721,4.0,113.16980502974695
3907,646.3447103878959,1909.6036899048788,4.0,113.13746185930694
3908,2959.5376870235355,2239.599255036178,4.0,113.13140620428507
3909,2169.6746832056942,1235.7428716061008,3.0,113.1032878972073
3910,2140.5480729942847,3293.4591282599376,4.0,113.09534064893954
3911,1687.4097895562618,1498.659291827146,4.0,113.09502989352208
3912,3502.2138767192764,2441.28675930284,3.0,113.05459891762239
3913,2836.688795968278,1556.3387620041788,3.0,112.96889760604468
3914,3634.612388900108,1443.5840969801282,4.0,112.95331058994344
3915,424.4155209151444,2030.3227425477867,4.0,112.95230513752963
3916,2428.7029556120274,3266.67257395258,3.0,112.92044323487261
3917,1466.301427192902,1656.2444941337221,3.0,112.75295042363531
3918,981.6557398642713,612.7553755095315,3.0,112.62049297004614
3919,2329.4216852084205,3304.6337449202797,4.0,112.61689434069582
3920,2086.444618627864,3055.466575723796,4.0,112.60888811641186
3921,2945.219674351468,3003.4531094270783,3.0,112.60554479079167
3922,1407.5239230699046,580.4265357504848,4.0,112.5972639836341
3923,2209.4076102948725,1077.5308841730046,4.0,112.56210088372927
3924,1335.5584936890205,410.58382096225125,4.0,112.53738438432678
3925,565.7210626097517,2015.750986130649,3.0,112.50300536391761
3926,1506.5120454141368,261.38070991620367,4.0,112.48545097772737
3927,3015.589307090757,2445.391795583316,4.0,112.47769682237619
3928,3489.3000642930106,1521.2378838870104,3.0,112.36501212080925
3929,1587.6040831911525,2516.362240930304,4.0,112.32002666032571
3930,1704.3780334657004,132.55455922169344,3.0,112.30788857391262
3931,746.7188630258859,885.7443806687928,3.0,112.28330483744708
3932,2055.7047788561767,3050.3460451573224,3.0,112.26421157944061
3933,164.5304664423055,2127.4946764972437,4.0,112.25438278342394
3934,1507.4962007132774,3278.6628830477325,4.0,112.2538564392669
3935,2533.7104229337865,660.3087351663344,3.0,112.24770877777053
3936,3265.550263964623,1560.2731748874278,3.0,112.2424949150702
3937,3014.3140781878974,318.24539856527315,3.0,112.1774804846885
3938,1716.2825739390319,1248.371333234736,3.0,112.13105184793271
3939,2557.224442738891,3356.2627720147393,3.0,112.09703633316711
3940,1401.0427066573652,1856.183665001886,4.0,112.0870491363564
3941,2285.462564978228,2585.4433829710356,4.0,112.0137264445586
3942,1665.3927361014314,3278.2298346853217,3.0,111.94829917044945
3943,573.1991952384911,1312.3220311652979,3.0,111.89299175488478
3944,3336.3650052124476,1903.5184821464406,4.0,111.88846718104867
3945,1391.3558063752778,1551.7229725598525,3.0,111.88394224290161
3946,1358.316190783156,1190.4387510860256,4.0,111.83559760878849
3947,2993.333424476801,2655.5199405797807,4.0,111.81330717474569
3948,3425.779912245763,2085.6421240684667,3.0,111.7925970713956
3949,2473.4502471523465,162.39053634493504,4.0,111.75500521152726
3950,1412.5476819220014,3580.6439008873804,4.0,111.6917578682047
3951,1226.6435323911032,622.289870212292,3.0,111.68234527903506
3952,3396.733998626514,1884.270769103608,3.0,111.58949781286775
3953,376.56585829647497,2308.5383552429985,4.0,111.53555024168105
3954,3841.3596430506473,2501.326824165731,3.0,111.52389607317545
3955,2935.401079280701,2333.29161754245,4.0,111.50056552723927
3956,3495.460754547003,2508.4974599649704,4.0,111.48209117024497
3957,1549.3780687396866,3819.577266845083,4.0,111.46676822655328
3958,2341.483700445941,3275.5558617875645,4.0,111.37729783338642
3959,3878.6902963843277,1589.3286481471932,3.0,111.35449281817266
3960,2109.6137102270077,3049.5212031338656,4.0,111.32379434426078
3961,1083.7512171620842,2360.288187732235,3.0,111.23939208500458
3962,1776.4675711415252,524.428837904008,4.0,111.22328702065727
3963,1923.49705721266,299.40856299210077,4.0,111.12308478208115
3964,2104.720055085171,480.30437380263606,3.0,111.07698127415348
3965,3874.370197905264,1664.5700469153726,3.0,111.064674423705
3966,667.726804336878,1808.7656299134333,3.0,111.04522505594035
3967,444.25970841629396,2155.340911066224,3.0,111.02764887936009
3968,3449.290999825437,818.2942876068694,3.0,111.01186847974122
3969,2798.686305022941,2042.501508566197,4.0,110.99853112417632
3970,3450.6352295259567,2804.231841002378,3.0,110.92361898860324
3971,645.3353018095308,2690.616136202477,3.0,110.92302971554096
3972,345.5525457960553,2104.5804912249787,4.0,110.91303747357347
3973,2436.4950828714173,1243.3095379328145,4.0,110.90977581799238
3974,3124.2641074829103,2778.3684902639948,3.0,110.85019507455033
3975,3805.649986830777,1307.2857074988729,3.0,110.82861149746593
3976,1685.3477158672456,236.51247799770286,4.0,110.6835532595895
3977,2194.228899051898,3606.4436794813487,3.0,110.65090778301824
3978,3049.3753695900286,2405.5511053180967,4.0,110.60301421227483
3979,1166.4654795813335,2402.4817698738257,4.0,110.57659457213559
3980,2089.262203598182,3656.432828057393,3.0,110.55521016148407
3981,2926.445234454012,3546.5077069800204,4.0,110.49522828323765
3982,1909.715149576038,450.68939900653857,3.0,110.49265413549692
3983,1577.4186155119594,3664.4502984099777,4.0,110.47529162810049
3984,2510.6130669249105,2301.544047266974,4.0,110.45964284958964
3985,1940.333833712395,3706.665899830616,3.0,110.42539524248622
3986,1753.2722538403757,2859.4198201796235,3.0,110.38659047855717
3987,1567.571534674532,965.4180010737463,4.0,110.37496682243648
3988,3198.446204693333,552.5134106042171,4.0,110.36895981728674
3989,2959.5969297712527,1101.3467642375158,3.0,110.34390801082505
3990,826.3873771673972,2998.245299292523,3.0,110.29894563641649
3991,3497.4590521439923,1249.5044280808638,4.0,110.26995124408505
3992,1957.490441146466,1226.5373349773351,4.0,110.22861185167406
3993,852.5818444648709,2681.494977099465,4.0,110.22548692553536
3994,1995.6928781467543,3587.2780950228776,3.0,110.21587619858502
3995,3083.296879546305,3677.539999774956,4.0,110.20338067742517
3996,1281.7234437406703,931.385860788994,3.0,110.1620162322448
3997,1813.2642341042313,2547.7481718944277,3.0,110.15392516229828
3998,2119.3974588469014,3140.463879840998,3.0,110.13780596653217
3999,1530.3546159673692,3398.7141896496432,3.0,110.1335942924573
4000,2626.4231307285268,888.7572048060172,3.0,110.12362807003404
4001,3292.507718259283,1765.5331942741943,4.0,110.08408760520527
4002,933.4256969523077,3432.514816839583,4.0,110.07702805308602
4003,141.79834841734174,2381.4117496424947,3.0,110.0301643435843
4004,1180.726597465154,912.6733739257048,3.0,109.96440288563636
4005,1230.6017838070284,2846.2120815227854,3.0,109.94705867956696
4006,3219.2770580732163,1325.6436074506587,3.0,109.93235416922504
4007,1514.2824449858254,1123.2462821005324,3.0,109.91627802823707
4008,2837.501170198463,1492.4132145748556,4.0,109.915504675193
4009,224.7669284398824,2682.2448174154697,3.0,109.88134384454442
4010,1550.2755684365432,2505.789061176951,3.0,109.86163231395051
4011,2619.5199431070355,1659.6598709634648,4.0,109.78023777409473
4012,2417.334538329924,2708.7504998638456,3.0,109.7778175785546
4013,1025.2734575806514,3087.614229504411,3.0,109.72630771950824
4014,3117.546104510069,624.2295333658121,3.0,109.7249712117736
4015,1470.590549956381,3101.54460796528,4.0,109.69993661068
4016,1226.5817085412011,1549.5403637938014,4.0,109.67088667434842
4017,337.3577329684259,3081.8005964358945,3.0,109.67085807156482
4018,518.7584288338835,857.263995751539,3.0,109.6702970357522
4019,2020.7240776491262,3446.6747677667886,3.0,109.6299779570983
4020,2718.649989266549,322.37329885627645,3.0,109.5737365338018
4021,675.251912216534,1478.3802829470735,3.0,109.5394421110579
4022,1275.6989543885013,1251.353698157283,3.0,109.50934588759448
4023,1166.5996841512156,270.73658843723075,3.0,109.49313681648448
4024,1442.6452487022468,884.3692124968171,3.0,109.48625941863025
4025,1012.4521529647972,3407.3612087627066,4.0,109.3633774194144
4026,283.3868168890003,2121.18917434486,3.0,109.33650788056131
4027,1502.5839745735404,3100.513450399639,4.0,109.22421056814073
4028,1074.3926781943737,3662.5296752573477,4.0,109.2136619799488
4029,2612.477175201744,549.5435006024603,4.0,109.19001019770369
4030,535.2201512708905,2262.352706786239,3.0,109.17057704223048
4031,540.6997731450323,3066.6967807705596,3.0,109.11349978981802
4032,1313.4714544628177,1726.5806324056568,4.0,109.09427508359819
4033,2116.3114312696603,3218.635122095191,3.0,109.09177646116092
4034,3170.785577869575,422.33876617394463,3.0,109.07694213279281
4035,2017.6331398911816,3891.1937710230654,3.0,109.06240078656351
4036,3671.5926978768416,1848.3213032432552,3.0,109.0588830842655
4037,2535.2935528241155,2378.3496636478053,3.0,109.05002362734457
4038,2238.449549592748,1219.2746801588098,3.0,109.03911666543463
4039,3300.483407297047,1991.4756336927092,4.0,109.02329171800794
4040,998.2504016720875,454.68805106201376,3.0,108.94913458348243
4041,1062.283852050245,1311.5817414669916,3.0,108.91547788406481
4042,2691.4786720826514,3809.49268711511,4.0,108.89158137944824
4043,486.24750676544613,2730.6942808215704,3.0,108.88382023166163
4044,1802.6476914163677,2578.6243205842625,3.0,108.87963227187382
4045,2742.570129512414,2115.5405233655733,4.0,108.85500002173278
4046,2615.349542162698,3362.336229377448,3.0,108.75864911605274
4047,2654.276103353551,1594.27975571403,3.0,108.75181838591773
4048,1003.3313002092907,655.235509528268,3.0,108.72407651731142
4049,443.5343486878338,3147.5050863054157,4.0,108.64466080841427
4050,1546.2273713806196,3289.347319649471,3.0,108.62160063291395
4051,1194.4676845485012,779.4282403581477,4.0,108.58198919905976
4052,454.428360157799,2878.5273918726375,4.0,108.5641829671501
4053,2226.520443592542,73.36057262767177,4.0,108.51432294052218
4054,3745.5658912296517,2749.6612100316197,3.0,108.48944159527613
4055,699.6249377039376,2329.5821705880517,4.0,108.48816326409403
4056,1528.4644995758772,1289.2413966797953,3.0,108.4723953861331
4057,841.39317277633,3049.318181674721,3.0,108.45635465588497
4058,3384.667704786121,3169.735044899035,3.0,108.45019447482612
4059,161.29748790102303,2210.671441400837,3.0,108.4456412344528
4060,1666.480938392614,551.6026915119318,4.0,108.43003067343278
4061,2017.535992200313,3855.5150142057773,4.0,108.41821446681017
4062,861.5649090806104,706.7595839942683,3.0,108.38861446116721
4063,3716.490259922013,1973.4893469431963,4.0,108.38400578102183
4064,1483.43982173291,2899.531674431465,4.0,108.31217333561608
4065,3941.7555511221303,1817.3829958396027,3.0,108.30258896559526
4066,738.6582494793961,1965.2394066194179,3.0,108.30258333707172
4067,3679.609293846356,2401.438625367588,4.0,108.28328217434553
4068,3394.499339703815,2965.5235256995834,4.0,108.28173804091762
4069,1382.6815426605622,3660.3618271571627,3.0,108.19739816676093
4070,866.7268118255045,2661.4230014197533,3.0,108.17274739047416
4071,1485.6909759030436,3799.334307330629,3.0,108.12055470880537
4072,2994.4601023082737,3488.236406544413,3.0,108.00852273982022
4073,223.67858003815454,2017.3770720012374,3.0,107.96695303125776
4074,925.2596762012782,770.315148958594,3.0,107.96689787580046
4075,3420.4253922017438,2099.285247066964,3.0,107.96133556471045
4076,2357.5724190220517,833.7496695622403,3.0,107.8180538030137
4077,3132.6723999620303,2395.6196777299588,3.0,107.79021352750436
4078,3008.762406280527,688.7426310794903,3.0,107.74557937472912
4079,2989.7096458824094,326.34866497278375,3.0,107.61005060905981
4080,2838.400438164573,507.71981837696575,3.0,107.5991386075724
4081,2565.3214512883924,2563.273738864272,3.0,107.58896676682515
4082,2984.295315014879,1949.2760952644912,3.0,107.51664040610164
4083,2729.661090058696,1116.4415312790175,3.0,107.4951384770961
4084,854.76918571034,2163.6345302683453,3.0,107.4736371272332
4085,2275.2607985425516,3650.5813475894324,3.0,107.46471368637
4086,3323.649703228145,1064.7088647287012,3.0,107.4464704914321
4087,3289.7141566142586,1992.3455625705465,3.0,107.43086699964482
4088,2561.3533447246577,3648.4008294890696,3.0,107.40155855696341
4089,3038.7273561185107,3437.724062075588,3.0,107.37736553614742
4090,3224.3704300698378,2126.246317798173,3.0,107.36783996673014
4091,2609.682598514928,3816.792276475267,3.0,107.3429298546722
4092,2583.5913472354596,3697.5427978426383,4.0,107.31257570578597
4093,2659.5232077100713,3203.448419477237,4.0,107.24913278509233
4094,1015.7409727036029,3477.42518912663,3.0,107.24399414411587
4095,1599.7205941201587,3748.311068421574,3.0,107.21915472219433
4096,2142.4798704357167,463.5437447426063,4.0,107.19585101942931
4097,3011.5879467668456,2017.6870511577754,3.0,107.13744746694255
4098,3120.395349396165,2116.243877959254,3.0,107.07197701298561
4099,3157.6545224820084,3728.3610933660802,3.0,107.02939991293988
4100,903.276281244473,1950.796537292052,3.0,106.93378200096743
4101,359.52086736304796,2020.4376136195933,4.0,106.92856458861831
4102,2937.66574755395,515.2857352736621,3.0,106.90267767319362
4103,1531.5125051502882,2465.5243922625245,4.0,106.75074275638207
4104,2985.7200123304815,892.3313693042983,3.0,106.67903142997231
4105,3001.428034334967,1420.499192619325,4.0,106.67336684661012
4106,3237.274315519729,2374.276453071939,3.0,106.66715255143163
4107,3075.231776813768,2780.63589001817,3.0,106.64741675317487
4108,576.7011861791643,3304.6166951916257,3.0,106.63240176607185
4109,1333.6733670857827,832.7602636498301,3.0,106.59253570382252
4110,3442.51964986789,1984.5365349576725,4.0,106.5331135501945
4111,1167.682981999646,2924.6370720923223,3.0,106.5323082363917
4112,3118.2876814802994,1599.7806696206942,3.0,106.5175068396906
4113,2467.3202489126998,2677.3486493784967,3.0,106.49707092547166
4114,753.7305874620889,847.5414002488728,3.0,106.48045555094916
4115,3890.3913218067487,2715.756586764044,3.0,106.4326317226754
4116,2172.2794235115125,3806.366171219438,3.0,106.4312693440704
4117,1463.6136457882735,710.7398029039049,3.0,106.3050621334569
4118,1505.7130415173672,1404.3647334647287,3.0,106.27698902193261
4119,2125.340059409923,793.7105094197709,3.0,106.2609254467888
4120,2276.5207352248326,3042.544504773373,4.0,106.22914664440358
4121,896.6243150910608,1837.6590330447125,3.0,106.21879494848788
4122,1898.46287216227,1087.5699044352946,4.0,106.17677935212333
4123,2065.5192653748036,727.4526063483225,4.0,106.16533190299779
4124,618.3807018439512,2306.548520143151,3.0,106.13479399282443
4125,3371.292506684714,2394.2257712797564,3.0,106.05718634910538
4126,617.8123752670259,1513.6630733964944,3.0,106.01621531547681
4127,2949.2478224427205,2592.588999348181,3.0,106.01050941673415
4128,2696.7171119956975,2611.236006938936,3.0,105.96610209713981
4129,3553.2977361275616,2137.323647898286,3.0,105.96402508996644
4130,3353.2765989289305,1223.6933908408025,3.0,105.95688692973357
4131,2214.32833025888,2520.592329673112,3.0,105.89798820691693
4132,2798.4644397541274,3303.508996932264,4.0,105.7946445700887
4133,1971.7778038485176,3146.284763027467,3.0,105.77500009041164
4134,3405.2780374765252,2487.216324106264,3.0,105.72009072176564
4135,3793.3319615573755,2108.2288834118367,3.0,105.6714642632171
4136,2449.6973275484256,3798.685764874111,3.0,105.65715192137762
4137,2739.4359718128135,3819.492257692841,4.0,105.64478886654126
4138,3327.640185861088,1665.3278847106726,3.0,105.59639769435398
4139,3390.6476687859267,2377.729797604122,3.0,105.58928822454175
4140,2539.2975399037323,1018.6709548247564,3.0,105.52565526048845
4141,2891.7696995965125,3614.7298136551117,3.0,105.50848281423278
4142,2986.730273266806,2598.731050731663,3.0,105.49981281210111
4143,963.651882783261,713.6559901504484,3.0,105.46190504170193
4144,2822.7178343595497,1363.689670791008,3.0,105.29011121196804
4145,3926.7073919035574,2103.5910526980297,3.0,105.24038101687002
4146,2561.735964420661,2472.309893336125,3.0,105.2136668919712
4147,1887.5002943266898,1149.570119879361,4.0,105.20516806612443
4148,2748.615430904111,1734.7449650078997,3.0,105.151591653831
4149,483.6658108147693,2695.393728511455,3.0,105.1158497862638
4150,2088.2833599868964,3109.31854352916,3.0,105.089365300645
4151,1179.7482077529742,2503.2934385338076,3.0,105.04655742719675
4152,2156.7254395124774,3451.347277883067,3.0,104.97811945100977
4153,2089.397196933743,3636.29533063534,3.0,104.97193911217869
4154,1967.6399660435693,772.3386934172566,3.0,104.93975960297658
4155,342.6492954351207,1986.688740117295,3.0,104.86450777788883
4156,1790.512871122014,3531.5823203480304,4.0,104.81719120363867
4157,1040.4827694095575,1931.5741573985679,4.0,104.80964472498721
4158,2859.6638942417235,2152.3661833364463,3.0,104.80216440820242
4159,2583.231823743765,293.69662571218,3.0,104.72450450384115
4160,2844.2751210030615,1017.7474003290001,3.0,104.66489490367096
4161,1685.6663844311058,1102.4178019095632,3.0,104.65486814618707
4162,1231.3404253351064,2963.716375310283,3.0,104.6332564174801
4163,223.67969365305882,2792.3351890818867,3.0,104.60951369363245
4164,956.6438341867379,3645.6679493806437,3.0,104.60242757221405
4165,1029.3404056338823,484.7007004473257,3.0,104.55292370944791
4166,2791.3968144638343,3447.674847672725,3.0,104.5247637764914
4167,612.5794294013576,1824.7117077311686,3.0,104.48179545612284
4168,1023.6444176675826,667.6726833093169,3.0,104.47208041679421
4169,698.2675160476075,2041.743347902765,3.0,104.45377785726285
4170,1479.2976666323561,1205.6572834319359,3.0,104.44277507513736
4171,2390.334436335259,3642.335814060108,3.0,104.44125588244475
4172,308.685648843302,2637.309204890535,3.0,104.43482268410692
4173,3438.6636713668076,2490.5844017136287,3.0,104.3459160865362
4174,1046.737160268599,3243.657995382545,3.0,104.3161415133497
4175,862.6393167932437,3090.2859660033987,3.0,104.29844951998136
4176,3580.394936257219,1231.6331585367006,3.0,104.26190081047523
4177,2481.472872418045,3758.511430847584,4.0,104.23650633467187
4178,1998.572808294311,1025.6983384619532,3.0,104.21669055971768
4179,1912.309022524367,3779.41843619407,3.0,104.20168923659537
4180,3523.6189620052273,2231.5883661202524,3.0,104.15103007672653
4181,3099.412408239963,2795.653962840472,3.0,104.1156530331494
4182,1632.551926853409,316.38545509807403,3.0,104.1060432991877
4183,1242.5252314132415,1507.4507169615947,4.0,104.08538546156886
4184,740.6595232296363,2829.581652861334,3.0,104.0677281386301
4185,676.3802428584644,3091.343079639427,3.0,104.06423922279099
4186,818.5894011081746,1542.6351400932037,3.0,104.06217365347503
4187,2865.2888754345495,964.348169035581,3.0,103.97755695791041
4188,2247.306177302263,657.3355717304615,3.0,103.93973840243814
4189,1277.3715900156787,1687.343133689457,3.0,103.93519278226051
4190,1928.4509790833097,4083.491620888802,4.0,103.83446837092453
4191,3299.3765713616986,1353.5537260053757,3.0,103.7661994014971
4192,2118.2555635419317,3268.715565726492,3.0,103.74663875424156
4193,802.4325389205578,1576.5993131584194,3.0,103.70784265051242
4194,522.6138169255964,986.3365093011389,3.0,103.69329558250105
4195,635.5998218297212,1955.7105600246416,3.0,103.6900142736213
4196,337.45337895846666,1500.330621007846,3.0,103.64709127259387
4197,2003.3545875689047,3400.645432720191,3.0,103.6413150478244
4198,3512.5463545643265,2787.481339289608,4.0,103.57134549151928
4199,2480.5002101064424,1707.4860617015058,4.0,103.54317755960244
4200,1198.4732327043228,1147.4284162657202,4.0,103.52334965311879
4201,1363.5824418091556,1790.3202506609011,3.0,103.51399167418782
4202,2822.601653113267,351.37385678227355,3.0,103.49860119311114
4203,2209.5779106320538,1480.6284348771474,3.0,103.47256669760719
4204,3903.7034373567226,1916.581546387978,3.0,103.44256388958803
4205,407.25324566986427,2363.6999533801536,3.0,103.36997939950801
4206,3204.42973391737,1831.3512430692888,3.0,103.36740274820735
4207,2401.639692875313,3662.6687704566352,3.0,103.26946511230304
4208,883.6818497430941,1257.6504228255187,3.0,103.2028869336533
4209,3002.3721492908035,1041.353072668459,3.0,103.05504557044404
4210,1512.3102246824237,3800.722572023407,3.0,102.95189496574751
4211,2563.2801999815056,2318.312365863261,3.0,102.922203984753
4212,3220.7636982089316,901.737785817835,3.0,102.91005395001305
4213,500.5092781695923,3183.5433433350026,4.0,102.88022816876992
4214,2984.649385855256,3201.664904596061,3.0,102.83719033162554
4215,2236.785507231645,1504.7687427585215,3.0,102.82513410698145
4216,2442.6979663127177,1189.7056580833448,3.0,102.81578997413061
4217,2863.761826332658,2021.6567652079325,3.0,102.76844356268343
4218,1413.5480594416338,2214.3605561319364,3.0,102.68276671949765
4219,1830.4356889677751,1234.4834802093485,4.0,102.65660772217375
4220,3354.5507449040088,1990.6850178333032,3.0,102.6271262802393
4221,1577.5528148980147,999.3506009023203,3.0,102.62605196418329
4222,1524.3148705045987,1666.4306816857809,3.0,102.54559881170191
4223,2917.554085207658,1656.493850843032,4.0,102.5325791439858
4224,1602.3134638412882,3267.654253749446,3.0,102.52800949249293
4225,1759.2280565262677,3620.7006208881858,3.0,102.40309108550764
4226,343.9909794226793,1832.5481227124865,2.0,102.20723477267573
4227,1604.5913623315787,3712.537457553278,3.0,102.07290332051157
4228,1630.767366100666,625.2408960300277,3.0,102.06597367144023
4229,1708.39471728048,552.6439473096715,3.0,102.0314780560147
4230,927.4541776078872,3590.516859495094,4.0,102.0202304240806
4231,224.65061473685077,2588.368774250261,3.0,101.92373944011092
4232,1532.2846282039736,1007.2054417525153,3.0,101.90420915140842
4233,2478.369908524901,801.3264823519162,3.0,101.85205184048014
4234,3741.329196297258,1573.4200576071216,3.0,101.85127824256062
4235,764.6857742742816,731.7208179663521,3.0,101.8384915684046
4236,3551.635978333171,3188.353084941165,3.0,101.81446678612299
4237,1790.3275402143126,1363.620445534092,3.0,101.7382954207153
4238,2300.34640966967,770.7247413969775,3.0,101.70935994382415
4239,1257.3432696325021,345.30139049958774,3.0,101.70552152089861
4240,3124.6485152678238,1930.3150104487925,3.0,101.60847727138469
4241,3497.6875944715425,2597.29654894845,3.0,101.59186248870446
4242,898.3095158499101,2133.3024866553715,3.0,101.4884695180537
4243,713.0274523857296,2779.4931578955084,2.0,101.44894324358323
4244,3628.3268249773996,854.3145425240182,3.0,101.40304961516267
4245,3386.5751458348923,3137.6710408596714,3.0,101.38971451022378
4246,2417.382165480274,2749.3055261493455,3.0,101.29971013638425
4247,3468.4923563995626,1027.9869941970787,2.0,101.22987103624719
4248,3210.6231852856504,2125.3982846532967,3.0,101.21924826759786
4249,1795.6853345851985,4039.118329619799,3.0,101.21856342501587
4250,1123.6778193836822,3095.2556353318405,3.0,101.19829239008367
4251,2722.545430310337,1258.9904236027353,2.0,101.1405281594986
4252,2822.6811291448867,3077.366483402018,3.0,101.10062064664604
4253,2025.5971474632693,3312.354707493119,3.0,101.00792763644647
4254,2945.2940021607537,2456.39772571674,3.0,100.83994772620804
4255,3448.6161941202135,1521.6130536844496,3.0,100.66400793325752
4256,3263.5733827656804,3580.01746631956,2.0,100.6040195491898
4257,4023.750811164393,1823.0662924800445,3.0,100.40923130388249
4258,1598.4896625798012,2488.4973010593017,4.0,100.35595679802043
4259,1206.7249688640368,2940.667938344303,3.0,100.33394162017544
4260,229.39589669305826,2285.6073159715797,3.0,100.29258120754109
4261,286.3361074304281,2166.396136364332,3.0,100.26772392159262
4262,3823.659425993164,2371.3861466572507,3.0,100.23187137496541
4263,3553.518150448159,2814.491487850178,4.0,100.15944512377595
4264,2110.7074331328836,425.73185157287367,3.0,100.14568824733325
4265,1090.2865254489277,3459.296289683821,3.0,100.0833004309403
4266,3507.4055469152486,2989.3502983419808,3.0,100.0770913689121
4267,918.4012075700108,2596.6401906340884,3.0,99.99167693926991
4268,2731.6212129590526,953.3615620992018,3.0,99.94492908648773
4269,704.6160459131415,1359.4421928426427,3.0,99.90621219128906
4270,2405.6126713984377,2242.459388551272,4.0,99.89919895458418
4271,3225.020889734758,2577.5332693055702,2.0,99.80629396051832
4272,1256.5554193261369,1587.0034609204959,2.0,99.79604304426107
4273,2944.6910157766483,2336.636817257513,3.0,99.67808102882135
4274,1667.4445395646092,2169.4162657319116,3.0,99.64150424286305
4275,2882.5285801139576,1340.037323122542,2.0,99.59500337116609
4276,2136.5387312354355,594.0189612266842,2.0,99.56216202471693
4277,3698.329521821188,1637.6083942726661,3.0,99.54387759268116
4278,929.6025815802327,2539.627134288771,3.0,99.50798883619906
4279,2984.3719420279785,3659.6498430327883,3.0,99.49313248216471
4280,268.4427763822315,2798.3781627189496,3.0,99.42347412262586
4281,3761.9992470480074,1998.4144165348982,2.0,99.38635084883113
4282,540.397717268837,1276.3218369028891,3.0,99.38306878653032
4283,3149.753574921641,3639.6003903662986,3.0,99.02066223181993
4284,2723.6926664638177,2060.293526477774,3.0,99.0049522115239
4285,1733.6991828960552,2528.278946224541,3.0,98.95924675599443
4286,939.5934454124907,3293.3519393326105,3.0,98.93067294149145
4287,1600.6721732715464,1651.3742483183648,3.0,98.9070621052037
4288,3473.3531888917605,3199.3300554807397,3.0,98.85725826581347
4289,3007.2911640905704,2842.6983537472042,3.0,98.84053542633127
4290,3421.628191266024,2968.2960974270272,3.0,98.55546161643001
4291,3482.9815415127077,3402.4483298620335,2.0,98.48151224761236
4292,3097.597099003343,970.4148234694468,3.0,98.38557721877356
4293,3666.590399076101,3051.3775114233267,3.0,98.23790271840784
4294,2577.6158762217615,315.60406959281266,3.0,98.12946715895627
4295,2385.5962431215466,3902.9971216580047,2.0,98.12691982765514
4296,1560.3558173822569,593.9967121344528,2.0,97.93548691067815
4297,2104.4443292789388,3450.0024146862643,2.0,97.8408871821823
4298,956.573643029756,1088.0409334126523,2.0,97.8376208077703
4299,2180.994733554169,1043.5006361729609,2.0,97.83319721249075
4300,3382.58328835087,3107.6478193653957,3.0,97.7852799135851
4301,256.4505287152556,1988.0243055604333,2.0,97.71715186958943
4302,1309.9888842713979,739.4676197456797,2.0,97.68089290854306
4303,3523.9843982948764,1962.5538929536765,2.0,97.67478682147373
4304,1512.3334717668824,173.03171805026412,2.0,97.6497229909377
4305,1208.557470025351,2392.2835856476695,3.0,97.52065578744859
4306,2515.510371296949,345.03059630564616,2.0,97.45894079015507
4307,111.50341006378278,2046.0195429572675,2.0,97.44857077216969
4308,1667.4652841358998,1372.9872781517745,2.0,97.4232096467487
4309,2529.012183977667,845.5966516175706,2.0,97.32617698668636
4310,1257.9787953410707,240.4807683426744,2.0,97.30116312815056
4311,1222.9749358932786,3142.553271653835,2.0,97.26185553765151
4312,3134.9927048519608,722.3620864925457,2.0,97.25292549138732
4313,2676.7027306443347,2434.6497579651896,3.0,97.22320149296696
4314,488.0042482795212,2246.310911422901,2.0,97.22309119244836
4315,1644.428937895683,2138.997143649742,2.0,97.17847997984697
4316,1102.0032552549026,516.5785584211972,2.0,96.99955755446899
4317,2608.021286970992,793.4832664193115,2.0,96.99598603447923
4318,1708.9935106693029,3844.349583616054,2.0,96.80943542446659
4319,1315.0128002043018,3724.3717500354724,2.0,96.79914552043729
4320,2074.5140398454305,3459.013966647445,2.0,96.74065998374346
4321,2501.395554812561,2455.979000673525,2.0,96.72764755021763
4322,1109.9908392319594,3002.4592367062023,2.0,96.66268728445444
4323,686.9701817421995,3260.518770650037,2.0,96.62901173310873
4324,2831.395957012989,2244.4332554908674,3.0,96.5142896013799
4325,988.628641578338,434.00600759300596,2.0,96.48198125804643
4326,2506.4187911916324,3852.9609838381066,2.0,96.36162380909532
4327,1778.4286989807124,3250.9975074531426,2.0,96.18365743819207
4328,2786.477479775021,2760.0141184686026,2.0,96.17711820219672
4329,177.03942712656456,1924.5481939422425,2.0,96.13259445727927
4330,3108.4528253733984,1979.974986714038,2.0,96.11054693506682
4331,2725.4700284886794,3447.9759458573676,2.0,95.9282576327949
4332,2798.7080833292425,1767.981710324663,2.0,95.86732967362015
4333,944.0130706532175,3563.45122602676,2.0,95.85585159733051
4334,3167.4748043451077,637.9991155299086,2.0,95.84201642637932
4335,3349.029872659815,3273.6954763659746,2.0,95.80880642619195
4336,2878.464865267162,660.0497869839003,2.0,95.72139164696027
4337,2545.9942323347436,908.4942754723704,2.0,95.71849061829518
4338,3096.5833912867633,2532.3908717380555,3.0,95.55276199525183
4339,2482.6517703076074,1352.0147542221594,2.0,95.51308753270139
4340,2324.3993629986703,2802.0275685472743,2.0,95.32327878972333
4341,2409.591030529749,3054.964444653144,2.0,95.27425928863224
4342,794.4014338822061,2415.9648389548574,2.0,95.2302350183985
4343,1142.3775522197473,1858.0173650232898,2.0,95.19337627506427
4344,3046.793964037353,1083.3491331246069,3.0,95.07092345971148
4345,2539.379407261349,723.0482967316173,2.0,95.03783890816456
4346,3245.995937783764,1239.5953910745245,2.0,94.8866337351967
4347,2261.547551953558,3795.9515979832236,2.0,94.77031778578024
4348,1591.7071769379027,2897.995123569849,2.0,94.70454873406203
4349,2838.40474450086,3255.9786755989685,2.0,94.64737666349787
4350,2647.505081995904,747.9645491916004,2.0,94.5845954413565
4351,2650.9787504646542,1667.5924821929607,2.0,94.56825488806814
4352,2561.422866217304,3304.017627550154,2.0,94.4564416143231
4353,314.9571528121121,1689.4261922552112,2.0,94.43795057512312
4354,2151.469327700236,3462.0366815672196,2.0,94.39377910126875
4355,2632.4582709363103,2646.990687043294,2.0,94.38973527526606
4356,1475.4634812604218,3443.017571202774,2.0,94.35177854501862
4357,3347.043253222872,3543.5504011783837,2.0,94.34026462850485
4358,888.9825458565076,751.4377483340095,2.0,94.32424299406102
4359,2632.968963653422,3400.4253633733574,2.0,94.29976111093664
4360,1260.98684506438,2433.664364524635,2.0,94.22020451177123
4361,1428.005575317238,2508.6489560605633,2.0,94.12270867637291
4362,2457.3862169714325,1852.9558676916504,2.0,94.11896718040143
4363,1090.341427637807,3198.980929575421,2.0,94.08937635409148
4364,931.3624620044201,1386.9835914950847,2.0,94.0396094857351
4365,2621.996558748694,2948.327637526917,2.0,94.01286532958459
4366,3083.0119695670664,2049.6700687261223,2.0,93.9866656841537
4367,1312.388313493349,198.99348574463465,2.0,93.98550167410593
4368,1132.0145103381064,3129.5285254613846,2.0,93.98446060631433
4369,1332.4063161811407,2650.5654549156948,3.0,93.94534768977938
4370,2409.022086360138,3401.45208010372,2.0,93.81549892092809
4371,2272.989676043151,687.364381206912,2.0,93.77855892569546
4372,855.4950280317357,1451.0395984476177,2.0,93.68904128839561
4373,2430.9777042246437,2782.5998884239343,2.0,93.6737801098237
4374,2796.986341937726,1564.5318516011155,2.0,93.63136397048802
4375,3756.041902015347,2864.41847033122,2.0,93.56607413641774
4376,1809.9921864549806,582.548993702098,2.0,93.44325886252838
4377,1169.5321158827253,1018.0493395126532,2.0,93.37998198160415
4378,3282.7261241706174,549.9889997038796,2.0,93.36820682848541
4379,2323.620315532021,3261.9584103456455,2.0,93.35117985791943
4380,2617.5700292499646,721.9583796124607,2.0,93.28561525033051
4381,1088.3776788540051,1267.0294536407396,2.0,93.26249146269315
4382,817.9785491642331,2988.3781388989414,2.0,93.26014649330732
4383,719.3545967928943,1539.0156195733216,2.0,93.2525113782044
4384,3871.558053109608,1819.9859793124983,2.0,93.24044069176631
4385,1686.0163193799,1394.6144408150578,2.0,93.20012920646735
4386,426.0551121621103,2793.3835544260082,2.0,93.19701673391074
4387,3887.974819925983,1459.5063570162538,2.0,93.18603146329073
4388,2889.009701769711,3490.6132413786618,2.0,93.16325325859455
4389,2202.3976804166537,38.01678739711594,2.0,93.04836842167587
4390,572.9779608870731,1450.710988363612,2.0,92.99918613526877
4391,3343.020762268045,2202.698456292008,2.0,92.99321782590476
4392,566.6559510935839,2147.9707297220043,2.0,92.92125428750563
4393,3674.0091825775116,3056.2654659788227,2.0,92.89063165984749
4394,1563.5556220215346,2944.003688026405,2.0,92.82122127076762
4395,367.5225750733631,3079.047617830309,2.0,92.79054677820099
4396,2752.593683541182,209.9562432504973,2.0,92.75466569460212
4397,1024.983472141949,2551.3881524732124,2.0,92.68421846053633
4398,2761.0351443315244,3253.479264027115,2.0,92.68332169443705
4399,1133.9510959637032,3791.463862345962,2.0,92.61919656437914
4400,2611.0632329361683,1412.5899015541563,2.0,92.54183870595317
4401,1400.4298838315628,1938.0178418165854,2.0,92.4999646874638
4402,2345.575302005459,2557.0634404327666,2.0,92.4664490239515
4403,1389.335253218539,3836.031577057518,2.0,92.44396071355152
4404,1264.6061105429571,3261.9953928193395,2.0,92.41180987548015
4405,3232.390306030985,406.0293837330434,2.0,92.38447407154541
4406,3565.5049022804706,2364.9908737095493,2.0,92.3830098878142
4407,3702.3639032933106,2827.9841506893194,2.0,92.37566445757474
4408,2589.0436625818006,3492.603701529021,2.0,92.36303554709988
4409,2251.0304255129163,3447.4134313445657,2.0,92.36226855417408
4410,3711.003843755227,2773.682393973785,2.0,92.34039994392822
4411,1900.511317923823,187.96346714891732,2.0,92.33198163325413
4412,299.9653572341444,1797.5664450027841,2.0,92.3073409700513
4413,1117.0395952489446,640.4111139334835,2.0,92.29759719016776
4414,905.4668104046608,1690.975358477746,2.0,92.24399855123373
4415,2443.2926029725118,2944.961527713986,2.0,92.17825319238766
4416,2315.9867110658442,1312.4187762061954,2.0,92.0962135650809
4417,2877.489056461014,833.9398701631908,2.0,92.09543422570817
4418,3138.6437787251302,2588.0140311283994,2.0,92.08932940704452
4419,1199.0595177257778,3380.4939465345146,2.0,92.07517879714247
4420,1072.5922197239354,2214.018157625343,2.0,92.05212114179619
4421,1255.7279059339885,1450.0007796604807,2.0,92.0483594130649
4422,1565.8932374538597,3516.227053278682,3.0,91.94708027232164
4423,2509.457255706968,3877.927153248582,2.0,91.9343440851845
4424,2841.006759302689,1305.633339481778,2.0,91.91449478365173
4425,2246.6092957514634,2658.9014517707237,2.0,91.85529474195562
4426,2831.5083806381776,3674.0231184608792,2.0,91.84170788454799
4427,2473.4437704059897,3428.962376482433,2.0,91.75516981553362
4428,747.5881805377408,2526.9511413920836,2.0,91.73996803607437
4429,1927.0160882426821,481.68176231379937,2.0,91.70975974056365
4430,1598.6666890960628,1051.02700443334,2.0,91.68986702481781
4431,2999.0137500201495,2612.323104478876,2.0,91.68547278975099
4432,1136.956103064708,1148.3854602231302,2.0,91.67758324510602
4433,1586.5768232855044,3671.943860535854,2.0,91.66980595614382
4434,2596.9807686791573,670.5467918877526,2.0,91.65767628182728
4435,1160.0035271358317,3496.740646322207,2.0,91.6373226646672
4436,2670.9967838269886,2074.60683746537,2.0,91.6162765163944
4437,3140.9748129703557,3643.4403433071843,2.0,91.5979120203603
4438,2401.3091022308195,1351.9710354879303,2.0,91.47879422000679
4439,2863.017983714151,2549.7017391820477,2.0,91.45944954348136
4440,2252.014061215927,3313.6186171462664,2.0,91.43684160324648
4441,654.4354936589758,1577.037936517942,2.0,91.43203224625691
4442,2115.030942823339,419.4751240455776,2.0,91.42713071297815
4443,2992.676875201335,3617.0179137739688,2.0,91.4211582917418
4444,3531.4172096713787,952.0373784828461,2.0,91.32921739419537
4445,2089.024211684838,3493.4097829568823,2.0,91.29883105843149
4446,1829.6407368737036,3105.9541174135907,2.0,91.29840912992725
4447,2150.9770521339005,3406.4304009464768,2.0,91.21590223508117
4448,1254.318564706526,2758.0045416858225,2.0,91.17593381568227
4449,3338.61663760445,1180.0480725496993,2.0,91.1228018861819
4450,1543.0394346723078,706.4985430197595,2.0,91.10171543579698
4451,2906.714609740938,463.9618503448817,2.0,91.10128803151079
4452,3052.4986272924284,2664.01173539628,2.0,91.05366031863767
4453,614.3600151079112,2247.986418413823,2.0,91.03658692107818
4454,1888.6720113849876,2559.0008890369736,2.0,90.9715027613586
4455,2709.5882179566347,1153.0467152202848,2.0,90.9401606191182
4456,3132.5963948083427,1528.007226899625,2.0,90.88676245821378
4457,2284.5700339110167,3172.9528310844858,2.0,90.84956070421183
4458,2102.5292840962147,626.071698529483,2.0,90.82532330184705
4459,2731.597789479329,3771.0718016936735,2.0,90.82049945758335
4460,2917.0085476431777,1247.6839836744182,2.0,90.789584418603
4461,1914.0507723954775,1468.4702744426825,2.0,90.77205248369268
4462,3417.9879290106715,3457.6901106090195,2.0,90.766726818517
4463,2119.088840780594,3070.5797943305424,2.0,90.76050510887302
4464,508.39242323366176,3189.966039356422,2.0,90.74984238595938
4465,757.4565488874714,1500.9230092273178,2.0,90.7424383195657
4466,3827.455321883186,2935.040436758974,2.0,90.73764411600523
4467,1778.053273289782,401.47345045542335,2.0,90.72482199346034
4468,3820.006304251746,1182.523541545645,2.0,90.72124601596909
4469,891.3490949532422,1568.009465097539,2.0,90.70828985037973
4470,1477.0404732019006,2076.465779267891,2.0,90.69857730140268
4471,2103.6075564364105,1558.0049108606308,2.0,90.63216868865354
4472,3489.56312872447,789.0201726763921,2.0,90.62145227855402
4473,770.5323174315213,2190.980664376519,2.0,90.61100271871358
4474,2116.0352805545695,580.5894966051612,2.0,90.52964769833036
4475,909.97108529392,2995.371930456144,2.0,90.51996719882682
4476,2719.002267195027,3193.3807507312663,2.0,90.48343100443108
4477,360.952041967922,1591.315759529759,2.0,90.45699964604474
4478,935.0251116194872,1413.633479810444,2.0,90.43466642769363
4479,3442.531179626363,1380.997790468067,2.0,90.42764703322109
4480,3305.9752386131263,3552.417225739919,2.0,90.3951476449908
4481,1973.4467963689087,2955.1150716496577,2.0,90.38992021751385
4482,1419.9722461573629,1269.3917567450808,2.0,90.3795049723952
4483,1358.530674419264,754.0726958111591,2.0,90.36582677054984
4484,2843.991356227682,1796.5907849723096,2.0,90.32789753554721
4485,1291.985584949914,306.6648348927232,2.0,90.28712369808096
4486,3970.9133609975925,2221.4348981048784,2.0,90.28368591249657
4487,168.08835188403842,2472.4976323412307,2.0,90.26427259667255
4488,3148.481795306068,649.0443073966178,2.0,90.22483232668307
4489,3744.0450190699808,1022.5618234146456,2.0,90.19072445704485
4490,1359.561531737012,470.01499899758164,2.0,90.14834884434545
4491,2450.321636553591,1553.9727404019623,2.0,90.08127637210923
4492,2404.0322992369447,3718.5551024692772,2.0,90.07815159978769
4493,2952.002087698505,1160.7051430180525,2.0,90.05199868778617
4494,954.4882449917599,2050.027390370887,2.0,90.01740631497927
4495,1447.551013705676,1546.0539878838924,2.0,90.01156988940332
4496,3973.9917934554333,2252.4187556841425,2.0,89.9914370382073
4497,2812.4238733457523,3752.983851531674,2.0,89.9736427083042
4498,3516.0436809118883,2083.587650199271,2.0,89.96962017753323
4499,2864.559583112166,1872.911585378293,2.0,89.96841254902078
4500,1403.0777988502234,1300.534980544628,2.0,89.93058626868147
4501,2506.996235768994,460.5761064685382,2.0,89.92505640468427
4502,2253.5141697584772,3676.9612376406076,2.0,89.90473257502072
4503,784.7117209656327,3506.975926125903,2.0,89.90104964670148
4504,3387.017430036024,2089.608794326902,2.0,89.89473894958086
4505,2652.4748919923873,3265.9982635711954,2.0,89.89204210882608
4506,2435.4063219760824,2838.0365395966082,2.0,89.88477556854008
4507,3024.0204613837413,1589.4171183183903,2.0,89.83100516532319
4508,1424.2948637238874,3041.021927269635,2.0,89.82830858500043
4509,3998.068850220878,2237.5452307375613,2.0,89.7752387910587
4510,3508.4770649523552,883.0450796974918,2.0,89.74886546965062
4511,1220.579127371492,3072.933902805676,2.0,89.73328463193603
4512,1378.9676479953089,3769.6084142633567,2.0,89.71833984974585
4513,880.0482784907376,3497.63693328301,2.0,89.62511908273834
4514,2467.021354196811,3558.548435952853,2.0,89.62481905085453
4515,351.32923718723185,2903.998949937184,2.0,89.5913091235995
4516,1361.9650852102723,728.3537684717771,2.0,89.56256291390663
4517,2304.4711680022306,3460.059275488302,2.0,89.54412992009374
4518,576.9273816551832,1631.4904432308424,2.0,89.53275008275052
4519,1723.2701191764002,1248.020313464288,2.0,89.52557255061427
4520,2022.0046151983504,934.3819395633624,2.0,89.51761034814082
4521,3748.616107408983,2134.975530036556,2.0,89.48172014899103
4522,1987.6937606225908,1060.0390882263375,2.0,89.44988217507445
4523,1350.99971476013,1102.476461161955,2.0,89.43275548078185
4524,2895.6090365564046,414.98684026222236,2.0,89.38350297683775
4525,3118.021346610361,3707.3145606992116,2.0,89.34894994547456
4526,871.5415620471285,2938.047549180055,2.0,89.34568987876507
4527,3468.921427605488,1394.5468365992954,2.0,89.30515125573645
4528,1594.9938934531679,1053.646341440073,2.0,89.2972120263526
4529,1932.5213674321285,3357.985070592074,2.0,89.27220616798247
4530,675.4794524994111,2814.98309485377,2.0,89.26942828402687
4531,3088.9616297104067,2274.3822186926636,2.0,89.24782971935232
4532,2832.30620162102,700.9863061891722,2.0,89.23989703510874
4533,644.9945598286469,1020.4785902497645,2.0,89.15780632743092
4534,791.9872786401115,2665.636616470519,2.0,89.14652817056552
4535,3326.0128862173924,2085.335765190873,2.0,89.12905179612524
4536,3381.288771965934,2608.015791830918,2.0,89.09762018226668
4537,2065.394074808444,1227.9985131988685,2.0,89.08210226473784
4538,3627.3170767711626,1561.0220074691865,2.0,89.02060021451311
4539,2155.9835502442693,3943.412414822956,2.0,89.00453289179147
4540,1123.3765986452297,1027.9714457761315,2.0,89.00271819777846
4541,201.55585590447603,1458.0195890972918,2.0,88.98290829073402
4542,883.1323647130621,2908.4327268997044,2.0,88.86085985129095
4543,392.08209997045157,1263.6447185766287,2.0,88.85473966719076
4544,623.3159878062806,950.9694789989691,2.0,88.84957711143676
4545,1246.5748216967265,1849.051627302189,2.0,88.8010083927444
4546,1998.0497776130228,1617.6383069356039,2.0,88.78555490278627
4547,3234.584062833031,3011.0051559690323,2.0,88.72191434560249
4548,2680.9495803733244,356.60646223942183,2.0,88.67124400576904
4549,1231.4335502161673,412.0347202647783,2.0,88.61075357017378
4550,1475.025226949966,2166.317274264475,2.0,88.60117228227743
4551,3572.917932854764,2163.3860292800236,2.0,88.5882470900228
4552,3732.5067507657905,2811.9545073531945,2.0,88.54162219961705
4553,3499.64923894558,3241.049220193899,2.0,88.4807018321188
4554,2881.434099743002,1102.964792251642,2.0,88.45287203822879
4555,1503.9914430514875,396.6098127294132,2.0,88.43137970789861
4556,1048.3375663985198,3306.058382337997,2.0,88.35911398738743
4557,1168.5366082768517,246.1193649673904,2.0,88.27902407049997
4558,701.069975995265,1738.4855151002257,2.0,88.27250821015821
4559,3729.5682713406786,1467.9473943804692,2.0,88.24946861717181
4560,2818.9034420486173,1595.413045324334,2.0,88.24468009866817
4561,3463.9984899696183,1148.5242977556957,2.0,88.22694055004759
4562,2645.940813521229,1682.3769383304648,2.0,88.18646904225078
4563,682.9365917517403,2413.398363344559,2.0,88.17186029125389
4564,3893.9337593560795,2342.4377160923164,2.0,88.15444847199659
4565,3001.500171572686,353.9086851655353,2.0,88.14242556038226
4566,2113.5128608784175,1416.936767311014,2.0,88.12426730210262
4567,2669.960788618955,2620.3195011451335,2.0,88.11516449903496
4568,814.0836726534393,2442.551895251911,2.0,88.10064729097874
4569,2221.9468194533397,1099.6164407942651,2.0,88.0955230167286
4570,2859.0509177975205,3003.417866833472,2.0,88.07786304441551
4571,907.0416442721704,3607.6617704144182,2.0,88.06538098355239
4572,990.4074653760313,3280.0011126793856,2.0,88.04515800960603
4573,1260.95413777821,1321.6086148513523,2.0,88.02190158142521
4574,322.94781544959216,2292.5168604822034,2.0,88.00711937033519
4575,1259.9179981374348,3200.621415280321,2.0,87.9770127037301
4576,1697.687118057453,1343.0837514192624,2.0,87.94376908217305
4577,2340.038904079216,1590.4485941157593,2.0,87.89721029629419
4578,1876.9076299257504,981.5017804483687,2.0,87.88239971288401
4579,1051.4945244224145,2187.9915869363695,2.0,87.87910164876997
4580,3905.4688404712715,2282.0303243719973,2.0,87.85080098065224
4581,3632.9172832314975,2570.348821981107,2.0,87.79357113523271
4582,2733.363102541803,2056.97344931434,2.0,87.7667305226476
4583,2488.6090028371004,518.0251428801257,2.0,87.75405028670465
4584,1044.9508719737971,2407.539003268476,2.0,87.74980697561601
4585,1083.3484032086312,2111.9328229662747,2.0,87.74241544436501
4586,1228.3645266007622,1956.957546262281,2.0,87.70492536716304
4587,3449.931376433632,1832.5710715069815,2.0,87.65298910959413
4588,972.0305566822072,2691.6208212464694,2.0,87.64755641021837
4589,1801.5417635868505,1034.923578253711,2.0,87.61934556908729
4590,643.475555553489,1325.0776238201352,2.0,87.50306160393804
4591,316.9884329560642,1843.58499076152,2.0,87.4769523153424
4592,1771.03195323014,3198.431087440809,2.0,87.42103679114204
4593,2459.608781427395,1691.067777606247,2.0,87.37426873960197
4594,3551.0745854454235,1439.4746121412043,2.0,87.31410654087242
4595,1601.605089347752,529.9817289699525,2.0,87.29941686451413
4596,2345.9832459445756,3800.388121119445,2.0,87.24919507727348
4597,1841.1070826206662,854.4930723004734,2.0,87.22021045006204
4598,296.9195349489056,1591.4042930828275,2.0,87.21231595277048
4599,1218.511646703275,3208.930857286483,2.0,87.18915818765353
4600,1160.0124378145015,3681.4631236611654,2.0,87.15329155656435
4601,2431.067612659432,1196.4562517977593,2.0,87.15131511954624
4602,1998.9400402601168,2855.50137490613,2.0,87.14370465543573
4603,3447.0469784151223,3063.5830794590065,2.0,87.09967590917408
4604,2671.5817382863356,646.1412548030152,2.0,87.06553170537049
4605,773.4035399503588,3450.0665342179777,2.0,87.06143096590425
4606,994.9562130694612,737.5212969888488,2.0,87.0271429335833
4607,3757.437331025619,2051.901062361774,2.0,87.0213168138448
4608,1261.3715721037497,1177.977666021388,2.0,86.9907011502789
4609,2256.548365158974,1074.908717467149,2.0,86.98937861946045
4610,3526.9627868313064,2684.5609109280854,2.0,86.98051762058661
4611,1343.6227926792417,2615.0774544630517,2.0,86.97265485713888
4612,3149.0402662146485,3083.679282094517,2.0,86.93789025343797
4613,1588.4142772395667,369.9081098205753,2.0,86.81852769624365
4614,2471.1007407501993,2172.5821719332353,2.0,86.79461828694166
4615,2496.7406653665503,2423.9834315238704,2.0,86.78456146322412
4616,402.94990975265773,2332.5391813165697,2.0,86.73585899896162
4617,2619.0774814924,1886.469023391949,2.0,86.73312669392128
4618,1393.4969561034054,3216.0419525787624,2.0,86.71948238527155
4619,502.98841674882624,2570.5809058626537,2.0,86.6958912392843
4620,3423.960815433929,1089.3387249089067,2.0,86.6669418385165
4621,2664.4127439731815,1044.94807026169,2.0,86.61982231077879
4622,703.9548208679793,1906.5615005054385,2.0,86.5927256357694
4623,303.4610468409419,1313.90830072941,2.0,86.57647491351732
4624,3766.9312922372865,1454.5719651099582,2.0,86.56168848763703
4625,2441.007187376009,2573.6241422876597,2.0,86.54174975072921
4626,715.9863348930879,2666.363785759567,2.0,86.48558251465022
4627,2430.0833660660455,2622.3931831330424,2.0,86.47734612251196
4628,613.9901548275504,3158.582519062132,2.0,86.47232121805817
4629,2292.5661319862534,3543.8950617076057,2.0,86.44391378964515
4630,1802.0803804801785,737.4789336750389,2.0,86.41664736555215
4631,1013.6693465840361,1844.9970052641304,2.0,86.38071657634046
4632,2040.0468664048055,1004.4871072934029,2.0,86.37173913598994
4633,2621.4168422535326,3907.9859964777515,2.0,86.34437756901667
4634,1657.5952612366962,331.9969159630891,2.0,86.31606502219327
4635,3670.3848009980748,2017.9574878010546,2.0,86.30960760784892
4636,3391.0252810680554,2746.4857478575677,2.0,86.30838128129629
4637,1240.0171596187533,3249.4403817313564,2.0,86.26156208535389
4638,3114.4010369506555,3536.9481285806787,2.0,86.20784196438635
4639,129.95139948183711,1940.5550680544995,2.0,86.20596422276829
4640,3701.375130371173,2948.9097839378855,2.0,86.17561158737924
4641,2255.422551191477,2766.011039767556,2.0,86.15120484737703
4642,3853.9270163829924,2888.511849172693,2.0,86.07558685907426
4643,2042.0389384613234,829.5692811546343,2.0,86.07003686100428
4644,2893.0605293273757,3765.5191276873707,2.0,86.00530575521985
4645,2683.5584648839895,346.0457272014101,2.0,85.94678202793015
4646,2533.9936667006655,2873.6556536704343,2.0,85.9351178209539
4647,973.9188420050519,1578.420070913186,2.0,85.87333980354002
4648,2858.635896770795,3267.0207060706375,2.0,85.86987619028145
4649,2718.074776912144,2684.4112946301193,2.0,85.81005842371927
4650,690.5972368952889,1414.0643892623027,2.0,85.80027248850578
4651,3656.0887495115794,3144.466791111407,2.0,85.79391336639775
4652,2943.062103577927,2693.582615362274,2.0,85.79317945090429
4653,3407.5029793617528,2209.0368792089344,2.0,85.77921118704243
4654,985.9873420132656,2419.598187589224,2.0,85.7640275512321
4655,3314.033089970147,1081.4591010770034,2.0,85.73900573114199
4656,2970.512000328002,3383.037681359509,2.0,85.72600955244725
4657,2654.3927586623113,3928.9805436123747,2.0,85.69828043869764
4658,1441.1374031509354,3511.4116121866655,2.0,85.6616103673505
4659,317.5627656727789,1159.0637394740977,2.0,85.6014251247243
4660,2724.9738820412413,3667.494231960126,2.0,85.58960033870875
4661,2984.0484630032765,509.4828304294487,2.0,85.53855572366425
4662,1376.4120281872677,825.9791561690407,2.0,85.53291640071751
4663,2823.002228436017,2876.390915039959,2.0,85.4985698762189
4664,293.44250943117345,1631.97096799826,2.0,85.49339214432396
4665,3215.382211128177,2052.959470996999,2.0,85.4679432615776
4666,594.5922004755759,3318.0692179068005,2.0,85.45677485445633
4667,3484.3525044235857,747.9616605667994,2.0,85.4426577757064
4668,2201.593465681638,2895.1109439874917,2.0,85.42704703423402
4669,3101.935174013262,1166.452832506938,2.0,85.37817884145589
4670,523.9464497810379,2826.6012709581687,2.0,85.37057298576313
4671,3634.5880204598293,2095.0806147996095,2.0,85.36717436174487
4672,2954.4992283587844,2380.909567496728,2.0,85.35756695481359
4673,705.3742913187784,2264.0162148387053,2.0,85.33492151994645
4674,3657.9633811931276,1204.5026122188033,2.0,85.28500021018584
4675,983.9331419586237,2186.3831318350176,2.0,85.2593040272727
4676,650.3213934446414,1059.999174368253,2.0,85.24838034297177
4677,2675.5908235145353,1047.0331259730349,2.0,85.24491384918407
4678,3406.997984145357,2594.555886924375,2.0,85.23216518428637
4679,3479.9542586742255,1292.6023944043438,2.0,85.2266872708813
4680,2067.91054186889,3886.5750870669294,2.0,85.22376508064198
4681,1635.1208314020284,1284.5488053067963,2.0,85.18551531980977
4682,860.4803543444218,807.9725253543046,2.0,85.16209257008141
4683,385.89750059372915,1510.597880130982,2.0,85.13541768146027
4684,3662.9246411131144,2325.5158474509944,2.0,85.127430452847
4685,2003.0097706927186,1542.4997579545463,2.0,85.07068223897446
4686,3111.5709734091415,2594.9157481966163,2.0,85.02975577042963
4687,2392.513559541284,3426.1229847617983,2.0,84.92575778568145
4688,937.611308025696,3204.9770811851035,2.0,84.92402658346448
4689,401.1013699469658,1206.5779257986087,2.0,84.91738627359756
4690,2317.387795324973,1287.0893349243026,2.0,84.89317976131436
4691,1069.9372057160454,2954.470062613641,2.0,84.82456773421596
4692,1385.9016853247865,3098.5190885865786,2.0,84.80329099290913
4693,3087.9248495462202,2662.45989299759,2.0,84.71754881207947
4694,2331.943430109142,609.4353049670484,2.0,84.71091134991278
4695,1542.9380658022221,343.47005115145527,2.0,84.67771824458659
4696,2099.979271995326,3971.4327799964008,2.0,84.57587578291394
4697,1333.9436719322161,3555.328875625483,2.0,84.5667552211432
4698,844.9427086074414,1563.588729152263,2.0,84.50543718372728
4699,1533.477579953788,541.0355068982445,2.0,84.46841279769627
4700,1915.5499366907814,1329.1276153636854,2.0,84.4082694442489
4701,3336.4430073640997,2519.8966508396757,2.0,84.40286719455469
4702,315.57828338421314,2615.907205681446,2.0,84.33180507992753
4703,2625.1161343927924,3846.5709456176533,2.0,84.28316284024555
4704,2251.43667630981,3592.034811724632,2.0,84.27371799021218
4705,2032.4181700589188,689.0648932367445,2.0,84.26599275327618
4706,1658.450901931199,2944.9898514641986,2.0,84.23961154349327
4707,1192.0189534302835,2194.4337083733044,2.0,84.1993740440015
4708,3054.9528547617856,3064.503479788804,2.0,84.19709771899976
4709,2300.534548559406,67.05366234225687,2.0,84.14889572558621
4710,2455.009243162776,2330.442729212627,2.0,84.12678018770042
4711,2332.5101546337414,1491.8785826394392,2.0,84.11102033516767
4712,3708.985480793103,2305.423127212841,2.0,84.06095010544175
4713,2104.4055666219506,3225.0588123092602,2.0,84.058996659493
4714,3387.9390376815118,935.5777849862915,2.0,84.05360104483917
4715,923.5552429834631,3475.0869621174447,2.0,84.02516121076079
4716,3566.532596596407,1608.9562097306648,2.0,83.99888722232129
4717,3434.883437031291,1491.4888963598896,2.0,83.98024969917203
4718,3917.0139639237177,1651.471037606054,2.0,83.96058110481229
4719,2543.9536390896296,465.4828368276263,2.0,83.94452361154703
4720,3556.464035715147,1825.0285434772384,2.0,83.9365585252885
4721,1232.930419368681,3316.4920514449423,2.0,83.9274909926284
4722,3254.590848447456,1873.0228708532504,2.0,83.7990034347573
4723,3731.4162947143336,2088.035512534339,2.0,83.79665812392507
4724,351.8958845572633,2552.497397643014,2.0,83.77071547997737
4725,3658.600428172882,2962.959095250581,2.0,83.76592269498424
4726,1690.935084919507,2272.683314142491,2.0,83.65309528355719
4727,1559.0524574163999,3624.5854210646835,2.0,83.60588439660522
4728,1189.9165585063647,2205.414722203849,2.0,83.5679120506116
4729,3457.481685080619,1577.1247805319842,2.0,83.53690263379829
4730,2385.979061204129,3287.5299708126286,2.0,83.50728136792037
4731,3467.5418819923193,1333.9758104687044,2.0,83.47091707094899
4732,2464.9755082932234,2543.4232726346186,2.0,83.45170372552536
4733,1959.5452642479477,79.02820782103979,2.0,83.37484663205547
4734,3158.5311719393485,1305.127959027141,2.0,83.34723609424968
4735,924.5064473359434,2695.136299924409,2.0,83.3091546342604
4736,3955.8492360152445,1952.490230011405,2.0,83.28743126472187
4737,2187.624545220833,3104.907144582885,2.0,83.25106117518658
4738,2586.996097966743,3742.4792920957098,2.0,83.224000569102
4739,1813.953403007186,1241.4210688834892,2.0,83.16396958473227
4740,2556.976486444775,350.4883686526117,2.0,83.16199612074554
4741,838.5005843491726,2680.977044423074,2.0,83.13685524768225
4742,1362.4618549794232,1651.9576114174,2.0,83.12761742304002
4743,932.4285030615605,989.0976794818254,2.0,83.10177521197053
4744,3064.1428962355253,2181.505666135291,2.0,83.00888203313781
4745,1506.9341716965646,722.4914606691341,2.0,83.00042665948648
4746,3122.1397901223972,2951.492764112848,2.0,82.90570185474978
4747,2533.917624942323,297.5476152711242,2.0,82.8983647529156
4748,2599.0600839142207,1775.513720765386,2.0,82.8421205484307
4749,1106.1069285682802,3342.396917415751,2.0,82.8034807387042
4750,2880.124598924999,2895.500980956002,2.0,82.77570021715752
4751,3771.6777543980866,2102.975912993514,2.0,82.77228419495141
4752,2421.9586825520605,1428.569287945313,2.0,82.69502372198019
4753,2438.4639584950564,2296.989783341683,2.0,82.64766225663314
4754,182.4974205380655,2312.012135377412,2.0,82.64702000228925
4755,558.0493002426758,2294.4299808273204,2.0,82.60430982625604
4756,1483.85475961532,1808.464614092197,2.0,82.57010534092217
4757,3303.602273343422,3090.0285796806625,2.0,82.47568275797343
4758,970.9487687981048,3246.5070224248357,2.0,82.46533489490294
4759,1787.0129808413574,2928.569894989532,2.0,82.44744039677546
4760,2741.5636769180246,1359.8866353765475,2.0,82.39695025353176
4761,3110.098204341502,2692.475471213105,2.0,82.357408299246
4762,2955.435023074884,616.9551060303784,2.0,82.34339976357464
4763,2923.475425218927,737.1109747899903,2.0,82.32649153662042
4764,1174.4663577691176,2428.005549162064,2.0,82.29574817960533
4765,1143.0453732242765,724.4203239304946,2.0,82.27621268461985
4766,2596.5672031497975,485.11665307224325,2.0,82.25448131786072
4767,3500.5137122586193,1871.8918022863254,2.0,82.24136051654837
4768,2600.9720260625754,2459.3683073259344,2.0,82.21573425090982
4769,3076.9945724273607,3046.5659952963815,2.0,82.03556165638423
4770,2215.0073928992388,3274.492096380337,2.0,82.00904280121279
4771,1346.9488397917091,3734.47131829979,2.0,81.95794546631973
4772,2438.51377954703,665.0942067296189,2.0,81.7946812606995
4773,2721.484977331096,506.0053809990642,2.0,81.79061026198853
4774,933.5226700528193,1587.9038524616635,2.0,81.75269351681591
4775,3052.5787323549034,3221.0576779089442,2.0,81.6970420962355
4776,869.0517148781599,3192.5110997458337,2.0,81.65650139805938
4777,1019.5067001769212,3767.116696811677,2.0,81.55640462413587
4778,2291.4463241129047,1062.0491168325395,2.0,81.51609421002316
4779,2689.425608858742,2121.013831045084,2.0,81.49521233149704
4780,1283.1436220418882,1497.4882004960511,2.0,81.46807816933934
4781,2092.541278731166,3783.997201836421,2.0,81.45286361984448
4782,1672.022541766601,3502.517671475369,2.0,81.43290118151374
4783,1112.49010830549,2868.036465385947,2.0,81.41060616128438
4784,3251.455620966075,2415.0670363828394,2.0,81.40231493100136
4785,1213.1144707850026,483.52600406286643,2.0,81.36943134576387
4786,2717.0088771600763,3363.5349326782284,2.0,81.27491352985302
4787,1806.9998065395043,569.5254298848012,2.0,81.25672628471744
4788,1039.5175945189517,855.9270365733006,2.0,81.12834634734504
4789,1451.9659496153204,3408.5114106853275,2.0,81.0836911567124
4790,1595.0900131551498,681.5650227806377,2.0,81.0779673726673
4791,2528.0232280611062,1171.4956487676025,2.0,81.06855703462536
4792,1546.582366705681,2066.0135327893554,2.0,80.99822150446326
4793,1941.8968462417333,548.4356279392871,2.0,80.98160419960124
4794,2878.4380890079747,3643.0053160267576,2.0,80.9739735187526
4795,1334.0636966474126,1547.510140715768,2.0,80.94638105867705
4796,2647.1111890486372,489.48624526206953,2.0,80.85354798685924
4797,3021.8981240867683,3587.511741662703,2.0,80.67121947079089
4798,1492.5309490252498,786.0858121844491,2.0,80.55955866862442
4799,2380.4921349122587,3494.1066801643965,2.0,80.53283170835599
4800,2809.4937882618133,584.9372532272539,2.0,80.50115808229559
4801,2277.461592111076,976.0146656558798,2.0,80.19155747595642
4802,2059.640109053863,3881.939933399071,2.0,80.10295836720499
4803,1779.9131240274987,2586.426068091846,2.0,79.99148247074062
4804,3140.1044415110623,2203.5151287012754,2.0,79.85711919052972
4805,577.4684251159046,1983.8577759706677,2.0,79.84295230488564
4806,1540.4679039411262,2918.9558770906,2.0,79.74621413068617
4807,3430.4821393150414,3054.8950635876986,2.0,79.69104499125648
4808,955.4953399252264,1944.1269100389925,2.0,79.48059620815954
4809,2307.112715860375,1499.4793760306543,2.0,78.99577047213815
4810,1410.488102363572,2079.015486412346,2.0,78.54869635818854
4811,2936.5021032552463,2395.896371336234,2.0,78.45807721431814
4812,1414.4945387217394,2315.930327970889,2.0,77.54327035685266
4813,851.4480532064782,1252.9388950705868,2.0,74.68227677967587
4814,2378.681026689198,2720.6861914497917,2.0,66.90411840520362
4815,1259.7165597460603,2189.1179222088185,2.0,62.673840184875765
4816,1653.281130137214,2129.77796947467,3.0,62.55114032893234
4817,2496.9835023628,2087.549085293166,2.0,60.026517342258224
4818,2495.88132720937,2085.2944277253096,3.0,59.58913043408015
4819,4069.6539310516473,2302.5298314049423,2.0,55.29406862329967
4820,693.017983950498,2234.769227725747,2.0,52.397874168348196
4821,2559.4193908605816,1922.2196583276163,2.0,49.89642220420749
4822,1562.3791660737363,707.4189639972133,3.0,45.82081961796798
4823,2506.274312328088,1845.2636222907583,2.0,38.753586249228
